sample	haplotype	hap_index	assembly_name	method	version	phasing	source	total_length	n_contigs	censat_rdna_n	censat_rdna_bp	chr13_contigs	chr13_t2t	chr13_gaps	chr13_n_random	chr13_rdna_bp	chr14_contigs	chr14_t2t	chr14_gaps	chr14_n_random	chr14_rdna_bp	chr15_contigs	chr15_t2t	chr15_gaps	chr15_n_random	chr15_rdna_bp	chr21_contigs	chr21_t2t	chr21_gaps	chr21_n_random	chr21_rdna_bp	chr22_contigs	chr22_t2t	chr22_gaps	chr22_n_random	chr22_rdna_bp	unplaced_rdna_bp	censat_source	missing_files	notes
HG00408	pat	1	HG00408_pat_hprc_r2_v1.0.1	hifiasm	0.19.7	trio	hprc	3055608753	112	44.0	3571566.0				3	96457				8	553679				1	1038854				2	225938				4	107001	1345950	local:hprc_censat		
HG00597	pat	1	HG00597_pat_hprc_r2_v1.0.1	hifiasm	0.19.7	trio	hprc	3027440921	81	54.0	3144939.0				1	508957				3	214693				1	198385				4	436034				3	151425	1623217	local:hprc_censat		
HG01192	pat	1	HG01192_pat_hprc_r2_v1.0.1	hifiasm	0.19.7	trio	hprc	2916291803	100	48.0	3578339.0				3	735387				6	150909				2	202700				2	283300				3	195514	1995251	local:hprc_censat		
HG01261	pat	1	HG01261_pat_hprc_r2_v1.0.1	hifiasm	0.19.7	trio	hprc	2918687843	82	39.0	4116026.0				3	190961				3	445925				3	206065				2	322823	HG01261#1#CM085913.1	contig	0	1	754463	2180512	local:hprc_censat		
HG02015	pat	1	HG02015_pat_hprc_r2_v1.0.1	hifiasm	0.19.7	trio	hprc	2908671283	172	69.0	4804615.0				1	143000				2	63419				3	341249				2	61611				8	1125929	2912238	local:hprc_censat		
HG02056	pat	1	HG02056_pat_hprc_r2_v1.0.1	hifiasm	0.19.7	trio	hprc	2943966799	89	47.0	4107268.0				3	0				4	586878				1	108880	HG02056#1#CM085880.1	contig	0	6	1635180				5	687029	1074024	local:hprc_censat		
HG02129	pat	1	HG02129_pat_hprc_r2_v1.0.1	hifiasm	0.19.7	trio	hprc	2942439609	106	38.0	3601219.0				2	316238				4	463311				4	416936				2	333387				4	114290	1941780	local:hprc_censat		
HG02258	pat	1	HG02258_pat_hprc_r2_v1.0.1	hifiasm	0.19.7	trio	hprc	2940836153	73	32.0	3771273.0				6	776215				4	382929				2	918349				3	661994				5	773750	242760	local:hprc_censat		
HG03834	pat	1	HG03834_pat_hprc_r2_v1.0.1	hifiasm	0.19.7	trio	hprc	3042936088	87	31.0	4017789.0	HG03834#1#CM085803.1	contig	0	0	648129				6	239173				3	287613				3	788401	HG03834#1#CM085807.1	contig	0	4	555025	1487220	local:hprc_censat		
HG01975	pat	1	HG01975_pat_hprc_r2_v1.0.1	hifiasm	0.19.7	trio	hprc	3019161849	88	42.0	2957851.0				1	323068				3	389041				2	377874				2	237424				4	485159	1133057	local:hprc_censat		
HG02602	pat	1	HG02602_pat_hprc_r2_v1.0.1	hifiasm	0.19.9	trio	hprc	2948871118	100	36.0	2295789.0	HG02602#1#CM099693.1	contig	0	0	379592				3	113321				6	629684				3	99194	HG02602#1#CM099697.1	scaffold	1	2	249278	809444	local:hprc_censat		
HG04187	pat	1	HG04187_pat_hprc_r2_v1.0.1	hifiasm	0.19.9	trio	hprc	2916304162	112	66.0	5349374.0				3	246474				3	474645				2	681688				2	255585				10	760601	2915104	local:hprc_censat		
NA18879	hap1	1	NA18879_hap1_hprc_r2_v1.0.1	hifiasm	0.19.9	hic	hprc	2957105898	92	42.0	5611011.0				4	188634	NA18879#1#CM099721.1	contig	0	6	1451840	NA18879#1#CM099722.1	scaffold	1	5	927886				2	819033				3	816417	1391925	local:hprc_censat		
NA20752	hap1	1	NA20752_hap1_hprc_r2_v1.0.1	hifiasm	0.19.9	hic	hprc	2918542776	78	53.0	5171828.0				3	3078	NA20752#1#CM099776.1	scaffold	1	6	1904791				1	11993				2	716666				5	986807	1536276	local:hprc_censat		
HG02145	pat	1	HG02145_pat_hprc_r2_v1.0.1	hifiasm	0.19.9	trio	hprc	2937451479	152	60.0	3836664.0				1	54668				8	620469				3	115865				4	661971				5	568796	1802679	s3:working/HPRC_PLUS/HG02145/assemblies/release2/annotation/censat/HG02145_pat_hprc_r2_v1.0.1.cenSat.bed		
HG00609	pat	1	HG00609_pat_hprc_r2_v1.0.1	hifiasm	0.19.7	trio	hprc	2934102778	94	52.0	3236333.0				2	91297				6	1047785				3	17262				2	52256				3	765986	1246470	local:hprc_censat		
HG00642	pat	1	HG00642_pat_hprc_r2_v1.0.1	hifiasm	0.19.7	trio	hprc	2907467825	69	40.0	1725663.0				1	56564				4	193901				2	241723				5	375864				1	45200	797134	local:hprc_censat		
HG00738	pat	1	HG00738_pat_hprc_r2_v1.0.1	hifiasm	0.19.7	trio	hprc	2915362507	93	46.0	2796326.0				3	286068	HG00738#1#CM086652.1	scaffold	3	2	484115				2	205708				2	91564				3	202137	1511457	local:hprc_censat		
HG01099	pat	1	HG01099_pat_hprc_r2_v1.0.1	hifiasm	0.19.7	trio	hprc	2919563000	80	41.0	3513078.0				4	143374				6	77995				4	65533				2	1211151				1	271232	1728516	local:hprc_censat		
HG01255	pat	1	HG01255_pat_hprc_r2_v1.0.1	hifiasm	0.19.7	trio	hprc	2929644872	92	48.0	4814371.0				1	262678				6	954880				2	11994				1	0				4	1137079	2432463	local:hprc_censat		
HG01346	pat	1	HG01346_pat_hprc_r2_v1.0.1	hifiasm	0.19.7	trio	hprc	3045913237	91	47.0	4170173.0				1	316313				6	1737834				2	240590				1	140488	HG01346#1#CM086596.1	scaffold	2	3	445512	1240047	local:hprc_censat		
HG01433	pat	1	HG01433_pat_hprc_r2_v1.0.1	hifiasm	0.19.7	trio	hprc	2963613904	100	53.0	4773923.0				1	54102				3	421853				3	474296				7	1133776	HG01433#1#CM086491.1	contig	0	6	988039	1686580	local:hprc_censat		
HG01496	pat	1	HG01496_pat_hprc_r2_v1.0.1	hifiasm	0.19.7	trio	hprc	3050536339	105	44.0	4589200.0				2	266888				8	790206				2	653926				1	323591				2	175361	1810528	local:hprc_censat		
HG01884	pat	1	HG01884_pat_hprc_r2_v1.0.1	hifiasm	0.19.7	trio	hprc	3040759426	89	56.0	4186981.0				4	0				4	608410				2	107236				7	901752	HG01884#1#CM086416.1	scaffold	1	2	614129	1943226	local:hprc_censat		
HG01981	pat	1	HG01981_pat_hprc_r2_v1.0.1	hifiasm	0.19.7	trio	hprc	3048266136	79	47.0	4371246.0				1	181855				5	1011809				2	11993				1	733930				5	249562	2169869	local:hprc_censat		
HG01993	pat	1	HG01993_pat_hprc_r2_v1.0.1	hifiasm	0.19.7	trio	hprc	3040466643	73	43.0	4534819.0				2	100046				4	9176				4	467864				6	948869	HG01993#1#CM086505.1	scaffold	1	4	1289073	1707563	local:hprc_censat		
HG02004	pat	1	HG02004_pat_hprc_r2_v1.0.1	hifiasm	0.19.7	trio	hprc	3030521506	88	43.0	3172442.0				1	3078				4	825217				1	106267				4	336492				6	753173	1135987	local:hprc_censat		
HG02027	pat	1	HG02027_pat_hprc_r2_v1.0.1	hifiasm	0.19.7	trio	hprc	2965356762	205	38.0	3177992.0				1	145813				5	596550				2	13234				2	826940				6	281626	1298552	local:hprc_censat		
HG02083	pat	1	HG02083_pat_hprc_r2_v1.0.1	hifiasm	0.19.7	trio	hprc	2949481628	75	43.0	5302008.0				2	459568	HG02083#1#CM086959.1	scaffold	2	4	722349				2	328004				6	2272020				2	681862	822928	local:hprc_censat		
HG02132	pat	1	HG02132_pat_hprc_r2_v1.0.1	hifiasm	0.19.7	trio	hprc	2927595203	115	34.0	2104249.0	HG02132#1#CM086902.1	contig	0	0	228885				3	247914				1	378770				3	140971				2	90661	1001771	local:hprc_censat		
HG02280	pat	1	HG02280_pat_hprc_r2_v1.0.1	hifiasm	0.19.7	trio	hprc	3038198364	87	40.0	4054977.0				6	0	HG02280#1#CM086296.1	contig	0	6	1546342				3	520395				2	375452				5	844303	529947	local:hprc_censat		
HG02293	pat	1	HG02293_pat_hprc_r2_v1.0.1	hifiasm	0.19.7	trio	hprc	3043162374	118	52.0	3379128.0				1	3078				1	98016				8	19061				6	796307				2	100925	2342041	local:hprc_censat		
HG02300	pat	1	HG02300_pat_hprc_r2_v1.0.1	hifiasm	0.19.7	trio	hprc	3042903063	113	49.0	4255117.0				8	0				4	526849				3	375525				4	200971				7	671941	2467602	local:hprc_censat		
HG02451	pat	1	HG02451_pat_hprc_r2_v1.0.1	hifiasm	0.19.7	trio	hprc	3038851516	95	47.0	5252322.0	HG02451#1#CM086208.1	contig	0	2	775563				4	1162069				12	20910	HG02451#1#CM086210.1	contig	0	0	362164				3	828997	1774035	local:hprc_censat		
HG02523	pat	1	HG02523_pat_hprc_r2_v1.0.1	hifiasm	0.19.7	trio	hprc	3025983784	105	50.0	4950446.0	HG02523#1#CM086928.1	contig	0	0	344851				3	438254				1	11993				9	1804716				6	785805	1552599	local:hprc_censat		
HG02615	pat	1	HG02615_pat_hprc_r2_v1.0.1	hifiasm	0.19.7	trio	hprc	3031318528	72	46.0	2668379.0				2	147379				4	671153				2	61693				2	332631				1	8302	1438063	local:hprc_censat		
HG02647	pat	1	HG02647_pat_hprc_r2_v1.0.1	hifiasm	0.19.7	trio	hprc	2943616750	127	49.0	2943659.0				3	0				7	302341				1	153329				5	436506				3	567216	1468991	local:hprc_censat		
HG02698	pat	1	HG02698_pat_hprc_r2_v1.0.1	hifiasm	0.19.7	trio	hprc	2916555126	93	44.0	4835791.0				1	0				7	749906				2	421919				5	819375				1	3055	2823211	local:hprc_censat		
HG03654	pat	1	HG03654_pat_hprc_r2_v1.0.1	hifiasm	0.19.7	trio	hprc	2918017029	86	35.0	1991008.0				4	381407				1	284466				3	154002				5	140261				4	239674	775921	local:hprc_censat		
HG03669	pat	1	HG03669_pat_hprc_r2_v1.0.1	hifiasm	0.19.7	trio	hprc	3032439686	122	67.0	3431436.0				2	0				7	449415	HG03669#1#CM086739.1	scaffold	1	2	192254				9	585914				3	502744	1688881	local:hprc_censat		
HG03688	pat	1	HG03688_pat_hprc_r2_v1.0.1	hifiasm	0.19.7	trio	hprc	2934867679	88	32.0	1743505.0				2	198340				8	254696	HG03688#1#CM086809.1	contig	0	0	151238				2	155269				4	290396	678294	local:hprc_censat		
HG03704	pat	1	HG03704_pat_hprc_r2_v1.0.1	hifiasm	0.19.7	trio	hprc	3037010997	67	37.0	3750656.0				2	596997				3	564531				2	159455				2	7440				3	599914	1810091	local:hprc_censat		
HG03710	pat	1	HG03710_pat_hprc_r2_v1.0.1	hifiasm	0.19.7	trio	hprc	2922212188	97	58.0	4980607.0				3	0	HG03710#1#CM086874.1	contig	0	3	261678				3	469499				6	644168				8	1022237	2570808	local:hprc_censat		
HG03831	pat	1	HG03831_pat_hprc_r2_v1.0.1	hifiasm	0.19.7	trio	hprc	3033693090	82	44.0	2810959.0				1	228723				6	544167				1	65680				4	576450				4	248487	1135225	local:hprc_censat		
HG03927	pat	1	HG03927_pat_hprc_r2_v1.0.1	hifiasm	0.19.7	trio	hprc	3052668953	113	39.0	2179619.0				8	379782	HG03927#1#JBHDSV010000016.1	contig	0	4	167097				2	249079				4	479740				1	3055	888638	local:hprc_censat		
HG04115	pat	1	HG04115_pat_hprc_r2_v1.0.1	hifiasm	0.19.7	trio	hprc	2947393700	106	47.0	3491225.0				2	233305				5	460109				2	463294				2	285253				3	293491	1713473	local:hprc_censat		
HG04184	pat	1	HG04184_pat_hprc_r2_v1.0.1	hifiasm	0.19.7	trio	hprc	3041286288	102	60.0	4121450.0				5	144745				7	964993				1	382984				6	449369				2	48685	2079028	local:hprc_censat		
HG04199	pat	1	HG04199_pat_hprc_r2_v1.0.1	hifiasm	0.19.7	trio	hprc	2928958187	96	53.0	4583967.0				2	54980				3	154480				4	415592				3	1002025	HG04199#1#CM086788.1	scaffold	1	3	603783	2106618	local:hprc_censat		
HG02738	pat	1	HG02738_pat_hprc_r2_v1.0.1	hifiasm	0.19.7	trio	hprc	2927203238	86	49.0	4441118.0				1	3078				3	159538				1	11993				8	846510				4	882328	2525454	local:hprc_censat		
HG00621	pat	1	HG00621_pat_hprc_r2_v1.0.1	hifiasm	0.19.7	trio	hprc	2916144033	73	48.0	3826513.0				3	435425				5	868618				1	343234				4	115606				2	240433	1807920	local:hprc_censat		
HG00741	pat	1	HG00741_pat_hprc_r2_v1.0.1	hifiasm	0.19.7	trio	hprc	3034007608	80	46.0	4317443.0				2	467861				5	234177				2	284308				2	158721				7	1521388	1638760	local:hprc_censat		
HG01106	pat	1	HG01106_pat_hprc_r2_v1.0.1	hifiasm	0.19.7	trio	hprc	2934219507	80	46.0	3013518.0				2	0				4	247524				1	176225				6	626027	HG01106#1#CM087962.1	contig	0	4	392282	1556183	local:hprc_censat		
HG01175	pat	1	HG01175_pat_hprc_r2_v1.0.1	hifiasm	0.19.7	trio	hprc	3033390826	69	38.0	2105354.0				1	97851				6	283176				1	199333				1	144329	HG01175#1#CM087935.1	scaffold	1	3	733208	635229	local:hprc_censat		
HG01258	pat	1	HG01258_pat_hprc_r2_v1.0.1	hifiasm	0.19.7	trio	hprc	2917123521	67	34.0	2964411.0				7	14879				4	956565	HG01258#1#CM088118.1	contig	0	0	62303				3	592010				3	372171	954266	local:hprc_censat		
HG01891	pat	1	HG01891_pat_hprc_r2_v1.0.1	hifiasm	0.19.7	trio	hprc	3042586116	104	49.0	3564150.0				2	3078				9	965373				3	331006				1	3077				6	746577	1502812	local:hprc_censat		
HG01952	pat	1	HG01952_pat_hprc_r2_v1.0.1	hifiasm	0.19.7	trio	hprc	2916550023	81	49.0	5086681.0				1	122650				3	295955				3	1374114				1	687590				3	282469	2308626	local:hprc_censat		
HG02148	pat	1	HG02148_pat_hprc_r2_v1.0.1	hifiasm	0.19.7	trio	hprc	3029782018	91	48.0	5110611.0				3	1055461				7	1289648				1	11993				4	332307				6	865842	1543136	local:hprc_censat		
HG02486	pat	1	HG02486_pat_hprc_r2_v1.0.1	hifiasm	0.19.7	trio	hprc	2934042468	59	38.0	2832555.0				1	187077				4	715248				2	390642	HG02486#1#CM088205.1	contig	0	0	231164				2	150312	1107932	s3:working/HPRC/HG02486/assemblies/release2/annotation/censat/HG02486_pat_hprc_r2_v1.cenSat.bed		
HG02559	pat	1	HG02559_pat_hprc_r2_v1.0.1	hifiasm	0.19.7	trio	hprc	3029726043	66	37.0	3080340.0	HG02559#1#CM088240.1	contig	0	0	140380				10	938409	HG02559#1#CM088241.1	contig	0	1	682561				1	57806				6	575848	673108	s3:working/HPRC/HG02559/assemblies/release2/annotation/censat/HG02559_pat_hprc_r2_v1.cenSat.bed		
HG02572	pat	1	HG02572_pat_hprc_r2_v1.0.1	hifiasm	0.19.7	trio	hprc	2927481637	64	39.0	3076885.0	HG02572#1#CM088162.1	contig	0	0	368960				2	285822				2	336091				1	244530				2	185911	1640295	local:hprc_censat		
HG02622	pat	1	HG02622_pat_hprc_r2_v1.0.1	hifiasm	0.19.7	trio	hprc	3038074426	100	40.0	3171922.0				7	741350				2	59228				1	101356				4	136242				4	854443	1267075	local:hprc_censat		
HG02886	pat	1	HG02886_pat_hprc_r2_v1.0.1	hifiasm	0.19.7	trio	hprc	3033980100	98	52.0	5185050.0				2	503190				10	540025				4	158246				3	826682				1	506666	2638022	local:hprc_censat		
HG03453	pat	1	HG03453_pat_hprc_r2_v1.0.1	hifiasm	0.19.7	trio	hprc	3055037310	132	53.0	3037473.0				8	0				3	390847				2	195679				2	352726				1	173559	1912435	local:hprc_censat		
HG03540	pat	1	HG03540_pat_hprc_r2_v1.0.1	hifiasm	0.19.7	trio	hprc	3060546927	130	70.0	5073671.0				3	3078				4	522621				2	20284				3	688492				8	766715	2913845	local:hprc_censat		
HG00099	hap1	1	HG00099_hap1_hprc_r2_v1.0.1	hifiasm	0.19.9	hic	hprc	3036190794	120	75.0	7422199.0				4	0				10	1849035				4	618336				13	2068669				1	231721	2642210	local:hprc_censat		
HG00140	hap1	1	HG00140_hap1_hprc_r2_v1.0.1	hifiasm	0.19.9	hic	hprc	2937713519	85	43.0	6446504.0				3	1160444	HG00140#1#CM087118.1	contig	0	3	907689				2	197099				2	1278684				4	377999	2509291	local:hprc_censat		
HG00280	hap1	1	HG00280_hap1_hprc_r2_v1.0.1	hifiasm	0.19.9	hic	hprc	2930645488	111	54.0	4473528.0				2	86334				8	635025				1	235510				3	238668				3	613822	2648892	local:hprc_censat		
HG00323	hap1	1	HG00323_hap1_hprc_r2_v1.0.1	hifiasm	0.19.9	hic	hprc	3039453116	89	56.0	5557141.0				6	1178094				4	23745				4	572302				8	891590				2	490028	2389163	local:hprc_censat		
HG02040	hap1	1	HG02040_hap1_hprc_r2_v1.0.1	hifiasm	0.19.9	hic	hprc	2937497056	79	48.0	5804734.0				4	10101				2	669049				2	385543				1	740106	HG02040#1#CM087384.1	scaffold	2	1	795096	3189562	local:hprc_censat		
HG02165	hap1	1	HG02165_hap1_hprc_r2_v1.0.1	hifiasm	0.19.9	hic	hprc	3039901087	81	42.0	4821042.0				4	0				3	508628	HG02165#1#CM087450.1	scaffold	1	2	322497				4	1144267	HG02165#1#CM087455.1	contig	0	7	1548702	1284720	local:hprc_censat		
HG02273	hap1	1	HG02273_hap1_hprc_r2_v1.0.1	hifiasm	0.19.9	hic	hprc	3041119961	84	41.0	6231810.0				2	851522				5	609307				5	1647128				4	787822				5	520917	1802886	local:hprc_censat		
HG02922	hap1	1	HG02922_hap1_hprc_r2_v1.0.1	hifiasm	0.19.9	hic	hprc	3054779426	96	57.0	7685958.0				1	98184				5	748732	HG02922#1#CM087005.1	scaffold	1	2	919395				3	598803				1	322918	4205484	local:hprc_censat		
HG02965	hap1	1	HG02965_hap1_hprc_r2_v1.0.1	hifiasm	0.19.9	hic	hprc	2928579478	95	47.0	4811734.0				1	363514	HG02965#1#CM087353.1	scaffold	3	7	1525994				3	11993				6	843180				3	345655	1706123	local:hprc_censat		
HG02976	hap1	1	HG02976_hap1_hprc_r2_v1.0.1	hifiasm	0.19.9	hic	hprc	3035895274	86	56.0	7477702.0				1	324770				5	1100408				2	690388				7	1408093				3	909780	3032035	local:hprc_censat		
HG03130	hap1	1	HG03130_hap1_hprc_r2_v1.0.1	hifiasm	0.19.9	hic	hprc	2965182099	88	36.0	4477575.0	HG03130#1#CM087262.1	contig	0	2	372330				5	249965				1	11993				2	347077	HG03130#1#CM087265.1	contig	0	5	917986	2562947	local:hprc_censat		
HG03195	hap1	1	HG03195_hap1_hprc_r2_v1.0.1	hifiasm	0.19.9	hic	hprc	3036756203	77	46.0	4619837.0				1	589862				9	894998	HG03195#1#CM087064.1	scaffold	2	1	59996				4	187874	HG03195#1#CM087068.1	contig	0	3	948886	1925994	local:hprc_censat		
HG03209	hap1	1	HG03209_hap1_hprc_r2_v1.0.1	hifiasm	0.19.9	hic	hprc	2945862781	66	30.0	2885199.0				2	460759				1	200862	HG03209#1#CM087220.1	contig	0	1	263359	HG03209#1#CM087226.1	contig	0	4	474156				3	541528	932318	local:hprc_censat		
NA18522	hap1	1	NA18522_hap1_hprc_r2_v1.0.1	hifiasm	0.19.9	hic	hprc	2946461234	86	43.0	4876582.0				2	902036				6	251344				2	375909				3	726768				2	285359	2319890	local:hprc_censat		
NA18747	hap1	1	NA18747_hap1_hprc_r2_v1.0.1	hifiasm	0.19.9	hic	hprc	2935934041	76	44.0	4310553.0				2	142497				4	608354				1	194018				3	646965				3	55122	2648320	local:hprc_censat		
NA18971	hap1	1	NA18971_hap1_hprc_r2_v1.0.1	hifiasm	0.19.9	hic	hprc	2941882306	127	50.0	6221712.0				4	583720				7	1305646				1	161206				3	413140	NA18971#1#CM087302.1	scaffold	1	1	998050	2744673	local:hprc_censat		
NA18983	hap1	1	NA18983_hap1_hprc_r2_v1.0.1	hifiasm	0.19.9	hic	hprc	2945953867	112	70.0	7426692.0				6	996563				5	1221906				3	196209				4	159649				5	450065	3975558	local:hprc_censat		
NA19043	hap1	1	NA19043_hap1_hprc_r2_v1.0.1	hifiasm	0.19.9	hic	hprc	2932179058	74	37.0	2879533.0				3	97584	NA19043#1#CM087052.1	scaffold	1	4	527983				1	64616				2	689883	NA19043#1#CM087056.1	contig	0	3	1095828	391433	local:hprc_censat		
NA20905	hap1	1	NA20905_hap1_hprc_r2_v1.0.1	hifiasm	0.19.9	hic	hprc	2916172338	89	48.0	6160165.0				1	186828				6	291711				3	652065				4	1743023				6	614870	2656390	local:hprc_censat		
HG01530	hap1	1	HG01530_hap1_hprc_r2_v1.0.1	hifiasm	0.19.9	hic	hprc	2929677415	90	37.0	4531425.0				3	53890				7	872826				2	106268				3	954913				4	770939	1757312	local:hprc_censat		
HG01784	hap1	1	HG01784_hap1_hprc_r2_v1.0.1	hifiasm	0.19.9	hic	hprc	3044785494	81	35.0	5840195.0				2	145916				4	2011837	HG01784#1#CM087575.1	contig	0	5	63439				5	298643	HG01784#1#CM087580.1	scaffold	1	0	369234	2938898	local:hprc_censat		
HG02391	hap1	1	HG02391_hap1_hprc_r2_v1.0.1	hifiasm	0.19.9	hic	hprc	2943401465	109	61.0	9198363.0				3	212692				6	1776939				3	1837014				4	1454994	HG02391#1#CM087594.1	contig	0	10	661697	3239750	local:hprc_censat		
HG03471	hap1	1	HG03471_hap1_hprc_r2_v1.0.1	hifiasm	0.19.9	hic	hprc	2971533575	129	53.0	5745219.0				6	348586				5	942919				1	8937				4	483936				7	1836517	2109047	s3:working/HPRC/HG03471/assemblies/release2/annotation/censat/HG03471_hap1_hprc_r2_v1.cenSat.bed		
HG03742	hap1	1	HG03742_hap1_hprc_r2_v1.0.1	hifiasm	0.19.9	hic	hprc	2947572195	93	44.0	4235171.0				2	3078	HG03742#1#CM087635.1	scaffold	1	0	405278				3	375963				5	233928	HG03742#1#CM087640.1	scaffold	1	8	1146882	2054765	local:hprc_censat		
NA18570	hap1	1	NA18570_hap1_hprc_r2_v1.0.1	hifiasm	0.19.9	hic	hprc	3030693438	100	37.0	3955155.0	NA18570#1#CM087666.1	contig	0	3	54730				4	384360	NA18570#1#CM087667.1	scaffold	2	3	732288				5	612947	NA18570#1#CM087672.1	contig	0	5	431178	1727424	local:hprc_censat		
NA19087	hap1	1	NA19087_hap1_hprc_r2_v1.0.1	hifiasm	0.19.9	hic	hprc	3050288669	93	46.0	9140212.0				3	1452228				9	1645352				3	739141				5	1146277				5	1772514	2372472	local:hprc_censat		
NA19185	hap1	1	NA19185_hap1_hprc_r2_v1.0.1	hifiasm	0.19.9	hic	hprc	3037558876	74	47.0	6276967.0	NA19185#1#CM087730.1	contig	0	1	273942				4	1550734				10	99427				2	342499				5	1045132	2953005	local:hprc_censat		
NA19338	hap1	1	NA19338_hap1_hprc_r2_v1.0.1	hifiasm	0.19.9	hic	hprc	3043521817	76	35.0	3844228.0	NA19338#1#CM087765.1	scaffold	2	2	555270	NA19338#1#CM087766.1	contig	0	4	736903				1	11993				1	98978				5	1404386	1024471	local:hprc_censat		
NA19391	hap1	1	NA19391_hap1_hprc_r2_v1.0.1	hifiasm	0.19.9	hic	hprc	3052417325	94	38.0	3788162.0				2	3079	NA19391#1#CM087794.1	contig	0	3	699202				2	159305				3	1003437				3	695519	1215392	local:hprc_censat		
NA19468	hap1	1	NA19468_hap1_hprc_r2_v1.0.1	hifiasm	0.19.9	hic	hprc	3030599104	90	40.0	5323322.0				1	3079				8	738229				2	150649	NA19468#1#CM087829.1	contig	0	0	438663	NA19468#1#CM087830.1	scaffold	1	5	1249545	2734011	local:hprc_censat		
HG00438	pat	1	HG00438_pat_hprc_r2_v1.0.1	hifiasm	0.19.9	trio	hprc	3030495477	75	44.0	4151195.0				2	364758				3	562259				2	11993				6	747995	HG00438#1#CM089184.1	scaffold	1	2	329167	2122795	local:hprc_censat		
HG00558	pat	1	HG00558_pat_hprc_r2_v1.0.1	hifiasm	0.19.9	trio	hprc	3047261165	113	36.0	3419050.0	HG00558#1#CM088501.1	contig	0	3	189459				4	515377				3	61915				3	237188				3	971630	1431253	local:hprc_censat		
HG00639	pat	1	HG00639_pat_hprc_r2_v1.0.1	hifiasm	0.19.9	trio	hprc	3019487537	73	44.0	4930587.0				5	461766	HG00639#1#CM088547.1	scaffold	1	6	1084283				2	1365347				1	242339				6	661341	1103282	local:hprc_censat		
HG00658	pat	1	HG00658_pat_hprc_r2_v1.0.1	hifiasm	0.19.9	trio	hprc	2934086275	127	49.0	3808421.0				3	3078				3	652898				1	11993				4	391019				3	139355	2594801	local:hprc_censat		
HG00673	pat	1	HG00673_pat_hprc_r2_v1.0.1	hifiasm	0.19.9	trio	hprc	2941519674	89	30.0	3083244.0				4	324364				2	754300				2	338532				4	382420				1	3055	1265296	local:hprc_censat		
HG01071	pat	1	HG01071_pat_hprc_r2_v1.0.1	hifiasm	0.19.9	trio	hprc	3047759342	74	51.0	3710293.0				1	232960				4	717807				2	65204				6	91040				4	212499	2191011	local:hprc_censat		
HG01074	pat	1	HG01074_pat_hprc_r2_v1.0.1	hifiasm	0.19.9	trio	hprc	2928323943	82	46.0	4100621.0				3	506587				5	244140				4	615132				1	51936				5	305095	2362454	local:hprc_censat		
HG01081	pat	1	HG01081_pat_hprc_r2_v1.0.1	hifiasm	0.19.9	trio	hprc	3034790068	79	39.0	4513924.0				5	1141130				2	376572				1	242221				3	99721				7	1124917	1517135	local:hprc_censat		
HG01123	pat	1	HG01123_pat_hprc_r2_v1.0.1	hifiasm	0.19.9	trio	hprc	3020299646	79	40.0	3025298.0				4	96174				4	741058				1	238326	HG01123#1#CM089093.1	contig	0	1	339505				2	349951	1248055	s3:working/HPRC/HG01123/assemblies/release2/annotation/censat/HG01123_pat_hprc_r2_v1.cenSat.bed		
HG01150	pat	1	HG01150_pat_hprc_r2_v1.0.1	hifiasm	0.19.9	trio	hprc	3031853446	117	40.0	6134269.0	HG01150#1#CM088605.1	scaffold	1	1	1721073				5	1226213				1	734783				4	548242				2	53801	1837928	local:hprc_censat		
HG01252	pat	1	HG01252_pat_hprc_r2_v1.0.1	hifiasm	0.19.9	trio	hprc	2927093043	68	34.0	3706859.0				1	98254				6	1592997				1	333995	HG01252#1#CM088835.1	contig	0	2	612481				3	509849	544005	local:hprc_censat		
HG01358	pat	1	HG01358_pat_hprc_r2_v1.0.1	hifiasm	0.19.9	trio	hprc	2937739660	83	45.0	4652139.0				1	56989				5	931796				3	288577				2	278894				7	1284639	1795967	local:hprc_censat		
HG01361	pat	1	HG01361_pat_hprc_r2_v1.0.1	hifiasm	0.19.9	trio	hprc	3024996016	85	45.0	3739110.0				4	111353				4	369478	HG01361#1#CM089030.1	scaffold	5	0	311328				7	1485600				5	463451	985672	local:hprc_censat		
HG01928	pat	1	HG01928_pat_hprc_r2_v1.0.1	hifiasm	0.19.9	trio	hprc	2925221426	71	40.0	3638189.0				2	552935				2	68462				3	11993				5	410030				3	603086	1976406	local:hprc_censat		
HG01934	pat	1	HG01934_pat_hprc_r2_v1.0.1	hifiasm	0.19.9	trio	hprc	2938221349	103	50.0	4085730.0				3	272392				5	247320				3	329207				2	152024				5	1100016	1969493	local:hprc_censat		
HG01940	pat	1	HG01940_pat_hprc_r2_v1.0.1	hifiasm	0.19.9	trio	hprc	3036230596	71	31.0	2775690.0				1	189374				5	655841	HG01940#1#CM088638.1	contig	0	0	278515				6	369062				2	275768	994902	local:hprc_censat		
HG01960	pat	1	HG01960_pat_hprc_r2_v1.0.1	hifiasm	0.19.9	trio	hprc	3038712028	72	31.0	2597431.0				1	3079				4	866787				3	13234				2	231406	HG01960#1#CM088656.1	contig	0	3	330292	1140405	local:hprc_censat		
HG01969	pat	1	HG01969_pat_hprc_r2_v1.0.1	hifiasm	0.19.9	trio	hprc	3027524738	84	39.0	4779607.0				2	504468				5	953743				1	622220	HG01969#1#CM088695.1	contig	0	2	626637				6	610071	1450240	local:hprc_censat		
HG01978	pat	1	HG01978_pat_hprc_r2_v1.1.0	hifiasm	0.19.9	trio	hprc	3049871774	97	46.0	5416516.0				1	54346				3	105934				1	108847				5	890429				7	621113	3623619	local:hprc_censat		
HG02071	pat	1	HG02071_pat_hprc_r2_v1.0.1	hifiasm	0.19.9	trio	hprc	2921041254	110	57.0	4694484.0				6	430181				5	374684				3	157137				4	107216				3	581018	2403701	local:hprc_censat		
HG02074	pat	1	HG02074_pat_hprc_r2_v1.0.1	hifiasm	0.19.9	trio	hprc	2937665312	141	72.0	4907908.0				4	303072				5	360481	HG02074#1#CM088276.1	scaffold	2	5	394221				11	1048304				4	53566	2732987	local:hprc_censat		
HG02135	pat	1	HG02135_pat_hprc_r2_v1.0.1	hifiasm	0.19.9	trio	hprc	2949762196	175	62.0	6719679.0				8	407455				8	1383710				1	148538	HG02135#1#CM088317.1	contig	0	2	733970				4	397159	3633570	local:hprc_censat		
HG02257	pat	1	HG02257_pat_hprc_r2_v1.1.0	hifiasm	0.19.9	trio	hprc	3046522005	113	49.0	3647967.0				1	126143				6	334926				4	11994				3	560870				4	686453	1915353	local:hprc_censat		
HG02668	pat	1	HG02668_pat_hprc_r2_v1.0.1	hifiasm	0.19.9	trio	hprc	2951334881	103	59.0	4858118.0				4	141767				11	1076481				1	152278				6	441949				3	327735	2705702	local:hprc_censat		
HG02717	pat	1	HG02717_pat_hprc_r2_v1.0.1	hifiasm	0.19.9	trio	hprc	2945414934	86	56.0	3689255.0				1	99781				6	705186				1	293924				7	1112218				5	386278	1076611	local:hprc_censat		
HG02809	pat	1	HG02809_pat_hprc_r2_v1.0.1	hifiasm	0.19.9	trio	hprc	3033729543	92	50.0	4273674.0	HG02809#1#CM088351.1	contig	0	0	187550				3	413130				5	54464				4	961715	HG02809#1#CM088357.1	contig	0	4	563796	2080790	local:hprc_censat		
HG03017	pat	1	HG03017_pat_hprc_r2_v1.0.1	hifiasm	0.19.9	trio	hprc	2944823524	77	40.0	6087084.0				4	1864800				6	1438672				2	11993				3	474879				5	978236	1303227	local:hprc_censat		
HG03041	pat	1	HG03041_pat_hprc_r2_v1.0.1	hifiasm	0.19.9	trio	hprc	3041756498	53	42.0	4236821.0				1	276934				5	1148562				1	241173				6	841048				4	708234	1008651	local:hprc_censat		
HG03239	pat	1	HG03239_pat_hprc_r2_v1.0.1	hifiasm	0.19.9	trio	hprc	3025605445	71	50.0	4017705.0				1	3078				5	673307				1	151794				5	515526				3	249953	2411819	local:hprc_censat		
HG03516	pat	1	HG03516_pat_hprc_r2_v1.1.0	hifiasm	0.19.9	trio	hprc	3045861377	74	44.0	3084479.0				2	274591				6	476848				1	194653				4	101047				4	471216	1411038	local:hprc_censat		
HG03804	pat	1	HG03804_pat_hprc_r2_v1.0.1	hifiasm	0.19.9	trio	hprc	3034033633	79	31.0	2132681.0	HG03804#1#CM088337.1	contig	0	7	330574				4	249137				1	11993				3	52476				5	610307	865966	local:hprc_censat		
HG03942	pat	1	HG03942_pat_hprc_r2_v1.0.1	hifiasm	0.19.9	trio	hprc	2926859353	96	48.0	4422857.0				5	243725				3	878108				1	428214	HG03942#1#CM088400.1	contig	0	2	375734				7	916444	1565365	local:hprc_censat		
HG04157	pat	1	HG04157_pat_hprc_r2_v1.0.1	hifiasm	0.19.9	trio	hprc	2947111749	130	43.0	2586045.0				2	145220				7	832809				2	63787	HG04157#1#CM088422.1	scaffold	1	2	152733				5	432236	943983	local:hprc_censat		
HG04160	pat	1	HG04160_pat_hprc_r2_v1.0.1	hifiasm	0.19.9	trio	hprc	2951772771	108	45.0	2288754.0				5	0				8	306732				4	65462	HG04160#1#CM088435.1	scaffold	3	9	321911				4	658261	921111	local:hprc_censat		
HG04204	pat	1	HG04204_pat_hprc_r2_v1.0.1	hifiasm	0.19.9	trio	hprc	2940701950	121	48.0	4444552.0				2	465064				5	515453				2	346634				4	1405030				1	688120	1008974	local:hprc_censat		
HG04228	pat	1	HG04228_pat_hprc_r2_v1.0.1	hifiasm	0.19.9	trio	hprc	2932691154	93	40.0	3523071.0				2	496062				3	291877				1	11993				6	523057				3	416531	1768274	local:hprc_censat		
HG00706	pat	1	HG00706_pat_hprc_r2_v1.0.1	hifiasm	0.19.9	trio	hprc	2932473439	96	43.0	3307314.0				3	3078				4	660214				2	63646				1	53113				7	694488	1817498	local:hprc_censat		
HG03816	pat	1	HG03816_pat_hprc_r2_v1.0.1	hifiasm	0.19.9	trio	hprc	3043861278	79	47.0	4009180.0				4	222068				4	935787				1	63886	HG03816#1#CM100038.1	scaffold	2	2	293395				4	438502	2043314	local:hprc_censat		
HG00423	pat	1	HG00423_pat_hprc_r2_v1.0.1	hifiasm	0.19.9	trio	hprc	3037753962	68	30.0	2263529.0				4	0	HG00423#1#CM089407.1	scaffold	1	2	467834				4	1028407				3	344514	HG00423#1#CM089411.1	scaffold	2	0	59363	351182	local:hprc_censat		
HG00544	pat	1	HG00544_pat_hprc_r2_v1.0.1	hifiasm	0.19.9	trio	hprc	3012861499	61	34.0	2790263.0				2	332838				4	299410				1	64680	HG00544#1#CM089380.1	contig	0	0	53175	HG00544#1#CM089381.1	contig	0	4	380057	1647875	local:hprc_censat		
HG01943	pat	1	HG01943_pat_hprc_r2_v1.0.1	hifiasm	0.19.9	trio	hprc	2921296798	117	45.0	3178594.0				3	228603				4	562504				1	198375				1	137814	HG01943#1#CM089361.1	contig	0	3	197044	1838977	local:hprc_censat		
HG02735	pat	1	HG02735_pat_hprc_r2_v1.0.1	hifiasm	0.19.9	trio	hprc	2938416004	110	56.0	3581957.0				1	321826				9	386402				2	201677				4	249327				2	199884	2207564	local:hprc_censat		
HG03225	hap1	1	HG03225_hap1_hprc_r2_v1.0.1	hifiasm	0.19.9	hic	hprc	2942097360	77	56.0	5999583.0				3	1105461				7	853692				1	99346				6	1352490				3	194145	2379181	local:hprc_censat		
NA19159	hap1	1	NA19159_hap1_hprc_r2_v1.0.1	hifiasm	0.19.9	hic	hprc	3051951431	83	46.0	6011661.0				1	269496	NA19159#1#CM099950.1	contig	0	4	735901	NA19159#1#CM099951.1	scaffold	1	4	183231	NA19159#1#CM099957.1	contig	0	3	730996				4	604677	3475133	local:hprc_censat		
HG00126	hap1	1	HG00126_hap1_hprc_r2_v1.0.1	hifiasm	0.19.9	hic	hprc	2945819519	74	49.0	5672249.0				4	631861				8	1295419				2	13234				3	292187				5	1312952	1833904	local:hprc_censat		
HG00128	hap1	1	HG00128_hap1_hprc_r2_v1.0.1	hifiasm	0.19.9	hic	hprc	3056461595	78	43.0	4148844.0				4	882904	HG00128#1#CM090087.1	contig	0	7	1427539	HG00128#1#CM090088.1	scaffold	1	0	63134				3	54198				3	377796	1014405	local:hprc_censat		
HG00133	hap1	1	HG00133_hap1_hprc_r2_v1.0.1	hifiasm	0.19.9	hic	hprc	3022551977	64	35.0	3929310.0				1	3079	HG00133#1#CM090055.1	contig	0	4	580485				1	11993				3	592694				5	1069663	1659168	local:hprc_censat		
HG00146	hap1	1	HG00146_hap1_hprc_r2_v1.0.1	hifiasm	0.19.9	hic	hprc	3008366934	97	48.0	5780133.0				4	555498				9	1680917				5	288239				4	339984				6	209663	2693604	local:hprc_censat		
HG00232	hap1	1	HG00232_hap1_hprc_r2_v1.0.1	hifiasm	0.19.9	hic	hprc	3034419784	69	35.0	3171120.0				3	100021				3	517174				2	107734				4	251895				2	703982	1478086	local:hprc_censat		
HG00290	hap1	1	HG00290_hap1_hprc_r2_v1.0.1	hifiasm	0.19.9	hic	hprc	2936962988	71	52.0	6592219.0				2	1779223				2	421538				2	11993				2	356909				4	818692	3188587	local:hprc_censat		
HG00320	hap1	1	HG00320_hap1_hprc_r2_v1.0.1	hifiasm	0.19.9	hic	hprc	3042866138	88	45.0	5954499.0				3	3078				5	736914				5	533034				6	1680576				5	762127	2226542	local:hprc_censat		
HG00321	hap1	1	HG00321_hap1_hprc_r2_v1.0.1	hifiasm	0.19.9	hic	hprc	2969014751	112	49.0	5684702.0				3	1455521				5	1719644	HG00321#1#CM089548.1	scaffold	1	1	63747				4	157029				2	568814	1704675	local:hprc_censat		
HG01786	hap1	1	HG01786_hap1_hprc_r2_v1.0.1	hifiasm	0.19.9	hic	hprc	3032664379	89	51.0	5960600.0				4	325035				3	653831				2	291036				5	250923				6	900021	3527526	local:hprc_censat		
HG02178	hap1	1	HG02178_hap1_hprc_r2_v1.0.1	hifiasm	0.19.9	hic	hprc	3015981817	63	27.0	3545794.0				3	510859				2	331438				3	11993				4	465940				1	225738	1987598	local:hprc_censat		
HG02583	hap1	1	HG02583_hap1_hprc_r2_v1.0.1	hifiasm	0.19.9	hic	hprc	3068129497	72	36.0	5324549.0				4	324749				4	553437	HG02583#1#CM089494.1	contig	0	2	1011120				7	1571910	HG02583#1#CM089500.1	scaffold	2	0	394897	1456208	local:hprc_censat		
HG03270	hap1	1	HG03270_hap1_hprc_r2_v1.0.1	hifiasm	0.19.9	hic	hprc	3042024418	87	47.0	7143572.0				4	0				11	1848047				1	241451				4	2552161				5	613739	1879017	local:hprc_censat		
HG03583	hap1	1	HG03583_hap1_hprc_r2_v1.0.1	hifiasm	0.19.9	hic	hprc	3021847772	89	36.0	4150148.0				3	775504				15	2053495				3	1241				6	202143	HG03583#1#CM089887.1	scaffold	1	0	537723	336425	local:hprc_censat		
HG03874	hap1	1	HG03874_hap1_hprc_r2_v1.0.1	hifiasm	0.19.9	hic	hprc	3037473810	70	43.0	4642904.0				2	450599				2	105422				2	11993	HG03874#1#CM089442.1	contig	0	1	530735	HG03874#1#CM089443.1	contig	0	4	568747	2963180	local:hprc_censat		
NA18505	hap1	1	NA18505_hap1_hprc_r2_v1.0.1	hifiasm	0.19.9	hic	hprc	3032656490	81	42.0	4669764.0				1	3078				4	471125	NA18505#1#CM089865.1	contig	0	2	240240				3	1479461				4	608980	1854662	local:hprc_censat		
NA18508	hap1	1	NA18508_hap1_hprc_r2_v1.0.1	hifiasm	0.19.9	hic	hprc	3026197614	62	33.0	3989500.0	NA18508#1#CM089652.1	contig	0	1	234125				4	1045109				5	684179				1	99940				7	613019	1303960	local:hprc_censat		
NA18608	hap1	1	NA18608_hap1_hprc_r2_v1.0.1	hifiasm	0.19.9	hic	hprc	2939438464	61	43.0	4422351.0				2	191051				5	908974				1	13234				4	1495930				2	818942	978943	local:hprc_censat		
NA18620	hap1	1	NA18620_hap1_hprc_r2_v1.0.1	hifiasm	0.19.9	hic	hprc	2950568788	159	46.0	6324393.0				4	3078				5	1484403				7	243089				14	918938				1	533842	3122706	local:hprc_censat		
NA18952	hap1	1	NA18952_hap1_hprc_r2_v1.0.1	hifiasm	0.19.9	hic	hprc	2933014140	102	48.0	5347773.0				3	464151				7	887577				5	693141				5	605628				4	554952	1854451	local:hprc_censat		
NA18974	hap1	1	NA18974_hap1_hprc_r2_v1.0.1	hifiasm	0.19.9	hic	hprc	2968912520	118	61.0	5315903.0				4	195477				7	1046136				4	206487				5	442035	NA18974#1#CM089783.1	scaffold	2	5	550893	2406394	local:hprc_censat		
NA18976	hap1	1	NA18976_hap1_hprc_r2_v1.0.1	hifiasm	0.19.9	hic	hprc	3025309811	96	40.0	3961439.0				3	234419				3	691369				2	279690				3	503500	NA18976#1#CM089760.1	contig	0	2	565228	1675005	local:hprc_censat		
NA19036	hap1	1	NA19036_hap1_hprc_r2_v1.0.1	hifiasm	0.19.9	hic	hprc	3048886802	71	55.0	5045496.0				3	0	NA19036#1#CM089731.1	scaffold	2	7	1594884				2	107973				3	504103				6	796273	2030035	local:hprc_censat		
NA19443	hap1	1	NA19443_hap1_hprc_r2_v1.0.1	hifiasm	0.19.9	hic	hprc	2958934336	95	51.0	6489066.0	NA19443#1#CM089453.1	scaffold	1	0	234871				5	704348				2	327581				4	1047711				5	2006841	2152437	local:hprc_censat		
NA19700	hap1	1	NA19700_hap1_hprc_r2_v1.0.1	hifiasm	0.19.9	hic	hprc	2949058313	64	47.0	4944329.0				2	697953				3	1206163	NA19700#1#CM089628.1	scaffold	1	0	519231				3	54136				5	673470	1781169	local:hprc_censat		
NA20870	hap1	1	NA20870_hap1_hprc_r2_v1.0.1	hifiasm	0.19.9	hic	hprc	2939316511	75	43.0	3826296.0				3	640093				2	67941	NA20870#1#CM089704.1	contig	0	2	190376				3	370151				2	237241	2305217	local:hprc_censat		
NA21093	hap1	1	NA21093_hap1_hprc_r2_v1.0.1	hifiasm	0.19.9	hic	hprc	2954194670	99	47.0	4357566.0				1	405809				7	1092194				2	13234				5	1250261				6	796398	784393	local:hprc_censat		
NA21106	hap1	1	NA21106_hap1_hprc_r2_v1.0.1	hifiasm	0.19.9	hic	hprc	3018663442	61	32.0	4655213.0				2	48823				3	691023	NA21106#1#CM089563.1	scaffold	1	1	61943				3	1183554				5	413396	2247293	local:hprc_censat		
NA21110	hap1	1	NA21110_hap1_hprc_r2_v1.0.1	hifiasm	0.19.9	hic	hprc	3030281100	68	40.0	5719508.0				1	147205				2	426653				1	152325				2	644759				7	1671261	2665078	local:hprc_censat		
HG02392	hap1	1	HG02392_hap1_hprc_r2_v1.0.1	hifiasm	0.19.9	hic	hprc	2935131877	86	48.0	5703884.0				2	141438	HG02392#1#CM099886.1	contig	0	1	239799				2	468807				6	1120166	HG02392#1#CM099888.1	scaffold	1	3	1434153	2284244	local:hprc_censat		
HG02514	pat	1	HG02514_pat_hprc_r2_v1.0.1	hifiasm	0.19.9	trio	hprc	2933866521	82	34.0	3573629.0				2	110902				6	1143296				1	200528				1	0	HG02514#1#CM098742.1	scaffold	2	1	636360	1147654	local:hprc_censat		
HG02841	pat	1	HG02841_pat_hprc_r2_v1.0.1	hifiasm	0.19.9	trio	hprc	3047451075	94	42.0	3069695.0				3	276854				7	451197				1	11993				3	276017				7	244291	1757881	local:hprc_censat		
HG02984	pat	1	HG02984_pat_hprc_r2_v1.0.1	hifiasm	0.19.9	trio	hprc	2922783173	70	33.0	3608047.0				5	143951	HG02984#1#CM098797.1	contig	0	2	516687				8	650501				2	469004	HG02984#1#CM098801.1	scaffold	1	4	479006	1339762	local:hprc_censat		
HG03050	pat	1	HG03050_pat_hprc_r2_v1.0.1	hifiasm	0.19.9	trio	hprc	2928019044	98	54.0	3188919.0				1	233682				5	245988				1	106740				2	184089				5	246911	1993829	local:hprc_censat		
NA20799	hap1	1	NA20799_hap1_hprc_r2_v1.0.1	hifiasm	0.19.9	hic	hprc	3047904344	101	62.0	9394947.0				4	446258				6	1820480				2	198380				4	1956304	NA20799#1#CM098697.1	contig	0	5	798038	4163259	local:hprc_censat		
HG01109	pat	1	HG01109_pat_hprc_r2_v1.0.1	hifiasm	0.19.9	trio	hprc	2915645599	119	43.0	2883274.0				21	142959				6	968737				3	19031				7	494269				3	53977	1189024	s3:working/HPRC_PLUS/HG01109/assemblies/release2/annotation/censat/HG01109_pat_hprc_r2_v1.cenSat.bed		
HG02055	pat	1	HG02055_pat_hprc_r2_v1.0.1	hifiasm	0.19.9	trio	hprc	2959450968	106	54.0	4627395.0				2	96570				8	831425				1	195109				10	1088020				5	609671	1791323	s3:working/HPRC_PLUS/HG02055/assemblies/release2/annotation/censat/HG02055_pat_hprc_r2_v1.cenSat.bed		
HG02080	pat	1	HG02080_pat_hprc_r2_v1.0.1	hifiasm	0.19.9	trio	hprc	3028964752	91	52.0	4710110.0				2	35612				10	2150303				2	64519				6	166449				2	10127	2270872	s3:working/HPRC_PLUS/HG02080/assemblies/release2/annotation/censat/HG02080_pat_hprc_r2_v1.cenSat.bed		
HG02109	pat	1	HG02109_pat_hprc_r2_v1.0.1	hifiasm	0.19.9	trio	hprc	3035503866	109	51.0	3471737.0				1	54913	HG02109#1#CM092168.1	contig	0	4	292134				1	58137				1	141933				4	247481	2342089	s3:working/HPRC_PLUS/HG02109/assemblies/release2/annotation/censat/HG02109_pat_hprc_r2_v1.cenSat.bed		
HG02723	pat	1	HG02723_pat_hprc_r2_v1.0.1	hifiasm	0.19.9	trio	hprc	3043950469	80	38.0	3633893.0				2	35559				5	1218655				6	59827	HG02723#1#CM092043.1	contig	0	0	99998				3	569004	1638624	s3:working/HPRC_PLUS/HG02723/assemblies/release2/annotation/censat/HG02723_pat_hprc_r2_v1.cenSat.bed		
HG02818	pat	1	HG02818_pat_hprc_r2_v1.0.1	hifiasm	0.19.9	trio	hprc	3019047514	76	37.0	2438552.0				2	288792				2	411802				2	151172				1	0				7	325438	1249121	s3:working/HPRC_PLUS/HG02818/assemblies/release2/annotation/censat/HG02818_pat_hprc_r2_v1.cenSat.bed		
HG03098	pat	1	HG03098_pat_hprc_r2_v1.0.1	hifiasm	0.19.9	trio	hprc	2939964980	112	46.0	3986495.0				1	10115				3	378161				2	606549				3	599588				3	466838	1909967	s3:working/HPRC_PLUS/HG03098/assemblies/release2/annotation/censat/HG03098_pat_hprc_r2_v1.cenSat.bed		
HG03486	pat	1	HG03486_pat_hprc_r2_v1.0.1	hifiasm	0.19.9	trio	hprc	3055461096	124	49.0	4868205.0				2	3079				5	1045883				3	13234				3	564075				4	527118	2702589	s3:working/HPRC_PLUS/HG03486/assemblies/release2/annotation/censat/HG03486_pat_hprc_r2_v1.cenSat.bed		
NA18906	pat	1	NA18906_pat_hprc_r2_v1.0.1	hifiasm	0.19.9	trio	hprc	3037177237	126	53.0	5102423.0				8	0				12	516291				1	109310				4	1406553	NA18906#1#CM091945.1	contig	0	0	231318	2826723	s3:working/HPRC_PLUS/NA18906/assemblies/release2/annotation/censat/NA18906_pat_hprc_r2_v1.cenSat.bed		
NA20129	pat	1	NA20129_pat_hprc_r2_v1.0.1	hifiasm	0.19.9	trio	hprc	3035733452	88	28.0	2504048.0				2	54247				3	6101	NA20129#1#CM092139.1	scaffold	1	2	296371				3	1217245				3	402842	515014	s3:working/HPRC_PLUS/NA20129/assemblies/release2/annotation/censat/NA20129_pat_hprc_r2_v1.cenSat.bed		
NA21309	pat	1	NA21309_pat_hprc_r2_v1.0.1	hifiasm	0.19.9	trio	hprc	3039155404	95	36.0	2927500.0				3	0				3	344685				3	109333				2	557181				7	512037	1395096	s3:working/HPRC_PLUS/NA21309/assemblies/release2/annotation/censat/NA21309_pat_hprc_r2_v1.cenSat.bed		
HG00733	pat	1	HG00733_pat_hprc_r2_v1.0.1	hifiasm	0.19.9	trio	hprc	3035753094	90	47.0	4243544.0				2	288396				8	1599874				3	197882				3	55482				8	952301	1137381	s3:working/HPRC_PLUS/HG00733/assemblies/release2/annotation/censat/HG00733_pat_hprc_r2_v1.0.1.cenSat.bed		
HG01243	pat	1	HG01243_pat_hprc_r2_v1.0.1	hifiasm	0.19.9	trio	hprc	2919240460	94	50.0	5431849.0				1	547568				2	199818				1	641390				6	1004867				7	411481	2094242	s3:working/HPRC_PLUS/HG01243/assemblies/release2/annotation/censat/HG01243_pat_hprc_r2_v1.0.1.cenSat.bed		
NA19240	pat	1	NA19240_pat_hprc_r2_v1.0.1	hifiasm	0.19.9	trio	hprc	3038833213	64	39.0	4528821.0				2	0				7	1661061				1	195851				2	94140				6	826584	1738957	s3:working/HPRC_PLUS/NA19240/assemblies/release2/annotation/censat/NA19240_pat_hprc_r2_v1.0.1.cenSat.bed		
HG005	pat	1	HG005_pat_hprc_r2_v1.0.1	hifiasm	0.19.9	trio	hprc	2936560154	110	63.0	4606729.0				2	390168				4	258731				3	161401				3	241368				3	434157	3105627	s3:working/HPRC_PLUS/HG005/assemblies/release2/annotation/censat/HG005_pat_hprc_r2_v1.0.1.cenSat.bed		
HG00097	hap1	1	HG00097_hap1_hprc_r2_v1.0.1	hifiasm	0.19.9	hic	hprc	3034131346	75	57.0	6065258.0				4	934506				2	322545				2	468105	HG00097#1#CM094072.1	contig	0	5	1645791	HG00097#1#CM094073.1	contig	0	3	635571	2046512	local:hprc_censat		
HG00235	hap1	1	HG00235_hap1_hprc_r2_v1.0.1	hifiasm	0.19.9	hic	hprc	3019355776	71	37.0	3624523.0				2	275528				4	730987				1	0				3	519091	HG00235#1#CM094380.1	contig	0	4	1190920	895769	local:hprc_censat		
HG00253	hap1	1	HG00253_hap1_hprc_r2_v1.0.1	hifiasm	0.19.9	hic	hprc	3032885449	82	45.0	3653443.0				2	1006877				3	378363				1	11994				2	97950	HG00253#1#CM094467.1	scaffold	2	5	695234	1453877	local:hprc_censat		
HG00272	hap1	1	HG00272_hap1_hprc_r2_v1.0.1	hifiasm	0.19.9	hic	hprc	3041251865	74	37.0	5964273.0	HG00272#1#CM094196.1	contig	0	1	681595				5	779123				1	285410				3	1276128				1	3055	2926733	local:hprc_censat	chain	GRCh38 chain missing
HG00329	hap1	1	HG00329_hap1_hprc_r2_v1.0.1	hifiasm	0.19.9	hic	hprc	2930096732	66	34.0	3389389.0				1	196273	HG00329#1#CM094233.1	contig	0	2	687482				2	0				8	1482548	HG00329#1#CM094238.1	contig	0	2	302221	705588	local:hprc_censat		
HG00344	hap1	1	HG00344_hap1_hprc_r2_v1.0.1	hifiasm	0.19.9	hic	hprc	3056229783	89	59.0	5943438.0				2	231725				4	202917				5	619622				6	1005283				4	927899	2943763	local:hprc_censat		
HG00350	hap1	1	HG00350_hap1_hprc_r2_v1.0.1	hifiasm	0.19.9	hic	hprc	3022190943	76	45.0	4410154.0				2	6156				2	791786				2	11993				4	509670				10	1337950	1369256	local:hprc_censat		
HG01167	hap1	1	HG01167_hap1_hprc_r2_v1.0.1	hifiasm	0.19.9	hic	hprc	2960467225	97	43.0	4275737.0	HG01167#1#CM094532.1	contig	0	5	190874	HG01167#1#CM094533.1	scaffold	1	5	1332347				5	423380				2	99425				6	485400	1729034	local:hprc_censat		
HG03369	hap1	1	HG03369_hap1_hprc_r2_v1.0.1	hifiasm	0.19.9	hic	hprc	3042981283	66	48.0	8207869.0				1	143733				9	4166494				1	511833				1	98185				5	960318	1998822	local:hprc_censat		
HG03521	hap1	1	HG03521_hap1_hprc_r2_v1.0.1	hifiasm	0.19.9	hic	hprc	2931797765	79	41.0	4963490.0				3	1506691				4	445143				1	372232				1	322499				4	519718	1778890	local:hprc_censat		
HG03784	hap1	1	HG03784_hap1_hprc_r2_v1.0.1	hifiasm	0.19.9	hic	hprc	3053320161	92	51.0	5140488.0				3	235968				9	1534339				7	462216				4	633855				2	884530	1377352	local:hprc_censat		
NA18565	hap1	1	NA18565_hap1_hprc_r2_v1.0.1	hifiasm	0.19.9	hic	hprc	3034051429	86	38.0	3246500.0				2	54186				4	150350				2	443856				2	170011	NA18565#1#CM094328.1	scaffold	1	2	379176	2036693	local:hprc_censat		
NA19682	hap1	1	NA19682_hap1_hprc_r2_v1.0.1	hifiasm	0.19.9	hic	hprc	2928664823	64	43.0	5583119.0				1	421918	NA19682#1#CM094156.1	contig	0	3	1015215				1	236370				3	923064				2	718921	2252363	local:hprc_censat		
NA19776	hap1	1	NA19776_hap1_hprc_r2_v1.0.1	hifiasm	0.19.9	hic	hprc	3046644309	78	56.0	4909939.0				2	232672				6	2187275				1	11993				5	432927				3	91778	1941066	local:hprc_censat		
NA19835	hap1	1	NA19835_hap1_hprc_r2_v1.0.1	hifiasm	0.19.9	hic	hprc	3025315903	82	50.0	5881681.0				3	199496				9	2861352				1	392242				2	133541				4	655543	1627288	local:hprc_censat		
NA19909	hap1	1	NA19909_hap1_hprc_r2_v1.0.1	hifiasm	0.19.9	hic	hprc	3043797705	66	40.0	5218570.0				1	419885				3	461480				3	293489				1	508955				2	278857	3243676	local:hprc_censat		
NA20282	hap1	1	NA20282_hap1_hprc_r2_v1.0.1	hifiasm	0.19.9	hic	hprc	3049741901	78	37.0	4477931.0				2	856795				5	1094145				4	13233				1	582977				2	380692	1537861	local:hprc_censat		
NA20346	hap1	1	NA20346_hap1_hprc_r2_v1.0.1	hifiasm	0.19.9	hic	hprc	2949496588	100	59.0	6767010.0				2	416329				6	452194				3	429091				2	505034				9	1856664	3092422	local:hprc_censat		
NA20809	hap1	1	NA20809_hap1_hprc_r2_v1.0.1	hifiasm	0.19.9	hic	hprc	2957426484	102	49.0	4255298.0				4	408646				7	751883				5	11993				4	283050				5	839531	1944918	local:hprc_censat		
NA20850	hap1	1	NA20850_hap1_hprc_r2_v1.0.1	hifiasm	0.19.9	hic	hprc	2925557644	73	40.0	3163553.0				2	318887				4	955836				2	71253	NA20850#1#CM094301.1	contig	0	0	416575				5	409473	976252	local:hprc_censat		
NA21102	hap1	1	NA21102_hap1_hprc_r2_v1.0.1	hifiasm	0.19.9	hic	hprc	3049492957	78	45.0	4685514.0				3	458455				3	1103279				3	650801				6	760658				5	872032	828061	local:hprc_censat		
NA21144	hap1	1	NA21144_hap1_hprc_r2_v1.0.1	hifiasm	0.19.9	hic	hprc	3037908004	80	49.0	6526995.0				4	789571				5	1095431				5	465129				6	1421551				3	825166	1917919	local:hprc_censat		
HG00735	pat	1	HG00735_pat_hprc_r2_v1.0.1	hifiasm	0.19.7	trio	hprc	3029527752	82	34.0	2285929.0				6	0				1	328008				1	421049				5	212983				2	285135	884153	local:hprc_censat		
HG02155	hap1	1	HG02155_hap1_hprc_r2_v1.0.1	hifiasm	0.19.9	hic	hprc	3028269862	83	44.0	6073182.0				2	415905				4	1242486	HG02155#1#CM091918.1	contig	0	0	155255				3	864437				5	572828	2249664	local:hprc_censat		
HG02630	pat	1	HG02630_pat_hprc_r2_v1.0.1	hifiasm	0.19.7	trio	hprc	3055623940	134	57.0	3995067.0				5	0				10	1338702				3	100176				4	243949				3	287984	2012029	local:hprc_censat		
HG03139	hap1	1	HG03139_hap1_hprc_r2_v1.0.1	hifiasm	0.19.9	hic	hprc	2936552828	64	43.0	3384025.0	HG03139#1#CM091858.1	scaffold	1	0	143219				5	478900				1	309264	HG03139#1#CM091864.1	scaffold	1	1	829460	HG03139#1#CM091865.1	contig	0	3	372169	1235736	local:hprc_censat		
HG03470	hap1	1	HG03470_hap1_hprc_r2_v1.0.1	hifiasm	0.19.9	hic	hprc	3042147490	94	48.0	10368193.0				5	0				5	786112				4	744855				2	1002665	HG03470#1#CM091834.1	contig	0	4	1765638	6056696	local:hprc_censat		
HG03579	pat	1	HG03579_pat_hprc_r2_v1.0.1	hifiasm	0.19.9	trio	hprc	2943146018	82	44.0	4010536.0				5	51946				8	744442				2	384445				7	976878				2	358505	1479043	local:hprc_censat		
NA20805	hap1	1	NA20805_hap1_hprc_r2_v1.0.1	hifiasm	0.19.9	hic	hprc	2920853688	89	46.0	3976048.0				7	404745				2	136865				2	63988				3	356085				3	190365	2805642	local:hprc_censat		
HG00408	mat	2	HG00408_mat_hprc_r2_v1.0.1	hifiasm	0.19.7	trio	hprc	3034413423	72	41.0	4705200.0				1	273698				5	713559				3	597255				4	420331				2	1324092	1364037	local:hprc_censat		
HG00597	mat	2	HG00597_mat_hprc_r2_v1.0.1	hifiasm	0.19.7	trio	hprc	3051568197	91	55.0	3466478.0				7	549608				7	541436				1	153975				3	192536				5	283140	1733555	local:hprc_censat		
HG01192	mat	2	HG01192_mat_hprc_r2_v1.0.1	hifiasm	0.19.7	trio	hprc	3036873892	69	34.0	2854151.0	HG01192#2#CM085948.1	contig	0	0	54877				4	104466				3	199808				5	1451294				2	235488	795999	local:hprc_censat		
HG01261	mat	2	HG01261_mat_hprc_r2_v1.0.1	hifiasm	0.19.7	trio	hprc	3047037491	84	42.0	4651811.0				1	186246				4	1238956				1	416830				2	489317				6	392342	1915892	local:hprc_censat		
HG02015	mat	2	HG02015_mat_hprc_r2_v1.0.1	hifiasm	0.19.7	trio	hprc	3039596309	101	43.0	2611545.0				1	3078				6	250217				2	11993	HG02015#2#CM085905.1	contig	0	3	607674				4	275097	1451258	local:hprc_censat		
HG02056	mat	2	HG02056_mat_hprc_r2_v1.0.1	hifiasm	0.19.7	trio	hprc	3005475260	77	34.0	2877829.0				2	304767				3	473211				2	160833				1	274498	HG02056#2#CM085889.1	contig	0	5	825683	826609	local:hprc_censat		
HG02129	mat	2	HG02129_mat_hprc_r2_v1.0.1	hifiasm	0.19.7	trio	hprc	3018863322	71	46.0	4018551.0				1	53141				7	1708807				2	422384				3	113956				2	54625	1653410	local:hprc_censat		
HG02258	mat	2	HG02258_mat_hprc_r2_v1.0.1	hifiasm	0.19.7	trio	hprc	3044695694	63	38.0	2854557.0	HG02258#2#CM085843.1	scaffold	2	0	237448				6	702844				3	456406				2	664257	HG02258#2#CM085847.1	contig	0	0	237243	544131	local:hprc_censat		
HG03834	mat	2	HG03834_mat_hprc_r2_v1.0.1	hifiasm	0.19.7	trio	hprc	3035962555	86	39.0	3076941.0	HG03834#2#CM085817.1	scaffold	2	0	830642				6	168715				2	108354				4	506175				1	3055	1447771	local:hprc_censat		
HG01975	mat	2	HG01975_mat_hprc_r2_v1.0.1	hifiasm	0.19.7	trio	hprc	3040127635	92	45.0	4322922.0				4	390929	HG01975#2#CM099819.1	contig	0	1	606999				4	613810				4	100431				1	185233	2413291	local:hprc_censat		
HG02602	mat	2	HG02602_mat_hprc_r2_v1.0.1	hifiasm	0.19.9	trio	hprc	3028981426	63	35.0	2611187.0	HG02602#2#CM099707.1	contig	0	0	55074				6	895967				4	197111				3	740540	HG02602#2#CM099711.1	scaffold	1	0	275877	434391	local:hprc_censat		
HG04187	mat	2	HG04187_mat_hprc_r2_v1.0.1	hifiasm	0.19.9	trio	hprc	3018615516	104	67.0	4912027.0				2	107180				2	60943				2	160010				2	149314				7	587262	3442898	local:hprc_censat		
NA18879	hap2	2	NA18879_hap2_hprc_r2_v1.0.1	hifiasm	0.19.9	hic	hprc	3044307357	87	50.0	5360926.0				3	55663				2	330943				5	169650				4	369626	NA18879#2#CM099738.1	contig	0	1	413096	4009729	local:hprc_censat		
NA20752	hap2	2	NA20752_hap2_hprc_r2_v1.0.1	hifiasm	0.19.9	hic	hprc	3046817492	89	64.0	7389069.0				3	1897050				7	2140462				4	506319	NA20752#2#CM099794.1	scaffold	1	2	525863				4	679598	1627549	local:hprc_censat		
HG02145	mat	2	HG02145_mat_hprc_r2_v1.0.1	hifiasm	0.19.9	trio	hprc	3039228012	104	47.0	3923530.0				3	491006				8	249410				4	628790				4	195744				3	287391	2062031	s3:working/HPRC_PLUS/HG02145/assemblies/release2/annotation/censat/HG02145_mat_hprc_r2_v1.0.1.cenSat.bed		
HG00609	mat	2	HG00609_mat_hprc_r2_v1.0.1	hifiasm	0.19.7	trio	hprc	3028317463	83	47.0	2994363.0				3	99126				8	1212709				3	236238				5	399476				4	253134	784512	local:hprc_censat		
HG00642	mat	2	HG00642_mat_hprc_r2_v1.0.1	hifiasm	0.19.7	trio	hprc	3032841024	72	35.0	3538765.0	HG00642#2#CM086627.1	scaffold	1	0	447379	HG00642#2#CM086628.1	scaffold	1	1	376707	HG00642#2#CM086629.1	contig	0	0	245095				3	317060				4	729646	1410650	local:hprc_censat		
HG00738	mat	2	HG00738_mat_hprc_r2_v1.0.1	hifiasm	0.19.7	trio	hprc	3035371903	88	40.0	2364574.0				6	64590				3	518168				2	112309				5	89959	HG00738#2#CM086690.1	contig	0	2	317751	1249569	local:hprc_censat		
HG01099	mat	2	HG01099_mat_hprc_r2_v1.0.1	hifiasm	0.19.7	trio	hprc	3027137317	90	40.0	2110968.0				1	319973				3	113305				2	63289				2	283099				8	815720	503354	local:hprc_censat		
HG01255	mat	2	HG01255_mat_hprc_r2_v1.0.1	hifiasm	0.19.7	trio	hprc	3036246204	63	35.0	3478425.0				1	413464				9	1615024				2	11993				1	97433				4	914562	413721	local:hprc_censat		
HG01346	mat	2	HG01346_mat_hprc_r2_v1.0.1	hifiasm	0.19.7	trio	hprc	3033882538	81	42.0	2797054.0				1	357751				3	426054				3	241385				3	246127	HG01346#2#CM086608.1	scaffold	2	3	518217	995292	local:hprc_censat		
HG01433	mat	2	HG01433_mat_hprc_r2_v1.0.1	hifiasm	0.19.7	trio	hprc	3040252714	75	47.0	4465265.0				1	233218				2	333558				1	261133				2	107467				6	621281	2896380	local:hprc_censat		
HG01496	mat	2	HG01496_mat_hprc_r2_v1.0.1	hifiasm	0.19.7	trio	hprc	3041838816	50	25.0	3087586.0	HG01496#2#CM086395.1	scaffold	1	1	1346562				7	594672	HG01496#2#CM086396.1	contig	0	0	496967				2	233234				2	239915	164007	local:hprc_censat		
HG01884	mat	2	HG01884_mat_hprc_r2_v1.0.1	hifiasm	0.19.7	trio	hprc	3057354013	83	54.0	3750342.0				5	145101				5	201569				3	346007				8	1012958	HG01884#2#CM086432.1	contig	0	1	188674	1843805	local:hprc_censat		
HG01981	mat	2	HG01981_mat_hprc_r2_v1.0.1	hifiasm	0.19.7	trio	hprc	3035425843	77	51.0	4281473.0				1	224571				5	58008				3	108947	HG01981#2#CM086344.1	contig	0	1	648996				5	423652	2805071	local:hprc_censat		
HG01993	mat	2	HG01993_mat_hprc_r2_v1.0.1	hifiasm	0.19.7	trio	hprc	3033018329	95	48.0	5666325.0				2	254264				2	648943				5	1680667				5	625414				8	519513	1928356	local:hprc_censat		
HG02004	mat	2	HG02004_mat_hprc_r2_v1.0.1	hifiasm	0.19.7	trio	hprc	3030382749	100	43.0	3014585.0				2	153179				2	228237				1	19065				3	796931				4	385525	1419420	local:hprc_censat		
HG02027	mat	2	HG02027_mat_hprc_r2_v1.0.1	hifiasm	0.19.7	trio	hprc	3034549029	84	38.0	3007511.0				1	189241				6	463939				2	561404				2	852787				4	293664	634248	local:hprc_censat		
HG02083	mat	2	HG02083_mat_hprc_r2_v1.0.1	hifiasm	0.19.7	trio	hprc	3026866187	71	23.0	2204353.0				3	0	HG02083#2#CM086970.1	scaffold	1	2	423788				3	322423				1	234372				3	376314	835228	local:hprc_censat		
HG02132	mat	2	HG02132_mat_hprc_r2_v1.0.1	hifiasm	0.19.7	trio	hprc	3031330719	80	49.0	4059151.0	HG02132#2#CM086914.1	scaffold	2	0	246801	HG02132#2#CM086915.1	contig	0	2	562513				1	64470				2	466397	HG02132#2#CM086919.1	contig	0	0	572407	2134335	local:hprc_censat		
HG02280	mat	2	HG02280_mat_hprc_r2_v1.0.1	hifiasm	0.19.7	trio	hprc	3057568129	106	43.0	4979225.0				6	953432				7	1232427				5	560607				1	0				4	684213	1536318	local:hprc_censat		
HG02293	mat	2	HG02293_mat_hprc_r2_v1.0.1	hifiasm	0.19.7	trio	hprc	3053515157	105	48.0	4383749.0				1	187033				4	637123				6	11993	HG02293#2#CM086244.1	scaffold	1	1	525909				5	432497	2576966	local:hprc_censat		
HG02300	mat	2	HG02300_mat_hprc_r2_v1.0.1	hifiasm	0.19.7	trio	hprc	3042226113	102	52.0	3288422.0				2	101613				4	289264				2	239040				2	193424				5	587712	1865141	local:hprc_censat		
HG02451	mat	2	HG02451_mat_hprc_r2_v1.0.1	hifiasm	0.19.7	trio	hprc	3026428745	79	28.0	2314396.0				1	359198				9	870425				11	233316				3	106026				2	102759	630444	local:hprc_censat		
HG02523	mat	2	HG02523_mat_hprc_r2_v1.0.1	hifiasm	0.19.7	trio	hprc	3034610316	60	45.0	3747941.0				1	499159				4	778241	HG02523#2#CM086945.1	contig	0	0	326269				1	54365	HG02523#2#CM086949.1	contig	0	2	352243	1725445	local:hprc_censat		
HG02615	mat	2	HG02615_mat_hprc_r2_v1.0.1	hifiasm	0.19.7	trio	hprc	3032008360	75	40.0	3055457.0				2	52699				5	750183				12	466079				5	306451	HG02615#2#CM086701.1	scaffold	1	0	552450	918438	local:hprc_censat		
HG02647	mat	2	HG02647_mat_hprc_r2_v1.0.1	hifiasm	0.19.7	trio	hprc	3026852967	73	42.0	2429573.0				2	0				4	153398				4	111334				4	432979				5	142474	1577161	local:hprc_censat		
HG02698	mat	2	HG02698_mat_hprc_r2_v1.0.1	hifiasm	0.19.7	trio	hprc	3037133556	66	37.0	2809058.0				2	274349				5	494013				2	174226				3	682339				1	180917	990986	local:hprc_censat		
HG03654	mat	2	HG03654_mat_hprc_r2_v1.0.1	hifiasm	0.19.7	trio	hprc	3036093333	101	47.0	3751429.0				4	185782				8	386080				3	332094				1	289439				10	536282	2009524	local:hprc_censat		
HG03669	mat	2	HG03669_mat_hprc_r2_v1.0.1	hifiasm	0.19.7	trio	hprc	3029875034	77	45.0	2048420.0				1	8342				2	203271				1	155853				7	450376				3	447030	771320	local:hprc_censat		
HG03688	mat	2	HG03688_mat_hprc_r2_v1.0.1	hifiasm	0.19.7	trio	hprc	3038142852	97	58.0	4415096.0				1	634709				1	236481				1	62213				2	508256				6	398892	2562317	local:hprc_censat		
HG03704	mat	2	HG03704_mat_hprc_r2_v1.0.1	hifiasm	0.19.7	trio	hprc	3041321948	64	28.0	1807824.0				6	288583				4	419378				2	198640	HG03704#2#CM086199.1	contig	0	0	143034				3	329103	416858	local:hprc_censat		
HG03710	mat	2	HG03710_mat_hprc_r2_v1.0.1	hifiasm	0.19.7	trio	hprc	3025781520	70	44.0	4130360.0				2	144006	HG03710#2#CM086888.1	contig	0	5	625241				3	782903				2	53484				4	333418	2179080	local:hprc_censat		
HG03831	mat	2	HG03831_mat_hprc_r2_v1.0.1	hifiasm	0.19.7	trio	hprc	3039164635	117	58.0	4473867.0				1	185580				10	381184				1	18968				8	1621665				4	534629	1719613	local:hprc_censat		
HG03927	mat	2	HG03927_mat_hprc_r2_v1.0.1	hifiasm	0.19.7	trio	hprc	3033445725	95	53.0	3981357.0				3	56156	HG03927#2#CM086666.1	contig	0	4	722479				1	299265				2	189465				4	423413	2278351	local:hprc_censat		
HG04115	mat	2	HG04115_mat_hprc_r2_v1.0.1	hifiasm	0.19.7	trio	hprc	3058113536	99	52.0	4479889.0				3	657449	HG04115#2#CM086771.1	contig	0	3	195815				1	329172				5	327818				4	378164	2579243	local:hprc_censat		
HG04184	mat	2	HG04184_mat_hprc_r2_v1.0.1	hifiasm	0.19.7	trio	hprc	3033913796	96	60.0	4194902.0				4	196063				4	309646				2	153655				2	44095				5	378470	3100745	local:hprc_censat		
HG04199	mat	2	HG04199_mat_hprc_r2_v1.0.1	hifiasm	0.19.7	trio	hprc	3027949327	83	51.0	4116999.0				1	321226				3	515449				1	155600				3	473090				7	449625	2189781	local:hprc_censat		
HG02738	mat	2	HG02738_mat_hprc_r2_v1.0.1	hifiasm	0.19.7	trio	hprc	3038222761	65	31.0	3628152.0				1	386524				7	1374355				4	152125				2	324576				2	510635	867710	local:hprc_censat		
HG00621	mat	2	HG00621_mat_hprc_r2_v1.0.1	hifiasm	0.19.7	trio	hprc	3022746725	56	36.0	3980604.0				1	180822				2	658089				1	476664				3	102846	HG00621#2#CM087875.1	contig	0	4	991538	1558417	local:hprc_censat		
HG00741	mat	2	HG00741_mat_hprc_r2_v1.0.1	hifiasm	0.19.7	trio	hprc	3052201995	73	37.0	3059070.0				1	413321				6	868287				1	20266				4	562881				3	200406	984741	local:hprc_censat		
HG01106	mat	2	HG01106_mat_hprc_r2_v1.0.1	hifiasm	0.19.7	trio	hprc	3026705730	84	43.0	2645276.0				4	0				2	179310				1	65223				3	3078				2	234030	2151407	local:hprc_censat		
HG01175	mat	2	HG01175_mat_hprc_r2_v1.0.1	hifiasm	0.19.7	trio	hprc	3038269162	59	31.0	2601946.0				2	100753				3	281063	HG01175#2#CM087945.1	contig	0	1	377703				3	957170				4	425673	447356	local:hprc_censat		
HG01258	mat	2	HG01258_mat_hprc_r2_v1.0.1	hifiasm	0.19.7	trio	hprc	3039835784	92	54.0	6012477.0				2	447939				3	1189567				1	243979				1	192724				6	969908	2956132	local:hprc_censat		
HG01891	mat	2	HG01891_mat_hprc_r2_v1.0.1	hifiasm	0.19.7	trio	hprc	3024502707	89	36.0	2010445.0				2	191128				6	328983				7	14780				5	353758				3	377659	731909	local:hprc_censat		
HG01952	mat	2	HG01952_mat_hprc_r2_v1.0.1	hifiasm	0.19.7	trio	hprc	3023447555	67	44.0	3861247.0				1	54961				4	307281				1	220084				3	153483				5	1457464	1655746	local:hprc_censat		
HG02148	mat	2	HG02148_mat_hprc_r2_v1.0.1	hifiasm	0.19.7	trio	hprc	3033077268	71	37.0	2138480.0				2	54418	HG02148#2#CM088031.1	contig	0	0	9176				2	62834				3	378735				4	107633	1513456	local:hprc_censat		
HG02486	mat	2	HG02486_mat_hprc_r2_v1.0.1	hifiasm	0.19.7	trio	hprc	3034970076	58	35.0	3127331.0				2	192616				3	514789				1	284924				3	249116				4	654798	1218860	s3:working/HPRC/HG02486/assemblies/release2/annotation/censat/HG02486_mat_hprc_r2_v1.cenSat.bed		
HG02559	mat	2	HG02559_mat_hprc_r2_v1.0.1	hifiasm	0.19.7	trio	hprc	3033620171	70	46.0	3501669.0				7	317415				5	253806				2	549839				1	98342				3	386060	1655511	s3:working/HPRC/HG02559/assemblies/release2/annotation/censat/HG02559_mat_hprc_r2_v1.cenSat.bed		
HG02572	mat	2	HG02572_mat_hprc_r2_v1.0.1	hifiasm	0.19.7	trio	hprc	3043136228	81	50.0	4218036.0				1	504883				7	529359				1	330679				6	834639				4	194757	1811491	local:hprc_censat		
HG02622	mat	2	HG02622_mat_hprc_r2_v1.0.1	hifiasm	0.19.7	trio	hprc	3042954219	113	58.0	5160706.0				4	99004				4	337209				1	223760				5	1148425				7	1202639	2137442	local:hprc_censat		
HG02886	mat	2	HG02886_mat_hprc_r2_v1.0.1	hifiasm	0.19.7	trio	hprc	3038239621	112	65.0	4681205.0				4	0				12	1361578				6	64932				11	1188206				3	369766	1684496	local:hprc_censat		
HG03453	mat	2	HG03453_mat_hprc_r2_v1.0.1	hifiasm	0.19.7	trio	hprc	3052597743	135	67.0	3739647.0				28	273758				8	755826				2	325822				6	401515				3	245476	1725021	local:hprc_censat		
HG03540	mat	2	HG03540_mat_hprc_r2_v1.0.1	hifiasm	0.19.7	trio	hprc	3045628733	100	61.0	4989729.0				2	144247				3	842805				1	107123				2	95875				7	1112687	2674773	local:hprc_censat		
HG00099	hap2	2	HG00099_hap2_hprc_r2_v1.0.1	hifiasm	0.19.9	hic	hprc	3038703464	99	69.0	7871848.0				5	277263				14	3572948				4	469879				4	675378	HG00099#2#CM087372.1	scaffold	1	3	298598	2565554	local:hprc_censat		
HG00140	hap2	2	HG00140_hap2_hprc_r2_v1.0.1	hifiasm	0.19.9	hic	hprc	3045493630	61	41.0	5806035.0				2	1267211	HG00140#2#CM087143.1	scaffold	1	3	1138741				3	153635				3	848203	HG00140#2#CM087147.1	contig	0	2	562060	1823957	local:hprc_censat		
HG00280	hap2	2	HG00280_hap2_hprc_r2_v1.0.1	hifiasm	0.19.9	hic	hprc	3041544534	79	35.0	3433368.0	HG00280#2#CM087167.1	scaffold	1	0	322586				5	360580				1	239269				3	516879				3	416469	1565356	local:hprc_censat		
HG00323	hap2	2	HG00323_hap2_hprc_r2_v1.0.1	hifiasm	0.19.9	hic	hprc	3026270073	84	47.0	4246910.0				4	196314				3	68008				2	152756				5	634876	HG00323#2#CM087341.1	scaffold	1	2	958374	2224354	local:hprc_censat		
HG02040	hap2	2	HG02040_hap2_hprc_r2_v1.0.1	hifiasm	0.19.9	hic	hprc	3039451903	68	37.0	4568605.0				7	143950	HG02040#2#CM087411.1	scaffold	1	3	791908				3	245647				1	773376				1	3057	2598439	local:hprc_censat		
HG02165	hap2	2	HG02165_hap2_hprc_r2_v1.0.1	hifiasm	0.19.9	hic	hprc	3033793556	73	40.0	4924489.0				3	0	HG02165#2#CM087465.1	contig	0	7	1558336				1	284132				2	378689				6	1616330	1074774	local:hprc_censat		
HG02273	hap2	2	HG02273_hap2_hprc_r2_v1.0.1	hifiasm	0.19.9	hic	hprc	3051476841	90	54.0	5891879.0				2	511611				6	1604581				3	737790				8	1059538				5	686482	1279649	local:hprc_censat		
HG02922	hap2	2	HG02922_hap2_hprc_r2_v1.0.1	hifiasm	0.19.9	hic	hprc	3027370736	84	52.0	5394699.0				2	580153				3	561209				3	1090983				3	836252				2	421489	1892384	local:hprc_censat		
HG02965	hap2	2	HG02965_hap2_hprc_r2_v1.0.1	hifiasm	0.19.9	hic	hprc	3056577554	74	44.0	5080807.0	HG02965#2#CM087395.1	contig	0	3	916711				8	1326075	HG02965#2#CM087396.1	scaffold	1	0	197320				3	655867	HG02965#2#CM087401.1	contig	0	2	409016	1563591	local:hprc_censat		
HG02976	hap2	2	HG02976_hap2_hprc_r2_v1.0.1	hifiasm	0.19.9	hic	hprc	3042892018	94	45.0	5478307.0				3	1060308				5	973679				1	11993				3	272976				2	10027	3137096	local:hprc_censat		
HG03130	hap2	2	HG03130_hap2_hprc_r2_v1.0.1	hifiasm	0.19.9	hic	hprc	3040598634	99	40.0	5244191.0				7	228892	HG03130#2#CM087276.1	scaffold	2	4	403357				2	282945				2	503047				5	1634908	2178814	local:hprc_censat		
HG03195	hap2	2	HG03195_hap2_hprc_r2_v1.0.1	hifiasm	0.19.9	hic	hprc	3042992094	79	39.0	4316635.0				1	393718				8	924623	HG03195#2#CM087092.1	contig	0	4	334712				6	831776	HG03195#2#CM087098.1	contig	0	2	116374	1703204	local:hprc_censat		
HG03209	hap2	2	HG03209_hap2_hprc_r2_v1.0.1	hifiasm	0.19.9	hic	hprc	3038059664	74	35.0	2702360.0				3	53308				2	9178				3	198047				6	563867				3	392187	1473545	local:hprc_censat		
NA18522	hap2	2	NA18522_hap2_hprc_r2_v1.0.1	hifiasm	0.19.9	hic	hprc	3032450852	78	40.0	3447059.0	NA18522#2#CM087197.1	scaffold	1	1	473389				9	789163				3	59868				3	242980				1	279232	1590199	local:hprc_censat		
NA18747	hap2	2	NA18747_hap2_hprc_r2_v1.0.1	hifiasm	0.19.9	hic	hprc	3029714943	76	51.0	5601049.0				2	441630				5	1609718				2	11993				4	655638				6	534196	2335646	local:hprc_censat		
NA18971	hap2	2	NA18971_hap2_hprc_r2_v1.0.1	hifiasm	0.19.9	hic	hprc	3027062133	93	38.0	4528677.0				1	119062				8	651398				3	11993	NA18971#2#CM087290.1	scaffold	2	3	1173881	NA18971#2#CM087291.1	scaffold	3	3	1018908	1141099	local:hprc_censat		
NA18983	hap2	2	NA18983_hap2_hprc_r2_v1.0.1	hifiasm	0.19.9	hic	hprc	3031370631	98	53.0	6174755.0				10	1302148				10	2012855				2	601483				3	362238				2	465878	1228961	local:hprc_censat		
NA19043	hap2	2	NA19043_hap2_hprc_r2_v1.0.1	hifiasm	0.19.9	hic	hprc	3025972752	78	32.0	2833004.0				6	491644				7	427692				2	20266				3	335430	NA19043#2#CM087083.1	contig	0	1	141091	1404663	local:hprc_censat		
NA20905	hap2	2	NA20905_hap2_hprc_r2_v1.0.1	hifiasm	0.19.9	hic	hprc	3025539326	92	59.0	6618314.0				3	54087				6	481780				3	829808	NA20905#2#CM087517.1	contig	0	4	792416	NA20905#2#CM087518.1	contig	0	3	1296864	3151131	local:hprc_censat		
HG01530	hap2	2	HG01530_hap2_hprc_r2_v1.0.1	hifiasm	0.19.9	hic	hprc	3037300972	91	40.0	3733592.0				3	0				9	791401				5	13234				6	993914	HG01530#2#CM087566.1	contig	0	3	503281	1419543	local:hprc_censat		
HG01784	hap2	2	HG01784_hap2_hprc_r2_v1.0.1	hifiasm	0.19.9	hic	hprc	3019111824	72	31.0	3847669.0				2	230304				5	1895776				4	19439				1	3078	HG01784#2#CM087608.1	contig	0	1	364402	504777	local:hprc_censat		
HG02391	hap2	2	HG02391_hap2_hprc_r2_v1.0.1	hifiasm	0.19.9	hic	hprc	3051997551	70	39.0	8413825.0				2	997235				6	3258601				1	411381				2	149096				3	1235442	2028438	local:hprc_censat		
HG03471	hap2	2	HG03471_hap2_hprc_r2_v1.0.1	hifiasm	0.19.9	hic	hprc	3035030319	106	57.0	6338015.0				5	766232				2	247633				2	463027				4	1031925				2	643482	2721766	s3:working/HPRC/HG03471/assemblies/release2/annotation/censat/HG03471_hap2_hprc_r2_v1.cenSat.bed		
HG03742	hap2	2	HG03742_hap2_hprc_r2_v1.0.1	hifiasm	0.19.9	hic	hprc	3055805863	83	41.0	4802647.0	HG03742#2#CM087650.1	contig	0	1	187809				3	527725				1	363605				3	768139				9	2043637	899504	local:hprc_censat		
NA18570	hap2	2	NA18570_hap2_hprc_r2_v1.0.1	hifiasm	0.19.9	hic	hprc	3036370447	63	26.0	4338293.0				3	1276797	NA18570#2#CM087684.1	scaffold	1	1	698217	NA18570#2#CM087685.1	contig	0	0	288197				2	52375	NA18570#2#CM087690.1	contig	0	2	767805	1242674	local:hprc_censat		
NA19087	hap2	2	NA19087_hap2_hprc_r2_v1.0.1	hifiasm	0.19.9	hic	hprc	3039427434	73	42.0	7385835.0				4	1444580	NA19087#2#CM087714.1	contig	0	4	1761552	NA19087#2#CM087715.1	contig	0	1	960662				1	0	NA19087#2#CM087718.1	scaffold	1	2	768796	2438017	local:hprc_censat		
NA19185	hap2	2	NA19185_hap2_hprc_r2_v1.0.1	hifiasm	0.19.9	hic	hprc	3044112228	59	33.0	4223044.0	NA19185#2#CM087747.1	scaffold	1	0	320270	NA19185#2#CM087748.1	contig	0	8	1445769				4	11993				1	3079				6	1294584	1135121	local:hprc_censat		
NA19338	hap2	2	NA19338_hap2_hprc_r2_v1.0.1	hifiasm	0.19.9	hic	hprc	3047764672	75	37.0	3911934.0				3	640043				8	797458				2	152335	NA19338#2#CM087787.1	contig	0	1	675513				1	187470	1066267	local:hprc_censat		
NA19391	hap2	2	NA19391_hap2_hprc_r2_v1.0.1	hifiasm	0.19.9	hic	hprc	3038913885	71	30.0	4233290.0				2	74604	NA19391#2#CM087808.1	contig	0	0	374824				3	1397853				4	639864	NA19391#2#CM087814.1	contig	0	5	997444	736473	local:hprc_censat		
NA19468	hap2	2	NA19468_hap2_hprc_r2_v1.0.1	hifiasm	0.19.9	hic	hprc	3053766572	72	35.0	5651805.0				2	723843	NA19468#2#CM087840.1	contig	0	5	1053747				3	584040	NA19468#2#CM087845.1	contig	0	1	694474	NA19468#2#CM087846.1	scaffold	1	2	684102	1899380	local:hprc_censat		
HG00438	mat	2	HG00438_mat_hprc_r2_v1.0.1	hifiasm	0.19.9	trio	hprc	3029865044	76	42.0	4159593.0				1	183752				3	222917				2	476447	HG00438#2#CM089202.1	contig	0	3	876887				4	748147	1639215	local:hprc_censat		
HG00558	mat	2	HG00558_mat_hprc_r2_v1.0.1	hifiasm	0.19.9	trio	hprc	3039689402	70	21.0	1991217.0				7	271793	HG00558#2#CM088531.1	contig	0	1	472129	HG00558#2#CM088532.1	scaffold	2	0	100064				1	0				2	669732	465271	local:hprc_censat		
HG00639	mat	2	HG00639_mat_hprc_r2_v1.0.1	hifiasm	0.19.9	trio	hprc	3035663863	80	41.0	4389744.0				3	0				7	2226466				2	563820				4	297630				2	196928	1092672	local:hprc_censat		
HG00658	mat	2	HG00658_mat_hprc_r2_v1.0.1	hifiasm	0.19.9	trio	hprc	3024537228	58	25.0	2176625.0				1	3078				1	278718	HG00658#2#CM088805.1	contig	0	0	63354				2	886042				5	366357	566848	local:hprc_censat		
HG00673	mat	2	HG00673_mat_hprc_r2_v1.0.1	hifiasm	0.19.9	trio	hprc	3021410523	62	26.0	1684363.0				5	289629				5	507201				1	152229				1	0				3	240857	482219	local:hprc_censat		
HG01071	mat	2	HG01071_mat_hprc_r2_v1.0.1	hifiasm	0.19.9	trio	hprc	3023830629	76	44.0	3265968.0				2	281697				7	312236				2	65204				1	0	HG01071#2#CM089140.1	contig	0	1	509401	1578790	local:hprc_censat		
HG01074	mat	2	HG01074_mat_hprc_r2_v1.0.1	hifiasm	0.19.9	trio	hprc	3027019044	71	41.0	4741409.0				3	323843				3	473184				1	64042				3	878071				2	985550	2007551	local:hprc_censat		
HG01081	mat	2	HG01081_mat_hprc_r2_v1.0.1	hifiasm	0.19.9	trio	hprc	3046401627	69	45.0	6302311.0				2	327259				7	2400002				1	321845				2	140065				6	736832	2364080	local:hprc_censat		
HG01123	mat	2	HG01123_mat_hprc_r2_v1.0.1	hifiasm	0.19.9	trio	hprc	3022226154	58	26.0	2379773.0				3	233685	HG01123#2#CM089104.1	scaffold	1	2	460935				2	198225	HG01123#2#CM089108.1	contig	0	0	763273	HG01123#2#CM089109.1	contig	0	2	274567	436860	s3:working/HPRC/HG01123/assemblies/release2/annotation/censat/HG01123_mat_hprc_r2_v1.cenSat.bed		
HG01150	mat	2	HG01150_mat_hprc_r2_v1.0.1	hifiasm	0.19.9	trio	hprc	3032079274	56	27.0	3153178.0				2	215308				4	70300	HG01150#2#CM088621.1	contig	0	0	200762	HG01150#2#CM088626.1	contig	0	1	765622				4	1324002	564956	local:hprc_censat		
HG01252	mat	2	HG01252_mat_hprc_r2_v1.0.1	hifiasm	0.19.9	trio	hprc	3036106664	75	34.0	4777232.0				2	506201				4	884016				3	172592				1	629530				2	275228	2300497	local:hprc_censat		
HG01358	mat	2	HG01358_mat_hprc_r2_v1.0.1	hifiasm	0.19.9	trio	hprc	3037338744	81	42.0	3248839.0				2	277011				5	363083	HG01358#2#CM089075.1	scaffold	1	2	153849				5	513722	HG01358#2#CM089080.1	scaffold	1	1	603311	1328695	local:hprc_censat		
HG01361	mat	2	HG01361_mat_hprc_r2_v1.0.1	hifiasm	0.19.9	trio	hprc	3037739883	87	49.0	4360491.0				2	143440				4	992247				1	241924				5	1187175	HG01361#2#CM089049.1	scaffold	1	2	625975	1157502	local:hprc_censat		
HG01928	mat	2	HG01928_mat_hprc_r2_v1.0.1	hifiasm	0.19.9	trio	hprc	3038015365	71	36.0	3399320.0				1	225345				1	114408	HG01928#2#CM089011.1	scaffold	1	0	153349	HG01928#2#CM089017.1	contig	0	0	192692				3	361804	2339494	local:hprc_censat		
HG01934	mat	2	HG01934_mat_hprc_r2_v1.0.1	hifiasm	0.19.9	trio	hprc	3020714045	87	50.0	3554388.0				1	114471				6	202165				3	426270				4	573562				2	105749	2119943	local:hprc_censat		
HG01940	mat	2	HG01940_mat_hprc_r2_v1.0.1	hifiasm	0.19.9	trio	hprc	3031213631	56	28.0	2618029.0				1	55394				2	0				2	245388				3	289313				3	730445	1285270	local:hprc_censat		
HG01960	mat	2	HG01960_mat_hprc_r2_v1.0.1	hifiasm	0.19.9	trio	hprc	3027539125	85	50.0	4265190.0				1	229203				3	517170				1	642402				5	866408				4	333121	1667729	local:hprc_censat		
HG01969	mat	2	HG01969_mat_hprc_r2_v1.0.1	hifiasm	0.19.9	trio	hprc	3030812428	62	30.0	5142367.0	HG01969#2#CM088706.1	contig	0	0	416101				4	1421835				1	1032806				1	3078	HG01969#2#CM088709.1	contig	0	1	324025	1932294	local:hprc_censat		
HG01978	mat	2	HG01978_mat_hprc_r2_v1.1.0	hifiasm	0.19.9	trio	hprc	3036558507	83	39.0	4649902.0				3	332193				4	879668				4	11993				2	0				5	1256537	2157283	local:hprc_censat		
HG02071	mat	2	HG02071_mat_hprc_r2_v1.0.1	hifiasm	0.19.9	trio	hprc	3031209015	98	49.0	3237918.0				1	3079				4	623688				1	62841				2	143918				6	710342	1354568	local:hprc_censat		
HG02074	mat	2	HG02074_mat_hprc_r2_v1.0.1	hifiasm	0.19.9	trio	hprc	3031442582	98	32.0	2633092.0	HG02074#2#CM088302.1	scaffold	1	0	217280				4	465211				1	512438	HG02074#2#CM088306.1	scaffold	1	1	148114				3	251943	1025878	local:hprc_censat		
HG02135	mat	2	HG02135_mat_hprc_r2_v1.0.1	hifiasm	0.19.9	trio	hprc	3023684719	101	53.0	4019198.0				4	286065				6	873983				2	154222				1	98321				3	802495	1791884	local:hprc_censat		
HG02257	mat	2	HG02257_mat_hprc_r2_v1.1.0	hifiasm	0.19.9	trio	hprc	3031873194	79	27.0	2660106.0				2	3079	HG02257#2#CM089267.1	scaffold	2	3	303984				3	8706				3	820439				2	810866	700804	local:hprc_censat		
HG02668	mat	2	HG02668_mat_hprc_r2_v1.0.1	hifiasm	0.19.9	trio	hprc	3025438092	72	30.0	2870049.0				3	0				4	660621				1	267601				1	289472				5	54230	1585897	local:hprc_censat		
HG02717	mat	2	HG02717_mat_hprc_r2_v1.0.1	hifiasm	0.19.9	trio	hprc	3046061858	76	55.0	4228253.0				1	236751				5	571651				1	194521				4	609456				2	276543	2327103	local:hprc_censat		
HG02809	mat	2	HG02809_mat_hprc_r2_v1.0.1	hifiasm	0.19.9	trio	hprc	3031064462	84	60.0	6357887.0				2	167637				7	1242245				2	293061				3	60069				8	983753	3276593	local:hprc_censat		
HG03017	mat	2	HG03017_mat_hprc_r2_v1.0.1	hifiasm	0.19.9	trio	hprc	3031248336	89	60.0	7439075.0				1	396141				8	2439967				1	918591				2	369763				3	363911	2938474	local:hprc_censat		
HG03041	mat	2	HG03041_mat_hprc_r2_v1.0.1	hifiasm	0.19.9	trio	hprc	3041686390	64	30.0	3946033.0				1	3078				3	1125859				4	1179620	HG03041#2#CM088742.1	contig	0	5	1186231				2	234168	207910	local:hprc_censat		
HG03239	mat	2	HG03239_mat_hprc_r2_v1.0.1	hifiasm	0.19.9	trio	hprc	3015261722	68	38.0	4190266.0				7	143511				6	758681				1	513180	HG03239#2#CM088772.1	contig	0	5	1208690				1	417359	1136617	local:hprc_censat		
HG03516	mat	2	HG03516_mat_hprc_r2_v1.1.0	hifiasm	0.19.9	trio	hprc	3025338566	72	42.0	2874178.0				4	392882	HG03516#2#CM089237.1	scaffold	4	3	461633	HG03516#2#CM089238.1	scaffold	1	0	286688				3	147033				6	628554	945160	local:hprc_censat		
HG03804	mat	2	HG03804_mat_hprc_r2_v1.0.1	hifiasm	0.19.9	trio	hprc	3049871752	109	57.0	6202829.0				2	557561				6	674795				3	333525				4	387798				5	1348993	2887929	local:hprc_censat		
HG03942	mat	2	HG03942_mat_hprc_r2_v1.0.1	hifiasm	0.19.9	trio	hprc	3039320953	103	58.0	4897405.0				4	54012				2	149117				1	468330				2	282344				9	1127056	2804328	local:hprc_censat		
HG04157	mat	2	HG04157_mat_hprc_r2_v1.0.1	hifiasm	0.19.9	trio	hprc	3018953031	97	32.0	3453860.0				1	54877				4	1154218				2	61497				4	788063				4	703489	679488	local:hprc_censat		
HG04160	mat	2	HG04160_mat_hprc_r2_v1.0.1	hifiasm	0.19.9	trio	hprc	3024231907	78	35.0	1869480.0	HG04160#2#CM088454.1	scaffold	1	0	233942				2	9177				1	108561				6	879134				2	107324	519114	local:hprc_censat		
HG04204	mat	2	HG04204_mat_hprc_r2_v1.0.1	hifiasm	0.19.9	trio	hprc	3032284382	102	57.0	3880174.0				1	188802				3	377224				1	412983				5	665926				2	184507	2038504	local:hprc_censat		
HG04228	mat	2	HG04228_mat_hprc_r2_v1.0.1	hifiasm	0.19.9	trio	hprc	3019442738	62	27.0	1821161.0				5	599079	HG04228#2#CM088515.1	scaffold	1	3	108408				1	241233				1	173090				1	142944	544179	local:hprc_censat		
HG00706	mat	2	HG00706_mat_hprc_r2_v1.0.1	hifiasm	0.19.9	trio	hprc	3039539098	83	43.0	3762998.0				2	255823				4	659853				3	380109				3	408862				6	422727	1623396	local:hprc_censat		
HG03816	mat	2	HG03816_mat_hprc_r2_v1.0.1	hifiasm	0.19.9	trio	hprc	3021560841	71	40.0	3387217.0				4	56099				7	1280548				1	18961				1	321357	HG03816#2#CM100053.1	contig	0	1	242424	1455600	local:hprc_censat		
HG00423	mat	2	HG00423_mat_hprc_r2_v1.0.1	hifiasm	0.19.9	trio	hprc	3044750928	75	43.0	3225762.0				1	94626				6	854103				1	198203				3	598679	HG00423#2#CM089425.1	contig	0	0	59373	1408550	local:hprc_censat		
HG00544	mat	2	HG00544_mat_hprc_r2_v1.0.1	hifiasm	0.19.9	trio	hprc	3027926088	62	38.0	3892444.0				3	3079				5	205101				1	717518				3	783428	HG00544#2#CM089395.1	contig	0	4	484202	1280794	local:hprc_censat		
HG01943	mat	2	HG01943_mat_hprc_r2_v1.0.1	hifiasm	0.19.9	trio	hprc	3063349020	127	36.0	3776216.0				3	279043				5	832435				4	243981				3	288208				4	536733	1583588	local:hprc_censat		
HG02735	mat	2	HG02735_mat_hprc_r2_v1.0.1	hifiasm	0.19.9	trio	hprc	3024621706	109	63.0	6284585.0				2	233999				5	946162				1	108511				4	517666				8	1112096	3353923	local:hprc_censat		
HG03225	hap2	2	HG03225_hap2_hprc_r2_v1.0.1	hifiasm	0.19.9	hic	hprc	3044600227	90	64.0	6891882.0				2	998287				9	1354745				4	325370				3	567520				7	1032436	2601296	local:hprc_censat		
NA19159	hap2	2	NA19159_hap2_hprc_r2_v1.0.1	hifiasm	0.19.9	hic	hprc	3020966200	69	38.0	6093903.0				1	376008				6	1408480				3	105884				6	2191926				3	144674	1857763	local:hprc_censat		
HG00126	hap2	2	HG00126_hap2_hprc_r2_v1.0.1	hifiasm	0.19.9	hic	hprc	3012536691	64	45.0	4179159.0				3	717029	HG00126#2#CM090131.1	contig	0	3	907566				1	105332				2	149309				5	837395	1453360	local:hprc_censat		
HG00128	hap2	2	HG00128_hap2_hprc_r2_v1.0.1	hifiasm	0.19.9	hic	hprc	3025377912	72	43.0	4024993.0				4	682741				5	325150	HG00128#2#CM090102.1	scaffold	3	0	246011				3	396665				3	137655	1785445	local:hprc_censat		
HG00133	hap2	2	HG00133_hap2_hprc_r2_v1.0.1	hifiasm	0.19.9	hic	hprc	3026136929	57	31.0	3542383.0				2	518166				4	975027				5	657315				2	282274	HG00133#2#CM090074.1	contig	0	1	156790	940583	local:hprc_censat		
HG00146	hap2	2	HG00146_hap2_hprc_r2_v1.0.1	hifiasm	0.19.9	hic	hprc	3061501463	85	39.0	4718801.0				2	462492				6	617835				2	0				4	1067499				8	543283	2015464	local:hprc_censat		
HG00232	hap2	2	HG00232_hap2_hprc_r2_v1.0.1	hifiasm	0.19.9	hic	hprc	3034866107	65	33.0	2764567.0				1	276112				4	364007	HG00232#2#CM090030.1	scaffold	1	0	341113				3	419725				5	561362	553957	local:hprc_censat		
HG00290	hap2	2	HG00290_hap2_hprc_r2_v1.0.1	hifiasm	0.19.9	hic	hprc	3023898091	57	43.0	5963054.0				1	799578				3	686930				1	197689				3	1539959				3	318641	2408029	local:hprc_censat		
HG00320	hap2	2	HG00320_hap2_hprc_r2_v1.0.1	hifiasm	0.19.9	hic	hprc	3033407114	76	40.0	5380118.0				9	413880				2	14440	HG00320#2#CM089972.1	contig	0	1	1181306				4	1032280				6	750319	1975665	local:hprc_censat		
HG00321	hap2	2	HG00321_hap2_hprc_r2_v1.0.1	hifiasm	0.19.9	hic	hprc	3020001351	57	34.0	4354329.0	HG00321#2#CM089579.1	scaffold	1	0	412139				5	1114712				1	936919				1	500479				3	522968	854884	local:hprc_censat		
HG01786	hap2	2	HG01786_hap2_hprc_r2_v1.0.1	hifiasm	0.19.9	hic	hprc	3031733984	89	48.0	5254483.0				3	278743				6	1006970				2	464021				4	236828				3	238882	3016811	local:hprc_censat		
HG02178	hap2	2	HG02178_hap2_hprc_r2_v1.0.1	hifiasm	0.19.9	hic	hprc	3045383483	59	29.0	2569955.0	HG02178#2#CM089943.1	scaffold	1	1	316605				4	800856				1	11994				3	62583				4	1194761	170928	local:hprc_censat		
HG02583	hap2	2	HG02583_hap2_hprc_r2_v1.0.1	hifiasm	0.19.9	hic	hprc	3040255669	67	37.0	5082015.0				3	742882				4	1142522				2	196678				4	517700	HG02583#2#CM089526.1	contig	0	1	150125	2319881	local:hprc_censat		
HG03270	hap2	2	HG03270_hap2_hprc_r2_v1.0.1	hifiasm	0.19.9	hic	hprc	3031194766	78	39.0	6045689.0				6	549743				10	1872161	HG03270#2#CM089919.1	scaffold	1	0	62006				2	278524				4	1051510	1138589	local:hprc_censat		
HG03583	hap2	2	HG03583_hap2_hprc_r2_v1.0.1	hifiasm	0.19.9	hic	hprc	3035597299	70	31.0	3986524.0				4	897724				6	426532				5	372106				4	550945				3	375996	808525	local:hprc_censat		
HG03874	hap2	2	HG03874_hap2_hprc_r2_v1.0.1	hifiasm	0.19.9	hic	hprc	3051246670	68	32.0	3917602.0	HG03874#2#CM089481.1	contig	0	0	507025				2	158735				6	790896				2	229680				1	461639	1760459	local:hprc_censat		
NA18505	hap2	2	NA18505_hap2_hprc_r2_v1.0.1	hifiasm	0.19.9	hic	hprc	3042920336	72	38.0	4802631.0				3	692833				5	818756				5	905027				3	1090907				2	55319	1227562	local:hprc_censat		
NA18508	hap2	2	NA18508_hap2_hprc_r2_v1.0.1	hifiasm	0.19.9	hic	hprc	3041464170	57	33.0	3489607.0				3	376260				4	209050				3	987334				4	505288				3	510533	888914	local:hprc_censat		
NA18608	hap2	2	NA18608_hap2_hprc_r2_v1.0.1	hifiasm	0.19.9	hic	hprc	3014238876	63	43.0	5406751.0				1	328617				4	1022345				2	102838				4	702714				3	907164	2330845	local:hprc_censat		
NA18620	hap2	2	NA18620_hap2_hprc_r2_v1.0.1	hifiasm	0.19.9	hic	hprc	3038456774	111	38.0	5662741.0				4	0				6	1718985				5	11993				6	436631				5	1147849	2335055	local:hprc_censat		
NA18952	hap2	2	NA18952_hap2_hprc_r2_v1.0.1	hifiasm	0.19.9	hic	hprc	3027422668	72	36.0	3204583.0				4	231867				5	1036533				2	11993				3	607565				4	300614	1003783	local:hprc_censat		
NA18974	hap2	2	NA18974_hap2_hprc_r2_v1.0.1	hifiasm	0.19.9	hic	hprc	3045553677	73	36.0	4291486.0				1	366633				8	1732600				3	20217				2	0				6	205965	1720227	local:hprc_censat		
NA18976	hap2	2	NA18976_hap2_hprc_r2_v1.0.1	hifiasm	0.19.9	hic	hprc	3043964170	88	35.0	3471800.0				4	380428				5	988095	NA18976#2#CM089767.1	scaffold	4	1	154791				2	96627	NA18976#2#CM089769.1	scaffold	2	3	844633	994998	local:hprc_censat		
NA19036	hap2	2	NA19036_hap2_hprc_r2_v1.0.1	hifiasm	0.19.9	hic	hprc	3028301465	70	43.0	4087820.0				3	229724				8	1121217				3	418168				4	224040				2	176620	1905824	local:hprc_censat		
NA19443	hap2	2	NA19443_hap2_hprc_r2_v1.0.1	hifiasm	0.19.9	hic	hprc	3023906516	66	34.0	4719925.0				1	3078				6	2349089				2	13234				3	912656				2	3054	1426586	local:hprc_censat		
NA19700	hap2	2	NA19700_hap2_hprc_r2_v1.0.1	hifiasm	0.19.9	hic	hprc	3018313210	56	40.0	4725387.0				1	829906				2	199878				2	11993				2	325184				6	1418731	1561550	local:hprc_censat		
NA20870	hap2	2	NA20870_hap2_hprc_r2_v1.0.1	hifiasm	0.19.9	hic	hprc	3036760052	84	47.0	3976819.0				2	101017				2	305422				2	158594				6	705862				5	300702	2392994	local:hprc_censat		
NA21093	hap2	2	NA21093_hap2_hprc_r2_v1.0.1	hifiasm	0.19.9	hic	hprc	3024821158	95	50.0	4711465.0				3	54858				8	449247				2	58676	NA21093#2#CM089616.1	scaffold	1	2	1057355				9	1046330	2032771	local:hprc_censat		
NA21106	hap2	2	NA21106_hap2_hprc_r2_v1.0.1	hifiasm	0.19.9	hic	hprc	3033287575	60	37.0	4103249.0				3	409322				6	935608				2	11994				2	1411390				4	243639	1079068	local:hprc_censat		
NA21110	hap2	2	NA21110_hap2_hprc_r2_v1.0.1	hifiasm	0.19.9	hic	hprc	3048786596	60	36.0	4529324.0				2	274793				3	518855	NA21110#2#CM089688.1	contig	0	1	110954				3	460612				5	668874	2483009	local:hprc_censat		
HG02392	hap2	2	HG02392_hap2_hprc_r2_v1.0.1	hifiasm	0.19.9	hic	hprc	3027554865	89	48.0	4946654.0				5	10068	HG02392#2#CM099895.1	scaffold	2	2	217132				3	11993				8	1014834	HG02392#2#CM099898.1	contig	0	0	96010	3584389	local:hprc_censat		
HG02514	mat	2	HG02514_mat_hprc_r2_v1.0.1	hifiasm	0.19.9	trio	hprc	3021729166	69	39.0	3841526.0				1	225449				3	150828	HG02514#2#CM098754.1	contig	0	0	153739				1	98873				1	960550	2239859	local:hprc_censat		
HG02841	mat	2	HG02841_mat_hprc_r2_v1.0.1	hifiasm	0.19.9	trio	hprc	3040448140	93	53.0	4179265.0				2	593173				12	395925				8	330314	HG02841#2#CM098683.1	contig	0	3	690870				3	328663	1828093	local:hprc_censat		
HG02984	mat	2	HG02984_mat_hprc_r2_v1.0.1	hifiasm	0.19.9	trio	hprc	3041816495	84	40.0	4333987.0				2	0				4	232643	HG02984#2#CM098811.1	contig	0	0	62643	HG02984#2#CM098815.1	contig	0	2	199083	HG02984#2#CM098816.1	scaffold	1	4	1667818	2159582	local:hprc_censat		
HG03050	mat	2	HG03050_mat_hprc_r2_v1.0.1	hifiasm	0.19.9	trio	hprc	3062408233	72	30.0	2386647.0				11	96579				5	1115247				1	200069				1	185014				2	321894	455617	local:hprc_censat		
NA20799	hap2	2	NA20799_hap2_hprc_r2_v1.0.1	hifiasm	0.19.9	hic	hprc	3021390685	68	39.0	6188163.0				2	856363				2	333626				1	412293				5	2319100				2	451323	1803235	local:hprc_censat		
HG01109	mat	2	HG01109_mat_hprc_r2_v1.0.1	hifiasm	0.19.9	trio	hprc	3031871038	121	54.0	3323544.0				3	372799				1	193943				3	13234				2	320869				4	922014	1491527	s3:working/HPRC_PLUS/HG01109/assemblies/release2/annotation/censat/HG01109_mat_hprc_r2_v1.cenSat.bed		
HG02055	mat	2	HG02055_mat_hprc_r2_v1.0.1	hifiasm	0.19.9	trio	hprc	3032086906	98	32.0	2348841.0				2	324983				5	562494	HG02055#2#CM092201.1	contig	0	0	107416				2	53065				5	250242	1041474	s3:working/HPRC_PLUS/HG02055/assemblies/release2/annotation/censat/HG02055_mat_hprc_r2_v1.cenSat.bed		
HG02080	mat	2	HG02080_mat_hprc_r2_v1.0.1	hifiasm	0.19.9	trio	hprc	3038075493	104	55.0	5321344.0				3	0				8	800502				6	11993				6	881665				3	332491	3275022	s3:working/HPRC_PLUS/HG02080/assemblies/release2/annotation/censat/HG02080_mat_hprc_r2_v1.cenSat.bed		
HG02109	mat	2	HG02109_mat_hprc_r2_v1.0.1	hifiasm	0.19.9	trio	hprc	3032684314	74	42.0	4160421.0				1	272814				4	206790				1	242368				3	196888	HG02109#2#CM092156.1	contig	0	2	750085	2253240	s3:working/HPRC_PLUS/HG02109/assemblies/release2/annotation/censat/HG02109_mat_hprc_r2_v1.cenSat.bed		
HG02723	mat	2	HG02723_mat_hprc_r2_v1.0.1	hifiasm	0.19.9	trio	hprc	3036432773	65	31.0	4044534.0				1	233858				5	1781470				8	110215	HG02723#2#CM092024.1	contig	0	3	433449	HG02723#2#CM092025.1	contig	0	4	971760	501554	s3:working/HPRC_PLUS/HG02723/assemblies/release2/annotation/censat/HG02723_mat_hprc_r2_v1.cenSat.bed		
HG02818	mat	2	HG02818_mat_hprc_r2_v1.0.1	hifiasm	0.19.9	trio	hprc	3047574390	112	34.0	2527434.0				1	3079				6	880025				4	286699				4	283556				6	288605	773243	s3:working/HPRC_PLUS/HG02818/assemblies/release2/annotation/censat/HG02818_mat_hprc_r2_v1.cenSat.bed		
HG03098	mat	2	HG03098_mat_hprc_r2_v1.0.1	hifiasm	0.19.9	trio	hprc	3066069042	103	38.0	2629958.0				12	59405				2	328481				2	292371				5	200133				2	184550	1555850	s3:working/HPRC_PLUS/HG03098/assemblies/release2/annotation/censat/HG03098_mat_hprc_r2_v1.cenSat.bed		
HG03486	mat	2	HG03486_mat_hprc_r2_v1.0.1	hifiasm	0.19.9	trio	hprc	3035206788	115	49.0	3204118.0				6	0				6	613127				6	107757				3	3078				3	295727	2175272	s3:working/HPRC_PLUS/HG03486/assemblies/release2/annotation/censat/HG03486_mat_hprc_r2_v1.cenSat.bed		
NA18906	mat	2	NA18906_mat_hprc_r2_v1.0.1	hifiasm	0.19.9	trio	hprc	3031789589	97	42.0	5060698.0				3	0				1	232870				2	639455				3	738600				6	1267018	2173587	s3:working/HPRC_PLUS/NA18906/assemblies/release2/annotation/censat/NA18906_mat_hprc_r2_v1.cenSat.bed		
NA20129	mat	2	NA20129_mat_hprc_r2_v1.0.1	hifiasm	0.19.9	trio	hprc	3052034577	95	36.0	3849953.0				3	453692				3	966925	NA20129#2#CM092127.1	scaffold	1	0	331490				3	646427				5	555793	886458	s3:working/HPRC_PLUS/NA20129/assemblies/release2/annotation/censat/NA20129_mat_hprc_r2_v1.cenSat.bed		
NA21309	mat	2	NA21309_mat_hprc_r2_v1.0.1	hifiasm	0.19.9	trio	hprc	3047919050	84	41.0	3409822.0				6	100488				6	1134958				2	739764				3	159066				8	420564	842754	s3:working/HPRC_PLUS/NA21309/assemblies/release2/annotation/censat/NA21309_mat_hprc_r2_v1.cenSat.bed		
HG00733	mat	2	HG00733_mat_hprc_r2_v1.0.1	hifiasm	0.19.9	trio	hprc	3041659549	98	61.0	6990553.0				1	191213				5	1316037				8	858348				7	1140978				3	578108	2896701	s3:working/HPRC_PLUS/HG00733/assemblies/release2/annotation/censat/HG00733_mat_hprc_r2_v1.0.1.cenSat.bed		
HG01243	mat	2	HG01243_mat_hprc_r2_v1.0.1	hifiasm	0.19.9	trio	hprc	3032147596	93	31.0	1952439.0	HG01243#2#CM099598.1	contig	0	0	274677				6	333758				1	285064				1	98850				7	290632	660291	s3:working/HPRC_PLUS/HG01243/assemblies/release2/annotation/censat/HG01243_mat_hprc_r2_v1.0.1.cenSat.bed		
NA19240	mat	2	NA19240_mat_hprc_r2_v1.0.1	hifiasm	0.19.9	trio	hprc	3024651147	65	35.0	2284432.0				2	185595				1	366565				2	62076				3	516895				1	317646	823428	s3:working/HPRC_PLUS/NA19240/assemblies/release2/annotation/censat/NA19240_mat_hprc_r2_v1.0.1.cenSat.bed		
HG005	mat	2	HG005_mat_hprc_r2_v1.0.1	hifiasm	0.19.9	trio	hprc	3039594550	135	58.0	4609331.0				7	3078				9	350452				5	1358454				6	499890				5	346109	2039120	s3:working/HPRC_PLUS/HG005/assemblies/release2/annotation/censat/HG005_mat_hprc_r2_v1.0.1.cenSat.bed		
HG00097	hap2	2	HG00097_hap2_hprc_r2_v1.0.1	hifiasm	0.19.9	hic	hprc	3042554887	62	43.0	4460822.0				1	3078				4	1251833				4	566982	HG00097#2#CM094087.1	scaffold	3	2	888085	HG00097#2#CM094088.1	contig	0	2	422066	1276620	local:hprc_censat		
HG00235	hap2	2	HG00235_hap2_hprc_r2_v1.0.1	hifiasm	0.19.9	hic	hprc	3041649113	61	36.0	3987560.0				2	234896	HG00235#2#CM094402.1	scaffold	1	2	1237567				2	242391	HG00235#2#CM094407.1	scaffold	2	2	859664	HG00235#2#CM094408.1	scaffold	1	2	115933	1284881	local:hprc_censat		
HG00253	hap2	2	HG00253_hap2_hprc_r2_v1.0.1	hifiasm	0.19.9	hic	hprc	3052327073	73	34.0	3519716.0				1	335551				5	1112524				1	331041				1	141682				2	275056	1308552	local:hprc_censat		
HG00272	hap2	2	HG00272_hap2_hprc_r2_v1.0.1	hifiasm	0.19.9	hic	hprc	3041009244	68	33.0	4858050.0				2	0				4	626474				3	932781				2	99143				1	461997	2725436	local:hprc_censat	chain	GRCh38 chain missing
HG00329	hap2	2	HG00329_hap2_hprc_r2_v1.0.1	hifiasm	0.19.9	hic	hprc	3051323471	83	32.0	3874288.0	HG00329#2#CM094245.1	contig	0	0	144500	HG00329#2#CM094246.1	scaffold	2	1	107733				4	11993				3	239288				5	1014097	2344448	local:hprc_censat		
HG00344	hap2	2	HG00344_hap2_hprc_r2_v1.0.1	hifiasm	0.19.9	hic	hprc	3017387345	69	40.0	4133011.0				1	55553				4	1106998				1	11994				6	723504				3	784029	1438710	local:hprc_censat		
HG00350	hap2	2	HG00350_hap2_hprc_r2_v1.0.1	hifiasm	0.19.9	hic	hprc	3028775548	73	44.0	4676329.0				2	495519				2	560107				1	62481				4	679914				7	434334	2431745	local:hprc_censat		
HG01167	hap2	2	HG01167_hap2_hprc_r2_v1.0.1	hifiasm	0.19.9	hic	hprc	3025821494	63	28.0	3682785.0				1	256431				6	1979248				4	11994				1	3078				3	529400	890406	local:hprc_censat		
HG03369	hap2	2	HG03369_hap2_hprc_r2_v1.0.1	hifiasm	0.19.9	hic	hprc	3020037500	71	53.0	6216646.0				1	51957				7	711913				2	1258301				2	514800				2	734477	2521341	local:hprc_censat		
HG03521	hap2	2	HG03521_hap2_hprc_r2_v1.0.1	hifiasm	0.19.9	hic	hprc	3097164776	90	44.0	5999336.0				4	54080				5	1100985				3	1148690	HG03521#2#CM094443.1	contig	0	2	820729				6	570215	1701207	local:hprc_censat		
HG03784	hap2	2	HG03784_hap2_hprc_r2_v1.0.1	hifiasm	0.19.9	hic	hprc	3034261234	75	51.0	5271026.0				2	232507				8	1365309				3	197493				5	847454				5	1044004	1572030	local:hprc_censat		
NA18565	hap2	2	NA18565_hap2_hprc_r2_v1.0.1	hifiasm	0.19.9	hic	hprc	3022424305	71	35.0	2901830.0				1	125186				9	993073				2	193747				2	267182				3	195356	1115058	local:hprc_censat		
NA19682	hap2	2	NA19682_hap2_hprc_r2_v1.0.1	hifiasm	0.19.9	hic	hprc	3035901842	72	44.0	5993982.0				1	914423				4	535606				3	713537				2	197911				6	1619472	2000805	local:hprc_censat		
NA19776	hap2	2	NA19776_hap2_hprc_r2_v1.0.1	hifiasm	0.19.9	hic	hprc	3037549644	66	45.0	6005965.0				2	351818				4	1394731				3	158501	NA19776#2#CM094059.1	contig	0	3	1978423				3	566793	1543471	local:hprc_censat		
NA19835	hap2	2	NA19835_hap2_hprc_r2_v1.0.1	hifiasm	0.19.9	hic	hprc	3034454932	77	45.0	5984367.0	NA19835#2#CM094040.1	contig	0	2	1031732				4	1147886				5	701351				3	55425				2	639230	2399575	local:hprc_censat		
NA19909	hap2	2	NA19909_hap2_hprc_r2_v1.0.1	hifiasm	0.19.9	hic	hprc	3036434788	76	43.0	5014024.0				1	677383				8	609738				4	562404	NA19909#2#CM094144.1	contig	0	3	1207923	NA19909#2#CM094145.1	contig	0	0	279347	1668082	local:hprc_censat		
NA20282	hap2	2	NA20282_hap2_hprc_r2_v1.0.1	hifiasm	0.19.9	hic	hprc	3021779145	67	33.0	3570037.0				1	757254				4	299953				1	282337				5	575940				1	3056	1639278	local:hprc_censat		
NA20346	hap2	2	NA20346_hap2_hprc_r2_v1.0.1	hifiasm	0.19.9	hic	hprc	3049365793	108	60.0	7023631.0				3	901853				4	756848	NA20346#2#CM094268.1	contig	0	1	803319				2	559820				11	777125	3212440	local:hprc_censat		
NA20809	hap2	2	NA20809_hap2_hprc_r2_v1.0.1	hifiasm	0.19.9	hic	hprc	3003400650	104	39.0	2974431.0				5	440747				4	289690				9	152835				2	137953				6	304370	1451294	local:hprc_censat		
NA20850	hap2	2	NA20850_hap2_hprc_r2_v1.0.1	hifiasm	0.19.9	hic	hprc	3033472782	79	40.0	3313850.0				2	319835				2	431840				1	63691				2	679597	NA20850#2#CM094315.1	contig	0	0	187166	1619493	local:hprc_censat		
NA21102	hap2	2	NA21102_hap2_hprc_r2_v1.0.1	hifiasm	0.19.9	hic	hprc	3038379095	64	36.0	3482255.0				2	3078	NA21102#2#CM094452.1	contig	0	2	425576				1	13234	NA21102#2#CM094455.1	contig	0	0	455309	NA21102#2#CM094456.1	contig	0	3	601431	1740514	local:hprc_censat		
NA21144	hap2	2	NA21144_hap2_hprc_r2_v1.0.1	hifiasm	0.19.9	hic	hprc	3018503151	76	42.0	6026243.0				1	236528				7	1004840				5	1081933				4	1215862				1	55067	2419786	local:hprc_censat		
HG00735	mat	2	HG00735_mat_hprc_r2_v1.0.1	hifiasm	0.19.7	trio	hprc	3034857027	84	28.0	2415537.0				5	249244				4	203092				1	63197				4	352910				1	386810	1151116	local:hprc_censat		
HG02155	hap2	2	HG02155_hap2_hprc_r2_v1.0.1	hifiasm	0.19.9	hic	hprc	3032908006	82	40.0	5280959.0				7	0	HG02155#2#CM091929.1	contig	0	1	243449				1	11993				7	1667575				5	1879638	1279074	local:hprc_censat		
HG02630	mat	2	HG02630_mat_hprc_r2_v1.0.1	hifiasm	0.19.7	trio	hprc	3035812244	99	56.0	6085722.0				2	272026				3	926702				2	108272				3	284677				7	1094397	3390491	local:hprc_censat		
HG03139	hap2	2	HG03139_hap2_hprc_r2_v1.0.1	hifiasm	0.19.9	hic	hprc	3033493906	68	35.0	5384642.0	HG03139#2#CM091844.1	contig	0	2	675258	HG03139#2#CM091845.1	contig	0	3	1197395				1	868425				5	1313535				3	736558	581243	local:hprc_censat		
HG03470	hap2	2	HG03470_hap2_hprc_r2_v1.0.1	hifiasm	0.19.9	hic	hprc	3042631505	69	42.0	6076574.0				6	1263832				4	349820				2	546308				3	829694	HG03470#2#CM091882.1	contig	0	5	751565	1959704	local:hprc_censat		
HG03579	mat	2	HG03579_mat_hprc_r2_v1.0.1	hifiasm	0.19.9	trio	hprc	3038742450	104	48.0	4151474.0				4	226480				7	934961	HG03579#2#CM089295.1	scaffold	1	7	411432				6	298702				4	558438	1709233	local:hprc_censat		
NA20805	hap2	2	NA20805_hap2_hprc_r2_v1.0.1	hifiasm	0.19.9	hic	hprc	3029627109	89	43.0	3859019.0				6	759472				2	105951				1	108877				5	306371	NA20805#2#CM091907.1	contig	0	2	1120805	1448375	local:hprc_censat		
NA18940	hap1	1	NA18940_hap1_hprc_r2_v1.0.1	hifiasm	0.19.8	hic	hpp	2904760418	23	15.0	1351552.0				1	721475				1	234298				1	11993				1	0				1	368509	0	s3:working/HPP/NA18940/assemblies/release2/annotation/censat/NA18940_hap1_hprc_r2_v1.0.1.cenSat.bed		
NA18943	hap1	1	NA18943_hap1_hprc_r2_v1.0.1	hifiasm	0.19.8	hic	hpp	2928042134	51	33.0	3974466.0				2	589855				3	520933				3	331967	NA18943#1#CM101669.1	scaffold	2	3	939056	NA18943#1#CM101670.1	scaffold	2	0	194873	1367096	s3:working/HPP/NA18943/assemblies/release2/annotation/censat/NA18943_hap1_hprc_r2_v1.0.1.cenSat.bed		
NA18944	hap1	1	NA18944_hap1_hprc_r2_v1.0.1	hifiasm	0.19.8	hic	hpp	2930010287	54	31.0	4356313.0				1	95691				5	922401				1	137667	NA18944#1#CM101655.1	contig	0	3	921242	NA18944#1#CM101656.1	scaffold	4	1	1580112	683923	s3:working/HPP/NA18944/assemblies/release2/annotation/censat/NA18944_hap1_hprc_r2_v1.0.1.cenSat.bed		
NA18945	hap1	1	NA18945_hap1_hprc_r2_v1.0.1	hifiasm	0.19.8	hic	hpp	2917234232	43	30.0	2275404.0				2	333945				2	520336				2	175272	NA18945#1#CM101625.1	scaffold	2	1	103336				2	656137	471101	s3:working/HPP/NA18945/assemblies/release2/annotation/censat/NA18945_hap1_hprc_r2_v1.0.1.cenSat.bed		
NA18948	hap1	1	NA18948_hap1_hprc_r2_v1.0.1	hifiasm	0.19.8	hic	hpp	2911939063	50	31.0	4628070.0				1	498313				2	432148				1	11993				3	2093089				1	112870	975910	s3:working/HPP/NA18948/assemblies/release2/annotation/censat/NA18948_hap1_hprc_r2_v1.0.1.cenSat.bed		
NA18959	hap1	1	NA18959_hap1_hprc_r2_v1.0.1	hifiasm	0.19.8	hic	hpp	2914544910	62	32.0	4777884.0				1	0				4	1000892				2	339660				3	463834	NA18959#1#CM101555.1	scaffold	1	3	2036197	925105	s3:working/HPP/NA18959/assemblies/release2/annotation/censat/NA18959_hap1_hprc_r2_v1.0.1.cenSat.bed		
NA18960	hap1	1	NA18960_hap1_hprc_r2_v1.0.1	hifiasm	0.19.8	hic	hpp	2941018753	56	37.0	5015450.0	NA18960#1#CM101536.1	contig	0	3	1050655	NA18960#1#CM101537.1	scaffold	1	1	637150				2	199395				5	955199				3	1363785	793989	s3:working/HPP/NA18960/assemblies/release2/annotation/censat/NA18960_hap1_hprc_r2_v1.0.1.cenSat.bed		
NA18967	hap1	1	NA18967_hap1_hprc_r2_v1.0.1	hifiasm	0.19.8	hic	hpp	2968374987	69	31.0	3175914.0				4	516716				4	550813				1	633531	NA18967#1#CM101507.1	scaffold	3	5	105199	NA18967#1#CM101508.1	scaffold	2	1	233571	1120807	s3:working/HPP/NA18967/assemblies/release2/annotation/censat/NA18967_hap1_hprc_r2_v1.0.1.cenSat.bed		
NA18970	hap1	1	NA18970_hap1_hprc_r2_v1.0.1	hifiasm	0.19.8	hic	hpp	2923921428	48	25.0	3498983.0	NA18970#1#CM101474.1	contig	0	1	100385				7	1283472				2	125340				2	801080	NA18970#1#CM101478.1	scaffold	1	0	205339	968090	s3:working/HPP/NA18970/assemblies/release2/annotation/censat/NA18970_hap1_hprc_r2_v1.0.1.cenSat.bed		
NA18982	hap1	1	NA18982_hap1_hprc_r2_v1.0.1	hifiasm	0.19.8	hic	hpp	2964553196	49	39.0	5957311.0	NA18982#1#CM101425.1	contig	0	0	77387				4	625766	NA18982#1#CM101426.1	scaffold	3	2	348710	NA18982#1#CM101428.1	scaffold	1	2	2587062				4	1341863	961246	s3:working/HPP/NA18982/assemblies/release2/annotation/censat/NA18982_hap1_hprc_r2_v1.0.1.cenSat.bed		
NA18940	hap2	2	NA18940_hap2_hprc_r2_v1.0.1	hifiasm	0.19.8	hic	hpp	2989360231	25	16.0	1757880.0				2	1076544				1	126696				1	106298	NA18940#2#CM101728.1	scaffold	3	0	0	NA18940#2#CM101729.1	scaffold	5	0	407910	0	s3:working/HPP/NA18940/assemblies/release2/annotation/censat/NA18940_hap2_hprc_r2_v1.0.1.cenSat.bed		
NA18943	hap2	2	NA18943_hap2_hprc_r2_v1.0.1	hifiasm	0.19.8	hic	hpp	3030799884	40	25.0	3700768.0				1	458191				1	57936				1	11993				2	1006107	NA18943#2#CM101699.1	scaffold	3	1	1454021	700292	s3:working/HPP/NA18943/assemblies/release2/annotation/censat/NA18943_hap2_hprc_r2_v1.0.1.cenSat.bed		
NA18944	hap2	2	NA18944_hap2_hprc_r2_v1.0.1	hifiasm	0.19.8	hic	hpp	3046592783	76	47.0	4749632.0	NA18944#2#CM101680.1	scaffold	1	0	362963				5	1044805				2	79818				5	1354406				3	350927	1544485	s3:working/HPP/NA18944/assemblies/release2/annotation/censat/NA18944_hap2_hprc_r2_v1.0.1.cenSat.bed		
NA18945	hap2	2	NA18945_hap2_hprc_r2_v1.0.1	hifiasm	0.19.8	hic	hpp	3013096913	53	29.0	2282531.0				4	240682				4	241095				1	132466	NA18945#2#CM101639.1	scaffold	2	3	1012519				2	158788	163701	s3:working/HPP/NA18945/assemblies/release2/annotation/censat/NA18945_hap2_hprc_r2_v1.0.1.cenSat.bed		
NA18948	hap2	2	NA18948_hap2_hprc_r2_v1.0.1	hifiasm	0.19.8	hic	hpp	3051108770	62	38.0	5375738.0				2	95940				4	1374803				1	508700				3	1629846				2	802004	925794	s3:working/HPP/NA18948/assemblies/release2/annotation/censat/NA18948_hap2_hprc_r2_v1.0.1.cenSat.bed		
NA18959	hap2	2	NA18959_hap2_hprc_r2_v1.0.1	hifiasm	0.19.8	hic	hpp	3071177540	71	52.0	5557897.0				3	879268				3	711479				2	110061	NA18959#2#CM101583.1	scaffold	2	2	801166	NA18959#2#CM101584.1	scaffold	5	3	1950891	994702	s3:working/HPP/NA18959/assemblies/release2/annotation/censat/NA18959_hap2_hprc_r2_v1.0.1.cenSat.bed		
NA18960	hap2	2	NA18960_hap2_hprc_r2_v1.0.1	hifiasm	0.19.8	hic	hpp	3018903344	72	46.0	5455740.0	NA18960#2#CM101565.1	contig	0	1	543575				1	860488				1	153779				5	1416101	NA18960#2#CM101570.1	scaffold	3	3	415639	2016884	s3:working/HPP/NA18960/assemblies/release2/annotation/censat/NA18960_hap2_hprc_r2_v1.0.1.cenSat.bed		
NA18967	hap2	2	NA18967_hap2_hprc_r2_v1.0.1	hifiasm	0.19.8	hic	hpp	3017786863	76	38.0	3829007.0	NA18967#2#CM101518.1	scaffold	3	5	518159				4	104172	NA18967#2#CM101519.1	scaffold	2	0	420339				4	103976				3	1087001	1413039	s3:working/HPP/NA18967/assemblies/release2/annotation/censat/NA18967_hap2_hprc_r2_v1.0.1.cenSat.bed		
NA18970	hap2	2	NA18970_hap2_hprc_r2_v1.0.1	hifiasm	0.19.8	hic	hpp	3039068900	60	35.0	5486863.0				1	246373	NA18970#2#CM101486.1	contig	0	3	972100	NA18970#2#CM101487.1	scaffold	3	0	1334680	NA18970#2#CM101492.1	scaffold	1	2	1224502	NA18970#2#CM101493.1	scaffold	1	2	945210	751770	s3:working/HPP/NA18970/assemblies/release2/annotation/censat/NA18970_hap2_hprc_r2_v1.0.1.cenSat.bed		
NA18982	hap2	2	NA18982_hap2_hprc_r2_v1.0.1	hifiasm	0.19.8	hic	hpp	3015329384	69	46.0	6641780.0				5	331518				6	1023668	NA18982#2#CM101459.1	scaffold	1	1	723430				4	1197215	NA18982#2#CM101464.1	scaffold	1	4	908973	2416694	s3:working/HPP/NA18982/assemblies/release2/annotation/censat/NA18982_hap2_hprc_r2_v1.0.1.cenSat.bed		
NA20503	hap1	1	NA20503_hap1_hprc_r2_v1.0.1	verkko	2.2.1	hic	hpp	3011895543	38	22.0	400456.0	NA20503#1#CM102466.1	scaffold	2	1	218290	NA20503#1#CM102467.1	scaffold	1	0	78109				1	19020				1	3078				4	65322	7474	local:hprc_censat		
NA20762	hap1	1	NA20762_hap1_hprc_r2_v1.0.1	verkko	2.2.1	hic	hpp	2910590402	32	22.0	737293.0				1	145775	NA20762#1#CM102519.1	scaffold	1	1	113748				1	155909	NA20762#1#CM102522.1	scaffold	2	0	108483	NA20762#1#CM102523.1	scaffold	3	0	56255	141846	local:hprc_censat		
NA20806	hap1	1	NA20806_hap1_hprc_r2_v1.0.1	verkko	2.2.1	hic	hpp	2897340138	31	22.0	481643.0	NA20806#1#CM102449.1	scaffold	3	0	93866				1	56191				1	57733	NA20806#1#CM102453.1	scaffold	1	0	176740	NA20806#1#CM102454.1	scaffold	1	0	81836	0	local:hprc_censat		
NA20827	hap1	1	NA20827_hap1_hprc_r2_v1.0.1	verkko	2.2.1	hic	hpp	2915641356	42	22.0	841635.0	NA20827#1#CM102551.1	scaffold	2	3	147268				2	431284	NA20827#1#CM102552.1	scaffold	1	0	165207	NA20827#1#CM102558.1	scaffold	1	0	72587				1	10012	0	local:hprc_censat		
NA20503	hap2	2	NA20503_hap2_hprc_r2_v1.0.1	verkko	2.2.1	hic	hpp	3021981611	43	25.0	734100.0				3	52028	NA20503#2#CM102483.1	scaffold	1	0	79666	NA20503#2#CM102484.1	scaffold	1	0	215252	NA20503#2#CM102489.1	scaffold	2	0	44701	NA20503#2#CM102490.1	scaffold	1	0	39020	294265	local:hprc_censat		
NA20762	hap2	2	NA20762_hap2_hprc_r2_v1.0.1	verkko	2.2.1	hic	hpp	3016800655	36	18.0	532551.0				1	145758	NA20762#2#CM102534.1	scaffold	2	0	45444				1	13234	NA20762#2#CM102538.1	scaffold	1	0	30146				1	288801	0	local:hprc_censat		
NA20806	hap2	2	NA20806_hap2_hprc_r2_v1.0.1	verkko	2.2.1	hic	hpp	3051587412	35	22.0	455094.0				1	135462				2	63177	NA20806#2#CM102502.1	scaffold	1	1	163689	NA20806#2#CM102508.1	contig	0	0	55581				3	24957	0	local:hprc_censat		
NA20827	hap2	2	NA20827_hap2_hprc_r2_v1.0.1	verkko	2.2.1	hic	hpp	3029380097	40	24.0	878400.0	NA20827#2#CM102571.1	scaffold	2	2	442443	NA20827#2#CM102572.1	scaffold	7	0	72831	NA20827#2#CM102573.1	scaffold	1	0	80017	NA20827#2#CM102579.1	scaffold	2	0	144485	NA20827#2#CM102580.1	scaffold	2	0	102806	0	local:hprc_censat		
HG06807	pat	1	HG06807_pat_v1	verkko	2	trio	extramural	3025370803	23			HG06807#1#CM101407.1	NA	NA	0	0	HG06807#1#CM101408.1	NA	NA	0	0	HG06807#1#CM101409.1	NA	NA	0	0	HG06807#1#CM101415.1	NA	NA	0	0	HG06807#1#CM101416.1	NA	NA	0	0	0		alias,gaps,t2t,chain,censat	CenSat missing; chromAlias missing; derived from NCBI nuccore titles; gaps.bed missing; t2t_chromosomes.tsv missing; GRCh38 chain missing
HG06807	mat	2	HG06807_mat_v1	verkko	2	trio	extramural	3018902280	24			HG06807#2#CM101441.1	NA	NA	0	0	HG06807#2#CM101442.1	NA	NA	0	0	HG06807#2#CM101443.1	NA	NA	0	0	HG06807#2#CM101449.1	NA	NA	0	0	HG06807#2#CM101450.1	NA	NA	0	0	0		alias,gaps,t2t,chain,censat	CenSat missing; chromAlias missing; derived from NCBI nuccore titles; gaps.bed missing; t2t_chromosomes.tsv missing; GRCh38 chain missing
HG002	pat	1	hg002v1.1.pat	verkko	1.1	trio	extramural	2947895164	23	23.0	1376627.0	HG002#1#chr13	NA	NA	0	279021	HG002#1#chr14	NA	NA	0	295553	HG002#1#chr15	NA	NA	0	236706	HG002#1#chr21	NA	NA	0	274662	HG002#1#chr22	NA	NA	0	275417	0	substitute:s3:T2T/HG002/assemblies/annotation/centromere/hg002v1.1_v2.0/hg002v1.1.cenSatv2.0.PAT.bed	alias,gaps,t2t,censat	CenSat not in HPRC annotation; substituted s3:T2T/HG002/assemblies/annotation/centromere/hg002v1.1_v2.0/hg002v1.1.cenSatv2.0.PAT.bed; chromAlias missing; derived from PanSN contig names; gaps.bed missing; t2t_chromosomes.tsv missing
HG002	mat	2	hg002v1.1.mat_MT	verkko	1.1	trio	extramural	3051529554	24	24.0	1081615.0	HG002#2#chr13	NA	NA	0	250892	HG002#2#chr14	NA	NA	0	134451	HG002#2#chr15	NA	NA	0	155841	HG002#2#chr21	NA	NA	0	280788	HG002#2#chr22	NA	NA	0	247415	0	substitute:s3:T2T/HG002/assemblies/annotation/centromere/hg002v1.1_v2.0/hg002v1.1.cenSatv2.0.MAT.bed	alias,gaps,t2t,censat	CenSat not in HPRC annotation; substituted s3:T2T/HG002/assemblies/annotation/centromere/hg002v1.1_v2.0/hg002v1.1.cenSatv2.0.MAT.bed; chromAlias missing; derived from PanSN contig names; gaps.bed missing; t2t_chromosomes.tsv missing
GRCh38	ref	0	GCA_000001405.15_GRCh38_no_alt_analysis_set				extramural	3099922541	195			GRCh38#0#chr13	NA	20	0	0	GRCh38#0#chr14	NA	12	8	0	GRCh38#0#chr15	NA	19	1	0	GRCh38#0#chr21	NA	36	0	0	GRCh38#0#chr22	NA	27	9	0	0		alias,gaps,t2t,chain,censat	CenSat missing; chromAlias missing; derived from PanSN contig names; gaps.bed missing; N-runs on acrocentrics computed from local GRCh38 FASTA; t2t_chromosomes.tsv missing; GRCh38 chain missing
CHM13	ref	0	chm13v2.0_maskedY_rCRS				extramural	3117292070	25	5.0	9928083.0	CHM13#0#chr13	NA	NA	0	3577493	CHM13#0#chr14	NA	NA	0	718274	CHM13#0#chr15	NA	NA	0	2201043	CHM13#0#chr21	NA	NA	0	2504417	CHM13#0#chr22	NA	NA	0	926856	0	substitute:local:/Users/Kitty/git/NGS-DOSE/work/ref/chm13v2.0_censat_v2.1.bed	alias,gaps,t2t,chain,censat	CenSat not in HPRC annotation; substituted local:/Users/Kitty/git/NGS-DOSE/work/ref/chm13v2.0_censat_v2.1.bed; chromAlias missing; derived from PanSN contig names; gaps.bed missing; t2t_chromosomes.tsv missing; GRCh38 chain missing
