assembly_name	status	n_regions	bp_extracted	est_bytes_fetched	seconds	bp_rdna_censat	bp_acro_parm	bp_unplaced_rdna	bp_5S_locus	n_acro_contigs_taken	n_acro_contigs_skipped	n_orientation_reversed	n_orientation_conflict	sequence_refetched	unplaced_tilescan_added	n_unplaced_tilescan_added	5S_method	5S_contig	5S_core	5S_left	5S_right	notes
HG00408_pat_hprc_r2_v1.0.1	ok	41	88721737	19625506	29.6	78812324	82767797	3514047	827665	16	2	4	0	True	HG00408#1#JBHDVK010000047.1	1	chain_both_flanks	HG00408#1#JBHDVK010000007.1	89127323-89354988	HG00408#1#JBHDVK010000007.1:88969043-89127323(+,158201bp)	HG00408#1#JBHDVK010000007.1:89354988-89555365(+,199554bp)	1 unplaced contig(s) without CenSat rDNA label added by tile screen (1 screened, 184945 bp)
HG00597_pat_hprc_r2_v1.0.1	ok	46	76674432	19230684	33.4	69124932	63408248	10893558	760398	11	1	2	1	True	HG00597#1#JBHDUU010000030.1,HG00597#1#JBHDUU010000059.1	2	chain_both_flanks	HG00597#1#CM085766.1	223538197-223698595	HG00597#1#CM085766.1:223379876-223538197(+,158213bp)	HG00597#1#CM085766.1:223698595-223898935(+,199443bp)	2 unplaced contig(s) without CenSat rDNA label added by tile screen (5 screened, 10367530 bp)
HG01192_pat_hprc_r2_v1.0.1	ok	46	94963287	22145139	1.0	79201299	85702362	6449344	796303	15	1	2	0	False		0	chain_both_flanks	HG01192#1#JBHDVI010000004.1	92440582-92636885	HG01192#1#JBHDVI010000004.1:92282253-92440582(+,158227bp)	HG01192#1#JBHDVI010000004.1:92636885-92837220(+,199502bp)	
HG01261_pat_hprc_r2_v1.0.1	ok	34	78132458	17734386	41.5	65278090	69914098	5451537	751546	11	2	3	0	True	HG01261#1#JBHDVG010000078.1	1	chain_both_flanks	HG01261#1#CM085906.1	222093090-222244636	HG01261#1#CM085906.1:221934762-222093090(+,158219bp)	HG01261#1#CM085906.1:222244636-222445018(+,199497bp)	1 unplaced contig(s) without CenSat rDNA label added by tile screen (6 screened, 1153052 bp)
HG02015_pat_hprc_r2_v1.0.1	ok	67	93024639	22380364	33.4	79877764	79001415	11158153	849794	16	0	6	0	True	HG02015#1#JBHDVE010000077.1,HG02015#1#JBHDVE010000140.1,HG02015#1#JBHDVE010000141.1	3	chain_both_flanks	HG02015#1#CM085890.1	224279202-224528996	HG02015#1#CM085890.1:224120851-224279202(+,158240bp)	HG02015#1#CM085890.1:224528996-224728633(+,199585bp)	3 unplaced contig(s) without CenSat rDNA label added by tile screen (3 screened, 192028 bp)
HG02056_pat_hprc_r2_v1.0.1	ok	44	89579929	19980307	2.3	75777321	85135682	1681155	758328	20	0	9	0	False		0	chain_both_flanks	HG02056#1#CM085869.1	227957607-228115935	HG02056#1#CM085869.1:227799267-227957607(+,158237bp)	HG02056#1#CM085869.1:228115935-228315537(+,199511bp)	
HG02129_pat_hprc_r2_v1.0.1	ok	35	74769803	18222818	4.5	73269315	63911219	8133434	818475	14	2	4	0	False		0	chain_both_flanks	HG02129#1#JBHDVA010000006.1	95876877-96095352	HG02129#1#JBHDVA010000006.1:95718618-95876877(+,158178bp)	HG02129#1#JBHDVA010000006.1:96095352-96295036(+,199581bp)	
HG02258_pat_hprc_r2_v1.0.1	ok	30	102045015	22738802	1.1	75191016	98864999	426077	825411	19	1	6	0	False		0	chain_both_flanks	HG02258#1#CM085822.1	229411881-229637292	HG02258#1#CM085822.1:229253598-229411881(+,158189bp)	HG02258#1#CM085822.1:229637292-229837613(+,199503bp)	
HG03834_pat_hprc_r2_v1.0.1	ok	30	93351646	22404599	32.5	76381780	86277686	4759637	702095	16	2	2	1	True	HG03834#1#JBHDUW010000033.1	1	chain_both_flanks	HG03834#1#CM085793.1	224831688-224933783	HG03834#1#CM085793.1:224673336-224831688(+,158230bp)	HG03834#1#CM085793.1:224933783-225133455(+,199618bp)	1 unplaced contig(s) without CenSat rDNA label added by tile screen (3 screened, 2534397 bp)
HG01975_pat_hprc_r2_v1.0.1	ok	36	77276862	17470239	0.5	76329538	70193984	4710220	760430	12	0	4	0	False		0	chain_both_flanks	HG01975#1#CM099795.1	224684783-224845213	HG01975#1#CM099795.1:224526452-224684783(+,158220bp)	HG01975#1#CM099795.1:224845213-225044825(+,199583bp)	
HG02602_pat_hprc_r2_v1.0.1	ok	39	85894645	19396361	27.9	82523794	81145385	1975600	758384	14	2	5	0	True	HG02602#1#JBJUVK010000040.1,HG02602#1#JBJUVK010000046.1,HG02602#1#JBJUVK010000080.1,HG02602#1#JBJUVK010000088.1,HG02602#1#JBJUVK010000096.1	5	chain_both_flanks	HG02602#1#JBJUVK010000060.1	87035059-87193443	HG02602#1#JBJUVK010000060.1:86876797-87035059(+,158162bp)	HG02602#1#JBJUVK010000060.1:87193443-87393080(+,199536bp)	5 unplaced contig(s) without CenSat rDNA label added by tile screen (5 screened, 552999 bp)
HG04187_pat_hprc_r2_v1.0.1	ok	65	81044335	20575997	44.2	75833537	69617151	8570747	841160	20	0	8	0	True	HG04187#1#JBJUVO010000019.1,HG04187#1#JBJUVO010000020.1,HG04187#1#JBJUVO010000040.1,HG04187#1#JBJUVO010000099.1,HG04187#1#JBJUVO010000110.1	5	chain_both_flanks	HG04187#1#CM099739.1	222482723-222723883	HG04187#1#CM099739.1:222324513-222482723(+,158126bp)	HG04187#1#CM099739.1:222723883-222924139(+,199516bp)	5 unplaced contig(s) without CenSat rDNA label added by tile screen (9 screened, 6855536 bp)
NA18879_hap1_hprc_r2_v1.0.1	ok	39	94771433	20573438	32.6	88488332	79522603	12405513	828041	18	4	4	0	True	NA18879#1#JBJUVM010000027.1	1	chain_both_flanks	NA18879#1#JBJUVM010000011.1	230876919-231104960	NA18879#1#JBJUVM010000011.1:230718664-230876919(+,158160bp)	NA18879#1#JBJUVM010000011.1:231104960-231305007(+,199354bp)	1 unplaced contig(s) without CenSat rDNA label added by tile screen (4 screened, 3458158 bp)
NA20752_hap1_hprc_r2_v1.0.1	ok	44	80990556	18734163	25.0	79822820	72229943	6374481	773915	17	1	7	0	True	NA20752#1#JBJUVQ010000029.1	1	chain_both_flanks	NA20752#1#JBJUVQ010000007.1	93243856-93417771	NA20752#1#JBJUVQ010000007.1:93085532-93243856(+,158224bp)	NA20752#1#JBJUVQ010000007.1:93417771-93617388(+,199588bp)	1 unplaced contig(s) without CenSat rDNA label added by tile screen (1 screened, 320745 bp)
HG02145_pat_hprc_r2_v1.0.1	ok	56	88758410	21528923	24.6	75541744	79351318	7075107	758488	17	4	4	0	True	HG02145#1#JAHKSG020000029.1,HG02145#1#JAHKSG020000043.1,HG02145#1#JAHKSG020000123.1	3	chain_both_flanks	HG02145#1#JAHKSG020000002.1	89396299-89554787	HG02145#1#JAHKSG020000002.1:89238008-89396299(+,158200bp)	HG02145#1#JAHKSG020000002.1:89554787-89755113(+,199493bp)	3 unplaced contig(s) without CenSat rDNA label added by tile screen (7 screened, 4263770 bp)
HG00609_pat_hprc_r2_v1.0.1	ok	46	86339143	21140561	36.1	73363002	75280024	8308034	735808	13	3	4	0	True	HG00609#1#JBHDRX010000036.1,HG00609#1#JBHDRX010000074.1	2	chain_both_flanks	HG00609#1#CM086346.1	229176798-229312606	HG00609#1#CM086346.1:229018473-229176798(+,158212bp)	HG00609#1#CM086346.1:229312606-229512890(+,199481bp)	2 unplaced contig(s) without CenSat rDNA label added by tile screen (2 screened, 240333 bp)
HG00642_pat_hprc_r2_v1.0.1	ok	34	83386894	19811847	30.4	70418424	74236602	6424362	710653	10	3	1	0	True	HG00642#1#JBHDST010000054.1	1	chain_both_flanks	HG00642#1#JBHDST010000014.1	91741339-91851992	HG00642#1#JBHDST010000014.1:91584551-91741339(+,156758bp)	HG00642#1#JBHDST010000014.1:91851992-92051602(+,199577bp)	1 unplaced contig(s) without CenSat rDNA label added by tile screen (2 screened, 2337420 bp)
HG00738_pat_hprc_r2_v1.0.1	ok	42	82026421	18468706	33.4	54728920	71106066	8148974	756104	13	0	4	0	True	HG00738#1#JBHDSX010000020.1	1	chain_both_flanks	HG00738#1#CM086644.1	228679031-228835135	HG00738#1#CM086644.1:228520695-228679031(+,158289bp)	HG00738#1#CM086644.1:228835135-229035491(+,199493bp)	1 unplaced contig(s) without CenSat rDNA label added by tile screen (4 screened, 1439064 bp)
HG01099_pat_hprc_r2_v1.0.1	ok	37	85077438	18131156	26.9	82979795	74460208	7985630	738424	13	4	4	0	True	HG01099#1#JBHDRP010000026.1	1	chain_both_flanks	HG01099#1#CM086256.1	226997874-227136298	HG01099#1#CM086256.1:226839545-226997874(+,158211bp)	HG01099#1#CM086256.1:227136298-227335925(+,199581bp)	1 unplaced contig(s) without CenSat rDNA label added by tile screen (1 screened, 123721 bp)
HG01255_pat_hprc_r2_v1.0.1	ok	43	99181693	24264912	2.9	86080178	84944211	11405846	816359	13	1	4	0	False		0	chain_both_flanks	HG01255#1#CM086702.1	233094360-233310719	HG01255#1#CM086702.1:232936035-233094360(+,158219bp)	HG01255#1#CM086702.1:233310719-233510368(+,199556bp)	
HG01346_pat_hprc_r2_v1.0.1	ok	39	85889039	20930817	26.2	85084953	80439133	2711649	688868	13	1	5	0	True	HG01346#1#JBHDSR010000043.1,HG01346#1#JBHDSR010000083.1	2	chain_both_flanks	HG01346#1#JBHDSR010000015.1	91742912-91831780	HG01346#1#JBHDSR010000015.1:91584580-91742912(+,158231bp)	HG01346#1#JBHDSR010000015.1:91831780-92031389(+,199579bp)	2 unplaced contig(s) without CenSat rDNA label added by tile screen (3 screened, 2865657 bp)
HG01433_pat_hprc_r2_v1.0.1	ok	47	82253448	19141019	32.2	81173047	70322265	9117395	798511	17	4	5	1	True	HG01433#1#JBHDSJ010000085.1	1	chain_both_flanks	HG01433#1#JBHDSJ010000057.1	88333816-88532327	HG01433#1#JBHDSJ010000057.1:88175491-88333816(+,158215bp)	HG01433#1#JBHDSJ010000057.1:88532327-88731954(+,199580bp)	1 unplaced contig(s) without CenSat rDNA label added by tile screen (2 screened, 499562 bp)
HG01496_pat_hprc_r2_v1.0.1	ok	39	91893541	22433293	20.1	78993783	78640596	10913574	727143	9	6	3	0	True	HG01496#1#JBHDRZ010000039.1,HG01496#1#JBHDRZ010000099.1	2	chain_both_flanks	HG01496#1#JBHDRZ010000006.1	92569969-92697112	HG01496#1#JBHDRZ010000006.1:92411646-92569969(+,158225bp)	HG01496#1#JBHDRZ010000006.1:92697112-92897066(+,199503bp)	2 unplaced contig(s) without CenSat rDNA label added by tile screen (4 screened, 2379785 bp)
HG01884_pat_hprc_r2_v1.0.1	ok	56	93132464	20552617	32.2	78836354	78570358	12117754	832124	19	1	8	0	True	HG01884#1#JBHDSB010000015.1,HG01884#1#JBHDSB010000026.1,HG01884#1#JBHDSB010000073.1,HG01884#1#JBHDSB010000074.1	4	chain_both_flanks	HG01884#1#CM086402.1	227743631-227975755	HG01884#1#CM086402.1:227585386-227743631(+,158170bp)	HG01884#1#CM086402.1:227975755-228176318(+,199510bp)	4 unplaced contig(s) without CenSat rDNA label added by tile screen (4 screened, 334754 bp)
HG01981_pat_hprc_r2_v1.0.1	ok	44	80975742	19283936	25.3	75822192	67675170	10851680	836664	13	1	4	0	True	HG01981#1#JBHDRV010000015.1	1	chain_both_flanks	HG01981#1#JBHDRV010000005.1	103547982-103784646	HG01981#1#JBHDRV010000005.1:103389618-103547982(+,158251bp)	HG01981#1#JBHDRV010000005.1:103784646-103984356(+,199519bp)	1 unplaced contig(s) without CenSat rDNA label added by tile screen (2 screened, 3206526 bp)
HG01993_pat_hprc_r2_v1.0.1	ok	40	104866999	25783795	28.4	95110691	96513575	5949375	791821	19	2	3	1	True	HG01993#1#JBHDSL010000031.1,HG01993#1#JBHDSL010000049.1,HG01993#1#JBHDSL010000053.1	3	chain_both_flanks	HG01993#1#JBHDSL010000005.1	83431517-83623338	HG01993#1#JBHDSL010000005.1:83273191-83431517(+,158230bp)	HG01993#1#JBHDSL010000005.1:83623338-83823237(+,199545bp)	3 unplaced contig(s) without CenSat rDNA label added by tile screen (4 screened, 3389625 bp)
HG02004_pat_hprc_r2_v1.0.1	ok	42	84654935	18772029	34.1	77178192	73622323	8599542	820842	16	0	4	0	True	HG02004#1#JBHDRT010000029.1,HG02004#1#JBHDRT010000062.1,HG02004#1#JBHDRT010000075.1	3	chain_both_flanks	HG02004#1#CM086301.1	223222784-223443626	HG02004#1#CM086301.1:223064438-223222784(+,158235bp)	HG02004#1#CM086301.1:223443626-223643269(+,199579bp)	3 unplaced contig(s) without CenSat rDNA label added by tile screen (4 screened, 3939952 bp)
HG02027_pat_hprc_r2_v1.0.1	ok	33	78105147	18065824	4.6	75152084	67298138	7885939	905793	13	3	4	0	False		0	chain_both_flanks	HG02027#1#JBHDTX010000134.1	81794417-82100210	HG02027#1#JBHDTX010000134.1:81636132-81794417(+,158195bp)	HG02027#1#JBHDTX010000134.1:82100210-82300545(+,199528bp)	
HG02083_pat_hprc_r2_v1.0.1	ok	38	85308392	18732552	3.5	71766532	74367058	8183485	742572	16	1	4	0	False		0	chain_both_flanks	HG02083#1#CM086951.1	220593518-220736090	HG02083#1#CM086951.1:220435240-220593518(+,158203bp)	HG02083#1#CM086951.1:220736090-220935747(+,199538bp)	
HG02132_pat_hprc_r2_v1.0.1	ok	29	78910226	18230443	3.0	66017500	74496292	1647246	751411	10	0	1	0	False		0	chain_both_flanks	HG02132#1#JBHDTR010000003.1	87556048-87707459	HG02132#1#JBHDTR010000003.1:87397730-87556048(+,158240bp)	HG02132#1#JBHDTR010000003.1:87707459-87907790(+,199501bp)	
HG02280_pat_hprc_r2_v1.0.1	ok	39	82141377	18662451	2.3	68189255	78698401	1389221	844598	21	2	5	0	False		0	chain_both_flanks	HG02280#1#JBHDRR010000008.1	90239354-90483952	HG02280#1#JBHDRR010000008.1:90082704-90239354(+,156607bp)	HG02280#1#JBHDRR010000008.1:90483952-90684329(+,199508bp)	
HG02293_pat_hprc_r2_v1.0.1	ok	54	77491986	18360604	28.5	69772558	64080784	10774426	812059	17	1	3	0	True	HG02293#1#JBHDRN010000033.1,HG02293#1#JBHDRN010000054.1,HG02293#1#JBHDRN010000084.1	3	chain_both_flanks	HG02293#1#JBHDRN010000007.1	93861214-94073273	HG02293#1#JBHDRN010000007.1:93702907-93861214(+,158228bp)	HG02293#1#JBHDRN010000007.1:94073273-94273645(+,199513bp)	3 unplaced contig(s) without CenSat rDNA label added by tile screen (7 screened, 7299553 bp)
HG02300_pat_hprc_r2_v1.0.1	ok	56	80655848	20176903	49.6	59924482	68711640	9533419	798560	24	2	3	0	True	HG02300#1#JBHDSD010000031.1,HG02300#1#JBHDSD010000071.1,HG02300#1#JBHDSD010000091.1,HG02300#1#JBHDSD010000099.1	4	chain_both_flanks	HG02300#1#JBHDSD010000017.1	89443602-89642162	HG02300#1#JBHDSD010000017.1:89285288-89443602(+,158218bp)	HG02300#1#JBHDSD010000017.1:89642162-89841791(+,199580bp)	4 unplaced contig(s) without CenSat rDNA label added by tile screen (9 screened, 11310309 bp)
HG02451_pat_hprc_r2_v1.0.1	ok	50	91272860	20130126	25.5	76925379	82247136	6699821	1116745	22	1	3	0	True	HG02451#1#JBHDRJ010000093.1	1	chain_both_flanks	HG02451#1#JBHDRJ010000003.1	88569221-89085966	HG02451#1#JBHDRJ010000003.1:88410861-88569221(+,158250bp)	HG02451#1#JBHDRJ010000003.1:89085966-89286222(+,199452bp)	1 unplaced contig(s) without CenSat rDNA label added by tile screen (1 screened, 63781 bp)
HG02523_pat_hprc_r2_v1.0.1	ok	45	77473427	18103385	6.5	74944958	72345885	2729971	785343	20	0	9	0	False		0	chain_both_flanks	HG02523#1#JBHDTT010000058.1	225795156-225980499	HG02523#1#JBHDTT010000058.1:225636808-225795156(+,158232bp)	HG02523#1#JBHDTT010000058.1:225980499-226180202(+,199577bp)	
HG02615_pat_hprc_r2_v1.0.1	ok	38	80341548	17115168	0.5	79463074	69888683	8447553	796154	10	1	2	0	False		0	chain_both_flanks	HG02615#1#JBHDSZ010000008.1	120358453-120554607	HG02615#1#JBHDSZ010000008.1:120200115-120358453(+,158242bp)	HG02615#1#JBHDSZ010000008.1:120554607-120754599(+,199503bp)	
HG02647_pat_hprc_r2_v1.0.1	ok	44	89577813	19516790	28.8	76191485	82071886	4656217	834434	17	2	5	0	True	HG02647#1#JBHDSP010000048.1	1	chain_both_flanks	HG02647#1#CM086554.1	224044713-224279147	HG02647#1#CM086554.1:223886389-224044713(+,158251bp)	HG02647#1#CM086554.1:224279147-224479123(+,199485bp)	1 unplaced contig(s) without CenSat rDNA label added by tile screen (1 screened, 66502 bp)
HG02698_pat_hprc_r2_v1.0.1	ok	45	100688325	25130100	21.3	72755403	79655997	18196008	754017	14	2	0	0	True	HG02698#1#JBHDTL010000086.1	1	chain_both_flanks	HG02698#1#JBHDTL010000013.1	90482810-90636827	HG02698#1#JBHDTL010000013.1:90324567-90482810(+,158141bp)	HG02698#1#JBHDTL010000013.1:90636827-90836563(+,199398bp)	1 unplaced contig(s) without CenSat rDNA label added by tile screen (1 screened, 51992 bp)
HG03654_pat_hprc_r2_v1.0.1	ok	39	107162507	25416851	44.7	77984269	92940430	11417385	789415	17	0	3	0	True	HG03654#1#JBHDTN010000039.1	1	chain_both_flanks	HG03654#1#JBHDTN010000013.1	70981179-71170594	HG03654#1#JBHDTN010000013.1:70822839-70981179(+,158235bp)	HG03654#1#JBHDTN010000013.1:71170594-71370277(+,199605bp)	1 unplaced contig(s) without CenSat rDNA label added by tile screen (1 screened, 74588 bp)
HG03669_pat_hprc_r2_v1.0.1	ok	70	98569278	24148916	25.3	77636102	90176356	6020363	760331	23	1	4	1	True	HG03669#1#JBHDTD010000032.1,HG03669#1#JBHDTD010000077.1,HG03669#1#JBHDTD010000101.1,HG03669#1#JBHDTD010000118.1	4	chain_both_flanks	HG03669#1#CM086729.1	226039441-226199772	HG03669#1#CM086729.1:225881099-226039441(+,158226bp)	HG03669#1#CM086729.1:226199772-226399370(+,199560bp)	4 unplaced contig(s) without CenSat rDNA label added by tile screen (5 screened, 2661054 bp)
HG03688_pat_hprc_r2_v1.0.1	ok	27	75337450	17601535	2.6	74358372	70532208	1924359	865611	14	3	5	0	False		0	chain_both_flanks	HG03688#1#CM086800.1	230916145-231181756	HG03688#1#CM086800.1:230757815-230916145(+,158251bp)	HG03688#1#CM086800.1:231181756-231381443(+,199607bp)	
HG03704_pat_hprc_r2_v1.0.1	ok	30	87503029	18846349	0.5	74594313	77831498	7150587	908716	11	1	4	0	False		0	chain_both_flanks	HG03704#1#JBHDRL010000004.1	79818159-80126875	HG03704#1#JBHDRL010000004.1:79659793-79818159(+,158249bp)	HG03704#1#JBHDRL010000004.1:80126875-80327307(+,199512bp)	
HG03710_pat_hprc_r2_v1.0.1	ok	56	92958309	22744479	26.3	66575981	82861444	7645723	838925	22	2	5	1	True	HG03710#1#JBHDTP010000041.1	1	chain_both_flanks	HG03710#1#CM086866.1	219797344-220036269	HG03710#1#CM086866.1:219639094-219797344(+,158161bp)	HG03710#1#CM086866.1:220036269-220235906(+,199534bp)	1 unplaced contig(s) without CenSat rDNA label added by tile screen (2 screened, 3058794 bp)
HG03831_pat_hprc_r2_v1.0.1	ok	37	80479603	19498103	17.9	72635993	72923892	5106956	836528	14	2	5	0	True	HG03831#1#JBHDSN010000052.1	1	chain_both_flanks	HG03831#1#CM086523.1	223643873-223880401	HG03831#1#CM086523.1:223485519-223643873(+,158243bp)	HG03831#1#CM086523.1:223880401-224080685(+,199479bp)	1 unplaced contig(s) without CenSat rDNA label added by tile screen (2 screened, 3286555 bp)
HG03927_pat_hprc_r2_v1.0.1	ok	37	90312113	19625728	33.4	76807535	83091108	4852534	756243	20	0	6	1	True	HG03927#1#JBHDSV010000044.1	1	chain_both_flanks	HG03927#1#CM086633.1	222240699-222396942	HG03927#1#CM086633.1:222082373-222240699(+,158213bp)	HG03927#1#CM086633.1:222396942-222596618(+,199625bp)	1 unplaced contig(s) without CenSat rDNA label added by tile screen (2 screened, 369218 bp)
HG04115_pat_hprc_r2_v1.0.1	ok	34	94952196	22365338	0.5	93866240	79619116	11997658	893122	11	3	3	0	False		0	chain_both_flanks	HG04115#1#JBHDTF010000009.1	88609887-88903009	HG04115#1#JBHDTF010000009.1:88451644-88609887(+,158147bp)	HG04115#1#JBHDTF010000009.1:88903009-89102718(+,199609bp)	
HG04184_pat_hprc_r2_v1.0.1	ok	55	90705478	21695554	24.2	89620436	78094014	9893291	666527	18	3	6	0	True	HG04184#1#JBHDSH010000100.1	1	chain_both_flanks	HG04184#1#CM086456.1	224216413-224282940	HG04184#1#CM086456.1:224058067-224216413(+,158335bp)	HG04184#1#CM086456.1:224282940-224483368(+,199522bp)	1 unplaced contig(s) without CenSat rDNA label added by tile screen (3 screened, 5813866 bp)
HG04199_pat_hprc_r2_v1.0.1	ok	45	74299791	17383694	17.7	72738851	65389719	6152056	742751	13	3	4	0	True	HG04199#1#JBHDTH010000024.1,HG04199#1#JBHDTH010000092.1	2	chain_both_flanks	HG04199#1#CM086775.1	220321850-220464601	HG04199#1#CM086775.1:220163507-220321850(+,158227bp)	HG04199#1#CM086775.1:220464601-220664211(+,199570bp)	2 unplaced contig(s) without CenSat rDNA label added by tile screen (3 screened, 502450 bp)
HG02738_pat_hprc_r2_v1.0.1	ok	49	89924547	20200125	28.1	87585584	71699032	15942395	746485	16	1	6	0	True	HG02738#1#JBJXQJ010000034.1,HG02738#1#JBJXQJ010000062.1,HG02738#1#JBJXQJ010000078.1	3	chain_both_flanks	HG02738#1#JBJXQJ010000049.1	216700826-216847311	HG02738#1#JBJXQJ010000049.1:216544051-216700826(+,156703bp)	HG02738#1#JBJXQJ010000049.1:216847311-217046978(+,199547bp)	3 unplaced contig(s) without CenSat rDNA label added by tile screen (3 screened, 554775 bp)
HG00621_pat_hprc_r2_v1.0.1	ok	41	80415796	17397110	20.9	79054599	68214258	9378832	807429	15	0	3	0	True	HG00621#1#JAHBCD020000016.1	1	chain_both_flanks	HG00621#1#CM087847.1	225365734-225573163	HG00621#1#CM087847.1:225207462-225365734(+,158186bp)	HG00621#1#CM087847.1:225573163-225772774(+,199581bp)	1 unplaced contig(s) without CenSat rDNA label added by tile screen (2 screened, 307394 bp)
HG00741_pat_hprc_r2_v1.0.1	ok	37	78221544	18698246	31.6	77138489	70465730	5123485	1020101	14	4	7	0	True	HG00741#1#JAHALY020000079.1	1	chain_both_flanks	HG00741#1#CM087896.1	230569579-230989680	HG00741#1#CM087896.1:230411246-230569579(+,158206bp)	HG00741#1#CM087896.1:230989680-231190165(+,199493bp)	1 unplaced contig(s) without CenSat rDNA label added by tile screen (2 screened, 2468998 bp)
HG01106_pat_hprc_r2_v1.0.1	ok	42	78504453	19657615	25.8	65108733	65556306	10124937	891359	16	2	4	2	True	HG01106#1#JAHAMC020000072.1	1	chain_both_flanks	HG01106#1#CM087949.1	228390455-228681814	HG01106#1#CM087949.1:228232150-228390455(+,158224bp)	HG01106#1#CM087949.1:228681814-228881422(+,199578bp)	1 unplaced contig(s) without CenSat rDNA label added by tile screen (7 screened, 6421797 bp)
HG01175_pat_hprc_r2_v1.0.1	ok	32	81849242	19279045	40.9	72649572	74834922	4592896	809196	10	3	2	0	True	HG01175#1#JAHAMA020000061.1	1	chain_both_flanks	HG01175#1#JAHAMA020000001.1	91308125-91517321	HG01175#1#JAHAMA020000001.1:91149847-91308125(+,158209bp)	HG01175#1#JAHAMA020000001.1:91517321-91717407(+,199374bp)	1 unplaced contig(s) without CenSat rDNA label added by tile screen (2 screened, 1767730 bp)
HG01258_pat_hprc_r2_v1.0.1	ok	31	80045584	18945065	2.1	65883001	73598752	4065016	769599	16	2	2	0	False		0	chain_both_flanks	HG01258#1#CM088109.1	229193921-229363520	HG01258#1#CM088109.1:229035575-229193921(+,158243bp)	HG01258#1#CM088109.1:229363520-229563900(+,199452bp)	
HG01891_pat_hprc_r2_v1.0.1	ok	39	92552917	21581682	2.4	76530155	77983789	12100332	856569	16	5	6	0	False		0	chain_both_flanks	HG01891#1#JAGYVO020000062.1	90746411-91002980	HG01891#1#JAGYVO020000062.1:90588041-90746411(+,158273bp)	HG01891#1#JAGYVO020000062.1:91002980-91203795(+,199444bp)	
HG01952_pat_hprc_r2_v1.0.1	ok	40	78798664	18531907	4.5	77980165	66974182	8990706	818499	9	2	3	0	False		0	chain_both_flanks	HG01952#1#CM087974.1	219493457-219711956	HG01952#1#CM087974.1:219335140-219493457(+,158219bp)	HG01952#1#CM087974.1:219711956-219911573(+,199585bp)	
HG02148_pat_hprc_r2_v1.0.1	ok	53	89340872	21585216	43.3	77862095	78319740	8639385	769523	21	0	6	0	True	HG02148#1#JAHAMG020000017.1,HG02148#1#JAHAMG020000025.1,HG02148#1#JAHAMG020000043.1,HG02148#1#JAHAMG020000074.1,HG02148#1#JAHAMG020000077.1,HG02148#1#JAHAMG020000082.1	6	chain_both_flanks	HG02148#1#JAHAMG020000001.1	85884782-86054305	HG02148#1#JAHAMG020000001.1:85726458-85884782(+,158247bp)	HG02148#1#JAHAMG020000001.1:86054305-86254686(+,199477bp)	6 unplaced contig(s) without CenSat rDNA label added by tile screen (7 screened, 3620913 bp)
HG02486_pat_hprc_r2_v1.0.1	ok	29	83712950	17469595	2.0	82907612	75435970	5433449	805338	10	0	4	0	False		0	chain_both_flanks	HG02486#1#CM088192.1	223376855-223582193	HG02486#1#CM088192.1:223218513-223376855(+,158263bp)	HG02486#1#CM088192.1:223582193-223782432(+,199450bp)	
HG02559_pat_hprc_r2_v1.0.1	ok	32	74605706	16657655	26.5	73640380	71122193	1088497	782788	17	3	8	0	True	HG02559#1#JAGYVK020000026.1	1	chain_both_flanks	HG02559#1#CM088230.1	224361555-224544343	HG02559#1#CM088230.1:224203199-224361555(+,158242bp)	HG02559#1#CM088230.1:224544343-224745032(+,199871bp)	1 unplaced contig(s) without CenSat rDNA label added by tile screen (1 screened, 76498 bp)
HG02572_pat_hprc_r2_v1.0.1	ok	32	71186370	16134528	3.0	69807047	63915837	4387603	867654	8	0	1	0	False		0	chain_both_flanks	HG02572#1#JAHAOW020000011.1	90586379-90854033	HG02572#1#JAHAOW020000011.1:90429627-90586379(+,156694bp)	HG02572#1#JAHAOW020000011.1:90854033-91054157(+,199567bp)	
HG02622_pat_hprc_r2_v1.0.1	ok	37	86037099	22309126	27.6	59188706	77991408	5612154	821309	17	1	5	0	True	HG02622#1#JAHAOO020000085.1	1	chain_both_flanks	HG02622#1#JAHAOO020000054.1	82453155-82674464	HG02622#1#JAHAOO020000054.1:82294888-82453155(+,158174bp)	HG02622#1#JAHAOO020000054.1:82674464-82874757(+,199473bp)	1 unplaced contig(s) without CenSat rDNA label added by tile screen (15 screened, 12162597 bp)
HG02886_pat_hprc_r2_v1.0.1	ok	45	73217978	18644505	42.4	72094372	63789002	7020250	796507	15	5	2	0	True	HG02886#1#JAHAOU020000086.1,HG02886#1#JAHAOU020000095.1	2	chain_both_flanks	HG02886#1#JAHAOU020000015.1	89989834-90186341	HG02886#1#JAHAOU020000015.1:89831504-89989834(+,158179bp)	HG02886#1#JAHAOU020000015.1:90186341-90386869(+,199494bp)	2 unplaced contig(s) without CenSat rDNA label added by tile screen (10 screened, 9040097 bp)
HG03453_pat_hprc_r2_v1.0.1	ok	51	87017522	20703025	3.4	72807594	76421845	8129026	854424	14	2	2	0	False		0	chain_both_flanks	HG03453#1#JAGYVW020000002.1	104470070-104724494	HG03453#1#JAGYVW020000002.1:104311756-104470070(+,158246bp)	HG03453#1#JAGYVW020000002.1:104724494-104924538(+,199344bp)	
HG03540_pat_hprc_r2_v1.0.1	ok	66	102901129	25115279	39.6	79274732	90516781	10006885	765236	20	0	5	0	True	HG03540#1#JAGYVY020000116.1	1	chain_both_flanks	HG03540#1#JAGYVY020000007.1	89316036-89481272	HG03540#1#JAGYVY020000007.1:89157708-89316036(+,158239bp)	HG03540#1#JAGYVY020000007.1:89481272-89681474(+,199401bp)	1 unplaced contig(s) without CenSat rDNA label added by tile screen (5 screened, 6474704 bp)
HG00099_hap1_hprc_r2_v1.0.1	ok	67	88989255	20627591	14.4	59220534	76761048	9886722	729257	30	2	7	1	True	HG00099#1#JBHDWO010000052.1	1	chain_both_flanks	HG00099#1#JBHDWO010000059.1	93408491-93537748	HG00099#1#JBHDWO010000059.1:93250235-93408491(+,158134bp)	HG00099#1#JBHDWO010000059.1:93537748-93737387(+,199545bp)	1 unplaced contig(s) without CenSat rDNA label added by tile screen (1 screened, 67954 bp)
HG00140_hap1_hprc_r2_v1.0.1	ok	39	81690471	19443295	5.2	80322301	63425928	15383605	865640	13	2	2	0	False		0	chain_both_flanks	HG00140#1#CM087108.1	222620928-222886568	HG00140#1#CM087108.1:222462584-222620928(+,158326bp)	HG00140#1#CM087108.1:222886568-223086202(+,199585bp)	
HG00280_hap1_hprc_r2_v1.0.1	ok	55	89956366	20858057	46.2	79170087	71484743	15722135	809621	16	1	2	0	True	HG00280#1#JBHDWA010000020.1,HG00280#1#JBHDWA010000030.1,HG00280#1#JBHDWA010000050.1,HG00280#1#JBHDWA010000078.1,HG00280#1#JBHDWA010000089.1,HG00280#1#JBHDWA010000090.1	6	chain_both_flanks	HG00280#1#JBHDWA010000056.1	93366619-93576240	HG00280#1#JBHDWA010000056.1:93208301-93366619(+,158221bp)	HG00280#1#JBHDWA010000056.1:93576240-93775854(+,199584bp)	6 unplaced contig(s) without CenSat rDNA label added by tile screen (7 screened, 4014124 bp)
HG00323_hap1_hprc_r2_v1.0.1	ok	53	110018594	27036625	43.0	69678139	90898222	16687233	820920	22	2	8	1	True	HG00323#1#JBHDWM010000069.1,HG00323#1#JBHDWM010000089.1	2	chain_both_flanks	HG00323#1#CM087303.1	222262324-222483244	HG00323#1#CM087303.1:222104001-222262324(+,158219bp)	HG00323#1#CM087303.1:222483244-222682851(+,199577bp)	2 unplaced contig(s) without CenSat rDNA label added by tile screen (4 screened, 4209991 bp)
HG02040_hap1_hprc_r2_v1.0.1	ok	38	77758333	18530756	21.6	69686591	61517847	13464588	760621	10	1	2	0	True	HG02040#1#JBHDWS010000052.1,HG02040#1#JBHDWS010000054.1,HG02040#1#JBHDWS010000075.1	3	chain_both_flanks	HG02040#1#JBHDWS010000004.1	206374002-206534623	HG02040#1#JBHDWS010000004.1:206215683-206374002(+,158228bp)	HG02040#1#JBHDWS010000004.1:206534623-206734650(+,199500bp)	3 unplaced contig(s) without CenSat rDNA label added by tile screen (4 screened, 8833932 bp)
HG02165_hap1_hprc_r2_v1.0.1	ok	43	83352493	19527817	16.3	67658604	78956305	2014555	769405	21	1	5	0	True	HG02165#1#JBHDWW010000029.1,HG02165#1#JBHDWW010000065.1	2	chain_both_flanks	HG02165#1#JBHDWW010000042.1	91340731-91510136	HG02165#1#JBHDWW010000042.1:91182431-91340731(+,158215bp)	HG02165#1#JBHDWW010000042.1:91510136-91710481(+,199447bp)	2 unplaced contig(s) without CenSat rDNA label added by tile screen (4 screened, 438781 bp)
HG02273_hap1_hprc_r2_v1.0.1	ok	35	84058537	19790868	0.5	65128697	78531628	3125074	789607	20	1	5	1	False		0	chain_both_flanks	HG02273#1#JBHDVQ010000042.1	220053514-220243121	HG02273#1#JBHDVQ010000042.1:219895173-220053514(+,158239bp)	HG02273#1#JBHDVQ010000042.1:220243121-220442749(+,199579bp)	
HG02922_hap1_hprc_r2_v1.0.1	ok	52	98661870	21703371	29.4	97602230	80587542	14492108	789778	11	2	3	0	True	HG02922#1#JBHDVO010000078.1,HG02922#1#JBHDVO010000083.1	2	chain_both_flanks	HG02922#1#JBHDVO010000012.1	76443409-76633187	HG02922#1#JBHDVO010000012.1:76285110-76443409(+,158206bp)	HG02922#1#JBHDVO010000012.1:76633187-76833180(+,199510bp)	2 unplaced contig(s) without CenSat rDNA label added by tile screen (3 screened, 260909 bp)
HG02965_hap1_hprc_r2_v1.0.1	ok	42	82983310	19955427	23.7	81173885	77355620	2784405	828010	17	4	5	0	True	HG02965#1#JBHDWQ010000024.1,HG02965#1#JBHDWQ010000031.1,HG02965#1#JBHDWQ010000067.1	3	chain_both_flanks	HG02965#1#JBHDWQ010000055.1	86451477-86679487	HG02965#1#JBHDWQ010000055.1:86293203-86451477(+,158179bp)	HG02965#1#JBHDWQ010000055.1:86679487-86879683(+,199445bp)	3 unplaced contig(s) without CenSat rDNA label added by tile screen (7 screened, 1283848 bp)
HG02976_hap1_hprc_r2_v1.0.1	ok	47	80202157	18961972	21.8	78662985	71007325	6828581	754023	17	1	5	0	True	HG02976#1#JBHDVW010000035.1,HG02976#1#JBHDVW010000068.1	2	chain_both_flanks	HG02976#1#JBHDVW010000004.1	86870006-87024029	HG02976#1#JBHDVW010000004.1:86711725-86870006(+,158216bp)	HG02976#1#JBHDVW010000004.1:87024029-87224072(+,199352bp)	2 unplaced contig(s) without CenSat rDNA label added by tile screen (4 screened, 3565403 bp)
HG03130_hap1_hprc_r2_v1.0.1	ok	33	93267906	20343408	2.8	91598968	84487156	5976680	788793	17	0	4	1	False		0	chain_both_flanks	HG03130#1#CM087252.1	219931036-220119829	HG03130#1#CM087252.1:219774386-219931036(+,156608bp)	HG03130#1#CM087252.1:220119829-220320109(+,199473bp)	
HG03195_hap1_hprc_r2_v1.0.1	ok	43	82578370	18940344	15.0	80002948	73862980	6147472	955691	19	1	7	0	True	HG03195#1#JBHDVU010000024.1	1	chain_both_flanks	HG03195#1#CM087057.1	227849493-228205184	HG03195#1#CM087057.1:227691193-227849493(+,158140bp)	HG03195#1#CM087057.1:228205184-228405210(+,199434bp)	1 unplaced contig(s) without CenSat rDNA label added by tile screen (1 screened, 510527 bp)
HG03209_hap1_hprc_r2_v1.0.1	ok	28	82252325	17093131	25.7	79338712	74573581	5368247	823338	13	0	4	0	True	HG03209#1#JBHDWG010000026.1,HG03209#1#JBHDWG010000028.1,HG03209#1#JBHDWG010000060.1,HG03209#1#JBHDWG010000065.1	4	chain_both_flanks	HG03209#1#JBHDWG010000014.1	102735527-102958865	HG03209#1#JBHDWG010000014.1:102577291-102735527(+,158152bp)	HG03209#1#JBHDWG010000014.1:102958865-103159164(+,199395bp)	4 unplaced contig(s) without CenSat rDNA label added by tile screen (5 screened, 946528 bp)
NA18522_hap1_hprc_r2_v1.0.1	ok	39	92734881	21379668	24.9	79664879	77851326	12073912	794367	12	3	3	0	True	NA18522#1#JBHDWC010000075.1	1	chain_both_flanks	NA18522#1#CM087171.1	223719809-223914176	NA18522#1#CM087171.1:223561580-223719809(+,158134bp)	NA18522#1#CM087171.1:223914176-224114364(+,199444bp)	1 unplaced contig(s) without CenSat rDNA label added by tile screen (1 screened, 127409 bp)
NA18747_hap1_hprc_r2_v1.0.1	ok	34	88543380	19687014	4.1	87150414	70039827	15732371	755905	12	1	3	0	False		0	chain_both_flanks	NA18747#1#JBHDWE010000009.1	90158203-90314108	NA18747#1#JBHDWE010000009.1:89999868-90158203(+,158232bp)	NA18747#1#JBHDWE010000009.1:90314108-90513748(+,199586bp)	
NA18971_hap1_hprc_r2_v1.0.1	ok	45	102272587	25101101	27.1	101180515	84970546	14591054	695710	16	1	5	0	True	NA18971#1#JBHDWK010000045.1,NA18971#1#JBHDWK010000058.1,NA18971#1#JBHDWK010000117.1	3	chain_both_flanks	NA18971#1#JBHDWK010000013.1	86468952-86564662	NA18971#1#JBHDWK010000013.1:86310651-86468952(+,158208bp)	NA18971#1#JBHDWK010000013.1:86564662-86764363(+,199609bp)	3 unplaced contig(s) without CenSat rDNA label added by tile screen (5 screened, 718886 bp)
NA18983_hap1_hprc_r2_v1.0.1	ok	57	86193865	19463442	2.5	84984966	76847817	6572402	758369	21	2	6	0	False		0	chain_both_flanks	NA18983#1#CM087417.1	221210464-221368833	NA18983#1#CM087417.1:221052174-221210464(+,158192bp)	NA18983#1#CM087417.1:221368833-221568872(+,199534bp)	
NA19043_hap1_hprc_r2_v1.0.1	ok	30	84867280	18333557	20.3	82993177	81517630	900677	836767	15	0	5	0	True	NA19043#1#JBHDVS010000033.1,NA19043#1#JBHDVS010000068.1	2	chain_both_flanks	NA19043#1#JBHDVS010000004.1	90187101-90423868	NA19043#1#JBHDVS010000004.1:90028747-90187101(+,158231bp)	NA19043#1#JBHDVS010000004.1:90423868-90624229(+,199471bp)	2 unplaced contig(s) without CenSat rDNA label added by tile screen (3 screened, 204894 bp)
NA20905_hap1_hprc_r2_v1.0.1	ok	45	79211498	19290027	2.4	76225980	72098263	4294680	803277	20	0	7	1	False		0	chain_both_flanks	NA20905#1#JBHDWY010000004.1	88777635-88980912	NA20905#1#JBHDWY010000004.1:88619301-88777635(+,158223bp)	NA20905#1#JBHDWY010000004.1:88980912-89180611(+,199567bp)	
HG01530_hap1_hprc_r2_v1.0.1	ok	34	86537375	20247031	27.1	72862160	77530315	6108154	883629	16	3	4	1	True	HG01530#1#JBHDXF010000018.1,HG01530#1#JBHDXF010000031.1,HG01530#1#JBHDXF010000076.1	3	chain_both_flanks	HG01530#1#CM087532.1	222945221-223228850	HG01530#1#CM087532.1:222786898-222945221(+,158206bp)	HG01530#1#CM087532.1:223228850-223429177(+,199494bp)	3 unplaced contig(s) without CenSat rDNA label added by tile screen (7 screened, 3880814 bp)
HG01784_hap1_hprc_r2_v1.0.1	ok	35	77859586	17424323	30.0	76073625	66197080	9258425	791853	13	5	2	0	True	HG01784#1#JBHDXH010000078.1	1	chain_both_flanks	HG01784#1#JBHDXH010000009.1	124983338-125175191	HG01784#1#JBHDXH010000009.1:124825010-124983338(+,158225bp)	HG01784#1#JBHDXH010000009.1:125175191-125374813(+,199587bp)	1 unplaced contig(s) without CenSat rDNA label added by tile screen (1 screened, 69879 bp)
HG02391_hap1_hprc_r2_v1.0.1	ok	59	82397569	19373858	2.9	80192631	69065114	10585777	731401	24	3	9	0	False		0	chain_both_flanks	HG02391#1#CM087581.1	226327816-226459217	HG02391#1#CM087581.1:226169506-226327816(+,158210bp)	HG02391#1#CM087581.1:226459217-226658829(+,199582bp)	
HG03471_hap1_hprc_r2_v1.0.1	ok	48	95681551	24634267	36.8	80971222	83913136	8847288	905850	23	0	4	0	True	HG03471#1#JBHDXD010000051.1,HG03471#1#JBHDXD010000059.1	2	chain_both_flanks	HG03471#1#JBHDXD010000015.1	89708273-90014123	HG03471#1#JBHDXD010000015.1:89549960-89708273(+,158195bp)	HG03471#1#JBHDXD010000015.1:90014123-90214541(+,199505bp)	2 unplaced contig(s) without CenSat rDNA label added by tile screen (17 screened, 9764955 bp)
HG03742_hap1_hprc_r2_v1.0.1	ok	40	78889556	17451917	6.4	65268773	73504869	2566675	897402	18	2	3	0	False		0	chain_both_flanks	HG03742#1#JBHDXL010000001.1	100522067-100819469	HG03742#1#JBHDXL010000001.1:100363717-100522067(+,158232bp)	HG03742#1#JBHDXL010000001.1:100819469-101019081(+,199579bp)	
NA18570_hap1_hprc_r2_v1.0.1	ok	33	73924819	16645136	20.9	72352314	69221220	2259068	832303	17	6	4	0	True	NA18570#1#JBHDXN010000018.1,NA18570#1#JBHDXN010000030.1	2	chain_both_flanks	NA18570#1#JBHDXN010000046.1	89959091-90191394	NA18570#1#JBHDXN010000046.1:89800742-89959091(+,158245bp)	NA18570#1#JBHDXN010000046.1:90191394-90391034(+,199582bp)	2 unplaced contig(s) without CenSat rDNA label added by tile screen (4 screened, 390828 bp)
NA19087_hap1_hprc_r2_v1.0.1	ok	43	96543274	23198633	25.7	94994599	88293183	5926605	711258	21	4	7	0	True	NA19087#1#JBHDXP010000040.1,NA19087#1#JBHDXP010000074.1	2	chain_both_flanks	NA19087#1#JBHDXP010000007.1	87876593-87987851	NA19087#1#JBHDXP010000007.1:87718248-87876593(+,158231bp)	NA19087#1#JBHDXP010000007.1:87987851-88187470(+,199583bp)	2 unplaced contig(s) without CenSat rDNA label added by tile screen (3 screened, 546396 bp)
NA19185_hap1_hprc_r2_v1.0.1	ok	50	83000534	18403939	22.5	80014904	67049567	13566720	772019	22	1	7	0	True	NA19185#1#JBHDXR010000025.1,NA19185#1#JBHDXR010000063.1	2	chain_both_flanks	NA19185#1#CM087719.1	230066839-230238858	NA19185#1#CM087719.1:229908559-230066839(+,158180bp)	NA19185#1#CM087719.1:230238858-230439051(+,199445bp)	2 unplaced contig(s) without CenSat rDNA label added by tile screen (2 screened, 145687 bp)
NA19338_hap1_hprc_r2_v1.0.1	ok	27	80710277	18306196	33.6	79750569	72850129	5458489	789432	11	4	4	0	True	NA19338#1#JBHDXT010000023.1	1	chain_both_flanks	NA19338#1#JBHDXT010000005.1	86617064-86806496	NA19338#1#JBHDXT010000005.1:86458775-86617064(+,158235bp)	NA19338#1#JBHDXT010000005.1:86806496-87006742(+,199457bp)	1 unplaced contig(s) without CenSat rDNA label added by tile screen (2 screened, 231269 bp)
NA19391_hap1_hprc_r2_v1.0.1	ok	35	85171808	18121262	19.7	83420432	71205204	11354625	999751	14	0	4	0	True	NA19391#1#JBHDXV010000032.1,NA19391#1#JBHDXV010000068.1	2	chain_both_flanks	NA19391#1#JBHDXV010000011.1	86999418-87399169	NA19391#1#JBHDXV010000011.1:86841252-86999418(+,158096bp)	NA19391#1#JBHDXV010000011.1:87399169-87599503(+,199469bp)	2 unplaced contig(s) without CenSat rDNA label added by tile screen (3 screened, 1008789 bp)
NA19468_hap1_hprc_r2_v1.0.1	ok	33	70327358	15657471	0.5	69646503	61825839	6611518	680855	10	8	3	0	False		0	chain_both_flanks	NA19468#1#JBHDXX010000016.1	100958534-101039389	NA19468#1#JBHDXX010000016.1:100801050-100958534(+,157375bp)	NA19468#1#JBHDXX010000016.1:101039389-101239660(+,199479bp)	
HG00438_pat_hprc_r2_v1.0.1	ok	39	92020343	20889945	22.5	90775041	76787587	12765871	854657	13	3	4	0	True	HG00438#1#JAHBCB020000061.1	1	chain_both_flanks	HG00438#1#CM089167.1	232530960-232785617	HG00438#1#CM089167.1:232372605-232530960(+,158246bp)	HG00438#1#CM089167.1:232785617-232985232(+,199521bp)	1 unplaced contig(s) without CenSat rDNA label added by tile screen (1 screened, 109708 bp)
HG00558_pat_hprc_r2_v1.0.1	ok	33	74017077	16513908	41.5	71011894	69168425	2462626	773798	13	4	2	0	True	HG00558#1#JBHIHC010000052.1	1	chain_both_flanks	HG00558#1#CM088491.1	228782742-228956540	HG00558#1#CM088491.1:228624444-228782742(+,158225bp)	HG00558#1#CM088491.1:228956540-229156180(+,199580bp)	1 unplaced contig(s) without CenSat rDNA label added by tile screen (2 screened, 2995617 bp)
HG00639_pat_hprc_r2_v1.0.1	ok	40	90318510	20836765	24.7	75300948	85887798	2060147	758336	18	3	5	0	True	HG00639#1#JBHIHE010000028.1	1	chain_both_flanks	HG00639#1#CM088536.1	221536412-221694748	HG00639#1#CM088536.1:221378050-221536412(+,158295bp)	HG00639#1#CM088536.1:221694748-221895101(+,199492bp)	1 unplaced contig(s) without CenSat rDNA label added by tile screen (1 screened, 245197 bp)
HG00658_pat_hprc_r2_v1.0.1	ok	46	81539689	18482899	38.3	76952288	68340951	10452700	730761	13	1	4	0	True	HG00658#1#JBHIHU010000061.1,HG00658#1#JBHIHU010000080.1	2	chain_both_flanks	HG00658#1#CM088773.1	224945839-225076600	HG00658#1#CM088773.1:224789063-224945839(+,156711bp)	HG00658#1#CM088773.1:225076600-225276931(+,199443bp)	2 unplaced contig(s) without CenSat rDNA label added by tile screen (6 screened, 5142197 bp)
HG00673_pat_hprc_r2_v1.0.1	ok	28	78181848	16680921	16.8	76737212	65439522	10041621	778254	11	2	1	0	True	HG00673#1#JAHBBZ020000024.1,HG00673#1#JAHBBZ020000079.1,HG00673#1#JAHBBZ020000081.1	3	chain_both_flanks	HG00673#1#JAHBBZ020000012.1	87456964-87635218	HG00673#1#JAHBBZ020000012.1:87298422-87456964(+,158208bp)	HG00673#1#JAHBBZ020000012.1:87635218-87834839(+,199560bp)	3 unplaced contig(s) without CenSat rDNA label added by tile screen (3 screened, 185124 bp)
HG01071_pat_hprc_r2_v1.0.1	ok	43	98019235	22010634	24.9	85024996	86884559	8809568	712880	16	1	5	0	True	HG01071#1#JAHBCF020000022.1,HG01071#1#JAHBCF020000029.1	2	chain_both_flanks	HG01071#1#CM089111.1	228085197-228198077	HG01071#1#CM089111.1:227928421-228085197(+,156701bp)	HG01071#1#CM089111.1:228198077-228397741(+,199523bp)	2 unplaced contig(s) without CenSat rDNA label added by tile screen (3 screened, 457003 bp)
HG01074_pat_hprc_r2_v1.0.1	ok	42	84473883	19446559	2.7	83370668	73919995	7715665	822946	15	3	4	0	False		0	chain_both_flanks	HG01074#1#JBHIHW010000042.1	90417914-90640860	HG01074#1#JBHIHW010000042.1:90259583-90417914(+,158231bp)	HG01074#1#JBHIHW010000042.1:90640860-90840478(+,199578bp)	
HG01081_pat_hprc_r2_v1.0.1	ok	35	87014746	19676383	7.9	74159253	82709507	1956399	736612	17	1	7	0	False		0	chain_both_flanks	HG01081#1#JBHIHG010000016.1	88524036-88660648	HG01081#1#JBHIHG010000016.1:88365689-88524036(+,158238bp)	HG01081#1#JBHIHG010000016.1:88660648-88860946(+,199445bp)	
HG01123_pat_hprc_r2_v1.0.1	ok	26	77133779	17650291	1.1	76335201	69626425	5096547	798578	9	4	2	0	False		0	chain_both_flanks	HG01123#1#CM089081.1	223555074-223753652	HG01123#1#CM089081.1:223396720-223555074(+,158263bp)	HG01123#1#CM089081.1:223753652-223954024(+,199461bp)	
HG01150_pat_hprc_r2_v1.0.1	ok	33	77328932	17533411	21.6	76305520	69545345	5211643	959715	12	2	5	0	True	HG01150#1#JBHIHI010000104.1	1	chain_both_flanks	HG01150#1#JBHIHI010000014.1	91725293-92085008	HG01150#1#JBHIHI010000014.1:91566962-91725293(+,158205bp)	HG01150#1#JBHIHI010000014.1:92085008-92284645(+,199588bp)	1 unplaced contig(s) without CenSat rDNA label added by tile screen (2 screened, 2828074 bp)
HG01252_pat_hprc_r2_v1.0.1	ok	26	74531332	16753343	3.3	73555902	70791113	844178	975430	13	1	6	0	False		0	chain_both_flanks	HG01252#1#JBHIHY010000009.1	108095960-108471390	HG01252#1#JBHIHY010000009.1:107937628-108095960(+,158210bp)	HG01252#1#JBHIHY010000009.1:108471390-108671763(+,199539bp)	
HG01358_pat_hprc_r2_v1.0.1	ok	41	78683137	18775674	30.5	73783902	72350746	3388798	928316	17	1	9	0	True	HG01358#1#JAGYZB020000019.1,HG01358#1#JAGYZB020000067.1	2	chain_both_flanks	HG01358#1#JAGYZB020000003.1	92277709-92606025	HG01358#1#JAGYZB020000003.1:92119385-92277709(+,158264bp)	HG01358#1#JAGYZB020000003.1:92606025-92806017(+,199531bp)	2 unplaced contig(s) without CenSat rDNA label added by tile screen (4 screened, 4937076 bp)
HG01361_pat_hprc_r2_v1.0.1	ok	35	78922931	18318009	24.0	77492270	71677082	4895666	737955	15	6	4	0	True	HG01361#1#JAGYYX020000036.1,HG01361#1#JAGYYX020000040.1,HG01361#1#JAGYYX020000045.1,HG01361#1#JAGYYX020000079.1	4	chain_both_flanks	HG01361#1#CM089019.1	227016017-227153972	HG01361#1#CM089019.1:226857698-227016017(+,158226bp)	HG01361#1#CM089019.1:227153972-227354403(+,199445bp)	4 unplaced contig(s) without CenSat rDNA label added by tile screen (4 screened, 316918 bp)
HG01928_pat_hprc_r2_v1.0.1	ok	38	89057968	20759253	30.5	74827798	73704678	12512654	825359	15	0	2	1	True	HG01928#1#JAGYVQ020000069.1	1	chain_both_flanks	HG01928#1#CM088983.1	228012176-228237535	HG01928#1#CM088983.1:227853855-228012176(+,158224bp)	HG01928#1#CM088983.1:228237535-228437163(+,199581bp)	1 unplaced contig(s) without CenSat rDNA label added by tile screen (2 screened, 1914443 bp)
HG01934_pat_hprc_r2_v1.0.1	ok	45	84580626	18333183	0.5	83253739	71103519	10640824	821005	14	4	3	0	False		0	chain_both_flanks	HG01934#1#CM088836.1	227166593-227387598	HG01934#1#CM088836.1:227008227-227166593(+,158262bp)	HG01934#1#CM088836.1:227387598-227587978(+,199477bp)	
HG01940_pat_hprc_r2_v1.0.1	ok	29	78148802	17744189	40.1	76039961	66305474	9405629	825471	13	2	3	1	True	HG01940#1#JBHIHK010000064.1	1	chain_both_flanks	HG01940#1#CM088628.1	222820489-223045960	HG01940#1#CM088628.1:222662178-222820489(+,158233bp)	HG01940#1#CM088628.1:223045960-223245604(+,199601bp)	1 unplaced contig(s) without CenSat rDNA label added by tile screen (2 screened, 378604 bp)
HG01960_pat_hprc_r2_v1.0.1	ok	27	77537739	17711276	4.7	74961310	71471616	3664332	789563	13	1	3	0	False		0	chain_both_flanks	HG01960#1#CM088644.1	228284256-228473819	HG01960#1#CM088644.1:228125920-228284256(+,158233bp)	HG01960#1#CM088644.1:228473819-228674220(+,199553bp)	
HG01969_pat_hprc_r2_v1.0.1	ok	30	89809595	20036106	30.4	76751851	77857363	9503348	836656	13	4	3	0	True	HG01969#1#JBHIHO010000074.1,HG01969#1#JBHIHO010000078.1	2	chain_both_flanks	HG01969#1#CM088683.1	219869626-220106282	HG01969#1#CM088683.1:219711282-219869626(+,158259bp)	HG01969#1#CM088683.1:220106282-220306701(+,199400bp)	2 unplaced contig(s) without CenSat rDNA label added by tile screen (3 screened, 269986 bp)
HG01978_pat_hprc_r2_v1.1.0	ok	45	99878158	25705401	21.8	97328114	82737361	14745704	782865	16	1	4	0	True	HG01978#1#JAGYVR020000027.1,HG01978#1#JAGYVR020000081.1	2	chain_both_flanks	HG01978#1#JAGYVR020000015.1	89259162-89442027	HG01978#1#JAGYVR020000015.1:89100850-89259162(+,158216bp)	HG01978#1#JAGYVR020000015.1:89442027-89641653(+,199579bp)	2 unplaced contig(s) without CenSat rDNA label added by tile screen (5 screened, 14505019 bp)
HG02071_pat_hprc_r2_v1.0.1	ok	54	92404902	22349820	24.5	90932941	85313227	4446450	724583	20	1	8	0	True	HG02071#1#JBHIGI010000038.1,HG02071#1#JBHIGI010000083.1	2	chain_both_flanks	HG02071#1#CM088256.1	227565750-227690333	HG02071#1#CM088256.1:227407428-227565750(+,158224bp)	HG02071#1#CM088256.1:227690333-227889950(+,199581bp)	2 unplaced contig(s) without CenSat rDNA label added by tile screen (2 screened, 353971 bp)
HG02074_pat_hprc_r2_v1.0.1	ok	71	91460917	20532743	32.4	76397911	79289528	9460304	819092	26	4	7	2	True	HG02074#1#JBHIGK010000116.1,HG02074#1#JBHIGK010000127.1	2	chain_both_flanks	HG02074#1#JBHIGK010000004.1	90986662-91205754	HG02074#1#JBHIGK010000004.1:90828429-90986662(+,158142bp)	HG02074#1#JBHIGK010000004.1:91205754-91406087(+,199501bp)	2 unplaced contig(s) without CenSat rDNA label added by tile screen (3 screened, 351982 bp)
HG02135_pat_hprc_r2_v1.0.1	ok	63	99032964	23054260	25.1	71673166	77055803	19192329	769555	23	1	5	0	True	HG02135#1#JBHIGM010000043.1	1	chain_both_flanks	HG02135#1#JBHIGM010000096.1	87363787-87533342	HG02135#1#JBHIGM010000096.1:87205476-87363787(+,158224bp)	HG02135#1#JBHIGM010000096.1:87533342-87733679(+,199441bp)	1 unplaced contig(s) without CenSat rDNA label added by tile screen (2 screened, 197834 bp)
HG02257_pat_hprc_r2_v1.1.0	ok	53	96073247	21531102	36.6	86296855	84356312	9178622	926085	18	0	5	0	True	HG02257#1#JAGYVH020000048.1,HG02257#1#JAGYVH020000052.1,HG02257#1#JAGYVH020000111.1	3	chain_both_flanks	HG02257#1#JAGYVH020000015.1	88819681-89145766	HG02257#1#JAGYVH020000015.1:88661340-88819681(+,158323bp)	HG02257#1#JAGYVH020000015.1:89145766-89345403(+,199586bp)	3 unplaced contig(s) without CenSat rDNA label added by tile screen (4 screened, 1204030 bp)
HG02668_pat_hprc_r2_v1.0.1	ok	58	106891133	23617506	3.3	81109822	100784451	3666670	827806	22	3	6	0	False		0	chain_both_flanks	HG02668#1#JBHIIC010000011.1	81456759-81684565	HG02668#1#JBHIIC010000011.1:81298473-81456759(+,158202bp)	HG02668#1#JBHIIC010000011.1:81684565-81884774(+,199465bp)	
HG02717_pat_hprc_r2_v1.0.1	ok	48	83806776	18768612	1.9	82925617	72235048	8825520	730951	20	0	7	0	False		0	chain_both_flanks	HG02717#1#JAHAOS020000003.1	93483475-93614426	HG02717#1#JAHAOS020000003.1:93326688-93483475(+,156673bp)	HG02717#1#JAHAOS020000003.1:93614426-93814560(+,199450bp)	
HG02809_pat_hprc_r2_v1.0.1	ok	50	73447636	17367558	28.4	71105290	62545718	8497845	791844	16	2	3	0	True	HG02809#1#JBHIGO010000071.1,HG02809#1#JBHIGO010000088.1	2	chain_both_flanks	HG02809#1#JBHIGO010000060.1	88489792-88681636	HG02809#1#JBHIGO010000060.1:88331504-88489792(+,158172bp)	HG02809#1#JBHIGO010000060.1:88681636-88881356(+,199396bp)	2 unplaced contig(s) without CenSat rDNA label added by tile screen (4 screened, 4102561 bp)
HG03017_pat_hprc_r2_v1.0.1	ok	34	96789008	21732043	0.5	83760162	92384661	1615067	774003	18	2	8	0	False		0	chain_both_flanks	HG03017#1#CM088908.1	223369461-223543464	HG03017#1#CM088908.1:223211118-223369461(+,158223bp)	HG03017#1#CM088908.1:223543464-223743086(+,199588bp)	
HG03041_pat_hprc_r2_v1.0.1	ok	32	81079797	17381508	2.0	80160084	77408788	1199919	858871	17	0	7	0	False		0	chain_both_flanks	HG03041#1#CM088710.1	229633980-229892851	HG03041#1#CM088710.1:229475645-229633980(+,158246bp)	HG03041#1#CM088710.1:229892851-230093141(+,199464bp)	
HG03239_pat_hprc_r2_v1.0.1	ok	42	82218067	18050418	28.0	81181447	66362096	13400578	843165	13	2	4	0	True	HG03239#1#JBHIHS010000028.1,HG03239#1#JBHIHS010000065.1,HG03239#1#JBHIHS010000071.1	3	chain_both_flanks	HG03239#1#CM088744.1	225921089-226164254	HG03239#1#CM088744.1:225762715-225921089(+,158239bp)	HG03239#1#CM088744.1:226164254-226364477(+,199513bp)	3 unplaced contig(s) without CenSat rDNA label added by tile screen (4 screened, 404746 bp)
HG03516_pat_hprc_r2_v1.1.0	ok	40	85579616	17994915	1.1	84151537	73458714	9566874	941800	14	3	4	0	False		0	chain_both_flanks	HG03516#1#CM089203.1	229432009-229773809	HG03516#1#CM089203.1:229273721-229432009(+,158196bp)	HG03516#1#CM089203.1:229773809-229974175(+,199492bp)	
HG03804_pat_hprc_r2_v1.0.1	ok	36	91267168	20346138	32.4	76889930	84884910	3911146	858884	20	1	5	0	True	HG03804#1#JBHIGQ010000025.1	1	chain_both_flanks	HG03804#1#JBHIGQ010000012.1	87179349-87438233	HG03804#1#JBHIGQ010000012.1:87021011-87179349(+,158273bp)	HG03804#1#JBHIGQ010000012.1:87438233-87637866(+,199589bp)	1 unplaced contig(s) without CenSat rDNA label added by tile screen (1 screened, 67625 bp)
HG03942_pat_hprc_r2_v1.0.1	ok	48	78843989	18440222	25.7	73922154	67534340	8684923	724834	18	1	6	0	True	HG03942#1#JBHIGS010000015.1,HG03942#1#JBHIGS010000039.1,HG03942#1#JBHIGS010000045.1,HG03942#1#JBHIGS010000082.1	4	chain_both_flanks	HG03942#1#JBHIGS010000022.1	113121247-113246081	HG03942#1#JBHIGS010000022.1:112962951-113121247(+,158184bp)	HG03942#1#JBHIGS010000022.1:113246081-113445731(+,199596bp)	4 unplaced contig(s) without CenSat rDNA label added by tile screen (6 screened, 8839278 bp)
HG04157_pat_hprc_r2_v1.0.1	ok	37	77159130	18802491	27.2	71917525	65368980	9054670	720203	13	6	4	0	True	HG04157#1#JBHIGU010000028.1,HG04157#1#JBHIGU010000044.1	2	chain_both_flanks	HG04157#1#CM088412.1	231482930-231603133	HG04157#1#CM088412.1:231324579-231482930(+,158321bp)	HG04157#1#CM088412.1:231603133-231803560(+,199517bp)	2 unplaced contig(s) without CenSat rDNA label added by tile screen (3 screened, 7680862 bp)
HG04160_pat_hprc_r2_v1.0.1	ok	46	103502062	25865546	43.1	77118532	99024213	1692932	769640	24	7	7	1	True	HG04160#1#JBHIGW010000036.1	1	chain_both_flanks	HG04160#1#CM088423.1	226841196-227010836	HG04160#1#CM088423.1:226682931-226841196(+,158188bp)	HG04160#1#CM088423.1:227010836-227211144(+,199472bp)	1 unplaced contig(s) without CenSat rDNA label added by tile screen (1 screened, 105856 bp)
HG04204_pat_hprc_r2_v1.0.1	ok	38	82481734	18679199	3.2	81515021	75872271	3739327	854859	13	1	4	0	False		0	chain_flanks_split_contigs			HG04204#1#JBHIGY010000007.1:89906949-90065205(+,158161bp)	HG04204#1#JBHIGY010000070.1:166086-365683(+,199508bp)	5S lift partial: chain_flanks_split_contigs
HG04228_pat_hprc_r2_v1.0.1	ok	39	88826644	21178834	20.7	75698708	80591200	5513395	706772	13	2	5	0	True	HG04228#1#JBHIHA010000028.1,HG04228#1#JBHIHA010000037.1,HG04228#1#JBHIHA010000083.1	3	chain_both_flanks	HG04228#1#CM088477.1	224485394-224592166	HG04228#1#CM088477.1:224327039-224485394(+,158235bp)	HG04228#1#CM088477.1:224592166-224791775(+,199567bp)	3 unplaced contig(s) without CenSat rDNA label added by tile screen (6 screened, 3371656 bp)
HG00706_pat_hprc_r2_v1.0.1	ok	42	95017080	21460458	40.1	93159806	81420244	10812486	769073	17	0	7	0	True	HG00706#1#JBJXWD010000080.1,HG00706#1#JBJXWD010000089.1	2	chain_both_flanks	HG00706#1#JBJXWD010000047.1	222976900-223145973	HG00706#1#JBJXWD010000047.1:222818607-222976900(+,158243bp)	HG00706#1#JBJXWD010000047.1:223145973-223346312(+,199473bp)	2 unplaced contig(s) without CenSat rDNA label added by tile screen (4 screened, 658053 bp)
HG03816_pat_hprc_r2_v1.0.1	ok	41	95291983	20846524	39.2	82370168	86533019	6464613	682123	16	0	3	1	True	HG03816#1#JBJXWF010000067.1	1	chain_both_flanks	HG03816#1#JBJXWF010000050.1	97084780-97166903	HG03816#1#JBJXWF010000050.1:96927613-97084780(+,157036bp)	HG03816#1#JBJXWF010000050.1:97166903-97366967(+,199472bp)	1 unplaced contig(s) without CenSat rDNA label added by tile screen (4 screened, 915773 bp)
HG00423_pat_hprc_r2_v1.0.1	ok	25	80534345	17538397	0.5	65389997	77381586	587534	952996	14	1	3	0	False		0	chain_both_flanks	HG00423#1#JBHIIO010000010.1	86316967-86669963	HG00423#1#JBHIIO010000010.1:86158652-86316967(+,158229bp)	HG00423#1#JBHIIO010000010.1:86669963-86870327(+,199532bp)	
HG00544_pat_hprc_r2_v1.0.1	ok	29	74797977	16332558	2.3	72996484	67498424	4951242	736083	12	1	3	0	False		0	chain_both_flanks	HG00544#1#CM089370.1	223991232-224127315	HG00544#1#CM089370.1:223832942-223991232(+,158226bp)	HG00544#1#CM089370.1:224127315-224326972(+,199580bp)	
HG01943_pat_hprc_r2_v1.0.1	ok	42	71245467	17387766	29.5	65336612	64248003	4181458	800729	10	3	0	0	True	HG01943#1#JBHIIK010000044.1,HG01943#1#JBHIIK010000062.1,HG01943#1#JBHIIK010000085.1,HG01943#1#JBHIIK010000108.1	4	chain_both_flanks	HG01943#1#JBHIIK010000077.1	83978758-84179487	HG01943#1#JBHIIK010000077.1:83820442-83978758(+,158216bp)	HG01943#1#JBHIIK010000077.1:84179487-84379836(+,199494bp)	4 unplaced contig(s) without CenSat rDNA label added by tile screen (17 screened, 9651787 bp)
HG02735_pat_hprc_r2_v1.0.1	ok	58	89140513	20510987	42.2	86164723	74651781	11592051	881404	16	2	5	0	True	HG02735#1#JBHIII010000037.1,HG02735#1#JBHIII010000071.1,HG02735#1#JBHIII010000088.1	3	chain_both_flanks	HG02735#1#CM089327.1	228755546-229036950	HG02735#1#CM089327.1:228597224-228755546(+,158218bp)	HG02735#1#CM089327.1:229036950-229237298(+,199487bp)	3 unplaced contig(s) without CenSat rDNA label added by tile screen (4 screened, 608707 bp)
HG03225_hap1_hprc_r2_v1.0.1	ok	49	97055392	21198970	19.2	83328710	85218763	8955581	865780	20	0	7	0	True	HG03225#1#JBHIIG010000029.1,HG03225#1#JBHIIG010000071.1,HG03225#1#JBHIIG010000075.1	3	chain_both_flanks	HG03225#1#CM089298.1	226788033-227053813	HG03225#1#CM089298.1:226629727-226788033(+,158234bp)	HG03225#1#CM089298.1:227053813-227253912(+,199366bp)	3 unplaced contig(s) without CenSat rDNA label added by tile screen (3 screened, 200732 bp)
NA19159_hap1_hprc_r2_v1.0.1	ok	45	86988518	18334856	18.6	85161218	74039346	10567234	769711	19	0	5	1	True	NA19159#1#JBJXQL010000036.1	1	chain_both_flanks	NA19159#1#CM099939.1	231870206-232039917	NA19159#1#CM099939.1:231711842-231870206(+,158217bp)	NA19159#1#CM099939.1:232039917-232239967(+,199357bp)	1 unplaced contig(s) without CenSat rDNA label added by tile screen (4 screened, 3214569 bp)
HG00126_hap1_hprc_r2_v1.0.1	ok	43	108368172	26172118	33.4	94453930	100393757	5183281	775857	19	3	7	0	True	HG00126#1#JBHIKU010000070.1	1	chain_both_flanks	HG00126#1#CM090108.1	227054768-227230625	HG00126#1#CM090108.1:226896455-227054768(+,158213bp)	HG00126#1#CM090108.1:227230625-227431134(+,199491bp)	1 unplaced contig(s) without CenSat rDNA label added by tile screen (3 screened, 755620 bp)
HG00128_hap1_hprc_r2_v1.0.1	ok	45	99859216	22450345	30.3	90057905	94043191	3375890	827907	17	2	7	0	True	HG00128#1#JBHIKS010000025.1,HG00128#1#JBHIKS010000034.1,HG00128#1#JBHIKS010000035.1,HG00128#1#JBHIKS010000036.1,HG00128#1#JBHIKS010000062.1	5	chain_both_flanks	HG00128#1#JBHIKS010000054.1	84270524-84498431	HG00128#1#JBHIKS010000054.1:84112227-84270524(+,158205bp)	HG00128#1#JBHIKS010000054.1:84498431-84698682(+,199516bp)	5 unplaced contig(s) without CenSat rDNA label added by tile screen (5 screened, 368955 bp)
HG00133_hap1_hprc_r2_v1.0.1	ok	30	84765536	19334197	4.2	83873601	76811281	5501011	841016	13	2	3	0	False		0	chain_both_flanks	HG00133#1#CM090045.1	222803992-223045008	HG00133#1#CM090045.1:222645656-222803992(+,158290bp)	HG00133#1#CM090045.1:223045008-223244638(+,199579bp)	
HG00146_hap1_hprc_r2_v1.0.1	ok	51	110046384	28361554	28.0	72405449	96233357	11397670	803129	23	5	8	0	True	HG00146#1#JBHIKO010000089.1,HG00146#1#JBHIKO010000097.1	2	chain_both_flanks	HG00146#1#JBHIKO010000002.1	89095236-89298365	HG00146#1#JBHIKO010000002.1:88936884-89095236(+,158295bp)	HG00146#1#JBHIKO010000002.1:89298365-89498764(+,199456bp)	2 unplaced contig(s) without CenSat rDNA label added by tile screen (5 screened, 1161716 bp)
HG00232_hap1_hprc_r2_v1.0.1	ok	29	82852437	17597614	2.2	81892836	75970513	4372132	897564	11	3	3	0	False		0	chain_both_flanks	HG00232#1#CM089991.1	224127268-224424832	HG00232#1#CM089991.1:223969024-224127268(+,158152bp)	HG00232#1#CM089991.1:224424832-224624730(+,199546bp)	
HG00290_hap1_hprc_r2_v1.0.1	ok	42	87730509	18947158	26.1	86578508	69321118	15435962	958152	11	1	4	0	True	HG00290#1#JBHIKK010000022.1	1	chain_both_flanks	HG00290#1#CM089978.1	230207135-230565287	HG00290#1#CM089978.1:230048873-230207135(+,158162bp)	HG00290#1#CM089978.1:230565287-230764909(+,199587bp)	1 unplaced contig(s) without CenSat rDNA label added by tile screen (1 screened, 193849 bp)
HG00320_hap1_hprc_r2_v1.0.1	ok	41	89851043	21129701	32.5	73851121	78988464	8515137	735214	20	4	6	0	True	HG00320#1#JBHIKI010000018.1,HG00320#1#JBHIKI010000019.1	2	chain_both_flanks	HG00320#1#CM089948.1	232291741-232426955	HG00320#1#CM089948.1:232134971-232291741(+,156687bp)	HG00320#1#CM089948.1:232426955-232626911(+,199516bp)	2 unplaced contig(s) without CenSat rDNA label added by tile screen (4 screened, 3228547 bp)
HG00321_hap1_hprc_r2_v1.0.1	ok	37	91638386	19741891	0.4	90788438	77214859	11711544	849948	14	2	3	0	False		0	chain_both_flanks	HG00321#1#CM089536.1	228555011-228804959	HG00321#1#CM089536.1:228396694-228555011(+,158217bp)	HG00321#1#CM089536.1:228804959-229005131(+,199469bp)	
HG01786_hap1_hprc_r2_v1.0.1	ok	49	87469519	20081981	34.3	83344803	79149719	5888547	819025	19	1	6	0	True	HG01786#1#JBHIIW010000039.1,HG01786#1#JBHIIW010000085.1	2	chain_both_flanks	HG01786#1#JBHIIW010000005.1	92552880-92771905	HG01786#1#JBHIIW010000005.1:92394585-92552880(+,158213bp)	HG01786#1#JBHIIW010000005.1:92771905-92971842(+,199512bp)	2 unplaced contig(s) without CenSat rDNA label added by tile screen (3 screened, 556133 bp)
HG02178_hap1_hprc_r2_v1.0.1	ok	24	81413971	18856949	2.6	64785457	68493537	10453635	854571	12	1	0	0	False		0	chain_both_flanks	HG02178#1#JBHIKG010000011.1	84739064-84993635	HG02178#1#JBHIKG010000011.1:84580748-84739064(+,158204bp)	HG02178#1#JBHIKG010000011.1:84993635-85193263(+,199582bp)	
HG02583_hap1_hprc_r2_v1.0.1	ok	32	102348279	22790225	3.1	85741934	98096991	1811051	828009	16	3	5	0	False		0	chain_both_flanks	HG02583#1#JBHIIU010000004.1	89089216-89317225	HG02583#1#JBHIIU010000004.1:88930940-89089216(+,158174bp)	HG02583#1#JBHIIU010000004.1:89317225-89517424(+,199445bp)	
HG03270_hap1_hprc_r2_v1.0.1	ok	42	99812980	24162728	29.5	73904807	93390155	4356827	856841	22	3	8	0	True	HG03270#1#JBHIKC010000025.1	1	chain_both_flanks	HG03270#1#JBHIKC010000041.1	228548877-228805718	HG03270#1#JBHIKC010000041.1:228390576-228548877(+,158214bp)	HG03270#1#JBHIKC010000041.1:228805718-229005830(+,199503bp)	1 unplaced contig(s) without CenSat rDNA label added by tile screen (5 screened, 5416607 bp)
HG03583_hap1_hprc_r2_v1.0.1	ok	41	100326692	23852110	19.5	84174553	96342578	1573274	798621	27	1	10	0	True	HG03583#1#JBHIKA010000020.1,HG03583#1#JBHIKA010000041.1,HG03583#1#JBHIKA010000078.1	3	chain_both_flanks	HG03583#1#JBHIKA010000062.1	86702573-86901194	HG03583#1#JBHIKA010000062.1:86544246-86702573(+,158258bp)	HG03583#1#JBHIKA010000062.1:86901194-87101428(+,199449bp)	3 unplaced contig(s) without CenSat rDNA label added by tile screen (4 screened, 1638433 bp)
HG03874_hap1_hprc_r2_v1.0.1	ok	35	84498320	20285756	3.6	81238323	72554684	9546238	785170	12	1	2	0	False		0	chain_both_flanks	HG03874#1#CM089427.1	227231305-227416475	HG03874#1#CM089427.1:227073099-227231305(+,158127bp)	HG03874#1#CM089427.1:227416475-227616112(+,199592bp)	
NA18505_hap1_hprc_r2_v1.0.1	ok	35	73848071	16912824	2.5	72859736	66062639	5335052	838162	12	3	2	0	False		0	chain_flanks_split_contigs			NA18505#1#JBHIJY010000001.1:228970096-229126444(+,156279bp)	NA18505#1#JBHIJY010000050.1:53334-253449(+,199505bp)	5S lift partial: chain_flanks_split_contigs
NA18508_hap1_hprc_r2_v1.0.1	ok	34	87920768	21065981	35.4	69344450	83918619	1933565	859416	19	0	5	0	True	NA18508#1#JBHIJG010000058.1	1	chain_both_flanks	NA18508#1#JBHIJG010000041.1	227366110-227625526	NA18508#1#JBHIJG010000041.1:227207848-227366110(+,158163bp)	NA18508#1#JBHIJG010000041.1:227625526-227825759(+,199450bp)	1 unplaced contig(s) without CenSat rDNA label added by tile screen (1 screened, 237991 bp)
NA18608_hap1_hprc_r2_v1.0.1	ok	31	81375679	19197807	2.6	80456801	73493433	5097597	769372	13	1	4	1	False		0	chain_both_flanks	NA18608#1#JBHIJW010000003.1	225797684-225967056	NA18608#1#JBHIJW010000003.1:225639410-225797684(+,158207bp)	NA18608#1#JBHIJW010000003.1:225967056-226166699(+,199580bp)	
NA18620_hap1_hprc_r2_v1.0.1	ok	50	100643387	24655556	6.7	60150890	88057423	9672747	805426	24	7	5	1	False		0	chain_both_flanks	NA18620#1#JBHIJU010000010.1	89545072-89750498	NA18620#1#JBHIJU010000010.1:89386773-89545072(+,158202bp)	NA18620#1#JBHIJU010000010.1:89750498-89950835(+,199497bp)	
NA18952_hap1_hprc_r2_v1.0.1	ok	47	90505295	21108307	35.2	74229975	82055212	5687830	746976	21	3	7	1	True	NA18952#1#JBHIJS010000035.1,NA18952#1#JBHIJS010000095.1	2	chain_both_flanks	NA18952#1#JBHIJS010000013.1	85394432-85541408	NA18952#1#JBHIJS010000013.1:85236135-85394432(+,158207bp)	NA18952#1#JBHIJS010000013.1:85541408-85741127(+,199369bp)	2 unplaced contig(s) without CenSat rDNA label added by tile screen (5 screened, 1096551 bp)
NA18974_hap1_hprc_r2_v1.0.1	ok	55	87192861	19889046	31.4	85015375	74225571	10146483	805530	22	4	5	1	True	NA18974#1#JBHIJQ010000040.1	1	chain_both_flanks	NA18974#1#JBHIJQ010000062.1	95190339-95395869	NA18974#1#JBHIJQ010000062.1:95032009-95190339(+,158204bp)	NA18974#1#JBHIJQ010000062.1:95395869-95595799(+,199512bp)	1 unplaced contig(s) without CenSat rDNA label added by tile screen (2 screened, 243460 bp)
NA18976_hap1_hprc_r2_v1.0.1	ok	35	77082053	17828816	1.9	64050731	72472903	2229642	767280	14	0	3	1	False		0	chain_both_flanks	NA18976#1#JBHIJO010000021.1	94518279-94685559	NA18976#1#JBHIJO010000021.1:94359958-94518279(+,158219bp)	NA18976#1#JBHIJO010000021.1:94685559-94885666(+,199561bp)	
NA19036_hap1_hprc_r2_v1.0.1	ok	47	84977267	19522954	18.3	66929995	73923993	8653531	787515	16	6	6	0	True	NA19036#1#JBHIJM010000016.1,NA19036#1#JBHIJM010000031.1	2	chain_both_flanks	NA19036#1#CM089722.1	230455638-230643153	NA19036#1#CM089722.1:230297306-230455638(+,158242bp)	NA19036#1#CM089722.1:230643153-230842941(+,199412bp)	2 unplaced contig(s) without CenSat rDNA label added by tile screen (4 screened, 3535732 bp)
NA19443_hap1_hprc_r2_v1.0.1	ok	41	90622462	19545112	36.9	88798596	80973196	6925088	708901	16	1	6	0	True	NA19443#1#JBHIIQ010000093.1	1	chain_both_flanks	NA19443#1#CM089444.1	229648237-229757138	NA19443#1#CM089444.1:229489952-229648237(+,158191bp)	NA19443#1#CM089444.1:229757138-229957674(+,199486bp)	1 unplaced contig(s) without CenSat rDNA label added by tile screen (2 screened, 1468077 bp)
NA19700_hap1_hprc_r2_v1.0.1	ok	36	89753531	19512015	1.9	84335509	79807924	7411892	921508	14	0	4	0	False		0	chain_both_flanks	NA19700#1#CM089617.1	225309237-225630745	NA19700#1#CM089617.1:225150918-225309237(+,158215bp)	NA19700#1#CM089617.1:225630745-225830414(+,199571bp)	
NA20870_hap1_hprc_r2_v1.0.1	ok	38	90425268	21005756	24.4	70756320	74252522	13352412	818691	13	0	1	0	True	NA20870#1#JBHIJK010000074.1	1	chain_both_flanks	NA20870#1#JBHIJK010000042.1	98797276-99015967	NA20870#1#JBHIJK010000042.1:98638924-98797276(+,158336bp)	NA20870#1#JBHIJK010000042.1:99015967-99215676(+,199608bp)	1 unplaced contig(s) without CenSat rDNA label added by tile screen (1 screened, 89821 bp)
NA21093_hap1_hprc_r2_v1.0.1	ok	36	89366784	20763978	25.0	69807367	79328430	7029863	993214	17	4	3	0	True	NA21093#1#JBHIJC010000066.1,NA21093#1#JBHIJC010000076.1,NA21093#1#JBHIJC010000083.1	3	chain_both_flanks	NA21093#1#CM089596.1	227180314-227573528	NA21093#1#CM089596.1:227021986-227180314(+,158227bp)	NA21093#1#CM089596.1:227573528-227773130(+,199571bp)	3 unplaced contig(s) without CenSat rDNA label added by tile screen (6 screened, 7388186 bp)
NA21106_hap1_hprc_r2_v1.0.1	ok	29	78813468	18931841	37.9	63493870	69630112	7085719	888456	13	2	1	0	True	NA21106#1#JBHIJA010000025.1,NA21106#1#JBHIJA010000049.1	2	chain_both_flanks	NA21106#1#CM089553.1	230027088-230315544	NA21106#1#CM089553.1:229868737-230027088(+,158245bp)	NA21106#1#CM089553.1:230315544-230515203(+,199561bp)	2 unplaced contig(s) without CenSat rDNA label added by tile screen (3 screened, 2304852 bp)
NA21110_hap1_hprc_r2_v1.0.1	ok	30	74269273	17017268	0.5	73428229	68723621	3092381	841044	12	1	5	0	False		0	chain_both_flanks	NA21110#1#CM089663.1	238433561-238674605	NA21110#1#CM089663.1:238275219-238433561(+,158309bp)	NA21110#1#CM089663.1:238674605-238874975(+,199468bp)	
HG02392_hap1_hprc_r2_v1.0.1	ok	40	96832553	22502026	30.3	83340038	80418676	13633718	764882	15	1	3	2	True	HG02392#1#JBHIKE010000035.1	1	chain_both_flanks	HG02392#1#CM099879.1	225297660-225462542	HG02392#1#CM099879.1:225139337-225297660(+,158243bp)	HG02392#1#CM099879.1:225462542-225662896(+,199445bp)	1 unplaced contig(s) without CenSat rDNA label added by tile screen (3 screened, 2351553 bp)
HG02514_pat_hprc_r2_v1.0.1	ok	28	80223257	20158957	29.9	67351099	71986693	5411332	809955	9	3	3	0	True	HG02514#1#JBJKOI010000076.1	1	chain_both_flanks	HG02514#1#CM098728.1	222597131-222807086	HG02514#1#CM098728.1:222438815-222597131(+,158212bp)	HG02514#1#CM098728.1:222807086-223006742(+,199560bp)	1 unplaced contig(s) without CenSat rDNA label added by tile screen (5 screened, 4653983 bp)
HG02841_pat_hprc_r2_v1.0.1	ok	43	84592751	18426981	2.1	82458920	72701792	9097350	742147	19	2	5	0	False		0	chain_both_flanks	HG02841#1#CM098698.1	234107105-234249252	HG02841#1#CM098698.1:233950331-234107105(+,156659bp)	HG02841#1#CM098698.1:234249252-234449403(+,199464bp)	
HG02984_pat_hprc_r2_v1.0.1	ok	38	83717391	18684530	22.7	68889989	75830512	5771730	906013	21	2	3	0	True	HG02984#1#JBJKOM010000069.1	1	chain_both_flanks	HG02984#1#CM098787.1	226232378-226538391	HG02984#1#CM098787.1:226074094-226232378(+,158193bp)	HG02984#1#CM098787.1:226538391-226738454(+,199363bp)	1 unplaced contig(s) without CenSat rDNA label added by tile screen (3 screened, 202852 bp)
HG03050_pat_hprc_r2_v1.0.1	ok	53	80512670	19887777	46.3	74865090	69138709	8089428	706853	13	1	3	1	True	HG03050#1#JBJKOK010000067.1,HG03050#1#JBJKOK010000081.1,HG03050#1#JBJKOK010000089.1	3	chain_both_flanks	HG03050#1#CM098759.1	225387919-225494772	HG03050#1#CM098759.1:225229713-225387919(+,158134bp)	HG03050#1#CM098759.1:225494772-225695517(+,199440bp)	3 unplaced contig(s) without CenSat rDNA label added by tile screen (14 screened, 4814630 bp)
NA20799_hap1_hprc_r2_v1.0.1	ok	57	104596709	24571889	54.0	79561651	92553547	9656903	774031	20	2	8	1	True	NA20799#1#JBJKOE010000036.1,NA20799#1#JBJKOE010000090.1	2	chain_both_flanks	NA20799#1#CM098684.1	233355067-233529098	NA20799#1#CM098684.1:233196753-233355067(+,158298bp)	NA20799#1#CM098684.1:233529098-233728764(+,199573bp)	2 unplaced contig(s) without CenSat rDNA label added by tile screen (5 screened, 1997870 bp)
HG01109_pat_hprc_r2_v1.0.1	ok	66	95976043	25865137	34.0	53008543	89813474	3369748	777544	40	0	4	0	True	HG01109#1#JAHEPA020000095.1,HG01109#1#JAHEPA020000102.1	2	chain_both_flanks	HG01109#1#JAHEPA020000055.1	81071622-81249166	HG01109#1#JAHEPA020000055.1:80914941-81071622(+,156632bp)	HG01109#1#JAHEPA020000055.1:81249166-81449329(+,199372bp)	2 unplaced contig(s) without CenSat rDNA label added by tile screen (17 screened, 8791709 bp)
HG02055_pat_hprc_r2_v1.0.1	ok	55	101355446	23027256	22.5	69814385	89097058	9565798	760805	25	1	4	1	True	HG02055#1#JAHEPK020000048.1,HG02055#1#JAHEPK020000079.1	2	chain_both_flanks	HG02055#1#CM092205.1	233675671-233836476	HG02055#1#CM092205.1:233517362-233675671(+,158248bp)	HG02055#1#CM092205.1:233836476-234036921(+,199513bp)	2 unplaced contig(s) without CenSat rDNA label added by tile screen (2 screened, 3046640 bp)
HG02080_pat_hprc_r2_v1.0.1	ok	52	94181166	22197532	27.9	80890325	85050414	6697432	821092	18	4	7	0	True	HG02080#1#JAHEOW020000072.1,HG02080#1#JAHEOW020000087.1	2	chain_both_flanks	HG02080#1#JAHEOW020000044.1	89404706-89625798	HG02080#1#JAHEOW020000044.1:89246350-89404706(+,158245bp)	HG02080#1#JAHEOW020000044.1:89625798-89825435(+,199582bp)	2 unplaced contig(s) without CenSat rDNA label added by tile screen (2 screened, 320401 bp)
HG02109_pat_hprc_r2_v1.0.1	ok	50	83900185	18627730	21.9	82108439	65554223	15824898	908845	12	0	3	0	True	HG02109#1#JAHEPG020000032.1,HG02109#1#JAHEPG020000090.1,HG02109#1#JAHEPG020000107.1	3	chain_both_flanks	HG02109#1#JAHEPG020000008.1	86134420-86443265	HG02109#1#JAHEPG020000008.1:85976164-86134420(+,158162bp)	HG02109#1#JAHEPG020000008.1:86443265-86643485(+,199458bp)	3 unplaced contig(s) without CenSat rDNA label added by tile screen (3 screened, 369918 bp)
HG02723_pat_hprc_r2_v1.0.1	ok	36	87514963	19478256	3.8	73545997	80329126	4672072	901539	16	1	4	0	False		0	chain_both_flanks	HG02723#1#JAHEOU020000005.1	93869455-94170994	HG02723#1#JAHEOU020000005.1:93711196-93869455(+,158181bp)	HG02723#1#JAHEOU020000005.1:94170994-94371089(+,199504bp)	
HG02818_pat_hprc_r2_v1.0.1	ok	34	85393782	20411662	22.6	66673697	74505226	8343224	933105	10	4	0	0	True	HG02818#1#JAHEOS020000070.1	1	chain_both_flanks	HG02818#1#CM091997.1	226439737-226772842	HG02818#1#CM091997.1:226281545-226439737(+,158122bp)	HG02818#1#CM091997.1:226772842-226972910(+,199561bp)	1 unplaced contig(s) without CenSat rDNA label added by tile screen (2 screened, 3782394 bp)
HG03098_pat_hprc_r2_v1.0.1	ok	40	74401692	18510994	24.0	73290389	63592183	8006979	787253	12	0	6	0	True	HG03098#1#JAHEPM020000037.1,HG03098#1#JAHEPM020000098.1	2	chain_both_flanks	HG03098#1#JAHEPM020000059.1	60055077-60242330	HG03098#1#JAHEPM020000059.1:59896776-60055077(+,158236bp)	HG03098#1#JAHEPM020000059.1:60242330-60442907(+,199509bp)	2 unplaced contig(s) without CenSat rDNA label added by tile screen (13 screened, 8612916 bp)
HG03486_pat_hprc_r2_v1.0.1	ok	46	97940584	26074726	6.6	72285898	86059064	9336415	932878	16	1	5	0	False		0	chain_both_flanks	HG03486#1#CM091970.1	230662918-230995796	HG03486#1#CM091970.1:230504660-230662918(+,158180bp)	HG03486#1#CM091970.1:230995796-231196010(+,199431bp)	
NA18906_pat_hprc_r2_v1.0.1	ok	60	85753156	23073644	30.2	58952491	74592181	8732094	816653	21	5	5	0	True	NA18906#1#JAHEOO020000027.1,NA18906#1#JAHEOO020000045.1,NA18906#1#JAHEOO020000051.1	3	chain_both_flanks	NA18906#1#CM091932.1	228348203-228564856	NA18906#1#CM091932.1:228189924-228348203(+,158193bp)	NA18906#1#CM091932.1:228564856-228765059(+,199455bp)	3 unplaced contig(s) without CenSat rDNA label added by tile screen (13 screened, 9080506 bp)
NA20129_pat_hprc_r2_v1.0.1	ok	23	80278837	18293927	35.8	79078492	76993522	811779	861308	11	3	2	1	True	NA20129#1#JAHEPE020000041.1	1	chain_both_flanks	NA20129#1#CM092130.1	225449358-225710666	NA20129#1#CM092130.1:225291060-225449358(+,158203bp)	NA20129#1#CM092130.1:225710666-225911404(+,199425bp)	1 unplaced contig(s) without CenSat rDNA label added by tile screen (4 screened, 2939429 bp)
NA21309_pat_hprc_r2_v1.0.1	ok	34	89461735	19507633	4.5	67659706	84253513	3218379	780675	15	3	3	0	False		0	chain_both_flanks	NA21309#1#CM092106.1	222909141-223089816	NA21309#1#CM092106.1:222750893-222909141(+,158157bp)	NA21309#1#CM092106.1:223089816-223289485(+,199559bp)	
HG00733_pat_hprc_r2_v1.0.1	ok	45	90436961	20201139	29.0	84595426	83316877	4756051	751805	23	1	10	0	True	HG00733#1#JAHEPQ020000086.1	1	chain_both_flanks	HG00733#1#JAHEPQ020000006.1	95613472-95765277	HG00733#1#JAHEPQ020000006.1:95455130-95613472(+,158207bp)	HG00733#1#JAHEPQ020000006.1:95765277-95964923(+,199574bp)	1 unplaced contig(s) without CenSat rDNA label added by tile screen (2 screened, 702414 bp)
HG01243_pat_hprc_r2_v1.0.1	ok	43	93319446	21776028	18.8	92298427	81658203	8736434	965379	16	1	10	0	True	HG01243#1#JAHEOY020000042.1	1	chain_both_flanks	HG01243#1#CM099601.1	228418824-228784203	HG01243#1#CM099601.1:228260551-228418824(+,158178bp)	HG01243#1#CM099601.1:228784203-228983893(+,199556bp)	1 unplaced contig(s) without CenSat rDNA label added by tile screen (2 screened, 2490533 bp)
NA19240_pat_hprc_r2_v1.0.1	ok	35	93623860	21952403	23.8	79893326	83146566	7927706	937360	15	3	5	0	True	NA19240#1#JAHEOM020000027.1	1	chain_both_flanks	NA19240#1#CM099576.1	231296520-231633880	NA19240#1#CM099576.1:231138189-231296520(+,158244bp)	NA19240#1#CM099576.1:231633880-231833934(+,199347bp)	1 unplaced contig(s) without CenSat rDNA label added by tile screen (2 screened, 2371540 bp)
HG005_pat_hprc_r2_v1.0.1	ok	56	88547815	20037013	36.2	80791938	76225137	9512542	798358	14	1	4	0	True	HG005#1#JAHEPO020000043.1,HG005#1#JAHEPO020000048.1,HG005#1#JAHEPO020000086.1,HG005#1#JAHEPO020000088.1,HG005#1#JAHEPO020000091.1	5	chain_both_flanks	HG005#1#JAHEPO020000011.1	97932457-98130815	HG005#1#JAHEPO020000011.1:97774148-97932457(+,158230bp)	HG005#1#JAHEPO020000011.1:98130815-98331084(+,199475bp)	5 unplaced contig(s) without CenSat rDNA label added by tile screen (6 screened, 1004266 bp)
HG00097_hap1_hprc_r2_v1.0.1	ok	47	74508427	17220853	3.3	72918374	68674682	3427340	794177	18	0	7	0	False	HG00097#1#JBIRDD010000026.1,HG00097#1#JBIRDD010000075.1	2	chain_both_flanks	HG00097#1#CM094060.1	230986545-231180722	HG00097#1#CM094060.1:230828208-230986545(+,158301bp)	HG00097#1#CM094060.1:231180722-231380340(+,199587bp)	2 unplaced contig(s) without CenSat rDNA label added by tile screen (4 screened, 3141150 bp)
HG00235_hap1_hprc_r2_v1.0.1	ok	29	78697884	18712291	0.5	53837763	71729608	4548611	807437	13	2	3	0	False		0	chain_both_flanks	HG00235#1#CM094370.1	227307356-227514793	HG00235#1#CM094370.1:227149009-227307356(+,158232bp)	HG00235#1#CM094370.1:227514793-227714402(+,199583bp)	
HG00253_hap1_hprc_r2_v1.0.1	ok	36	92964100	23000903	26.0	91844021	87030664	3826725	897563	12	2	5	0	True	HG00253#1#JBIREJ010000074.1,HG00253#1#JBIREJ010000082.1	2	chain_both_flanks	HG00253#1#CM094457.1	229179832-229477395	HG00253#1#CM094457.1:229021589-229179832(+,158152bp)	HG00253#1#CM094457.1:229477395-229677294(+,199546bp)	2 unplaced contig(s) without CenSat rDNA label added by tile screen (3 screened, 1238017 bp)
HG00272_hap1_hprc_r2_v1.0.1	ok	33	80862381	91784821	145.1	78868613	64880384	13399768	970000	12	0	0	0	True	HG00272#1#JBIRDN010000023.1,HG00272#1#JBIRDN010000030.1,HG00272#1#JBIRDN010000066.1	3	tile_scan_chr1	HG00272#1#CM094185.1	232300000-232670000			3 unplaced contig(s) without CenSat rDNA label added by tile screen (7 screened, 3043085 bp); 5S located by tile scan of 2 chr1 contigs (no usable chain)
HG00329_hap1_hprc_r2_v1.0.1	ok	27	93397860	22685798	4.1	79131521	89583240	884023	915320	16	1	5	2	False		0	chain_both_flanks	HG00329#1#JBIRDP010000016.1	90886058-91201378	HG00329#1#JBIRDP010000016.1:90727807-90886058(+,158182bp)	HG00329#1#JBIRDP010000016.1:91201378-91401002(+,199582bp)	
HG00344_hap1_hprc_r2_v1.0.1	ok	44	104468187	23196943	0.6	89811309	85885109	16196970	773879	19	2	4	2	False		0	chain_both_flanks	HG00344#1#CM094501.1	230857167-231031046	HG00344#1#CM094501.1:230698843-230857167(+,158225bp)	HG00344#1#CM094501.1:231031046-231230659(+,199578bp)	
HG00350_hap1_hprc_r2_v1.0.1	ok	44	87331420	21619497	26.2	70305874	73927029	10848999	943164	18	2	4	0	True	HG00350#1#JBIREL010000021.1,HG00350#1#JBIREL010000040.1,HG00350#1#JBIREL010000065.1	3	chain_both_flanks	HG00350#1#CM094469.1	223980442-224323606	HG00350#1#CM094469.1:223822171-223980442(+,158171bp)	HG00350#1#CM094469.1:224323606-224523895(+,199504bp)	3 unplaced contig(s) without CenSat rDNA label added by tile screen (3 screened, 2636062 bp)
HG01167_hap1_hprc_r2_v1.0.1	ok	40	94000150	20807962	0.5	92000848	73092163	17895335	997375	18	7	3	0	False		0	chain_both_flanks	HG01167#1#CM094523.1	230492358-230889733	HG01167#1#CM094523.1:230334084-230492358(+,158224bp)	HG01167#1#CM094523.1:230889733-231089817(+,199374bp)	
HG03369_hap1_hprc_r2_v1.0.1	ok	41	82181859	17566243	23.1	81149804	71040422	8718082	811126	17	0	4	0	True	HG03369#1#JBIREB010000035.1,HG03369#1#JBIREB010000040.1	2	chain_both_flanks	HG03369#1#CM094382.1	229986244-230197370	HG03369#1#CM094382.1:229829486-229986244(+,156671bp)	HG03369#1#CM094382.1:230197370-230398307(+,199492bp)	2 unplaced contig(s) without CenSat rDNA label added by tile screen (2 screened, 125211 bp)
HG03521_hap1_hprc_r2_v1.0.1	ok	32	73213165	17201030	4.6	72445640	67111617	2961614	767525	12	1	4	0	False		0	chain_both_flanks	HG03521#1#CM094410.1	230605439-230772964	HG03521#1#CM094410.1:230447129-230605439(+,158239bp)	HG03521#1#CM094410.1:230772964-230973206(+,199449bp)	
HG03784_hap1_hprc_r2_v1.0.1	ok	49	99154012	24593292	29.9	71400432	90913890	5813705	814189	23	2	10	0	True	HG03784#1#JBIRDL010000035.1,HG03784#1#JBIRDL010000044.1,HG03784#1#JBIRDL010000047.1	3	chain_both_flanks	HG03784#1#CM094171.1	229146142-229360331	HG03784#1#CM094171.1:228987803-229146142(+,158334bp)	HG03784#1#CM094171.1:229360331-229560710(+,199469bp)	3 unplaced contig(s) without CenSat rDNA label added by tile screen (5 screened, 5383767 bp)
NA18565_hap1_hprc_r2_v1.0.1	ok	28	73660678	17844783	6.8	72588279	65072924	6084807	890719	9	4	1	0	False		0	chain_both_flanks	NA18565#1#CM094316.1	227948755-228239474	NA18565#1#CM094316.1:227790411-227948755(+,158239bp)	NA18565#1#CM094316.1:228239474-228439883(+,199531bp)	
NA19682_hap1_hprc_r2_v1.0.1	ok	36	77980668	17456751	17.5	76376351	65193773	10060273	711354	11	0	3	0	True	NA19682#1#JBIRDJ010000029.1,NA19682#1#JBIRDJ010000050.1	2	chain_both_flanks	NA19682#1#JBIRDJ010000003.1	86135849-86247203	NA19682#1#JBIRDJ010000003.1:85977487-86135849(+,158239bp)	NA19682#1#JBIRDJ010000003.1:86247203-86446825(+,199587bp)	2 unplaced contig(s) without CenSat rDNA label added by tile screen (2 screened, 243947 bp)
NA19776_hap1_hprc_r2_v1.0.1	ok	45	87659351	19915335	36.7	86487403	79395008	5705441	946674	16	1	6	0	True	NA19776#1#JBIRDB010000070.1	1	chain_both_flanks	NA19776#1#CM094007.1	234819762-235166436	NA19776#1#CM094007.1:234661407-234819762(+,158241bp)	NA19776#1#CM094007.1:235166436-235366089(+,199554bp)	1 unplaced contig(s) without CenSat rDNA label added by tile screen (2 screened, 177113 bp)
NA19835_hap1_hprc_r2_v1.0.1	ok	41	82174047	19283749	19.2	69058725	73431329	6360872	769627	18	1	5	0	True	NA19835#1#JBIRCZ010000072.1	1	chain_both_flanks	NA19835#1#CM094021.1	222483535-222653162	NA19835#1#CM094021.1:222325173-222483535(+,158256bp)	NA19835#1#CM094021.1:222653162-222852825(+,199539bp)	1 unplaced contig(s) without CenSat rDNA label added by tile screen (2 screened, 2615091 bp)
NA19909_hap1_hprc_r2_v1.0.1	ok	30	79930242	16549658	0.5	79181054	64565575	13003251	749188	7	3	1	0	False		0	chain_both_flanks	NA19909#1#JBIRDH010000042.1	228751029-228900217	NA19909#1#JBIRDH010000042.1:228592693-228751029(+,158236bp)	NA19909#1#JBIRDH010000042.1:228900217-229100283(+,199537bp)	
NA20282_hap1_hprc_r2_v1.0.1	ok	30	85964598	18494216	40.0	79590580	76435531	7129409	787430	13	1	3	0	True	NA20282#1#JBIRDT010000028.1	1	chain_both_flanks	NA20282#1#JBIRDT010000003.1	221599333-221786763	NA20282#1#JBIRDT010000003.1:221442593-221599333(+,156677bp)	NA20282#1#JBIRDT010000003.1:221786763-221987268(+,199477bp)	1 unplaced contig(s) without CenSat rDNA label added by tile screen (4 screened, 2490327 bp)
NA20346_hap1_hprc_r2_v1.0.1	ok	46	99040622	22200010	3.8	98260761	89634481	6611004	779861	20	2	8	0	False		0	chain_both_flanks	NA20346#1#JBIRDR010000005.1	83960049-84139910	NA20346#1#JBIRDR010000005.1:83803397-83960049(+,156589bp)	NA20346#1#JBIRDR010000005.1:84139910-84340838(+,199482bp)	
NA20809_hap1_hprc_r2_v1.0.1	ok	51	110435824	26179541	2.4	93610920	98920381	8864859	760558	22	3	6	0	False		0	chain_both_flanks	NA20809#1#JBIRDZ010000008.1	79056489-79217047	NA20809#1#JBIRDZ010000008.1:78898176-79056489(+,158282bp)	NA20809#1#JBIRDZ010000008.1:79217047-79417222(+,199471bp)	
NA20850_hap1_hprc_r2_v1.0.1	ok	31	90682443	20884761	34.2	84058997	82939192	4724169	1003805	14	0	6	0	True	NA20850#1#JBIRDV010000051.1	1	chain_both_flanks	NA20850#1#CM094290.1	221412189-221815994	NA20850#1#CM094290.1:221253867-221412189(+,158308bp)	NA20850#1#CM094290.1:221815994-222016379(+,199472bp)	1 unplaced contig(s) without CenSat rDNA label added by tile screen (2 screened, 5881675 bp)
NA21102_hap1_hprc_r2_v1.0.1	ok	39	93789729	21465281	32.3	80487619	86511878	4817711	847912	20	0	5	0	True	NA21102#1#JBIREH010000044.1,NA21102#1#JBIREH010000062.1	2	chain_both_flanks	NA21102#1#CM094422.1	231459251-231707163	NA21102#1#CM094422.1:231300897-231459251(+,158226bp)	NA21102#1#CM094422.1:231707163-231906792(+,199532bp)	2 unplaced contig(s) without CenSat rDNA label added by tile screen (2 screened, 241898 bp)
NA21144_hap1_hprc_r2_v1.0.1	ok	44	94977074	23043979	27.7	78125072	83207666	9336004	821176	20	3	7	1	True	NA21144#1#JBIRDF010000019.1,NA21144#1#JBIRDF010000027.1,NA21144#1#JBIRDF010000077.1	3	chain_both_flanks	NA21144#1#CM094090.1	230126897-230348073	NA21144#1#CM094090.1:229968583-230126897(+,158219bp)	NA21144#1#CM094090.1:230348073-230548282(+,199474bp)	3 unplaced contig(s) without CenSat rDNA label added by tile screen (4 screened, 5528027 bp)
HG00735_pat_hprc_r2_v1.0.1	ok	32	77671130	20262192	3.7	64302229	67739738	7576895	742269	14	1	2	0	False		0	chain_both_flanks	HG00735#1#JAHBCH020000015.1	87983850-88126119	HG00735#1#JAHBCH020000015.1:87825513-87983850(+,158239bp)	HG00735#1#JAHBCH020000015.1:88126119-88325728(+,199580bp)	
HG02155_hap1_hprc_r2_v1.0.1	ok	38	86038392	20270241	27.5	73003610	79405124	4191290	829750	15	0	6	0	True	HG02155#1#JBIECB010000026.1,HG02155#1#JBIECB010000035.1	2	chain_both_flanks	HG02155#1#JBIECB010000050.1	96505811-96735561	HG02155#1#JBIECB010000050.1:96347489-96505811(+,158217bp)	HG02155#1#JBIECB010000050.1:96735561-96934916(+,199282bp)	2 unplaced contig(s) without CenSat rDNA label added by tile screen (5 screened, 2351861 bp)
HG02630_pat_hprc_r2_v1.0.1	ok	57	90868197	23795006	25.4	76651195	76390128	12130418	735424	20	5	5	0	True	HG02630#1#JAHAOQ020000044.1	1	chain_both_flanks	HG02630#1#JAHAOQ020000006.1	93577977-93713401	HG02630#1#JAHAOQ020000006.1:93421278-93577977(+,156655bp)	HG02630#1#JAHAOQ020000006.1:93713401-93912993(+,199461bp)	1 unplaced contig(s) without CenSat rDNA label added by tile screen (8 screened, 7479042 bp)
HG03139_hap1_hprc_r2_v1.0.1	ok	31	82018163	16764198	3.3	80075629	70867046	8379016	756824	13	0	2	0	False		0	chain_flanks_split_contigs			HG03139#1#JBIEBX010000039.1:228272302-228430586(+,158191bp)	HG03139#1#JBIEBX010000015.1:0-199342(+,198775bp)	5S lift partial: chain_flanks_split_contigs
HG03470_hap1_hprc_r2_v1.0.1	ok	47	92263997	20992215	30.8	77722636	68297794	21571128	782848	19	2	6	0	True	HG03470#1#JBICSF010000014.1,HG03470#1#JBICSF010000067.1	2	chain_both_flanks	HG03470#1#JBICSF010000001.1	87259139-87441987	HG03470#1#JBICSF010000001.1:87102821-87259139(+,156262bp)	HG03470#1#JBICSF010000001.1:87441987-87640621(+,197930bp)	2 unplaced contig(s) without CenSat rDNA label added by tile screen (4 screened, 645776 bp)
HG03579_pat_hprc_r2_v1.0.1	ok	42	94890891	21560685	25.3	66949556	85305600	6703795	883671	21	3	7	0	True	HG03579#1#JAGYVU020000074.1	1	chain_both_flanks	HG03579#1#CM088940.1	224116186-224399857	HG03579#1#CM088940.1:223957896-224116186(+,158194bp)	HG03579#1#CM088940.1:224399857-224600400(+,199514bp)	1 unplaced contig(s) without CenSat rDNA label added by tile screen (1 screened, 306278 bp)
NA20805_hap1_hprc_r2_v1.0.1	ok	41	84342975	20793184	4.0	70933735	72219173	9185448	771803	14	3	4	0	False		0	chain_both_flanks	NA20805#1#CM091884.1	234189104-234360907	NA20805#1#CM091884.1:234030851-234189104(+,158141bp)	NA20805#1#CM091884.1:234360907-234560852(+,199501bp)	
HG00408_mat_hprc_r2_v1.0.1	ok	32	80807016	18137695	2.1	79863053	74417209	4028333	749246	13	2	5	0	False		0	chain_both_flanks	HG00408#2#JBHDVL010000014.1	84838475-84987721	HG00408#2#JBHDVL010000014.1:84680189-84838475(+,158197bp)	HG00408#2#JBHDVL010000014.1:84987721-85187308(+,199553bp)	
HG00597_mat_hprc_r2_v1.0.1	ok	52	102018725	23573210	77.4	83952544	92421080	7224991	760426	19	4	3	0	False		0	chain_both_flanks	HG00597#2#CM085779.1	232559873-232720299	HG00597#2#CM085779.1:232401543-232559873(+,158206bp)	HG00597#2#CM085779.1:232720299-232919897(+,199565bp)	
HG01192_mat_hprc_r2_v1.0.1	ok	31	91228289	19398575	20.0	77503506	84674363	4163074	778633	15	0	5	0	True	HG01192#2#JBHDVJ010000030.1,HG01192#2#JBHDVJ010000032.1	2	chain_both_flanks	HG01192#2#JBHDVJ010000014.1	96142273-96320906	HG01192#2#JBHDVJ010000014.1:95983962-96142273(+,158218bp)	HG01192#2#JBHDVJ010000014.1:96320906-96521163(+,199514bp)	2 unplaced contig(s) without CenSat rDNA label added by tile screen (2 screened, 263189 bp)
HG01261_mat_hprc_r2_v1.0.1	ok	33	85657227	19464717	1.9	84883037	75675433	7595376	774190	14	0	7	1	False		0	chain_both_flanks	HG01261#2#CM085915.1	230209463-230383653	HG01261#2#CM085915.1:230051114-230209463(+,158203bp)	HG01261#2#CM085915.1:230383653-230583702(+,199562bp)	
HG02015_mat_hprc_r2_v1.0.1	ok	41	81813717	18999593	5.1	77121639	72590244	6830812	780433	15	2	4	0	False		0	chain_both_flanks	HG02015#2#CM085897.1	226620347-226800780	HG02015#2#CM085897.1:226462046-226620347(+,158209bp)	HG02015#2#CM085897.1:226800780-227000412(+,199527bp)	
HG02056_mat_hprc_r2_v1.0.1	ok	31	72943479	16604150	23.9	71685287	68838462	1698820	793969	11	3	4	0	True	HG02056#2#JBHDVD010000031.1,HG02056#2#JBHDVD010000033.1,HG02056#2#JBHDVD010000072.1	3	chain_both_flanks	HG02056#2#CM085881.1	226084616-226278585	HG02056#2#CM085881.1:225926296-226084616(+,158235bp)	HG02056#2#CM085881.1:226278585-226478239(+,199602bp)	3 unplaced contig(s) without CenSat rDNA label added by tile screen (4 screened, 519476 bp)
HG02129_mat_hprc_r2_v1.0.1	ok	39	81306923	19283311	20.8	79993943	76016043	2868754	809898	15	0	6	1	True	HG02129#2#JBHDVB010000024.1,HG02129#2#JBHDVB010000060.1	2	chain_both_flanks	HG02129#2#JBHDVB010000003.1	94508386-94718284	HG02129#2#JBHDVB010000003.1:94350051-94508386(+,158219bp)	HG02129#2#JBHDVB010000003.1:94718284-94917992(+,199609bp)	2 unplaced contig(s) without CenSat rDNA label added by tile screen (4 screened, 3435630 bp)
HG02258_mat_hprc_r2_v1.0.1	ok	31	79747965	15282900	0.5	78265725	76233743	1062933	839061	13	0	5	0	False		0	chain_both_flanks	HG02258#2#CM085833.1	232794956-233034017	HG02258#2#CM085833.1:232636686-232794956(+,158174bp)	HG02258#2#CM085833.1:233034017-233234246(+,199419bp)	
HG03834_mat_hprc_r2_v1.0.1	ok	36	78740022	17309844	30.9	77685725	71041086	5310473	776234	12	2	3	0	True	HG03834#2#JBHDUX010000059.1,HG03834#2#JBHDUX010000080.1	2	chain_both_flanks	HG03834#2#CM085809.1	221841712-222017946	HG03834#2#CM085809.1:221683369-221841712(+,158225bp)	HG03834#2#CM085809.1:222017946-222217568(+,199587bp)	2 unplaced contig(s) without CenSat rDNA label added by tile screen (2 screened, 143545 bp)
HG01975_mat_hprc_r2_v1.0.1	ok	42	96547159	22597602	35.2	70558732	85958275	8148847	827808	14	1	3	0	True	HG01975#2#JBJUVT010000078.1,HG01975#2#JBJUVT010000085.1	2	chain_both_flanks	HG01975#2#CM099808.1	226937623-227165431	HG01975#2#CM099808.1:226779378-226937623(+,158154bp)	HG01975#2#CM099808.1:227165431-227365130(+,199600bp)	2 unplaced contig(s) without CenSat rDNA label added by tile screen (3 screened, 864168 bp)
HG02602_mat_hprc_r2_v1.0.1	ok	30	79802776	17324646	2.8	76909878	72654774	4787153	748622	15	0	4	0	False		0	chain_both_flanks	HG02602#2#JBJUVL010000011.1	89262650-89411272	HG02602#2#JBJUVL010000011.1:89105876-89262650(+,156705bp)	HG02602#2#JBJUVL010000011.1:89411272-89611700(+,199517bp)	
HG04187_mat_hprc_r2_v1.0.1	ok	60	88362156	21294908	31.7	87402568	69537786	16375309	836833	14	1	7	0	True	HG04187#2#JBJUVP010000078.1,HG04187#2#JBJUVP010000090.1	2	chain_both_flanks	HG04187#2#JBJUVP010000012.1	89199969-89436802	HG04187#2#JBJUVP010000012.1:89041720-89199969(+,158129bp)	HG04187#2#JBJUVP010000012.1:89436802-89636466(+,199566bp)	2 unplaced contig(s) without CenSat rDNA label added by tile screen (3 screened, 266169 bp)
NA18879_hap2_hprc_r2_v1.0.1	ok	47	88338365	19055673	3.9	86819911	70468194	15526514	731438	14	2	2	0	False		0	chain_both_flanks	NA18879#2#CM099727.1	229358471-229489909	NA18879#2#CM099727.1:229200265-229358471(+,158133bp)	NA18879#2#CM099727.1:229489909-229690685(+,199488bp)	
NA20752_hap2_hprc_r2_v1.0.1	ok	50	87777274	19601585	29.4	86499735	78060298	7194538	910210	18	3	7	0	True	NA20752#2#JBJUVR010000023.1,NA20752#2#JBJUVR010000040.1	2	chain_both_flanks	NA20752#2#JBJUVR010000005.1	94807300-95117510	NA20752#2#JBJUVR010000005.1:94648971-94807300(+,158306bp)	NA20752#2#JBJUVR010000005.1:95117510-95317780(+,199490bp)	2 unplaced contig(s) without CenSat rDNA label added by tile screen (3 screened, 3190497 bp)
HG02145_mat_hprc_r2_v1.0.1	ok	48	96432781	22395448	25.5	82815341	91246819	3151013	825791	15	7	4	0	True	HG02145#2#JAHKSF020000031.1,HG02145#2#JAHKSF020000081.1	2	chain_both_flanks	HG02145#2#JAHKSF020000006.1	85855916-86081707	HG02145#2#JAHKSF020000006.1:85697725-85855916(+,158121bp)	HG02145#2#JAHKSF020000006.1:86081707-86281936(+,199446bp)	2 unplaced contig(s) without CenSat rDNA label added by tile screen (2 screened, 227139 bp)
HG00609_mat_hprc_r2_v1.0.1	ok	43	99840550	23616107	37.0	85727838	92298799	5562980	769603	20	3	8	0	True	HG00609#2#JBHDRY010000033.1,HG00609#2#JBHDRY010000074.1	2	chain_both_flanks	HG00609#2#CM086356.1	232354905-232524508	HG00609#2#CM086356.1:232196591-232354905(+,158215bp)	HG00609#2#CM086356.1:232524508-232724136(+,199594bp)	2 unplaced contig(s) without CenSat rDNA label added by tile screen (3 screened, 367228 bp)
HG00642_mat_hprc_r2_v1.0.1	ok	28	71750559	15449253	5.2	66439421	67178720	2082678	876933	11	0	1	0	False		0	chain_both_flanks	HG00642#2#JBHDSU010000009.1	87268171-87545104	HG00642#2#JBHDSU010000009.1:87109860-87268171(+,158216bp)	HG00642#2#JBHDSU010000009.1:87545104-87744723(+,199515bp)	
HG00738_mat_hprc_r2_v1.0.1	ok	40	75722067	19253526	6.7	48928011	70558639	2720976	830224	16	3	4	0	False		0	chain_both_flanks	HG00738#2#JBHDSY010000002.1	89494982-89725206	HG00738#2#JBHDSY010000002.1:89336639-89494982(+,158235bp)	HG00738#2#JBHDSY010000002.1:89725206-89925465(+,199453bp)	
HG01099_mat_hprc_r2_v1.0.1	ok	33	80074620	16927189	27.9	78947812	72487171	5134240	840981	13	3	5	1	True	HG01099#2#JBHDRQ010000077.1	1	chain_both_flanks	HG01099#2#CM086269.1	226305358-226546339	HG01099#2#CM086269.1:226147045-226305358(+,158215bp)	HG01099#2#CM086269.1:226546339-226746231(+,199543bp)	1 unplaced contig(s) without CenSat rDNA label added by tile screen (1 screened, 185036 bp)
HG01255_mat_hprc_r2_v1.0.1	ok	29	88958794	20175139	33.5	87932318	85639644	939574	767348	15	2	6	0	True	HG01255#2#JBHDTC010000023.1	1	chain_both_flanks	HG01255#2#CM086717.1	225062192-225229540	HG01255#2#CM086717.1:224903888-225062192(+,158200bp)	HG01255#2#CM086717.1:225229540-225429148(+,199510bp)	1 unplaced contig(s) without CenSat rDNA label added by tile screen (1 screened, 179910 bp)
HG01346_mat_hprc_r2_v1.0.1	ok	36	93651345	21550725	51.3	92757583	86593904	4604117	841096	12	2	5	0	True	HG01346#2#JBHDSS010000026.1	1	chain_both_flanks	HG01346#2#JBHDSS010000011.1	87611481-87852577	HG01346#2#JBHDSS010000011.1:87453163-87611481(+,158230bp)	HG01346#2#JBHDSS010000011.1:87852577-88052252(+,199553bp)	1 unplaced contig(s) without CenSat rDNA label added by tile screen (2 screened, 414587 bp)
HG01433_mat_hprc_r2_v1.0.1	ok	40	87615289	20328714	3.6	74420549	78272846	6893329	836886	12	0	4	0	False		0	chain_both_flanks	HG01433#2#JBHDSK010000011.1	93341882-93578768	HG01433#2#JBHDSK010000011.1:93183524-93341882(+,158234bp)	HG01433#2#JBHDSK010000011.1:93578768-93779233(+,199499bp)	
HG01496_mat_hprc_r2_v1.0.1	ok	20	81706405	17550029	0.5	68939057	79008933	317895	767348	11	3	4	0	False		0	chain_both_flanks	HG01496#2#CM086384.1	234227284-234394632	HG01496#2#CM086384.1:234068978-234227284(+,158202bp)	HG01496#2#CM086384.1:234394632-234594240(+,199510bp)	
HG01884_mat_hprc_r2_v1.0.1	ok	51	106238290	25300354	0.6	68986423	94675410	9136376	814276	22	1	5	0	False		0	chain_both_flanks	HG01884#2#CM086418.1	227353864-227568140	HG01884#2#CM086418.1:227195535-227353864(+,158258bp)	HG01884#2#CM086418.1:227568140-227767803(+,199522bp)	
HG01981_mat_hprc_r2_v1.0.1	ok	51	83506360	18215912	34.8	80093508	69603398	11514449	776285	15	1	3	0	True	HG01981#2#JBHDRW010000027.1,HG01981#2#JBHDRW010000029.1	2	chain_both_flanks	HG01981#2#JBHDRW010000007.1	92361902-92538187	HG01981#2#JBHDRW010000007.1:92203676-92361902(+,158147bp)	HG01981#2#JBHDRW010000007.1:92538187-92737846(+,199560bp)	2 unplaced contig(s) without CenSat rDNA label added by tile screen (2 screened, 180823 bp)
HG01993_mat_hprc_r2_v1.0.1	ok	42	83592543	20371538	37.8	81744719	72894086	8664067	825222	18	4	3	1	True	HG01993#2#JBHDSM010000029.1,HG01993#2#JBHDSM010000046.1	2	chain_both_flanks	HG01993#2#JBHDSM010000007.1	89595024-89820246	HG01993#2#JBHDSM010000007.1:89436689-89595024(+,158320bp)	HG01993#2#JBHDSM010000007.1:89820246-90020646(+,199483bp)	2 unplaced contig(s) without CenSat rDNA label added by tile screen (7 screened, 7511009 bp)
HG02004_mat_hprc_r2_v1.0.1	ok	32	77154478	17568542	4.5	76244399	70246837	4385334	910079	11	1	4	1	False		0	chain_both_flanks	HG02004#2#CM086310.1	223877031-224187110	HG02004#2#CM086310.1:223718698-223877031(+,158207bp)	HG02004#2#CM086310.1:224187110-224386740(+,199591bp)	
HG02027_mat_hprc_r2_v1.0.1	ok	33	84324657	20093493	29.2	77659345	74172339	7582000	958090	12	3	4	0	True	HG02027#2#JBHDTY010000042.1,HG02027#2#JBHDTY010000065.1	2	chain_both_flanks	HG02027#2#JBHDTY010000014.1	81776838-82134928	HG02027#2#JBHDTY010000014.1:81618520-81776838(+,158176bp)	HG02027#2#JBHDTY010000014.1:82134928-82335279(+,199460bp)	2 unplaced contig(s) without CenSat rDNA label added by tile screen (3 screened, 5761501 bp)
HG02083_mat_hprc_r2_v1.0.1	ok	19	90586153	20995900	2.3	64775948	82020400	6168460	785065	10	3	1	0	False		0	chain_both_flanks	HG02083#2#JBHDTW010000013.1	89785820-89970885	HG02083#2#JBHDTW010000013.1:89627501-89785820(+,158212bp)	HG02083#2#JBHDTW010000013.1:89970885-90170492(+,199540bp)	
HG02132_mat_hprc_r2_v1.0.1	ok	38	73973834	15795700	1.9	73137069	65685526	5839315	836765	7	1	1	0	False		0	chain_both_flanks	HG02132#2#JBHDTS010000017.1	88711416-88948181	HG02132#2#JBHDTS010000017.1:88553077-88711416(+,158220bp)	HG02132#2#JBHDTS010000017.1:88948181-89147806(+,199550bp)	
HG02280_mat_hprc_r2_v1.0.1	ok	44	106603215	24450749	75.9	68098274	102045089	2178577	767321	22	1	5	0	True	HG02280#2#JBHDRS010000051.1	1	chain_both_flanks	HG02280#2#JBHDRS010000066.1	88734787-88902108	HG02280#2#JBHDRS010000066.1:88576580-88734787(+,158132bp)	HG02280#2#JBHDRS010000066.1:88902108-89102882(+,199488bp)	1 unplaced contig(s) without CenSat rDNA label added by tile screen (2 screened, 157675 bp)
HG02293_mat_hprc_r2_v1.0.1	ok	45	67791971	15910077	45.4	64470153	60577637	4848280	753826	14	4	4	0	True	HG02293#2#JBHDRO010000038.1	1	chain_both_flanks	HG02293#2#JBHDRO010000011.1	93864712-94018538	HG02293#2#JBHDRO010000011.1:93706381-93864712(+,158228bp)	HG02293#2#JBHDRO010000011.1:94018538-94218172(+,199575bp)	1 unplaced contig(s) without CenSat rDNA label added by tile screen (6 screened, 5152868 bp)
HG02300_mat_hprc_r2_v1.0.1	ok	47	83613815	19054397	59.0	82495386	69185076	11990973	825538	12	3	2	0	True	HG02300#2#JBHDSE010000034.1,HG02300#2#JBHDSE010000084.1	2	chain_both_flanks	HG02300#2#JBHDSE010000056.1	87001277-87226815	HG02300#2#JBHDSE010000056.1:86842901-87001277(+,158265bp)	HG02300#2#JBHDSE010000056.1:87226815-87426482(+,199525bp)	2 unplaced contig(s) without CenSat rDNA label added by tile screen (3 screened, 2945580 bp)
HG02451_mat_hprc_r2_v1.0.1	ok	36	95187377	22439260	53.4	79651303	88297903	4248065	1029181	20	6	4	0	True	HG02451#2#JBHDRK010000073.1,HG02451#2#JBHDRK010000078.1	2	chain_both_flanks	HG02451#2#JBHDRK010000006.1	104092391-104521572	HG02451#2#JBHDRK010000006.1:103934084-104092391(+,158188bp)	HG02451#2#JBHDRK010000006.1:104521572-104721256(+,199555bp)	2 unplaced contig(s) without CenSat rDNA label added by tile screen (4 screened, 2319455 bp)
HG02523_mat_hprc_r2_v1.0.1	ok	34	73493221	16610666	0.5	72721654	63700326	7409109	771567	9	1	3	0	False		0	chain_both_flanks	HG02523#2#CM086934.1	235422046-235593613	HG02523#2#CM086934.1:235263758-235422046(+,158198bp)	HG02523#2#CM086934.1:235593613-235793295(+,199555bp)	
HG02615_mat_hprc_r2_v1.0.1	ok	44	94703377	20545532	0.5	67421076	87479995	5142773	871452	24	1	5	0	False		0	chain_both_flanks	HG02615#2#JBHDTA010000006.1	118149353-118420805	HG02615#2#JBHDTA010000006.1:117992713-118149353(+,156577bp)	HG02615#2#JBHDTA010000006.1:118420805-118621733(+,199483bp)	
HG02647_mat_hprc_r2_v1.0.1	ok	41	114904580	28012003	51.6	76176498	107168673	5257913	865767	17	2	5	0	True	HG02647#2#JBHDSQ010000067.1	1	chain_both_flanks	HG02647#2#CM086570.1	227024316-227290083	HG02647#2#CM086570.1:226865899-227024316(+,158336bp)	HG02647#2#CM086570.1:227290083-227490492(+,199417bp)	1 unplaced contig(s) without CenSat rDNA label added by tile screen (2 screened, 249545 bp)
HG02698_mat_hprc_r2_v1.0.1	ok	26	93844516	21475084	0.5	81023265	82515047	8895990	821251	12	1	5	0	False		0	chain_both_flanks	HG02698#2#JBHDTM010000033.1	88338784-88560035	HG02698#2#JBHDTM010000033.1:88180484-88338784(+,158190bp)	HG02698#2#JBHDTM010000033.1:88560035-88760239(+,199468bp)	
HG03654_mat_hprc_r2_v1.0.1	ok	54	93977774	21963615	69.3	75651236	83748854	7840562	776130	25	1	3	0	True	HG03654#2#JBHDTO010000090.1	1	chain_both_flanks	HG03654#2#JBHDTO010000002.1	71004612-71180742	HG03654#2#JBHDTO010000002.1:70846271-71004612(+,158321bp)	HG03654#2#JBHDTO010000002.1:71180742-71381178(+,199518bp)	1 unplaced contig(s) without CenSat rDNA label added by tile screen (3 screened, 1610227 bp)
HG03669_mat_hprc_r2_v1.0.1	ok	37	81666546	18566142	6.7	80807943	69386690	9862070	805558	13	1	4	0	False		0	chain_both_flanks	HG03669#2#CM086742.1	226877506-227083064	HG03669#2#CM086742.1:226719155-226877506(+,158241bp)	HG03669#2#CM086742.1:227083064-227282767(+,199603bp)	
HG03688_mat_hprc_r2_v1.0.1	ok	54	84685834	20105548	39.4	83357413	70811578	11440807	821221	11	0	4	0	True	HG03688#2#JBHDTK010000028.1,HG03688#2#JBHDTK010000080.1,HG03688#2#JBHDTK010000089.1,HG03688#2#JBHDTK010000096.1	4	chain_both_flanks	HG03688#2#CM086813.1	221389267-221610488	HG03688#2#CM086813.1:221230978-221389267(+,158225bp)	HG03688#2#CM086813.1:221610488-221810148(+,199573bp)	4 unplaced contig(s) without CenSat rDNA label added by tile screen (6 screened, 3988646 bp)
HG03704_mat_hprc_r2_v1.0.1	ok	28	103043274	25544294	62.0	76651112	99925992	827257	677797	14	2	3	0	True	HG03704#2#JBHDRM010000023.1	1	chain_both_flanks	HG03704#2#JBHDRM010000041.1	80722248-80800045	HG03704#2#JBHDRM010000041.1:80564054-80722248(+,158099bp)	HG03704#2#JBHDRM010000041.1:80800045-80999725(+,199585bp)	1 unplaced contig(s) without CenSat rDNA label added by tile screen (2 screened, 2765194 bp)
HG03710_mat_hprc_r2_v1.0.1	ok	40	81438926	17614036	16.1	78077277	75945824	2996866	884008	15	2	4	0	True	HG03710#2#JBHDTQ010000067.1	1	chain_both_flanks	HG03710#2#CM086879.1	224738169-225022177	HG03710#2#CM086879.1:224579826-224738169(+,158232bp)	HG03710#2#CM086879.1:225022177-225221791(+,199581bp)	1 unplaced contig(s) without CenSat rDNA label added by tile screen (1 screened, 56687 bp)
HG03831_mat_hprc_r2_v1.0.1	ok	58	91277782	21278630	50.9	77562595	79546093	9300543	818918	21	3	8	0	True	HG03831#2#JBHDSO010000024.1,HG03831#2#JBHDSO010000027.1,HG03831#2#JBHDSO010000036.1,HG03831#2#JBHDSO010000043.1	4	chain_both_flanks	HG03831#2#JBHDSO010000052.1	226136265-226355183	HG03831#2#JBHDSO010000052.1:225977945-226136265(+,158191bp)	HG03831#2#JBHDSO010000052.1:226355183-226555554(+,199500bp)	4 unplaced contig(s) without CenSat rDNA label added by tile screen (4 screened, 458521 bp)
HG03927_mat_hprc_r2_v1.0.1	ok	49	85452497	19892499	8.9	72234027	74824211	8262278	753780	15	0	3	0	False		0	chain_both_flanks	HG03927#2#JBHDSW010000048.1	219808321-219962101	HG03927#2#JBHDSW010000048.1:219649967-219808321(+,158204bp)	HG03927#2#JBHDSW010000048.1:219962101-220161708(+,199573bp)	
HG04115_mat_hprc_r2_v1.0.1	ok	51	102436404	25201597	2.3	84973827	82216351	17860427	747398	15	2	0	0	False		0	chain_both_flanks	HG04115#2#CM086763.1	234751870-234899268	HG04115#2#CM086763.1:234593519-234751870(+,158231bp)	HG04115#2#CM086763.1:234899268-235098937(+,199628bp)	
HG04184_mat_hprc_r2_v1.0.1	ok	57	105001503	24823726	31.1	91732016	92646357	9993450	749468	14	3	5	0	True	HG04184#2#JBHDSI010000031.1,HG04184#2#JBHDSI010000068.1	2	chain_both_flanks	HG04184#2#CM086468.1	220099348-220248816	HG04184#2#CM086468.1:219941080-220099348(+,158188bp)	HG04184#2#CM086468.1:220248816-220448447(+,199600bp)	2 unplaced contig(s) without CenSat rDNA label added by tile screen (2 screened, 418680 bp)
HG04199_mat_hprc_r2_v1.0.1	ok	46	82386870	20589501	24.3	81011131	71790601	8218899	765142	14	1	6	0	True	HG04199#2#JBHDTI010000021.1,HG04199#2#JBHDTI010000024.1,HG04199#2#JBHDTI010000057.1,HG04199#2#JBHDTI010000070.1	4	chain_both_flanks	HG04199#2#CM086789.1	226918620-227083762	HG04199#2#CM086789.1:226760371-226918620(+,158149bp)	HG04199#2#CM086789.1:227083762-227284199(+,199508bp)	4 unplaced contig(s) without CenSat rDNA label added by tile screen (7 screened, 6331763 bp)
HG02738_mat_hprc_r2_v1.0.1	ok	28	79461722	18452257	32.3	73308219	70988361	6084836	776298	12	4	5	0	True	HG02738#2#JBJXQK010000022.1,HG02738#2#JBJXQK010000047.1,HG02738#2#JBJXQK010000058.1	3	chain_both_flanks	HG02738#2#CM099928.1	223833349-224009647	HG02738#2#CM099928.1:223675092-223833349(+,158166bp)	HG02738#2#CM099928.1:224009647-224209259(+,199558bp)	3 unplaced contig(s) without CenSat rDNA label added by tile screen (3 screened, 4632492 bp)
HG00621_mat_hprc_r2_v1.0.1	ok	29	79144033	18636804	25.1	78331146	67965924	8814419	751462	11	1	3	0	True	HG00621#2#JAHBCC020000052.1	1	chain_both_flanks	HG00621#2#JAHBCC020000029.1	227373253-227524715	HG00621#2#JAHBCC020000029.1:227214946-227373253(+,158192bp)	HG00621#2#JAHBCC020000029.1:227524715-227724416(+,199583bp)	1 unplaced contig(s) without CenSat rDNA label added by tile screen (1 screened, 61425 bp)
HG00741_mat_hprc_r2_v1.0.1	ok	30	78148088	16988262	26.7	77244633	71361071	4847004	730845	13	2	5	0	True	HG00741#2#JAHALX020000019.1	1	chain_both_flanks	HG00741#2#JAHALX020000033.1	230500246-230631091	HG00741#2#JAHALX020000033.1:230343542-230500246(+,156636bp)	HG00741#2#JAHALX020000033.1:230631091-230830719(+,199535bp)	1 unplaced contig(s) without CenSat rDNA label added by tile screen (1 screened, 120458 bp)
HG01106_mat_hprc_r2_v1.0.1	ok	44	85579122	21556656	30.6	58234642	70616097	12491416	859381	12	0	2	0	True	HG01106#2#JAHAMB020000080.1,HG01106#2#JAHAMB020000081.1	2	chain_both_flanks	HG01106#2#CM087963.1	226520184-226779565	HG01106#2#CM087963.1:226361893-226520184(+,158180bp)	HG01106#2#CM087963.1:226779565-226979795(+,199446bp)	2 unplaced contig(s) without CenSat rDNA label added by tile screen (10 screened, 8298827 bp)
HG01175_mat_hprc_r2_v1.0.1	ok	26	95478009	22303980	34.2	73871995	92361874	741267	762640	13	1	4	0	True	HG01175#2#JAHALZ020000056.1	1	chain_both_flanks	HG01175#2#JAHALZ020000003.1	86938809-87101449	HG01175#2#JAHALZ020000003.1:86780470-86938809(+,158232bp)	HG01175#2#JAHALZ020000003.1:87101449-87301045(+,199570bp)	1 unplaced contig(s) without CenSat rDNA label added by tile screen (1 screened, 132651 bp)
HG01258_mat_hprc_r2_v1.0.1	ok	49	88652399	20860183	35.0	69162547	68493832	17778911	767428	12	1	2	0	True	HG01258#2#JAGYYU020000065.1,HG01258#2#JAGYYU020000070.1	2	chain_both_flanks	HG01258#2#JAGYYU020000015.1	98844754-99012182	HG01258#2#JAGYYU020000015.1:98686525-98844754(+,158151bp)	HG01258#2#JAGYYU020000015.1:99012182-99211908(+,199339bp)	2 unplaced contig(s) without CenSat rDNA label added by tile screen (3 screened, 6292197 bp)
HG01891_mat_hprc_r2_v1.0.1	ok	36	90466176	20896765	45.4	75412167	85284731	2740237	828980	20	3	5	0	True	HG01891#2#JAGYVN020000029.1	1	chain_both_flanks	HG01891#2#JAGYVN020000055.1	97926654-98155634	HG01891#2#JAGYVN020000055.1:97769904-97926654(+,156664bp)	HG01891#2#JAGYVN020000055.1:98155634-98355665(+,199550bp)	1 unplaced contig(s) without CenSat rDNA label added by tile screen (2 screened, 663083 bp)
HG01952_mat_hprc_r2_v1.0.1	ok	38	87194410	20520212	24.8	70640885	76534424	8365490	682268	12	2	2	0	True	HG01952#2#JAHAMD020000018.1,HG01952#2#JAHAMD020000059.1	2	chain_both_flanks	HG01952#2#CM087995.1	220549125-220631393	HG01952#2#CM087995.1:220390849-220549125(+,158190bp)	HG01952#2#CM087995.1:220631393-220831045(+,199589bp)	2 unplaced contig(s) without CenSat rDNA label added by tile screen (3 screened, 3453333 bp)
HG02148_mat_hprc_r2_v1.0.1	ok	33	76202048	17000017	0.5	68339190	65802663	7943762	843395	11	1	2	0	False		0	chain_both_flanks	HG02148#2#JAHAMF020000011.1	86974583-87217978	HG02148#2#JAHAMF020000011.1:86816214-86974583(+,158245bp)	HG02148#2#JAHAMF020000011.1:87217978-87418347(+,199532bp)	
HG02486_mat_hprc_r2_v1.0.1	ok	29	80462028	18346740	32.7	79538256	64476335	13607057	766408	13	0	2	0	True	HG02486#2#JAGYVL020000043.1	1	chain_both_flanks	HG02486#2#CM088215.1	230214389-230380797	HG02486#2#CM088215.1:230057734-230214389(+,156584bp)	HG02486#2#CM088215.1:230380797-230580999(+,199456bp)	1 unplaced contig(s) without CenSat rDNA label added by tile screen (2 screened, 2702278 bp)
HG02559_mat_hprc_r2_v1.0.1	ok	46	106888918	26013867	0.5	69673916	92185855	12285784	805052	17	1	2	0	False		0	chain_both_flanks	HG02559#2#JAGYVJ020000036.1	221312344-221517396	HG02559#2#JAGYVJ020000036.1:221156010-221312344(+,156273bp)	HG02559#2#JAGYVJ020000036.1:221517396-221717075(+,199561bp)	
HG02572_mat_hprc_r2_v1.0.1	ok	46	85383904	19363036	31.0	84129570	76822567	6112442	836667	16	3	6	0	True	HG02572#2#JAHAOV020000017.1	1	chain_both_flanks	HG02572#2#CM088168.1	229516173-229752840	HG02572#2#CM088168.1:229357750-229516173(+,158325bp)	HG02572#2#CM088168.1:229752840-229952938(+,199364bp)	1 unplaced contig(s) without CenSat rDNA label added by tile screen (2 screened, 1982312 bp)
HG02622_mat_hprc_r2_v1.0.1	ok	55	84998100	20122132	3.0	71783266	77000928	5595211	789734	21	0	5	1	False		0	chain_both_flanks	HG02622#2#JAHAON020000005.1	94650011-94839745	HG02622#2#JAHAON020000005.1:94491719-94650011(+,158205bp)	HG02622#2#JAHAON020000005.1:94839745-95040196(+,199457bp)	
HG02886_mat_hprc_r2_v1.0.1	ok	73	98100802	24359868	29.5	78719489	89139147	6530517	818911	36	0	10	0	True	HG02886#2#JAHAOT020000103.1,HG02886#2#JAHAOT020000107.1	2	chain_both_flanks	HG02886#2#CM088124.1	228769594-228988505	HG02886#2#CM088124.1:228611297-228769594(+,158209bp)	HG02886#2#CM088124.1:228988505-229188615(+,199502bp)	2 unplaced contig(s) without CenSat rDNA label added by tile screen (6 screened, 5974976 bp)
HG03453_mat_hprc_r2_v1.0.1	ok	88	97721560	22101101	39.3	71555273	82038789	13145833	924709	45	2	6	0	True	HG03453#2#JAGYVV020000067.1,HG03453#2#JAGYVV020000113.1	2	chain_both_flanks	HG03453#2#JAGYVV020000006.1	98932667-99257376	HG03453#2#JAGYVV020000006.1:98774403-98932667(+,158181bp)	HG03453#2#JAGYVV020000006.1:99257376-99457490(+,199425bp)	2 unplaced contig(s) without CenSat rDNA label added by tile screen (6 screened, 5180033 bp)
HG03540_mat_hprc_r2_v1.0.1	ok	54	93392198	23572307	34.0	68391692	83937202	6921085	921692	15	0	5	0	True	HG03540#2#JAGYVX020000077.1	1	chain_both_flanks	HG03540#2#JAGYVX020000002.1	89250742-89572434	HG03540#2#JAGYVX020000002.1:89092498-89250742(+,158164bp)	HG03540#2#JAGYVX020000002.1:89572434-89772518(+,199374bp)	1 unplaced contig(s) without CenSat rDNA label added by tile screen (7 screened, 7786295 bp)
HG00099_hap2_hprc_r2_v1.0.1	ok	57	99502174	22476493	0.5	91530993	84342339	12724204	823403	28	3	9	1	False		0	chain_both_flanks	HG00099#2#JBHDWP010000003.1	87582573-87805976	HG00099#2#JBHDWP010000003.1:87424213-87582573(+,158246bp)	HG00099#2#JBHDWP010000003.1:87805976-87996759(+,190697bp)	
HG00140_hap2_hprc_r2_v1.0.1	ok	31	81609341	17630528	2.1	80172466	74556956	4731403	708754	14	1	6	0	False		0	chain_both_flanks	HG00140#2#CM087132.1	226143078-226251832	HG00140#2#CM087132.1:225986727-226143078(+,156284bp)	HG00140#2#CM087132.1:226251832-226451446(+,199582bp)	
HG00280_hap2_hprc_r2_v1.0.1	ok	29	72882702	16208986	13.9	71737419	64540640	5987105	742728	12	1	4	0	True	HG00280#2#JBHDWB010000072.1,HG00280#2#JBHDWB010000073.1	2	chain_both_flanks	HG00280#2#JBHDWB010000009.1	83647110-83789838	HG00280#2#JBHDWB010000009.1:83488881-83647110(+,158151bp)	HG00280#2#JBHDWB010000009.1:83789838-83989468(+,199537bp)	2 unplaced contig(s) without CenSat rDNA label added by tile screen (6 screened, 1027040 bp)
HG00323_hap2_hprc_r2_v1.0.1	ok	44	94072136	21718317	32.1	68749021	81407950	10275737	776221	16	1	3	0	True	HG00323#2#JBHDWN010000024.1,HG00323#2#JBHDWN010000034.1	2	chain_both_flanks	HG00323#2#CM087328.1	229805580-229981801	HG00323#2#CM087328.1:229647200-229805580(+,158308bp)	HG00323#2#CM087328.1:229981801-230182160(+,199495bp)	2 unplaced contig(s) without CenSat rDNA label added by tile screen (5 screened, 543753 bp)
HG02040_hap2_hprc_r2_v1.0.1	ok	35	83189789	18162983	24.5	79311261	70383031	10436272	758258	15	1	3	0	True	HG02040#2#JBHDWT010000055.1	1	chain_both_flanks	HG02040#2#JBHDWT010000005.1	206907287-207065545	HG02040#2#JBHDWT010000005.1:206748991-206907287(+,158234bp)	HG02040#2#JBHDWT010000005.1:207065545-207265182(+,199619bp)	1 unplaced contig(s) without CenSat rDNA label added by tile screen (3 screened, 1370451 bp)
HG02165_hap2_hprc_r2_v1.0.1	ok	34	91370201	21414273	36.4	77889142	81464674	7488054	805245	18	2	5	0	True	HG02165#2#JBHDWX010000070.1	1	chain_both_flanks	HG02165#2#JBHDWX010000015.1	88923986-89129231	HG02165#2#JBHDWX010000015.1:88765686-88923986(+,158224bp)	HG02165#2#JBHDWX010000015.1:89129231-89328833(+,199571bp)	1 unplaced contig(s) without CenSat rDNA label added by tile screen (1 screened, 52760 bp)
HG02273_hap2_hprc_r2_v1.0.1	ok	42	90484000	20743791	2.7	73612751	82867429	5091809	912534	20	4	6	0	False		0	chain_both_flanks	HG02273#2#CM087033.1	223373617-223686151	HG02273#2#CM087033.1:223215295-223373617(+,158224bp)	HG02273#2#CM087033.1:223686151-223885790(+,199584bp)	
HG02922_hap2_hprc_r2_v1.0.1	ok	37	74139049	16456830	24.8	73196499	68981326	2792577	752917	12	1	3	1	True	HG02922#2#JBHDVP010000032.1	1	chain_both_flanks	HG02922#2#JBHDVP010000012.1	76337975-76490892	HG02922#2#JBHDVP010000012.1:76181328-76337975(+,156607bp)	HG02922#2#JBHDVP010000012.1:76490892-76690955(+,199501bp)	1 unplaced contig(s) without CenSat rDNA label added by tile screen (1 screened, 134697 bp)
HG02965_hap2_hprc_r2_v1.0.1	ok	36	84246173	17334303	28.1	83233636	76028410	5835821	769715	18	1	7	0	True	HG02965#2#JBHDWR010000029.1	1	chain_both_flanks	HG02965#2#CM087385.1	229821716-229991431	HG02965#2#CM087385.1:229663348-229821716(+,158221bp)	HG02965#2#CM087385.1:229991431-230191476(+,199354bp)	1 unplaced contig(s) without CenSat rDNA label added by tile screen (1 screened, 63352 bp)
HG02976_hap2_hprc_r2_v1.0.1	ok	42	87594166	21372143	50.3	74108388	69495445	15566966	919527	13	1	2	0	True	HG02976#2#JBHDVX010000028.1,HG02976#2#JBHDVX010000048.1	2	chain_both_flanks	HG02976#2#CM087122.1	227474139-227793666	HG02976#2#CM087122.1:227315879-227474139(+,158233bp)	HG02976#2#CM087122.1:227793666-227993745(+,199499bp)	2 unplaced contig(s) without CenSat rDNA label added by tile screen (6 screened, 4425527 bp)
HG03130_hap2_hprc_r2_v1.0.1	ok	41	75997325	17075713	26.3	60828017	67538651	5982539	863907	21	0	4	1	True	HG03130#2#JBHDWJ010000018.1,HG03130#2#JBHDWJ010000046.1	2	chain_both_flanks	HG03130#2#CM087266.1	235219343-235483250	HG03130#2#CM087266.1:235061080-235219343(+,158168bp)	HG03130#2#CM087266.1:235483250-235683476(+,199445bp)	2 unplaced contig(s) without CenSat rDNA label added by tile screen (4 screened, 1154333 bp)
HG03195_hap2_hprc_r2_v1.0.1	ok	35	77684588	17222295	0.6	76278266	73256379	2071216	744765	19	4	7	0	False		0	chain_both_flanks	HG03195#2#CM087084.1	228817618-228962383	HG03195#2#CM087084.1:228661294-228817618(+,156295bp)	HG03195#2#CM087084.1:228962383-229162784(+,199461bp)	
HG03209_hap2_hprc_r2_v1.0.1	ok	33	93068088	21786857	3.3	66835544	76324678	14365997	765185	17	0	4	0	False		0	chain_both_flanks	HG03209#2#JBHDWH010000041.1	88842262-89007447	HG03209#2#JBHDWH010000041.1:88684003-88842262(+,158167bp)	HG03209#2#JBHDWH010000041.1:89007447-89207959(+,199466bp)	
NA18522_hap2_hprc_r2_v1.0.1	ok	35	86618810	19515428	32.0	72272132	78934055	5247954	824573	15	3	1	0	True	NA18522#2#JBHDWD010000024.1,NA18522#2#JBHDWD010000037.1	2	chain_both_flanks	NA18522#2#CM087186.1	229094588-229319161	NA18522#2#CM087186.1:228937936-229094588(+,156612bp)	NA18522#2#CM087186.1:229319161-229519342(+,199402bp)	2 unplaced contig(s) without CenSat rDNA label added by tile screen (2 screened, 161246 bp)
NA18747_hap2_hprc_r2_v1.0.1	ok	44	85351953	18930379	1.3	83154389	69129595	13889754	720376	19	0	6	1	False		0	chain_both_flanks	NA18747#2#JBHDWF010000011.1	91171340-91291716	NA18747#2#JBHDWF010000011.1:91013042-91171340(+,158197bp)	NA18747#2#JBHDWF010000011.1:91291716-91491353(+,199598bp)	
NA18971_hap2_hprc_r2_v1.0.1	ok	31	82780461	17702930	35.4	80648624	78338461	2089709	740063	14	6	3	0	True	NA18971#2#JBHDWL010000090.1	1	chain_both_flanks	NA18971#2#JBHDWL010000050.1	86230597-86370660	NA18971#2#JBHDWL010000050.1:86074267-86230597(+,156263bp)	NA18971#2#JBHDWL010000050.1:86370660-86570334(+,199588bp)	1 unplaced contig(s) without CenSat rDNA label added by tile screen (1 screened, 187869 bp)
NA18983_hap2_hprc_r2_v1.0.1	ok	49	93311234	22412896	4.4	67903514	85294131	5667025	737850	24	3	8	1	False		0	chain_both_flanks	NA18983#2#CM087429.1	223949419-224087269	NA18983#2#CM087429.1:223791075-223949419(+,158229bp)	NA18983#2#CM087429.1:224087269-224286885(+,199577bp)	
NA19043_hap2_hprc_r2_v1.0.1	ok	34	79726039	18794520	30.7	64296427	75413056	1787759	913006	19	1	5	0	True	NA19043#2#JBHDVT010000032.1	1	chain_both_flanks	NA19043#2#JBHDVT010000002.1	86142806-86455812	NA19043#2#JBHDVT010000002.1:85984493-86142806(+,158210bp)	NA19043#2#JBHDVT010000002.1:86455812-86655667(+,199405bp)	1 unplaced contig(s) without CenSat rDNA label added by tile screen (2 screened, 165114 bp)
NA20905_hap2_hprc_r2_v1.0.1	ok	49	95652425	21290420	32.7	93242414	78826401	14480640	733156	20	1	4	0	True	NA20905#2#JBHDWZ010000067.1	1	chain_both_flanks	NA20905#2#JBHDWZ010000001.1	91303197-91436353	NA20905#2#JBHDWZ010000001.1:91146486-91303197(+,156622bp)	NA20905#2#JBHDWZ010000001.1:91436353-91636705(+,199505bp)	1 unplaced contig(s) without CenSat rDNA label added by tile screen (1 screened, 88479 bp)
HG01530_hap2_hprc_r2_v1.0.1	ok	42	107018234	25366518	42.1	65614313	96772439	7879727	753849	24	3	5	1	True	HG01530#2#JBHDXG010000030.1	1	chain_both_flanks	HG01530#2#CM087555.1	220872151-221026000	HG01530#2#CM087555.1:220713772-220872151(+,158317bp)	HG01530#2#CM087555.1:221026000-221225595(+,199562bp)	1 unplaced contig(s) without CenSat rDNA label added by tile screen (3 screened, 1046681 bp)
HG01784_hap2_hprc_r2_v1.0.1	ok	26	88825318	20205990	0.5	87312587	79049072	7396402	767616	11	3	2	0	False		0	chain_both_flanks	HG01784#2#JBHDXI010000039.1	87561981-87729597	HG01784#2#JBHDXI010000039.1:87403643-87561981(+,158250bp)	HG01784#2#JBHDXI010000039.1:87729597-87929277(+,199629bp)	
HG02391_hap2_hprc_r2_v1.0.1	ok	34	89048699	21339783	41.3	76113370	74364701	12266340	805430	13	1	3	0	True	HG02391#2#JBHDXK010000024.1,HG02391#2#JBHDXK010000033.1	2	chain_both_flanks	HG02391#2#CM087609.1	226872455-227077885	HG02391#2#CM087609.1:226714212-226872455(+,158136bp)	HG02391#2#CM087609.1:227077885-227277574(+,199588bp)	2 unplaced contig(s) without CenSat rDNA label added by tile screen (4 screened, 2223616 bp)
HG03471_hap2_hprc_r2_v1.0.1	ok	43	86438464	22349800	51.9	61465993	74346821	9718670	760745	14	1	3	1	True	HG03471#2#JBHDXE010000052.1,HG03471#2#JBHDXE010000102.1	2	chain_both_flanks	HG03471#2#JBHDXE010000066.1	86643456-86804201	HG03471#2#JBHDXE010000066.1:86485142-86643456(+,158222bp)	HG03471#2#JBHDXE010000066.1:86804201-87004558(+,199499bp)	2 unplaced contig(s) without CenSat rDNA label added by tile screen (9 screened, 5872588 bp)
HG03742_hap2_hprc_r2_v1.0.1	ok	34	87879268	19227080	32.0	85664863	83939593	1473169	854278	18	0	7	0	True	HG03742#2#JBHDXM010000057.1,HG03742#2#JBHDXM010000071.1	2	chain_both_flanks	HG03742#2#JBHDXM010000006.1	90849937-91104215	HG03742#2#JBHDXM010000006.1:90691590-90849937(+,158243bp)	HG03742#2#JBHDXM010000006.1:91104215-91304598(+,199536bp)	2 unplaced contig(s) without CenSat rDNA label added by tile screen (3 screened, 377420 bp)
NA18570_hap2_hprc_r2_v1.0.1	ok	22	73580874	16980643	37.9	60526671	66536670	4638114	793862	10	1	1	0	True	NA18570#2#JBHDXO010000026.1,NA18570#2#JBHDXO010000062.1	2	chain_both_flanks	NA18570#2#JBHDXO010000018.1	89927307-90121169	NA18570#2#JBHDXO010000018.1:89769008-89927307(+,158223bp)	NA18570#2#JBHDXO010000018.1:90121169-90321556(+,199544bp)	2 unplaced contig(s) without CenSat rDNA label added by tile screen (4 screened, 239047 bp)
NA19087_hap2_hprc_r2_v1.0.1	ok	35	83676672	18690583	3.8	68577034	78124947	3174696	764801	14	1	5	0	False		0	chain_both_flanks	NA19087#2#JBHDXQ010000013.1	85203229-85368030	NA19087#2#JBHDXQ010000013.1:85044886-85203229(+,158241bp)	NA19087#2#JBHDXQ010000013.1:85368030-85568113(+,199575bp)	
NA19185_hap2_hprc_r2_v1.0.1	ok	36	83293511	17285545	26.6	80870739	79368524	1559111	753648	19	2	6	0	True	NA19185#2#JBHDXS010000020.1	1	chain_both_flanks	NA19185#2#CM087736.1	225601716-225755364	NA19185#2#CM087736.1:225444599-225601716(+,157001bp)	NA19185#2#CM087736.1:225755364-225955108(+,199362bp)	1 unplaced contig(s) without CenSat rDNA label added by tile screen (4 screened, 728656 bp)
NA19338_hap2_hprc_r2_v1.0.1	ok	30	82225914	17521299	1.8	81090977	73514531	6228988	870167	12	4	4	0	False		0	chain_both_flanks	NA19338#2#JBHDXU010000015.1	87989607-88259774	NA19338#2#JBHDXU010000015.1:87831348-87989607(+,158158bp)	NA19338#2#JBHDXU010000015.1:88259774-88459965(+,199444bp)	
NA19391_hap2_hprc_r2_v1.0.1	ok	24	77681863	15540072	1.4	76362531	66753604	8523815	792216	15	1	3	1	False		0	chain_both_flanks	NA19391#2#JBHDXW010000036.1	85373839-85566055	NA19391#2#JBHDXW010000036.1:85215561-85373839(+,158180bp)	NA19391#2#JBHDXW010000036.1:85566055-85766248(+,199445bp)	
NA19468_hap2_hprc_r2_v1.0.1	ok	30	99140663	20568076	0.8	74101981	91328746	5423383	776315	14	2	5	0	False		0	chain_both_flanks	NA19468#2#JBHDXY010000007.1	87944833-88121148	NA19468#2#JBHDXY010000007.1:87786471-87944833(+,158240bp)	NA19468#2#JBHDXY010000007.1:88121148-88321133(+,199547bp)	
HG00438_mat_hprc_r2_v1.0.1	ok	36	86642264	19634883	22.6	85688036	79159347	5105623	765066	14	0	5	0	True	HG00438#2#JAHBCA020000028.1	1	chain_both_flanks	HG00438#2#CM089186.1	226769675-226934741	HG00438#2#CM089186.1:226611361-226769675(+,158225bp)	HG00438#2#CM089186.1:226934741-227134670(+,199490bp)	1 unplaced contig(s) without CenSat rDNA label added by tile screen (2 screened, 172254 bp)
HG00558_mat_hprc_r2_v1.0.1	ok	24	78333605	17408020	23.0	64616204	72279958	3609119	832300	13	0	3	0	True	HG00558#2#JBHIHD010000029.1,HG00558#2#JBHIHD010000030.1,HG00558#2#JBHIHD010000066.1	3	chain_both_flanks	HG00558#2#CM088520.1	227135331-227367631	HG00558#2#CM088520.1:226977056-227135331(+,158190bp)	HG00558#2#CM088520.1:227367631-227567719(+,199576bp)	3 unplaced contig(s) without CenSat rDNA label added by tile screen (5 screened, 1733659 bp)
HG00639_mat_hprc_r2_v1.0.1	ok	38	89548613	20505147	2.3	76403084	84693061	2359864	883460	17	1	7	0	False		0	chain_both_flanks	HG00639#2#CM088551.1	234121764-234405224	HG00639#2#CM088551.1:233963408-234121764(+,158233bp)	HG00639#2#CM088551.1:234405224-234605556(+,199493bp)	
HG00658_mat_hprc_r2_v1.0.1	ok	21	84906917	19120510	0.6	83260814	73821883	8642757	830049	10	0	1	1	False		0	chain_both_flanks	HG00658#2#JBHIHV010000007.1	79380042-79610091	HG00658#2#JBHIHV010000007.1:79221711-79380042(+,158213bp)	HG00658#2#JBHIHV010000007.1:79610091-79810479(+,199482bp)	
HG00673_mat_hprc_r2_v1.0.1	ok	24	78982428	19623527	37.3	65304150	74132872	2389593	847735	12	3	0	0	True	HG00673#2#JAHBBY020000052.1	1	chain_both_flanks	HG00673#2#JAHBBY020000041.1	22483854-22731589	HG00673#2#JAHBBY020000041.1:22325531-22483854(+,158244bp)	HG00673#2#JAHBBY020000041.1:22731589-22931681(+,199499bp)	1 unplaced contig(s) without CenSat rDNA label added by tile screen (5 screened, 5673015 bp)
HG01071_mat_hprc_r2_v1.0.1	ok	37	96279669	22913047	2.7	71483152	87504310	6366613	796517	11	3	4	0	False		0	chain_both_flanks	HG01071#2#CM089127.1	224090138-224286655	HG01071#2#CM089127.1:223931802-224090138(+,158224bp)	HG01071#2#CM089127.1:224286655-224486625(+,199562bp)	
HG01074_mat_hprc_r2_v1.0.1	ok	35	83626660	19187903	20.9	82433032	70519770	11173025	724697	11	1	3	0	True	HG01074#2#JBHIHX010000024.1,HG01074#2#JBHIHX010000065.1	2	chain_both_flanks	HG01074#2#CM088810.1	223550175-223674872	HG01074#2#CM088810.1:223391855-223550175(+,158222bp)	HG01074#2#CM088810.1:223674872-223875215(+,199497bp)	2 unplaced contig(s) without CenSat rDNA label added by tile screen (2 screened, 126603 bp)
HG01081_mat_hprc_r2_v1.0.1	ok	39	91680502	20306222	30.8	90712569	78860569	10429197	778508	16	2	6	0	True	HG01081#2#JBHIHH010000033.1	1	chain_both_flanks	HG01081#2#CM088579.1	238101694-238280202	HG01081#2#CM088579.1:237943394-238101694(+,158228bp)	HG01081#2#CM088579.1:238280202-238479856(+,199606bp)	1 unplaced contig(s) without CenSat rDNA label added by tile screen (1 screened, 189425 bp)
HG01123_mat_hprc_r2_v1.0.1	ok	18	70294616	14778756	1.0	69170177	67266964	583407	832017	8	4	2	1	False		0	chain_both_flanks	HG01123#2#CM089095.1	225150188-225382205	HG01123#2#CM089095.1:224991856-225150188(+,158231bp)	HG01123#2#CM089095.1:225382205-225581847(+,199564bp)	
HG01150_mat_hprc_r2_v1.0.1	ok	22	91698916	21585314	37.8	90743577	88398160	842897	845631	11	2	3	0	True	HG01150#2#JBHIHJ010000050.1	1	chain_both_flanks	HG01150#2#JBHIHJ010000030.1	88116013-88361644	HG01150#2#JBHIHJ010000030.1:87957674-88116013(+,158237bp)	HG01150#2#JBHIHJ010000030.1:88361644-88561982(+,199495bp)	1 unplaced contig(s) without CenSat rDNA label added by tile screen (1 screened, 59249 bp)
HG01252_mat_hprc_r2_v1.0.1	ok	28	89478138	21235995	5.7	86138321	82397268	5117828	753874	11	1	2	0	False		0	chain_both_flanks	HG01252#2#JBHIHZ010000003.1	90673677-90827551	HG01252#2#JBHIHZ010000003.1:90515435-90673677(+,158134bp)	HG01252#2#JBHIHZ010000003.1:90827551-91027172(+,199538bp)	
HG01358_mat_hprc_r2_v1.0.1	ok	37	82696395	18997568	30.1	81081808	76183756	4524839	778632	14	3	2	0	True	HG01358#2#JAGYZA020000071.1	1	chain_both_flanks	HG01358#2#JAGYZA020000006.1	92362231-92540863	HG01358#2#JAGYZA020000006.1:92204001-92362231(+,158152bp)	HG01358#2#JAGYZA020000006.1:92540863-92740587(+,199339bp)	1 unplaced contig(s) without CenSat rDNA label added by tile screen (1 screened, 147200 bp)
HG01361_mat_hprc_r2_v1.0.1	ok	37	81143620	18399759	37.0	80238009	73061209	5673648	796535	14	1	8	0	True	HG01361#2#JAGYYW020000018.1	1	chain_both_flanks	HG01361#2#CM089035.1	227443203-227639738	HG01361#2#CM089035.1:227284904-227443203(+,158143bp)	HG01361#2#CM089035.1:227639738-227839348(+,199582bp)	1 unplaced contig(s) without CenSat rDNA label added by tile screen (1 screened, 109076 bp)
HG01928_mat_hprc_r2_v1.0.1	ok	27	74794570	16353404	21.9	73834183	64384237	7939236	858869	6	1	1	0	True	HG01928#2#JAGYVP020000051.1	1	chain_both_flanks	HG01928#2#CM089000.1	227742854-228001723	HG01928#2#CM089000.1:227584519-227742854(+,158233bp)	HG01928#2#CM089000.1:228001723-228201620(+,199545bp)	1 unplaced contig(s) without CenSat rDNA label added by tile screen (2 screened, 156841 bp)
HG01934_mat_hprc_r2_v1.0.1	ok	45	82039813	19256283	31.8	80502274	67440811	12206140	780634	13	3	6	0	True	HG01934#2#JBHIIB010000054.1,HG01934#2#JBHIIB010000079.1,HG01934#2#JBHIIB010000081.1	3	chain_both_flanks	HG01934#2#CM088877.1	223756133-223936767	HG01934#2#CM088877.1:223597836-223756133(+,158209bp)	HG01934#2#CM088877.1:223936767-224136403(+,199564bp)	3 unplaced contig(s) without CenSat rDNA label added by tile screen (3 screened, 423381 bp)
HG01940_mat_hprc_r2_v1.0.1	ok	25	88538606	20355716	21.4	73158701	83365614	2878618	682155	11	0	2	0	True	HG01940#2#JBHIHL010000047.1	1	chain_both_flanks	HG01940#2#CM088658.1	227679118-227761273	HG01940#2#CM088658.1:227520788-227679118(+,158221bp)	HG01940#2#CM088658.1:227761273-227961609(+,199496bp)	1 unplaced contig(s) without CenSat rDNA label added by tile screen (2 screened, 1967417 bp)
HG01960_mat_hprc_r2_v1.0.1	ok	44	81988181	19065128	23.0	81109051	67684563	12361650	732811	13	1	5	0	True	HG01960#2#JBHIHN010000071.1	1	chain_both_flanks	HG01960#2#JBHIHN010000002.1	227429438-227562249	HG01960#2#JBHIHN010000002.1:227272790-227429438(+,156607bp)	HG01960#2#JBHIHN010000002.1:227562249-227762309(+,199497bp)	1 unplaced contig(s) without CenSat rDNA label added by tile screen (1 screened, 146319 bp)
HG01969_mat_hprc_r2_v1.0.1	ok	22	75315666	16399967	0.8	74505727	65116091	7777408	809939	8	1	2	0	False		0	chain_both_flanks	HG01969#2#CM088696.1	224459961-224669900	HG01969#2#CM088696.1:224301733-224459961(+,158158bp)	HG01969#2#CM088696.1:224669900-224870229(+,199463bp)	
HG01978_mat_hprc_r2_v1.1.0	ok	39	87101922	19896080	36.6	68936982	75602355	9062190	825149	16	2	4	0	True	HG01978#2#JAGYVS020000029.1,HG01978#2#JAGYVS020000033.1,HG01978#2#JAGYVS020000054.1	3	chain_both_flanks	HG01978#2#CM089270.1	228033288-228258437	HG01978#2#CM089270.1:227874973-228033288(+,158217bp)	HG01978#2#CM089270.1:228258437-228458797(+,199440bp)	3 unplaced contig(s) without CenSat rDNA label added by tile screen (5 screened, 4872335 bp)
HG02071_mat_hprc_r2_v1.0.1	ok	43	81775237	19488040	35.3	78423160	67081596	12300681	780732	13	1	2	0	True	HG02071#2#JBHIGJ010000032.1	1	chain_both_flanks	HG02071#2#JBHIGJ010000011.1	89928972-90109704	HG02071#2#JBHIGJ010000011.1:89770664-89928972(+,158206bp)	HG02071#2#JBHIGJ010000011.1:90109704-90310083(+,199544bp)	1 unplaced contig(s) without CenSat rDNA label added by tile screen (3 screened, 2846814 bp)
HG02074_mat_hprc_r2_v1.0.1	ok	25	72702728	16481632	27.4	65712736	65984118	4377188	729194	8	3	1	0	True	HG02074#2#JBHIGL010000072.1	1	chain_both_flanks	HG02074#2#JBHIGL010000012.1	86525962-86655156	HG02074#2#JBHIGL010000012.1:86367613-86525962(+,158245bp)	HG02074#2#JBHIGL010000012.1:86655156-86854774(+,199585bp)	1 unplaced contig(s) without CenSat rDNA label added by tile screen (1 screened, 2893015 bp)
HG02135_mat_hprc_r2_v1.0.1	ok	46	98291217	23379619	0.8	93184439	88669725	7224183	785081	15	1	5	0	False		0	chain_both_flanks	HG02135#2#JBHIGN010000054.1	92510553-92695634	HG02135#2#JBHIGN010000054.1:92352049-92510553(+,158200bp)	HG02135#2#JBHIGN010000054.1:92695634-92895252(+,199588bp)	
HG02257_mat_hprc_r2_v1.1.0	ok	25	92998392	20127717	20.4	79728017	82860553	7645949	879662	13	1	6	0	True	HG02257#2#JAGYVI020000030.1	1	chain_both_flanks	HG02257#2#JAGYVI020000009.1	92280508-92560170	HG02257#2#JAGYVI020000009.1:92122227-92280508(+,158183bp)	HG02257#2#JAGYVI020000009.1:92560170-92760511(+,199411bp)	1 unplaced contig(s) without CenSat rDNA label added by tile screen (1 screened, 390713 bp)
HG02668_mat_hprc_r2_v1.0.1	ok	29	85531971	18864581	0.9	71049858	65598328	17515956	805459	13	1	2	0	False		0	chain_both_flanks	HG02668#2#CM088893.1	228954395-229159854	HG02668#2#CM088893.1:228796116-228954395(+,158191bp)	HG02668#2#CM088893.1:229159854-229360059(+,199465bp)	
HG02717_mat_hprc_r2_v1.0.1	ok	47	101514284	21871276	2.1	92440572	88495191	10675966	730899	12	1	4	0	False		0	chain_both_flanks	HG02717#2#JAHAOR020000002.1	89142212-89273111	HG02717#2#JAHAOR020000002.1:88985459-89142212(+,156671bp)	HG02717#2#JAHAOR020000002.1:89273111-89473429(+,199504bp)	
HG02809_mat_hprc_r2_v1.0.1	ok	54	86125028	19201348	1.4	84818602	71800023	11873991	838787	19	3	9	0	False		0	chain_both_flanks	HG02809#2#JBHIGP010000046.1	90402379-90641166	HG02809#2#JBHIGP010000046.1:90244079-90402379(+,158184bp)	HG02809#2#JBHIGP010000046.1:90641166-90841245(+,199491bp)	
HG03017_mat_hprc_r2_v1.0.1	ok	49	77763518	18944088	27.7	76874757	63176958	12195864	778468	14	1	4	0	True	HG03017#2#JBHIIF010000028.1	1	chain_both_flanks	HG03017#2#CM088924.1	220842124-221020592	HG03017#2#CM088924.1:220683762-220842124(+,158216bp)	HG03017#2#CM088924.1:221020592-221220335(+,199394bp)	1 unplaced contig(s) without CenSat rDNA label added by tile screen (9 screened, 5058045 bp)
HG03041_mat_hprc_r2_v1.0.1	ok	26	80084423	16575344	21.6	78919904	74591497	3481642	802117	16	0	5	0	True	HG03041#2#JBHIHR010000021.1	1	chain_both_flanks	HG03041#2#CM088727.1	228897447-229099564	HG03041#2#CM088727.1:228740678-228897447(+,156704bp)	HG03041#2#CM088727.1:229099564-229300199(+,199414bp)	1 unplaced contig(s) without CenSat rDNA label added by tile screen (2 screened, 782329 bp)
HG03239_mat_hprc_r2_v1.0.1	ok	36	79325834	18098637	1.7	76989089	65278983	11533129	901494	18	3	6	0	False		0	chain_both_flanks	HG03239#2#JBHIHT010000006.1	84594947-84896441	HG03239#2#JBHIHT010000006.1:84436622-84594947(+,158269bp)	HG03239#2#JBHIHT010000006.1:84896441-85096831(+,199467bp)	
HG03516_mat_hprc_r2_v1.1.0	ok	32	88403756	20171727	3.2	75596071	84472327	1511516	807685	14	4	7	0	False		0	chain_both_flanks	HG03516#2#CM089230.1	230851437-231059122	HG03516#2#CM089230.1:230693106-230851437(+,158241bp)	HG03516#2#CM089230.1:231059122-231258905(+,199417bp)	
HG03804_mat_hprc_r2_v1.0.1	ok	52	89088211	19876480	31.1	88015085	77144890	9503606	827487	19	1	8	0	True	HG03804#2#JBHIGR010000090.1,HG03804#2#JBHIGR010000107.1	2	chain_both_flanks	HG03804#2#JBHIGR010000057.1	86246527-86474014	HG03804#2#JBHIGR010000057.1:86088168-86246527(+,158232bp)	HG03804#2#JBHIGR010000057.1:86474014-86673642(+,199588bp)	2 unplaced contig(s) without CenSat rDNA label added by tile screen (2 screened, 117628 bp)
HG03942_mat_hprc_r2_v1.0.1	ok	51	79082836	17209428	3.6	77423721	66320814	10246134	903670	17	1	4	0	False		0	chain_both_flanks	HG03942#2#JBHIGT010000001.1	219555969-219859639	HG03942#2#JBHIGT010000001.1:219397638-219555969(+,158217bp)	HG03942#2#JBHIGT010000001.1:219859639-220059971(+,199556bp)	
HG04157_mat_hprc_r2_v1.0.1	ok	27	75618957	19002123	7.9	74384305	69089524	4024133	893072	14	1	3	1	False		0	chain_both_flanks	HG04157#2#CM088436.1	222225637-222518709	HG04157#2#CM088436.1:222067365-222225637(+,158162bp)	HG04157#2#CM088436.1:222518709-222718329(+,199571bp)	
HG04160_mat_hprc_r2_v1.0.1	ok	29	86338834	20236437	22.0	85185376	75606481	8288045	832080	12	0	3	0	True	HG04160#2#JBHIGX010000032.1	1	chain_both_flanks	HG04160#2#CM088445.1	219897395-220129475	HG04160#2#CM088445.1:219739084-219897395(+,158212bp)	HG04160#2#CM088445.1:220129475-220329074(+,199563bp)	1 unplaced contig(s) without CenSat rDNA label added by tile screen (2 screened, 278416 bp)
HG04204_mat_hprc_r2_v1.0.1	ok	52	81175484	19570096	5.0	80127600	66678736	12148751	735769	12	0	3	0	False		0	chain_flanks_split_contigs			HG04204#2#JBHIGZ010000047.1:229495932-229654271(+,158202bp)	HG04204#2#JBHIGZ010000007.1:50830-251217(+,199542bp)	5S lift partial: chain_flanks_split_contigs
HG04228_mat_hprc_r2_v1.0.1	ok	25	78178993	19008112	20.0	64222887	71845836	3761666	959263	11	1	2	0	True	HG04228#2#JBHIHB010000058.1	1	chain_both_flanks	HG04228#2#CM088505.1	226561496-226920759	HG04228#2#CM088505.1:226403140-226561496(+,158237bp)	HG04228#2#CM088505.1:226920759-227120417(+,199557bp)	1 unplaced contig(s) without CenSat rDNA label added by tile screen (4 screened, 5248500 bp)
HG00706_mat_hprc_r2_v1.0.1	ok	37	80985864	18485390	22.4	80002243	72070060	6451759	851817	16	2	5	0	True	HG00706#2#JBJXWE010000079.1	1	chain_both_flanks	HG00706#2#CM100055.1	225857482-226109299	HG00706#2#CM100055.1:225699157-225857482(+,158268bp)	HG00706#2#CM100055.1:226109299-226309346(+,199537bp)	1 unplaced contig(s) without CenSat rDNA label added by tile screen (4 screened, 3181785 bp)
HG03816_mat_hprc_r2_v1.0.1	ok	38	88240315	20537446	29.7	74758935	80519969	5239831	868287	15	0	5	0	True	HG03816#2#JBJXWG010000024.1,HG03816#2#JBJXWG010000069.1	2	chain_both_flanks	HG03816#2#JBJXWG010000015.1	97502681-97770968	HG03816#2#JBJXWG010000015.1:97344351-97502681(+,158227bp)	HG03816#2#JBJXWG010000015.1:97770968-97970589(+,199588bp)	2 unplaced contig(s) without CenSat rDNA label added by tile screen (2 screened, 219239 bp)
HG00423_mat_hprc_r2_v1.0.1	ok	34	85705695	18235621	31.4	84584230	69593945	13665154	834368	11	1	4	0	True	HG00423#2#JBHIIP010000025.1	1	chain_both_flanks	HG00423#2#JBHIIP010000050.1	94223091-94457459	HG00423#2#JBHIIP010000050.1:94064802-94223091(+,158238bp)	HG00423#2#JBHIIP010000050.1:94457459-94657797(+,199544bp)	1 unplaced contig(s) without CenSat rDNA label added by tile screen (3 screened, 340727 bp)
HG00544_mat_hprc_r2_v1.0.1	ok	32	80230231	17814295	2.6	76446828	75574145	2334667	709191	15	2	5	0	False		0	chain_both_flanks	HG00544#2#CM089383.1	221727245-221836436	HG00544#2#CM089383.1:221569015-221727245(+,158151bp)	HG00544#2#CM089383.1:221836436-222036059(+,199557bp)	
HG01943_mat_hprc_r2_v1.0.1	ok	33	74764192	18817323	44.8	69807020	64126266	8307723	717975	14	5	4	0	True	HG01943#2#JBHIIL010000023.1,HG01943#2#JBHIIL010000037.1,HG01943#2#JBHIIL010000088.1	3	chain_both_flanks	HG01943#2#JBHIIL010000009.1	86929425-87047400	HG01943#2#JBHIIL010000009.1:86771082-86929425(+,158234bp)	HG01943#2#JBHIIL010000009.1:87047400-87247013(+,199583bp)	3 unplaced contig(s) without CenSat rDNA label added by tile screen (15 screened, 11386431 bp)
HG02735_mat_hprc_r2_v1.0.1	ok	62	85668562	20154031	30.5	83712912	71653787	11603996	798551	20	0	7	0	True	HG02735#2#JBHIIJ010000027.1,HG02735#2#JBHIIJ010000048.1,HG02735#2#JBHIIJ010000085.1,HG02735#2#JBHIIJ010000107.1	4	chain_both_flanks	HG02735#2#CM089341.1	228108313-228306864	HG02735#2#CM089341.1:227949969-228108313(+,158226bp)	HG02735#2#CM089341.1:228306864-228506491(+,199587bp)	4 unplaced contig(s) without CenSat rDNA label added by tile screen (4 screened, 475933 bp)
HG03225_hap2_hprc_r2_v1.0.1	ok	57	91207032	20452641	16.4	77638435	85200024	3633962	760818	23	2	10	0	True	HG03225#2#JBHIIH010000039.1,HG03225#2#JBHIIH010000040.1	2	chain_both_flanks	HG03225#2#CM089313.1	231671830-231832648	HG03225#2#CM089313.1:231513461-231671830(+,158259bp)	HG03225#2#CM089313.1:231832648-232032313(+,199550bp)	2 unplaced contig(s) without CenSat rDNA label added by tile screen (2 screened, 212464 bp)
NA19159_hap2_hprc_r2_v1.0.1	ok	35	79322512	18624053	3.1	77788720	74043315	3154878	915151	18	1	3	0	False		0	chain_both_flanks	NA19159#2#CM099958.1	228787991-229103142	NA19159#2#CM099958.1:228629572-228787991(+,158291bp)	NA19159#2#CM099958.1:229103142-229303398(+,199452bp)	
HG00126_hap2_hprc_r2_v1.0.1	ok	33	79986386	19010429	4.1	79277947	70855711	7213068	708439	15	0	4	0	False		0	chain_both_flanks	HG00126#2#CM090120.1	222829298-222937737	HG00126#2#CM090120.1:222672494-222829298(+,156773bp)	HG00126#2#CM090120.1:222937737-223138108(+,199536bp)	
HG00128_hap2_hprc_r2_v1.0.1	ok	35	84453228	19819654	42.8	71376194	72701814	8383614	885714	12	4	3	0	True	HG00128#2#JBHIKT010000038.1,HG00128#2#JBHIKT010000069.1	2	chain_both_flanks	HG00128#2#JBHIKT010000005.1	83780924-84066638	HG00128#2#JBHIKT010000005.1:83622605-83780924(+,158215bp)	HG00128#2#JBHIKT010000005.1:84066638-84266253(+,199585bp)	2 unplaced contig(s) without CenSat rDNA label added by tile screen (3 screened, 364255 bp)
HG00133_hap2_hprc_r2_v1.0.1	ok	25	82127579	18570450	3.4	78900901	70899855	8667227	948269	14	1	4	1	False		0	chain_both_flanks	HG00133#2#CM090060.1	228857367-229205636	HG00133#2#CM090060.1:228699038-228857367(+,158206bp)	HG00133#2#CM090060.1:229205636-229405551(+,199538bp)	
HG00146_hap2_hprc_r2_v1.0.1	ok	39	112905897	28372429	32.9	74892960	99495516	11042073	756080	19	3	5	0	True	HG00146#2#JBHIKP010000026.1	1	chain_both_flanks	HG00146#2#JBHIKP010000003.1	88079745-88235825	HG00146#2#JBHIKP010000003.1:87921395-88079745(+,158286bp)	HG00146#2#JBHIKP010000003.1:88235825-88436334(+,199492bp)	1 unplaced contig(s) without CenSat rDNA label added by tile screen (5 screened, 4235207 bp)
HG00232_hap2_hprc_r2_v1.0.1	ok	26	80119551	17071826	1.8	79152414	76538417	1143628	825278	12	2	3	0	False		0	chain_both_flanks	HG00232#2#CM090022.1	230795481-231020759	HG00232#2#CM090022.1:230637151-230795481(+,158231bp)	HG00232#2#CM090022.1:231020759-231220964(+,199468bp)	
HG00290_hap2_hprc_r2_v1.0.1	ok	32	89950502	20733123	0.7	88660103	81722450	5812855	802969	11	0	3	0	False		0	chain_both_flanks	HG00290#2#JBHIKL010000025.1	222911904-223114873	HG00290#2#JBHIKL010000025.1:222753580-222911904(+,158219bp)	HG00290#2#JBHIKL010000025.1:223114873-223314479(+,199577bp)	
HG00320_hap2_hprc_r2_v1.0.1	ok	41	94084341	22120703	3.8	55589563	86186322	5536606	749185	21	2	3	1	False		0	chain_both_flanks	HG00320#2#CM089962.1	224401717-224550902	HG00320#2#CM089962.1:224243372-224401717(+,158236bp)	HG00320#2#CM089962.1:224550902-224750529(+,199584bp)	
HG00321_hap2_hprc_r2_v1.0.1	ok	22	86363623	20284935	2.5	85395136	76930392	6852516	968487	10	1	3	0	False		0	chain_both_flanks	HG00321#2#CM089567.1	221417300-221785787	HG00321#2#CM089567.1:221258954-221417300(+,158323bp)	HG00321#2#CM089567.1:221785787-221986219(+,199523bp)	
HG01786_hap2_hprc_r2_v1.0.1	ok	45	88507066	21529467	33.6	87125258	78899575	7205413	892295	16	2	7	0	True	HG01786#2#JBHIIX010000074.1	1	chain_both_flanks	HG01786#2#JBHIIX010000015.1	84327123-84619418	HG01786#2#JBHIIX010000015.1:84168730-84327123(+,158215bp)	HG01786#2#JBHIIX010000015.1:84619418-84819704(+,199455bp)	1 unplaced contig(s) without CenSat rDNA label added by tile screen (5 screened, 5336866 bp)
HG02178_hap2_hprc_r2_v1.0.1	ok	22	84564345	19146278	2.5	83711765	76237443	5925153	789521	12	2	5	0	False		0	chain_both_flanks	HG02178#2#CM089934.1	232130553-232320074	HG02178#2#CM089934.1:231972228-232130553(+,158217bp)	HG02178#2#CM089934.1:232320074-232519830(+,199241bp)	
HG02583_hap2_hprc_r2_v1.0.1	ok	31	85171635	19462305	22.7	71939000	73052072	9650524	856812	13	2	3	1	True	HG02583#2#JBHIIV010000055.1	1	chain_both_flanks	HG02583#2#JBHIIV010000036.1	224986368-225243180	HG02583#2#JBHIIV010000036.1:224828077-224986368(+,158194bp)	HG02583#2#JBHIIV010000036.1:225243180-225443536(+,199480bp)	1 unplaced contig(s) without CenSat rDNA label added by tile screen (3 screened, 361986 bp)
HG03270_hap2_hprc_r2_v1.0.1	ok	36	85373008	19415967	3.9	82453775	80321819	2660547	778414	21	2	6	0	False		0	chain_both_flanks	HG03270#2#CM089910.1	227250282-227428696	HG03270#2#CM089910.1:227091993-227250282(+,158263bp)	HG03270#2#CM089910.1:227428696-227628768(+,199367bp)	
HG03583_hap2_hprc_r2_v1.0.1	ok	32	88261832	19052777	4.8	83820078	81144648	5120649	787367	19	3	3	1	False		0	chain_both_flanks	HG03583#2#JBHIKB010000009.1	88774790-88962157	HG03583#2#JBHIKB010000009.1:88616452-88774790(+,158233bp)	HG03583#2#JBHIKB010000009.1:88962157-89162538(+,199556bp)	
HG03874_hap2_hprc_r2_v1.0.1	ok	26	80193566	16782348	26.6	74975911	75818894	2324165	841339	12	0	3	0	True	HG03874#2#JBHIIT010000067.1	1	chain_both_flanks	HG03874#2#CM089470.1	227221235-227462574	HG03874#2#CM089470.1:227062991-227221235(+,158160bp)	HG03874#2#CM089470.1:227462574-227662190(+,199515bp)	1 unplaced contig(s) without CenSat rDNA label added by tile screen (2 screened, 178440 bp)
NA18505_hap2_hprc_r2_v1.0.1	ok	33	84705953	18871619	2.7	82268796	69827480	12147298	1118948	17	1	4	0	False		0	chain_both_flanks	NA18505#2#JBHIJZ010000009.1	93312796-93831744	NA18505#2#JBHIJZ010000009.1:93154446-93312796(+,158247bp)	NA18505#2#JBHIJZ010000009.1:93831744-94032005(+,199454bp)	
NA18508_hap2_hprc_r2_v1.0.1	ok	29	113475261	26506917	45.1	76082142	100675198	10326584	861251	17	0	6	2	True	NA18508#2#JBHIJH010000034.1	1	chain_both_flanks	NA18508#2#JBHIJH010000007.1	223930719-224191970	NA18508#2#JBHIJH010000007.1:223772383-223930719(+,158250bp)	NA18508#2#JBHIJH010000007.1:224191970-224391925(+,199486bp)	1 unplaced contig(s) without CenSat rDNA label added by tile screen (1 screened, 531868 bp)
NA18608_hap2_hprc_r2_v1.0.1	ok	32	77124986	18274616	33.6	75948681	71727108	3011800	773850	13	1	6	0	True	NA18608#2#JBHIJX010000053.1,NA18608#2#JBHIJX010000058.1	2	chain_both_flanks	NA18608#2#CM089849.1	229584130-229757980	NA18608#2#CM089849.1:229425790-229584130(+,158234bp)	NA18608#2#CM089849.1:229757980-229958350(+,199462bp)	2 unplaced contig(s) without CenSat rDNA label added by tile screen (5 screened, 1902494 bp)
NA18620_hap2_hprc_r2_v1.0.1	ok	42	100410426	23572918	60.9	82854618	83635894	14363464	798840	21	5	3	0	True	NA18620#2#JBHIJV010000058.1,NA18620#2#JBHIJV010000096.1	2	chain_both_flanks	NA18620#2#CM089828.1	228027950-228226790	NA18620#2#CM089828.1:227869709-228027950(+,158151bp)	NA18620#2#CM089828.1:228226790-228426441(+,199568bp)	2 unplaced contig(s) without CenSat rDNA label added by tile screen (4 screened, 406874 bp)
NA18952_hap2_hprc_r2_v1.0.1	ok	33	91472639	20996897	22.8	76374248	84689544	4392280	778587	17	1	5	0	True	NA18952#2#JBHIJT010000068.1	1	chain_both_flanks	NA18952#2#CM089808.1	227974526-228153113	NA18952#2#CM089808.1:227816215-227974526(+,158206bp)	NA18952#2#CM089808.1:228153113-228353478(+,199493bp)	1 unplaced contig(s) without CenSat rDNA label added by tile screen (1 screened, 99371 bp)
NA18974_hap2_hprc_r2_v1.0.1	ok	35	81206834	18721489	21.3	66020310	70675042	8129688	789876	16	4	7	0	True	NA18974#2#JBHIJR010000030.1,NA18974#2#JBHIJR010000071.1	2	chain_both_flanks	NA18974#2#JBHIJR010000004.1	116054826-116244702	NA18974#2#JBHIJR010000004.1:115896507-116054826(+,158241bp)	NA18974#2#JBHIJR010000004.1:116244702-116444633(+,199516bp)	2 unplaced contig(s) without CenSat rDNA label added by tile screen (2 screened, 388386 bp)
NA18976_hap2_hprc_r2_v1.0.1	ok	29	101634826	23355459	2.2	88727257	93745674	5516272	760652	16	1	6	0	False		0	chain_both_flanks	NA18976#2#JBHIJP010000006.1	94675853-94836505	NA18976#2#JBHIJP010000006.1:94517534-94675853(+,158216bp)	NA18976#2#JBHIJP010000006.1:94836505-95036214(+,199609bp)	
NA19036_hap2_hprc_r2_v1.0.1	ok	37	93928944	21220690	17.3	78405671	88725436	2712072	879209	15	5	6	0	True	NA19036#2#JBHIJN010000024.1	1	chain_both_flanks	NA19036#2#JBHIJN010000038.1	227472285-227751494	NA19036#2#JBHIJN010000038.1:227314098-227472285(+,158118bp)	NA19036#2#JBHIJN010000038.1:227751494-227951380(+,199438bp)	1 unplaced contig(s) without CenSat rDNA label added by tile screen (2 screened, 654437 bp)
NA19443_hap2_hprc_r2_v1.0.1	ok	28	72727934	16154852	0.9	72001499	68378046	2011225	726435	10	4	4	0	False		0	chain_both_flanks	NA19443#2#CM089458.1	223413074-223539509	NA19443#2#CM089458.1:223256340-223413074(+,156694bp)	NA19443#2#CM089458.1:223539509-223739954(+,199501bp)	
NA19700_hap2_hprc_r2_v1.0.1	ok	31	82633140	19923612	2.7	76436299	74173874	6048406	798632	13	0	6	0	False		0	chain_both_flanks	NA19700#2#CM089634.1	225983550-226182182	NA19700#2#CM089634.1:225825236-225983550(+,158194bp)	NA19700#2#CM089634.1:226182182-226381868(+,199557bp)	
NA20870_hap2_hprc_r2_v1.0.1	ok	41	88107306	21099017	2.5	74996642	79206801	6487387	800890	16	1	5	0	False		0	chain_both_flanks	NA20870#2#JBHIJL010000051.1	98607275-98808165	NA20870#2#JBHIJL010000051.1:98449013-98607275(+,158159bp)	NA20870#2#JBHIJL010000051.1:98808165-99007757(+,199523bp)	
NA21093_hap2_hprc_r2_v1.0.1	ok	45	82951583	19063449	21.2	80395610	74676705	5810425	852225	20	5	5	0	True	NA21093#2#JBHIJD010000073.1,NA21093#2#JBHIJD010000082.1	2	chain_both_flanks	NA21093#2#CM089607.1	221911000-222163225	NA21093#2#CM089607.1:221752663-221911000(+,158267bp)	NA21093#2#CM089607.1:222163225-222363675(+,199516bp)	2 unplaced contig(s) without CenSat rDNA label added by tile screen (3 screened, 360959 bp)
NA21106_hap2_hprc_r2_v1.0.1	ok	30	84146867	19509684	21.8	82335178	77395514	4286991	852134	15	2	6	0	True	NA21106#2#JBHIJB010000026.1	1	chain_both_flanks	NA21106#2#CM089583.1	225237629-225489763	NA21106#2#CM089583.1:225075656-225237629(+,156281bp)	NA21106#2#CM089583.1:225489763-225689469(+,199389bp)	1 unplaced contig(s) without CenSat rDNA label added by tile screen (4 screened, 2544924 bp)
NA21110_hap2_hprc_r2_v1.0.1	ok	31	92986640	20586116	2.3	92188132	80194548	10446202	733663	14	1	7	0	False		0	chain_both_flanks	NA21110#2#CM089678.1	230780735-230914398	NA21110#2#CM089678.1:230622391-230780735(+,158287bp)	NA21110#2#CM089678.1:230914398-231114786(+,199480bp)	
HG02392_hap2_hprc_r2_v1.0.1	ok	48	80503720	19125294	27.1	59758534	64685911	13380091	825490	18	2	3	1	True	HG02392#2#JBHIKF010000026.1	1	chain_both_flanks	HG02392#2#CM099889.1	235581389-235806879	HG02392#2#CM099889.1:235423078-235581389(+,158211bp)	HG02392#2#CM099889.1:235806879-236006555(+,199573bp)	1 unplaced contig(s) without CenSat rDNA label added by tile screen (1 screened, 4613083 bp)
HG02514_mat_hprc_r2_v1.0.1	ok	31	75286971	16909234	2.6	74474859	62518973	10343658	812112	7	0	1	0	False		0	chain_both_flanks	HG02514#2#CM098743.1	225989715-226201827	HG02514#2#CM098743.1:225831370-225989715(+,158245bp)	HG02514#2#CM098743.1:226201827-226401488(+,199580bp)	
HG02841_mat_hprc_r2_v1.0.1	ok	52	96638814	20650094	26.3	77851205	91691300	2493972	841315	24	5	8	1	True	HG02841#2#JBJKOH010000087.1	1	chain_both_flanks	HG02841#2#CM098668.1	228980234-229221549	HG02841#2#CM098668.1:228822001-228980234(+,158157bp)	HG02841#2#CM098668.1:229221549-229421780(+,199471bp)	1 unplaced contig(s) without CenSat rDNA label added by tile screen (2 screened, 156694 bp)
HG02984_mat_hprc_r2_v1.0.1	ok	36	79422889	18404618	2.1	65680164	73489466	3578576	742629	13	2	2	0	False		0	chain_both_flanks	HG02984#2#JBJKON010000001.1	94190187-94332816	HG02984#2#JBJKON010000001.1:94033851-94190187(+,156275bp)	HG02984#2#JBJKON010000001.1:94332816-94533148(+,199539bp)	
HG03050_mat_hprc_r2_v1.0.1	ok	34	83442207	17756708	51.8	81202071	76692584	4227122	910274	19	1	2	0	True	HG03050#2#JBJKOL010000029.1,HG03050#2#JBJKOL010000057.1	2	chain_both_flanks	HG03050#2#CM098774.1	230165306-230475580	HG03050#2#CM098774.1:230006997-230165306(+,158229bp)	HG03050#2#CM098774.1:230475580-230675953(+,199504bp)	2 unplaced contig(s) without CenSat rDNA label added by tile screen (3 screened, 1521453 bp)
NA20799_hap2_hprc_r2_v1.0.1	ok	34	81475514	19542977	32.2	68110545	66814537	12223897	824857	12	0	2	2	True	NA20799#2#JBJKOF010000024.1,NA20799#2#JBJKOF010000060.1	2	chain_both_flanks	NA20799#2#CM098713.1	233791861-234016718	NA20799#2#CM098713.1:233633657-233791861(+,158138bp)	NA20799#2#CM098713.1:234016718-234216323(+,199559bp)	2 unplaced contig(s) without CenSat rDNA label added by tile screen (3 screened, 697668 bp)
HG01109_mat_hprc_r2_v1.0.1	ok	52	90933298	23471700	29.3	65347320	79792989	8971357	959794	13	0	1	0	True	HG01109#2#JAHEOZ020000046.1	1	chain_both_flanks	HG01109#2#JAHEOZ020000071.1	100911368-101271162	HG01109#2#JAHEOZ020000071.1:100753050-100911368(+,158202bp)	HG01109#2#JAHEOZ020000071.1:101271162-101471581(+,199542bp)	1 unplaced contig(s) without CenSat rDNA label added by tile screen (19 screened, 9770680 bp)
HG02055_mat_hprc_r2_v1.0.1	ok	27	109589975	26657458	1.0	78645343	106142486	1401164	837158	13	2	4	0	False		0	chain_both_flanks	HG02055#2#JAHEPJ020000013.1	95072488-95309646	HG02055#2#JAHEPJ020000013.1:94914114-95072488(+,158265bp)	HG02055#2#JAHEPJ020000013.1:95309646-95510438(+,199473bp)	
HG02080_mat_hprc_r2_v1.0.1	ok	58	86970169	21651965	23.4	70694398	78321739	5995229	805353	23	3	2	0	True	HG02080#2#JAHEOV020000030.1	1	chain_both_flanks	HG02080#2#JAHEOV020000063.1	87961335-88166688	HG02080#2#JAHEOV020000063.1:87803038-87961335(+,158249bp)	HG02080#2#JAHEOV020000063.1:88166688-88367081(+,199466bp)	1 unplaced contig(s) without CenSat rDNA label added by tile screen (4 screened, 6191363 bp)
HG02109_mat_hprc_r2_v1.0.1	ok	37	81201217	17836102	29.4	80309374	71757721	7003227	828041	12	0	5	0	True	HG02109#2#JAHEPF020000053.1	1	chain_both_flanks	HG02109#2#JAHEPF020000008.1	85836854-86064895	HG02109#2#JAHEPF020000008.1:85678580-85836854(+,158180bp)	HG02109#2#JAHEPF020000008.1:86064895-86264965(+,199341bp)	1 unplaced contig(s) without CenSat rDNA label added by tile screen (2 screened, 297727 bp)
HG02723_mat_hprc_r2_v1.0.1	ok	30	89162210	19861339	26.9	71205293	83314354	3409985	825643	20	3	5	0	True	HG02723#2#JAHEOT020000011.1,HG02723#2#JAHEOT020000052.1	2	chain_both_flanks	HG02723#2#JAHEOT020000004.1	95692884-95918527	HG02723#2#JAHEOT020000004.1:95534604-95692884(+,158188bp)	HG02723#2#JAHEOT020000004.1:95918527-96118758(+,199470bp)	2 unplaced contig(s) without CenSat rDNA label added by tile screen (2 screened, 2820674 bp)
HG02818_mat_hprc_r2_v1.0.1	ok	34	88312570	20816417	5.2	68923698	82073662	3769842	856839	20	1	3	0	False		0	chain_both_flanks	HG02818#2#CM091986.1	228005192-228262031	HG02818#2#CM091986.1:227846903-228005192(+,158186bp)	HG02818#2#CM091986.1:228262031-228462088(+,199447bp)	
HG03098_mat_hprc_r2_v1.0.1	ok	43	85927333	21167005	3.6	70619155	77171813	6727662	818690	21	2	1	0	False		0	chain_both_flanks	HG03098#2#JAHEPL020000011.1	50215629-50434319	HG03098#2#JAHEPL020000011.1:50059297-50215629(+,156273bp)	HG03098#2#JAHEPL020000011.1:50434319-50634002(+,199565bp)	
HG03486_mat_hprc_r2_v1.0.1	ok	54	107838580	29803606	7.7	54611454	97126524	8789423	713476	22	2	1	0	False		0	chain_both_flanks	HG03486#2#JAHEOP020000067.1	89705206-89818682	HG03486#2#JAHEOP020000067.1:89546890-89705206(+,158194bp)	HG03486#2#JAHEOP020000067.1:89818682-90018952(+,199448bp)	
NA18906_mat_hprc_r2_v1.0.1	ok	40	83887465	21688504	27.7	69540845	74816079	7071804	790414	15	0	2	0	True	NA18906#2#JAHEON020000041.1	1	chain_both_flanks	NA18906#2#CM091947.1	233204357-233394771	NA18906#2#CM091947.1:233046905-233204357(+,157358bp)	NA18906#2#CM091947.1:233394771-233594839(+,199501bp)	1 unplaced contig(s) without CenSat rDNA label added by tile screen (9 screened, 10319533 bp)
NA20129_mat_hprc_r2_v1.0.1	ok	30	90238340	22003103	6.2	77349823	84743042	3397613	888517	13	2	3	0	False		0	chain_both_flanks	NA20129#2#CM092117.1	232277009-232565526	NA20129#2#CM092117.1:232118678-232277009(+,158235bp)	NA20129#2#CM092117.1:232565526-232765336(+,199426bp)	
NA21309_mat_hprc_r2_v1.0.1	ok	38	105625577	24864734	3.3	77312428	98827438	4364695	821216	20	5	9	0	False		0	chain_both_flanks	NA21309#2#CM092097.1	220379400-220600616	NA21309#2#CM092097.1:220221052-220379400(+,158169bp)	NA21309#2#CM092097.1:220600616-220801027(+,199484bp)	
HG00733_mat_hprc_r2_v1.0.1	ok	59	85413857	20636408	25.6	78754371	72829583	10500575	874531	24	0	12	0	True	HG00733#2#JAHEPP020000043.1,HG00733#2#JAHEPP020000085.1	2	chain_both_flanks	HG00733#2#JAHEPP020000012.1	90948430-91222961	HG00733#2#JAHEPP020000012.1:90790072-90948430(+,158233bp)	HG00733#2#JAHEPP020000012.1:91222961-91422870(+,199549bp)	2 unplaced contig(s) without CenSat rDNA label added by tile screen (3 screened, 2333422 bp)
HG01243_mat_hprc_r2_v1.0.1	ok	31	75754023	16543528	32.9	71829640	71519827	2074186	950843	14	2	4	0	True	HG01243#2#JAHEOX020000083.1	1	chain_both_flanks	HG01243#2#JAHEOX020000063.1	220142311-220493154	HG01243#2#JAHEOX020000063.1:219983993-220142311(+,158202bp)	HG01243#2#JAHEOX020000063.1:220493154-220693569(+,199544bp)	1 unplaced contig(s) without CenSat rDNA label added by tile screen (6 screened, 5141878 bp)
NA19240_mat_hprc_r2_v1.0.1	ok	29	83476170	20301209	3.0	70660736	74128371	7033036	702536	9	0	3	0	False		0	chain_both_flanks	NA19240#2#CM099613.1	218131844-218234380	NA19240#2#CM099613.1:217973526-218131844(+,158228bp)	NA19240#2#CM099613.1:218234380-218434160(+,199402bp)	
HG005_mat_hprc_r2_v1.0.1	ok	63	99988788	24391670	3.0	73324193	91276486	6355169	744905	29	3	10	0	False		0	chain_both_flanks	HG005#2#JAHEPN020000012.1	97892344-98037249	HG005#2#JAHEPN020000012.1:97734009-97892344(+,158215bp)	HG005#2#JAHEPN020000012.1:98037249-98236978(+,199613bp)	
HG00097_hap2_hprc_r2_v1.0.1	ok	35	78701585	16451816	29.3	76931787	73844796	2003921	800710	15	0	5	1	True	HG00097#2#JBIRDE010000009.1,HG00097#2#JBIRDE010000025.1	2	chain_both_flanks	HG00097#2#CM094075.1	231970488-232171198	HG00097#2#CM094075.1:231812141-231970488(+,158237bp)	HG00097#2#CM094075.1:232171198-232371128(+,199557bp)	2 unplaced contig(s) without CenSat rDNA label added by tile screen (2 screened, 359405 bp)
HG00235_hap2_hprc_r2_v1.0.1	ok	26	89399428	19373845	30.3	87337606	79347146	7674968	765086	13	0	5	0	True	HG00235#2#JBIREE010000057.1	1	chain_both_flanks	HG00235#2#CM094394.1	225866466-226031552	HG00235#2#CM094394.1:225708229-225866466(+,158129bp)	HG00235#2#CM094394.1:226031552-226231730(+,199447bp)	1 unplaced contig(s) without CenSat rDNA label added by tile screen (2 screened, 408965 bp)
HG00253_hap2_hprc_r2_v1.0.1	ok	27	85216498	17856913	0.6	84081694	71257254	11122815	821119	9	1	2	0	False		0	chain_both_flanks	HG00253#2#JBIREK010000005.1	84391931-84613050	HG00253#2#JBIREK010000005.1:84233594-84391931(+,158231bp)	HG00253#2#JBIREK010000005.1:84613050-84813003(+,199502bp)	
HG00272_hap2_hprc_r2_v1.0.1	ok	31	79387488	91460577	140.1	66200930	66673564	10331705	770000	12	0	1	0	True	HG00272#2#JBIRDO010000063.1	1	tile_scan_chr1	HG00272#2#CM094211.1	232815000-232985000			1 unplaced contig(s) without CenSat rDNA label added by tile screen (5 screened, 3608362 bp); 5S located by tile scan of 1 chr1 contigs (no usable chain)
HG00329_hap2_hprc_r2_v1.0.1	ok	26	82754904	18857346	3.3	82019180	71850895	8556056	735724	9	6	3	0	False		0	chain_both_flanks	HG00329#2#JBIRDQ010000013.1	88348671-88484395	HG00329#2#JBIRDQ010000013.1:88190327-88348671(+,158236bp)	HG00329#2#JBIRDQ010000013.1:88484395-88684649(+,199517bp)	
HG00344_hap2_hprc_r2_v1.0.1	ok	30	73961863	17639159	30.1	68240689	69727891	1849971	771778	14	1	3	0	True	HG00344#2#JBIREO010000058.1	1	chain_both_flanks	HG00344#2#CM094512.1	229698571-229870349	HG00344#2#CM094512.1:229540259-229698571(+,158290bp)	HG00344#2#CM094512.1:229870349-230069968(+,199586bp)	1 unplaced contig(s) without CenSat rDNA label added by tile screen (1 screened, 107092 bp)
HG00350_hap2_hprc_r2_v1.0.1	ok	40	95524626	21958237	28.5	70447727	80705696	12289617	917084	16	0	4	1	True	HG00350#2#JBIREM010000055.1	1	chain_both_flanks	HG00350#2#JBIREM010000001.1	224744809-225061893	HG00350#2#JBIREM010000001.1:224586484-224744809(+,158218bp)	HG00350#2#JBIREM010000001.1:225061893-225261555(+,199570bp)	1 unplaced contig(s) without CenSat rDNA label added by tile screen (1 screened, 107809 bp)
HG01167_hap2_hprc_r2_v1.0.1	ok	26	84894702	20144497	0.5	82776917	81355465	1115012	811997	15	0	2	0	False		0	chain_both_flanks	HG01167#2#CM094538.1	228847727-229059724	HG01167#2#CM094538.1:228689404-228847727(+,158206bp)	HG01167#2#CM094538.1:229059724-229259336(+,199583bp)	
HG03369_hap2_hprc_r2_v1.0.1	ok	42	89003084	20122851	26.2	88157257	79622713	7012090	756063	13	1	7	0	True	HG03369#2#JBIREC010000029.1	1	chain_both_flanks	HG03369#2#JBIREC010000035.1	82653865-82809928	HG03369#2#JBIREC010000035.1:82495581-82653865(+,158219bp)	HG03369#2#JBIREC010000035.1:82809928-83009960(+,199339bp)	1 unplaced contig(s) without CenSat rDNA label added by tile screen (1 screened, 89764 bp)
HG03521_hap2_hprc_r2_v1.0.1	ok	41	87682493	19835057	40.7	83794382	76846394	7288190	944479	19	2	9	0	True	HG03521#2#JBIREG010000024.1,HG03521#2#JBIREG010000072.1	2	chain_both_flanks	HG03521#2#JBIREG010000050.1	234154322-234498801	HG03521#2#JBIREG010000050.1:233996019-234154322(+,158138bp)	HG03521#2#JBIREG010000050.1:234498801-234698477(+,199555bp)	2 unplaced contig(s) without CenSat rDNA label added by tile screen (3 screened, 3911892 bp)
HG03784_hap2_hprc_r2_v1.0.1	ok	45	103041034	24792921	30.5	76100131	92402254	8193401	833150	21	2	8	1	True	HG03784#2#JBIRDM010000032.1	1	chain_both_flanks	HG03784#2#JBIRDM010000008.1	224240629-224473779	HG03784#2#JBIRDM010000008.1:224097233-224240629(+,138752bp)	HG03784#2#JBIRDM010000008.1:224473779-224673404(+,199589bp)	1 unplaced contig(s) without CenSat rDNA label added by tile screen (1 screened, 120277 bp)
NA18565_hap2_hprc_r2_v1.0.1	ok	30	91272921	21487688	47.3	70815058	83355150	5621781	683762	15	2	5	0	True	NA18565#2#JBIRDY010000058.1	1	chain_both_flanks	NA18565#2#CM094338.1	223424039-223507801	NA18565#2#CM094338.1:223267323-223424039(+,156682bp)	NA18565#2#CM094338.1:223507801-223707488(+,199619bp)	1 unplaced contig(s) without CenSat rDNA label added by tile screen (2 screened, 1404105 bp)
NA19682_hap2_hprc_r2_v1.0.1	ok	36	86472235	19617905	28.5	85231220	78536236	5540763	783008	15	1	7	0	True	NA19682#2#JBIRDK010000026.1,NA19682#2#JBIRDK010000065.1	2	chain_both_flanks	NA19682#2#JBIRDK010000005.1	86974454-87157462	NA19682#2#JBIRDK010000005.1:86816190-86974454(+,158188bp)	NA19682#2#JBIRDK010000005.1:87157462-87357879(+,199493bp)	2 unplaced contig(s) without CenSat rDNA label added by tile screen (2 screened, 309898 bp)
NA19776_hap2_hprc_r2_v1.0.1	ok	34	82592904	19280807	2.7	81602256	78066227	2165002	749447	15	1	4	1	False		0	chain_both_flanks	NA19776#2#CM094044.1	225960618-226110065	NA19776#2#CM094044.1:225802353-225960618(+,158168bp)	NA19776#2#CM094044.1:226110065-226309673(+,199550bp)	
NA19835_hap2_hprc_r2_v1.0.1	ok	43	88580031	18613757	24.6	85008538	76332950	10241447	796466	17	0	5	0	True	NA19835#2#JBIRDA010000021.1,NA19835#2#JBIRDA010000061.1	2	chain_both_flanks	NA19835#2#CM094032.1	219873853-220070319	NA19835#2#CM094032.1:219715599-219873853(+,158141bp)	NA19835#2#CM094032.1:220070319-220270260(+,199500bp)	2 unplaced contig(s) without CenSat rDNA label added by tile screen (2 screened, 492388 bp)
NA19909_hap2_hprc_r2_v1.0.1	ok	36	90035295	20086242	0.7	75992892	79509423	8336909	979816	16	2	4	0	False		0	chain_both_flanks	NA19909#2#CM094132.1	222252108-222631924	NA19909#2#CM094132.1:222093741-222252108(+,158357bp)	NA19909#2#CM094132.1:222631924-222831625(+,199616bp)	
NA20282_hap2_hprc_r2_v1.0.1	ok	25	82742370	18789521	4.6	81537399	75058397	5224034	847720	11	1	3	1	False		0	chain_both_flanks	NA20282#2#JBIRDU010000005.1	94995480-95243200	NA20282#2#JBIRDU010000005.1:94837120-94995480(+,158360bp)	NA20282#2#JBIRDU010000005.1:95243200-95442896(+,199614bp)	
NA20346_hap2_hprc_r2_v1.0.1	ok	57	87275485	20867118	32.5	62174975	80456337	4520058	686864	21	1	10	0	True	NA20346#2#JBIRDS010000076.1	1	chain_both_flanks	NA20346#2#CM094259.1	229443150-229530014	NA20346#2#CM094259.1:229284917-229443150(+,158146bp)	NA20346#2#CM094259.1:229530014-229730048(+,199529bp)	1 unplaced contig(s) without CenSat rDNA label added by tile screen (7 screened, 3307904 bp)
NA20809_hap2_hprc_r2_v1.0.1	ok	45	91446801	22435805	7.3	62005794	82770279	6225534	838769	24	2	5	0	False		0	chain_both_flanks	NA20809#2#JBIREA010000057.1	79005719-79244488	NA20809#2#JBIREA010000057.1:78847382-79005719(+,158311bp)	NA20809#2#JBIREA010000057.1:79244488-79444883(+,199534bp)	
NA20850_hap2_hprc_r2_v1.0.1	ok	34	70314480	15917823	27.1	69455233	60815461	7145011	741780	8	0	0	0	True	NA20850#2#JBIRDW010000018.1	1	chain_both_flanks	NA20850#2#CM094302.1	224825264-224967044	NA20850#2#CM094302.1:224668536-224825264(+,156657bp)	NA20850#2#CM094302.1:224967044-225166698(+,199616bp)	1 unplaced contig(s) without CenSat rDNA label added by tile screen (2 screened, 115593 bp)
NA21102_hap2_hprc_r2_v1.0.1	ok	32	81416043	19372972	0.5	68161446	70167950	8761359	874506	11	0	1	0	False		0	chain_both_flanks	NA21102#2#JBIREI010000035.1	228623664-228898170	NA21102#2#JBIREI010000035.1:228465348-228623664(+,158211bp)	NA21102#2#JBIREI010000035.1:228898170-229098583(+,199510bp)	
NA21144_hap2_hprc_r2_v1.0.1	ok	37	89462567	21567667	18.4	76252443	80981994	6067602	800744	14	4	3	0	True	NA21144#2#JBIRDG010000024.1,NA21144#2#JBIRDG010000025.1,NA21144#2#JBIRDG010000044.1	3	chain_both_flanks	NA21144#2#CM094106.1	227249710-227450454	NA21144#2#CM094106.1:227091250-227249710(+,158233bp)	NA21144#2#CM094106.1:227450454-227650099(+,199608bp)	3 unplaced contig(s) without CenSat rDNA label added by tile screen (4 screened, 354411 bp)
HG00735_mat_hprc_r2_v1.0.1	ok	26	71629096	17666973	27.9	54640501	60662954	8991844	765130	12	3	1	1	True	HG00735#2#JAHBCG030000025.1	1	chain_both_flanks	HG00735#2#JAHBCG030000012.1	98714653-98879783	HG00735#2#JAHBCG030000012.1:98556296-98714653(+,158273bp)	HG00735#2#JAHBCG030000012.1:98879783-99080253(+,199489bp)	1 unplaced contig(s) without CenSat rDNA label added by tile screen (12 screened, 11254402 bp)
HG02155_hap2_hprc_r2_v1.0.1	ok	41	94932085	22542356	41.0	68598911	80006369	12544064	769424	22	0	8	0	True	HG02155#2#JBIECC010000022.1,HG02155#2#JBIECC010000024.1	2	chain_both_flanks	HG02155#2#JBIECC010000004.1	88347020-88516444	HG02155#2#JBIECC010000004.1:88188791-88347020(+,158151bp)	HG02155#2#JBIECC010000004.1:88516444-88716059(+,199520bp)	2 unplaced contig(s) without CenSat rDNA label added by tile screen (3 screened, 3417759 bp)
HG02630_mat_hprc_r2_v1.0.1	ok	51	105179746	26664074	8.8	80312198	91767112	11414025	789452	17	0	1	1	False		0	chain_both_flanks	HG02630#2#JAHAOP020000002.1	86503715-86693167	HG02630#2#JAHAOP020000002.1:86345409-86503715(+,158226bp)	HG02630#2#JAHAOP020000002.1:86693167-86893506(+,199447bp)	
HG03139_hap2_hprc_r2_v1.0.1	ok	32	71334971	15531570	22.9	69844814	67770915	1047412	904416	15	1	5	2	True	HG03139#2#JBIEBY010000021.1,HG03139#2#JBIEBY010000059.1,HG03139#2#JBIEBY010000063.1	3	chain_flanks_split_contigs			HG03139#2#JBIEBY010000001.1:225138271-225296504(+,158137bp)	HG03139#2#JBIEBY010000044.1:157805-357862(+,199371bp)	3 unplaced contig(s) without CenSat rDNA label added by tile screen (3 screened, 217095 bp); 5S lift partial: chain_flanks_split_contigs
HG03470_hap2_hprc_r2_v1.0.1	ok	43	96271009	21264573	27.0	79542935	90519991	3188539	950252	21	0	8	0	True	HG03470#2#JBICSG010000019.1,HG03470#2#JBICSG010000034.1,HG03470#2#JBICSG010000066.1	3	chain_both_flanks	HG03470#2#CM091866.1	227506373-227856625	HG03470#2#CM091866.1:227348159-227506373(+,158143bp)	HG03470#2#CM091866.1:227856625-228056659(+,199549bp)	3 unplaced contig(s) without CenSat rDNA label added by tile screen (3 screened, 414714 bp)
HG03579_mat_hprc_r2_v1.0.1	ok	51	86516495	18221557	0.8	84497177	78304489	5829998	769780	28	1	11	0	False		0	chain_both_flanks	HG03579#2#JAGYVT020000010.1	87079712-87249492	HG03579#2#JAGYVT020000010.1:86921337-87079712(+,158251bp)	HG03579#2#JAGYVT020000010.1:87249492-87449863(+,199502bp)	
NA20805_hap2_hprc_r2_v1.0.1	ok	38	85586826	20653733	2.8	72459488	75510558	8098118	768982	16	1	4	1	False		0	chain_both_flanks	NA20805#2#JBIECA010000044.1	227970312-228139294	NA20805#2#JBIECA010000044.1:227811961-227970312(+,158234bp)	NA20805#2#JBIECA010000044.1:228139294-228338935(+,199565bp)	
NA18940_hap1_hprc_r2_v1.0.1	ok	11	65471697	14796267	0.9	52762768	62747491	0	708929	5	0	0	0	False		0	chain_both_flanks	NA18940#1#CM101701.1	224625065-224733994	NA18940#1#CM101701.1:224466740-224625065(+,158216bp)	NA18940#1#CM101701.1:224733994-224933647(+,199547bp)	
NA18943_hap1_hprc_r2_v1.0.1	ok	25	68985466	15559384	31.6	67875628	64163825	1801628	724536	12	1	2	1	True	NA18943#1#JBKACI010000041.1,NA18943#1#JBKACI010000048.1	2	chain_both_flanks	NA18943#1#JBKACI010000001.1	226395119-226519655	NA18943#1#JBKACI010000001.1:226236778-226395119(+,158222bp)	NA18943#1#JBKACI010000001.1:226519655-226719361(+,199586bp)	2 unplaced contig(s) without CenSat rDNA label added by tile screen (3 screened, 293963 bp)
NA18944_hap1_hprc_r2_v1.0.1	ok	25	76526778	17166296	24.7	74708810	71468191	2253413	789897	13	0	5	2	True	NA18944#1#JBKACG010000041.1,NA18944#1#JBKACG010000043.1,NA18944#1#JBKACG010000054.1	3	chain_both_flanks	NA18944#1#CM101641.1	237658601-237848498	NA18944#1#CM101641.1:237500286-237658601(+,158200bp)	NA18944#1#CM101641.1:237848498-238048478(+,199553bp)	3 unplaced contig(s) without CenSat rDNA label added by tile screen (4 screened, 1110743 bp)
NA18945_hap1_hprc_r2_v1.0.1	ok	21	69379725	14905488	31.4	67904663	65842740	791775	729933	10	0	3	0	True	NA18945#1#JBKACE010000034.1	1	chain_both_flanks	NA18945#1#CM101611.1	237005162-237135095	NA18945#1#CM101611.1:236847424-237005162(+,157641bp)	NA18945#1#CM101611.1:237135095-237334748(+,199562bp)	1 unplaced contig(s) without CenSat rDNA label added by tile screen (2 screened, 234397 bp)
NA18948_hap1_hprc_r2_v1.0.1	ok	22	68430699	15885552	2.2	67663715	63876104	1772334	766984	8	0	1	1	False		0	chain_both_flanks	NA18948#1#CM101596.1	231764136-231931120	NA18948#1#CM101596.1:231605856-231764136(+,158209bp)	NA18948#1#CM101596.1:231931120-232130792(+,199620bp)	
NA18959_hap1_hprc_r2_v1.0.1	ok	25	77362025	18271265	24.9	63672530	69922522	5073438	753869	13	1	3	0	True	NA18959#1#JBKACA010000027.1	1	chain_both_flanks	NA18959#1#CM101543.1	231202470-231356339	NA18959#1#CM101543.1:231044192-231202470(+,158194bp)	NA18959#1#CM101543.1:231356339-231555968(+,199577bp)	1 unplaced contig(s) without CenSat rDNA label added by tile screen (3 screened, 2318832 bp)
NA18960_hap1_hprc_r2_v1.0.1	ok	28	73385839	15540129	16.2	72072478	69325673	1331198	713691	15	1	1	0	True	NA18960#1#JBKABY010000040.1	1	chain_both_flanks	NA18960#1#CM101526.1	227472153-227585844	NA18960#1#CM101526.1:227313899-227472153(+,158175bp)	NA18960#1#CM101526.1:227585844-227785914(+,199542bp)	1 unplaced contig(s) without CenSat rDNA label added by tile screen (4 screened, 1110748 bp)
NA18967_hap1_hprc_r2_v1.0.1	ok	26	83694771	17709966	7.5	62178097	75929195	4998817	751482	14	3	1	0	False		0	chain_both_flanks	NA18967#1#JBKABW010000001.1	226231622-226383104	NA18967#1#JBKABW010000001.1:226073319-226231622(+,158207bp)	NA18967#1#JBKABW010000001.1:226383104-226582725(+,199578bp)	
NA18970_hap1_hprc_r2_v1.0.1	ok	19	65646424	14334799	23.7	64122123	61345293	1522918	762936	9	5	1	0	True	NA18970#1#JBKABU010000031.1	1	chain_both_flanks	NA18970#1#CM101465.1	224235245-224398181	NA18970#1#CM101465.1:224076907-224235245(+,158265bp)	NA18970#1#CM101465.1:224398181-224598137(+,199602bp)	1 unplaced contig(s) without CenSat rDNA label added by tile screen (1 screened, 451715 bp)
NA18982_hap1_hprc_r2_v1.0.1	ok	30	72958449	15669726	1.1	72025292	62234543	7954902	753727	15	0	4	0	False		0	chain_both_flanks	NA18982#1#JBKABS010000001.1	233057357-233211084	NA18982#1#JBKABS010000001.1:232899021-233057357(+,158236bp)	NA18982#1#JBKABS010000001.1:233211084-233410720(+,199583bp)	
NA18940_hap2_hprc_r2_v1.0.1	ok	12	77789328	17774863	1.6	64825686	74865652	0	883244	6	0	0	0	False		0	chain_both_flanks	NA18940#2#CM101714.1	224560308-224843552	NA18940#2#CM101714.1:224402021-224560308(+,158231bp)	NA18940#2#CM101714.1:224843552-225043569(+,199540bp)	
NA18943_hap2_hprc_r2_v1.0.1	ok	17	74851610	16218583	19.5	74006419	69027589	3428844	782949	7	0	1	0	True	NA18943#2#JBKACJ010000035.1	1	chain_both_flanks	NA18943#2#CM101685.1	226974312-227157261	NA18943#2#CM101685.1:226816037-226974312(+,158229bp)	NA18943#2#CM101685.1:227157261-227356973(+,199316bp)	1 unplaced contig(s) without CenSat rDNA label added by tile screen (1 screened, 62242 bp)
NA18944_hap2_hprc_r2_v1.0.1	ok	38	75452694	16877077	20.5	73830745	70758213	2292461	789792	15	1	5	1	True	NA18944#2#JBKACH010000034.1	1	chain_both_flanks	NA18944#2#CM101671.1	228603911-228793703	NA18944#2#CM101671.1:228445624-228603911(+,158183bp)	NA18944#2#CM101671.1:228793703-228993336(+,199584bp)	1 unplaced contig(s) without CenSat rDNA label added by tile screen (1 screened, 217480 bp)
NA18945_hap2_hprc_r2_v1.0.1	ok	21	66761038	14686917	4.1	65077178	63687047	676664	785099	11	4	1	0	False		0	chain_both_flanks	NA18945#2#CM101626.1	228743318-228928417	NA18945#2#CM101626.1:228584994-228743318(+,158213bp)	NA18945#2#CM101626.1:228928417-229128712(+,199440bp)	
NA18948_hap2_hprc_r2_v1.0.1	ok	28	75488676	16243738	28.3	74174175	71032667	1648051	769307	11	1	4	1	True	NA18948#2#JBKACD010000051.1,NA18948#2#JBKACD010000054.1	2	chain_both_flanks	NA18948#2#JBKACD010000001.1	232678115-232847422	NA18948#2#JBKACD010000001.1:232519821-232678115(+,158203bp)	NA18948#2#JBKACD010000001.1:232847422-233047753(+,199440bp)	2 unplaced contig(s) without CenSat rDNA label added by tile screen (4 screened, 605703 bp)
NA18959_hap2_hprc_r2_v1.0.1	ok	37	84311356	19538384	24.0	83234762	78873789	1532679	765172	15	0	3	0	True	NA18959#2#JBKACB010000029.1	1	chain_both_flanks	NA18959#2#JBKACB010000001.1	237004312-237169484	NA18959#2#JBKACB010000001.1:236845969-237004312(+,158269bp)	NA18959#2#JBKACB010000001.1:237169484-237369168(+,199367bp)	1 unplaced contig(s) without CenSat rDNA label added by tile screen (2 screened, 1552916 bp)
NA18960_hap2_hprc_r2_v1.0.1	ok	40	81976159	18923573	3.8	80653421	72026172	7238231	809834	13	0	3	1	False		0	chain_both_flanks	NA18960#2#JBKABZ010000001.1	220145145-220354979	NA18960#2#JBKABZ010000001.1:219986839-220145145(+,158207bp)	NA18960#2#JBKABZ010000001.1:220354979-220554616(+,199567bp)	
NA18967_hap2_hprc_r2_v1.0.1	ok	36	72530619	16976892	21.9	58454771	67082804	2224045	811904	15	3	3	0	True	NA18967#2#JBKABX010000050.1,NA18967#2#JBKABX010000053.1,NA18967#2#JBKABX010000059.1	3	chain_both_flanks	NA18967#2#CM101510.1	223137736-223349640	NA18967#2#CM101510.1:222979409-223137736(+,158227bp)	NA18967#2#CM101510.1:223349640-223549943(+,199476bp)	3 unplaced contig(s) without CenSat rDNA label added by tile screen (6 screened, 564435 bp)
NA18970_hap2_hprc_r2_v1.0.1	ok	22	75177245	16694865	0.6	74227512	68900373	3861328	803316	11	1	2	0	False		0	chain_both_flanks	NA18970#2#CM101479.1	226410453-226613769	NA18970#2#CM101479.1:226252116-226410453(+,158242bp)	NA18970#2#CM101479.1:226613769-226813413(+,199580bp)	
NA18982_hap2_hprc_r2_v1.0.1	ok	40	71400093	16869543	0.8	70488061	65630897	2993150	735764	18	4	4	0	False		0	chain_both_flanks	NA18982#2#JBKABT010000001.1	230711906-230847670	NA18982#2#JBKABT010000001.1:230553604-230711906(+,158220bp)	NA18982#2#JBKABT010000001.1:230847670-231047600(+,199573bp)	
NA20503_hap1_hprc_r2_v1.0.1	ok	14	63294745	14046086	3.9	62156522	60823258	472553	789771	9	0	0	0	False		0	chain_both_flanks	NA20503#1#CM102455.1	226014378-226204149	NA20503#1#CM102455.1:225856101-226014378(+,158157bp)	NA20503#1#CM102455.1:226204149-226403749(+,199495bp)	
NA20762_hap1_hprc_r2_v1.0.1	ok	12	71255898	15785561	0.6	70270650	65383504	2871869	985248	5	1	0	0	False		0	chain_both_flanks	NA20762#1#CM102509.1	230725312-231110560	NA20762#1#CM102509.1:230566992-230725312(+,158220bp)	NA20762#1#CM102509.1:231110560-231310002(+,198922bp)	
NA20806_hap1_hprc_r2_v1.0.1	ok	11	62797945	14219805	4.3	62039875	60024598	0	758070	5	0	0	0	False		0	chain_both_flanks	NA20806#1#CM102437.1	219961418-220119488	NA20806#1#CM102437.1:219803154-219961418(+,158198bp)	NA20806#1#CM102437.1:220119488-220319407(+,199488bp)	
NA20827_hap1_hprc_r2_v1.0.1	ok	14	63305887	13380721	0.6	62015277	60489857	0	800753	8	1	0	0	False		0	chain_both_flanks	NA20827#1#CM102539.1	232646001-232846754	NA20827#1#CM102539.1:232487665-232646001(+,158328bp)	NA20827#1#CM102539.1:232846754-233047119(+,199478bp)	
NA20503_hap2_hprc_r2_v1.0.1	ok	16	63046121	14925290	4.0	62242341	60000000	1033173	803780	5	2	0	0	False		0	chain_both_flanks	NA20503#2#CM102472.1	231332438-231536218	NA20503#2#CM102472.1:231174115-231332438(+,158232bp)	NA20503#2#CM102472.1:231536218-231736164(+,199508bp)	
NA20762_hap2_hprc_r2_v1.0.1	ok	9	67817317	14778638	0.5	67103917	65894749	0	713400	5	0	0	0	False		0	chain_both_flanks	NA20762#2#CM102524.1	228980926-229094326	NA20762#2#CM102524.1:228823743-228980926(+,157008bp)	NA20762#2#CM102524.1:229094326-229293920(+,199555bp)	
NA20806_hap2_hprc_r2_v1.0.1	ok	13	77099105	16597745	1.0	76295051	74682823	0	804054	8	1	3	0	False		0	chain_both_flanks	NA20806#2#CM102491.1	234785367-234989421	NA20806#2#CM102491.1:234627048-234785367(+,158215bp)	NA20806#2#CM102491.1:234989421-235189753(+,199489bp)	
NA20827_hap2_hprc_r2_v1.0.1	ok	13	64538370	13377515	2.4	63228685	61514472	0	988080	7	0	0	0	False		0	chain_both_flanks	NA20827#2#CM102559.1	227968688-228356768	NA20827#2#CM102559.1:227810350-227968688(+,158237bp)	NA20827#2#CM102559.1:228356768-228557157(+,199532bp)	
HG06807_pat_v1	ok	6	60830000	84213889	59.7	0	60000000	0	830000	5	0	0	0	False		0	tile_scan_chr1	HG06807#1#CM101395.1	227205000-227435000			5S located by tile scan of 1 chr1 contigs (no usable chain)
HG06807_mat_v1	ok	6	60800000	84418615	73.0	0	60000000	0	800000	5	0	0	0	False		0	tile_scan_chr1	HG06807#2#CM101429.1	226525000-226725000			no CenSat: 1 unassigned contigs (16567 bp) tile-scanned, 0 with 45S tiles; 5S located by tile scan of 1 chr1 contigs (no usable chain)
hg002v1.1.pat	ok	11	67596804	11888680	0.8	66840720	64825452	0	756084	5	0	0	0	False		0	chain_both_flanks	HG002#1#chr1	231550626-231706710	HG002#1#chr1:231392278-231550626(+,158299bp)	HG002#1#chr1:231706710-231907063(+,199494bp)	
hg002v1.1.mat_MT	ok	10	78212500	10480556	0.8	77378237	75766009	0	834263	5	0	0	0	False		0	chain_both_flanks	HG002#2#chr1	223390360-223624623	HG002#2#chr1:223232045-223390360(+,158210bp)	HG002#2#chr1:223624623-223824293(+,199636bp)	
GCA_000001405.15_GRCh38_no_alt_analysis_set	ok	25	101363783	8075442	4.2	0	100551981	161802	650000	23	0	0	0	False		0	identity (GRCh38)	GRCh38#0#chr1	228600000-228650000			no CenSat: 127 unassigned contigs (4485509 bp) tile-scanned, 1 with 45S tiles
chm13v2.0_maskedY_rCRS	ok	6	60880000	89881858	71.5	60000000	60000000	0	880000	5	0	0	0	False		0	tile_scan_chr1	CHM13#0#chr1	227745000-228025000			5S located by tile scan of 1 chr1 contigs (no usable chain)
