sample	mode	engine	depth	read_length	insert_median	gc_L	ctrl_dup_frac	gc_rel_35	gc_rel_65	gc_curve_max_se	ctrl_region_sd	flagged_chromosomes	truth.auto	chrEBV.copies	chrM.copies	truth.chrX	truth.chrY	eof_marker	rDNA45S.cn_single	rDNA45S.cn_anchor	rDNA45S.cn_all	rDNA45S.cn_median	rDNA45S.window_log_sd	rDNA45S.cn_all_flat	rDNA45S.dup_flag_frac	rDNA45S.5ETS	rDNA45S.5ETS.flat	rDNA45S.18S	rDNA45S.18S.flat	rDNA45S.ITS1	rDNA45S.ITS1.flat	rDNA45S.5.8S	rDNA45S.5.8S.flat	rDNA45S.ITS2	rDNA45S.ITS2.flat	rDNA45S.28S	rDNA45S.28S.flat	rDNA45S.3ETS	rDNA45S.3ETS.flat	rDNA45S.IGS	rDNA45S.IGS.flat	rDNA5S.cn_single	rDNA5S.cn_anchor	rDNA5S.cn_all	rDNA5S.cn_median	rDNA5S.window_log_sd	rDNA5S.cn_all_flat	rDNA5S.dup_flag_frac	rDNA5S.5S	rDNA5S.5S.flat	rDNA5S.Alu	rDNA5S.Alu.flat	DJ.cn_single	DJ.cn_anchor	DJ.cn_all	DJ.cn_median	DJ.window_log_sd	DJ.cn_all_flat	DJ.dup_flag_frac	HSat1A.mass_Mb	HSat1B.mass_Mb	HSat2.mass_Mb	HSat3.mass_Mb	bSat.mass_Mb	aSatHOR.mass_Mb	SATR.mass_Mb	ACRO.mass_Mb	SST1.mass_Mb	CER.mass_Mb	TEL.mass_Mb	rDNA45S.cn	rDNA45S.cn_se_rel	rDNA45S.profile_sd	rDNA45S.profilePC1	rDNA45S.profilePC2	rDNA45S.profilePC3	rDNA5S.cn	rDNA5S.cn_se_rel	rDNA5S.profile_sd	rDNA5S.profilePC1	rDNA5S.profilePC2	rDNA5S.profilePC3	DJ.cn	DJ.cn_se_rel	DJ.profile_sd	DJ.profilePC1	DJ.profilePC2	DJ.profilePC3	ctrlPC_mp	ctrlPC1	ctrlPC2	ctrlPC3	ctrlPC4	ctrlPC5	ctrlPC6	ctrlPC7	ctrlPC8	ctrlPC9	ctrlPC10	ctrlPC11	ctrlPC12	ctrlPC13	ctrlPC14	ctrlPC15	ctrlPC16	ctrlPC17	ctrlPC18	ctrlPC19	ctrlPC20	ctrlPC21	ctrlPC22	ctrlPC23	ctrlPC24	ctrlPC25	ctrlPC26	ctrlPC27	ctrlPC28	ctrlPC29	ctrlPC30	ctrlPC31	ctrlPC32	elapsed_sec	primary	records	placement_bin	input	panel_sha256	controls_sha256	sinks_sha256	n_classes	capture.DJ	capture.TEL	capture.rDNA45S	capture.rDNA5S	flat.chr1	flat.chrX	flat.chrY	flat.chrM	flat.chrEBV	mode_used	sex	pop	superpop	sex_inferred	fetch_ratio.rDNA45S	fetch_ratio.rDNA5S	fetch_ratio.DJ	fetch_ratio.TEL	DJ.step	rDNA45S.18S.flat_over_cn	rDNA45S.18S_over_cn	rDNA45S.cn.adj	rDNA45S.cn_single.adj	rDNA45S.18S.flat.adj	rDNA5S.cn.adj	DJ.cn.adj	truth.auto.adj	chrM.copies.adj	chrEBV.copies.adj	rDNA45S.cn.adj_ngspca	rDNA45S.cn_single.adj_ngspca	rDNA45S.18S.flat.adj_ngspca	rDNA5S.cn.adj_ngspca	DJ.cn.adj_ngspca	truth.auto.adj_ngspca	chrM.copies.adj_ngspca	chrEBV.copies.adj_ngspca	ngspca.MTDNA_CN	ngspca.chrX	ngspca.chrY	ngspca.depth	ngspca.sex	ngspca.batch	flags
HG00096	scan	0.1.0+fae1124	38.827	150	424	400	0.0974	0.9654	1.3032	0.0644	0.0398		2.0034	14.5352	867.4046	0.9816	0.9679	present	417.09	417.09	397.93	400.79	0.1833	449.06	0.0541	385.83	509.18	433.67	502.33	304.43	384.68	384.63	515.26	319.09	419.88	334.46	429.82	290.53	378.14	414.49	444.91	155.808	NA	155.81	153.09	0.0805	204.26	0.0315	137.0	179.1	133.84	176.4	9.849	9.85	9.9	9.9	0.1096	9.8	0.0586	13.4785	12.8811	45.8835	68.0848	11.5376	145.1222	0.2451	2.4979	0.6627	0.8327	0.2108	420.18	0.00253	0.0261	-0.14776	0.13976	0.114	154.18	0.00662	0.0159	0.01339	0.00726	-0.00953	9.73	0.00275	0.0753	0.2313	0.08458	0.14188	16	-0.1377	-0.04584	0.0297	-0.16896	0.06003	-0.03372	0.15029	-0.19227	0.0404	-0.09277	0.06476	-0.11035	0.03879	-0.01906	0.04991	-0.01939	-0.00261	0.00862	-0.01906	0.02794	-0.02926	0.00984	-0.08337	0.06373	-0.04755	0.04943	-0.06302	0.01316	0.10415	-0.0051	-0.05248	0.08943	459.5	768049130	779820469	1000	/scratch.global/lanej/1000G/ngs_dose/1000G_highcov/crams/HG00096.cram	9ab0a0e8,a23ef9ed,7f3b4c3c	184ab16e		14	0.997721	0.998309	0.999515	0.999798	2.031	0.983	0.807	853.406	16.645	scan	M	GBR	EUR	M	0.999662	0.999859	0.997868	NA	0.07	1.1955	1.0321	453.1592	451.7905	535.9386	156.6039	9.824	2.0052	794.8955	30.4171	423.3039	422.9018	487.2514	160.3725	9.7634	2.0061	810.2409	33.3121	800.3757	1.0088	0.8102	33.7659	M	2504	
HG00097	scan	0.1.0+fae1124	37.597	150	434	450	0.1114	0.9668	1.2533	0.0647	0.0493		1.9982	23.6957	981.7812	1.9205	0.0024	present	569.153	569.15	542.59	550.18	0.2024	590.14	0.0587	534.74	610.85	566.31	639.6	432.44	491.58	488.13	570.2	426.7	490.15	442.72	528.62	400.22	454.61	563.72	598.86	165.121	NA	165.12	163.89	0.0839	202.4	0.0331	144.75	178.42	136.59	168.35	9.696	9.7	9.85	9.86	0.1137	9.79	0.0658	15.8891	1.3726	45.4432	52.6573	12.2388	154.8394	0.2453	3.2289	0.5068	0.8853	0.3114	568.95	0.00208	0.0214	0.46418	0.41243	-0.04956	164.28	0.00405	0.0097	-0.0217	-0.02789	-0.00264	9.64	0.00254	0.0696	-0.35528	-0.29717	-0.24571	16	0.13779	0.1441	0.21188	0.07063	0.0909	-0.12967	-0.02805	-0.0081	-0.05063	-0.05714	-0.03968	-0.03351	-0.03795	-0.08937	0.02288	0.03014	-0.02246	0.05877	0.01347	0.06261	-0.01067	-0.04902	-0.07806	0.06597	0.00463	0.07871	0.03865	0.03712	-0.06887	-0.04899	0.01284	0.0538	413.18	761395118	771760035	1000	/scratch.global/lanej/1000G/ngs_dose/1000G_highcov/crams/HG00097.cram	9ab0a0e8,a23ef9ed,7f3b4c3c	184ab16e		14	0.99762	0.998438	0.999482	0.999736	2.048	1.875	0.137	979.6	26.414	scan	F	GBR	EUR	F	0.99967	0.999782	0.997731	NA	-0.02	1.1242	0.9954	548.6505	548.1724	615.8624	166.1256	9.6992	1.9988	1027.2788	36.3473	556.148	554.9767	629.0659	170.997	9.6731	2.0011	1008.81	23.6153	904.8153	1.9142	0.1152	32.4631	F	2504	
HG00099	scan	0.1.0+fae1124	42.478	150	432	450	0.0845	0.9668	1.2455	0.0652	0.0565		1.9898	8.6067	669.6943	1.9433	0.0027	present	544.873	544.87	531.12	540.38	0.1626	590.97	0.055	527.48	680.57	557.45	633.98	444.56	566.84	575.68	755.59	425.83	549.79	453.43	567.34	383.68	491.34	548.17	582.39	151.103	NA	151.1	149.57	0.0814	191.07	0.0253	140.13	177.13	130.67	167.27	9.385	9.39	9.56	9.65	0.1315	9.48	0.0481	19.6554	2.2289	43.9517	58.6296	10.4433	147.5458	0.2458	2.25	0.4751	0.7589	0.4983	550.63	0.00313	0.0323	0.43595	-0.46704	0.09882	150.38	0.00516	0.0123	0.00179	0.00951	-0.01709	9.46	0.00265	0.0726	-1.66691	-1.16799	0.05814	16	0.34448	0.03918	0.03768	-0.01422	-0.04603	0.03178	0.0655	0.04145	-0.02372	-0.09866	-0.01652	0.01407	-0.0184	-0.10653	-0.00968	-0.10416	0.03808	-0.03024	-0.05313	-0.03485	-0.09555	0.01639	0.07712	-0.07553	-0.04983	-0.05224	0.04673	0.09917	0.08333	0.09431	-0.01617	0.00668	491.67	857630162	870674943	1000	/scratch.global/lanej/1000G/ngs_dose/1000G_highcov/crams/HG00099.cram	9ab0a0e8,a23ef9ed,7f3b4c3c	184ab16e		14	0.997895	0.998994	0.999706	0.999901	2.036	1.875	0.137	663.558	9.738	scan	F	GBR	EUR	F	0.99976	0.999901	0.998082	NA	-0.2	1.1514	1.0124	537.8492	533.2711	613.1147	154.0944	9.5082	1.9929	739.5524	11.1482	561.1022	558.1195	640.5148	150.0349	9.5028	1.992	767.1375	11.9119	621.7722	1.921	0.114	37.513	F	2504	
HG00100	scan	0.1.0+fae1124	35.299	150	423	400	0.0856	0.9744	1.206	0.0555	0.0421		1.9946	22.0529	675.0613	1.9428	0.0026	present	361.869	361.87	355.21	357.58	0.1877	387.4	0.0505	354.11	434.92	386.51	428.48	300.14	350.75	381.19	479.16	293.43	361.84	311.53	375.32	284.92	342.39	363.99	382.78	180.896	NA	180.9	177.87	0.0712	222.55	0.0283	159.46	193.6	158.37	196.53	9.726	9.73	9.82	9.81	0.1087	9.74	0.0512	15.422	1.9471	33.2072	59.4245	10.8416	153.9603	0.2481	3.4555	0.736	0.8574	0.2091	368.58	0.00298	0.0307	-0.71467	-0.48516	-0.43783	180.55	0.01261	0.0302	-0.03831	0.01857	-0.03085	9.65	0.0025	0.0685	0.37629	0.26794	0.53617	16	-0.1275	-0.07797	-0.06614	-0.1414	-0.02147	-0.02391	0.04453	0.08648	-0.01743	-0.03836	-0.0522	0.04724	-0.02864	0.02646	0.03683	-0.00657	-0.00136	0.02214	0.07884	0.01009	-0.03344	-0.10303	0.05065	-0.04732	-0.01951	-0.10578	0.0052	-0.0164	-0.03081	-0.00393	0.04298	0.02288	420.29	710854366	721638771	1000	/scratch.global/lanej/1000G/ngs_dose/1000G_highcov/crams/HG00100.cram	9ab0a0e8,a23ef9ed,7f3b4c3c	184ab16e		14	0.997818	0.998919	0.99967	0.999966	2.012	1.893	0.139	659.98	24.622	scan	F	GBR	EUR	F	0.999749	0.999978	0.998046	NA	-0.01	1.1625	1.0486	354.0106	347.8047	412.0149	180.7441	9.6701	1.9942	691.4833	23.2424	387.2816	383.5825	451.8895	169.9458	9.701	1.9939	715.2695	29.1401	624.8568	1.9422	0.1176	31.1091	F	2504	
HG00101	scan	0.1.0+fae1124	38.711	150	445	450	0.0994	0.9666	1.2448	0.0636	0.0415		1.9977	31.2988	718.5276	0.9901	0.9736	present	454.222	454.22	434.23	433.24	0.1916	477.58	0.0533	422.43	504.28	463.02	527.31	339.68	407.18	411.86	506.63	334.46	405.03	358.22	436.75	311.81	366.77	451.62	481.12	180.723	NA	180.72	175.46	0.0854	224.2	0.0274	159.72	196.22	159.34	199.74	9.668	9.67	9.71	9.74	0.1155	9.64	0.0559	16.1509	12.7515	44.6657	75.9423	12.5577	142.6849	0.2504	2.589	0.534	0.9069	0.3609	455.0	0.00261	0.0269	-0.02776	0.21849	0.11678	178.54	0.01077	0.0258	0.05008	0.01202	0.00107	9.56	0.00279	0.0765	0.55382	-1.05176	-0.72901	16	-0.1262	0.00606	0.05632	-0.06346	0.05543	-0.09757	0.10076	-0.17261	-0.02686	0.00194	-0.04416	-0.05168	0.0156	-0.08641	0.08103	0.03145	0.0486	-0.00762	-0.03441	-0.03183	-0.02636	0.06596	-0.01713	0.09116	-0.02659	-0.06864	-0.00593	0.03642	0.00733	0.02465	-0.00505	0.07475	415.63	770808970	782355344	1000	/scratch.global/lanej/1000G/ngs_dose/1000G_highcov/crams/HG00101.cram	9ab0a0e8,a23ef9ed,7f3b4c3c	184ab16e		14	0.997463	0.998687	0.999475	0.999877	2.012	0.985	0.834	717.289	35.721	scan	M	GBR	EUR	M	0.999628	0.999889	0.997311	NA	-0.1	1.1589	1.0176	470.5867	469.7128	543.1773	182.7174	9.6132	1.997	718.7778	54.8255	467.7985	465.3241	536.9184	190.3922	9.6111	1.9976	646.5268	43.684	677.4812	1.0054	0.8374	33.8207	M	2504	
HG00102	scan	0.1.0+fae1124	36.831	150	441	450	0.1071	0.9651	1.2157	0.0749	0.0397		2.0073	32.0533	842.0226	1.9663	0.003	present	446.872	446.87	433.47	437.39	0.1877	474.87	0.0538	414.91	495.73	439.03	495.87	348.42	415.61	442.17	536.39	328.61	394.68	357.25	427.77	313.46	371.94	452.49	480.96	137.84	NA	137.84	137.54	0.1028	166.98	0.0288	130.61	157.85	122.49	149.37	9.559	9.56	9.73	9.78	0.1303	9.68	0.0617	16.1699	1.2961	47.1212	60.8261	11.6388	136.1082	0.2477	3.5169	0.551	0.905	0.2265	443.73	0.00245	0.0252	1.03444	-0.28995	0.06331	137.76	0.01277	0.0306	0.07543	-0.03912	0.0212	9.57	0.00274	0.0753	-1.13082	-0.23388	0.2012	16	-0.09442	-0.06413	-0.04752	-0.0873	-0.09909	0.06787	0.10092	-0.00513	-0.02342	0.04534	-0.0092	-0.0092	-0.05349	-0.02707	0.01495	0.05258	0.12304	0.03714	0.0382	0.03123	-0.03266	0.01406	0.04178	-0.09724	0.03311	0.07291	-0.12435	0.00399	-0.01202	-0.05977	-0.06616	-0.02508	411.15	743537782	754401402	1000	/scratch.global/lanej/1000G/ngs_dose/1000G_highcov/crams/HG00102.cram	9ab0a0e8,a23ef9ed,7f3b4c3c	184ab16e		14	0.997888	0.998612	0.999688	0.999913	2.024	1.898	0.14	830.401	37.475	scan	F	GBR	EUR	F	0.99977	0.999956	0.997908	NA	-0.09	1.1175	0.9894	453.3053	455.9602	511.122	134.4533	9.6096	2.004	886.961	34.4573	481.7663	483.4578	545.7432	143.4508	9.5247	2.0045	836.1298	23.1778	776.3261	1.946	0.1188	31.8089	F	2504	
HG00103	scan	0.1.0+fae1124	37.334	150	415	400	0.1043	0.9602	1.2789	0.0613	0.0496		1.9899	52.6953	741.9364	0.99	0.9809	present	373.925	373.93	358.12	358.33	0.1906	402.59	0.0528	345.7	439.18	360.67	420.15	267.65	324.81	358.55	464.08	278.4	354.13	291.75	366.34	246.17	306.37	376.47	406.6	255.148	NA	255.15	252.42	0.0775	327.03	0.0289	236.97	302.14	224.71	289.42	9.756	9.76	9.87	9.91	0.1142	9.78	0.0629	15.3162	10.6709	76.1859	70.5603	12.9072	131.6604	0.2558	2.3279	0.6699	0.959	0.2712	362.53	0.00247	0.0255	1.33874	-0.70533	0.68471	253.21	0.00503	0.012	0.02038	0.02063	-0.0016	9.71	0.00264	0.0724	0.17705	-0.18154	0.25532	16	0.16377	-0.09854	-0.05934	-0.03759	-0.01392	0.12862	0.13264	-0.13315	0.08776	0.03207	0.00285	-0.00519	0.03841	-0.04433	-0.00479	-0.01326	-0.03198	-0.02847	-0.04783	-0.00269	0.03627	-0.04462	-0.03306	-0.08581	0.00173	0.09896	-0.02068	0.08536	-0.02159	0.01307	-0.02658	0.02373	337.96	744224932	756091415	1000	/scratch.global/lanej/1000G/ngs_dose/1000G_highcov/crams/HG00103.cram	9ab0a0e8,a23ef9ed,7f3b4c3c	184ab16e		14	0.997864	0.998614	0.999645	0.999956	2.103	0.98	0.769	731.068	63.414	scan	M	GBR	EUR	M	0.999818	0.999969	0.99795	NA	0.05	1.1589	0.9949	384.405	395.9163	444.2721	253.1743	9.6697	1.9901	757.3057	53.1226	371.8684	381.5697	420.2753	256.3463	9.759	1.9932	876.6244	59.8275	690.2409	1.0004	0.7708	32.3276	M	2504	
HG00105	scan	0.1.0+fae1124	32.342	150	434	450	0.0589	0.9721	1.2103	0.0754	0.0438		2.0063	41.1483	670.9387	0.9902	0.9819	present	461.269	461.27	436.81	436.6	0.2124	468.58	0.0357	420.12	478.91	465.96	515.08	327.46	372.89	406.78	475.04	310.56	357.13	356.07	417.98	291.45	329.2	456.24	477.24	121.946	NA	121.95	120.43	0.1101	146.19	0.0184	118.15	141.55	109.07	131.67	9.761	9.76	9.83	9.83	0.1159	9.77	0.0321	15.0565	10.6933	39.4972	73.9042	10.5793	150.4854	0.2195	2.6314	0.4347	0.8582	0.3791	460.49	0.00486	0.0501	0.02832	0.57369	0.16203	121.48	0.01882	0.045	0.10447	-0.03767	0.02393	9.64	0.00285	0.0781	0.53899	0.14967	-0.10582	16	-0.03835	-0.04465	-0.03927	-0.05295	-0.001	0.05989	0.11435	-0.12652	-0.07619	-0.03236	-0.01267	-0.01966	0.0445	-0.08562	0.02646	0.02917	0.11012	0.07195	0.02804	0.06651	0.15525	-0.09178	-0.04687	0.06228	0.03694	-0.00611	-0.1148	-0.01782	-0.17571	-0.03623	-0.12739	0.01492	363.22	642434538	652288611	1000	/scratch.global/lanej/1000G/ngs_dose/1000G_highcov/crams/HG00105.cram	9ab0a0e8,a23ef9ed,7f3b4c3c	184ab16e		14	0.997325	0.998668	0.999667	0.999943	2.015	0.981	0.779	672.107	47.387	scan	M	GBR	EUR	M	0.999772	0.999975	0.997541	NA	-0.02	1.1185	1.0119	485.1635	485.1929	547.3349	122.4204	9.6886	2.005	704.7674	67.5449	544.08	541.0517	624.146	137.1254	9.5825	2.0014	709.6415	54.8782	636.9298	1.0022	0.7674	29.3727	M	2504	
HG00106	scan	0.1.0+fae1124	40.876	150	430	450	0.0888	0.9784	1.1905	0.0564	0.0406		2.0011	26.2036	711.3685	1.9566	0.0021	present	333.959	333.96	326.56	329.73	0.1777	353.4	0.0473	324.79	402.37	348.18	381.32	275.32	337.06	348.29	436.15	260.13	321.9	282.79	339.72	238.86	296.04	335.85	348.87	160.782	NA	160.78	160.73	0.0789	195.71	0.0302	145.68	176.88	139.44	172.33	9.747	9.75	9.85	9.86	0.1097	9.77	0.0522	14.1509	1.0725	48.0191	59.0507	12.9962	153.3852	0.2549	2.8713	0.6266	0.9	0.2455	340.83	0.003	0.0309	0.3598	-0.02293	-0.20794	159.88	0.00556	0.0133	-0.01892	-0.00788	-0.01806	9.67	0.00255	0.07	-0.2187	-0.23574	0.31382	16	-0.13266	-0.11059	-0.06814	-0.06968	0.00994	-0.00832	0.00336	0.10375	-0.09669	-0.07591	-0.00635	-0.01975	-0.02827	-0.10538	0.08616	-0.04178	0.09959	0.11056	-0.03682	-0.0185	-0.08896	0.06429	0.07195	-0.05415	0.02842	-0.04698	-0.01476	0.00919	-0.07355	-0.01569	0.03489	0.08416	534.46	825140796	838250921	1000	/scratch.global/lanej/1000G/ngs_dose/1000G_highcov/crams/HG00106.cram	9ab0a0e8,a23ef9ed,7f3b4c3c	184ab16e		14	0.99779	0.998093	0.99961	0.999916	2.047	1.912	0.149	710.421	29.083	scan	F	GBR	EUR	F	0.999695	0.999932	0.997948	NA	0.01	1.1188	1.0216	326.4218	320.9905	365.9871	163.4184	9.7273	1.9979	795.5469	38.6271	329.8507	326.9906	373.2041	160.436	9.682	2.0022	734.0884	35.0484	665.0458	1.9604	0.1248	35.921	F	2504	
HG00107	scan	0.1.0+fae1124	38.304	150	422	400	0.1123	0.9731	1.2035	0.0602	0.0421		1.9995	60.8392	754.0197	0.9922	0.9919	present	325.552	325.55	313.45	315.07	0.2087	340.35	0.0529	300.48	356.82	327.03	365.89	229.19	258.28	320.07	388.42	241.95	288.52	263.57	311.38	215.65	248.88	327.33	345.4	202.943	NA	202.94	203.44	0.0863	244.7	0.0338	190.91	228.38	167.47	202.9	9.741	9.74	9.78	9.73	0.1132	9.71	0.0679	15.006	10.4161	40.2875	66.3958	13.4321	153.5417	0.2525	2.8452	0.5664	0.8692	0.3525	327.38	0.00241	0.0248	0.46521	0.25362	-0.26482	202.43	0.00702	0.0168	-0.03378	-0.04021	-0.02635	9.59	0.0027	0.074	1.02738	-0.51485	-0.09345	16	-0.07409	-0.02949	-0.05417	-0.00746	-0.04063	0.04001	0.12986	-0.06485	0.06351	-0.0093	0.04138	-0.04298	0.04106	-0.00796	0.0734	-0.04135	-0.06606	-0.0138	-0.02755	-0.07021	-0.04304	-0.04282	0.0518	0.0487	0.09951	0.03738	0.04173	0.01499	-0.02074	0.06374	-0.02919	-0.12873	307.83	761169684	771892633	1000	/scratch.global/lanej/1000G/ngs_dose/1000G_highcov/crams/HG00107.cram	9ab0a0e8,a23ef9ed,7f3b4c3c	184ab16e		14	0.997788	0.998327	0.999571	0.999915	2.011	0.994	0.782	740.98	68.581	scan	M	GBR	EUR	M	0.99976	0.999931	0.997639	NA	-0.07	1.1176	0.9989	345.1592	344.57	382.0118	202.8304	9.6166	1.9987	779.8564	62.7069	350.0169	346.2437	396.709	196.8477	9.7145	1.9981	850.9757	82.1996	697.874	1.0158	0.7888	32.8834	M	2504	
HG00108	scan	0.1.0+fae1124	37.386	150	432	450	0.1045	0.977	1.1741	0.075	0.0445		1.9967	62.5461	690.4156	0.9956	0.9857	present	524.583	524.58	499.03	505.83	0.2325	527.29	0.0565	497.58	525.57	522.99	575.09	394.12	421.61	506.28	552.56	381.23	410.52	412.41	466.35	350.62	364.68	516.21	539.05	165.407	NA	165.41	162.96	0.0972	191.4	0.0276	148.46	170.92	144.18	167.19	9.898	9.9	9.94	9.94	0.1155	9.89	0.0606	18.9202	12.1402	54.5802	75.1678	12.0204	141.9151	0.2522	2.8414	0.5167	0.866	0.3744	523.92	0.00282	0.0291	0.55333	0.86338	-0.41853	162.96	0.01193	0.0286	0.05567	-0.0149	-0.02801	9.72	0.00272	0.0746	1.05045	0.60192	0.14656	16	0.10445	-0.05761	-0.02005	-0.08306	0.02735	0.17394	-0.01582	-0.09565	-0.01753	0.0129	0.02061	0.05291	-0.02423	0.00269	0.04721	-0.02174	0.02149	0.1616	0.05937	0.12443	-0.04791	-0.02836	0.08818	-0.03678	0.04412	0.03605	0.02929	-0.01117	0.05382	0.16726	-0.01014	-0.07273	284.97	748108030	759796405	1000	/scratch.global/lanej/1000G/ngs_dose/1000G_highcov/crams/HG00108.cram	9ab0a0e8,a23ef9ed,7f3b4c3c	184ab16e		14	0.997523	0.998235	0.999592	0.999925	2.065	0.99	0.813	676.893	71.511	scan	M	GBR	EUR	M	0.999602	0.99994	0.997676	NA	0.06	1.0977	0.9982	524.7902	525.482	576.0032	167.3656	9.7296	1.9984	728.2037	63.3285	532.0878	529.2071	609.1615	158.5029	9.7477	1.9958	683.0293	55.3412	637.4608	1.0072	0.8098	32.5048	M	2504	
HG00109	scan	0.1.0+fae1124	39.551	150	440	450	0.0623	0.9724	1.1972	0.0579	0.0453		1.9947	74.0579	772.6669	1.0026	0.9758	present	462.568	462.57	434.78	433.68	0.2324	465.06	0.0392	422.51	473.78	465.11	512.39	326.99	369.85	412.9	479.93	314.25	359.22	354.39	413.85	302.93	334.12	452.98	473.6	152.607	NA	152.61	151.83	0.1044	182.04	0.0197	134.35	158.23	125.67	151.57	9.537	9.54	9.63	9.64	0.1214	9.57	0.036	12.8724	12.4558	47.9233	64.0329	12.6795	146.4428	0.2459	3.0725	0.6178	0.8565	0.2725	458.63	0.0044	0.0453	0.27118	0.96276	-0.02752	150.21	0.00881	0.0211	0.01043	-0.06149	-0.04079	9.49	0.0026	0.0714	0.28033	-1.47233	-0.53809	16	0.05065	-0.0997	-0.0123	-0.03978	0.00788	0.15047	0.06313	-0.03676	-0.00848	-0.06771	-0.04035	-0.04744	-0.01189	0.0054	0.05373	0.05104	0.07593	-0.02821	0.09317	0.07078	0.04226	-0.01722	-0.06414	0.02955	0.04446	-0.00334	-0.01519	0.04076	-0.01937	0.05175	0.11202	-0.02055	438.03	786668386	797921982	1000	/scratch.global/lanej/1000G/ngs_dose/1000G_highcov/crams/HG00109.cram	9ab0a0e8,a23ef9ed,7f3b4c3c	184ab16e		14	0.997502	0.998302	0.999648	1.0	2.05	0.987	0.804	757.1	82.077	scan	M	GBR	EUR	M	0.999639	1.0	0.997693	NA	-0.17	1.1172	1.0141	478.7976	482.0297	542.4809	148.3655	9.5087	1.9914	840.9241	80.0278	483.377	485.3469	551.5162	160.8007	9.5269	1.9927	775.7174	66.4969	704.8382	1.009	0.7918	35.8161	M	2504	
HG00110	scan	0.1.0+fae1124	36.177	150	440	450	0.1045	0.967	1.2296	0.0741	0.0412		1.9981	50.9846	659.333	1.9352	0.0024	present	265.984	265.98	257.99	259.66	0.1696	282.23	0.0471	258.34	304.11	266.65	301.87	213.16	252.87	269.65	326.95	200.43	239.81	214.63	258.41	191.03	221.47	266.88	283.54	134.794	NA	134.79	135.9	0.0885	164.8	0.027	128.22	154.74	112.4	138.84	9.586	9.59	9.68	9.74	0.1338	9.62	0.0598	23.711	2.0273	30.9574	63.9601	11.8897	159.9588	0.2394	2.5223	0.7513	0.8586	0.4077	268.44	0.00293	0.0302	0.26843	-0.26146	0.07031	133.93	0.01293	0.031	0.02146	-0.02977	0.02947	9.6	0.00286	0.0785	0.84272	-2.3836	-0.70915	16	-0.0607	0.00971	-0.07255	-0.02848	-0.19684	-0.00171	0.15953	-0.08609	-0.01297	-0.01109	0.06368	0.01113	-0.02891	0.04393	0.08231	-0.09772	-0.04153	0.07537	0.08279	-0.02871	0.01677	0.03653	0.06959	-0.02667	0.01075	-0.07939	-0.00711	0.14374	0.0121	0.00507	0.12236	0.01082	308.7	729333182	741164145	1000	/scratch.global/lanej/1000G/ngs_dose/1000G_highcov/crams/HG00110.cram	9ab0a0e8,a23ef9ed,7f3b4c3c	184ab16e		14	0.997444	0.998653	0.999629	0.99991	1.998	1.876	0.15	649.296	57.843	scan	F	GBR	EUR	F	0.999786	0.999911	0.997392	NA	-0.06	1.1245	0.9933	283.7134	282.6078	314.7459	135.17	9.6431	1.9994	689.6296	45.076	285.3361	281.2496	321.7112	131.6012	9.6444	1.9955	779.7781	68.4437	619.5468	1.9244	0.1264	31.3143	F	2504	
HG00111	scan	0.1.0+fae1124	35.708	150	440	450	0.0552	0.9748	1.1905	0.0604	0.0619		2.0007	69.0538	698.5521	1.9177	0.0035	present	383.006	383.01	374.16	374.25	0.2049	400.08	0.0346	345.38	387.97	381.98	419.64	276.05	312.53	340.88	393.3	265.58	302.87	293.05	339.22	235.32	260.92	395.44	413.72	224.008	NA	224.01	219.94	0.0926	263.59	0.0175	203.03	236.42	198.02	234.98	9.81	9.81	9.98	9.98	0.1193	9.93	0.0312	22.2757	1.2931	39.916	46.0731	11.7759	149.1737	0.2371	2.805	0.547	0.8685	0.2354	383.32	0.00712	0.0734	0.62554	-0.01054	0.62263	221.94	0.01237	0.0296	0.05385	-0.01223	-0.00505	9.84	0.00259	0.071	-0.2633	-0.2605	0.1309	16	0.52729	0.01879	-0.02272	-0.12426	0.02038	0.04632	-0.0085	0.03683	0.04106	0.11165	0.039	0.0348	-0.00741	-0.0867	-0.03712	0.12691	0.03052	-0.00708	-0.07215	0.01593	0.07292	-0.10111	-0.04293	-0.00166	-0.01674	-0.11478	0.00878	-0.04972	-0.01969	0.07299	-0.03057	-0.03378	490.26	725839266	735314364	1000	/scratch.global/lanej/1000G/ngs_dose/1000G_highcov/crams/HG00111.cram	9ab0a0e8,a23ef9ed,7f3b4c3c	184ab16e		14	0.996884	0.997924	0.99923	0.999731	2.047	1.883	0.123	699.033	78.185	scan	F	GBR	EUR	F	0.999564	0.999795	0.997248	NA	0.18	1.0948	0.9965	366.2572	363.4203	402.8197	217.3887	9.708	2.006	781.0314	85.4613	382.0515	377.2636	423.4286	239.0001	9.812	2.0044	743.3551	59.751	655.5325	1.917	0.1006	32.7716	F	2504	
HG00112	scan	0.1.0+fae1124	37.649	150	442	450	0.1033	0.9684	1.2328	0.0616	0.0391		2.0035	34.6581	771.115	1.0009	0.9822	present	480.686	480.69	451.79	456.74	0.2159	490.76	0.0567	443.69	513.02	475.95	537.34	348.27	406.17	440.1	520.92	346.85	407.03	369.4	442.72	318.36	365.72	469.93	496.54	156.998	NA	157.0	153.54	0.0961	192.41	0.0271	139.69	169.41	133.27	164.96	9.609	9.61	9.7	9.72	0.107	9.63	0.0625	20.6866	11.2679	49.0349	65.7449	11.4871	135.6522	0.2523	2.6808	0.6192	0.8341	0.3365	476.7	0.00334	0.0344	0.0312	0.59565	-0.00526	154.91	0.0142	0.034	0.03569	-0.03929	0.007	9.55	0.00252	0.069	0.35634	0.25335	-0.11096	16	-0.31294	-0.1209	0.06338	0.03337	-0.01294	0.20074	-0.0663	0.03179	0.00212	-0.02132	-0.00111	0.06298	-0.06228	-0.0823	0.00874	0.0465	-0.04081	-0.0417	-0.08003	0.11221	0.06491	0.02744	0.00873	0.01413	-0.03787	-0.06496	-0.06945	0.03278	-0.08679	0.042	0.00346	0.01227	424.82	747857330	758288186	1000	/scratch.global/lanej/1000G/ngs_dose/1000G_highcov/crams/HG00112.cram	9ab0a0e8,a23ef9ed,7f3b4c3c	184ab16e		14	0.997788	0.99847	0.999653	0.999926	2.032	0.981	0.778	770.562	40.033	scan	M	GBR	EUR	M	0.999744	0.999981	0.997815	NA	-0.11	1.1272	0.9984	476.593	480.1297	548.5243	152.5004	9.6816	1.9962	838.4122	37.6428	475.0793	478.3527	545.4921	154.9636	9.6497	1.9997	841.4656	38.9375	723.2919	1.0032	0.7856	32.6366	M	2504	
HG00113	scan	0.1.0+fae1124	33.564	150	426	450	0.0826	0.9599	1.2834	0.073	0.0432		2.0048	32.7494	736.8395	0.9912	0.992	present	532.106	532.11	521.36	523.05	0.1604	589.35	0.0524	525.69	704.11	557.06	642.07	461.86	609.41	574.3	776.38	439.93	586.8	458.96	587.29	408.24	544.31	532.71	571.91	165.413	NA	165.41	166.4	0.0569	213.23	0.029	142.34	183.77	143.19	186.79	9.732	9.73	9.82	9.81	0.1048	9.73	0.0488	21.0421	13.1825	44.9159	70.0061	10.3357	141.9323	0.2567	3.2961	0.7858	0.8094	0.3122	542.83	0.00345	0.0356	0.08125	-0.39094	-0.28603	164.29	0.01329	0.0318	-0.06032	0.04686	0.02216	9.64	0.00266	0.0728	0.53639	0.02319	-0.06269	16	-0.16505	-0.04532	-0.07075	0.07015	-0.03403	0.20851	0.1399	-0.09959	0.03352	-0.00232	0.01593	-0.03541	0.04529	0.00246	0.03619	0.05555	-0.02419	0.01519	0.01928	0.10139	-0.12762	-0.03177	-0.08254	0.01784	0.05612	-0.06533	-0.01969	-0.03578	-0.00824	0.05161	-0.06982	-0.0658	511.06	667293580	677088700	1000	/scratch.global/lanej/1000G/ngs_dose/1000G_highcov/crams/HG00113.cram	9ab0a0e8,a23ef9ed,7f3b4c3c	184ab16e		14	0.99796	0.998695	0.999713	0.999832	2.007	0.986	0.801	727.067	39.009	scan	M	GBR	EUR	M	0.999818	0.999946	0.997842	NA	-0.02	1.1828	1.0262	600.592	587.9906	720.6985	159.3035	9.6777	1.9994	785.2943	30.0809	561.6507	554.7692	643.6769	160.111	9.7248	2.001	814.0823	49.7318	689.8425	1.0086	0.804	29.7267	M	2504	
HG00114	scan	0.1.0+fae1124	38.061	150	431	450	0.0912	0.9681	1.2568	0.0597	0.0462		1.9997	15.2348	776.4718	0.9999	0.9837	present	535.162	535.16	526.7	529.92	0.169	582.88	0.0563	533.8	680.82	564.75	636.68	460.26	582.07	564.32	732.66	438.69	561.2	461.22	574.44	415.78	526.31	538.22	569.45	220.532	NA	220.53	217.57	0.0807	278.13	0.0359	205.67	258.22	178.37	228.09	9.56	9.56	9.7	9.69	0.1105	9.62	0.0527	17.8781	11.66	63.4127	66.0543	11.728	133.4366	0.2255	2.9755	0.8374	0.8686	0.4494	547.87	0.00351	0.0362	0.19427	-0.18303	-0.33371	218.66	0.01607	0.0385	-0.07376	-0.02075	-0.03253	9.52	0.00266	0.0729	-0.29963	0.14372	0.15818	16	-0.11813	-0.00339	0.10323	0.08455	-0.00723	0.11945	0.10944	-0.08478	-0.04353	-0.07672	0.02899	-0.03611	0.01064	0.01457	0.06978	0.01459	-0.02069	-0.01771	-0.04508	-0.04299	0.00123	-0.06232	-0.014	0.05817	0.0002	-0.06564	-0.07383	0.05975	-0.06464	0.00113	0.00183	-0.13435	327.1	754959296	765644313	1000	/scratch.global/lanej/1000G/ngs_dose/1000G_highcov/crams/HG00114.cram	9ab0a0e8,a23ef9ed,7f3b4c3c	184ab16e		14	0.99812	0.998772	0.999721	0.999924	2.072	0.984	0.804	767.794	17.24	scan	M	GBR	EUR	M	0.999869	0.99995	0.998222	NA	-0.14	1.1621	1.0308	590.2913	577.3686	691.4604	215.5806	9.6336	1.9945	823.7003	17.1997	549.4994	541.5598	635.5254	214.0276	9.6486	1.9966	890.9807	19.6092	718.19	1.0088	0.8104	33.3436	M	2504	
HG00115	scan	0.1.0+fae1124	32.966	150	431	450	0.0822	0.9628	1.2369	0.0677	0.0468		2.0003	21.3909	712.9246	0.9998	0.9848	present	335.698	335.7	326.51	328.97	0.1988	363.73	0.0461	327.77	425.16	350.74	398.66	288.53	370.23	355.3	465.27	268.37	347.75	285.42	356.99	250.83	325.37	334.22	355.29	265.016	NA	265.02	266.55	0.0723	335.22	0.0275	253.33	319.42	222.81	285.99	9.726	9.73	9.83	9.85	0.1063	9.75	0.0493	17.3001	11.1769	49.9297	75.8905	14.3041	151.6502	0.2461	3.1527	0.6816	0.8633	0.3008	341.02	0.00353	0.0364	0.49228	0.29489	-0.66615	263.45	0.01263	0.0302	-0.05705	0.00036	-0.015	9.63	0.0027	0.0741	0.60507	-0.66597	-0.23792	16	0.02991	-0.04831	-0.09538	-0.01874	-0.12075	0.14849	0.17795	-0.13602	0.03219	-0.09563	0.03108	-0.02786	0.02292	-0.01901	0.06158	0.02879	0.06751	0.03132	-0.13894	0.10472	0.03599	0.01248	0.07519	-0.0601	-0.05356	0.01609	-0.01032	-0.0328	-0.10896	0.06634	0.08444	-0.07324	390.88	657269528	668145687	1000	/scratch.global/lanej/1000G/ngs_dose/1000G_highcov/crams/HG00115.cram	9ab0a0e8,a23ef9ed,7f3b4c3c	184ab16e		14	0.99784	0.999029	0.999766	0.999964	2.057	0.986	0.794	702.965	24.708	scan	M	GBR	EUR	M	0.999833	0.999974	0.997738	NA	-0.03	1.169	1.0285	382.7977	376.4282	452.456	259.0165	9.6495	1.9997	799.7727	26.0135	413.7281	411.0923	473.7724	242.6918	9.697	1.998	779.9938	30.0803	666.9843	1.0056	0.7902	29.3342	M	2504	
HG00116	scan	0.1.0+fae1124	51.684	150	424	400	0.1188	0.9779	1.1461	0.0519	0.0367		2.0129	95.1395	804.4244	0.9921	0.9844	present	377.007	377.01	360.9	360.85	0.1966	384.0	0.0613	362.33	410.04	389.95	423.48	289.9	313.97	374.56	431.7	288.12	325.61	309.33	350.18	269.9	300.39	371.16	387.29	212.395	NA	212.39	212.71	0.0804	244.91	0.0326	191.7	220.92	181.38	209.71	9.416	9.42	9.54	9.57	0.1133	9.5	0.0707	14.5158	10.7612	42.18	73.4145	10.4212	137.2808	0.2478	3.1083	0.6822	0.8339	0.3237	379.04	0.00235	0.0243	-0.00992	0.18339	-0.21077	211.59	0.0095	0.0227	-0.00813	-0.00484	-0.01169	9.39	0.00252	0.0691	-0.42471	-1.08885	0.05937	16	-0.20364	-0.0422	0.00598	-0.01356	-0.07889	0.17903	0.09721	-0.08226	0.02366	-0.02882	0.02546	-0.02132	0.07565	-0.00676	-0.05648	0.06352	-0.02826	0.0513	-0.0739	-0.05274	0.03575	0.01386	0.03068	0.00426	-0.00419	-0.00273	-0.04616	0.01985	0.06387	-0.01967	0.10798	-0.04845	499.81	1029658318	1045330045	1000	/scratch.global/lanej/1000G/ngs_dose/1000G_highcov/crams/HG00116.cram	9ab0a0e8,a23ef9ed,7f3b4c3c	184ab16e		14	0.997707	0.998324	0.999643	0.999884	2.064	0.991	0.79	795.793	105.147	scan	M	GBR	EUR	M	0.999687	0.999911	0.998088	NA	-0.27	1.1172	1.0288	414.4031	411.757	470.2589	203.8343	9.5175	2.0098	791.386	118.987	397.5822	396.06	458.5641	202.8207	9.5102	2.0088	880.5171	84.0987	723.0862	1.0132	0.7938	43.9383	M	2504	
HG00117	scan	0.1.0+fae1124	43.815	150	432	450	0.0947	0.9679	1.2267	0.064	0.0392		2.0081	43.401	800.0344	0.9909	0.9704	present	494.393	494.39	484.27	488.76	0.1643	536.27	0.0559	479.1	607.41	508.04	575.94	397.54	499.15	495.25	631.98	381.24	482.57	408.52	504.13	359.63	457.15	501.14	532.0	239.756	NA	239.76	236.03	0.07	299.73	0.0266	223.21	278.4	206.38	261.4	9.739	9.74	9.83	9.84	0.1092	9.75	0.0522	11.554	12.8656	41.8587	86.2412	11.4607	135.623	0.2611	2.9486	0.6317	0.8972	0.383	499.43	0.00288	0.0297	0.61131	-0.46868	0.08654	237.96	0.00709	0.017	-0.02285	0.00945	0.01535	9.68	0.00248	0.068	0.21426	0.3044	0.22149	16	-0.12461	-0.02502	-0.05205	-0.09739	-0.00132	0.10389	0.11355	-0.06134	0.07702	0.05175	-0.03214	0.00478	-0.02455	-0.02862	0.02129	0.07222	0.0102	-0.01778	-0.00352	-0.07495	0.0089	-0.05657	-0.0	-0.06146	0.0239	0.00593	0.0295	-0.0304	-0.05202	0.02302	-0.01339	-0.04854	345.79	872306440	887865644	1000	/scratch.global/lanej/1000G/ngs_dose/1000G_highcov/crams/HG00117.cram	9ab0a0e8,a23ef9ed,7f3b4c3c	184ab16e		14	0.997809	0.998361	0.999619	0.999898	2.015	0.992	0.85	785.428	51.587	scan	M	GBR	EUR	M	0.999721	0.999937	0.997946	NA	0.02	1.1532	1.0172	515.7067	509.3166	598.1894	233.5546	9.702	2.0062	821.1749	47.0479	494.9847	492.9753	567.8295	235.7833	9.7186	2.0074	800.5495	52.1495	727.3686	1.015	0.8438	38.3275	M	2504	
HG00118	scan	0.1.0+fae1124	39.733	150	423	400	0.1046	0.9684	1.243	0.0488	0.0385		1.9922	14.9913	806.9644	1.8962	0.0023	present	441.068	441.07	421.24	423.83	0.2179	462.38	0.0558	414.46	509.77	462.2	518.56	320.66	380.17	420.82	525.91	336.11	412.91	357.77	435.24	307.15	373.34	436.43	461.82	127.441	NA	127.44	127.19	0.0758	157.97	0.0337	118.22	146.02	105.48	131.34	9.789	9.79	9.91	9.96	0.1184	9.83	0.06	16.2385	1.89	44.0952	49.1377	10.1938	152.343	0.2302	2.7259	0.7018	0.8137	0.2927	446.81	0.00242	0.025	0.18954	0.67363	-0.26083	126.64	0.00925	0.0221	-0.04712	-0.0129	-0.00138	9.77	0.00284	0.0778	-0.4434	0.05144	0.02817	16	-0.21338	0.0029	-0.05366	-0.07175	-0.04193	-0.11436	0.12718	-0.06006	0.01437	-0.03924	-0.04211	-0.03144	-0.00502	-0.02911	0.02915	0.03808	-0.0583	-0.071	-0.07494	0.04828	-0.00278	0.05395	-0.06509	0.01438	0.06753	0.13167	-0.00903	-0.02387	-0.01343	0.01817	-0.07117	0.02703	384.18	801272652	811912061	1000	/scratch.global/lanej/1000G/ngs_dose/1000G_highcov/crams/HG00118.cram	9ab0a0e8,a23ef9ed,7f3b4c3c	184ab16e		14	0.997588	0.998611	0.999437	0.999851	2.002	1.866	0.126	800.757	17.034	scan	F	GBR	EUR	F	0.999703	0.999843	0.997753	NA	0.11	1.1606	1.0344	461.6863	455.4302	537.307	125.4784	9.7931	1.9918	800.4147	20.7885	436.5941	433.6244	506.3043	125.6681	9.7329	1.9938	736.2575	22.1469	748.3913	1.911	0.1064	34.4215	F	2504	
HG00119	scan	0.1.0+fae1124	39.319	150	433	450	0.0883	0.9897	1.1315	0.071	0.0557		1.9889	21.7368	971.5974	0.9884	0.9881	present	556.349	556.35	526.23	527.67	0.2208	537.03	0.0504	489.09	467.83	547.25	580.08	360.82	352.64	447.81	444.57	369.17	362.16	410.18	436.1	326.37	306.34	553.89	566.92	151.76	NA	151.76	146.86	0.1025	165.62	0.0196	134.44	145.89	133.55	145.44	9.584	9.58	9.76	9.83	0.136	9.73	0.0504	20.9044	10.3355	38.2925	64.0531	9.7662	150.9443	0.2258	2.7388	0.6029	0.8337	0.2325	554.16	0.00543	0.056	0.04994	0.55906	0.69026	148.14	0.01387	0.0332	0.10506	-0.00021	0.00599	9.66	0.00266	0.073	-1.94143	-0.92392	0.28877	16	0.42479	-0.04191	-0.02311	-0.0422	0.09365	0.08928	0.02542	-0.04974	-0.06587	-0.16379	-0.02206	0.01118	0.05471	-0.03561	-0.01233	-0.00935	0.07113	0.03269	0.02444	0.06576	-0.00015	-0.00369	0.03983	0.10897	0.04839	-0.07809	0.01791	0.01937	-0.07614	-0.02273	-0.05057	0.00266	317.84	785133578	797006471	1000	/scratch.global/lanej/1000G/ngs_dose/1000G_highcov/crams/HG00119.cram	9ab0a0e8,a23ef9ed,7f3b4c3c	184ab16e		14	0.997595	0.99723	0.999341	0.999836	2.036	0.985	0.758	951.428	22.528	scan	M	GBR	EUR	M	0.999558	0.999848	0.997705	NA	0.0	1.0468	0.9875	558.6307	558.7489	590.1373	151.2531	9.6045	1.9931	1052.6175	32.4317	546.0071	543.2915	619.8489	150.5572	9.5937	1.9919	918.8888	35.0283	868.2298	1.0012	0.7508	34.8408	M	2504	
HG00120	scan	0.1.0+fae1124	43.818	150	427	450	0.1017	0.9681	1.2328	0.0684	0.039		1.9961	19.5318	760.0342	1.9504	0.0023	present	353.756	353.76	344.71	346.01	0.168	380.12	0.0555	338.82	424.6	363.42	409.07	295.25	365.7	359.42	456.3	279.79	350.36	299.36	367.36	263.42	329.18	354.83	375.85	218.503	NA	218.5	214.68	0.078	271.78	0.0351	200.63	249.62	179.34	225.78	9.664	9.66	9.74	9.74	0.1037	9.67	0.061	12.1227	1.1099	44.5673	62.6591	8.6879	132.7474	0.2284	3.5762	0.6553	0.7925	0.2808	359.3	0.00254	0.0262	0.12377	-0.20043	-0.22892	216.12	0.00898	0.0215	-0.03693	-0.01778	-0.00118	9.56	0.00242	0.0664	0.3819	0.42838	0.20445	16	-0.21823	0.04416	0.10658	-0.02151	-0.01165	0.04187	-0.04615	0.05631	-0.01679	0.03967	0.08896	-0.02941	0.05209	-0.07785	0.01786	-0.01259	0.01368	-0.03084	-0.08287	0.05692	-0.00047	0.01112	-0.07178	0.06233	5e-05	-0.00886	0.01438	0.02241	-0.00382	0.03215	-0.03567	0.07399	310.5	879782984	893056168	1000	/scratch.global/lanej/1000G/ngs_dose/1000G_highcov/crams/HG00120.cram	9ab0a0e8,a23ef9ed,7f3b4c3c	184ab16e		14	0.997877	0.998499	0.999598	0.999944	2.014	1.884	0.139	750.8	21.997	scan	F	GBR	EUR	F	0.999655	0.999986	0.99793	NA	-0.1	1.1385	1.0115	351.3641	348.1332	396.554	216.7743	9.7502	1.9947	767.8417	28.4699	331.4358	328.3416	375.8775	214.8495	9.6573	1.9949	736.2562	29.2158	698.197	1.9384	0.1156	37.8853	F	2504	
HG00121	scan	0.1.0+fae1124	37.231	150	432	450	0.1019	0.9647	1.2372	0.0621	0.0388		1.9967	21.283	988.1826	1.9555	0.0026	present	438.418	438.42	426.83	427.46	0.1792	473.06	0.0535	423.29	536.35	461.97	523.54	355.42	449.15	434.76	564.95	342.84	438.55	365.51	455.19	324.64	406.91	439.73	466.53	183.687	NA	183.69	181.5	0.0767	231.72	0.0304	172.91	215.79	162.9	208.75	9.915	9.92	9.98	9.98	0.1168	9.91	0.062	25.2547	1.4685	45.9461	55.1763	12.0569	145.3007	0.2628	3.6729	0.6348	0.8736	0.3033	448.3	0.00214	0.0221	-0.00697	-0.00654	-0.13432	182.35	0.00919	0.022	0.01731	0.02331	0.00141	9.81	0.00269	0.0738	-0.55301	0.68384	0.2458	16	-0.02448	-0.03715	-0.05461	-0.12829	-0.06583	-0.02647	0.01717	0.04918	-0.10888	-0.11552	0.03875	-0.02436	-0.02385	-0.00708	0.00641	0.02596	0.00631	0.00906	0.01462	-0.03269	0.01624	-0.0229	0.02678	-0.00686	-0.03925	-0.03207	-0.0445	-0.06938	-0.01938	-0.0104	-0.06939	0.0035	285.49	755575332	766755237	1000	/scratch.global/lanej/1000G/ngs_dose/1000G_highcov/crams/HG00121.cram	9ab0a0e8,a23ef9ed,7f3b4c3c	184ab16e		14	0.997556	0.998928	0.999375	0.99983	2.055	1.909	0.138	992.93	24.627	scan	F	GBR	EUR	F	0.999653	0.999826	0.997882	NA	0.15	1.1678	1.0305	446.3583	436.7135	527.1324	180.8914	9.8573	1.9981	1034.5286	34.2748	401.5032	395.8955	457.6904	180.8883	9.8426	1.999	904.1379	25.7437	917.9215	1.9506	0.1162	32.3689	F	2504	
HG00122	scan	0.1.0+fae1124	38.844	150	432	450	0.0725	0.9598	1.3164	0.0667	0.0409		1.9969	21.1258	936.3929	1.957	0.0029	present	290.581	290.58	283.77	286.65	0.1752	326.07	0.0391	290.02	402.52	304.23	357.85	232.19	317.19	292.97	414.06	228.19	316.56	244.18	324.93	213.97	295.56	291.84	315.89	146.552	NA	146.55	146.19	0.0674	197.87	0.0231	136.8	184.27	127.46	175.26	9.742	9.74	9.8	9.88	0.121	9.7	0.0432	15.9941	1.8778	53.9218	58.1813	12.1534	145.9073	0.2364	3.463	0.6448	0.7671	0.2859	297.85	0.00357	0.0368	0.1445	-0.12702	-0.24734	145.38	0.0085	0.0204	-0.04277	0.03363	-0.0192	9.71	0.00249	0.0683	0.70571	-1.09615	-0.51485	16	-0.11419	-0.01021	0.00547	-0.11882	0.01168	-0.09709	0.04153	0.01899	-0.09035	-0.0069	0.00352	-0.00839	0.02243	0.04731	-0.06325	-0.00417	-0.02573	0.02078	0.00289	-0.0026	-0.0207	-0.00291	-0.02385	-0.0683	0.01496	0.00319	0.03116	-0.02727	-0.00289	0.099	-0.04471	0.05643	333.01	784773398	797025343	1000	/scratch.global/lanej/1000G/ngs_dose/1000G_highcov/crams/HG00122.cram	9ab0a0e8,a23ef9ed,7f3b4c3c	184ab16e		14	0.997609	0.998618	0.999273	0.999496	2.04	1.888	0.147	944.512	25.625	scan	F	GBR	EUR	F	0.999305	0.999604	0.99805	NA	0.05	1.2014	1.0214	289.9506	283.1119	347.9053	144.6009	9.759	1.998	835.4175	27.5347	290.4783	286.6968	327.4564	141.4098	9.7349	2.0	824.4246	28.5233	873.8385	1.932	0.1212	34.7935	F	2504	
HG00123	scan	0.1.0+fae1124	35.763	150	428	450	0.0933	0.9633	1.2571	0.069	0.0397		2.002	11.1128	804.8993	1.9456	0.0029	present	507.113	507.11	488.71	495.53	0.191	546.94	0.0537	482.54	629.72	526.08	601.79	422.91	546.26	512.44	671.36	400.2	520.76	425.18	535.02	378.21	494.84	502.06	535.87	170.088	NA	170.09	166.02	0.0804	216.4	0.0251	152.59	193.61	147.34	189.99	9.658	9.66	9.75	9.73	0.1141	9.67	0.0535	21.3987	3.0353	44.6865	62.5194	11.3693	131.1854	0.2578	3.3154	0.6609	0.8556	0.2251	514.28	0.00229	0.0236	-0.00798	0.27182	-0.55632	168.34	0.00654	0.0157	0.02	0.00406	0.00799	9.6	0.00283	0.0777	0.95759	-0.70794	-0.48339	16	-0.15175	0.01614	-0.05118	-0.19158	0.03995	-0.07483	-0.02546	0.03696	0.07003	0.04192	0.00034	-0.0491	-0.03121	-0.13044	0.01178	-0.05874	0.01165	-0.01409	0.02174	0.01921	0.05306	-0.02592	0.00527	0.00743	0.07152	-0.0248	-0.05528	-0.01405	0.10178	0.00595	0.01753	0.01586	482.92	722846070	734399065	1000	/scratch.global/lanej/1000G/ngs_dose/1000G_highcov/crams/HG00123.cram	9ab0a0e8,a23ef9ed,7f3b4c3c	184ab16e		14	0.997657	0.998192	0.999561	0.999879	2.037	1.896	0.152	799.431	12.778	scan	F	GBR	EUR	F	0.999679	0.999912	0.997722	NA	-0.06	1.1702	1.0229	481.6622	477.6713	552.3961	174.3751	9.6781	2.0055	776.606	17.8931	496.1055	490.934	566.9232	158.4556	9.6613	2.0034	703.3525	21.584	751.0474	1.9432	0.1258	31.2987	F	2504	
HG00125	scan	0.1.0+fae1124	32.865	150	434	450	0.0757	0.972	1.1885	0.0557	0.0419		1.9866	22.3886	716.2221	1.9453	0.0026	present	344.41	344.41	331.78	336.86	0.2007	361.06	0.0407	338.18	411.51	355.6	394.85	282.45	343.49	347.93	432.8	266.17	327.0	287.12	344.5	252.48	304.76	339.8	356.65	163.611	NA	163.61	161.97	0.0963	198.46	0.0236	144.46	173.07	141.53	174.33	9.728	9.73	9.79	9.86	0.1235	9.73	0.0414	23.7914	1.5051	34.4492	66.4085	8.9559	139.7741	0.244	2.9214	0.637	0.8014	0.3415	348.71	0.00297	0.0306	0.48818	0.39967	-0.55038	161.97	0.013	0.0311	0.03978	-0.02441	-0.02212	9.66	0.00271	0.0743	-0.50604	0.22266	-0.39291	16	-0.04999	-0.04635	-0.13175	0.00281	-0.03016	-0.04256	0.06619	-0.00336	-0.04962	-0.0562	0.07113	-0.04548	0.08172	0.01638	0.03709	0.01655	-0.01636	0.02888	-0.04036	-0.05396	-0.01147	-0.06617	0.06992	-0.12944	0.06086	-0.11307	-0.05133	0.03696	-0.01951	0.06151	-0.02969	-0.06212	292.46	662827648	674254735	1000	/scratch.global/lanej/1000G/ngs_dose/1000G_highcov/crams/HG00125.cram	9ab0a0e8,a23ef9ed,7f3b4c3c	184ab16e		14	0.997398	0.999083	0.999619	0.999816	1.985	1.902	0.152	713.069	24.452	scan	F	GBR	EUR	F	0.999753	0.999853	0.997225	NA	0.0	1.1323	1.0198	361.3343	357.2009	411.2949	160.1083	9.6144	1.9869	743.8506	27.0523	399.2754	395.6298	456.0816	176.349	9.6112	1.9849	805.888	36.114	673.0139	1.9502	0.1242	29.2898	F	2504	
HG00126	scan	0.1.0+fae1124	46.983	150	436	450	0.0682	0.951	1.3197	0.0682	0.0612		1.9928	14.3688	1056.1543	0.9774	0.9735	present	538.072	538.07	524.64	536.55	0.1746	606.5	0.0491	517.1	716.23	556.68	660.22	450.92	614.97	544.65	767.17	428.13	592.34	449.22	597.69	409.04	563.54	541.35	591.11	120.506	NA	120.51	119.86	0.0751	162.42	0.0238	113.29	152.61	102.23	139.99	9.8	9.8	9.95	9.98	0.1041	9.87	0.04	19.1708	11.0599	39.6108	75.1528	9.2009	139.3975	0.2187	3.0072	0.4506	0.7982	0.3573	544.73	0.00333	0.0344	0.70648	-0.24867	-0.12323	120.53	0.01024	0.0245	-0.05702	-0.009	-0.01509	9.79	0.00219	0.0601	0.14857	0.19197	-0.12248	16	0.47029	0.09868	0.21259	0.04435	0.12877	0.05511	0.08486	-0.13744	-0.08107	-0.08559	0.05168	-0.05677	0.05667	-0.08446	0.05315	-0.04609	0.00347	0.01597	-0.00598	0.00276	-0.11491	-0.04694	0.04277	-0.00965	0.09385	0.03135	0.03193	0.07198	0.0646	-0.00998	0.02428	-0.00933	355.96	930909168	946558974	1000	/scratch.global/lanej/1000G/ngs_dose/1000G_highcov/crams/HG00126.cram	9ab0a0e8,a23ef9ed,7f3b4c3c	184ab16e		14	0.997743	0.999221	0.999487	0.999685	2.013	0.971	0.753	1043.112	17.71	scan	M	GBR	EUR	M	0.999565	0.999751	0.997857	NA	0.13	1.212	1.0219	560.0451	553.9934	670.5847	124.7343	9.8577	1.9954	1136.7804	25.7046	545.1821	541.6684	620.4729	122.0605	9.8262	1.997	1068.0444	24.2046	936.9139	0.9948	0.744	42.1553	M	2504	
HG00127	scan	0.1.0+fae1124	39.837	150	425	400	0.1003	0.97	1.2187	0.0557	0.0384		1.9931	7.5579	818.9477	1.9439	0.0035	present	430.057	430.06	415.91	421.98	0.1682	456.88	0.0522	407.54	491.71	440.12	494.46	323.25	379.46	429.05	525.99	340.61	410.96	351.82	422.7	303.97	364.36	431.23	459.27	230.064	NA	230.06	232.82	0.0755	281.1	0.0285	220.69	268.24	201.45	247.37	10.261	10.26	10.31	10.29	0.1199	10.26	0.0613	19.7676	1.6202	41.6604	79.9227	11.4968	141.7306	0.2428	2.8559	0.5967	0.9611	0.2878	433.6	0.00299	0.0308	0.36157	-0.23046	0.12166	228.38	0.0097	0.0232	-0.0085	0.02556	-0.03468	10.19	0.00313	0.0859	1.35436	-0.90793	1.03789	16	-0.26141	0.08773	0.05556	-0.16369	0.04619	-0.08255	-0.00534	-0.01813	0.01829	-0.01348	0.02899	0.02369	-0.06806	-0.064	0.06155	-0.0245	-0.0131	0.01728	0.08349	-0.1263	0.04098	-0.04145	-0.01409	-0.02035	0.02942	0.032	0.05977	0.0153	0.03221	0.05772	0.04718	0.01403	242.65	807935976	822993755	1000	/scratch.global/lanej/1000G/ngs_dose/1000G_highcov/crams/HG00127.cram	9ab0a0e8,a23ef9ed,7f3b4c3c	184ab16e		14	0.997738	0.998509	0.999585	0.999964	1.999	1.897	0.17	801.959	8.297	scan	F	GBR	EUR	F	0.999716	0.999965	0.997759	NA	0.53	1.1404	1.015	413.9556	412.4701	465.515	235.4391	10.3269	1.9961	803.3481	12.9326	443.265	441.5985	505.033	205.7752	10.2949	1.9961	750.1344	16.2601	748.494	1.937	0.1388	34.7026	F	2504	
HG00128	scan	0.1.0+fae1124	48.523	150	431	450	0.0899	0.9526	1.366	0.0495	0.0425		1.9836	11.675	1419.1064	1.948	0.0026	present	484.027	484.03	463.38	465.95	0.1925	542.21	0.0572	430.23	617.33	483.0	581.73	355.11	501.21	400.33	583.44	340.96	488.29	372.25	511.23	324.6	464.05	490.94	537.98	202.67	NA	202.67	196.87	0.0873	282.72	0.0295	193.89	270.43	177.35	251.65	9.915	9.92	10.11	10.16	0.1247	9.99	0.0526	22.6479	1.1877	60.6157	54.5136	10.503	156.7723	0.2483	3.5919	0.7104	0.8398	0.212	489.22	0.00543	0.056	0.00222	0.07568	0.4089	198.59	0.01107	0.0265	0.06635	0.02412	0.02957	9.97	0.00259	0.0709	-1.6361	-0.70246	0.07804	16	0.05298	-0.07895	-0.1748	-0.55803	0.03435	-0.3361	0.09171	-0.06354	-0.03812	-0.06811	-0.03169	-0.10744	-0.04637	-0.0586	-0.11607	0.02493	-0.0438	-0.05896	0.13832	-0.06588	-0.02442	-0.05953	-0.00045	0.04529	-0.01891	-0.0428	0.06213	0.02078	0.0199	-0.0142	0.21938	0.00598	633.41	983072634	997161108	1000	/scratch.global/lanej/1000G/ngs_dose/1000G_highcov/crams/HG00128.cram	9ab0a0e8,a23ef9ed,7f3b4c3c	184ab16e		14	0.99765	0.998334	0.999367	0.999717	2.07	1.884	0.136	1403.07	14.14	scan	F	GBR	EUR	F	0.999498	0.999783	0.998084	NA	0.31	1.1891	0.9873	463.7367	458.3512	546.3046	203.1903	9.9214	1.9955	1139.086	41.8995	494.1013	495.6614	538.9131	217.6849	9.609	1.9983	734.4678	37.0596	1229.8645	1.9314	0.114	42.6435	F	2504	
HG00129	scan	0.1.0+fae1124	33.995	150	440	450	0.0845	0.9901	1.1038	0.0755	0.0425		1.9895	26.8515	777.5467	0.9931	0.9749	present	323.36	323.36	304.32	304.42	0.2379	308.06	0.0396	278.97	263.19	308.77	322.83	202.29	195.18	251.27	245.98	204.35	197.88	232.28	242.62	179.7	166.52	322.07	327.78	181.944	NA	181.94	177.76	0.1007	194.73	0.0196	155.77	165.2	159.87	171.08	9.334	9.33	9.46	9.47	0.1251	9.43	0.0484	17.241	12.8868	45.3281	65.0076	11.2714	149.294	0.2387	3.1889	0.6595	0.8071	0.2283	322.05	0.006	0.0618	0.26016	0.90556	0.45411	179.75	0.01158	0.0277	0.06668	-0.02437	-0.0237	9.32	0.00287	0.0788	-0.97332	-0.40942	0.62247	16	-0.13568	0.04856	0.11259	-0.01361	0.00386	0.12495	0.0499	-0.15898	-0.04274	-0.02709	0.03361	0.02384	-0.00157	-0.16087	-0.06189	0.0564	0.0341	-0.00832	-0.05219	-0.00918	-0.00516	0.09438	0.01695	-0.07381	0.03403	0.02241	0.13045	-0.13198	-0.07104	-0.02531	0.06733	-0.02715	247.35	673978864	684163881	1000	/scratch.global/lanej/1000G/ngs_dose/1000G_highcov/crams/HG00129.cram	9ab0a0e8,a23ef9ed,7f3b4c3c	184ab16e		14	0.997376	0.998187	0.999501	0.999899	2.014	0.993	0.825	764.47	27.762	scan	M	GBR	EUR	M	0.99949	0.999978	0.997536	NA	-0.34	1.0024	0.9588	339.3763	339.8612	344.8838	179.2249	9.4845	1.9883	786.6939	56.5617	356.0977	353.7654	396.8508	176.6271	9.5341	1.9888	870.8159	67.237	717.776	1.0174	0.823	30.0344	M	2504	
HG00130	scan	0.1.0+fae1124	34.375	150	444	450	0.0798	0.9883	1.1242	0.0643	0.0454		2.0011	28.4731	795.0448	1.9264	0.0028	present	323.454	323.45	303.32	300.39	0.2308	308.08	0.0385	293.25	274.92	317.48	334.84	209.39	200.78	269.2	263.8	214.54	207.02	238.03	251.55	192.38	176.84	317.3	324.09	196.577	NA	196.58	190.56	0.099	214.24	0.0214	174.75	189.03	172.74	188.35	9.709	9.71	9.82	9.85	0.1222	9.79	0.0454	21.1181	1.2763	37.7464	49.057	11.8819	144.1132	0.2298	2.6278	0.6767	0.8508	0.2151	321.94	0.00503	0.0519	-0.37651	0.78831	0.32412	194.47	0.0237	0.0567	0.0911	-0.00272	-0.01693	9.66	0.00282	0.0775	0.38857	0.6095	0.04126	16	-0.07812	-0.13972	0.11891	-0.03993	-0.05436	-0.10442	0.02594	0.05866	-0.08005	-0.06485	-0.06428	0.0325	0.03726	-0.01872	-0.0266	0.11339	0.07127	0.07031	-0.002	0.0456	-0.05574	0.0005	0.05468	0.11207	0.04143	-0.04646	0.06873	0.04079	-0.06968	0.05213	-0.09213	0.08097	456.6	693198272	702473006	1000	/scratch.global/lanej/1000G/ngs_dose/1000G_highcov/crams/HG00130.cram	9ab0a0e8,a23ef9ed,7f3b4c3c	184ab16e		14	0.99754	0.997873	0.999591	1.0	2.006	1.879	0.131	761.152	29.256	scan	F	GBR	EUR	F	0.999765	1.0	0.997837	NA	0.0	1.0401	0.9861	319.8219	319.7121	339.7751	187.4367	9.7108	1.9969	814.0151	41.4025	354.3122	350.9953	404.0243	209.7556	9.7862	1.9995	828.2997	45.1752	709.4341	1.925	0.1072	30.5882	F	2504	
HG00131	scan	0.1.0+fae1124	38.37	150	433	450	0.1129	0.984	1.135	0.0676	0.0334		2.0059	5.5152	785.3495	0.9875	0.9791	present	428.738	428.74	412.63	415.91	0.2013	429.99	0.0579	400.61	416.66	428.51	462.17	323.54	340.53	408.69	440.08	314.86	334.09	342.52	377.97	282.89	289.34	428.24	441.92	96.845	NA	96.85	96.77	0.0905	108.89	0.0335	92.74	103.21	76.53	86.56	10.383	10.38	10.36	10.34	0.1153	10.32	0.0695	16.3935	12.1436	29.3455	79.798	9.4454	146.2236	0.2594	3.2139	0.5492	0.9375	0.1431	433.77	0.00314	0.0324	-0.43697	0.26502	-0.15653	95.89	0.0136	0.0325	-0.04528	-0.05562	-0.00257	10.18	0.00329	0.0904	1.11304	-1.24909	0.93372	16	-0.44025	-0.0987	-0.09651	-0.14665	0.06043	0.13531	-0.03005	-0.02144	-0.01039	-0.02371	0.03654	0.07003	0.04269	-0.07321	0.00514	0.04239	0.01116	0.04715	0.00277	-0.02433	0.04398	0.07079	-0.05131	-0.04096	-0.00572	-0.0259	-0.06814	-0.02059	-0.04905	-0.03083	-0.0316	-0.02621	290.59	761786370	774419258	1000	/scratch.global/lanej/1000G/ngs_dose/1000G_highcov/crams/HG00131.cram	9ab0a0e8,a23ef9ed,7f3b4c3c	184ab16e		14	0.997572	0.996648	0.999604	0.999904	1.972	0.996	0.821	770.61	5.742	scan	M	GBR	EUR	M	0.999741	0.999907	0.9974	NA	0.52	1.0655	0.9879	432.5462	427.7542	466.7808	96.6549	10.2993	2.0046	785.4794	9.3413	475.1091	465.4749	538.8624	97.418	10.3545	2.001	848.5549	8.6555	720.1511	1.019	0.8216	32.9561	M	2504	
HG00132	scan	0.1.0+fae1124	37.11	150	418	400	0.1171	0.9556	1.2903	0.0528	0.0532		1.9981	28.3431	823.3279	1.9417	0.0022	present	342.842	342.84	333.14	337.81	0.1615	379.42	0.0594	318.62	424.39	349.41	406.7	265.67	341.44	362.96	485.21	276.16	366.21	287.16	366.57	249.19	327.16	346.1	375.82	259.55	NA	259.55	258.12	0.0662	334.6	0.0335	247.63	319.32	230.11	297.57	9.666	9.67	9.74	9.77	0.111	9.67	0.0717	16.159	1.6231	37.0205	49.9263	10.8157	138.4908	0.2367	3.2148	0.8964	0.8183	0.5585	346.96	0.00358	0.0369	-0.01913	-0.56136	0.01186	258.16	0.00375	0.009	-0.01128	0.03368	-0.0032	9.58	0.00287	0.0786	0.82523	0.26256	0.48623	16	0.08648	0.2217	0.24056	0.09766	-0.0746	0.00656	0.14377	0.00857	0.02462	-0.04618	0.01979	-0.15127	0.03615	0.10833	0.03165	-0.15886	-0.03246	0.03161	-0.04787	-0.06343	-0.02903	0.07555	0.00206	-0.0335	-0.01698	0.14029	0.07067	0.0169	-0.09879	0.06171	-0.01524	0.01834	313.31	742558586	752371169	1000	/scratch.global/lanej/1000G/ngs_dose/1000G_highcov/crams/HG00132.cram	9ab0a0e8,a23ef9ed,7f3b4c3c	184ab16e		14	0.998093	0.999321	0.999655	0.999935	2.011	1.857	0.125	805.584	35.181	scan	F	GBR	EUR	F	0.999767	0.999954	0.998034	NA	-0.08	1.1722	1.0071	360.3769	360.2982	408.1845	258.8724	9.8057	1.9982	769.8372	22.4451	347.8672	345.7936	400.3212	252.7082	9.7626	1.9993	848.2477	44.1166	755.5026	1.9138	0.1068	31.4546	F	2504	
HG00133	scan	0.1.0+fae1124	56.515	150	424	400	0.0862	0.9661	1.2303	0.0398	0.0365		1.9923	32.5772	816.8219	1.8841	0.0024	present	339.362	339.36	328.74	332.77	0.1764	366.59	0.0502	322.35	417.22	344.04	389.33	266.07	333.13	352.58	458.39	269.84	347.0	283.22	350.91	254.14	326.3	340.27	362.98	253.793	NA	253.79	254.17	0.0668	317.64	0.0295	226.55	283.89	217.43	273.18	9.639	9.64	9.72	9.75	0.0965	9.65	0.0504	13.1182	1.5673	42.9246	61.9304	13.89	140.8142	0.2549	3.5795	0.4853	0.8593	0.4049	339.22	0.00317	0.0327	0.52497	-0.25107	-0.3007	251.35	0.00568	0.0136	-0.04261	0.02361	-0.01206	9.55	0.00228	0.0626	0.23951	0.09159	0.16921	16	-0.17568	-0.11513	0.07525	0.00528	-0.09395	-0.02961	0.0523	-0.02978	-0.03719	0.04349	0.03074	-0.04206	0.03844	-0.06233	0.01824	-0.03633	-0.00014	-0.00137	0.01184	-0.01014	0.026	-0.00223	0.0277	-0.0485	0.00457	0.01342	0.02914	0.01534	-0.0394	-0.0039	0.06105	0.0033	739.17	1135854044	1152665317	1000	/scratch.global/lanej/1000G/ngs_dose/1000G_highcov/crams/HG00133.cram	9ab0a0e8,a23ef9ed,7f3b4c3c	184ab16e		14	0.997831	0.998794	0.999599	0.999926	2.006	1.824	0.149	810.635	38.322	scan	F	GBR	EUR	F	0.999655	0.999937	0.997614	NA	-0.11	1.1477	1.0142	346.1375	347.7189	394.9959	251.1306	9.6622	1.9878	808.4856	39.4934	331.3006	334.0704	377.6848	244.1438	9.6693	1.9874	741.8704	34.2163	730.9633	1.875	0.1244	49.6946	F	2504	
HG00136	scan	0.1.0+fae1124	37.157	150	408	400	0.1163	0.9615	1.2447	0.0633	0.0456		2.0086	41.3203	774.0432	0.9993	0.9904	present	508.171	508.17	496.71	504.61	0.1571	557.07	0.063	496.4	637.98	517.63	594.55	400.98	500.09	531.08	690.21	417.93	537.77	432.6	539.81	383.75	487.34	511.86	550.1	185.204	NA	185.2	184.35	0.0688	234.12	0.0382	168.81	211.7	157.25	200.05	9.595	9.6	9.69	9.73	0.1034	9.62	0.0701	17.4117	14.8112	47.4348	74.7783	10.6288	140.2141	0.2549	2.3523	0.5739	0.9132	0.2771	518.49	0.00393	0.0405	0.17933	-0.40046	-0.15181	184.22	0.00631	0.0151	-0.03987	0.00895	0.00652	9.53	0.00272	0.0747	0.72504	0.16674	0.52524	16	-0.09226	-0.03604	0.11059	0.0093	0.07321	0.25012	0.10514	-0.10434	-0.09042	-0.03332	0.00098	-0.00878	0.06798	0.02143	0.04687	-0.03922	-0.04464	-0.01687	0.02998	-0.05583	0.05728	0.04824	0.04629	-0.07358	-0.00988	0.06444	-0.07838	-0.01806	0.05129	0.07921	-0.00908	0.08244	408.48	738320838	750046782	1000	/scratch.global/lanej/1000G/ngs_dose/1000G_highcov/crams/HG00136.cram	9ab0a0e8,a23ef9ed,7f3b4c3c	184ab16e		14	0.997968	0.999071	0.999637	0.999923	1.996	0.983	0.826	768.255	49.734	scan	M	GBR	EUR	M	0.999756	0.999941	0.99802	NA	-0.13	1.1467	0.9983	547.1155	537.8483	628.0271	186.5747	9.7041	2.0036	782.1242	47.4245	540.0658	532.9632	615.7291	179.2562	9.6813	2.0058	848.8112	47.1474	720.6829	1.0048	0.8318	31.6659	M	2504	
HG00137	scan	0.1.0+fae1124	36.784	150	441	450	0.0866	0.9904	1.1388	0.0785	0.0403		2.004	23.1614	878.0207	1.9571	0.0026	present	484.751	484.75	458.58	456.33	0.2178	471.15	0.0456	428.88	419.69	477.86	509.74	315.2	314.93	391.78	395.11	324.78	325.31	356.02	384.45	292.84	284.2	482.7	495.47	226.916	NA	226.92	218.32	0.1034	252.47	0.0192	195.31	215.63	206.29	229.99	9.976	9.98	10.03	10.07	0.1119	9.99	0.0485	21.32	1.83	42.8976	50.6218	8.2907	149.4331	0.2302	3.4569	0.386	0.8277	0.2294	481.72	0.00577	0.0595	0.17853	0.45995	0.70038	224.5	0.02105	0.0504	0.10297	-0.00943	-0.00521	9.85	0.00273	0.0748	0.38518	0.15877	-0.32075	16	-0.12988	-0.1653	-0.05402	-0.11993	0.06786	-0.00222	-0.07372	0.02178	-0.06771	-0.09428	-0.01549	-0.01835	-0.01662	-0.05949	0.0329	0.08073	0.00447	0.18376	0.01694	-0.04616	0.09494	0.04736	0.02528	-0.01371	0.00844	-0.16005	0.05132	0.00852	0.08232	0.07037	0.02853	-0.00157	471.52	745848152	756177758	1000	/scratch.global/lanej/1000G/ngs_dose/1000G_highcov/crams/HG00137.cram	9ab0a0e8,a23ef9ed,7f3b4c3c	184ab16e		14	0.997469	0.998346	0.999319	0.999813	2.033	1.923	0.128	863.637	24.834	scan	F	GBR	EUR	F	0.999604	0.999824	0.997694	NA	0.19	1.0582	0.992	471.5678	473.3433	509.3256	224.9052	9.8475	2.0023	925.3235	39.1904	519.5133	516.4031	595.5374	218.1606	9.8125	2.0028	787.6043	25.2389	801.2147	1.964	0.1036	32.5983	F	2504	
HG00138	scan	0.1.0+fae1124	38.976	150	443	450	0.0869	0.9722	1.2077	0.0732	0.0406		1.9878	38.1346	830.9682	0.9854	0.9719	present	335.385	335.39	320.6	322.86	0.2068	343.83	0.0441	311.43	341.46	332.11	369.48	249.68	276.76	315.37	358.79	246.62	275.92	263.01	306.03	230.74	248.44	333.45	351.37	158.154	NA	158.15	156.22	0.0887	188.37	0.0253	142.24	167.95	137.62	164.96	8.745	8.74	8.86	8.86	0.1127	8.81	0.0499	15.5035	10.6056	34.3208	70.6915	8.8447	138.5519	0.2194	2.9962	0.5615	0.8234	0.3062	336.39	0.00326	0.0336	0.18838	0.54248	-0.04364	157.9	0.01035	0.0248	0.04759	-0.01455	0.02762	8.69	0.00271	0.0743	0.58579	0.13237	0.48729	16	-0.06342	-0.13157	0.00704	-0.12477	-0.06403	-0.02939	0.07745	-0.11404	0.17159	0.09586	0.05231	0.06126	-0.00577	-0.07183	0.00273	-0.00223	-0.03702	-0.05796	-0.00912	0.09524	0.03389	-0.00826	-0.00476	-0.05541	-0.03607	0.07537	0.00834	0.02207	-0.02391	0.01183	0.02929	0.0469	534.94	771589722	783464511	1000	/scratch.global/lanej/1000G/ngs_dose/1000G_highcov/crams/HG00138.cram	9ab0a0e8,a23ef9ed,7f3b4c3c	184ab16e		14	0.997609	0.998232	0.999508	0.999964	1.962	0.983	0.78	810.784	43.549	scan	M	GBR	EUR	M	0.999633	0.999962	0.997484	NA	-0.97	1.0984	0.9873	342.5467	341.6271	371.6355	157.8414	8.6805	1.9893	804.3911	44.4242	328.6859	326.4508	372.5364	158.9138	8.669	1.9864	879.269	76.1602	757.0139	1.0068	0.7784	34.3252	M	2504	DJ -0.97 copies
HG00139	scan	0.1.0+fae1124	40.874	150	440	450	0.1414	0.9768	1.1776	0.0649	0.0411		1.9981	18.7133	737.364	0.9866	0.7875	present	391.714	391.71	379.0	380.22	0.1966	404.63	0.0689	371.28	412.17	388.93	428.69	301.36	335.84	388.36	441.6	297.36	334.03	321.47	370.28	267.69	294.98	392.33	410.82	229.195	NA	229.19	228.95	0.0887	269.46	0.038	202.35	236.78	203.75	241.33	9.697	9.7	9.8	9.82	0.12	9.75	0.0804	16.0561	7.9411	45.6535	71.7945	10.9798	144.3446	0.2435	3.0023	0.678	0.9109	0.2481	397.32	0.00288	0.0297	-0.33494	0.02055	-0.17788	227.31	0.00992	0.0237	0.03492	0.00464	-0.04087	9.65	0.00266	0.0729	-0.75819	-0.44546	0.0043	16	-0.06401	0.03838	-0.01772	-0.06519	0.07823	0.00089	-0.07763	-0.02498	-0.04616	0.01092	-0.02787	0.04069	-0.03374	-0.03259	-0.01266	0.01674	0.05957	-0.02649	0.00962	-0.01936	0.07769	0.02878	-0.06185	0.12155	0.0563	-0.08893	0.06506	0.00111	-0.03385	0.04313	-0.03143	-0.01849	418.72	810630240	823540372	1000	/scratch.global/lanej/1000G/ngs_dose/1000G_highcov/crams/HG00139.cram	9ab0a0e8,a23ef9ed,7f3b4c3c	184ab16e		14	0.997908	0.998642	0.999657	0.999854	2.03	0.978	0.645	725.422	20.484	scan	M	GBR	EUR	M	0.999712	0.999913	0.997938	NA	-0.01	1.079	0.9789	378.8415	372.9073	410.2742	232.2443	9.6603	2.0004	729.7692	22.8925	422.0674	414.1157	471.4072	212.7866	9.6302	1.9972	729.1327	23.0056	682.1347	0.9978	0.6532	34.0526	M	2504	chrY 0.79 (mosaic Y loss?)
HG00140	scan	0.1.0+fae1124	37.848	150	396	400	0.1073	0.9599	1.2845	0.0683	0.0492		1.9967	93.6873	668.9403	0.9914	0.9691	present	537.731	537.73	521.34	529.03	0.1614	594.19	0.0613	521.21	697.11	551.9	645.63	438.35	557.07	580.67	785.08	448.04	596.92	459.07	589.08	404.08	529.14	535.02	580.81	157.968	NA	157.97	159.3	0.0734	205.85	0.0357	146.76	191.03	123.46	161.59	9.883	9.88	9.98	10.0	0.1104	9.9	0.0628	25.6857	13.4056	44.0734	79.9997	12.5896	145.1288	0.2537	2.6141	0.6256	0.9188	0.3598	544.48	0.0041	0.0422	0.29641	-0.28921	-0.37758	159.52	0.00908	0.0217	-0.10248	-0.02932	-0.00661	9.84	0.00264	0.0725	0.39103	0.48992	0.11952	16	0.17164	-0.03981	0.03369	-0.10617	0.10646	0.13616	0.06602	-0.19436	0.04706	-0.0036	-0.0033	0.05287	-0.03373	-0.03782	0.00508	0.00502	0.01803	0.00982	-0.06796	-0.06346	-0.06475	-0.03858	-0.05614	-0.10674	-0.0014	-0.11399	0.07922	0.04046	-0.01825	-0.01157	0.06271	-0.08778	348.62	758063834	771266272	1000	/scratch.global/lanej/1000G/ngs_dose/1000G_highcov/crams/HG00140.cram	9ab0a0e8,a23ef9ed,7f3b4c3c	184ab16e		14	0.99832	0.998523	0.999719	0.999897	2.024	0.982	0.847	660.537	115.737	scan	M	GBR	EUR	M	0.999794	0.999911	0.99828	NA	0.18	1.1858	1.0136	558.8996	550.2027	662.3796	163.2382	9.8252	1.9993	666.8642	120.9759	576.9605	570.9928	661.6919	145.0036	9.8349	1.9994	702.2643	65.3241	622.699	1.0	0.8486	32.6194	M	2504	
HG00141	scan	0.1.0+fae1124	36.85	150	430	450	0.0599	0.9932	1.1278	0.0748	0.0402		2.0111	18.3788	690.5966	0.9922	0.9977	present	398.796	398.8	378.83	381.08	0.202	390.3	0.0366	374.21	395.66	408.38	429.6	299.09	318.42	371.72	406.24	290.36	312.26	317.04	349.3	261.64	272.62	391.41	397.16	212.599	NA	212.6	212.34	0.0947	238.88	0.025	209.6	233.16	167.37	189.85	9.676	9.68	9.73	9.74	0.126	9.67	0.0319	12.1568	12.3822	40.6801	68.5121	13.0613	140.0473	0.2666	3.5883	0.5323	0.8734	0.1457	399.02	0.00339	0.0349	0.16495	0.33408	0.22511	211.66	0.01064	0.0255	-0.03532	-0.06548	-0.03307	9.58	0.00242	0.0665	0.14574	-0.23577	-0.23121	16	-0.09819	-0.06735	-0.01895	-0.11192	0.07587	0.08594	-0.09436	0.02482	-0.02087	-0.05981	0.01604	-0.10795	0.03633	-0.05156	0.05558	0.04027	0.09049	0.10784	0.02234	-0.01251	0.06468	-0.02451	0.02963	-0.02983	-0.0941	0.0753	-0.06638	0.03183	0.00716	0.00485	0.00847	0.05748	980.56	730410340	741653574	1000	/scratch.global/lanej/1000G/ngs_dose/1000G_highcov/crams/HG00141.cram	9ab0a0e8,a23ef9ed,7f3b4c3c	184ab16e		14	0.997146	0.998138	0.999635	0.999909	2.0	0.989	0.784	672.362	19.041	scan	M	GBR	EUR	M	0.999729	0.999906	0.997313	NA	-0.08	1.0766	1.0235	395.094	396.0506	427.882	214.2887	9.6641	2.0107	720.8653	29.6895	415.8864	414.2509	473.3958	222.1823	9.6758	2.0083	727.3826	29.0299	630.7942	1.0114	0.7736	33.3787	M	2504	
HG00142	scan	0.1.0+fae1124	36.403	150	418	400	0.1102	0.9585	1.28	0.0662	0.0472	chr11,chr13	2.0487	85.3747	939.4907	0.9866	0.9679	present	524.796	524.8	503.99	516.94	0.1641	568.16	0.0609	499.68	646.31	524.21	605.38	405.06	505.44	546.61	713.13	419.94	540.19	434.22	546.62	371.09	475.29	521.0	562.64	250.307	NA	250.31	249.64	0.0672	319.28	0.0354	241.68	308.38	207.15	265.11	10.409	10.41	10.49	10.56	0.1247	10.42	0.0587	17.6459	8.5908	47.7529	73.3559	12.6848	145.3913	0.2787	3.0572	0.599	0.9466	0.3011	523.39	0.00428	0.0441	0.64385	-0.38404	-0.01301	248.91	0.01428	0.0342	-0.06861	-0.00049	0.02205	10.35	0.00274	0.0752	0.64694	-0.01622	-0.47197	16	-0.06589	-0.06075	-0.0904	0.30802	1.77829	-0.29295	1.37949	0.97116	-0.00334	-0.09515	-0.01007	-0.05536	-0.03748	0.08279	0.02607	0.03196	-0.05755	-0.02456	-0.10551	-0.00671	-0.01501	0.02161	-0.03657	-0.03498	0.03548	-0.00274	-0.03531	-0.06983	-0.04145	-0.05315	-0.01387	0.0093	852.08	743725102	755954132	1000	/scratch.global/lanej/1000G/ngs_dose/1000G_highcov/crams/HG00142.cram	9ab0a0e8,a23ef9ed,7f3b4c3c	184ab16e		14	0.99812	0.998818	0.999702	0.999966	2.015	0.977	0.709	932.043	107.795	scan	M	GBR	EUR	M	0.999743	0.999976	0.998175	NA	0.69	1.1567	1.0016	412.6591	410.2887	468.9617	204.5331	9.7199	2.0038	772.9765	63.616	508.8199	503.766	581.0445	178.7362	9.8374	2.0	781.8857	64.4148	853.9583	0.9708	0.6912	32.1769	M	2504	aneuploid: chr11,chr13
HG00143	scan	0.1.0+fae1124	36.345	150	434	450	0.0709	0.9839	1.1242	0.0606	0.0491		2.0004	34.0675	668.031	0.9902	0.9702	present	385.039	385.04	364.51	364.34	0.2032	380.65	0.0391	358.3	383.64	388.36	416.46	281.82	303.99	354.13	388.39	272.97	296.41	301.9	335.77	258.78	275.28	377.74	388.64	164.666	NA	164.67	161.89	0.0971	186.79	0.021	146.32	164.75	147.12	168.13	9.827	9.83	9.91	9.91	0.1091	9.85	0.0404	16.9211	11.532	44.4133	60.3943	11.113	152.556	0.2522	3.3834	0.6642	0.8478	0.2005	380.15	0.0042	0.0433	0.33892	0.33967	0.16122	163.33	0.01063	0.0254	0.07673	0.00049	0.0078	9.74	0.00257	0.0704	0.5603	0.32328	0.12576	16	0.18018	0.02164	0.05533	-0.09581	0.09618	0.01328	0.04213	-0.10274	0.06541	0.05403	0.01284	-0.07824	0.06797	-0.15396	0.01179	0.09378	0.0059	-0.07411	0.01536	-0.07253	-0.00875	-0.01106	-0.04999	0.02451	-0.00526	0.02715	-0.00498	0.0622	0.0866	-0.0262	0.01461	-0.0242	378.14	721225054	730740202	1000	/scratch.global/lanej/1000G/ngs_dose/1000G_highcov/crams/HG00143.cram	9ab0a0e8,a23ef9ed,7f3b4c3c	184ab16e		14	0.99732	0.99849	0.999438	0.999882	2.066	0.983	0.77	663.455	36.309	scan	M	GBR	EUR	M	0.999732	0.999939	0.997456	NA	0.08	1.0955	1.0216	386.6257	390.7527	422.3734	163.8492	9.7561	2.0026	693.5141	66.9693	406.2726	408.5324	468.6684	171.5285	9.8005	2.0025	697.9237	61.1909	623.7367	1.0046	0.7682	32.5717	M	2504	
HG00145	scan	0.1.0+fae1124	33.917	150	430	450	0.0766	0.9554	1.2936	0.0756	0.0449		1.9903	203.572	682.6566	0.989	0.9518	present	459.433	459.43	445.53	449.79	0.1541	509.36	0.0467	448.69	594.05	465.7	548.33	382.64	500.4	481.96	648.82	371.84	492.34	386.12	498.64	350.76	461.22	457.23	498.73	165.222	NA	165.22	164.21	0.0711	215.97	0.0225	150.32	196.72	145.92	192.94	9.659	9.66	9.82	9.83	0.1238	9.75	0.0442	20.5776	9.1337	39.8488	73.3843	11.5601	140.1686	0.2451	3.5439	0.7759	0.8424	0.3528	465.71	0.00451	0.0465	-0.16405	-0.58692	0.0013	164.45	0.00425	0.0102	-0.00706	0.0273	0.00994	9.66	0.00271	0.0743	-0.58063	0.49148	0.26815	16	-0.15209	0.26846	0.19193	0.00518	0.05856	-0.13006	-0.03084	-0.11557	0.01814	0.08939	-0.03502	0.11292	-0.0078	0.03124	0.12616	0.04315	0.08751	-0.04648	-0.04006	0.11543	-0.04065	0.03021	-0.04511	-0.02033	-0.02915	-0.17388	0.04046	-0.08628	0.04401	-0.00224	0.09519	0.05976	438.4	678268792	689183756	1000	/scratch.global/lanej/1000G/ngs_dose/1000G_highcov/crams/HG00145.cram	9ab0a0e8,a23ef9ed,7f3b4c3c	184ab16e		14	0.997968	0.998684	0.999575	0.999854	2.03	0.989	0.769	678.348	238.922	scan	M	GBR	EUR	M	0.999582	0.999891	0.997929	NA	0.0	1.1774	1.0	448.2997	442.395	519.295	169.8879	9.7441	1.9948	695.3182	216.6839	500.574	495.7243	568.8386	151.1209	9.8008	1.9915	579.6027	92.7766	646.6055	1.0106	0.7622	30.2791	M	2504	
HG00146	scan	0.1.0+fae1124	48.416	150	424	400	0.0928	0.9678	1.2171	0.0452	0.034		1.9964	32.8512	690.1174	1.9567	0.0025	present	479.877	479.88	465.0	474.2	0.1523	514.17	0.0565	468.57	595.27	486.17	543.72	372.22	459.48	500.07	639.71	385.61	489.15	404.73	494.75	351.63	442.34	478.88	508.0	151.044	NA	151.04	152.05	0.0867	186.6	0.0353	141.44	173.87	121.86	151.38	10.381	10.38	10.41	10.41	0.1152	10.35	0.0542	18.973	1.6967	43.8965	74.4532	11.0819	141.311	0.2553	3.9464	0.6286	0.9212	0.5805	484.49	0.00397	0.0409	0.29971	-0.4362	-0.06702	152.65	0.00692	0.0166	-0.09259	-0.0607	-0.04549	10.25	0.00292	0.0801	1.2875	-0.84944	0.44085	16	-0.44714	0.02007	0.00977	0.10868	-0.08701	0.06876	0.08327	0.05064	-0.02593	-0.01728	-0.00907	0.01463	0.01562	-0.03813	0.02289	-0.0448	-0.0784	0.02112	-0.03304	0.00152	-0.01488	-0.05938	0.0405	0.02852	-0.02028	0.02258	0.01686	0.01531	0.04987	-0.04481	0.00806	0.07486	388.5	980614348	998225764	1000	/scratch.global/lanej/1000G/ngs_dose/1000G_highcov/crams/HG00146.cram	9ab0a0e8,a23ef9ed,7f3b4c3c	184ab16e		14	0.998023	0.999091	0.999653	0.999941	2.02	1.915	0.17	685.724	37.482	scan	F	GBR	EUR	F	0.999765	0.999974	0.998073	NA	0.59	1.1223	1.0035	496.4238	493.845	558.5455	150.662	10.4366	1.9896	713.6441	31.0592	484.6179	483.9215	548.3794	144.4389	10.4015	1.9906	683.2682	34.0463	635.678	1.9614	0.1394	42.4375	F	2504	
HG00148	scan	0.1.0+fae1124	35.176	150	419	400	0.1173	0.9632	1.293	0.068	0.041		2.0021	12.0567	1087.0056	0.9986	0.9812	present	361.328	361.33	352.4	357.22	0.1973	401.39	0.0599	352.71	479.16	377.56	437.75	290.54	378.63	372.32	509.43	292.42	395.11	312.01	403.69	281.56	377.44	361.91	390.65	163.576	NA	163.58	160.69	0.0739	214.43	0.0361	144.6	189.33	138.12	181.98	9.772	9.77	9.78	9.75	0.1116	9.68	0.0665	17.9065	11.0299	44.5861	78.8544	10.2608	141.2613	0.2568	3.3389	0.7386	0.9166	0.2097	368.92	0.0042	0.0433	0.43586	0.141	-0.43689	161.66	0.00494	0.0118	-0.05077	-0.00915	0.00459	9.57	0.00285	0.0783	1.21342	-0.01969	0.1591	16	-0.27956	-0.05542	0.00817	-0.27471	0.13868	-0.03009	-0.06774	-0.07533	-0.07995	-0.11533	0.07337	-0.00538	0.04827	0.03137	0.0272	-0.08869	0.01982	-0.01909	-0.00539	0.07858	-0.08796	-0.07672	0.03121	0.01786	-0.04032	-0.06851	0.05323	0.03339	0.11616	0.02876	0.01349	0.0789	303.34	695757406	706998001	1000	/scratch.global/lanej/1000G/ngs_dose/1000G_highcov/crams/HG00148.cram	9ab0a0e8,a23ef9ed,7f3b4c3c	184ab16e		14	0.998006	0.997623	0.999618	0.999894	2.003	0.983	0.8	1077.707	14.091	scan	M	GBR	EUR	M	0.999521	0.999945	0.998056	NA	-0.09	1.1866	1.0234	355.8266	351.1647	416.455	171.5506	9.7185	2.0078	942.9982	26.6378	381.2394	376.5998	429.9235	152.0726	9.7624	2.0056	880.2594	22.8562	997.3958	1.0104	0.813	29.8681	M	2504	
HG00149	scan	0.1.0+fae1124	36.46	150	433	450	0.0811	0.9572	1.2717	0.0646	0.049	chr12	2.0006	64.4554	659.3634	0.9949	1.0378	present	491.224	491.22	481.24	485.0	0.1592	548.06	0.0511	488.23	651.73	508.79	594.68	419.98	556.8	535.47	719.54	407.17	543.81	419.66	540.4	377.04	504.61	492.27	533.35	185.428	NA	185.43	185.66	0.0677	241.6	0.0235	176.06	227.76	160.65	212.58	9.738	9.74	9.84	9.85	0.1192	9.76	0.0462	18.8038	10.8563	47.5102	71.8024	12.9308	146.9417	0.2517	3.088	1.0353	0.9112	0.6843	500.86	0.00358	0.0369	0.15488	-0.34139	-0.21841	184.05	0.00885	0.0212	-0.045	0.02111	0.0148	9.69	0.00279	0.0766	-0.26558	0.32273	0.18349	16	0.22922	-0.14357	0.21249	0.06812	-0.01039	0.20104	-0.04201	0.01236	-0.00208	-0.0416	-0.03625	0.05954	0.04135	0.12189	-0.00258	-0.01034	0.0551	0.06826	-0.05292	0.00788	0.03808	-0.03707	-0.01418	0.02217	-0.06172	-0.05155	-0.02494	0.05213	0.07164	-0.01247	-0.00794	-0.04859	464.85	728599638	739804383	1000	/scratch.global/lanej/1000G/ngs_dose/1000G_highcov/crams/HG00149.cram	9ab0a0e8,a23ef9ed,7f3b4c3c	184ab16e		14	0.998013	0.99896	0.999756	0.99997	2.061	0.977	0.774	654.668	72.673	scan	M	GBR	EUR	M	0.999851	0.999973	0.998049	NA	0.03	1.1873	1.0158	504.5032	494.3044	603.1392	181.5881	9.7508	1.9971	678.6102	41.0929	526.2494	518.8554	601.3131	177.1781	9.648	1.9966	697.8204	44.1471	618.9962	0.994	0.7708	32.5373	M	2504	aneuploid: chr12
HG00150	scan	0.1.0+fae1124	44.212	150	426	450	0.087	0.9676	1.2429	0.0546	0.0478		1.9986	63.0553	637.1359	1.9423	0.0028	present	468.931	468.93	455.38	455.35	0.1586	507.31	0.0544	459.97	592.56	475.74	541.95	393.98	501.28	484.12	631.96	374.29	481.65	387.56	483.76	360.8	462.75	468.28	498.69	163.724	NA	163.72	163.62	0.0653	206.51	0.033	145.07	183.07	136.22	173.89	9.714	9.71	9.78	9.78	0.1035	9.7	0.0515	19.3698	1.9873	37.3772	56.4357	9.476	143.5142	0.2288	2.6374	0.5699	0.8312	0.2406	474.55	0.00357	0.0368	0.24159	-0.29643	-0.24944	161.27	0.01445	0.0346	-0.09062	0.03875	-0.02283	9.59	0.00255	0.0698	0.85441	0.0222	-0.61978	16	0.0356	-0.06732	-0.12826	0.18218	0.07	0.05448	-0.04286	0.04365	-0.06019	0.00608	-0.02251	0.02946	-0.00231	-0.09344	-0.09161	-0.01429	-0.06754	0.03748	-0.0951	0.04871	-0.11285	0.06662	-0.06581	0.02895	-0.04245	-0.01451	0.03573	-0.01522	0.04825	0.08599	0.08171	-0.02598	499.69	892306456	905455115	1000	/scratch.global/lanej/1000G/ngs_dose/1000G_highcov/crams/HG00150.cram	9ab0a0e8,a23ef9ed,7f3b4c3c	184ab16e		14	0.997744	0.99849	0.999683	0.999912	1.985	1.881	0.136	629.081	73.465	scan	F	GBR	EUR	F	0.999802	0.999939	0.997941	NA	-0.07	1.142	1.0025	462.6175	455.0233	537.3934	160.3941	9.4776	1.9949	660.9494	52.0168	473.7688	470.834	538.2035	154.0187	9.472	1.9967	678.8986	51.8261	588.9574	1.929	0.1146	38.9513	F	2504	
HG00151	scan	0.1.0+fae1124	39.174	150	426	450	0.0803	0.9693	1.2234	0.067	0.0489		1.9957	43.3199	806.5362	0.9944	0.982	present	344.859	344.86	340.45	341.42	0.1514	374.15	0.0474	351.97	439.09	356.36	399.38	308.88	379.81	345.25	436.97	291.14	362.4	295.25	359.72	281.11	348.62	347.21	366.89	138.801	NA	138.8	139.24	0.0642	171.04	0.0239	134.18	166.03	121.38	151.05	10.058	10.06	10.19	10.25	0.1106	10.12	0.0489	21.0879	12.3409	52.6487	78.5807	10.7509	141.2071	0.2526	2.6876	0.6247	0.8859	0.3101	355.58	0.00472	0.0486	0.05961	-0.38389	-0.31696	136.96	0.01204	0.0288	-0.04511	0.02158	0.06063	10.01	0.00254	0.0697	-0.0387	0.31741	-0.49719	16	0.04674	-0.09398	-0.1094	0.44142	0.16853	0.08616	-0.00965	-0.16633	0.07827	-0.01708	0.02839	-0.0318	-0.06778	-0.06021	0.07008	0.03448	0.00559	0.00649	0.07859	-0.03691	-0.05259	-0.15583	0.02483	-0.00844	-0.11185	0.06551	0.10498	-0.0271	0.07789	-0.11779	-0.0795	-0.00448	475.44	784025758	796886393	1000	/scratch.global/lanej/1000G/ngs_dose/1000G_highcov/crams/HG00151.cram	9ab0a0e8,a23ef9ed,7f3b4c3c	184ab16e		14	0.998052	0.998987	0.999653	0.99988	2.07	0.983	0.815	779.891	48.739	scan	M	GBR	EUR	M	0.999823	0.999899	0.998012	NA	0.35	1.1232	1.0022	384.6427	370.3972	442.1353	135.3019	9.7242	1.9875	918.117	23.2741	376.6211	366.6359	429.9181	134.8596	9.6291	1.9886	812.6802	26.7545	724.6825	0.9988	0.8068	34.9809	M	2504	
HG00154	scan	0.1.0+fae1124	38.211	150	445	450	0.1032	0.969	1.2445	0.0685	0.0498		2.0008	58.7157	703.7692	1.3226	0.0033	present	379.933	379.93	362.85	360.16	0.192	395.07	0.0523	347.69	401.01	363.54	412.88	276.8	322.08	322.71	384.07	267.84	314.23	288.28	346.24	247.22	280.41	381.56	404.4	208.525	NA	208.52	204.9	0.0985	255.32	0.0293	189.37	229.72	188.37	232.25	9.996	10.0	10.14	10.13	0.1157	10.07	0.0631	12.8495	1.1384	50.5209	53.9788	11.5589	131.3816	0.2278	2.6234	0.4912	0.8248	0.3045	383.32	0.00267	0.0275	0.08628	0.17539	0.32044	206.58	0.0217	0.0519	0.09263	-0.01219	0.03391	9.95	0.00261	0.0716	-0.01303	-0.19475	-0.78761	16	0.14484	-0.07017	-0.14728	0.11218	-0.01291	-0.09141	-0.04225	-0.06253	-0.00194	-0.02769	0.01493	-0.01954	-0.03581	-0.05776	-0.15572	0.02996	0.1031	0.04675	-0.13535	-0.03269	0.01934	-0.01793	-0.09449	0.00523	0.01717	0.01235	-0.03052	-0.04041	0.00436	-0.02993	-0.01702	0.0372	362.62	760389100	771122566	1000	/scratch.global/lanej/1000G/ngs_dose/1000G_highcov/crams/HG00154.cram	9ab0a0e8,a23ef9ed,7f3b4c3c	184ab16e		14	0.997848	0.998595	0.999597	0.999877	2.042	1.296	0.134	687.604	67.581	scan	F	GBR	EUR	F	0.99976	0.999928	0.997899	NA	0.29	1.0771	0.9484	388.6148	382.3605	426.868	202.1487	9.751	2.0025	670.1899	57.6188	404.4482	398.4354	449.5508	204.3223	9.5729	1.9981	706.8583	47.2989	647.3197	1.3272	0.112	33.2145	F	2504	chrX 1.32 (mosaic X loss?)
HG00155	scan	0.1.0+fae1124	34.149	150	422	400	0.0732	0.9617	1.2246	0.0672	0.0444		1.9878	114.506	703.1929	0.9911	0.9055	present	209.966	209.97	201.81	206.42	0.1919	224.02	0.0378	201.82	252.92	213.5	241.82	162.76	195.55	215.29	273.21	166.21	207.82	172.39	210.41	153.25	189.0	208.24	222.83	203.151	NA	203.15	202.38	0.0729	251.71	0.0233	193.38	238.95	176.5	219.66	9.725	9.73	9.81	9.78	0.1089	9.75	0.0436	21.4606	9.9925	51.1064	90.4047	15.2482	139.6829	0.2615	3.182	0.7464	0.8745	0.6162	211.15	0.00352	0.0363	0.38434	0.11578	-0.42367	200.61	0.00763	0.0183	-0.01125	0.03114	-0.02473	9.64	0.00272	0.0746	0.84979	-0.07818	0.14964	16	-0.03683	-0.00725	0.06402	0.13279	0.0245	0.14879	0.04077	-0.03686	-0.002	0.00279	0.05709	-0.04585	0.0587	-0.04864	-0.04749	-0.0728	-0.00536	0.00672	0.04892	-0.05768	0.04796	0.03871	-0.02851	0.0921	0.10759	-0.08011	0.00985	0.03085	0.01574	0.02382	0.02965	0.1319	343.71	682665458	696122720	1000	/scratch.global/lanej/1000G/ngs_dose/1000G_highcov/crams/HG00155.cram	9ab0a0e8,a23ef9ed,7f3b4c3c	184ab16e		14	0.997899	0.998658	0.999551	0.999907	2.043	0.984	0.768	691.176	130.815	scan	M	GBR	EUR	M	0.999743	0.999902	0.998046	NA	-0.02	1.1453	1.0111	218.7849	218.3449	249.6019	200.2374	9.7406	1.9841	687.4613	112.7612	205.535	204.7441	233.2591	195.8943	9.8586	1.9849	761.8508	128.2413	653.5793	1.004	0.7538	30.5949	M	2504	
HG00157	scan	0.1.0+fae1124	34.388	150	418	400	0.0854	0.962	1.2484	0.0717	0.052		2.0081	57.1215	709.5495	0.9968	0.9806	present	474.731	474.73	461.97	469.24	0.1651	521.42	0.0511	468.75	614.57	489.12	565.4	392.37	496.68	485.04	642.2	393.79	515.05	406.45	513.37	363.87	471.77	473.15	509.92	223.083	NA	223.08	221.23	0.0618	285.67	0.0333	199.74	254.92	188.47	242.68	9.68	9.68	9.9	9.95	0.1332	9.82	0.0466	16.9509	10.5233	42.4145	72.4212	12.9356	139.765	0.2462	3.6042	0.6527	0.7752	0.2458	478.64	0.00445	0.0459	0.45297	-0.25703	-0.39793	221.5	0.01087	0.026	-0.0821	0.02319	0.00026	9.77	0.00291	0.0798	-1.21456	-0.0556	-0.41052	16	0.2021	-0.05832	-0.1046	0.31617	0.12398	0.05668	-0.03864	-0.13177	0.00641	0.03178	-0.00319	0.026	-0.02022	-0.08391	-0.02194	-0.04844	-0.09346	0.04716	0.0597	0.17577	-0.06782	-0.02108	0.01229	0.05521	-0.06843	-0.03904	-0.11765	-0.15293	0.04135	0.14135	-0.05401	-0.05949	335.77	687570896	697840117	1000	/scratch.global/lanej/1000G/ngs_dose/1000G_highcov/crams/HG00157.cram	9ab0a0e8,a23ef9ed,7f3b4c3c	184ab16e		14	0.998175	0.998382	0.999707	0.999946	2.024	0.988	0.759	695.615	67.457	scan	M	GBR	EUR	M	0.999829	0.999973	0.99814	NA	0.11	1.1813	1.0219	487.1203	480.5153	580.7039	225.6014	9.5458	2.0053	753.2296	35.5056	457.9287	454.6849	531.2291	214.1821	9.5328	2.0067	800.3151	50.443	654.9238	1.0048	0.7572	30.5309	M	2504	
HG00158	scan	0.1.0+fae1124	40.459	150	437	450	0.0878	0.965	1.2592	0.0634	0.051		1.9921	74.364	693.7796	1.9327	0.003	present	296.078	296.08	291.21	294.55	0.1866	328.26	0.0522	282.34	382.27	310.84	356.1	250.14	333.84	287.8	392.3	232.8	313.88	246.0	314.59	215.42	291.29	301.88	322.12	136.228	NA	136.23	136.41	0.0666	175.31	0.028	125.01	160.76	114.94	150.01	9.709	9.71	9.85	9.9	0.1223	9.76	0.0474	20.8123	1.505	43.047	66.915	7.8082	138.9333	0.2278	3.4182	0.3698	0.767	0.2479	301.63	0.00328	0.0339	0.58352	-0.13075	-0.2491	136.05	0.01171	0.028	-0.04631	0.01379	0.025	9.66	0.00273	0.0748	-0.70946	0.25762	-0.30041	16	0.29203	-0.05451	-0.0869	0.07151	0.03334	-0.05128	-0.10913	0.01698	-0.13252	-0.13708	-0.06391	0.04335	-0.0491	0.06852	0.05084	-0.00168	-0.07454	0.01569	-0.06123	0.04887	-0.03609	-0.00629	-0.0034	-0.12801	-0.00756	-0.0304	0.029	0.05554	-0.02951	0.00416	0.00455	-0.03349	373.42	816511884	829764208	1000	/scratch.global/lanej/1000G/ngs_dose/1000G_highcov/crams/HG00158.cram	9ab0a0e8,a23ef9ed,7f3b4c3c	184ab16e		14	0.997885	0.998038	0.999625	0.999812	2.049	1.872	0.144	680.226	84.666	scan	F	GBR	EUR	F	0.99952	0.999824	0.998146	NA	0.0	1.1806	1.0305	290.2195	283.4662	348.4901	139.0036	9.488	1.9946	777.3434	59.7637	331.4669	326.5733	386.3694	126.7991	9.5625	1.9955	864.0956	81.2291	630.3055	1.9224	0.1196	35.6341	F	2504	
HG00159	scan	0.1.0+fae1124	38.232	150	436	450	0.0852	0.9778	1.1778	0.0736	0.0436		2.0005	20.7921	735.4855	0.9863	0.88	present	606.275	606.27	582.38	593.53	0.1885	617.95	0.0513	580.28	632.77	595.17	654.68	446.7	491.33	547.07	619.01	448.51	498.5	472.94	543.41	421.27	451.43	605.77	631.16	270.804	NA	270.8	263.33	0.0825	318.09	0.022	234.93	273.7	233.48	276.21	9.862	9.86	9.92	9.93	0.1166	9.85	0.0479	18.393	11.9438	46.3402	76.5985	11.2778	148.5618	0.2565	2.8258	0.6194	0.9789	0.3202	604.57	0.0027	0.0279	0.57313	0.10766	0.32407	269.98	0.00556	0.0133	0.00861	-0.01446	-0.0024	9.75	0.00256	0.0703	0.47425	0.66543	0.01485	16	-0.01484	-0.09184	-0.08725	0.07314	0.00847	0.10409	0.14394	-0.12518	0.01133	-0.06373	0.05388	0.01227	-0.04073	-0.00122	-0.04372	0.02586	-0.01412	0.03209	0.09828	0.03841	0.03611	-0.05693	0.03915	-0.03916	-0.00989	-0.00734	-0.00953	-0.02337	-0.01078	0.0345	-0.03941	-0.04146	485.85	762604954	775456683	1000	/scratch.global/lanej/1000G/ngs_dose/1000G_highcov/crams/HG00159.cram	9ab0a0e8,a23ef9ed,7f3b4c3c	184ab16e		14	0.997635	0.998602	0.999588	0.999923	2.025	0.985	0.772	709.864	23.301	scan	M	GBR	EUR	M	0.999754	0.99993	0.997769	NA	0.09	1.0829	0.9845	656.474	655.2793	724.0054	261.7885	9.6705	1.9972	738.7702	20.5867	629.476	632.0038	705.9907	252.8386	9.8	1.9975	801.673	20.0148	666.7098	1.004	0.7626	33.8869	M	2504	
HG00160	scan	0.1.0+fae1124	36.527	150	434	450	0.083	0.9685	1.2376	0.0616	0.0461		1.9973	26.3353	710.8717	0.9942	0.9965	present	508.541	508.54	511.04	510.94	0.167	568.43	0.0524	486.04	628.91	513.65	583.83	434.16	552.33	525.08	688.64	409.22	527.69	427.7	534.09	390.33	503.49	532.86	565.83	252.708	NA	252.71	253.35	0.07	319.16	0.0279	224.72	284.5	219.64	281.22	9.708	9.71	9.85	9.87	0.1241	9.76	0.0463	15.0161	11.4487	35.993	68.4176	9.9376	145.8442	0.2591	4.0008	0.61	0.8518	0.2413	524.98	0.00694	0.0716	0.74596	-0.5439	0.02905	251.04	0.00232	0.0055	-0.01888	0.02112	-0.00138	9.68	0.0027	0.074	-0.62319	0.48463	0.01829	16	0.03746	-0.083	-0.0455	0.06619	0.10221	0.20215	-0.11894	-0.09299	-0.07364	-0.10195	0.02224	-0.05513	0.05218	-0.02423	0.08441	-0.00297	-0.0039	-0.10497	0.05995	-0.01477	-0.03109	0.03611	-0.0813	0.00474	0.01577	-0.05116	-0.10207	-0.19224	-0.04943	-0.08206	-0.11381	-0.04474	329.26	727166318	737925105	1000	/scratch.global/lanej/1000G/ngs_dose/1000G_highcov/crams/HG00160.cram	9ab0a0e8,a23ef9ed,7f3b4c3c	184ab16e		14	0.998117	0.998231	0.99973	0.999908	2.009	0.985	0.813	701.385	30.168	scan	M	GBR	EUR	M	0.999884	0.999941	0.998249	NA	0.02	1.1121	0.9784	542.0243	525.4483	611.0365	259.3275	9.6902	1.9963	789.8002	30.8939	528.7976	520.1652	582.279	237.2031	9.5523	1.9951	827.196	31.1945	659.2646	1.0042	0.8116	32.4809	M	2504	
HG00171	scan	0.1.0+fae1124	38.014	150	426	450	0.0545	0.9746	1.1766	0.0676	0.0366		2.0043	21.527	1038.3603	1.9428	0.0032	present	359.278	359.28	339.14	338.28	0.2163	360.75	0.0348	328.19	363.85	366.04	400.74	263.1	291.86	335.12	383.91	244.46	274.6	275.13	316.88	228.5	249.94	353.13	368.17	218.59	NA	218.59	218.33	0.0933	257.22	0.0175	193.1	226.34	188.53	223.81	10.21	10.21	10.27	10.22	0.1191	10.22	0.0323	14.5597	1.5643	42.6907	58.1668	11.4368	139.2063	0.2557	3.0759	0.7167	0.8566	0.2353	356.12	0.0059	0.0609	-0.157	0.48319	0.32536	216.82	0.00852	0.0204	0.03305	-0.02142	-0.0183	10.12	0.00286	0.0785	0.47796	-0.5829	0.72959	16	-0.3158	-0.0717	-0.09987	-0.1066	-0.03801	-0.01488	0.05785	0.09749	0.02351	0.00098	0.03858	-0.02901	-0.11463	-0.09925	-0.10065	0.04854	-0.03746	0.03008	0.09395	0.04404	-0.00096	-0.09267	0.02321	-0.0019	-0.04803	0.07535	0.024	0.06822	0.02721	-0.04695	0.0198	0.08659	382.58	769067374	781004708	1000	/scratch.global/lanej/1000G/ngs_dose/1000G_highcov/crams/HG00171.cram	9ab0a0e8,a23ef9ed,7f3b4c3c	184ab16e		14	0.997067	0.998259	0.999558	0.999986	2.016	1.893	0.155	1029.043	22.826	scan	F	FIN	EUR	F	0.999691	1.0	0.997258	NA	0.46	1.1253	1.0279	350.0557	352.8406	399.3276	207.7929	10.1632	2.0005	994.3268	30.2928	374.6348	376.1925	427.7843	217.0518	10.1969	2.0058	889.7058	24.4033	935.6555	1.938	0.1242	34.614	F	2504	
HG00173	scan	0.1.0+fae1124	33.912	150	430	450	0.0798	0.9621	1.2586	0.0699	0.043		1.9954	61.3237	812.3102	1.9387	0.0025	present	420.044	420.04	409.31	414.56	0.175	459.32	0.0471	409.85	528.71	435.68	501.63	363.8	460.68	441.2	579.67	341.1	438.72	356.71	450.06	324.31	415.98	419.05	449.91	246.709	NA	246.71	244.25	0.0752	316.11	0.0275	230.34	297.24	209.28	271.21	9.625	9.62	9.69	9.71	0.119	9.61	0.046	14.1363	0.9448	63.9084	56.6714	11.6754	137.6874	0.2554	2.8478	0.6927	0.8255	0.3725	425.83	0.00267	0.0275	0.49037	0.01471	-0.40138	244.11	0.00863	0.0207	-0.05078	-0.00044	-0.01835	9.54	0.00294	0.0806	1.09527	-1.00125	-0.35103	16	-0.09705	-0.0001	0.07339	-0.07545	-0.01591	0.05211	-0.01336	0.07895	-0.00986	0.09438	-0.0152	0.05276	-0.04042	-0.01624	-0.02563	0.00273	-0.01045	-0.02291	0.00692	-0.05201	0.02044	0.0139	0.04189	0.1516	-0.1101	0.00521	0.03657	-0.07608	0.02516	0.03938	0.07628	0.04217	351.1	687691442	697756334	1000	/scratch.global/lanej/1000G/ngs_dose/1000G_highcov/crams/HG00173.cram	9ab0a0e8,a23ef9ed,7f3b4c3c	184ab16e		14	0.997522	0.99862	0.999685	0.999963	2.079	1.884	0.146	800.491	70.133	scan	F	FIN	EUR	F	0.999686	0.999959	0.997818	NA	-0.12	1.178	1.0231	402.0225	396.9988	471.8688	242.6027	9.6354	1.9937	803.6574	58.5212	414.3999	410.9003	474.3765	233.6853	9.5436	1.9944	821.9877	81.9463	751.0638	1.9244	0.1224	30.2417	F	2504	
HG00174	scan	0.1.0+fae1124	37.992	150	443	450	0.0865	0.9822	1.1441	0.0644	0.0387		1.9939	30.1935	1057.8459	1.8627	0.0027	present	450.213	450.21	423.2	422.2	0.2271	434.34	0.0447	393.19	373.93	436.7	468.36	295.57	287.63	347.67	345.97	302.35	296.03	326.14	350.41	258.53	240.45	445.93	459.38	147.493	NA	147.49	143.58	0.1012	163.39	0.0209	128.75	141.82	133.65	147.79	9.972	9.97	10.0	10.03	0.105	9.96	0.0497	15.4268	1.8448	57.141	57.8431	12.251	156.6704	0.2344	2.4005	0.5694	0.8642	0.2761	447.93	0.00462	0.0476	0.28408	0.67846	0.50612	142.6	0.00883	0.0211	0.12088	0.03259	0.02724	9.81	0.00279	0.0764	0.93654	0.56529	-0.18992	16	-0.12096	0.05187	-0.01324	0.01157	-0.09123	-0.1009	0.13699	-0.08689	0.00212	-0.05523	-0.11242	-0.04056	0.06409	0.12931	0.02302	0.00882	-0.07432	0.03629	0.02769	-0.01028	0.02341	0.02725	-0.13223	0.04616	-0.05304	0.04559	-0.02437	-0.03181	0.05753	0.00906	-0.08181	0.02432	417.98	770828424	782087784	1000	/scratch.global/lanej/1000G/ngs_dose/1000G_highcov/crams/HG00174.cram	9ab0a0e8,a23ef9ed,7f3b4c3c	184ab16e		14	0.99727	0.998085	0.999282	0.999742	2.094	1.819	0.143	1049.871	32.238	scan	F	FIN	EUR	F	0.999629	0.999776	0.997393	NA	0.15	1.0456	0.9749	475.8323	478.0176	497.4831	140.8544	9.8304	1.9945	1001.3931	25.127	507.1136	501.5945	577.8705	150.564	9.7427	1.9931	927.703	28.4139	956.1548	1.855	0.1156	33.7259	F	2504	
HG00176	scan	0.1.0+fae1124	38.027	150	430	450	0.0824	0.9666	1.2342	0.0619	0.057		1.9979	68.3427	958.4799	1.7887	0.0027	present	383.809	383.81	366.18	366.16	0.2052	402.74	0.0462	352.03	418.8	396.07	449.99	293.14	348.49	366.95	450.1	279.44	336.33	305.74	371.56	262.9	308.46	380.15	405.6	216.21	NA	216.21	210.46	0.083	267.89	0.0242	201.67	248.82	188.59	235.9	9.713	9.71	9.92	9.96	0.1271	9.86	0.0477	21.7665	1.5805	53.2031	58.9531	15.0942	150.6352	0.2395	2.5397	0.7045	0.7655	0.436	384.54	0.0032	0.033	0.09085	0.40423	0.02835	212.77	0.00903	0.0216	0.02878	0.00369	0.01526	9.79	0.00272	0.0746	-1.42775	-0.06564	0.22844	16	0.36213	0.00087	-0.00029	-0.07464	0.06985	0.01724	-0.1192	0.04806	-0.06997	-0.04475	-0.1052	0.11033	0.04728	-0.05504	0.05932	0.05138	-0.0041	-0.02128	0.0729	-0.04884	0.02416	0.00334	0.05716	-0.08961	0.06922	-0.0295	0.0511	0.05534	-0.03261	-0.01217	-0.05792	0.09968	868.15	770811048	783166108	1000	/scratch.global/lanej/1000G/ngs_dose/1000G_highcov/crams/HG00176.cram	9ab0a0e8,a23ef9ed,7f3b4c3c	184ab16e		14	0.99782	0.99831	0.999352	0.999738	2.051	1.739	0.151	946.681	77.364	scan	F	FIN	EUR	F	0.999401	0.99981	0.997941	NA	0.13	1.1702	1.03	354.9214	352.3578	418.5598	220.603	9.7269	2.0032	1132.4025	85.1168	365.9103	365.04	425.6046	209.4123	9.6689	2.0011	870.7189	87.7613	869.1291	1.7724	0.1232	33.9217	F	2504	chrX 1.79 (mosaic X loss?)
HG00177	scan	0.1.0+fae1124	35.443	150	426	450	0.0952	0.9671	1.2311	0.0725	0.0388		1.9963	102.4645	745.7372	1.9568	0.0024	present	472.146	472.15	461.18	464.33	0.1729	508.79	0.0553	472.38	586.51	494.07	556.45	395.77	489.39	488.01	619.93	376.96	471.5	402.96	494.25	377.55	463.88	470.75	499.72	189.171	NA	189.17	188.06	0.0756	234.97	0.0346	176.11	217.2	151.17	190.24	9.497	9.5	9.6	9.6	0.1105	9.54	0.0572	18.3354	1.115	49.3302	51.9935	10.8878	142.7107	0.2457	2.9807	0.6383	0.826	0.4697	481.21	0.00357	0.0368	0.08076	-0.0519	-0.41254	187.99	0.01173	0.0281	-0.0871	-0.00349	-0.02796	9.44	0.00276	0.0757	0.13835	-0.20184	0.66128	16	-0.18617	0.00222	0.01148	-0.06216	0.02551	0.06061	-0.00817	0.13183	0.03961	-0.02188	-0.03937	0.03554	-0.05353	0.0951	-0.003	-0.10347	-0.04821	0.05628	0.0434	0.0311	0.08826	0.02058	0.07433	-0.03011	0.11075	-0.01339	0.02641	0.03722	0.03408	0.05113	-0.0383	-0.10643	252.66	715624548	725609282	1000	/scratch.global/lanej/1000G/ngs_dose/1000G_highcov/crams/HG00177.cram	9ab0a0e8,a23ef9ed,7f3b4c3c	184ab16e		14	0.997691	0.999245	0.999739	0.999952	2.043	1.895	0.133	737.833	114.446	scan	F	FIN	EUR	F	0.999848	0.999952	0.997789	NA	-0.22	1.1564	1.0267	451.8927	445.8713	516.1273	189.5442	9.5295	1.9955	701.8427	70.7381	471.6625	465.4047	541.0892	169.0293	9.5337	1.9948	669.7159	67.9892	695.7336	1.946	0.1132	30.9263	F	2504	
HG00178	scan	0.1.0+fae1124	35.55	150	421	400	0.0811	0.9645	1.2233	0.0568	0.0384		2.0182	29.6516	896.3554	1.9572	0.0023	present	419.908	419.91	404.9	410.55	0.1853	451.01	0.0452	404.1	514.31	424.12	482.94	337.18	407.41	427.68	552.96	334.98	426.07	355.74	437.99	313.98	390.69	416.26	445.59	191.195	NA	191.19	189.22	0.0656	239.28	0.0256	175.18	217.89	165.23	208.04	9.672	9.67	9.74	9.77	0.1097	9.68	0.0453	22.1452	2.2069	36.7417	59.9847	11.5227	154.743	0.2565	3.0875	0.7974	0.8051	0.48	423.95	0.00378	0.039	0.48618	0.11218	-0.58503	190.28	0.01059	0.0254	-0.02772	0.03928	-0.02337	9.56	0.00248	0.068	0.56338	-0.04562	0.12972	16	-0.17212	-0.05499	-0.08578	-0.00331	-0.15407	0.068	0.11793	0.03486	0.03393	-0.00202	0.05559	-0.02423	0.04342	0.03188	0.08007	0.05893	-0.05232	0.08215	0.03886	-0.0101	0.00378	0.10542	0.0283	0.04266	0.04565	-0.01884	-0.00617	-0.05092	0.04154	-0.03714	0.05592	0.05777	354.44	719414352	729775286	1000	/scratch.global/lanej/1000G/ngs_dose/1000G_highcov/crams/HG00178.cram	9ab0a0e8,a23ef9ed,7f3b4c3c	184ab16e		14	0.997685	0.999154	0.999688	0.999922	1.998	1.896	0.144	887.095	33.157	scan	F	FIN	EUR	F	0.999719	0.999953	0.997622	NA	-0.1	1.1391	1.0004	451.0558	447.4288	517.7569	182.6512	9.5951	2.0147	995.8116	27.4596	459.4566	456.8622	526.0751	182.682	9.6291	2.0126	876.5756	30.5539	822.1164	1.9386	0.1202	31.5903	F	2504	
HG00179	scan	0.1.0+fae1124	34.404	150	439	450	0.0625	0.9791	1.2334	0.0621	0.0393		1.9967	87.3419	917.0826	1.9563	0.0031	present	434.914	434.91	410.24	416.24	0.224	440.25	0.0372	393.83	444.97	431.08	479.08	303.77	344.16	358.48	419.61	292.79	335.69	323.51	382.25	270.24	299.5	430.84	451.06	244.446	NA	244.45	242.67	0.0992	295.32	0.0215	230.83	277.82	211.43	257.1	9.825	9.82	9.92	9.91	0.1185	9.85	0.0348	16.0395	1.2263	57.1427	54.5742	10.5555	129.568	0.2405	2.7927	0.6241	0.8385	0.4083	431.04	0.0053	0.0547	0.53752	0.69319	0.37802	244.52	0.01334	0.0319	0.04197	-0.05853	0.00167	9.75	0.00267	0.0732	0.05493	0.54997	-0.59978	16	-0.28521	-0.11635	-0.16213	0.19375	0.08252	-0.11256	-0.13857	0.01536	-0.03712	-0.04028	0.0367	-0.09049	-0.02109	0.02986	-0.15596	-0.01275	-0.071	0.02225	0.02312	0.02039	0.03486	-0.02223	0.04253	0.01475	0.01693	-0.05491	-0.02095	0.0843	-0.00371	0.00756	0.00287	-0.04254	486.15	695618886	705101533	1000	/scratch.global/lanej/1000G/ngs_dose/1000G_highcov/crams/HG00179.cram	9ab0a0e8,a23ef9ed,7f3b4c3c	184ab16e		14	0.997353	0.997917	0.999596	0.999987	2.014	1.907	0.136	901.617	94.817	scan	F	FIN	EUR	F	0.999538	0.999988	0.997557	NA	0.09	1.1115	1.0001	428.2917	431.2375	485.6154	238.9382	9.6048	1.9932	777.1212	67.4723	456.7327	457.4874	514.5782	230.2676	9.7407	1.992	653.1568	71.4673	837.8352	1.9556	0.1092	31.1118	F	2504	
HG00180	scan	0.1.0+fae1124	38.293	150	418	400	0.0672	0.9633	1.2228	0.0653	0.0394		1.9911	38.9906	737.999	1.9604	0.0023	present	450.913	450.91	437.41	446.31	0.1761	485.62	0.0438	438.99	550.81	466.02	528.52	354.33	424.49	478.91	610.6	364.74	456.3	379.19	464.46	336.98	416.52	449.74	481.02	215.893	NA	215.89	216.11	0.0768	269.12	0.0213	195.31	242.71	190.2	238.34	9.525	9.53	9.67	9.73	0.1204	9.61	0.0398	15.845	2.0036	41.6097	77.5258	12.8817	143.7442	0.2447	3.3442	0.5028	0.785	0.3789	458.69	0.00287	0.0296	-0.21487	-0.08941	-0.34298	213.29	0.00696	0.0167	-0.00452	0.01599	-0.01605	9.51	0.0026	0.0713	-0.94083	-0.36077	0.54532	16	-0.21032	-0.04026	-0.03397	-0.07515	-0.0227	0.10399	0.08696	0.06057	-0.03599	0.00577	0.02803	-0.03756	-0.00563	-0.05134	-0.06966	-0.05487	-0.00772	-0.00577	-0.06115	0.11826	-0.04282	-0.0588	-0.01137	0.1201	0.00728	0.01523	-0.1016	0.08385	0.04248	-0.06405	0.10482	-0.03734	410.6	776045870	789749454	1000	/scratch.global/lanej/1000G/ngs_dose/1000G_highcov/crams/HG00180.cram	9ab0a0e8,a23ef9ed,7f3b4c3c	184ab16e		14	0.997556	0.998718	0.999629	0.999935	2.015	1.885	0.167	726.764	43.061	scan	F	FIN	EUR	F	0.999639	0.999944	0.99769	NA	-0.15	1.1522	1.016	457.1752	451.2767	525.8951	211.007	9.647	1.9877	699.889	48.0884	467.5493	460.7913	527.4686	211.1494	9.6935	1.9902	727.4035	53.5855	679.7281	1.9272	0.1358	34.4648	F	2504	
HG00181	scan	0.1.0+fae1124	37.091	150	427	450	0.0829	0.9623	1.2781	0.0685	0.0437		2.0115	39.5627	743.6519	1.0023	0.9798	present	395.147	395.15	390.63	391.57	0.1731	436.47	0.0495	385.29	503.18	421.44	478.56	343.56	443.03	421.62	552.48	324.17	421.29	343.26	431.82	308.54	403.2	400.25	426.45	151.326	NA	151.33	149.06	0.0685	192.43	0.0266	128.99	164.03	131.99	169.89	9.496	9.5	9.56	9.6	0.1132	9.48	0.0474	17.9553	14.5974	35.3388	84.2753	11.8389	143.4528	0.2701	3.0073	0.625	0.8996	0.2568	405.81	0.00422	0.0435	0.36768	-0.1645	-0.40727	149.76	0.00914	0.0219	-0.02841	0.04133	-0.01837	9.42	0.00277	0.076	0.89698	-0.68735	-0.31448	16	-0.19149	0.04859	0.20316	0.04268	0.12111	0.15997	0.05219	-0.11123	-0.06802	-0.05543	0.00771	-0.01527	0.0922	-0.02918	0.05309	-0.08755	0.01627	0.0094	-0.01903	0.0112	0.02375	-0.05424	0.00912	0.04367	0.02514	0.03583	-0.07661	0.05744	0.03017	-0.0063	-0.04184	0.03203	494.83	736529722	749003654	1000	/scratch.global/lanej/1000G/ngs_dose/1000G_highcov/crams/HG00181.cram	9ab0a0e8,a23ef9ed,7f3b4c3c	184ab16e		14	0.997927	0.998524	0.999695	0.999981	1.988	0.992	0.896	729.058	44.461	scan	M	FIN	EUR	M	0.999651	0.99998	0.998104	NA	-0.24	1.1793	1.0385	418.4128	410.0542	487.9319	155.4127	9.6667	2.0082	723.6273	56.9673	410.4666	402.9476	473.4355	152.1806	9.7323	2.0058	819.8612	76.0315	686.8587	1.0162	0.8906	32.807	M	2504	
HG00182	scan	0.1.0+fae1124	38.686	150	433	450	0.1094	0.9766	1.18	0.0772	0.0344		2.0053	17.494	691.1535	0.994	0.9849	present	397.711	397.71	391.91	391.3	0.1747	421.13	0.0579	384.45	457.83	413.69	452.31	328.55	390.02	403.74	490.1	310.63	372.49	329.67	389.05	291.39	345.19	405.31	421.22	188.499	NA	188.5	186.56	0.0742	225.51	0.0324	184.2	218.37	166.58	202.24	9.768	9.77	9.82	9.82	0.1104	9.75	0.0638	16.2503	14.4676	57.4999	67.6685	9.6866	146.7317	0.2338	2.9334	0.8448	0.8165	0.5056	409.82	0.00237	0.0244	-0.04241	-0.29236	0.02655	186.82	0.0019	0.0045	0.01128	0.0309	-0.00166	9.65	0.00258	0.0707	0.38439	0.55741	-0.1235	16	-0.45233	-0.10058	-0.13554	-0.00378	-0.00691	0.18664	0.03349	-0.08087	-0.04807	-0.0172	0.06196	-0.07947	0.12575	0.08475	0.10152	0.01636	0.01403	-0.05473	-0.09922	0.03111	-0.0336	-0.06687	0.01979	0.01537	-0.04942	-0.07447	0.14729	0.03515	0.03864	0.00839	0.03311	0.09198	715.4	769920852	780495422	1000	/scratch.global/lanej/1000G/ngs_dose/1000G_highcov/crams/HG00182.cram	9ab0a0e8,a23ef9ed,7f3b4c3c	184ab16e		14	0.997499	0.999072	0.999704	0.999847	2.065	0.995	0.845	675.103	19.45	scan	M	FIN	EUR	M	0.999784	0.999968	0.997441	NA	-0.01	1.1037	1.0094	446.2372	435.2437	496.9076	186.1537	9.7488	2.0005	695.7991	17.5172	453.2891	443.4145	510.6635	166.5753	9.7095	1.9992	706.5585	13.7698	637.0183	1.0152	0.851	33.3713	M	2504	
HG00183	scan	0.1.0+fae1124	36.107	150	423	400	0.0902	0.9615	1.254	0.057	0.0394		2.006	54.8326	1126.0703	0.9866	0.9749	present	389.536	389.54	378.4	384.01	0.1997	425.46	0.0492	385.45	504.7	411.43	471.3	320.37	404.83	404.25	530.98	322.88	419.6	333.3	417.8	299.51	388.27	386.67	415.33	199.663	NA	199.66	197.64	0.0776	252.85	0.0339	190.2	241.78	167.44	212.59	9.94	9.94	9.99	10.04	0.1156	9.91	0.0532	16.354	12.356	45.5487	77.0427	17.685	124.9567	0.2601	2.1335	0.755	0.7977	0.394	395.89	0.00389	0.0401	0.03838	0.32275	-0.84903	198.97	0.00487	0.0117	-0.0693	-0.0219	-0.01819	9.83	0.00282	0.0774	0.02727	0.30509	-0.77289	16	-0.18221	-0.12261	-0.18667	0.04643	0.07751	0.04713	0.04378	-0.15427	0.15713	0.19148	0.08358	-0.00125	-0.04175	0.02787	-0.03398	-0.12271	0.05601	-0.01197	-0.00933	0.04288	-0.06622	-0.05985	-0.00514	-0.01013	0.02082	0.00512	0.01475	-0.04915	0.0011	-0.10251	0.04229	0.05198	549.59	717519508	729109835	1000	/scratch.global/lanej/1000G/ngs_dose/1000G_highcov/crams/HG00183.cram	9ab0a0e8,a23ef9ed,7f3b4c3c	184ab16e		14	0.997931	0.998958	0.999617	0.999883	1.995	0.972	0.839	1092.249	65.954	scan	M	FIN	EUR	M	0.999679	0.99991	0.997988	NA	0.17	1.1905	1.0393	401.6154	396.4463	468.5134	202.5561	9.6764	2.0051	961.3057	28.6709	378.5394	373.9977	445.4409	202.623	9.591	2.0069	909.4079	40.388	1001.3636	0.9954	0.8372	31.6038	M	2504	
HG00185	scan	0.1.0+fae1124	38.549	150	435	450	0.1056	0.9668	1.264	0.07	0.0484		1.9919	52.148	1037.9703	0.9883	0.7478	present	371.609	371.61	358.89	362.53	0.1923	396.37	0.0558	352.59	428.79	386.54	439.56	277.4	337.68	342.26	426.47	275.29	338.23	297.6	366.55	255.59	307.19	372.67	397.38	184.771	NA	184.77	184.25	0.0824	231.75	0.0305	159.01	198.45	160.21	202.72	9.554	9.55	9.76	9.77	0.1117	9.68	0.0617	16.1685	11.0224	59.2697	66.8965	9.0797	138.1346	0.233	2.3731	0.4629	0.7956	0.2765	378.09	0.00375	0.0386	-0.18511	0.16985	0.26085	182.82	0.00483	0.0116	0.01708	0.00634	-0.00892	9.58	0.00272	0.0746	-0.73818	-0.45904	0.16932	16	0.14838	0.08295	0.13113	0.00268	-0.05444	-0.07216	0.23134	-0.25685	0.02989	-0.10727	0.00524	0.00681	0.05526	0.0165	0.02945	0.08474	-0.06471	0.06274	0.03492	-0.01787	-0.04165	0.02508	-0.05989	-0.06419	-0.02271	-0.03689	-0.01566	-0.01223	-0.00595	0.0034	0.00977	-0.07885	369.91	765675240	777052509	1000	/scratch.global/lanej/1000G/ngs_dose/1000G_highcov/crams/HG00185.cram	9ab0a0e8,a23ef9ed,7f3b4c3c	184ab16e		14	0.997836	0.998362	0.999484	0.99988	2.055	0.983	0.689	1020.724	59.739	scan	M	FIN	EUR	M	0.999481	0.999892	0.998116	NA	-0.08	1.1626	1.0223	427.7752	418.3204	500.004	179.0439	9.5979	1.9948	1053.9994	84.7613	394.5053	389.0747	454.5205	167.9464	9.6926	1.9977	945.4254	56.3438	939.8759	1.0064	0.6918	33.3637	M	2504	chrY 0.75 (mosaic Y loss?)
HG00186	scan	0.1.0+fae1124	36.581	150	417	400	0.0658	0.9793	1.1949	0.0825	0.0391		2.0019	12.7084	796.9405	0.9908	0.9759	present	385.372	385.37	365.32	366.22	0.2027	390.9	0.0384	355.48	409.73	398.52	436.68	261.32	288.14	357.94	421.53	274.25	315.6	302.95	351.98	248.85	282.66	380.71	397.26	206.495	NA	206.5	201.6	0.0945	245.53	0.0218	191.08	227.17	172.83	206.12	9.676	9.68	9.71	9.71	0.1161	9.64	0.0366	24.0571	21.2744	48.5711	74.6816	10.5819	140.5818	0.2361	3.0209	0.6461	0.836	0.3425	385.84	0.00418	0.0431	-0.14802	0.37398	0.19632	203.36	0.00677	0.0162	0.02742	-0.03399	-0.00887	9.55	0.00255	0.0701	-0.11031	-0.15282	0.05889	16	-0.2228	-0.14147	0.02248	-0.08656	0.0934	0.21704	-0.05181	-0.18213	-0.03055	-0.03543	-0.01202	-0.01146	0.1149	0.07515	0.07452	-0.00606	-0.01233	0.04585	0.09148	0.05328	0.07116	0.00922	-0.01344	-0.01526	0.00705	0.02217	-0.00853	0.00879	-0.02399	0.05131	0.02316	-0.03774	566.4	727710462	739604947	1000	/scratch.global/lanej/1000G/ngs_dose/1000G_highcov/crams/HG00186.cram	9ab0a0e8,a23ef9ed,7f3b4c3c	184ab16e		14	0.997512	0.998237	0.999634	0.999926	2.057	0.992	0.958	778.762	13.444	scan	M	FIN	EUR	M	0.999657	0.999942	0.997726	NA	-0.11	1.1318	1.0329	406.5477	407.1307	462.003	210.5067	9.6645	2.0008	764.158	14.7621	429.6971	428.2268	498.219	205.0341	9.6727	1.9992	807.3814	11.5551	724.9383	1.016	0.9422	32.8357	M	2504	
HG00187	scan	0.1.0+fae1124	37.981	150	430	450	0.0666	0.977	1.1915	0.0623	0.0402		2.0042	37.4513	782.242	0.9814	0.844	present	308.919	308.92	294.0	294.02	0.2181	312.76	0.0369	285.75	322.73	315.03	342.99	212.97	242.74	274.97	319.32	210.03	241.24	240.74	279.86	199.55	222.93	306.67	318.19	216.65	NA	216.65	208.21	0.1047	256.9	0.0174	199.1	232.85	187.76	225.27	9.515	9.52	9.59	9.56	0.1117	9.53	0.0393	16.9227	12.268	43.3949	67.6682	10.0686	134.4177	0.2542	2.6791	0.589	0.8965	0.244	309.68	0.0049	0.0505	-0.0906	0.57884	0.11535	216.73	0.01946	0.0466	0.08385	-0.04123	-0.01717	9.39	0.00272	0.0746	-0.0632	-0.00789	0.60101	16	-0.17804	-0.12909	0.06028	-0.06224	0.07937	0.21317	-0.06809	0.01532	-0.01197	0.00076	0.00101	-0.04884	0.09805	-0.02208	0.00857	0.05276	0.00128	0.04075	-0.04303	0.00848	0.03744	0.03157	-0.00165	0.03946	0.11415	-0.04255	0.03883	0.05601	0.03625	-0.01457	0.00637	0.00367	332.18	750292836	761093928	1000	/scratch.global/lanej/1000G/ngs_dose/1000G_highcov/crams/HG00187.cram	9ab0a0e8,a23ef9ed,7f3b4c3c	184ab16e		14	0.997506	0.997669	0.99956	0.999986	1.991	0.988	0.751	767.823	40.465	scan	M	FIN	EUR	M	0.999709	0.999986	0.997583	NA	-0.27	1.1076	1.0173	312.097	311.8814	349.2486	215.596	9.5314	1.9997	786.5256	48.5195	352.0282	350.1971	398.918	218.107	9.4663	1.9962	766.9878	32.3183	715.0255	1.0154	0.7424	33.9957	M	2504	chrY 0.84 (mosaic Y loss?)
HG00188	scan	0.1.0+fae1124	34.796	150	422	400	0.0815	0.9631	1.2597	0.0544	0.0416		2.0034	38.5899	867.1012	0.9856	0.9822	present	352.618	352.62	336.42	345.92	0.2049	380.0	0.0437	341.25	451.97	355.47	408.37	265.14	339.71	366.39	485.23	275.48	361.88	294.2	370.85	255.0	334.55	346.19	372.94	206.686	NA	206.69	206.59	0.0635	262.63	0.0254	203.62	260.03	176.23	224.39	9.646	9.65	9.77	9.77	0.1104	9.7	0.0477	15.8049	12.805	48.2603	79.5473	12.2319	144.9803	0.2501	3.2022	0.7002	0.8085	0.405	352.08	0.00295	0.0305	0.53406	0.42154	-0.54391	204.92	0.0027	0.0065	-0.03813	0.03282	0.00013	9.58	0.00294	0.0806	0.63292	0.31999	0.22747	16	-0.10233	-0.0714	-0.03547	-0.09868	-0.01172	0.22776	0.07582	-0.07544	0.06383	0.05186	0.01661	0.02303	-0.02707	0.03795	0.02755	0.03817	-0.0449	0.09191	0.03896	-0.06819	0.04185	0.05183	0.02701	0.05025	0.03274	-0.00358	0.00857	-0.0783	-0.02058	-0.0587	-0.04278	0.0622	351.1	692425818	703362666	1000	/scratch.global/lanej/1000G/ngs_dose/1000G_highcov/crams/HG00188.cram	9ab0a0e8,a23ef9ed,7f3b4c3c	184ab16e		14	0.997711	0.998907	0.999459	0.999912	2.056	0.981	0.867	853.085	43.806	scan	M	FIN	EUR	M	0.999648	0.999927	0.997719	NA	-0.08	1.1599	1.0096	366.9313	367.3432	427.8764	201.8975	9.6266	2.0012	883.2993	34.0829	373.9816	375.7629	423.8388	203.9537	9.6414	2.0014	760.658	24.414	796.6032	1.0018	0.8592	30.8625	M	2504	
HG00189	scan	0.1.0+fae1124	32.78	150	428	450	0.0758	0.9637	1.2317	0.0726	0.0416	chr9	2.0109	62.9908	808.1438	0.989	0.9793	present	541.652	541.65	524.38	524.97	0.1695	587.4	0.0458	508.34	641.9	526.78	608.23	446.42	559.89	531.52	688.29	426.81	542.42	442.41	551.41	417.66	521.11	543.97	585.74	192.287	NA	192.29	194.95	0.0797	242.46	0.024	167.28	210.31	161.05	205.33	9.792	9.79	9.89	9.93	0.1201	9.82	0.042	14.9708	11.8597	43.4013	83.8823	9.8198	136.6411	0.2351	3.1053	0.5773	0.8492	0.4072	533.0	0.00402	0.0415	1.19743	-0.66571	0.2295	190.51	0.00505	0.0121	-0.0164	0.00533	-0.02115	9.71	0.00274	0.0753	0.03931	0.44294	-0.28135	16	-0.11021	-0.01399	-0.12609	0.11137	0.01445	0.16232	-0.03739	-0.03427	0.14368	0.20803	-0.51492	-0.09956	0.14269	-0.05155	-0.02122	-0.07196	0.03027	0.04782	0.00703	-0.02376	-0.02635	0.0392	-0.07863	-0.02161	0.02963	0.00537	0.00012	0.02614	0.01293	0.07461	0.02803	0.05227	362.0	656571334	667647686	1000	/scratch.global/lanej/1000G/ngs_dose/1000G_highcov/crams/HG00189.cram	9ab0a0e8,a23ef9ed,7f3b4c3c	184ab16e		14	0.997899	0.998967	0.999639	0.999899	2.005	0.988	0.855	792.18	72.26	scan	M	FIN	EUR	M	0.999708	0.999912	0.997958	NA	0.05	1.1411	0.9883	520.4834	528.237	587.7651	200.2679	9.7443	2.006	783.1401	22.0385	538.9999	541.8502	612.795	208.6003	9.8108	1.9985	701.3644	49.4969	741.5005	1.0032	0.8444	29.4671	M	2504	aneuploid: chr9
HG00190	scan	0.1.0+fae1124	37.616	150	440	450	0.1092	0.982	1.1472	0.0584	0.0477		1.9897	58.4071	730.3168	0.9951	0.9669	present	337.61	337.61	323.54	325.26	0.1943	338.36	0.0559	311.88	322.61	331.96	359.09	251.37	263.59	317.53	336.5	244.37	257.19	263.68	291.16	219.84	225.86	336.92	349.66	209.113	NA	209.11	208.14	0.087	236.16	0.0267	187.79	210.23	184.53	209.45	10.085	10.08	10.16	10.12	0.1176	10.12	0.0665	15.2637	13.3473	49.5824	87.566	12.2331	153.1617	0.2594	2.5445	0.569	0.946	0.3724	337.94	0.00293	0.0302	0.02556	0.07428	0.23635	208.14	0.00998	0.0239	0.01709	-0.01133	-0.01999	10.0	0.00316	0.0866	0.65513	-0.5175	1.34931	16	-0.05352	0.02429	0.10274	0.03619	-0.07812	0.17331	0.15298	-0.10278	-0.08291	-0.08589	-0.06698	-0.01333	-0.02322	-0.0195	0.04233	0.04933	-0.04367	0.0291	-0.02351	0.06306	-0.04831	-0.03211	-0.08193	-0.00414	0.02272	0.01453	0.06252	-0.00098	-0.00985	0.03287	0.14243	0.11139	360.46	752324634	765846939	1000	/scratch.global/lanej/1000G/ngs_dose/1000G_highcov/crams/HG00190.cram	9ab0a0e8,a23ef9ed,7f3b4c3c	184ab16e		14	0.99759	0.998428	0.999524	0.999925	2.082	0.992	0.82	710.196	61.573	scan	M	FIN	EUR	M	0.999571	0.999967	0.99762	NA	0.34	1.0626	0.9823	367.5163	366.3377	397.4412	204.3576	10.1609	1.9844	808.1895	71.2699	378.3774	376.4974	432.3792	217.2428	10.127	1.9832	725.9059	76.5398	666.3329	1.0106	0.8182	32.5368	M	2504	
HG00231	scan	0.1.0+fae1124	35.913	150	431	450	0.0918	0.9697	1.2092	0.0807	0.0454		2.0094	83.2567	754.099	1.934	0.0025	present	328.377	328.38	318.0	319.53	0.1747	349.78	0.0516	318.28	392.1	331.79	372.97	266.62	326.42	335.1	420.07	261.14	323.06	273.89	332.81	234.91	287.95	327.2	347.0	172.735	NA	172.74	172.17	0.0749	212.72	0.025	156.19	191.63	144.73	180.4	9.84	9.84	9.92	9.94	0.1066	9.85	0.0541	20.0773	1.7201	50.1604	51.4206	8.97	133.9951	0.2352	2.9937	0.7699	0.941	0.3452	333.52	0.0028	0.0288	-0.0464	-0.1183	-0.06711	171.79	0.00739	0.0177	-0.04875	-0.00721	0.00661	9.78	0.00272	0.0746	0.28713	-0.48362	-0.48727	16	0.10475	0.00995	-0.0516	0.01945	-0.0098	0.06272	-0.05514	0.11621	-0.01417	0.02122	-0.03179	0.07867	-0.01779	-0.04702	-0.04628	-0.05914	0.023	-0.09729	0.07232	-0.03307	0.01201	0.04054	-0.08242	-0.0675	0.04725	-0.05894	-0.02757	-0.00372	0.01354	0.02201	-0.00678	0.11975	246.36	727092454	737005953	1000	/scratch.global/lanej/1000G/ngs_dose/1000G_highcov/crams/HG00231.cram	9ab0a0e8,a23ef9ed,7f3b4c3c	184ab16e		14	0.997921	0.998678	0.99957	0.999948	2.063	1.878	0.126	740.78	96.621	scan	F	GBR	EUR	F	0.999574	0.999965	0.997967	NA	0.12	1.1183	0.9948	310.6865	305.8874	346.8313	173.7927	9.7724	2.0105	795.0555	67.9987	327.9637	324.1985	369.0147	168.7185	9.6932	2.0076	738.7735	63.4241	694.9466	1.9218	0.1052	31.5638	F	2504	
HG00232	scan	0.1.0+fae1124	62.741	150	433	450	0.1282	0.9764	1.1818	0.0505	0.0453		1.9913	45.219	718.0339	1.9243	0.0026	present	315.996	316.0	304.87	307.68	0.1824	329.79	0.0703	298.18	358.62	320.05	352.24	252.7	301.68	311.38	378.44	244.78	294.56	263.33	310.71	230.41	276.23	314.52	329.26	227.819	NA	227.82	227.85	0.0721	271.36	0.0354	203.27	241.85	192.9	231.92	10.33	10.33	10.48	10.48	0.1119	10.42	0.0761	20.2999	2.2193	44.7768	59.1907	10.8322	146.0134	0.2617	2.7011	0.7891	0.9295	0.4546	319.82	0.00258	0.0266	0.13991	0.03658	-0.19235	226.2	0.00999	0.0239	-0.04491	0.00309	0.00297	10.31	0.00279	0.0765	0.18778	-0.83161	1.11382	16	0.06661	-0.00397	0.015	-0.03756	-0.0763	0.0993	0.08939	0.06726	0.00372	-0.07959	-0.00843	0.02766	0.02888	-0.03105	-0.00452	-0.04163	-0.02154	-0.05053	0.00196	0.04303	0.00936	0.04557	-0.01133	-0.04261	-0.00408	0.00159	0.01721	0.01103	-0.03686	-0.01594	-0.02228	-0.01331	702.45	1267169102	1285368386	1000	/scratch.global/lanej/1000G/ngs_dose/1000G_highcov/crams/HG00232.cram	9ab0a0e8,a23ef9ed,7f3b4c3c	184ab16e		14	0.998035	0.99883	0.999458	0.999867	2.029	1.866	0.138	705.145	50.895	scan	F	GBR	EUR	F	0.999513	0.999873	0.997967	NA	0.65	1.1014	1.0007	321.6142	318.3848	353.8431	224.8261	10.4177	1.9913	771.9214	51.7778	319.7081	318.3352	361.0869	225.033	10.2838	1.9898	729.6693	50.5454	638.2898	1.9134	0.1164	52.8803	F	2504	
HG00233	scan	0.1.0+fae1124	46.048	150	427	450	0.0719	0.9756	1.1768	0.0538	0.0411		1.9972	29.2875	681.5869	1.9499	0.003	present	390.98	390.98	370.77	369.75	0.1967	394.95	0.0429	354.29	392.32	397.39	435.95	282.77	316.65	355.47	404.79	268.56	302.72	306.0	351.99	255.44	279.66	386.17	403.33	212.774	NA	212.77	209.13	0.0966	249.37	0.0196	198.78	229.98	187.21	221.45	9.489	9.49	9.58	9.58	0.1123	9.53	0.0409	19.2027	2.2634	45.2071	59.7795	8.8337	141.7583	0.2504	2.8517	0.5273	0.7915	0.3537	390.03	0.00409	0.0422	-0.21396	0.21544	0.27632	210.41	0.01106	0.0265	0.07626	-0.00647	0.00211	9.41	0.00236	0.0648	-0.15749	0.12582	0.16562	16	-0.15747	0.10533	0.12854	0.12531	-0.12539	0.0609	0.04043	0.00851	-0.03726	-0.08116	0.00239	0.0248	-0.02892	-0.02837	-0.01798	0.02502	0.10354	-0.03722	0.00052	0.02544	0.01823	-0.07338	-0.0501	0.1298	0.00088	-0.01366	-0.0085	0.0463	-0.02785	-0.05852	0.04417	0.07078	606.7	927758752	942325666	1000	/scratch.global/lanej/1000G/ngs_dose/1000G_highcov/crams/HG00233.cram	9ab0a0e8,a23ef9ed,7f3b4c3c	184ab16e		14	0.997486	0.998725	0.999583	0.999965	2.027	1.869	0.144	671.147	31.455	scan	F	GBR	EUR	F	0.99967	0.999991	0.997576	NA	-0.25	1.1177	1.0189	405.3946	406.2792	459.0858	204.4227	9.5687	1.994	729.9311	32.2481	413.6153	412.4316	477.6907	224.6731	9.5458	1.9931	741.3262	37.9901	620.7256	1.917	0.1168	41.1255	F	2504	
HG00234	scan	0.1.0+fae1124	41.981	150	436	450	0.07	0.9799	1.1645	0.0625	0.0447		2.0055	31.8007	752.5165	0.9859	0.9703	present	353.807	353.81	337.25	339.32	0.2032	354.83	0.0399	333.92	361.22	357.18	385.02	257.04	280.15	318.89	358.35	246.08	271.22	275.31	311.84	232.02	245.87	350.53	362.66	149.204	NA	149.2	144.61	0.1089	172.45	0.021	137.2	157.21	132.36	154.1	9.501	9.5	9.54	9.55	0.1068	9.49	0.0397	15.3715	13.4046	34.4349	60.7835	8.6577	150.6177	0.2323	2.5205	0.526	0.8641	0.2165	354.22	0.00444	0.0458	-0.14372	0.40584	0.25273	146.93	0.02334	0.0559	0.11642	-0.01517	-0.01585	9.38	0.00242	0.0663	0.64566	-0.2007	-0.34213	16	-0.16562	-0.11504	0.06995	0.25736	0.05424	0.08968	-0.0288	-0.07043	-0.12647	-0.13194	0.0479	-0.06055	0.1296	-0.07793	-0.065	-0.04174	-0.01809	0.02464	0.05638	0.0089	-0.11461	-0.06115	0.01005	0.00014	0.0204	-0.00544	0.02924	0.03086	0.03164	0.01755	0.07744	-0.00199	1583.7	832721924	843681791	1000	/scratch.global/lanej/1000G/ngs_dose/1000G_highcov/crams/HG00234.cram	9ab0a0e8,a23ef9ed,7f3b4c3c	184ab16e		14	0.997316	0.998075	0.999534	0.999815	1.996	0.986	0.808	749.626	33.687	scan	M	GBR	EUR	M	0.999545	0.999899	0.997263	NA	-0.28	1.087	1.0084	378.171	378.028	418.6875	146.5559	9.4706	1.9985	741.7574	42.4907	372.8389	370.6958	424.5257	148.5097	9.4183	1.9987	703.8502	41.9163	693.9532	1.0082	0.8036	37.6335	M	2504	
HG00235	scan	0.1.0+fae1124	42.137	150	433	450	0.0924	0.9641	1.2569	0.065	0.0471		2.0012	14.2614	779.555	1.9179	0.0031	present	439.989	439.99	429.19	430.83	0.1562	482.48	0.0539	419.53	551.94	453.7	519.72	360.05	468.46	446.75	594.06	344.68	453.2	367.43	465.6	329.98	433.89	443.54	475.03	167.433	NA	167.43	166.55	0.0773	214.65	0.0252	153.2	195.5	141.04	183.75	9.825	9.83	9.73	9.66	0.1326	9.65	0.0535	14.3411	1.8469	45.7254	56.9914	8.7662	144.1941	0.232	2.954	0.6754	0.8996	0.4475	443.8	0.00219	0.0226	0.36261	-0.49737	0.21109	166.2	0.00608	0.0146	-0.02034	-0.00351	-0.00142	9.42	0.00255	0.0699	2.55523	1.46908	-0.06158	16	-0.20414	0.14479	0.19979	0.04657	-0.03904	-0.05315	0.07672	-0.05971	0.02113	-0.06913	0.03421	-0.0084	-0.01051	0.04439	0.01991	0.06559	0.04576	0.02738	0.05194	-0.00847	0.04552	-0.03448	0.0131	-0.04447	0.06707	0.0738	-0.00998	0.02757	0.02079	-0.05458	0.03583	0.01372	575.13	849042060	860584837	1000	/scratch.global/lanej/1000G/ngs_dose/1000G_highcov/crams/HG00235.cram	9ab0a0e8,a23ef9ed,7f3b4c3c	184ab16e		14	0.99771	0.998751	0.999636	0.999897	2.024	1.865	0.128	767.484	16.457	scan	F	GBR	EUR	F	0.999752	0.999952	0.997557	NA	-0.24	1.1711	1.0223	465.9232	462.1455	547.477	161.0743	9.5646	2.0002	764.7875	18.3441	456.8556	456.1455	519.9463	160.7105	9.6309	1.9996	801.8957	23.0327	715.8536	1.912	0.1072	36.9134	F	2504	
HG00236	scan	0.1.0+fae1124	43.363	150	428	450	0.076	0.9692	1.1995	0.0582	0.0374		2.0054	21.3731	940.9339	1.9383	0.0027	present	377.798	377.8	363.68	363.24	0.1768	395.82	0.045	365.42	436.39	387.25	431.07	304.49	361.1	370.8	453.98	284.51	341.79	302.11	360.46	269.05	317.53	375.36	395.98	217.68	NA	217.68	218.97	0.0778	263.31	0.0261	198.39	239.65	190.1	232.24	9.353	9.35	9.42	9.42	0.1072	9.37	0.0444	13.2654	1.3499	43.1449	56.6447	9.3626	147.3118	0.2101	3.3467	0.6569	0.8305	0.3913	380.99	0.00269	0.0278	0.07862	0.05388	-0.00617	217.75	0.00346	0.0083	0.00709	0.01392	-0.02227	9.27	0.00261	0.0715	0.62171	0.56454	0.12787	16	-0.41557	0.07328	0.12146	0.00355	0.00788	-0.03572	-0.0019	0.02481	0.03538	0.13161	0.05138	-0.03756	0.1332	-0.04583	-0.06277	0.01997	0.00214	0.00113	0.04599	0.04305	-0.00461	-0.0855	-0.08935	-0.10607	0.08163	-0.05903	-0.0464	-0.01355	-0.02642	0.03922	0.00255	-0.01769	477.44	874684290	887023340	1000	/scratch.global/lanej/1000G/ngs_dose/1000G_highcov/crams/HG00236.cram	9ab0a0e8,a23ef9ed,7f3b4c3c	184ab16e		14	0.9972	0.998739	0.999587	0.99993	2.007	1.886	0.136	920.582	23.136	scan	F	GBR	EUR	F	0.999693	0.999926	0.997327	NA	-0.39	1.1314	1.0164	377.525	376.2675	422.2241	214.0166	9.4634	2.003	827.0372	28.0537	382.5022	380.1174	427.4794	217.9093	9.5021	2.0021	768.8493	34.6911	838.3725	1.9322	0.1114	38.631	F	2504	
HG00237	scan	0.1.0+fae1124	36.585	150	422	400	0.1003	0.9595	1.3199	0.0584	0.0401		2.0046	17.2034	1031.0176	1.8934	0.003	present	393.306	393.31	373.66	377.11	0.1922	421.19	0.0528	369.76	466.13	390.74	459.52	261.26	311.25	336.55	435.75	287.05	362.28	300.72	381.65	255.24	314.26	392.34	425.38	216.27	NA	216.27	210.87	0.0904	282.05	0.028	194.5	252.4	190.93	250.16	9.412	9.41	9.49	9.49	0.1052	9.41	0.0598	10.5969	1.3128	48.3651	73.6335	13.3634	143.0406	0.2445	2.5941	0.7688	0.885	0.1958	394.52	0.00324	0.0334	0.01464	0.15666	0.30331	213.02	0.01426	0.0341	0.07023	0.01574	0.00131	9.33	0.00279	0.0766	0.24717	-0.51057	0.25235	16	-0.39497	0.04632	0.0369	-0.03483	-0.04033	-0.0081	-0.01062	0.02494	0.04907	-0.00659	0.06082	0.0688	-0.06019	-0.08227	-0.13433	-0.04834	0.02704	0.06193	-0.02387	0.07887	0.08576	0.05601	-0.02853	0.02597	0.01722	0.02236	-0.03283	0.05905	-0.02845	-0.071	-0.06697	-0.07327	704.79	737556428	750444293	1000	/scratch.global/lanej/1000G/ngs_dose/1000G_highcov/crams/HG00237.cram	9ab0a0e8,a23ef9ed,7f3b4c3c	184ab16e		14	0.997733	0.997754	0.999546	0.999896	2.0	1.843	0.169	1024.955	19.552	scan	F	GBR	EUR	F	0.999522	0.999921	0.997769	NA	-0.33	1.1648	0.9904	384.5593	384.3586	447.2741	210.9474	9.4806	2.0047	917.463	23.1957	424.7847	420.3882	484.06	210.6572	9.4733	2.0016	812.0927	32.3192	948.4735	1.8918	0.138	31.738	F	2504	
HG00238	scan	0.1.0+fae1124	32.351	150	424	400	0.0667	0.9773	1.1999	0.0635	0.0483		2.0164	71.4904	639.7633	1.9413	0.0019	present	420.578	420.58	402.11	399.94	0.1935	432.14	0.0383	385.16	446.25	426.81	470.54	283.87	313.01	375.3	444.13	302.76	350.64	333.0	387.77	277.5	314.86	420.84	441.15	194.422	NA	194.42	190.91	0.1065	231.56	0.0161	184.55	219.59	172.32	205.79	9.761	9.76	9.78	9.77	0.1238	9.72	0.0386	18.5561	1.0586	52.7319	49.8526	10.7681	150.4104	0.2418	3.3428	0.6997	0.8872	0.2561	422.63	0.00349	0.036	0.12209	0.18103	0.40669	193.52	0.01219	0.0292	0.08433	-0.03325	-0.0226	9.58	0.00323	0.0886	0.91648	0.3498	-0.37339	16	-0.07827	0.06721	0.05037	0.26224	-0.00535	0.07854	0.00232	0.04301	-0.15471	-0.0947	0.04366	-0.08914	0.15703	-0.00672	-0.04814	0.02915	-0.06726	-0.11091	0.14626	0.08514	-0.05541	-0.07302	0.0793	-0.08699	0.0993	0.03418	0.06104	0.05711	0.05882	0.09669	0.03355	-0.01409	412.23	654515960	663101502	1000	/scratch.global/lanej/1000G/ngs_dose/1000G_highcov/crams/HG00238.cram	9ab0a0e8,a23ef9ed,7f3b4c3c	184ab16e		14	0.997448	0.998417	0.999575	0.999946	2.047	1.889	0.126	628.184	79.48	scan	F	GBR	EUR	F	0.999634	0.999964	0.997439	NA	-0.08	1.1134	1.0099	446.8276	444.8274	507.1484	187.3495	9.6804	2.011	667.0104	80.9499	455.961	452.7282	519.6601	182.4906	9.5407	2.0101	643.9482	43.2164	596.4503	1.9336	0.103	29.1384	F	2504	
HG00239	scan	0.1.0+fae1124	39.111	150	433	450	0.0819	0.9677	1.205	0.0703	0.0514		2.0092	24.2454	618.9741	1.9227	0.0021	present	427.425	427.43	414.35	412.61	0.1958	448.85	0.0501	414.54	468.99	446.49	501.03	347.47	396.05	437.3	509.62	331.21	380.85	344.43	406.12	304.64	341.05	426.78	452.3	202.523	NA	202.52	202.64	0.0859	244.05	0.0233	180.79	215.85	177.11	215.45	9.987	9.99	10.03	10.07	0.12	9.98	0.0475	17.9744	1.9543	46.7105	51.8818	13.3236	141.7065	0.2476	3.1737	0.606	0.9148	0.2998	436.14	0.00341	0.0352	-0.37211	0.10214	0.01622	201.79	0.00933	0.0223	0.00059	-0.01011	-0.01263	9.86	0.00266	0.0729	0.88141	0.82007	-0.16467	16	0.15571	-0.03834	-0.03283	0.12174	-0.12131	0.07806	0.11892	0.0575	0.0411	-0.03603	0.0943	-0.08735	0.05971	-0.02427	0.03781	0.06493	0.04295	-0.08662	-0.0304	-0.05641	-0.03507	-0.05903	-0.03176	0.00416	0.07626	-0.13233	0.0751	-0.06431	0.05296	-0.03058	-0.00227	0.01151	333.01	791955626	802462097	1000	/scratch.global/lanej/1000G/ngs_dose/1000G_highcov/crams/HG00239.cram	9ab0a0e8,a23ef9ed,7f3b4c3c	184ab16e		14	0.997157	0.998908	0.99961	0.99986	2.051	1.882	0.132	609.415	26.574	scan	F	GBR	EUR	F	0.999511	0.999886	0.997497	NA	0.2	1.1488	1.0237	469.9835	460.4973	545.5248	190.8929	9.8347	2.0054	719.3003	23.2977	473.4915	464.1776	540.8818	198.3701	9.8518	2.0075	690.6867	25.4927	572.5212	1.9242	0.1098	34.7892	F	2504	
HG00240	scan	0.1.0+fae1124	33.609	150	431	450	0.0992	0.9666	1.2262	0.0785	0.0576		1.9919	41.947	615.6764	1.9247	0.0021	present	525.003	525.0	511.99	515.03	0.1701	564.05	0.0542	514.85	635.11	544.8	614.43	442.43	542.3	547.65	693.92	422.25	524.73	441.79	540.93	405.19	493.62	524.82	556.9	181.076	NA	181.08	179.7	0.0683	224.82	0.0355	159.99	197.63	152.21	191.46	10.45	10.45	10.49	10.47	0.1205	10.42	0.0602	17.3102	1.6835	30.1036	48.964	11.5262	147.7703	0.2507	2.5119	0.5737	0.9165	0.5258	533.13	0.00245	0.0252	0.14723	-0.07585	-0.30463	178.75	0.00879	0.021	-0.06692	0.01487	-0.00312	10.28	0.00329	0.0903	1.84745	-0.90699	0.63974	16	0.35734	0.08215	0.03187	0.00233	0.01609	0.12801	0.01246	0.0605	-0.08263	-0.07143	-0.0238	-0.03726	-0.05099	-0.00359	0.13009	0.01429	0.02386	0.13785	0.12871	-0.18917	-0.01475	0.0759	-0.05745	0.03775	-0.04556	-0.03293	-0.12232	-0.07593	-0.02908	0.08717	0.03509	0.04952	281.62	676592230	685470155	1000	/scratch.global/lanej/1000G/ngs_dose/1000G_highcov/crams/HG00240.cram	9ab0a0e8,a23ef9ed,7f3b4c3c	184ab16e		14	0.997969	0.999048	0.999663	1.0	1.981	1.868	0.127	603.688	46.916	scan	F	GBR	EUR	F	0.999779	1.0	0.997895	NA	0.62	1.1525	1.0219	524.1707	516.3334	605.7942	180.7823	10.2914	1.9923	761.6864	42.3284	570.5758	566.2618	656.5423	163.5196	10.3656	1.9922	674.3747	40.197	575.1801	1.9164	0.1074	29.2328	F	2504	
HG00242	scan	0.1.0+fae1124	45.887	150	432	450	0.0786	0.9782	1.1484	0.056	0.0474		2.0022	79.3696	699.4783	0.9859	0.9538	present	443.945	443.94	427.7	426.98	0.1793	453.48	0.0486	429.65	472.99	453.03	492.97	365.73	402.69	455.23	510.91	347.06	384.97	361.59	408.2	325.09	355.33	439.15	457.88	185.13	NA	185.13	183.97	0.0799	212.23	0.0225	164.84	188.81	157.27	181.17	9.645	9.64	9.7	9.74	0.1141	9.67	0.0456	17.0697	10.0337	34.3445	61.1841	11.38	145.3533	0.2305	2.3831	0.5836	0.912	0.4048	447.63	0.00314	0.0324	0.0645	0.06856	-0.10223	184.64	0.00249	0.006	-0.02715	-0.01568	-0.01085	9.59	0.00246	0.0674	0.51294	0.00756	-0.344	16	-0.04856	-0.01821	0.12268	0.20934	0.07103	0.23688	-0.09838	0.02196	-0.07223	-0.04289	0.02947	-0.08165	0.01678	0.01557	-0.04738	0.00174	-0.02631	0.0609	0.02316	0.0091	-0.06929	-0.00586	0.02581	-0.0356	-0.02376	0.01119	0.02371	0.06241	-0.06853	-0.02532	0.00125	0.04617	497.59	911499316	923651784	1000	/scratch.global/lanej/1000G/ngs_dose/1000G_highcov/crams/HG00242.cram	9ab0a0e8,a23ef9ed,7f3b4c3c	184ab16e		14	0.997152	0.998842	0.999629	0.999904	1.986	0.983	0.732	685.904	85.786	scan	M	GBR	EUR	M	0.999788	0.999903	0.997201	NA	-0.07	1.1013	1.0121	458.5672	455.2834	513.5106	181.0558	9.698	1.9952	706.4943	65.073	477.305	472.2449	543.5279	177.688	9.6344	1.9944	727.1516	51.9446	631.8013	1.005	0.73	40.7945	M	2504	
HG00243	scan	0.1.0+fae1124	45.55	150	432	450	0.1006	0.9643	1.2392	0.0571	0.0572		1.995	24.6134	674.9298	0.9933	0.9863	present	383.2	383.2	369.5	373.43	0.182	406.61	0.0545	379.41	464.91	395.37	446.02	322.15	392.96	367.24	458.01	311.4	383.31	319.49	388.51	295.41	358.53	377.53	400.93	183.386	NA	183.39	183.5	0.0658	225.48	0.0257	176.88	216.82	160.01	198.49	9.825	9.82	10.05	10.07	0.1131	9.99	0.0595	17.0494	4.9664	38.4963	62.9602	10.4348	137.2	0.2321	3.5486	0.6648	0.8361	0.1993	386.19	0.00275	0.0284	0.21904	0.2279	-0.41883	181.4	0.00869	0.0208	-0.04734	0.03131	0.01959	9.88	0.00268	0.0736	-0.62806	-0.60984	-0.57734	16	0.40411	-0.0503	-0.14538	0.24895	0.03992	-0.03474	0.00403	-0.04845	0.01631	-0.02347	0.11013	-0.06819	0.06713	-0.10408	0.02915	-0.00356	0.09609	-0.03012	0.02786	0.03156	0.08002	0.06497	0.00786	-0.01902	-0.03253	-0.01218	0.05426	-0.00057	-0.01983	0.00162	-0.0068	-0.013	467.99	903674572	917356674	1000	/scratch.global/lanej/1000G/ngs_dose/1000G_highcov/crams/HG00243.cram	9ab0a0e8,a23ef9ed,7f3b4c3c	184ab16e		14	0.99804	0.997934	0.999367	0.999726	2.025	0.987	0.646	670.709	27.985	scan	M	GBR	EUR	M	0.999554	0.999733	0.998066	NA	0.22	1.1549	1.0238	401.4923	397.2394	465.9852	180.9306	9.6322	1.9956	780.4196	22.9642	379.0993	375.5885	438.9249	172.5551	9.5953	1.9939	628.6615	28.3015	625.6614	1.0084	0.6448	39.6434	M	2504	
HG00244	scan	0.1.0+fae1124	40.628	150	431	450	0.0859	0.9673	1.2177	0.0794	0.0403		2.0005	24.4192	1035.9165	0.9873	0.8076	present	507.686	507.69	488.39	485.43	0.1882	532.97	0.0528	479.96	559.37	524.7	592.27	402.89	472.17	496.01	592.55	389.1	459.57	406.58	485.71	367.73	424.51	504.72	536.21	164.978	NA	164.98	165.24	0.0877	200.6	0.0279	160.26	193.02	141.9	174.23	9.866	9.87	10.03	10.07	0.1088	9.98	0.0509	12.733	6.2872	48.9121	56.8652	11.0562	117.6064	0.2574	3.6529	0.9514	0.8137	0.3317	513.95	0.00298	0.0307	-0.38315	0.05927	0.0646	164.17	0.01273	0.0305	0.02411	0.01605	-0.05896	9.87	0.0026	0.0714	0.05774	-0.3418	-0.79398	16	-0.08824	-0.13386	-0.23295	0.03514	0.05928	-0.02166	0.03252	-0.04339	0.1215	0.11164	0.01452	-0.01911	-0.0257	-0.04037	-0.14331	0.08064	0.0326	-0.00148	0.07101	-0.10265	0.07408	0.07276	-0.01594	0.09588	0.0266	0.05956	0.06296	-0.08355	-0.05642	0.07073	0.098	0.01614	624.2	803935268	814953612	1000	/scratch.global/lanej/1000G/ngs_dose/1000G_highcov/crams/HG00244.cram	9ab0a0e8,a23ef9ed,7f3b4c3c	184ab16e		14	0.997725	0.99836	0.999609	0.999885	2.039	0.974	0.611	1015.993	27.445	scan	M	GBR	EUR	M	0.999732	0.999885	0.99777	NA	0.21	1.1524	1.0209	521.7727	511.6193	611.0038	157.1368	9.6437	1.9986	937.6468	19.2253	484.4817	476.5788	551.8071	169.3662	9.6592	2.0032	807.6531	17.1669	923.5613	0.998	0.6102	35.7549	M	2504	chrY 0.81 (mosaic Y loss?)
HG00245	scan	0.1.0+fae1124	48.207	150	424	400	0.0888	0.9912	1.1228	0.0476	0.0368		2.0057	18.8564	771.3762	1.9541	0.0032	present	393.795	393.79	378.92	379.8	0.2115	392.61	0.0508	383.42	408.27	409.93	433.09	300.35	306.08	388.89	425.12	312.01	334.49	323.13	351.7	283.97	295.14	389.2	398.82	115.149	NA	115.15	113.76	0.0829	128.11	0.0252	106.68	117.62	99.71	111.41	9.75	9.75	9.77	9.8	0.1108	9.73	0.053	14.5569	1.0812	48.6165	56.1939	10.1266	139.7722	0.2532	2.4708	0.7318	0.9308	0.2197	401.0	0.00312	0.0322	-0.15623	0.67071	-0.50903	113.72	0.0065	0.0156	0.02791	0.01519	-0.00761	9.57	0.00233	0.0639	0.67797	0.87632	0.09204	16	-0.42458	0.06548	0.01078	0.10603	0.00429	0.0573	-0.09711	0.02592	-0.02791	-0.05552	0.05552	-0.04563	0.11215	0.00362	0.00618	0.0371	0.06663	0.02226	-0.0555	-0.02862	0.04368	-0.08391	0.03983	-0.09609	0.01316	0.0224	0.01428	-0.00403	0.07145	0.02798	-0.01092	-0.00954	2782.21	973185888	986508783	1000	/scratch.global/lanej/1000G/ngs_dose/1000G_highcov/crams/HG00245.cram	9ab0a0e8,a23ef9ed,7f3b4c3c	184ab16e		14	0.997298	0.997902	0.999679	0.999892	2.043	1.919	0.132	759.985	19.606	scan	F	GBR	EUR	F	0.999728	0.999913	0.997333	NA	-0.09	1.08	1.0223	411.2499	405.2998	448.9072	112.3399	9.7197	2.0034	768.0641	22.9622	411.4352	405.1409	468.4078	110.294	9.7139	2.0008	716.5051	18.847	693.8864	1.9686	0.1096	42.3049	F	2504	
HG00246	scan	0.1.0+fae1124	37.351	150	425	400	0.0776	0.973	1.2155	0.0533	0.038		1.9924	96.1465	1164.1581	0.9923	0.3122	present	446.569	446.57	432.39	427.11	0.158	471.32	0.0453	424.52	511.86	459.01	511.82	345.99	404.01	433.71	529.25	359.55	432.35	367.17	437.99	332.99	397.58	447.25	472.05	183.547	NA	183.55	184.2	0.0744	222.4	0.0249	167.99	203.53	161.66	196.44	9.884	9.88	9.97	9.99	0.1158	9.91	0.0446	14.1629	4.6518	37.9125	51.7805	9.3238	130.0491	0.2305	2.7884	0.6929	0.7813	0.2786	452.2	0.00256	0.0264	-0.00765	-0.33646	-0.00383	182.85	0.00677	0.0162	0.00792	0.027	0.00532	9.78	0.00279	0.0766	-0.57772	0.02996	-0.47889	16	-0.37254	-0.26079	-0.37544	-0.02833	-0.00415	-0.18463	-0.0394	-0.13438	-0.11981	-0.26926	0.0098	-0.01778	0.11008	0.18703	0.035	-0.06801	-0.03916	0.02664	-0.03096	-0.00108	-0.05407	-0.04694	-0.09627	0.00795	0.05929	-0.04384	-0.10586	-0.07704	0.00187	-0.05142	0.02165	-0.00394	919.55	734528262	744461396	1000	/scratch.global/lanej/1000G/ngs_dose/1000G_highcov/crams/HG00246.cram	9ab0a0e8,a23ef9ed,7f3b4c3c	184ab16e		14	0.997313	0.998645	0.999551	0.999887	1.973	0.977	0.309	1158.513	108.703	scan	M	GBR	EUR	M	0.999695	0.999902	0.997369	NA	0.12	1.1318	1.0151	481.5824	475.7105	555.4674	188.3552	9.5925	1.996	1044.644	102.0831	469.9211	466.168	536.856	184.2241	9.5808	1.9985	942.0346	130.2593	1050.2616	1.0068	0.2992	33.0137	M	2504	chrY 0.31 (mosaic Y loss?)
HG00250	scan	0.1.0+fae1124	35.33	150	432	450	0.1066	0.9636	1.2461	0.0854	0.0468		1.9912	59.6289	729.171	1.8834	0.0035	present	512.659	512.66	486.41	483.58	0.1955	532.64	0.0574	473.09	538.16	505.24	579.22	370.84	425.28	462.9	543.78	365.62	423.13	391.43	471.66	331.51	372.99	507.98	543.6	219.562	NA	219.56	214.22	0.0868	271.78	0.028	199.28	245.23	193.9	241.79	9.631	9.63	9.7	9.73	0.1184	9.64	0.0604	19.5709	1.4921	53.4626	52.7726	9.1652	147.9086	0.2148	1.8677	0.5695	0.8686	0.2534	511.62	0.00346	0.0356	0.03994	0.26953	0.29763	216.1	0.0115	0.0275	0.04835	0.01606	0.0053	9.54	0.00303	0.0831	0.77692	-0.43001	-0.07496	16	0.00714	0.01061	0.13942	-0.04913	0.04086	-0.03313	0.04035	-0.02352	-0.01938	-0.04278	-0.05604	0.09266	-0.02923	0.11383	-0.0736	0.1102	-0.06536	0.06514	0.00682	0.0909	-0.04381	-0.04487	0.02953	0.00783	-0.00947	0.05161	-0.01479	0.0963	-0.04127	0.09411	-0.02327	0.06611	664.7	715005696	725166404	1000	/scratch.global/lanej/1000G/ngs_dose/1000G_highcov/crams/HG00250.cram	9ab0a0e8,a23ef9ed,7f3b4c3c	184ab16e		14	0.997907	0.998584	0.999643	0.999972	2.025	1.838	0.128	720.924	66.714	scan	F	GBR	EUR	F	0.999709	0.999986	0.997716	NA	-0.12	1.1321	0.9875	508.7808	506.1313	585.8673	207.9978	9.5419	1.9913	677.9746	60.5032	544.4135	539.9262	623.1576	210.4369	9.6944	1.9932	710.2348	78.2879	682.0875	1.8786	0.1058	30.6092	F	2504	
HG00251	scan	0.1.0+fae1124	44.474	150	418	400	0.0724	0.9677	1.2196	0.0589	0.0426		2.007	109.0777	844.8069	0.9807	0.9595	present	508.637	508.64	483.73	488.57	0.1909	524.45	0.0471	479.82	552.45	514.41	578.78	341.46	378.44	453.95	538.75	363.86	424.4	402.42	474.57	330.74	371.39	503.95	533.49	178.767	NA	178.77	176.63	0.0878	216.08	0.0204	165.84	196.97	156.66	190.77	9.553	9.55	9.73	9.79	0.114	9.67	0.0423	12.5448	11.9728	43.5777	66.4872	9.0896	143.1208	0.2468	3.5705	0.4936	0.8159	0.3301	511.48	0.00252	0.026	0.0749	0.17503	0.39976	176.27	0.0072	0.0172	0.05013	0.00273	0.00931	9.63	0.00291	0.0798	-0.28201	-0.02099	-0.0195	16	-0.08069	0.05261	-0.00652	0.11072	0.04584	0.01859	0.10186	-0.19306	0.14102	0.04538	0.04305	-0.00265	-0.0321	0.02055	-0.01189	0.04059	0.02915	0.17358	-0.05215	-0.06884	-0.08127	0.05171	0.03233	0.03233	0.02212	0.00102	-0.05389	-0.02618	-0.03205	0.00324	-0.04401	0.07822	572.93	888516760	901609758	1000	/scratch.global/lanej/1000G/ngs_dose/1000G_highcov/crams/HG00251.cram	9ab0a0e8,a23ef9ed,7f3b4c3c	184ab16e		14	0.997536	0.998602	0.999487	0.999833	2.021	0.988	0.77	842.178	121.027	scan	M	GBR	EUR	M	0.999583	0.999899	0.997592	NA	-0.03	1.1316	1.0057	551.491	546.6604	624.9802	172.4872	9.5514	2.0065	801.5273	88.8985	530.2243	522.4114	607.4723	181.8961	9.568	2.0057	779.9944	69.8383	770.3367	1.0064	0.7592	39.8622	M	2504	
HG00252	scan	0.1.0+fae1124	37.497	150	436	450	0.0752	0.9687	1.2348	0.0738	0.0422		1.9914	37.513	727.6344	0.9881	0.9636	present	477.803	477.8	459.34	459.37	0.1972	508.54	0.0493	457.89	576.72	486.49	553.55	381.48	477.12	464.17	596.52	372.6	471.43	389.74	482.33	344.78	430.46	473.88	503.13	260.029	NA	260.03	261.29	0.0771	325.56	0.0239	239.59	298.9	228.81	289.91	9.7	9.7	9.8	9.78	0.1095	9.71	0.0445	11.8159	13.4686	47.4518	79.4643	12.2621	135.4005	0.2457	2.9186	0.4492	0.9241	0.4404	483.54	0.00228	0.0235	0.07804	0.22593	-0.17297	256.58	0.00923	0.0221	0.0165	0.02921	-0.01362	9.62	0.00274	0.0751	0.25028	0.24328	-0.17871	16	-0.16226	0.06077	0.0874	0.13228	0.23542	-0.07985	-0.0599	-0.14598	-0.0519	-0.00943	0.01089	-0.04384	0.09227	-0.00757	-0.05144	-0.10701	0.02744	0.03177	-0.01097	0.01885	0.01761	-0.02771	0.04685	-0.05777	0.03436	-0.07442	0.03424	-0.00493	-0.06801	-0.08364	0.06604	-0.09146	540.82	743854710	756440285	1000	/scratch.global/lanej/1000G/ngs_dose/1000G_highcov/crams/HG00252.cram	9ab0a0e8,a23ef9ed,7f3b4c3c	184ab16e		14	0.997737	0.998899	0.999615	0.999879	2.045	0.981	0.854	726.383	43.406	scan	M	GBR	EUR	M	0.999588	0.999877	0.997732	NA	-0.04	1.1448	1.0061	477.7149	473.6915	539.2208	269.1109	9.6554	1.9921	605.3771	44.5147	485.9604	480.6451	553.7132	233.3638	9.6438	1.9941	625.7684	35.3156	684.2604	1.0052	0.8468	33.4453	M	2504	
HG00253	scan	0.1.0+fae1124	40.483	150	432	450	0.0921	0.9652	1.22	0.0586	0.0373		2.0082	80.903	863.0506	1.9345	0.0027	present	466.471	466.47	453.57	460.54	0.1953	500.38	0.0537	449.26	557.43	473.67	533.64	386.73	474.97	476.73	603.95	374.29	465.86	386.13	473.11	353.9	436.35	467.51	496.54	231.762	NA	231.76	229.31	0.0701	288.49	0.0266	208.85	259.81	200.8	253.14	9.605	9.6	9.72	9.77	0.1215	9.66	0.0513	20.8993	1.7281	54.634	58.4573	10.1159	150.7227	0.2552	3.2927	0.8065	0.8709	0.237	467.83	0.00292	0.0301	1.04365	0.14645	-0.27862	228.78	0.01157	0.0277	-0.02128	0.03857	-0.02443	9.54	0.00257	0.0706	0.25727	0.4499	-0.05338	16	-0.35568	-0.01454	0.07307	0.25757	-0.01064	0.10489	-0.04347	0.08566	0.00133	-0.05675	0.00185	0.00648	0.01379	0.07484	0.02554	0.02643	0.09856	-0.02666	-0.10813	0.03093	-0.02866	0.0328	-0.02287	0.04722	0.01406	0.01669	-0.0298	0.02632	-0.00517	0.05626	-0.0224	-0.00758	756.77	821530812	833593542	1000	/scratch.global/lanej/1000G/ngs_dose/1000G_highcov/crams/HG00253.cram	9ab0a0e8,a23ef9ed,7f3b4c3c	184ab16e		14	0.997646	0.999	0.999642	0.999851	2.057	1.89	0.141	865.354	92.112	scan	F	GBR	EUR	F	0.999773	0.999905	0.997918	NA	-0.12	1.1407	1.0125	480.3106	479.31	557.7338	219.9127	9.618	1.9993	903.2579	49.7474	479.5981	481.5316	548.8227	224.9592	9.634	2.002	877.7707	74.3429	797.8327	1.9342	0.1174	35.5897	F	2504	
HG00254	scan	0.1.0+fae1124	38.413	150	441	450	0.0834	0.9673	1.2197	0.0571	0.0411		1.995	67.3663	804.9938	1.9309	0.0027	present	472.295	472.3	453.46	453.3	0.2171	491.36	0.0477	442.64	506.49	463.27	520.51	352.03	404.47	436.64	514.93	350.12	406.31	366.26	434.49	327.31	369.43	473.22	500.26	173.864	NA	173.86	170.35	0.0847	210.4	0.025	152.37	183.22	151.28	184.55	9.474	9.47	9.6	9.59	0.1186	9.54	0.0482	20.6769	2.2796	41.9706	49.2249	9.2379	142.9785	0.2192	2.873	0.7596	0.8411	0.2042	476.91	0.00294	0.0303	0.57566	0.65637	-0.11888	171.75	0.00928	0.0222	0.03366	0.00474	-0.00474	9.43	0.00251	0.0688	-0.0075	0.0235	0.04958	16	-0.24074	0.0759	0.19433	0.04684	-0.0585	0.09297	0.00155	-0.02314	-0.02459	-0.00289	-0.0091	0.07433	-0.01129	0.02168	-0.05402	0.01683	-0.03531	0.07763	0.08344	0.03506	0.01727	0.02124	-0.06388	-0.02783	0.02256	-0.0767	-0.01537	-0.02633	-0.03464	0.08504	0.04174	-0.02151	368.86	776488614	787106026	1000	/scratch.global/lanej/1000G/ngs_dose/1000G_highcov/crams/HG00254.cram	9ab0a0e8,a23ef9ed,7f3b4c3c	184ab16e		14	0.997704	0.998206	0.999537	0.999884	1.986	1.89	0.126	798.794	76.457	scan	F	GBR	EUR	F	0.999515	0.999896	0.997889	NA	-0.23	1.0914	0.9714	482.1011	477.5102	529.6988	168.5471	9.627	1.9923	775.0723	68.847	474.6377	469.3431	529.4313	170.9065	9.5956	1.9903	788.7656	84.2826	746.4823	1.9372	0.1036	34.0074	F	2504	
HG00255	scan	0.1.0+fae1124	38.481	150	424	400	0.0906	0.9663	1.2363	0.0457	0.0492		1.9871	17.8801	789.4285	1.9156	0.0028	present	391.496	391.5	381.93	383.0	0.1573	424.87	0.0506	381.44	483.91	399.49	453.41	316.81	387.76	410.28	526.49	319.32	404.51	332.56	409.96	310.04	388.4	392.92	419.8	271.93	NA	271.93	274.83	0.0651	339.88	0.0287	260.99	324.63	233.58	293.51	10.057	10.06	10.18	10.18	0.113	10.11	0.0539	18.144	1.3398	38.9572	49.0334	11.2381	144.136	0.2347	3.4589	0.4348	0.8824	0.5294	398.17	0.00266	0.0274	0.119	-0.263	-0.25444	269.59	0.01217	0.0291	-0.05715	0.02932	0.00027	10.02	0.00328	0.0901	0.82103	-0.86598	1.35683	16	0.07208	0.18048	0.16653	-0.08326	0.00761	0.01149	0.0133	0.00716	0.09196	0.02159	-0.02568	0.08425	-0.07169	-0.0559	-0.06163	-0.07554	-0.03828	-0.02954	0.02754	-0.03676	0.0044	-0.11862	0.00379	0.02064	-0.00574	0.09441	-0.01827	-0.06564	-0.05093	-0.02092	-0.01083	0.02486	756.51	775622610	786628765	1000	/scratch.global/lanej/1000G/ngs_dose/1000G_highcov/crams/HG00255.cram	9ab0a0e8,a23ef9ed,7f3b4c3c	184ab16e		14	0.997781	0.99891	0.999566	0.999908	2.012	1.866	0.134	774.7	20.358	scan	F	GBR	EUR	F	0.999722	0.999926	0.997713	NA	0.36	1.1387	1.0033	375.029	369.6579	418.2478	275.2615	10.1673	1.9923	753.0069	20.5544	380.0275	375.5603	427.8888	266.0008	10.1488	1.9886	709.3683	22.9592	723.3178	1.9108	0.113	33.8076	F	2504	
HG00256	scan	0.1.0+fae1124	37.399	150	398	400	0.1081	0.9688	1.1945	0.0629	0.0367		2.0021	32.0337	761.2431	0.9887	0.9688	present	499.033	499.03	487.01	492.62	0.1515	535.1	0.0611	483.91	594.53	503.81	564.79	406.26	481.52	523.33	648.2	412.2	502.96	428.1	512.48	384.4	468.3	500.6	531.91	179.551	NA	179.55	179.53	0.0621	217.63	0.0251	166.93	203.11	157.7	191.59	9.57	9.57	9.67	9.66	0.1149	9.62	0.0649	19.3205	10.6523	45.1606	74.5483	11.03	138.1706	0.2182	2.5512	0.6148	0.8807	0.3094	503.91	0.00566	0.0584	0.67039	-0.60691	-0.11921	178.71	0.00285	0.0068	-0.01931	0.04721	0.01618	9.52	0.00257	0.0705	-0.44244	0.0443	0.04173	16	-0.19749	-0.05964	0.03044	-0.01789	-0.03986	0.12211	0.11028	-0.16648	0.06774	-0.03223	0.05455	0.03481	0.04856	-0.00146	0.06779	-0.07062	0.02763	0.06263	-0.03868	-0.09749	-0.00874	0.06163	-0.02718	-0.06087	-0.02512	0.06756	0.00082	-0.02433	0.00919	0.03895	0.01729	0.05285	651.72	742361974	754355935	1000	/scratch.global/lanej/1000G/ngs_dose/1000G_highcov/crams/HG00256.cram	9ab0a0e8,a23ef9ed,7f3b4c3c	184ab16e		14	0.998138	0.99902	0.999601	0.999885	2.0	0.984	0.783	759.417	36.519	scan	M	GBR	EUR	M	0.999593	0.999894	0.998119	NA	-0.14	1.1208	0.9998	542.7621	539.913	602.5647	182.0175	9.6326	2.0014	760.1871	35.9926	498.4057	496.6233	565.0662	183.4413	9.657	1.9994	789.6534	38.1129	708.3873	1.0078	0.7896	32.0919	M	2504	
HG00257	scan	0.1.0+fae1124	38.522	150	438	450	0.0754	0.9669	1.2636	0.0572	0.0361		2.0046	15.885	888.9042	1.955	0.0025	present	501.584	501.58	489.3	497.71	0.1797	546.07	0.0467	482.7	626.86	512.44	584.3	410.4	526.13	518.69	682.98	390.36	506.46	414.93	524.09	383.2	496.13	505.81	538.12	233.337	NA	233.34	234.2	0.0812	299.14	0.0238	211.83	271.79	204.4	265.51	9.779	9.78	9.89	9.91	0.1208	9.8	0.0423	19.6486	1.9333	61.3373	50.0517	12.0859	145.5292	0.2459	2.9305	0.6593	0.871	0.26	504.17	0.00328	0.0338	0.95623	-0.22366	-0.01008	230.76	0.00277	0.0066	-0.00533	0.0067	-0.03072	9.72	0.00269	0.0737	-0.24473	-0.20324	-0.05737	16	-0.22365	-0.09229	-0.18842	-0.10633	-0.02885	-0.05118	0.04629	-0.07112	-0.00337	-0.03157	-0.06974	0.054	-0.06877	-0.10249	0.08615	-0.01579	-0.07009	-0.08829	-0.00817	0.02792	-0.03276	-0.03389	0.04331	-0.01625	0.04253	0.02213	0.00264	-0.05144	0.03188	0.09855	-0.11069	-0.06507	586.41	781428816	792596542	1000	/scratch.global/lanej/1000G/ngs_dose/1000G_highcov/crams/HG00257.cram	9ab0a0e8,a23ef9ed,7f3b4c3c	184ab16e		14	0.997521	0.998006	0.999416	0.999652	2.062	1.887	0.132	893.16	18.332	scan	F	GBR	EUR	F	0.999589	0.999666	0.997648	NA	0.06	1.1589	1.0164	500.7515	497.6377	582.7984	238.5227	9.6781	2.0049	965.1048	20.4954	497.762	498.9735	567.9175	233.0677	9.655	2.0049	889.404	20.0912	828.6725	1.9244	0.1096	34.5145	F	2504	
HG00258	scan	0.1.0+fae1124	41.36	150	435	450	0.0744	0.9744	1.1951	0.067	0.0374		1.9972	39.122	1061.7594	1.9518	0.0023	present	304.546	304.55	290.83	293.5	0.1989	311.65	0.0404	280.67	320.17	306.32	337.23	215.24	246.88	265.71	310.1	209.07	241.55	233.56	272.69	188.03	212.74	304.6	318.31	189.757	NA	189.76	185.43	0.0971	225.51	0.0212	172.41	202.8	161.45	193.87	9.672	9.67	9.74	9.76	0.1091	9.68	0.0428	11.9114	1.5139	45.7362	60.0801	9.6174	154.1638	0.227	2.8013	0.6671	0.8677	0.1437	306.09	0.00374	0.0386	-0.05267	0.22774	0.40891	187.75	0.00771	0.0184	0.05149	-0.02831	-0.00343	9.6	0.0026	0.0714	0.48874	0.31656	0.15958	16	-0.25851	-0.07496	-0.05793	-0.09527	-0.00894	0.10466	-0.00092	0.11595	0.02944	0.03432	0.06548	-0.01181	-0.00196	-0.01719	-0.00298	-0.00814	0.00888	-0.03506	0.05153	-0.01422	0.04011	0.03799	-0.0649	0.02614	0.02004	0.05982	-0.00906	-0.00712	0.03937	-0.09532	-0.03832	0.04248	740.13	836468712	848563367	1000	/scratch.global/lanej/1000G/ngs_dose/1000G_highcov/crams/HG00258.cram	9ab0a0e8,a23ef9ed,7f3b4c3c	184ab16e		14	0.997339	0.997477	0.999551	0.999885	1.995	1.915	0.142	1046.489	43.008	scan	F	GBR	EUR	F	0.999754	0.999942	0.997415	NA	-0.06	1.1017	1.0008	298.1069	297.9274	328.0727	184.8929	9.6922	1.9944	1058.021	41.7523	326.3441	322.6636	371.3671	177.6347	9.6748	1.9936	1055.2722	34.3572	945.8528	1.9602	0.1146	37.0056	F	2504	
HG00259	scan	0.1.0+fae1124	35.56	150	430	450	0.0983	0.9675	1.2558	0.0655	0.0416		2.0012	25.2875	704.5317	1.938	0.0028	present	480.396	480.4	470.03	472.41	0.175	520.81	0.0546	462.09	577.23	492.39	559.55	401.61	498.59	485.23	620.3	383.68	482.18	399.95	496.2	375.73	464.5	484.99	516.28	185.365	NA	185.36	185.85	0.0663	233.48	0.0288	167.57	210.23	159.16	202.92	9.736	9.74	9.8	9.79	0.1075	9.73	0.0587	20.6067	0.9168	55.7465	54.3076	11.3593	150.7339	0.2615	3.7761	0.5802	0.8651	0.305	487.61	0.00194	0.02	0.08229	-0.32925	-0.12192	183.39	0.00827	0.0198	-0.05138	0.02414	0.00941	9.66	0.00272	0.0747	0.37199	0.28532	0.14579	16	-0.2282	0.00432	-0.01149	0.08446	-0.05555	0.0161	0.03125	0.09569	0.04962	0.03689	0.0483	-0.04558	0.02028	-0.07341	0.08081	0.06868	0.0089	-0.07301	0.04638	0.00568	-0.10717	0.01813	-0.0126	-0.03128	0.02067	-0.08815	-0.01104	0.05173	-0.05932	-0.03451	-0.02988	-0.03827	1859.05	719885808	730146622	1000	/scratch.global/lanej/1000G/ngs_dose/1000G_highcov/crams/HG00259.cram	9ab0a0e8,a23ef9ed,7f3b4c3c	184ab16e		14	0.997664	0.998198	0.99956	0.99992	2.047	1.881	0.138	701.714	28.781	scan	F	GBR	EUR	F	0.999748	0.999968	0.997843	NA	0.0	1.1475	1.0098	494.0217	487.6647	569.7812	177.393	9.7135	1.9957	797.5764	26.2044	495.6691	490.7855	562.7976	166.9329	9.7921	1.9965	716.779	26.2848	666.1346	1.9224	0.116	31.0443	F	2504	
HG00260	scan	0.1.0+fae1124	34.425	150	425	400	0.0701	0.9452	1.3583	0.0601	0.037		1.9956	33.081	786.121	0.9943	0.9893	present	397.62	397.62	386.91	393.51	0.1619	458.15	0.0407	390.47	575.47	421.2	509.11	317.49	443.13	399.01	590.62	319.31	465.68	339.15	466.25	301.39	436.86	397.73	440.56	77.893	NA	77.89	78.18	0.0663	108.48	0.02	73.8	103.18	67.81	94.85	9.89	9.89	9.93	9.91	0.1084	9.82	0.0419	14.6445	13.3844	50.1153	78.8545	15.6933	149.8843	0.2553	2.8348	0.5569	0.8046	0.3652	404.31	0.00434	0.0447	0.40229	-0.26539	-0.07262	77.57	0.01161	0.0278	-0.0586	0.0397	-0.00802	9.75	0.00275	0.0755	0.37175	0.04273	0.06774	16	-0.10668	-0.13828	-0.09288	-0.17671	0.1335	0.02332	-0.06938	-0.08257	-0.04635	-0.00143	-0.04588	0.06541	-0.00141	0.01871	0.14109	-0.06897	0.03735	-0.04406	0.00997	0.00775	-0.06009	-0.07033	-0.04919	-0.1326	0.07212	-0.01765	0.0089	-0.05038	0.00521	-0.08802	-0.06945	-0.02122	476.63	685854752	697627574	1000	/scratch.global/lanej/1000G/ngs_dose/1000G_highcov/crams/HG00260.cram	9ab0a0e8,a23ef9ed,7f3b4c3c	184ab16e		14	0.997608	0.998868	0.999353	0.999607	2.028	0.982	0.859	775.134	40.699	scan	M	GBR	EUR	M	0.999449	0.999743	0.997674	NA	0.09	1.2592	1.0418	382.9126	377.6432	477.2836	83.3918	9.7234	1.998	800.9693	36.8887	372.2444	371.1395	431.1614	82.7742	9.6677	2.0018	632.4329	35.4883	735.8455	1.0012	0.8462	30.9419	M	2504	
HG00261	scan	0.1.0+fae1124	35.572	150	431	450	0.0905	0.9637	1.2302	0.0755	0.0369		2.0009	14.9581	958.3215	2.1616	0.0027	present	534.635	534.64	513.74	521.7	0.1906	571.79	0.0525	516.92	643.84	545.14	627.14	441.22	542.37	537.14	683.96	426.81	532.27	446.59	551.9	391.25	483.04	526.52	564.49	223.946	NA	223.95	219.12	0.0849	280.81	0.0284	212.74	268.18	192.64	243.67	9.574	9.57	9.77	9.79	0.1461	9.7	0.0545	11.4866	1.4551	59.441	55.7055	10.5123	134.6268	0.2212	3.4152	0.8754	0.7864	0.2456	539.69	0.00233	0.0241	0.23895	0.19333	-0.40548	221.08	0.00506	0.0121	0.00763	-0.01949	0.01571	9.61	0.00263	0.0722	-1.42019	0.81994	0.33046	16	-0.23595	-0.06065	-0.052	-0.18776	0.02126	-0.02714	-0.07011	0.07473	0.13183	0.1784	0.01323	0.1158	-0.02766	-0.09268	-0.02414	0.01698	0.06612	-0.03375	0.00575	-0.09765	-0.05912	-0.07211	-0.01253	-0.02365	-0.01317	0.06022	-0.05185	0.00715	0.04615	-0.02505	-0.01416	-0.00837	250.73	722793342	732697534	1000	/scratch.global/lanej/1000G/ngs_dose/1000G_highcov/crams/HG00261.cram	9ab0a0e8,a23ef9ed,7f3b4c3c	184ab16e		14	0.997868	0.998239	0.999645	0.999933	2.048	2.094	0.135	943.999	17.183	scan	F	GBR	EUR	F	0.999721	0.99996	0.997807	NA	-0.05	1.162	1.0101	490.2386	486.0394	562.9543	222.9572	9.6235	2.0029	923.3765	16.2781	526.7824	522.1115	601.8051	211.91	9.6392	2.0019	901.5741	22.3355	877.3437	2.145	0.1126	31.2538	F	2504	
HG00262	scan	0.1.0+fae1124	34.719	150	409	400	0.1082	0.9518	1.2966	0.0601	0.0424		2.0055	112.1561	830.8225	1.9037	0.0027	present	630.487	630.49	607.36	617.56	0.1748	696.83	0.0627	603.55	821.58	640.47	752.32	505.22	651.54	640.95	879.98	517.9	700.71	536.02	694.84	482.9	643.28	624.29	680.38	221.203	NA	221.2	221.28	0.0699	290.95	0.0293	195.24	257.15	192.25	253.81	9.609	9.61	9.72	9.73	0.1169	9.64	0.0623	15.7078	1.0723	55.6054	67.5576	11.8142	147.988	0.2185	3.0288	0.8294	0.8127	0.2937	633.98	0.00369	0.0381	0.54953	-0.03572	-0.37881	220.94	0.00727	0.0174	-0.00757	0.03389	-0.01962	9.54	0.00266	0.073	-0.32065	0.05185	0.00651	16	-0.20046	0.05691	0.02993	0.10565	-0.08353	0.0741	-0.04042	0.09438	-0.0158	-0.04625	0.01112	0.0326	0.00012	0.01927	-0.17672	-0.08907	0.02166	0.08834	-0.0003	0.01364	-0.0228	0.00264	-0.1075	-0.07236	0.1149	0.06832	0.00435	-0.02473	-0.03995	-0.027	0.01535	-0.06667	416.43	705085162	717188825	1000	/scratch.global/lanej/1000G/ngs_dose/1000G_highcov/crams/HG00262.cram	9ab0a0e8,a23ef9ed,7f3b4c3c	184ab16e		14	0.997971	0.998797	0.999702	0.99996	2.01	1.845	0.159	816.01	135.875	scan	F	GBR	EUR	F	0.999781	0.999973	0.997919	NA	-0.12	1.1867	1.0102	623.6993	621.8321	742.8885	216.5351	9.674	2.0045	746.3949	90.7674	723.9559	724.9797	829.9481	196.8919	9.6979	2.0019	798.2614	104.1833	766.2984	1.8834	0.1328	29.9789	F	2504	
HG00263	scan	0.1.0+fae1124	34.308	150	432	450	0.0829	0.9727	1.2266	0.0579	0.0386		2.0069	44.3668	702.7267	1.9428	0.0024	present	517.925	517.93	502.03	509.81	0.19	546.24	0.0502	520.82	624.11	538.45	600.16	437.26	522.01	532.48	656.23	410.53	496.52	433.57	523.95	391.89	464.03	512.27	538.7	168.134	NA	168.13	167.59	0.0894	206.99	0.0261	153.17	187.65	145.18	180.91	9.734	9.73	9.76	9.76	0.1102	9.69	0.0489	13.5948	1.5209	39.5985	52.3609	13.0416	154.3726	0.2377	3.1608	0.7717	0.8483	0.3339	525.1	0.00272	0.028	0.32881	0.24427	-0.37572	167.43	0.00689	0.0165	0.01932	-0.0322	0.01767	9.6	0.0028	0.0768	0.34653	0.28021	0.24622	16	-0.14561	-0.05186	0.0211	-0.07109	-0.04004	0.01834	0.10438	-0.00899	-0.00523	0.06136	0.02917	-0.06998	0.01988	-0.02003	0.04772	-0.03889	-0.00594	0.02878	0.02535	-0.01868	-0.06345	-0.05277	-0.02076	-0.11384	-0.08296	-0.04725	0.07268	0.03197	0.00044	0.02511	0.05686	-0.05725	324.07	693567762	702912794	1000	/scratch.global/lanej/1000G/ngs_dose/1000G_highcov/crams/HG00263.cram	9ab0a0e8,a23ef9ed,7f3b4c3c	184ab16e		14	0.997965	0.99895	0.999622	0.999906	2.04	1.904	0.136	693.86	49.994	scan	F	GBR	EUR	F	0.999699	0.999899	0.997843	NA	-0.06	1.1429	1.0254	532.3262	527.9664	600.7116	167.5082	9.703	2.0038	692.0926	50.0308	552.2605	548.8095	627.5009	169.5897	9.7378	2.0046	732.5563	56.3405	656.0318	1.9496	0.1144	30.3967	F	2504	
HG00264	scan	0.1.0+fae1124	37.821	150	424	400	0.0821	0.9789	1.1717	0.0644	0.0549		1.99	28.9576	783.6533	1.0011	0.8769	present	455.351	455.35	425.89	433.74	0.2368	443.73	0.0471	414.52	415.3	456.73	497.78	287.91	278.41	373.86	390.89	317.84	323.14	340.18	371.17	264.06	259.06	445.61	464.12	197.654	NA	197.65	195.56	0.0971	222.62	0.0199	176.05	195.76	179.19	202.6	9.714	9.71	9.89	9.97	0.125	9.86	0.0465	19.1361	10.2864	40.7161	67.3606	10.5978	151.2719	0.2391	2.6973	0.5588	0.8001	0.4456	449.12	0.00605	0.0624	-0.20982	0.72036	0.36925	194.98	0.02122	0.0508	0.09416	0.01727	-0.00758	9.74	0.00286	0.0785	-1.28047	-0.25862	-0.07381	16	0.35086	-0.06165	-0.02088	-0.05872	0.11766	0.09458	-0.03419	-0.03938	-0.11181	-0.02546	-0.11789	0.00601	0.06975	0.05939	0.0143	0.01369	-0.01038	-0.02941	0.00758	-0.05107	-0.05464	-0.02913	-0.0101	0.01348	0.06402	-0.08012	0.05612	-0.02519	0.12941	0.07543	-0.0495	-0.0785	455.17	754369304	766824718	1000	/scratch.global/lanej/1000G/ngs_dose/1000G_highcov/crams/HG00264.cram	9ab0a0e8,a23ef9ed,7f3b4c3c	184ab16e		14	0.997781	0.998331	0.999314	0.999746	2.07	0.992	0.704	772.408	31.472	scan	M	GBR	EUR	M	0.999554	0.999788	0.997838	NA	0.08	1.1083	1.0169	437.0418	441.2673	487.7488	200.4667	9.6678	1.9922	810.9065	27.3202	463.258	464.9959	543.6667	208.52	9.6659	1.9935	718.708	32.1829	718.0634	1.009	0.6926	33.6961	M	2504	
HG00265	scan	0.1.0+fae1124	39.535	150	424	400	0.0887	0.963	1.2391	0.0539	0.05		1.9964	15.9362	871.0522	0.9935	0.9948	present	460.546	460.55	439.23	441.39	0.1948	484.14	0.0498	430.38	515.96	466.39	531.79	332.4	386.84	429.22	527.29	345.77	417.86	368.45	446.66	317.18	374.91	456.85	488.46	165.875	NA	165.87	164.5	0.0744	205.47	0.0285	143.34	175.14	147.81	184.41	9.878	9.88	9.91	9.85	0.1059	9.85	0.0526	15.7763	11.2464	47.0538	74.3563	10.941	148.3695	0.2245	3.1672	0.5978	0.8334	0.4062	463.28	0.0021	0.0217	0.18398	0.40779	-0.11157	164.81	0.00751	0.018	0.01057	0.02317	0.01578	9.71	0.0026	0.0714	1.51683	0.08	-0.31372	16	0.27624	-0.23725	0.01542	-0.09143	0.0777	0.0487	0.07074	-0.06769	0.02954	-0.0416	0.01751	0.00677	-0.05256	-0.05236	0.0458	0.04824	-0.00361	-0.0686	-0.0112	0.0252	0.06451	-0.05258	-0.12613	-0.05581	0.02057	-0.05013	-0.01893	-0.01061	-0.03057	-0.02036	-0.0508	-0.05301	331.77	790550368	803492823	1000	/scratch.global/lanej/1000G/ngs_dose/1000G_highcov/crams/HG00265.cram	9ab0a0e8,a23ef9ed,7f3b4c3c	184ab16e		14	0.997456	0.998486	0.999392	0.999786	2.047	0.984	0.787	859.7	18.402	scan	M	GBR	EUR	M	0.999646	0.999831	0.997672	NA	0.05	1.1479	1.0067	469.4586	464.602	543.8641	163.9274	9.5973	1.9944	940.556	20.3383	455.0012	452.3761	516.3997	171.3182	9.6058	1.9978	763.4885	19.7596	794.7933	0.9998	0.7788	35.0268	M	2504	
HG00266	scan	0.1.0+fae1124	36.27	150	415	400	0.1234	0.9626	1.24	0.052	0.0539		2.0054	34.3673	645.5061	1.9361	0.0027	present	431.186	431.19	416.53	423.31	0.1598	466.12	0.0625	421.36	546.64	439.24	501.44	340.8	422.67	428.43	563.45	349.49	453.42	359.94	449.69	318.51	405.3	428.81	458.88	220.97	NA	220.97	216.3	0.0654	280.49	0.043	196.31	247.48	182.5	233.18	9.626	9.63	9.76	9.78	0.1122	9.68	0.0716	17.7488	1.9658	43.4248	63.4833	9.4024	140.7296	0.2501	3.5159	0.722	0.8051	0.7474	436.16	0.00255	0.0263	0.04091	-0.27143	-0.17309	217.97	0.01668	0.0399	-0.07613	0.03358	-0.03086	9.58	0.00277	0.0759	0.32888	-0.22748	-0.70421	16	0.29219	0.06882	0.07168	0.10876	-0.05428	0.00385	-0.01885	-0.01576	-0.11719	-0.15007	-0.06845	0.04559	-0.00488	-0.02776	0.02811	0.06698	0.09411	-0.06784	-0.10301	0.01422	0.23054	-0.05801	0.03262	-0.08739	0.06924	-0.08037	0.10324	0.05595	0.04995	0.12641	-0.04623	0.04757	281.15	732782248	744185249	1000	/scratch.global/lanej/1000G/ngs_dose/1000G_highcov/crams/HG00266.cram	9ab0a0e8,a23ef9ed,7f3b4c3c	184ab16e		14	0.997969	0.999134	0.9996	0.999895	2.035	1.865	0.144	637.541	38.697	scan	F	FIN	EUR	F	0.999717	0.999919	0.998026	NA	-0.08	1.1497	1.0071	441.8874	434.0742	519.374	217.1026	9.5664	2.0067	768.2585	41.2439	480.109	476.9498	554.2342	186.5452	9.5989	2.0073	760.1689	51.5629	605.9076	1.9064	0.1216	30.7698	F	2504	
HG00267	scan	0.1.0+fae1124	38.167	150	436	450	0.094	0.9591	1.2838	0.0668	0.0453		2.0	60.4791	760.7786	0.9919	0.9547	present	406.038	406.04	386.01	388.61	0.2158	433.28	0.0503	393.22	490.24	414.13	481.89	330.2	409.76	374.94	482.09	315.46	397.24	324.7	411.48	301.87	372.39	396.74	428.32	166.456	NA	166.46	167.24	0.0774	215.99	0.0262	150.38	194.46	148.79	195.6	9.674	9.67	9.82	9.79	0.1115	9.74	0.054	18.4899	11.3179	48.677	68.5307	11.6182	151.0409	0.2393	2.6468	0.6939	0.8752	0.3643	408.06	0.00273	0.0281	0.27269	0.77771	-0.40859	163.72	0.00701	0.0168	0.02022	0.0234	0.03266	9.65	0.00268	0.0735	-0.42644	0.25117	0.02748	16	0.01644	0.02921	0.09592	-0.03516	0.02159	-0.09643	0.03369	-0.19551	0.02083	-0.05943	0.01904	-0.11097	0.00199	0.0477	0.03037	-0.01838	0.04141	0.05833	0.0618	-0.04127	0.02346	0.07388	0.04344	0.01159	0.00385	-0.10597	0.03697	0.04468	0.04177	-0.01171	-0.01424	-0.01741	305.84	759351216	770776388	1000	/scratch.global/lanej/1000G/ngs_dose/1000G_highcov/crams/HG00267.cram	9ab0a0e8,a23ef9ed,7f3b4c3c	184ab16e		14	0.997865	0.998815	0.999596	0.999903	2.04	0.986	0.765	758.288	68.657	scan	M	FIN	EUR	M	0.999668	0.999946	0.998036	NA	-0.01	1.1809	1.0149	430.837	429.7237	503.947	166.4788	9.6819	2.0032	693.1784	79.7528	401.3273	400.2748	459.8508	181.0989	9.6228	2.0025	679.865	79.1135	714.0439	1.0086	0.7678	33.4739	M	2504	
HG00268	scan	0.1.0+fae1124	35.296	150	431	450	0.0712	0.9566	1.3005	0.0587	0.0528		1.9971	57.872	849.2415	1.9223	0.0025	present	485.988	485.99	476.07	477.17	0.1679	543.31	0.0441	472.6	636.67	509.04	594.6	410.2	547.24	492.05	673.51	391.86	529.06	410.13	534.89	368.17	494.2	489.81	530.26	156.387	NA	156.39	154.46	0.0734	206.84	0.0181	137.1	180.19	138.02	185.71	9.621	9.62	9.81	9.77	0.1209	9.72	0.0407	12.153	1.48	48.6542	54.2215	10.9	128.1637	0.2445	2.9224	0.5347	0.8702	0.5605	498.81	0.00288	0.0297	-0.04927	-0.39009	-0.06657	156.08	0.00804	0.0192	-0.03267	0.00564	-0.00016	9.63	0.00259	0.071	-0.5959	-0.18809	-0.2212	16	0.26828	-0.00833	0.01499	0.10179	-0.01024	0.00577	-0.02494	0.00579	-0.00655	0.00015	0.0609	0.03262	0.04709	-0.07696	-0.09135	-0.02765	-0.02295	-0.01193	-0.08933	0.01423	0.04076	0.01422	-0.01505	0.02638	0.02211	-0.07125	0.03315	-0.03442	-0.00296	-0.0886	-0.0113	0.03308	1009.21	709708752	719479471	1000	/scratch.global/lanej/1000G/ngs_dose/1000G_highcov/crams/HG00268.cram	9ab0a0e8,a23ef9ed,7f3b4c3c	184ab16e		14	0.997734	0.998799	0.99965	0.999945	2.018	1.849	0.133	828.543	67.16	scan	F	FIN	EUR	F	0.999716	0.999942	0.998025	NA	-0.03	1.192	1.0205	492.7931	479.2003	588.0335	155.4452	9.5784	1.9992	868.0849	61.4889	550.8178	537.9226	633.3122	159.5683	9.4444	1.9982	908.5824	86.1763	776.628	1.8998	0.1106	31.4868	F	2504	
HG00269	scan	0.1.0+fae1124	34.156	150	434	450	0.0744	0.9744	1.1815	0.0767	0.046		2.0005	61.2528	725.2644	1.9429	0.003	present	570.554	570.55	543.63	540.51	0.1939	577.25	0.0454	523.49	568.96	576.12	632.54	417.09	459.16	535.03	599.95	404.46	448.34	441.45	505.41	380.41	408.1	566.39	591.36	226.794	NA	226.79	224.12	0.1002	265.22	0.0206	200.61	231.7	202.25	238.47	9.56	9.56	9.6	9.62	0.1251	9.55	0.0378	15.887	1.3388	44.2377	47.7039	10.2502	138.9089	0.2263	2.3859	0.6145	0.8961	0.2818	569.39	0.00412	0.0425	0.00235	0.23027	0.32906	224.12	0.01449	0.0347	0.07126	-0.01261	-0.03444	9.42	0.00275	0.0755	0.55287	0.38227	-0.31186	16	-0.12148	-0.0465	-0.00749	0.022	-0.11184	0.06335	0.04715	-0.0005	0.06244	-0.01325	0.04031	-0.00805	0.05185	-0.03027	-0.10887	0.0369	-0.09604	-0.05272	-0.01902	0.0654	0.11237	-0.06233	0.08673	0.02593	0.04678	-0.01689	-0.03834	0.02228	0.07597	0.09696	0.01465	-0.07914	396.5	690440930	699770128	1000	/scratch.global/lanej/1000G/ngs_dose/1000G_highcov/crams/HG00269.cram	9ab0a0e8,a23ef9ed,7f3b4c3c	184ab16e		14	0.997186	0.998202	0.999617	0.999897	2.006	1.894	0.133	714.647	65.389	scan	F	FIN	EUR	F	0.999805	0.999907	0.997594	NA	-0.24	1.1109	1.0118	597.1726	597.7201	670.6801	214.757	9.4835	1.9991	700.2296	68.014	579.1271	578.161	656.7223	227.6405	9.5947	1.9979	696.6336	71.4092	676.1126	1.9396	0.1094	30.5421	F	2504	
HG00271	scan	0.1.0+fae1124	37.666	150	435	450	0.0717	0.968	1.215	0.0687	0.0538		1.9853	43.0651	875.2257	0.9973	0.9759	present	322.085	322.08	306.93	299.35	0.243	331.6	0.0393	277.94	311.69	305.89	343.06	217.42	246.62	275.04	319.59	208.34	238.53	234.64	277.18	200.72	221.87	326.8	345.5	167.432	NA	167.43	165.41	0.0942	202.56	0.026	148.02	176.82	138.04	168.71	9.666	9.67	9.78	9.79	0.1202	9.73	0.0416	14.1851	12.5288	44.8311	72.9617	14.2199	143.5389	0.2406	2.7822	0.706	0.8651	0.4788	305.76	0.0042	0.0433	1.77775	-0.38339	1.22491	165.42	0.00331	0.0079	0.00631	-0.03974	-0.01778	9.6	0.00258	0.0708	-0.32426	-0.03801	0.11575	16	0.26198	0.06695	0.11897	-0.06005	0.10033	0.08122	-0.07152	-0.1365	0.09338	0.09775	0.05262	0.00505	0.00094	0.06765	-0.05575	0.11502	-0.04697	0.02544	0.10518	-0.04728	0.03055	-0.00773	0.03538	-0.0858	0.01974	0.0006	-0.00211	-0.01009	0.07207	-0.04394	-0.03087	-0.05378	294.99	749506094	761633122	1000	/scratch.global/lanej/1000G/ngs_dose/1000G_highcov/crams/HG00271.cram	9ab0a0e8,a23ef9ed,7f3b4c3c	184ab16e		14	0.997521	0.998178	0.999424	0.999912	2.053	0.979	0.843	863.461	47.078	scan	M	FIN	EUR	M	0.999646	0.999982	0.997724	NA	-0.06	1.122	1.0004	307.6811	322.501	345.8923	162.7379	9.5464	1.9904	816.233	42.2743	300.5335	313.2254	343.8667	180.023	9.6169	1.9871	860.4567	35.1012	800.8293	1.0	0.8278	33.8209	M	2504	
HG00272	scan	0.1.0+fae1124	50.159	150	421	400	0.0904	0.9619	1.2479	0.0527	0.0477		1.9952	133.9339	733.5968	1.9387	0.0022	present	484.436	484.44	468.35	474.0	0.1623	525.82	0.0577	477.54	616.96	499.05	570.2	386.06	479.48	513.2	670.31	396.48	510.51	412.73	515.39	372.16	474.77	479.28	515.67	234.753	NA	234.75	236.09	0.0758	297.39	0.026	218.45	275.96	204.54	260.45	9.942	9.94	9.92	9.89	0.1285	9.86	0.0485	23.3739	1.4587	55.4044	65.4452	11.1928	146.111	0.2565	2.9006	0.37	0.8344	0.3237	492.1	0.00352	0.0363	0.05352	-0.27682	-0.24369	234.22	0.0025	0.006	-0.00829	0.00947	0.00097	9.7	0.00253	0.0694	1.52043	0.70173	-0.45196	16	0.25594	0.03429	0.02414	-0.0703	-0.03151	0.04793	-0.0347	0.123	0.012	0.09404	-0.00944	-0.00412	0.01793	0.02868	0.11651	-0.02637	-0.03919	0.05317	0.03089	-0.01611	0.00474	0.01685	-0.00107	-0.0367	0.01128	-0.06241	0.04625	0.01716	0.04636	0.01428	-0.02043	-0.03609	308.03	1019682866	1035276125	1000	/scratch.global/lanej/1000G/ngs_dose/1000G_highcov/crams/HG00272.cram	9ab0a0e8,a23ef9ed,7f3b4c3c	184ab16e		14	0.997815	0.998953	0.999635	0.99991	2.092	1.867	0.15	723.709	150.977	scan	F	FIN	EUR	F	0.999684	0.999928	0.997787	NA	0.04	1.1587	1.0141	460.0263	454.823	523.2258	238.3136	9.7111	1.9973	831.1401	100.968	480.2134	473.6849	550.0091	230.1844	9.6419	1.9976	700.1653	93.6196	662.4967	1.908	0.1252	44.0795	F	2504	
HG00273	scan	0.1.0+fae1124	39.378	150	425	400	0.0802	0.9695	1.2166	0.0809	0.043		2.0019	27.8862	801.004	0.9884	0.9724	present	534.352	534.35	509.8	512.47	0.204	552.83	0.0498	496.51	577.95	538.62	602.64	381.18	424.48	508.96	608.82	398.93	466.52	425.0	502.68	359.61	410.61	530.81	561.04	239.473	NA	239.47	237.37	0.0847	290.59	0.0308	223.2	268.78	200.19	244.2	9.707	9.71	9.74	9.79	0.1094	9.68	0.0463	20.3419	20.5433	50.5715	81.627	14.373	138.7972	0.2559	3.4068	0.4451	0.8407	0.2304	536.25	0.00298	0.0307	-0.08941	0.33411	-0.02263	238.17	0.00847	0.0203	-0.02523	-0.03146	-0.02249	9.57	0.0027	0.0742	0.67619	-0.25712	-0.05683	16	-0.0362	-0.06329	0.00665	-0.11329	0.1228	0.13065	0.02635	-0.23149	0.05687	0.03817	-0.03554	-0.00821	-0.0004	0.03279	0.01826	0.03603	0.01194	-0.09564	-0.02094	0.03069	0.05167	-0.04225	0.05305	0.00197	0.00217	-0.03001	-0.05066	-0.05669	-0.0417	0.02046	0.06447	-0.01505	909.91	787793630	800312532	1000	/scratch.global/lanej/1000G/ngs_dose/1000G_highcov/crams/HG00273.cram	9ab0a0e8,a23ef9ed,7f3b4c3c	184ab16e		14	0.997662	0.997584	0.99961	0.999907	2.047	0.982	0.961	787.846	30.569	scan	M	FIN	EUR	M	0.999686	0.999937	0.997734	NA	-0.09	1.1238	1.0044	559.9786	556.672	630.2263	242.8776	9.5653	2.003	743.9658	30.7987	539.9312	534.8115	617.4876	247.1434	9.6025	2.0024	840.696	31.0007	732.5775	1.0004	0.941	35.0266	M	2504	
HG00274	scan	0.1.0+fae1124	36.992	150	422	400	0.0907	0.9626	1.2698	0.0569	0.0434		1.9959	41.4499	1123.831	1.9431	0.0027	present	358.101	358.1	343.59	347.06	0.1909	385.17	0.0487	349.67	445.49	368.7	426.13	279.22	335.67	318.36	413.71	282.21	358.16	287.44	360.08	261.19	325.83	354.88	382.09	195.205	NA	195.21	193.82	0.0793	250.17	0.025	186.59	239.08	170.61	219.54	10.005	10.0	10.15	10.18	0.1253	10.07	0.0516	14.1887	2.054	39.5629	48.1592	11.6374	120.7108	0.2307	3.3791	0.4347	0.8285	0.4481	362.42	0.00257	0.0265	0.05203	0.28495	-0.18202	194.01	0.00654	0.0157	0.01576	0.01755	-0.0173	9.99	0.003	0.0823	-0.71968	0.60117	-0.98136	16	-0.06575	-0.12299	-0.28265	0.15322	0.11907	-0.09006	-0.24521	0.04234	0.00899	0.05445	0.04933	-0.07788	-0.00075	0.03152	-0.10642	-0.08078	0.02225	0.00144	-0.01694	-0.09063	-0.04779	-0.0711	-0.02706	-0.06505	0.00086	-0.04353	-0.02734	-0.04654	0.01793	0.00804	-0.05621	-0.00499	572.88	742636940	752557245	1000	/scratch.global/lanej/1000G/ngs_dose/1000G_highcov/crams/HG00274.cram	9ab0a0e8,a23ef9ed,7f3b4c3c	184ab16e		14	0.997892	0.998652	0.99962	0.999884	1.976	1.886	0.132	1112.146	46.855	scan	F	FIN	EUR	F	0.999606	0.999944	0.998001	NA	0.33	1.1758	1.0173	340.0931	336.213	400.8783	197.4958	9.7297	1.9974	988.5478	23.446	334.3744	329.244	380.6297	223.7477	9.7394	1.9971	737.5385	30.8963	1015.8562	1.9422	0.1132	32.3124	F	2504	
HG00275	scan	0.1.0+fae1124	36.112	150	439	450	0.0912	0.9684	1.2639	0.057	0.0419		1.9955	24.8013	720.323	1.9269	0.0024	present	427.77	427.77	409.63	413.28	0.1971	452.96	0.0499	396.37	488.64	430.01	490.04	319.54	391.98	399.4	504.32	307.86	382.16	335.09	414.36	284.99	347.56	427.77	455.44	155.169	NA	155.17	152.22	0.0822	195.05	0.0285	132.87	166.32	139.07	176.86	9.846	9.85	9.96	9.91	0.115	9.88	0.0514	17.589	1.0953	35.2715	47.3932	12.3652	135.2638	0.2463	2.7492	0.5169	0.8273	0.4873	431.35	0.00305	0.0315	0.24115	0.31451	0.12703	153.31	0.00687	0.0164	0.04678	0.02876	-0.00298	9.81	0.00267	0.0732	0.06294	0.27503	-0.30187	16	-0.03685	-0.07526	-0.09035	-0.00784	-0.08648	0.04451	0.04563	-0.04246	-0.04936	-0.06307	0.04389	0.01985	-0.01954	-0.09001	0.02991	0.06708	0.04593	0.00523	-0.02541	0.01724	-0.11875	0.01358	-0.15282	-0.08788	0.04555	-0.04614	-0.04832	-0.06525	0.12023	0.01657	-0.02338	-0.00345	537.61	724832306	734699883	1000	/scratch.global/lanej/1000G/ngs_dose/1000G_highcov/crams/HG00275.cram	9ab0a0e8,a23ef9ed,7f3b4c3c	184ab16e		14	0.997777	0.998178	0.999556	0.99983	1.977	1.875	0.13	706.971	27.666	scan	F	FIN	EUR	F	0.999575	0.999942	0.997867	NA	0.15	1.1361	0.9969	449.6033	444.4035	520.9998	150.98	9.7969	1.9941	819.9307	35.6395	434.796	433.4858	488.5275	180.4176	9.7392	1.9968	744.9392	53.0101	670.3477	1.928	0.1094	31.6507	F	2504	
HG00276	scan	0.1.0+fae1124	32.726	150	413	400	0.0745	0.9678	1.2315	0.0653	0.0432		1.9967	29.5683	1161.035	1.9234	0.0029	present	557.073	557.07	540.3	547.47	0.1502	601.46	0.0458	535.98	677.34	569.07	648.12	444.82	544.91	594.08	757.01	457.43	575.26	476.46	585.91	424.66	532.94	555.2	594.26	126.74	NA	126.74	126.63	0.0754	157.71	0.0286	124.69	155.11	105.52	131.8	9.572	9.57	9.76	9.83	0.1199	9.71	0.043	19.394	1.0667	41.8267	60.8576	10.4633	147.9892	0.2349	2.0306	0.5993	0.909	0.4696	564.4	0.00333	0.0344	0.09988	-0.37997	-0.1669	125.18	0.01938	0.0464	-0.08179	-0.00687	-0.02591	9.66	0.0028	0.0767	-1.14528	-0.45425	0.20904	16	-0.04691	0.02906	-0.04519	-0.14222	0.01391	-0.07817	0.04667	0.03682	-0.0111	-0.00295	-0.15007	0.01093	0.06935	0.01372	-0.02853	-0.17458	-0.1167	0.10981	-0.00469	0.04229	-0.08917	-0.0621	0.11032	-0.02088	0.06188	-0.11546	-0.0368	0.09653	0.02407	-0.13736	-0.05984	-0.03843	290.93	663141910	673181114	1000	/scratch.global/lanej/1000G/ngs_dose/1000G_highcov/crams/HG00276.cram	9ab0a0e8,a23ef9ed,7f3b4c3c	184ab16e		14	0.997638	0.99906	0.999492	0.999715	2.022	1.88	0.148	1152.936	33.636	scan	F	FIN	EUR	F	0.999668	0.999732	0.997911	NA	0.0	1.1483	1.0083	526.7523	523.1177	588.0217	132.5038	9.7502	2.0012	1037.3645	29.0597	525.42	518.6318	594.7371	133.0388	9.7579	1.9983	829.1423	38.109	1053.8727	1.9208	0.1224	29.2363	F	2504	
HG00277	scan	0.1.0+fae1124	38.563	150	425	400	0.1083	0.9705	1.2228	0.0519	0.0399		1.9971	54.0587	719.5772	0.9876	0.9891	present	428.856	428.86	409.33	412.66	0.1859	447.89	0.0562	414.34	501.85	436.86	489.55	317.11	364.35	412.99	511.32	321.76	389.91	345.07	414.56	316.69	375.18	422.92	448.17	189.833	NA	189.83	190.82	0.0739	233.12	0.0277	166.13	202.89	164.67	203.27	9.817	9.82	9.87	9.86	0.1157	9.8	0.0637	16.0769	12.3426	45.7828	73.8032	12.5296	139.9451	0.2584	3.1002	0.7254	0.8429	0.2026	429.43	0.00201	0.0208	0.20145	0.22702	-0.13465	188.64	0.00567	0.0136	-0.00232	0.00994	0.03696	9.68	0.00271	0.0743	0.05553	0.19126	-0.07254	16	-0.20626	-0.111	-0.05564	0.01372	0.06975	0.14578	0.07423	-0.09397	0.0069	-0.07376	0.08768	0.01025	0.04162	-0.03741	0.12179	0.15618	-0.00564	0.05137	0.09208	-0.01462	-0.05511	0.02633	0.02864	-0.0363	0.16194	-0.00887	0.09834	0.03205	0.02373	-0.04571	-0.03773	-0.01789	243.58	764680916	776522590	1000	/scratch.global/lanej/1000G/ngs_dose/1000G_highcov/crams/HG00277.cram	9ab0a0e8,a23ef9ed,7f3b4c3c	184ab16e		14	0.997744	0.998401	0.999604	0.999762	2.035	0.987	0.819	702.094	60.829	scan	M	FIN	EUR	M	0.999776	0.999895	0.997963	NA	0.02	1.14	1.0173	467.3275	464.8241	547.3309	183.0008	9.667	1.992	834.0509	81.5172	432.9948	434.8015	500.1743	190.9385	9.6539	1.9932	752.3921	75.1098	659.6846	1.0126	0.8284	33.125	M	2504	
HG00278	scan	0.1.0+fae1124	41.364	150	442	450	0.1116	0.9666	1.2324	0.0722	0.039		2.0032	57.3969	684.7708	0.9967	0.9849	present	433.109	433.11	413.55	411.5	0.1914	451.37	0.0571	396.27	461.39	424.6	481.95	319.84	373.55	370.58	444.87	314.18	370.84	332.29	400.22	286.03	328.59	433.35	459.93	192.275	NA	192.27	189.29	0.0882	236.49	0.0382	181.09	221.64	155.02	192.18	9.709	9.71	9.85	9.85	0.1152	9.78	0.0636	16.1051	12.6595	42.2949	78.7152	11.4153	144.6947	0.2348	2.8038	0.628	0.8752	0.3024	436.33	0.00272	0.0281	0.0375	0.20462	0.23584	191.73	0.00741	0.0177	-0.05906	-0.05689	-0.02395	9.68	0.00268	0.0734	-0.06952	-0.56754	-0.48293	16	-0.07751	-0.13201	-0.14868	-0.07655	0.00179	-0.03358	0.12691	-0.0728	0.02145	0.0088	0.05512	0.02669	-0.01519	0.06323	0.09726	0.07715	-0.03802	0.0041	0.00405	0.06605	-0.03457	-0.06586	0.01788	0.04788	0.01062	0.01978	-0.05023	0.01714	0.02094	0.03776	-0.01775	0.05608	855.88	825166930	837924278	1000	/scratch.global/lanej/1000G/ngs_dose/1000G_highcov/crams/HG00278.cram	9ab0a0e8,a23ef9ed,7f3b4c3c	184ab16e		14	0.997824	0.998499	0.99961	0.999932	2.033	0.991	0.863	671.922	64.207	scan	M	FIN	EUR	M	0.999709	0.999943	0.99794	NA	0.02	1.1046	0.9731	454.5745	449.8532	506.4336	187.7404	9.5387	2.002	719.5623	55.9423	450.8522	442.7057	507.729	181.5891	9.6141	2.0022	791.2993	50.6429	632.708	1.0108	0.8636	35.7129	M	2504	
HG00280	scan	0.1.0+fae1124	41.511	150	421	400	0.1106	0.966	1.2319	0.0527	0.0436		1.9957	71.6339	614.0228	0.9918	0.9796	present	491.909	491.91	467.78	469.54	0.1911	515.93	0.0614	466.53	575.35	499.71	564.44	349.76	415.59	464.96	584.09	363.2	449.64	399.22	486.28	349.58	423.79	484.74	515.79	148.141	NA	148.14	149.62	0.0768	183.92	0.0279	132.67	163.19	127.81	159.7	9.657	9.66	9.7	9.7	0.1259	9.63	0.0658	17.1212	12.7575	49.9543	66.3468	10.291	147.5758	0.2371	3.5408	0.655	0.885	0.3368	493.38	0.00218	0.0225	0.02248	0.25301	-0.05774	147.24	0.0101	0.0242	0.00917	0.00453	0.05275	9.55	0.0027	0.074	-0.23739	0.24587	0.07543	16	0.02953	-0.0718	0.05532	0.03313	0.11997	0.16304	-0.01689	-0.03513	0.02096	-0.01675	-0.02784	-0.02029	0.0364	-0.01003	0.02808	-0.05818	0.00426	0.04482	0.00839	-0.06153	0.0696	-0.02917	-0.05256	-0.02521	-0.02187	-0.07106	-0.0243	0.07144	-0.04914	0.04305	-0.03164	-0.06269	385.67	825243692	837175917	1000	/scratch.global/lanej/1000G/ngs_dose/1000G_highcov/crams/HG00280.cram	9ab0a0e8,a23ef9ed,7f3b4c3c	184ab16e		14	0.997634	0.998158	0.999711	0.999983	2.006	0.986	0.828	602.067	81.702	scan	M	FIN	EUR	M	0.999829	1.0	0.997825	NA	-0.11	1.144	1.0128	492.4953	492.1965	560.9518	150.6982	9.6009	1.9932	618.1059	66.045	494.5666	494.4363	565.6839	154.6774	9.5737	1.9947	676.7167	65.2485	569.37	1.0086	0.8364	35.6553	M	2504	
HG00281	scan	0.1.0+fae1124	35.736	150	431	450	0.0672	0.9572	1.3022	0.0529	0.0437		2.0017	34.256	1098.1321	1.9523	0.0026	present	447.095	447.1	434.88	437.79	0.1629	499.76	0.0409	426.48	596.95	453.89	533.11	357.0	490.27	430.89	605.72	344.96	478.97	371.14	489.28	320.55	448.73	451.17	488.38	286.269	NA	286.27	285.0	0.0723	380.33	0.0229	270.01	360.31	237.85	320.13	9.697	9.7	9.84	9.94	0.1261	9.74	0.0384	18.943	1.4257	37.4144	57.7509	12.0347	162.5068	0.2699	2.6691	0.515	0.9004	0.5232	455.05	0.00311	0.0321	0.13989	-0.33884	-0.06491	285.08	0.00522	0.0125	-0.06055	-0.01019	-8e-05	9.7	0.00275	0.0756	-1.2914	-0.82003	0.12971	16	-0.10664	0.04136	-0.00341	-0.01944	-0.07215	-0.11408	0.08079	-0.12119	0.00936	-0.01117	-0.006	0.02393	-0.08995	-0.05507	0.03068	-0.01843	0.04582	0.10421	0.00711	0.05383	-0.12858	0.03876	-0.03369	-0.15339	0.00235	-0.03763	-0.05947	0.03397	-0.13601	0.02926	0.02038	-0.02337	267.98	722793596	733560275	1000	/scratch.global/lanej/1000G/ngs_dose/1000G_highcov/crams/HG00281.cram	9ab0a0e8,a23ef9ed,7f3b4c3c	184ab16e		14	0.997643	0.999022	0.99942	0.999852	2.028	1.894	0.143	1084.963	40.864	scan	F	FIN	EUR	F	0.999682	0.999892	0.998041	NA	0.04	1.1715	0.9975	463.7896	455.5151	541.4161	288.4497	9.7069	2.0031	1107.8176	41.7506	448.1775	444.3963	500.0801	269.4224	9.7011	2.0026	1017.5283	40.259	999.4188	1.9392	0.12	32.1894	F	2504	
HG00282	scan	0.1.0+fae1124	36.283	150	428	450	0.0963	0.9671	1.256	0.0734	0.0446		1.9996	71.9598	660.244	1.9458	0.0029	present	387.966	387.97	377.38	376.43	0.1931	416.34	0.0505	375.6	451.43	397.55	455.37	300.3	362.53	375.92	470.25	294.58	360.77	315.01	390.25	291.86	344.77	390.66	416.24	162.736	NA	162.74	157.17	0.0862	206.36	0.0262	149.89	187.53	143.51	184.74	9.555	9.56	9.7	9.69	0.1211	9.63	0.0559	13.8846	1.8651	44.9506	53.2145	12.8508	138.5921	0.2696	3.1297	0.4767	0.8124	0.4103	395.0	0.00259	0.0267	0.42437	0.14444	0.15318	161.05	0.00976	0.0234	0.04497	-0.00177	0.02314	9.51	0.00281	0.0771	-0.46887	0.05436	0.14086	16	-0.05347	-0.01671	-0.06959	-0.02528	-0.04949	0.02735	0.04333	0.07513	-0.00964	0.06697	-0.03175	0.02341	-0.05842	0.00922	-0.00853	0.04411	0.05047	0.02389	0.09864	0.0559	-3e-05	-0.00619	0.02009	-0.01519	-0.00821	-0.00587	0.03406	-0.00413	-0.02681	0.03852	-0.059	-0.0735	246.22	731756150	741568946	1000	/scratch.global/lanej/1000G/ngs_dose/1000G_highcov/crams/HG00282.cram	9ab0a0e8,a23ef9ed,7f3b4c3c	184ab16e		14	0.99755	0.998889	0.999641	0.999857	2.019	1.884	0.136	650.711	79.944	scan	F	FIN	EUR	F	0.999652	0.999871	0.997802	NA	-0.15	1.1528	1.0065	385.5514	377.855	447.8317	156.9699	9.4839	1.9971	687.0486	57.2317	391.0781	384.7203	444.0179	169.3474	9.5268	1.9997	758.417	75.1863	618.8107	1.9342	0.1146	31.6108	F	2504	
HG00284	scan	0.1.0+fae1124	37.204	150	425	400	0.0977	0.9703	1.2141	0.0554	0.04		2.0078	43.1891	720.9311	0.9927	0.9802	present	363.357	363.36	347.64	349.36	0.1852	378.86	0.0499	336.32	408.95	368.98	411.73	272.8	310.98	340.64	423.77	280.0	339.62	290.95	348.92	256.07	303.41	361.64	381.15	195.804	NA	195.8	194.95	0.0841	240.52	0.026	173.36	212.56	167.48	206.65	10.468	10.47	10.52	10.52	0.1256	10.43	0.0581	14.042	14.1362	45.0915	87.1245	10.591	145.3713	0.2565	3.2069	0.5933	0.9325	0.3836	366.22	0.00207	0.0213	-0.03279	0.15752	0.02992	193.76	0.00264	0.0063	0.00516	-0.00488	-0.01473	10.35	0.00308	0.0845	1.12538	-1.42157	0.24691	16	-0.23509	-0.10509	-0.03422	-0.00178	0.06003	0.23176	-0.0321	-0.1161	-0.00064	0.0148	0.09566	-0.02609	-0.07113	-0.03024	-0.03826	0.02233	-0.00203	-0.07674	0.05989	0.06603	-0.01776	-0.00087	0.0119	0.05151	0.03396	0.02997	-0.04263	0.00416	-0.0715	-0.12364	0.05744	-0.00277	396.79	740105242	753062726	1000	/scratch.global/lanej/1000G/ngs_dose/1000G_highcov/crams/HG00284.cram	9ab0a0e8,a23ef9ed,7f3b4c3c	184ab16e		14	0.997787	0.998554	0.999566	0.999776	2.018	0.989	0.877	700.655	48.367	scan	M	FIN	EUR	M	0.999678	0.999816	0.997707	NA	0.69	1.1243	1.0075	382.8768	379.8257	437.207	191.8367	10.4043	2.0035	695.5037	47.812	406.6684	403.4921	462.2836	202.6481	10.2435	2.0028	721.0883	38.1372	662.2064	1.0126	0.872	32.4311	M	2504	
HG00285	scan	0.1.0+fae1124	39.312	150	434	450	0.0958	0.9651	1.2508	0.0565	0.0517		1.9954	58.5095	622.2893	1.9523	0.0029	present	486.047	486.05	467.24	471.13	0.177	512.91	0.0538	459.18	550.94	492.12	557.26	374.53	448.45	465.29	566.13	362.81	437.48	387.06	470.6	326.56	391.13	485.0	515.39	156.857	NA	156.86	154.92	0.0798	194.58	0.0251	145.73	180.25	136.89	171.45	9.639	9.64	9.79	9.78	0.1165	9.73	0.0568	17.2647	2.2552	48.1501	48.2282	10.6884	141.5955	0.2242	3.3286	0.478	0.7846	0.3062	488.87	0.00167	0.0172	-0.05058	-0.10188	0.17265	155.67	0.00513	0.0123	0.02483	0.01894	-0.01278	9.62	0.00266	0.0729	-0.23756	-0.19836	-0.18869	16	0.12515	-0.02689	-0.04126	0.08233	0.06339	0.09402	0.00586	0.08443	0.15199	-0.20022	0.02553	0.07952	-0.01697	-0.00211	-0.12904	-0.02985	0.02628	0.00635	-0.05392	0.05419	-0.03649	-0.20385	0.06235	-0.04347	-0.04895	0.03071	0.11218	-0.03223	-0.14959	0.08264	0.11343	0.01609	428.11	793509986	804117239	1000	/scratch.global/lanej/1000G/ngs_dose/1000G_highcov/crams/HG00285.cram	9ab0a0e8,a23ef9ed,7f3b4c3c	184ab16e		14	0.997703	0.997964	0.999554	0.999843	2.06	1.882	0.126	612.005	66.024	scan	F	FIN	EUR	F	0.999743	0.99986	0.997718	NA	-0.04	1.1399	1.0066	489.287	484.7795	564.859	151.2577	9.556	1.9976	620.8173	54.3226	546.9229	544.0897	629.401	169.4863	9.5097	1.9993	706.8746	59.2944	580.5348	1.9308	0.106	34.3696	F	2504	
HG00288	scan	0.1.0+fae1124	34.914	150	435	450	0.0629	0.9874	1.1341	0.0608	0.0455		2.0014	46.9248	674.9727	1.9484	0.0026	present	563.531	563.53	540.56	541.81	0.2044	559.47	0.041	546.81	567.57	576.14	614.93	418.16	437.14	521.44	555.53	413.04	434.77	449.59	493.06	394.71	405.85	557.46	571.09	236.27	NA	236.27	235.81	0.0964	264.63	0.0189	221.06	246.61	204.53	230.13	9.811	9.81	9.95	9.94	0.1182	9.9	0.0366	22.7129	1.3584	39.391	55.3945	8.4129	139.6572	0.2179	2.3228	0.6498	0.743	0.4214	569.19	0.00346	0.0357	-0.13115	0.48441	-0.01904	232.99	0.01284	0.0307	0.04454	-0.03084	-0.01232	9.78	0.00272	0.0745	-0.31179	-0.02898	-0.38419	16	0.0704	-0.0218	-0.05307	0.13908	0.08847	0.10654	-0.08415	0.06357	-0.0529	-0.01889	0.04534	0.00884	-0.01481	-0.08715	0.01058	0.01683	0.05416	-0.0708	-0.00666	-0.00478	-0.09342	-0.22848	0.05033	-0.06893	0.00548	-0.01841	-0.03585	-0.03864	0.03064	-0.0409	0.03155	-0.0374	534.43	706968622	717825276	1000	/scratch.global/lanej/1000G/ngs_dose/1000G_highcov/crams/HG00288.cram	9ab0a0e8,a23ef9ed,7f3b4c3c	184ab16e		14	0.996986	0.998722	0.999545	0.999827	2.025	1.901	0.139	651.543	49.131	scan	F	FIN	EUR	F	0.999709	0.999839	0.997044	NA	0.12	1.0804	1.0122	553.7946	547.2807	606.6058	232.831	9.7247	1.9985	762.714	46.4198	621.2252	609.7903	711.8853	224.3344	9.7294	1.9989	694.1746	30.0731	611.3602	1.9414	0.1118	31.6565	F	2504	
HG00290	scan	0.1.0+fae1124	49.868	150	421	400	0.0801	0.9633	1.2478	0.052	0.0495		1.995	286.4011	1047.4003	0.9936	0.9703	present	603.725	603.73	578.54	587.25	0.1873	651.3	0.058	558.51	735.4	618.05	707.21	457.84	584.56	611.48	808.82	480.11	629.91	501.61	630.83	430.06	560.66	599.37	643.64	242.914	NA	242.91	243.78	0.0764	308.47	0.0243	221.54	280.7	207.33	264.57	9.663	9.66	9.86	9.9	0.1158	9.78	0.0479	17.1482	13.0177	46.2916	71.3915	10.9727	137.3614	0.2442	2.9238	0.6782	0.8161	0.4673	608.7	0.0021	0.0216	0.04403	0.02036	-0.24272	240.85	0.00668	0.016	-0.02101	-6e-05	-0.01267	9.72	0.00232	0.0636	0.1261	-0.96434	-0.55063	16	0.20081	-0.0228	0.06276	0.05218	0.05015	0.16868	0.00702	-0.07557	0.05234	0.1179	-0.03562	-0.02468	0.00552	0.06927	-0.04079	-0.0998	0.00598	0.01991	0.01706	-0.08046	0.09917	-0.04787	0.02062	0.03112	0.03746	-0.0364	-0.0104	-0.02523	0.04071	-0.01931	0.02838	-0.00976	460.81	1000725592	1016127827	1000	/scratch.global/lanej/1000G/ngs_dose/1000G_highcov/crams/HG00290.cram	9ab0a0e8,a23ef9ed,7f3b4c3c	184ab16e		14	0.997859	0.998961	0.999562	0.999896	2.025	0.982	0.839	1035.13	335.421	scan	M	FIN	EUR	M	0.999554	0.999909	0.997827	NA	0.06	1.1618	1.0154	606.7757	603.2293	693.5817	244.9514	9.7216	1.9943	966.2485	155.0815	603.8811	600.3074	693.7557	233.5557	9.5325	1.9936	912.6628	79.5761	914.0065	1.0044	0.8254	44.2492	M	2504	
HG00304	scan	0.1.0+fae1124	37.864	150	426	450	0.1027	0.9659	1.2669	0.0615	0.0425		2.0033	40.2207	700.6397	1.9248	0.0028	present	434.543	434.54	419.07	417.53	0.1786	464.33	0.0549	415.71	513.47	448.27	510.68	332.46	410.25	415.77	524.88	332.88	414.87	353.4	439.46	304.23	373.42	433.45	462.16	205.788	NA	205.79	206.0	0.076	261.16	0.0334	184.42	232.31	176.56	227.06	9.655	9.65	9.79	9.84	0.1237	9.72	0.0549	18.6412	1.0119	44.4703	45.225	10.707	121.788	0.2323	2.6895	0.6652	0.8276	0.481	440.21	0.00167	0.0172	-0.07976	0.05888	0.10859	204.58	0.00892	0.0213	-0.0075	0.0046	0.02444	9.62	0.00268	0.0734	-0.28193	-0.36498	-0.56061	16	-0.09516	0.06224	0.06796	-0.04158	0.02824	-0.15183	-0.1159	-0.02101	-0.04038	-0.05799	0.04283	0.04875	-0.00451	-0.051	-0.01455	-0.02731	0.02877	0.04267	0.01154	-0.02239	0.02025	-0.05778	0.00846	0.03089	0.04435	0.06315	0.06486	-0.093	0.01434	0.04226	0.09976	-0.00616	317.59	757896962	767826667	1000	/scratch.global/lanej/1000G/ngs_dose/1000G_highcov/crams/HG00304.cram	9ab0a0e8,a23ef9ed,7f3b4c3c	184ab16e		14	0.997728	0.999088	0.999601	0.999892	2.018	1.862	0.119	707.108	44.791	scan	F	FIN	EUR	F	0.999832	0.999942	0.997929	NA	-0.04	1.1601	1.0183	417.616	412.9097	481.9803	210.8607	9.6732	2.0085	675.1875	64.7192	427.7518	422.6747	489.9839	217.9204	9.4643	2.0063	664.9251	63.5227	668.0802	1.922	0.1026	32.5819	F	2504	
HG00306	scan	0.1.0+fae1124	36.894	150	437	450	0.0819	0.9683	1.2294	0.0757	0.0444		2.0083	242.7597	754.7588	1.9386	0.0022	present	386.598	386.6	372.44	376.37	0.1938	411.91	0.0452	375.87	475.97	400.48	453.88	307.58	385.85	378.06	485.61	299.87	380.26	319.79	395.63	275.85	348.41	382.9	405.67	161.693	NA	161.69	158.5	0.0759	202.69	0.0228	144.95	181.17	139.35	177.09	9.464	9.46	9.56	9.55	0.1126	9.48	0.0481	18.5253	2.3266	53.0209	64.5087	9.6236	137.7181	0.2514	3.0133	0.5331	0.8428	0.4614	391.92	0.00196	0.0202	-0.04424	0.20198	-0.29323	160.23	0.00553	0.0132	-0.00565	0.00801	0.00425	9.36	0.0025	0.0687	-0.03209	0.39807	0.05198	16	-0.22377	0.08036	0.18043	0.1914	-0.02	0.04831	0.03218	-0.02374	-0.07672	-0.07977	-0.05153	-0.00571	-0.00986	0.06926	0.03018	-0.03949	0.02288	-0.01165	-0.02989	-0.03591	0.09627	0.06847	0.09085	-0.07018	0.08912	0.03183	0.03146	-0.0668	-0.1281	0.04027	0.01539	0.03377	493.07	746862106	758823740	1000	/scratch.global/lanej/1000G/ngs_dose/1000G_highcov/crams/HG00306.cram	9ab0a0e8,a23ef9ed,7f3b4c3c	184ab16e		14	0.997822	0.999002	0.999605	0.999893	2.042	1.883	0.151	741.306	280.129	scan	F	FIN	EUR	F	0.999762	0.999889	0.997992	NA	-0.3	1.1581	1.0218	404.5249	399.9718	470.6772	159.2291	9.515	2.0024	755.7828	192.2928	415.6936	411.8448	483.45	156.9304	9.5911	2.0064	695.5083	317.0682	698.3277	1.9406	0.1258	32.5892	F	2504	
HG00308	scan	0.1.0+fae1124	35.016	150	433	450	0.0621	0.9741	1.2509	0.063	0.0492		1.9831	99.9237	726.3881	0.9884	0.9688	present	464.253	464.25	434.3	431.93	0.228	472.32	0.0382	421.33	490.94	464.28	521.46	331.83	387.91	389.55	466.13	314.78	371.29	354.35	425.97	297.11	341.99	453.09	478.87	145.395	NA	145.4	143.16	0.1033	178.45	0.0178	131.14	160.04	130.74	161.79	9.697	9.7	9.71	9.75	0.1227	9.65	0.0342	22.3731	11.2645	56.1921	82.8017	9.0708	146.3591	0.2163	2.968	0.5007	0.8559	0.3847	459.03	0.00383	0.0395	0.20261	0.8244	-0.01863	143.11	0.01975	0.0473	0.10117	0.00752	-0.01785	9.52	0.00279	0.0765	1.84699	-0.40026	-0.87333	16	0.02243	0.12939	0.16465	0.0389	0.08659	-0.04817	-0.02697	-0.09987	-0.07651	-0.07535	0.0082	-0.04752	0.01026	0.0881	0.04027	0.0345	0.04741	-0.03528	-0.04643	0.00308	-0.03689	0.03199	-0.05708	0.06092	0.05527	-0.05328	-0.01493	-0.06513	-0.08566	-0.0937	-0.04298	-0.05139	283.51	699115328	711203987	1000	/scratch.global/lanej/1000G/ngs_dose/1000G_highcov/crams/HG00308.cram	9ab0a0e8,a23ef9ed,7f3b4c3c	184ab16e		14	0.997052	0.998651	0.99953	0.999872	2.058	0.975	0.823	705.997	108.699	scan	M	FIN	EUR	M	0.999754	0.999917	0.997319	NA	-0.14	1.136	1.0114	466.4534	471.834	530.6003	144.086	9.58	1.9849	701.6958	121.4992	482.5369	483.3535	545.2812	146.8657	9.6617	1.985	752.3759	79.2799	661.8757	0.9952	0.8098	31.715	M	2504	
HG00309	scan	0.1.0+fae1124	38.787	150	418	400	0.1084	0.9604	1.2716	0.0523	0.0603		1.9882	41.1756	623.708	1.9191	0.0026	present	465.08	465.08	444.79	448.28	0.1766	496.5	0.0567	447.82	545.98	464.08	541.53	334.93	388.77	450.68	567.25	348.74	429.33	370.61	458.88	322.52	382.94	461.95	499.23	216.394	NA	216.39	212.31	0.0773	275.26	0.0327	200.34	250.91	190.63	244.38	9.752	9.75	9.89	9.91	0.112	9.82	0.0631	15.6667	2.2234	47.1036	55.9728	12.0396	147.6013	0.2442	2.8359	0.513	0.7962	0.3448	466.76	0.00217	0.0224	-0.14684	-0.06063	0.15056	212.41	0.00293	0.007	0.03551	0.03757	0.00625	9.72	0.00248	0.068	-0.52209	0.06579	0.13304	16	0.57437	0.00281	0.03093	-0.02918	-0.02251	0.12206	0.04241	0.08581	0.01392	-0.05661	0.06572	0.07962	-0.02375	-0.10651	0.03503	-0.10573	0.09214	0.14275	-0.0006	0.05036	-0.05151	-0.06483	0.02784	0.07845	-0.07593	0.08024	0.07924	0.03848	-0.04446	0.01587	-0.02861	-0.06141	268.61	784910636	796091156	1000	/scratch.global/lanej/1000G/ngs_dose/1000G_highcov/crams/HG00309.cram	9ab0a0e8,a23ef9ed,7f3b4c3c	184ab16e		14	0.997713	0.998654	0.999595	0.9999	2.044	1.855	0.142	607.824	47.127	scan	F	FIN	EUR	F	0.999609	0.999894	0.997847	NA	0.06	1.1602	0.9943	445.1059	444.3808	508.9352	218.0623	9.703	1.9927	752.0696	46.1492	468.3293	461.9998	529.6097	222.3934	9.6835	1.9905	681.9504	52.4837	576.987	1.8928	0.1186	33.5391	F	2504	
HG00310	scan	0.1.0+fae1124	37.191	150	433	450	0.0874	0.965	1.2725	0.0749	0.052		1.9865	21.1684	1117.433	0.9886	0.9798	present	507.394	507.39	489.43	496.08	0.2164	541.96	0.0508	484.13	579.68	528.58	608.56	394.58	474.47	480.94	593.64	385.85	468.77	409.01	503.99	358.29	422.92	506.08	542.8	204.861	NA	204.86	204.82	0.0706	257.39	0.0292	184.72	229.73	175.37	222.78	9.859	9.86	9.97	10.02	0.1261	9.91	0.0499	17.5337	12.7215	49.5371	61.163	10.0051	143.2525	0.2466	2.6924	0.6942	0.9086	0.4725	514.48	0.00246	0.0254	0.34109	0.6909	-0.3328	203.29	0.00707	0.0169	-0.02847	0.01653	-0.01041	9.84	0.00286	0.0783	0.08291	-0.7753	-0.26036	16	0.31774	0.11679	0.16991	-0.11618	0.08148	0.0601	-0.06823	-0.14401	0.0159	-0.14267	-0.03085	0.0073	-0.06524	-0.03753	-0.084	0.03961	0.1385	0.06186	-0.04592	0.06383	-0.01792	0.02372	-0.00055	-0.16604	-0.06537	-0.00354	0.02986	-0.05902	0.00811	-0.08708	0.07792	-0.05604	347.8	738512682	748789453	1000	/scratch.global/lanej/1000G/ngs_dose/1000G_highcov/crams/HG00310.cram	9ab0a0e8,a23ef9ed,7f3b4c3c	184ab16e		14	0.99731	0.998409	0.999321	0.999819	2.039	0.974	0.797	1099.834	23.402	scan	M	FIN	EUR	M	0.999667	0.999897	0.997261	NA	0.18	1.1829	1.0274	515.0883	505.7205	613.7716	206.9232	9.9091	1.9945	1083.4223	39.0815	502.7794	495.7468	581.5277	190.4985	9.7479	1.9925	856.6416	36.2047	1003.87	0.9958	0.7994	32.7767	M	2504	
HG00311	scan	0.1.0+fae1124	36.854	150	424	400	0.1104	0.9683	1.2578	0.0577	0.0397		2.0009	28.1344	774.9474	1.0038	0.9812	present	306.785	306.79	292.4	296.99	0.1883	320.64	0.0556	287.74	339.11	310.44	354.97	212.06	235.58	272.35	332.93	221.22	263.85	239.95	289.89	196.54	223.53	305.46	325.89	167.868	NA	167.87	165.31	0.0792	209.17	0.0307	144.78	177.46	143.92	180.68	9.642	9.64	9.69	9.7	0.1128	9.61	0.063	24.2388	13.6587	58.1448	88.8512	10.2971	144.2355	0.2557	3.3433	0.6722	0.8322	0.2545	307.38	0.00261	0.0269	-0.0869	-0.07149	0.39136	167.3	0.00638	0.0153	0.01314	-0.00156	0.01971	9.51	0.00289	0.0794	0.7067	0.36484	0.00766	16	-0.29974	0.0101	0.08714	-0.05202	0.04253	-0.12227	0.06775	-0.1753	-0.02195	0.04977	-0.0323	0.00797	0.01743	0.0851	-0.0488	0.10684	-0.03251	0.09807	-0.0514	-0.05885	0.0045	0.07494	0.04845	0.0102	0.06897	-0.01284	-0.06652	0.01817	0.08794	0.01038	0.03151	0.05267	364.91	735600108	748911386	1000	/scratch.global/lanej/1000G/ngs_dose/1000G_highcov/crams/HG00311.cram	9ab0a0e8,a23ef9ed,7f3b4c3c	184ab16e		14	0.997726	0.997932	0.999525	0.999931	2.037	0.985	0.862	772.439	31.76	scan	M	FIN	EUR	M	0.999553	0.999929	0.997718	NA	-0.15	1.1548	1.01	319.6683	317.6305	372.5068	163.445	9.5351	2.0	654.6686	33.9556	316.7397	313.2876	368.0699	164.1182	9.6486	2.0023	737.1974	38.7997	725.1633	1.0056	0.8588	31.7403	M	2504	
HG00313	scan	0.1.0+fae1124	39.939	150	427	450	0.0662	0.9738	1.1939	0.0568	0.0547		1.9955	93.5036	746.4123	1.9386	0.0034	present	469.468	469.47	445.95	449.34	0.2095	478.46	0.0421	433.9	489.03	471.27	522.97	343.39	387.57	421.41	483.59	334.0	379.37	367.34	426.66	310.05	347.33	463.81	486.91	181.395	NA	181.39	177.66	0.1034	214.63	0.0169	166.48	196.95	158.9	188.82	9.732	9.73	9.91	9.94	0.1243	9.86	0.0393	19.3462	1.4903	51.9059	59.4551	11.6148	137.8077	0.2233	2.5709	0.6733	0.8061	0.1947	471.6	0.00376	0.0388	-0.4045	0.49932	-0.09459	179.77	0.009	0.0215	0.06929	-0.04439	0.00328	9.78	0.00282	0.0774	-0.21216	0.73649	0.10658	16	0.34978	-0.11542	-0.25235	0.19417	0.04327	-0.08289	-0.01615	-0.0471	0.03785	-0.01618	0.09134	0.02958	0.02585	-0.03839	-0.09033	0.05853	-0.01516	0.09146	0.00306	-0.06513	0.00218	0.02016	0.02159	0.0236	0.03343	-0.01837	0.05884	0.01755	-0.02762	-0.00269	-0.12053	0.01371	439.42	812605638	824220137	1000	/scratch.global/lanej/1000G/ngs_dose/1000G_highcov/crams/HG00313.cram	9ab0a0e8,a23ef9ed,7f3b4c3c	184ab16e		14	0.997493	0.998347	0.999607	0.999891	2.043	1.88	0.135	729.546	101.104	scan	F	FIN	EUR	F	0.999732	0.999934	0.997637	NA	0.12	1.1089	0.9993	482.637	475.7658	546.6672	174.5368	9.4107	1.9979	785.5927	74.1264	516.3906	507.7121	591.3456	175.5966	9.4174	1.9958	816.5153	66.0138	671.1516	1.9174	0.1086	36.1017	F	2504	
HG00315	scan	0.1.0+fae1124	35.454	150	411	400	0.058	0.97	1.2185	0.052	0.0493		2.0024	129.2475	767.3122	1.9261	0.0034	present	351.536	351.54	335.65	340.22	0.2052	362.79	0.0345	336.53	381.24	357.57	400.11	245.32	266.84	327.22	381.11	256.13	291.63	274.51	320.41	233.67	259.91	349.1	369.93	273.694	NA	273.69	268.77	0.0946	327.61	0.0201	251.89	299.54	234.98	282.35	9.617	9.62	9.71	9.64	0.1413	9.66	0.0341	13.9563	1.3822	60.7118	52.9224	10.5648	139.443	0.241	3.4778	0.6422	0.8214	0.2629	352.74	0.00369	0.0381	0.15188	0.34608	0.10319	271.12	0.00621	0.0149	0.04335	-0.02872	-0.00411	9.48	0.00289	0.0794	-0.97099	-1.21284	-1.14065	16	0.1306	-0.03193	-0.1375	0.1753	-0.07422	0.093	0.00963	-0.01134	0.10227	-0.04053	0.02453	0.03844	-0.05467	0.02128	-0.03496	0.05865	0.05755	0.09546	0.07331	0.02081	-0.06341	0.05686	-0.08001	-0.09246	0.07067	0.02854	-0.01121	0.04221	0.06262	0.01938	-0.0288	-0.0209	254.43	720690434	731051731	1000	/scratch.global/lanej/1000G/ngs_dose/1000G_highcov/crams/HG00315.cram	9ab0a0e8,a23ef9ed,7f3b4c3c	184ab16e		14	0.997177	0.998015	0.999554	0.999885	2.094	1.882	0.138	760.751	143.98	scan	F	FIN	EUR	F	0.999684	0.999894	0.997608	NA	-0.18	1.1343	1.0137	370.2487	366.5846	429.2527	259.5433	9.3131	2.0016	848.7509	77.6613	385.7561	381.5248	436.7182	258.8883	9.3235	2.0001	668.4003	75.2241	709.3506	1.9214	0.1118	32.1852	F	2504	
HG00318	scan	0.1.0+fae1124	34.243	150	420	400	0.0775	0.9553	1.2822	0.061	0.0449		1.9966	62.0643	747.8127	1.9234	0.0032	present	399.641	399.64	385.93	394.81	0.1848	442.55	0.0425	384.99	523.25	411.7	480.2	304.32	402.51	419.91	573.31	318.64	431.94	337.34	436.79	290.32	391.44	398.03	433.24	211.407	NA	211.41	211.5	0.0716	276.47	0.0215	198.34	258.27	184.78	243.09	9.683	9.68	9.77	9.79	0.1087	9.7	0.046	19.8407	1.0913	43.9363	58.8835	9.0251	145.017	0.2352	3.2792	0.6295	0.8414	0.2642	404.62	0.00474	0.0488	0.49985	0.04012	-0.4254	210.16	0.00489	0.0117	-0.015	0.02132	-0.00301	9.61	0.0026	0.0712	0.44876	0.05692	0.37869	16	0.05117	0.10001	0.10595	-0.07742	-0.00911	-0.03288	-0.00601	0.00884	0.08153	0.03066	0.00332	-0.01074	-0.0393	0.01565	-0.02028	-0.10566	-0.07819	0.02785	0.01339	0.03603	0.06299	-0.05649	0.1381	-0.0975	0.06805	0.01847	0.07524	-0.0304	0.01609	0.10089	0.02709	-0.05702	244.21	690386444	700666771	1000	/scratch.global/lanej/1000G/ngs_dose/1000G_highcov/crams/HG00318.cram	9ab0a0e8,a23ef9ed,7f3b4c3c	184ab16e		14	0.997977	0.998735	0.999646	0.999929	2.023	1.88	0.141	745.8	72.7	scan	F	FIN	EUR	F	0.99977	0.999929	0.997935	NA	-0.05	1.1868	1.0175	386.6366	384.1596	446.895	215.1491	9.7052	2.001	689.9914	59.0233	435.4162	430.5665	499.8004	201.0008	9.7937	1.9983	682.148	126.0286	706.8559	1.93	0.117	30.4036	F	2504	
HG00319	scan	0.1.0+fae1124	37.946	150	422	400	0.0809	0.9576	1.273	0.055	0.043		1.9954	79.5442	805.4423	1.9237	0.0024	present	278.246	278.25	270.3	273.41	0.1615	309.29	0.0419	268.77	362.05	283.1	331.79	226.62	289.68	293.59	397.93	228.09	304.61	233.02	298.51	204.53	270.46	278.8	304.0	290.826	NA	290.83	295.39	0.0774	377.04	0.0278	271.67	353.71	247.41	321.65	9.573	9.57	9.71	9.74	0.1128	9.63	0.0465	10.6038	1.3588	49.8181	69.4181	13.4498	145.5893	0.2392	2.8198	0.547	0.8995	0.3057	281.17	0.00411	0.0424	0.32365	-0.38856	-0.29598	287.1	0.01593	0.0381	-0.06106	-0.00979	-0.02139	9.56	0.0026	0.0713	-0.18694	-0.05918	-0.06979	16	-0.1805	0.19193	0.21697	0.05947	-0.05985	-0.05767	0.0734	-0.0683	0.03834	0.05164	-0.01135	0.08407	-0.02372	0.04188	-0.03159	0.01303	-0.02051	0.08258	-0.02618	-0.04036	-0.06475	-0.02314	0.12256	-0.07267	0.05045	-0.04044	0.0299	0.02326	-0.02614	0.01489	-0.06317	-0.0387	420.74	768347606	780822234	1000	/scratch.global/lanej/1000G/ngs_dose/1000G_highcov/crams/HG00319.cram	9ab0a0e8,a23ef9ed,7f3b4c3c	184ab16e		14	0.997971	0.998164	0.99954	0.999916	2.011	1.88	0.164	795.976	92.582	scan	F	FIN	EUR	F	0.999691	0.999924	0.998015	NA	-0.1	1.18	1.0069	283.6986	280.7462	332.2066	282.2242	9.7018	1.9957	752.2692	74.078	288.3471	286.0693	329.3414	285.2797	9.6889	1.9997	727.4986	70.0278	746.3478	1.9226	0.1352	33.715	F	2504	
HG00320	scan	0.1.0+fae1124	43.779	150	435	450	0.0726	0.9784	1.1968	0.0507	0.0548		1.9964	74.8845	842.8377	1.9177	0.0022	present	444.819	444.82	421.79	421.06	0.2032	449.91	0.0441	406.47	447.39	445.23	490.64	319.16	354.9	396.45	451.27	306.84	344.16	339.33	393.11	288.83	313.14	440.65	461.07	113.554	NA	113.55	111.5	0.0923	134.59	0.0214	102.59	120.47	97.66	116.62	10.337	10.34	10.48	10.5	0.1263	10.43	0.0417	13.4299	1.61	52.8322	44.7301	9.8423	140.8494	0.2176	2.9735	0.6799	0.8069	0.3185	441.9	0.00452	0.0466	-0.12553	0.30183	0.29977	112.47	0.01374	0.0329	0.05247	-0.01357	-0.00691	10.32	0.00316	0.0867	-0.81594	0.57421	-1.11247	16	0.43078	-0.09359	-0.1382	0.12973	-0.00699	-0.04286	0.04171	-0.08181	0.01302	-0.12365	0.00345	0.01379	0.03379	-0.0653	-0.01709	-0.04062	0.0932	0.00284	0.04162	0.0157	0.04956	-0.01397	0.05367	0.0012	-0.03668	-0.02475	-0.00669	0.06525	-0.00251	-0.00545	0.05684	0.03083	357.2	882869080	893281128	1000	/scratch.global/lanej/1000G/ngs_dose/1000G_highcov/crams/HG00320.cram	9ab0a0e8,a23ef9ed,7f3b4c3c	184ab16e		14	0.997724	0.998154	0.99958	0.999887	2.03	1.862	0.114	826.899	80.706	scan	F	FIN	EUR	F	0.99964	0.99993	0.997872	NA	0.66	1.1103	1.0075	457.5221	458.2058	512.0344	113.6839	10.0914	1.9999	932.1109	74.6017	460.2427	458.0889	526.0286	117.8283	10.0727	1.9989	833.5642	59.8579	750.2475	1.9102	0.0944	39.1692	F	2504	
HG00321	scan	0.1.0+fae1124	62.273	150	428	450	0.1106	0.9724	1.1874	0.0686	0.0528		1.9976	71.2338	691.3355	0.9887	0.9886	present	501.491	501.49	488.08	491.55	0.1553	531.9	0.068	481.16	588.13	511.65	567.38	418.89	508.3	513.18	637.74	401.66	492.68	424.54	509.34	373.03	454.27	501.89	527.59	259.402	NA	259.4	258.08	0.0753	315.18	0.042	234.61	283.75	217.81	268.28	9.732	9.73	9.88	9.89	0.1021	9.82	0.0611	17.5575	18.9393	42.1306	88.0552	11.5695	141.4302	0.2569	3.3971	0.7926	0.8676	0.3836	508.3	0.00344	0.0355	0.42252	-0.24007	-0.18912	260.38	0.00589	0.0141	-0.0687	-0.02228	-0.01657	9.73	0.0021	0.0576	0.15667	0.23024	-0.26952	16	0.31612	-0.0085	0.06562	0.14618	0.11995	0.25327	-0.06403	-0.05237	-0.01883	-0.03864	0.0563	-0.04496	0.07329	-0.01045	-0.05346	-0.02721	0.04322	0.08106	-0.02269	-0.01762	0.01504	-0.00072	0.06248	-0.01462	0.02905	-0.02737	-0.03542	0.02981	-0.02221	-0.05541	0.03155	0.04467	620.35	1243645584	1264993098	1000	/scratch.global/lanej/1000G/ngs_dose/1000G_highcov/crams/HG00321.cram	9ab0a0e8,a23ef9ed,7f3b4c3c	184ab16e		14	0.998073	0.998907	0.999654	0.999864	2.016	0.981	0.972	678.358	79.227	scan	M	FIN	EUR	M	0.999789	0.999915	0.998253	NA	0.07	1.1162	1.0066	521.6945	514.4759	585.8543	261.4314	9.7348	1.9971	711.1781	65.4629	517.1163	513.4131	586.5852	245.9817	9.7695	1.9953	769.0852	79.2361	613.8026	1.0018	0.9514	53.5872	M	2504	
HG00323	scan	0.1.0+fae1124	33.868	150	413	400	0.072	0.9651	1.1971	0.0635	0.0575		2.0001	48.7687	634.7854	1.9418	0.0025	present	537.495	537.5	522.67	529.4	0.1636	577.37	0.0468	515.8	636.47	548.82	617.74	408.39	491.81	556.05	692.8	424.93	523.16	446.19	538.21	386.5	474.84	541.17	577.7	170.425	NA	170.42	169.62	0.0779	208.07	0.0238	151.67	184.6	144.34	177.08	9.735	9.73	9.86	9.85	0.1108	9.81	0.0432	19.9175	1.7043	40.2232	63.5223	10.0603	149.3368	0.2371	3.4861	0.7135	0.8939	0.3244	543.72	0.00233	0.024	0.11196	-0.41903	0.18627	168.88	0.00808	0.0193	-0.02458	-0.01307	-0.00125	9.68	0.00263	0.072	0.52152	-0.12624	-0.10221	16	0.36337	-0.07197	-0.01794	0.0042	-0.09449	0.14774	0.01452	0.10962	-0.04424	-0.06038	0.07237	-0.01317	-0.02504	-0.15826	0.02803	-0.0399	0.10996	-0.02513	0.0405	-0.08328	-0.00993	-0.06088	0.01885	-0.02023	-0.05609	-0.08267	0.0371	0.03502	0.00139	-0.02838	0.06121	0.16404	278.46	687490912	697969735	1000	/scratch.global/lanej/1000G/ngs_dose/1000G_highcov/crams/HG00323.cram	9ab0a0e8,a23ef9ed,7f3b4c3c	184ab16e		14	0.99749	0.998911	0.999627	0.999905	2.05	1.871	0.142	631.113	54.338	scan	F	FIN	EUR	F	0.99963	0.999977	0.997535	NA	0.02	1.1361	1.0094	536.122	530.8587	610.88	169.092	9.7082	1.9994	788.6471	64.031	575.8369	568.6414	650.1664	141.39	9.666	2.0005	649.5392	52.4249	597.426	1.9072	0.1166	30.3792	F	2504	
HG00324	scan	0.1.0+fae1124	37.212	150	438	450	0.1029	0.9656	1.2479	0.0798	0.0533		2.0038	18.88	674.5382	1.9522	0.003	present	456.472	456.47	436.46	438.3	0.1893	483.66	0.0558	417.09	520.92	461.37	526.92	333.21	413.41	411.38	521.07	329.13	412.02	362.04	447.52	308.82	383.96	455.88	485.56	109.062	NA	109.06	108.83	0.0783	136.71	0.031	108.63	136.09	94.81	119.96	9.888	9.89	10.0	10.03	0.121	9.92	0.0564	19.799	1.4836	45.0567	51.0657	9.8564	138.9782	0.2346	3.1259	0.5562	0.866	0.3065	456.51	0.00258	0.0266	0.02787	0.01766	0.1143	108.86	0.00631	0.0151	-0.0204	-0.00897	0.01984	9.83	0.00287	0.0786	0.02661	-0.18746	-0.75396	16	0.12705	0.05479	-0.04479	0.25149	-0.04932	-0.03475	0.16242	-0.09316	-0.03219	-0.1202	0.07256	-0.003	-0.04939	-0.12968	0.02587	-0.09786	-0.08252	0.08582	0.04723	-0.03175	0.10587	-0.0445	0.00936	-0.03801	-0.05531	-0.07121	-0.01161	0.04079	-0.03881	-0.02379	-0.00639	-0.03449	353.5	749425460	759758066	1000	/scratch.global/lanej/1000G/ngs_dose/1000G_highcov/crams/HG00324.cram	9ab0a0e8,a23ef9ed,7f3b4c3c	184ab16e		14	0.997821	0.998037	0.999628	0.999921	2.015	1.902	0.127	662.871	20.758	scan	F	FIN	EUR	F	0.999693	0.999945	0.997977	NA	0.17	1.1542	1.0106	487.4345	487.4398	562.9778	109.4508	9.7721	2.0019	763.3702	20.8869	489.163	486.5565	561.7942	119.7359	9.703	2.0024	690.7376	32.0764	629.4571	1.9534	0.1072	32.2724	F	2504	
HG00325	scan	0.1.0+fae1124	33.85	150	436	450	0.0832	0.9694	1.2373	0.0668	0.0419		1.995	307.0583	945.0206	0.9902	0.9824	present	564.449	564.45	547.96	552.31	0.1769	609.6	0.0486	533.2	684.69	578.53	658.11	452.0	578.65	558.36	729.33	431.24	557.29	468.5	584.0	423.09	539.7	567.08	602.96	175.114	NA	175.11	174.17	0.0751	220.11	0.0292	163.73	203.48	144.97	185.09	10.028	10.03	10.12	10.13	0.1161	10.04	0.049	11.7571	17.4411	33.981	75.084	10.6688	124.7103	0.2452	3.2515	0.7564	0.8311	0.1612	570.14	0.00242	0.025	0.33345	-0.06605	-0.33911	172.37	0.01262	0.0302	-0.05224	0.01522	-0.02709	9.97	0.00274	0.0751	-0.38029	0.48186	-0.40453	16	0.01408	-0.14444	-0.14238	0.08904	0.27274	0.03213	-0.14655	-0.06164	0.04717	0.06393	0.05051	0.0145	0.00157	-0.04936	0.01649	-0.06123	-0.05341	0.02936	-0.13994	-0.10374	0.04151	-0.0048	-0.02075	-0.02626	0.01865	-0.03752	-0.06029	-0.04745	0.05222	-0.04179	0.07333	-0.01784	273.47	675993734	686302715	1000	/scratch.global/lanej/1000G/ngs_dose/1000G_highcov/crams/HG00325.cram	9ab0a0e8,a23ef9ed,7f3b4c3c	184ab16e		14	0.997886	0.997904	0.999565	0.999803	1.992	0.979	0.941	920.917	338.402	scan	M	FIN	EUR	M	0.99972	0.999817	0.998006	NA	0.31	1.1543	1.0147	539.7182	534.1186	620.3847	180.1679	9.7631	1.9949	915.3401	246.1635	579.9	576.3788	667.2758	169.9488	9.6962	1.9944	886.0712	289.9223	858.6994	1.0036	0.9426	29.8523	M	2504	
HG00326	scan	0.1.0+fae1124	48.415	150	417	400	0.1287	0.9795	1.1639	0.06	0.0406		1.9882	25.7014	737.8803	1.9424	0.003	present	182.512	182.51	175.22	176.51	0.1776	186.5	0.0568	177.27	200.77	189.02	205.26	139.08	153.21	169.8	195.31	139.6	158.41	145.9	165.93	123.92	138.76	181.03	188.69	197.155	NA	197.16	195.0	0.0897	227.63	0.0464	187.73	215.63	163.29	189.2	9.678	9.68	9.74	9.77	0.1088	9.7	0.0757	14.6616	1.7563	49.1899	54.1631	13.1605	137.0269	0.2404	2.9848	0.6129	0.8647	0.2166	183.28	0.00294	0.0303	0.10571	-0.01497	0.03395	197.71	0.00696	0.0167	-0.05759	-0.06048	-0.04013	9.58	0.00255	0.0701	0.53593	0.04908	-0.17682	16	-0.22579	0.10827	0.10861	0.03973	-0.03115	-0.04503	-0.09677	0.03117	-0.0122	-0.04065	0.02496	-0.02149	0.0993	-0.05101	0.01457	0.10892	-0.00346	-0.06565	0.03072	-0.06278	0.08226	0.03396	0.02018	0.00132	0.05487	-0.00191	0.07462	-0.00556	-0.02093	-0.03673	0.02813	-0.00252	361.53	974872164	988978910	1000	/scratch.global/lanej/1000G/ngs_dose/1000G_highcov/crams/HG00326.cram	9ab0a0e8,a23ef9ed,7f3b4c3c	184ab16e		14	0.997682	0.997881	0.999475	0.999915	2.016	1.894	0.138	744.66	27.18	scan	F	FIN	EUR	F	0.999742	0.999964	0.99783	NA	-0.08	1.1199	1.0313	184.0693	183.3433	208.3217	194.2549	9.7225	1.9887	773.5046	41.4756	176.5925	176.5738	202.2672	203.996	9.7402	1.9879	699.4071	38.0404	682.4358	1.9462	0.1186	40.6216	F	2504	
HG00327	scan	0.1.0+fae1124	37.201	150	415	400	0.0743	0.9552	1.266	0.0446	0.0649		2.0	54.6445	619.9681	1.9038	0.002	present	478.443	478.44	457.2	468.37	0.1719	520.72	0.0445	447.83	592.15	466.82	543.17	365.25	476.64	469.06	620.31	381.98	501.83	389.23	495.67	329.94	437.68	475.31	516.59	195.387	NA	195.39	193.33	0.0674	250.67	0.0211	186.98	240.32	169.75	218.53	9.794	9.79	9.99	10.0	0.1205	9.93	0.0427	15.6815	1.2319	50.4093	61.7818	10.7799	148.3308	0.2305	3.0751	0.4871	0.826	0.6877	475.77	0.00404	0.0416	0.41178	-0.25086	-0.18133	195.05	0.01048	0.0251	-0.03993	0.02202	-0.00241	9.81	0.00257	0.0704	-0.23268	0.66286	-0.16698	16	0.62941	0.02479	-0.04183	0.18806	0.13069	0.1487	0.00592	0.05876	0.01228	-0.00093	0.07513	0.11684	0.0088	-0.11104	0.06115	-0.01606	0.08072	-0.09077	0.09268	0.06257	0.04294	0.07989	0.00667	0.03398	0.03045	0.01835	-0.07908	-0.0317	0.11484	0.01632	-0.00346	0.02735	261.76	756170762	768210330	1000	/scratch.global/lanej/1000G/ngs_dose/1000G_highcov/crams/HG00327.cram	9ab0a0e8,a23ef9ed,7f3b4c3c	184ab16e		14	0.997937	0.998737	0.999579	0.999842	2.074	1.844	0.151	607.901	63.497	scan	F	FIN	EUR	F	0.999766	0.999857	0.997958	NA	0.15	1.1417	0.9812	457.0956	457.5227	522.4067	197.4052	9.6082	2.0015	802.7448	44.0597	472.5003	473.0837	525.6372	177.3625	9.6864	1.9981	711.1336	52.2803	573.4937	1.8734	0.1238	33.4587	F	2504	
HG00328	scan	0.1.0+fae1124	35.228	150	437	450	0.0656	0.9815	1.1635	0.0562	0.0458		1.9925	25.9993	694.774	1.9371	0.0032	present	454.271	454.27	431.58	433.5	0.2163	454.85	0.0383	411.57	457.52	453.8	490.56	321.14	359.1	407.56	461.45	315.89	355.0	350.12	398.38	291.74	322.16	451.49	465.52	163.051	NA	163.05	160.1	0.1013	188.61	0.0147	152.53	175.26	142.81	166.31	9.443	9.44	9.58	9.59	0.1178	9.52	0.0364	16.2889	2.1384	44.4501	51.658	10.735	128.2929	0.2481	3.1905	0.5664	0.8196	0.4574	452.39	0.0039	0.0403	0.71796	0.53429	0.21161	161.44	0.01144	0.0274	0.07359	-0.02193	-0.01708	9.42	0.00271	0.0743	-0.59995	-0.0616	0.21646	16	-0.0146	0.14961	0.18711	0.00231	0.08935	-0.19442	-0.04381	-0.01041	-0.02549	-0.04132	0.00762	-0.04742	-0.00746	-0.11024	-0.07186	0.01702	0.04381	-0.13655	0.09118	-0.05745	0.03704	-0.02165	0.07057	0.11186	0.04239	-0.06328	-0.05682	-0.03531	0.08059	0.09392	-0.02852	0.0411	444.93	706396242	716021454	1000	/scratch.global/lanej/1000G/ngs_dose/1000G_highcov/crams/HG00328.cram	9ab0a0e8,a23ef9ed,7f3b4c3c	184ab16e		14	0.997057	0.998702	0.999578	0.99992	1.986	1.869	0.13	681.831	27.098	scan	F	FIN	EUR	F	0.999734	0.99992	0.997458	NA	-0.24	1.0844	1.0031	433.2035	435.1143	467.1139	162.5709	9.5138	1.9953	642.9454	51.4404	450.5695	448.6685	502.999	169.3333	9.6773	1.995	641.9131	59.3381	641.8077	1.9252	0.1074	31.6318	F	2504	
HG00329	scan	0.1.0+fae1124	39.812	150	437	450	0.0976	0.9708	1.2158	0.0625	0.0463		2.002	51.9983	684.7934	0.9896	0.9757	present	310.442	310.44	297.58	303.04	0.1997	321.98	0.0528	298.95	342.59	310.2	347.99	238.56	273.89	268.36	317.89	230.6	268.0	242.95	289.03	205.78	232.67	308.81	325.61	189.868	NA	189.87	185.29	0.0859	231.07	0.0292	171.0	207.07	167.45	205.7	10.054	10.05	10.07	10.02	0.1147	10.01	0.0585	17.7663	12.7206	55.7899	80.6757	9.9632	140.1836	0.2602	2.7929	0.5798	0.9334	0.3532	312.96	0.00283	0.0292	-0.13456	0.14629	0.13568	188.74	0.01047	0.0251	0.04157	0.00494	-0.00708	9.82	0.00283	0.0777	1.57853	0.18803	-0.66684	16	0.11972	-0.13834	-0.0645	-0.02628	-0.01009	0.01781	0.01569	-0.1126	0.02559	-0.01263	-0.06125	-0.02773	-0.03504	0.04483	0.0276	0.12048	-0.09248	-0.00798	0.02217	0.05259	0.03634	0.05335	-0.01764	0.04128	0.01599	-0.03362	0.02354	-0.02438	-0.05106	0.03151	0.00622	0.01478	434.48	796843424	810506066	1000	/scratch.global/lanej/1000G/ngs_dose/1000G_highcov/crams/HG00329.cram	9ab0a0e8,a23ef9ed,7f3b4c3c	184ab16e		14	0.997683	0.998496	0.999463	0.999811	2.035	0.992	0.828	663.494	56.974	scan	M	FIN	EUR	M	0.99951	0.999821	0.997613	NA	0.16	1.1119	0.9912	327.6314	322.6003	372.1047	184.5205	9.6786	2.001	716.3777	46.5988	319.0956	314.7804	363.6594	204.2103	9.5955	2.0019	746.2352	46.0899	621.4902	1.0076	0.8184	34.9712	M	2504	
HG00330	scan	0.1.0+fae1124	37.195	150	432	450	0.1049	0.9625	1.2394	0.0624	0.052		1.9956	36.6837	748.6215	1.9021	0.0032	present	463.887	463.89	445.63	448.86	0.2022	491.02	0.0577	434.87	520.74	479.34	546.55	356.1	425.7	443.15	544.59	350.78	424.06	375.93	458.89	322.91	383.09	461.19	492.3	104.663	NA	104.66	104.57	0.0896	130.39	0.0272	98.84	122.76	88.57	111.41	9.508	9.51	9.63	9.63	0.1067	9.57	0.0624	15.5301	1.6753	43.4989	58.2329	10.7386	133.5982	0.2406	2.3914	0.6403	0.8705	0.5243	468.97	0.0021	0.0216	0.29692	0.47232	-0.09021	104.07	0.00911	0.0218	0.0303	-0.02474	0.02172	9.46	0.00268	0.0735	0.12641	0.345	0.21294	16	0.18763	0.26915	0.2923	0.00141	0.03645	-0.017	0.00115	-0.06084	0.01138	0.00153	-0.08611	0.00468	-0.05172	0.05352	-0.07655	-0.02875	0.04187	-0.05487	-0.09278	-0.06561	0.00367	0.04325	-0.00603	-0.08611	0.06456	0.04048	0.00887	-0.00426	-0.00682	-0.08358	-0.06375	0.11044	422.04	747279112	758545685	1000	/scratch.global/lanej/1000G/ngs_dose/1000G_highcov/crams/HG00330.cram	9ab0a0e8,a23ef9ed,7f3b4c3c	184ab16e		14	0.99757	0.998865	0.999475	0.99989	2.036	1.84	0.142	738.905	41.2	scan	F	FIN	EUR	F	0.999541	0.999885	0.997686	NA	-0.2	1.1654	1.0221	455.0138	450.1953	522.6174	105.1109	9.6093	2.0002	675.7766	36.4457	488.0656	480.7024	566.3513	107.3007	9.4049	1.9972	658.0404	45.9525	694.4141	1.8916	0.1198	32.0773	F	2504	
HG00331	scan	0.1.0+fae1124	37.985	150	422	400	0.0936	0.9737	1.2026	0.0636	0.0584		1.9971	44.7388	1077.5628	1.9091	0.0023	present	498.475	498.47	477.57	481.24	0.1868	516.53	0.052	461.03	524.33	509.58	570.82	367.96	400.96	450.97	528.79	374.64	429.25	398.35	465.22	349.53	389.57	496.66	526.33	233.097	NA	233.1	231.57	0.078	279.31	0.0307	204.06	241.83	199.08	239.95	10.924	10.92	11.11	11.12	0.1121	11.05	0.0558	27.294	1.5043	49.5707	50.0846	11.6513	138.6783	0.247	2.8698	0.6018	0.86	0.3697	502.74	0.00225	0.0232	0.12284	0.26253	0.02958	231.57	0.00751	0.018	-0.00637	0.00379	-0.00923	10.91	0.00247	0.0677	0.06105	0.2344	-0.1507	16	0.59497	0.01414	-0.01852	0.02854	-0.05229	0.02105	0.04908	-0.05459	-0.02303	-0.07404	0.04955	0.04337	-0.0322	-0.01482	0.05198	0.01293	0.14532	0.01142	0.07417	-0.09055	-0.00912	0.07742	0.03649	0.04061	-0.0261	0.01268	-0.00086	-0.04458	0.04716	-0.00833	0.00205	-0.13133	311.15	769812498	780506904	1000	/scratch.global/lanej/1000G/ngs_dose/1000G_highcov/crams/HG00331.cram	9ab0a0e8,a23ef9ed,7f3b4c3c	184ab16e		14	0.998049	0.998595	0.99939	0.999786	2.061	1.855	0.128	1058.713	49.811	scan	F	FIN	EUR	F	0.999635	0.999841	0.998078	NA	1.25	1.1354	1.0136	511.0282	504.4156	582.5152	232.2825	10.7423	2.0024	1287.2816	45.8113	517.1805	511.7121	599.008	216.6524	10.6387	2.0014	943.1798	56.5032	962.6834	1.8966	0.1074	33.3221	F	2504	DJ +1.25 copies
HG00332	scan	0.1.0+fae1124	39.26	150	440	450	0.088	0.9884	1.1172	0.0676	0.0407		1.9898	86.6477	917.6875	1.9199	0.0035	present	406.263	406.26	382.06	382.8	0.2222	389.5	0.0462	363.62	350.74	401.25	423.21	264.27	259.4	336.4	335.86	277.71	273.86	296.57	314.4	222.24	210.9	401.04	409.64	206.789	NA	206.79	201.63	0.1032	224.76	0.0218	189.41	205.09	188.68	204.79	9.617	9.62	9.61	9.61	0.1193	9.58	0.0516	17.3264	1.4339	46.5191	46.2725	11.4821	145.9043	0.2267	2.2124	0.6941	0.8515	0.2813	402.99	0.0055	0.0567	-0.30739	0.52355	0.57651	202.67	0.01948	0.0466	0.0971	-0.01049	0.01683	9.42	0.0029	0.0796	0.95279	0.45895	-0.41979	16	-0.29484	0.19858	0.15154	-0.05532	-0.01977	-0.17757	0.0282	-0.1297	0.00261	-0.00727	-0.10201	0.09632	0.01968	0.09968	0.06287	-0.00556	0.13014	0.04595	0.01092	0.09467	0.04787	0.01357	0.073	0.00597	0.00734	0.02605	-0.06331	0.02793	-0.06032	-0.0055	0.08386	0.01408	498.9	794141464	804838603	1000	/scratch.global/lanej/1000G/ngs_dose/1000G_highcov/crams/HG00332.cram	9ab0a0e8,a23ef9ed,7f3b4c3c	184ab16e		14	0.997295	0.998304	0.999401	0.999894	2.025	1.881	0.128	901.535	89.427	scan	F	FIN	EUR	F	0.999537	0.999923	0.997504	NA	-0.24	1.0502	0.9957	399.1734	402.8982	413.4419	208.6078	9.5471	1.9946	842.7465	93.6621	433.3141	433.3515	494.4369	199.9918	9.4249	1.9927	769.82	64.8938	829.3955	1.9256	0.1056	34.679	F	2504	
HG00334	scan	0.1.0+fae1124	36.541	150	426	450	0.1065	0.9693	1.2567	0.0658	0.0397		1.9917	12.3718	855.2118	1.9559	0.0026	present	414.97	414.97	399.13	399.94	0.1977	438.29	0.0565	390.72	462.68	419.93	478.25	306.52	363.17	381.37	461.67	299.39	357.83	326.86	398.64	271.85	320.02	415.87	442.88	154.07	NA	154.07	153.49	0.0799	192.45	0.0309	140.15	174.71	128.38	161.68	9.833	9.83	9.91	9.9	0.1122	9.83	0.0615	18.5831	1.3963	45.414	48.432	13.4724	145.8641	0.2397	2.7049	0.6181	0.8133	0.2193	418.64	0.00301	0.031	0.02625	0.2822	0.16048	153.28	0.00263	0.0063	-0.03115	-0.01794	-0.0028	9.75	0.00275	0.0755	-0.43216	0.07805	0.11977	16	-0.02021	-0.06183	-0.20428	-0.16029	-0.09679	-0.11215	0.18986	-0.05084	-0.0089	-0.04125	-0.01243	-0.05941	-0.01588	0.0791	0.01139	-0.05461	-0.02161	-0.0176	0.06039	-1e-05	-0.06245	-0.01613	0.01001	-0.01948	-0.05424	0.11945	-0.03635	-0.04623	0.05711	-0.00388	-0.03372	-0.00998	321.03	736627204	746089197	1000	/scratch.global/lanej/1000G/ngs_dose/1000G_highcov/crams/HG00334.cram	9ab0a0e8,a23ef9ed,7f3b4c3c	184ab16e		14	0.997849	0.998597	0.999642	0.999943	2.029	1.899	0.132	841.158	13.743	scan	F	FIN	EUR	F	0.999723	0.999942	0.998068	NA	0.09	1.1424	1.0031	433.233	430.2148	491.0695	153.1048	9.6759	1.9946	804.9105	12.5559	477.2735	468.3634	549.949	159.5212	9.6425	1.9928	810.5197	14.1603	787.8456	1.9496	0.1124	31.5155	F	2504	
HG00335	scan	0.1.0+fae1124	35.606	150	424	400	0.065	0.9779	1.177	0.0551	0.0589		1.9989	67.7626	722.6364	0.9904	0.9868	present	402.966	402.97	380.48	380.52	0.2114	405.42	0.0395	370.99	421.67	412.81	450.81	278.98	300.2	381.1	441.33	294.5	333.55	321.49	366.8	262.94	292.03	394.86	412.15	150.312	NA	150.31	147.9	0.1058	175.18	0.0189	133.02	155.7	135.17	157.61	9.852	9.85	9.97	10.02	0.1122	9.91	0.0371	14.4073	12.1294	54.0733	71.0185	14.9445	150.0102	0.253	3.422	0.7079	0.885	0.3046	400.91	0.00464	0.0479	-0.05909	0.52198	-0.00132	149.31	0.0273	0.0653	0.11531	-0.01893	0.00946	9.8	0.00254	0.0697	0.42873	-0.10203	-0.22015	16	0.52741	-0.02194	0.05098	-0.00685	0.1285	0.18334	-0.05692	-0.01621	0.01855	0.01022	-0.00148	-0.04793	-0.03702	-0.0658	0.05388	0.1076	0.04698	0.07976	0.00828	-0.07581	0.06631	-0.0491	0.20525	-0.00522	-0.0545	0.09896	-0.01543	-0.03061	0.01044	-0.02098	-0.04511	-0.03321	342.41	712428856	723332075	1000	/scratch.global/lanej/1000G/ngs_dose/1000G_highcov/crams/HG00335.cram	9ab0a0e8,a23ef9ed,7f3b4c3c	184ab16e		14	0.997129	0.998798	0.999634	0.999872	2.042	0.985	0.826	697.097	71.887	scan	M	FIN	EUR	M	0.99971	0.999953	0.997361	NA	0.14	1.1245	1.0297	396.333	396.1632	450.9386	148.7587	9.7016	1.9994	857.7406	74.4216	415.6291	412.8424	480.707	153.2513	9.8196	1.9996	869.0838	53.545	651.1294	1.0008	0.8094	32.2969	M	2504	
HG00336	scan	0.1.0+fae1124	42.075	150	448	450	0.1995	0.9981	1.0456	0.0712	0.0469		1.9996	73.3045	698.5134	0.9949	0.9921	present	407.562	407.56	386.99	393.69	0.2108	380.47	0.0874	380.23	330.87	395.68	400.06	302.64	271.77	408.24	366.16	289.92	259.64	299.11	293.97	247.47	212.69	402.69	402.97	111.082	NA	111.08	111.29	0.1019	111.83	0.0601	103.91	103.39	94.23	94.56	9.75	9.75	9.85	9.89	0.1172	9.85	0.1161	19.8937	14.2183	68.8134	69.2522	11.7966	144.2018	0.241	3.0528	0.5039	0.8112	0.4027	398.57	0.00537	0.0554	0.93348	0.1802	0.13621	111.84	0.01151	0.0275	-0.02793	-0.07138	-0.04734	9.67	0.00256	0.0702	0.21801	0.63167	0.02358	16	0.16304	0.07939	0.14978	-0.03047	0.04588	0.11232	0.006	0.05151	0.09835	0.08034	0.10601	-0.03729	0.00658	-0.09129	-0.01555	-0.03104	-0.00056	0.1063	0.05874	-0.03855	-0.04033	0.02206	-0.01761	0.09112	-0.04194	0.04727	-0.1374	0.05222	0.05763	-0.02358	-0.0061	0.05971	436.21	844981244	857760311	1000	/scratch.global/lanej/1000G/ngs_dose/1000G_highcov/crams/HG00336.cram	9ab0a0e8,a23ef9ed,7f3b4c3c	184ab16e		14	0.997151	0.999046	0.999584	0.999915	2.138	0.998	0.858	692.481	72.728	scan	M	FIN	EUR	M	0.999782	0.999937	0.997333	NA	0.01	1.0037	0.9927	387.0546	397.7957	380.9907	111.5879	9.7869	2.0006	709.8402	89.3903	389.346	395.6092	433.9889	120.0459	9.652	2.0005	873.5877	49.0164	651.8405	1.013	0.8966	32.9926	M	2504	
HG00337	scan	0.1.0+fae1124	34.895	150	436	450	0.0934	0.9628	1.2599	0.0663	0.0488		2.0027	117.1303	871.0304	1.9245	0.003	present	323.422	323.42	313.62	316.14	0.1988	351.41	0.0527	312.89	400.56	332.49	382.45	276.15	348.32	313.09	407.91	262.93	335.92	268.09	335.23	248.64	314.54	322.29	346.27	201.613	NA	201.61	199.52	0.0734	254.39	0.031	186.93	237.8	174.22	221.04	9.806	9.81	9.93	9.95	0.1226	9.87	0.0534	14.3076	1.5984	45.3076	55.4105	8.7204	138.9384	0.2436	2.7156	0.5999	0.7993	0.6711	329.96	0.0028	0.0289	-0.22663	0.10111	-0.20724	199.32	0.00724	0.0173	-0.01746	0.00656	0.03033	9.75	0.00271	0.0743	-0.11484	0.67481	-0.61878	16	-0.13136	0.19633	0.21053	0.36277	-0.02236	0.00047	0.06825	-0.05629	0.08275	0.07945	-0.10691	0.04397	-0.05381	0.10515	-0.08555	0.04021	0.04484	0.08848	0.06371	-0.05067	-0.02899	-0.00504	-0.1183	0.06704	0.03595	0.0645	-0.07258	0.07965	-0.04833	0.02512	-0.03423	-0.10837	272.54	709310034	719651571	1000	/scratch.global/lanej/1000G/ngs_dose/1000G_highcov/crams/HG00337.cram	9ab0a0e8,a23ef9ed,7f3b4c3c	184ab16e		14	0.997679	0.998908	0.999424	0.999804	2.044	1.884	0.136	866.654	136.468	scan	F	FIN	EUR	F	0.999289	0.999831	0.99796	NA	0.09	1.1591	1.0077	343.3752	334.7901	401.1538	188.867	9.7668	1.9963	811.9138	46.7227	318.3068	311.9994	367.4958	182.0877	9.6729	1.9989	671.3749	38.7082	812.015	1.9222	0.1128	30.6824	F	2504	
HG00338	scan	0.1.0+fae1124	39.264	150	423	400	0.0667	0.9832	1.1423	0.0745	0.0513		1.9909	68.1547	832.3336	0.9903	0.9921	present	365.137	365.14	345.61	342.3	0.1904	360.69	0.0376	336.24	360.56	369.09	395.69	271.73	274.45	324.25	357.93	272.58	294.26	291.22	319.82	261.44	270.45	357.8	369.33	208.538	NA	208.54	204.53	0.0871	234.8	0.0245	201.07	224.78	176.92	199.81	9.918	9.92	10.1	10.15	0.1233	10.06	0.0365	15.749	13.1324	48.148	72.8233	10.5529	135.7389	0.223	3.0077	0.6061	0.8145	0.2514	362.03	0.00417	0.043	-0.0814	0.24119	0.01529	207.99	0.0077	0.0184	0.02727	-0.02478	0.01687	9.92	0.00273	0.0748	-0.72269	0.15166	-0.49034	16	0.20936	-0.11606	-0.07172	0.20895	0.11256	0.10931	-0.04641	-0.06146	0.10099	0.07841	0.00069	0.00331	-0.06442	0.02537	-0.04588	0.10632	0.04328	0.00074	0.03702	-0.03022	-0.12306	-0.03464	0.06589	0.00514	-0.00484	0.01861	-0.01834	0.07718	-0.02065	0.03794	-0.06761	-0.01604	262.32	785916448	798067891	1000	/scratch.global/lanej/1000G/ngs_dose/1000G_highcov/crams/HG00338.cram	9ab0a0e8,a23ef9ed,7f3b4c3c	184ab16e		14	0.99721	0.998485	0.999514	0.999754	2.043	0.989	0.821	817.237	71.843	scan	M	FIN	EUR	M	0.999751	0.999789	0.997177	NA	0.26	1.093	1.0195	370.4437	370.0377	414.4482	199.5097	9.6561	1.9865	863.0177	34.793	405.1514	403.8974	470.8028	204.806	9.6047	1.9875	898.9035	31.934	751.5616	1.0042	0.8056	35.55	M	2504	
HG00339	scan	0.1.0+fae1124	45.084	150	435	450	0.0706	0.9786	1.182	0.0627	0.0451		2.0085	84.0684	715.7686	1.9378	0.0024	present	635.624	635.62	609.37	616.31	0.2284	647.36	0.0503	547.24	606.05	608.25	663.72	420.48	469.4	528.72	605.94	408.84	460.95	466.46	536.27	367.18	399.43	649.85	676.51	225.511	NA	225.51	222.37	0.1026	263.93	0.0206	209.66	242.48	196.27	231.89	9.607	9.61	9.67	9.7	0.112	9.62	0.0401	17.9061	1.3397	50.2474	51.5439	10.839	133.1165	0.2443	3.5528	0.555	0.848	0.4105	618.94	0.01081	0.1114	0.628	0.25069	0.63429	223.41	0.00565	0.0135	0.05011	-0.04621	-0.03448	9.47	0.00237	0.0649	0.44928	0.05533	-0.06646	16	-0.04862	0.05862	0.04887	-0.00334	0.00033	0.08249	0.00661	0.12185	-0.0881	-0.12145	0.01791	-0.04111	0.01211	0.0157	-0.07289	-0.03259	-0.0118	0.00926	0.05759	-0.03979	-0.0476	0.03729	0.01402	0.04026	-0.04099	-0.03062	-0.07457	0.04708	-0.02232	-0.01421	0.06798	0.04809	494.58	909450964	921474186	1000	/scratch.global/lanej/1000G/ngs_dose/1000G_highcov/crams/HG00339.cram	9ab0a0e8,a23ef9ed,7f3b4c3c	184ab16e		14	0.997375	0.998454	0.999498	0.999877	2.033	1.878	0.133	701.483	90.246	scan	F	FIN	EUR	F	0.999737	0.999907	0.997502	NA	-0.19	1.0723	0.9827	609.5703	627.8334	657.7449	219.892	9.6137	2.0075	703.3967	104.8341	680.8087	696.2761	754.3199	227.1049	9.5171	2.0044	699.7867	92.9685	648.1287	1.93	0.1086	40.2989	F	2504	
HG00341	scan	0.1.0+fae1124	36.628	150	430	450	0.0965	0.9595	1.2949	0.0675	0.0428		1.9967	121.5203	802.6417	0.986	0.9717	present	297.355	297.35	285.36	284.38	0.1852	321.09	0.0478	282.58	360.98	303.64	353.41	222.2	284.97	282.02	370.05	219.29	284.1	236.41	302.74	208.71	264.04	296.48	318.92	255.952	NA	255.95	255.0	0.0806	333.9	0.0296	226.62	291.09	217.9	289.04	9.688	9.69	9.75	9.76	0.1156	9.66	0.0532	14.9594	11.7547	39.0115	76.515	12.0215	137.804	0.2541	3.2361	0.3639	0.8914	0.6119	299.66	0.00225	0.0232	-0.06838	0.04409	0.19157	253.3	0.00414	0.0099	0.00571	0.00351	-0.00873	9.59	0.00267	0.0733	0.36558	0.0316	-0.30122	16	-0.01878	0.01927	0.07145	-0.01552	0.06904	0.05113	-0.03053	-0.15281	0.05936	0.00883	-0.09352	-0.04729	-0.02443	0.19515	-0.00175	0.06016	-0.02178	0.04012	-0.03818	0.00535	0.01927	-0.00752	-0.02446	-0.13562	0.03484	-0.06002	-0.09062	-0.04873	0.06726	-0.03939	-0.08591	-0.00519	388.95	726229256	738061643	1000	/scratch.global/lanej/1000G/ngs_dose/1000G_highcov/crams/HG00341.cram	9ab0a0e8,a23ef9ed,7f3b4c3c	184ab16e		14	0.997853	0.999372	0.999591	0.999913	2.013	0.98	0.801	781.852	146.757	scan	M	FIN	EUR	M	0.999613	0.999922	0.997729	NA	-0.07	1.1794	1.0133	310.4868	307.1682	368.1907	251.1898	9.5638	1.9977	713.0658	78.7498	313.2587	310.2654	357.7816	228.8469	9.4738	1.9966	670.678	60.9997	738.8358	1.0062	0.803	31.8813	M	2504	
HG00342	scan	0.1.0+fae1124	36.412	150	432	450	0.0766	0.9625	1.2512	0.0662	0.0427		2.0014	158.6691	929.7612	0.9964	0.9609	present	433.395	433.4	422.63	420.96	0.1708	470.79	0.0445	425.14	546.43	447.31	508.06	348.53	443.0	424.9	550.64	343.39	440.33	360.91	449.03	315.44	404.37	435.42	464.19	176.933	NA	176.93	174.13	0.0733	222.25	0.0227	166.79	209.6	154.88	196.64	9.334	9.33	9.43	9.49	0.1276	9.36	0.0417	15.3809	12.28	56.5089	82.8202	11.6763	140.3446	0.2547	3.367	0.5336	0.8609	0.3216	442.66	0.00211	0.0217	-0.20313	-0.14092	-0.1159	174.68	0.00066	0.0016	-0.00057	0.02035	0.00293	9.31	0.00272	0.0747	0.34542	-0.06452	-0.70988	16	-0.38599	0.12345	0.26613	0.15424	0.07403	-0.04203	0.03212	-0.2047	0.06322	0.04728	0.01486	-0.00457	-0.0498	-0.00895	-0.03623	-0.06823	0.13661	-0.01538	-0.07678	-0.05407	0.02305	-0.08316	0.12958	0.05242	-0.04689	-0.1905	-0.08715	-0.01785	-0.02092	0.02648	-0.05687	0.0029	516.53	726684342	739269303	1000	/scratch.global/lanej/1000G/ngs_dose/1000G_highcov/crams/HG00342.cram	9ab0a0e8,a23ef9ed,7f3b4c3c	184ab16e		14	0.997857	0.998931	0.999629	0.999868	2.03	0.985	0.847	919.129	180.709	scan	M	FIN	EUR	M	0.999742	0.999932	0.998179	NA	-0.35	1.1477	1.0105	458.8589	450.9095	519.1209	176.7696	9.4775	1.998	779.1223	158.1041	449.23	442.2696	506.6185	176.6141	9.4852	1.9996	789.0763	118.9209	853.6866	1.0078	0.8366	32.486	M	2504	
HG00343	scan	0.1.0+fae1124	35.932	150	441	450	0.077	0.9633	1.2656	0.0584	0.0385		1.9968	55.0169	719.6873	1.9161	0.0025	present	432.544	432.54	418.48	422.39	0.1869	470.29	0.0449	409.6	535.69	442.15	510.05	339.51	439.38	431.22	576.48	332.87	436.83	353.5	449.88	304.56	394.38	433.88	464.54	176.988	NA	176.99	175.1	0.0821	227.86	0.023	163.5	209.73	155.13	202.61	9.476	9.48	9.54	9.56	0.1143	9.45	0.0424	16.3521	2.0736	48.8943	51.3299	11.151	149.1038	0.2454	2.4364	0.5358	0.8468	0.4596	435.96	0.00214	0.0221	0.35603	-0.03772	-0.15389	175.64	0.00374	0.0089	0.02667	0.01087	-0.00229	9.37	0.00263	0.0721	0.48067	0.45785	0.47916	16	-0.25998	0.12004	0.11948	-0.09153	-0.03541	-0.09624	0.0703	-0.10622	-0.05744	-0.05713	-0.00756	0.0067	0.08393	-0.07577	0.02652	0.06438	0.07929	-0.01076	0.03862	-0.00792	-0.01232	-0.02347	-0.0408	-0.02623	-0.02172	0.04076	0.07174	-0.05811	0.00098	-0.00165	0.02806	0.02495	273.04	721087828	731063301	1000	/scratch.global/lanej/1000G/ngs_dose/1000G_highcov/crams/HG00343.cram	9ab0a0e8,a23ef9ed,7f3b4c3c	184ab16e		14	0.997684	0.999024	0.999643	0.999918	2.03	1.86	0.138	707.298	62.856	scan	F	FIN	EUR	F	0.999702	0.999932	0.997784	NA	-0.29	1.1699	1.0142	450.4817	447.2192	527.6892	176.699	9.5602	1.9989	715.6148	129.5003	468.5762	469.2106	534.7249	169.1086	9.5974	1.9984	726.5971	79.4457	671.5187	1.917	0.1154	31.9054	F	2504	
HG00344	scan	0.1.0+fae1124	38.109	150	432	450	0.0718	0.9577	1.2854	0.0574	0.0423		1.9902	74.7214	767.4688	1.9264	0.002	present	499.078	499.08	476.32	481.64	0.2	544.33	0.0454	465.51	636.75	498.47	584.94	395.26	529.54	455.76	627.37	390.25	529.07	402.66	522.42	354.36	483.33	494.09	534.74	149.472	NA	149.47	149.07	0.0773	195.16	0.0257	136.1	179.33	128.56	169.41	9.394	9.39	9.62	9.74	0.1399	9.53	0.0398	18.346	1.1265	46.7456	53.9253	13.2213	148.7813	0.2195	2.7062	0.5315	0.831	0.4719	498.97	0.00249	0.0257	0.66598	0.34849	-0.29058	147.8	0.00842	0.0202	-0.04045	-0.00672	-0.01087	9.54	0.00273	0.075	-1.84084	-1.02939	-0.64736	16	-0.07623	0.11181	0.04372	0.00966	0.06005	-0.17762	-0.11849	-0.10221	-0.03174	-0.04571	-0.04988	0.05757	-0.00187	-0.00135	0.11831	-0.0757	0.04895	0.07719	-0.02403	-0.02517	-0.02816	-0.06683	-0.01226	0.02079	0.03117	0.06815	0.0239	-0.04268	-0.06841	0.00843	-0.00972	-0.0877	322.51	770524092	781842088	1000	/scratch.global/lanej/1000G/ngs_dose/1000G_highcov/crams/HG00344.cram	9ab0a0e8,a23ef9ed,7f3b4c3c	184ab16e		14	0.99772	0.998977	0.999614	0.999946	2.022	1.865	0.143	756.486	85.789	scan	F	FIN	EUR	F	0.999449	0.99996	0.997871	NA	-0.12	1.1723	0.999	474.0127	475.5113	546.7384	158.7968	9.5472	1.9964	780.3124	85.5638	552.9261	552.9222	631.4772	135.0658	9.5108	1.9947	762.0632	55.5132	701.0104	1.9086	0.1186	34.2138	F	2504	
HG00345	scan	0.1.0+fae1124	36.89	150	427	450	0.0807	0.9843	1.1279	0.0824	0.0455		1.9958	71.9571	604.1456	0.9961	0.9805	present	559.079	559.08	535.71	537.86	0.2211	551.42	0.0469	507.28	494.94	529.05	565.82	374.8	374.01	479.92	491.14	382.63	384.95	411.97	445.58	359.53	342.99	564.72	581.07	131.812	NA	131.81	130.49	0.0877	146.59	0.0211	109.27	119.87	111.35	124.41	9.935	9.94	9.97	9.97	0.1271	9.93	0.0434	22.5244	21.7552	39.7447	74.6099	11.0147	154.6303	0.2437	2.7692	0.6091	0.8854	0.3205	563.47	0.00546	0.0563	0.4813	0.58709	0.50093	130.49	0.0071	0.017	0.0221	-0.00322	-0.00815	9.81	0.00265	0.0726	0.4865	0.42777	-0.43987	16	0.04531	-0.10331	-0.04327	-0.04721	0.16694	0.19695	-0.04137	-0.15286	-0.08543	-0.03181	0.00214	-0.04092	-0.02214	0.00157	0.00082	0.03032	-0.03425	-0.06068	0.00543	0.04793	-0.17134	-0.03836	-0.02918	0.01755	-0.07702	-0.0478	0.06152	0.03529	-0.05197	0.05991	-0.0432	-0.00748	339.75	740823146	752705561	1000	/scratch.global/lanej/1000G/ngs_dose/1000G_highcov/crams/HG00345.cram	9ab0a0e8,a23ef9ed,7f3b4c3c	184ab16e		14	0.99754	0.998452	0.999471	0.999778	2.01	0.997	0.95	598.572	76.148	scan	M	FIN	EUR	M	0.999703	0.999826	0.997786	NA	0.15	1.0042	0.9389	577.742	571.5571	589.4913	133.0395	9.7839	1.9945	596.6525	87.8117	610.3125	600.8202	676.9975	133.7371	9.7311	1.9953	606.0632	64.3537	566.5214	1.012	0.9314	32.9431	M	2504	
HG00346	scan	0.1.0+fae1124	34.31	150	417	400	0.0602	0.9769	1.2122	0.0607	0.0387		2.0039	45.3028	741.6142	1.9326	0.0032	present	371.992	371.99	352.97	360.09	0.2119	379.68	0.0344	349.08	398.98	382.1	424.69	255.39	279.0	336.03	397.49	264.55	304.18	289.91	340.95	229.67	258.41	367.84	386.28	138.16	NA	138.16	135.46	0.0979	167.24	0.0156	122.78	146.89	120.9	147.4	9.376	9.38	9.48	9.45	0.1191	9.43	0.0335	15.3188	1.1568	50.4932	60.9582	9.1897	145.4746	0.2244	2.4184	0.6031	0.8073	0.3389	372.3	0.00387	0.0399	0.09227	0.56525	0.01697	137.28	0.0151	0.0361	0.07715	-0.00825	-0.02197	9.29	0.00281	0.0771	-0.16427	-0.10485	0.16722	16	-0.30842	0.01732	0.14496	-0.04935	0.02759	-0.01229	-0.02799	-0.01119	-0.01883	-0.07086	-0.00239	0.04384	-0.01199	-0.02337	-0.05559	0.03524	-0.07691	-0.05639	0.02007	-0.05434	-0.06467	-0.07448	0.00862	-0.09642	-0.04021	0.06959	-0.07621	-0.12313	-0.00298	0.03758	0.06867	-0.02683	754.82	692893678	703907737	1000	/scratch.global/lanej/1000G/ngs_dose/1000G_highcov/crams/HG00346.cram	9ab0a0e8,a23ef9ed,7f3b4c3c	184ab16e		14	0.997031	0.998231	0.999412	0.999883	1.986	1.887	0.147	734.049	49.98	scan	F	FIN	EUR	F	0.999642	0.999877	0.99712	NA	-0.37	1.1407	1.0263	368.4573	368.1031	424.0245	136.0045	9.4503	2.0028	690.7534	71.26	378.347	377.7885	430.7079	136.1822	9.442	2.0055	676.4343	53.7387	692.131	1.9318	0.1166	31.0395	F	2504	
HG00349	scan	0.1.0+fae1124	40.408	150	441	450	0.1032	0.9755	1.2004	0.0503	0.0504		1.9849	99.0435	891.5225	1.9292	0.002	present	469.986	469.99	454.58	458.08	0.1826	490.96	0.0559	457.24	535.0	476.84	528.02	380.03	442.5	494.72	585.19	363.16	425.75	385.28	452.76	335.56	391.93	467.66	491.31	220.207	NA	220.21	219.29	0.0855	262.67	0.0349	207.27	247.08	180.95	217.58	9.803	9.8	9.9	9.95	0.1155	9.84	0.0598	17.1744	0.8055	45.2319	60.524	13.4168	148.6148	0.2495	2.9995	0.6124	0.9123	0.5887	474.24	0.00266	0.0274	0.37212	-0.00765	-0.06068	218.42	0.00786	0.0188	-0.05722	-0.02975	-0.03321	9.74	0.00273	0.075	0.48366	-0.3029	0.1927	16	0.20693	0.03798	0.00329	-0.01215	0.03177	0.10185	-0.04878	0.06198	-0.07097	-0.04246	-0.08361	-0.05128	-0.06859	0.05061	0.02065	-0.03365	-0.01751	0.0871	0.03376	0.04033	-0.03164	-0.03708	-0.01622	-0.04308	-0.05233	-0.04543	0.05093	0.05378	-0.05955	0.01999	-0.02511	-0.02285	368.01	819990926	832401727	1000	/scratch.global/lanej/1000G/ngs_dose/1000G_highcov/crams/HG00349.cram	9ab0a0e8,a23ef9ed,7f3b4c3c	184ab16e		14	0.997393	0.998672	0.99963	0.999874	2.046	1.889	0.142	874.831	106.971	scan	F	FIN	EUR	F	0.999723	0.999909	0.997552	NA	0.08	1.1134	1.0055	455.4622	451.6637	507.9991	221.5715	9.7511	1.9852	940.1916	77.6142	489.1318	486.2643	549.4231	218.9854	9.6626	1.9854	863.5817	64.0122	807.764	1.9322	0.1196	35.0903	F	2504	
HG00350	scan	0.1.0+fae1124	52.472	150	433	450	0.0945	0.977	1.1957	0.0493	0.0383		2.0041	39.764	786.037	1.9473	0.0033	present	544.565	544.56	524.93	537.06	0.2041	565.53	0.0626	543.38	623.54	544.6	603.86	452.68	516.61	559.22	659.36	430.3	497.41	453.3	532.48	411.05	466.71	536.54	563.81	285.234	NA	285.23	284.47	0.0762	341.75	0.0316	253.08	303.7	244.65	295.42	9.669	9.67	9.79	9.77	0.1024	9.73	0.0536	13.3183	1.1791	39.1471	57.0717	10.7612	147.9766	0.2326	2.5668	0.5878	0.8682	0.4856	548.93	0.00247	0.0255	0.31863	0.4732	-0.54428	282.93	0.00153	0.0037	-0.01595	0.01074	-0.01652	9.63	0.00217	0.0594	-0.2057	-0.11059	0.22758	16	-0.04842	-0.04149	-0.07108	-0.04357	-0.11787	0.06521	0.03836	0.08704	0.03907	0.04067	0.04679	0.07765	0.03779	0.05296	0.0317	0.00704	-0.01856	0.049	-0.01585	-0.05417	-0.04965	-0.00909	0.03406	-0.03412	0.08479	0.03093	-0.0038	0.04321	0.07034	0.02275	0.02615	-0.01635	433.88	1063913008	1079966621	1000	/scratch.global/lanej/1000G/ngs_dose/1000G_highcov/crams/HG00350.cram	9ab0a0e8,a23ef9ed,7f3b4c3c	184ab16e		14	0.997526	0.998835	0.999663	0.999978	2.022	1.909	0.141	773.641	43.701	scan	F	FIN	EUR	F	0.999651	0.999986	0.997725	NA	-0.03	1.1001	0.9921	544.8091	541.2061	598.669	277.1231	9.6374	2.0044	841.5624	30.8438	529.4242	526.588	593.381	283.5597	9.5962	2.0032	737.6897	30.7499	701.4497	1.9498	0.1162	46.1078	F	2504	
HG00351	scan	0.1.0+fae1124	33.661	150	433	450	0.0889	0.9681	1.2274	0.0594	0.0431		2.0037	26.125	700.1879	0.996	0.93	present	411.773	411.77	397.08	399.06	0.1746	436.91	0.0482	397.42	489.92	421.99	476.44	332.65	407.01	417.33	525.7	318.14	394.01	339.33	414.53	298.45	364.48	408.7	433.16	165.715	NA	165.72	163.98	0.0656	205.17	0.0327	156.4	193.22	142.59	178.52	9.697	9.7	9.75	9.78	0.1175	9.67	0.0535	20.4153	10.3554	50.089	74.2003	11.9812	140.4082	0.2628	3.0006	0.3143	0.9419	0.2503	415.1	0.00216	0.0222	0.24384	-0.01838	-0.07854	164.03	0.0042	0.01	-0.03029	0.02525	0.02034	9.57	0.00289	0.0793	1.48214	-0.5814	-0.4549	16	0.00787	0.04135	0.03042	-0.08785	0.03309	0.07825	0.08527	-0.05177	0.0503	0.02718	0.06068	-0.02563	-0.063	0.00661	0.00541	-0.03333	0.01156	-0.0163	0.03035	-0.03238	-0.06309	0.02182	-0.05397	0.03788	-0.19872	0.07626	0.07117	-0.02746	-0.09315	0.00614	-0.11749	-0.02809	315.96	669901866	680249186	1000	/scratch.global/lanej/1000G/ngs_dose/1000G_highcov/crams/HG00351.cram	9ab0a0e8,a23ef9ed,7f3b4c3c	184ab16e		14	0.997765	0.998291	0.999572	0.999923	2.062	0.985	0.759	683.249	29.17	scan	M	FIN	EUR	M	0.999786	0.99994	0.997834	NA	-0.09	1.1478	1.0166	418.2528	416.1441	474.6274	164.177	9.6234	2.0046	675.636	28.2935	425.7886	423.5813	487.895	148.3608	9.6159	2.0007	785.6198	39.086	649.0494	1.0058	0.7572	29.6865	M	2504	
HG00353	scan	0.1.0+fae1124	36.278	150	421	400	0.1009	0.9649	1.261	0.0627	0.0415		2.0055	58.0012	696.2475	1.9657	0.0027	present	414.168	414.17	396.18	400.19	0.2025	435.89	0.0533	391.62	458.26	411.1	470.76	293.1	326.41	361.58	439.94	308.4	364.67	320.96	389.36	277.78	317.6	414.16	444.06	225.436	NA	225.44	221.01	0.075	282.68	0.0307	209.12	258.34	195.88	247.53	9.896	9.9	9.91	9.9	0.1102	9.85	0.0589	16.0605	1.9139	47.191	73.3271	9.054	139.929	0.2226	2.8509	0.4891	0.8678	0.5972	417.55	0.00267	0.0275	0.31599	0.40219	0.05094	222.99	0.00337	0.0081	0.02047	0.02052	0.02418	9.71	0.00273	0.075	1.01037	0.60885	-0.49673	16	-0.33209	-0.1174	-0.10567	0.19988	-0.02776	0.08463	0.00587	0.07719	-0.0706	-0.07919	0.01192	-0.0389	-0.01485	-0.00268	-0.11846	-0.017	-0.05139	0.07106	0.20931	0.03681	0.08012	0.09204	0.0263	-0.04553	0.00198	0.0009	0.0783	-0.15028	-0.03788	-0.0845	-0.00119	-0.01268	314.49	735072184	747716716	1000	/scratch.global/lanej/1000G/ngs_dose/1000G_highcov/crams/HG00353.cram	9ab0a0e8,a23ef9ed,7f3b4c3c	184ab16e		14	0.997742	0.998907	0.999591	0.999896	2.03	1.908	0.156	685.825	66.21	scan	F	FIN	EUR	F	0.999623	0.999907	0.997676	NA	0.05	1.1274	0.9846	430.795	426.8588	498.5667	213.6127	9.7224	1.9968	668.9414	45.5357	454.4865	447.1279	519.9992	218.6077	9.6834	1.9989	566.5793	35.8491	646.1204	1.9528	0.1268	31.5435	F	2504	
HG00355	scan	0.1.0+fae1124	52.655	150	424	400	0.0925	0.9742	1.1886	0.0561	0.0407		1.9938	79.6107	747.2125	1.9521	0.003	present	362.747	362.75	354.24	358.01	0.1684	388.07	0.054	346.98	429.82	372.37	414.6	290.18	347.01	376.95	470.46	293.86	360.96	311.36	373.71	275.39	339.28	365.05	385.57	335.369	NA	335.37	331.34	0.0791	407.76	0.0359	303.02	370.22	275.94	336.43	9.782	9.78	9.85	9.88	0.1217	9.79	0.0488	14.0795	1.2917	54.5922	58.2441	12.8773	144.658	0.2576	3.2991	0.6884	0.9218	0.4631	367.59	0.00307	0.0317	0.23658	-0.28495	-0.36928	334.23	0.00685	0.0164	-0.07288	-0.0325	-0.01468	9.7	0.00231	0.0634	0.52051	0.56084	0.0877	16	-0.06931	-0.02285	0.03589	-0.07387	0.01809	0.07435	-0.10592	0.11967	0.02283	0.00408	-0.02988	0.05221	-0.07187	0.02398	-0.02349	-0.04226	-0.00169	0.00649	0.02905	-0.01601	-0.00411	-0.0012	0.02728	0.06527	0.01616	-0.03829	-0.02998	-0.02642	-0.01808	-0.00222	0.01773	-0.03926	622.19	1066459310	1082727277	1000	/scratch.global/lanej/1000G/ngs_dose/1000G_highcov/crams/HG00355.cram	9ab0a0e8,a23ef9ed,7f3b4c3c	184ab16e		14	0.997728	0.998969	0.999617	0.999932	2.081	1.897	0.15	732.642	86.377	scan	F	FIN	EUR	F	0.999766	0.999937	0.997853	NA	0.04	1.1279	1.013	339.5383	335.8254	381.8497	337.0461	9.768	1.9941	738.0687	66.0901	356.3799	353.7155	404.61	342.7467	9.6678	1.9921	749.2904	59.4301	670.2761	1.9444	0.125	46.1121	F	2504	
HG00356	scan	0.1.0+fae1124	37.245	150	434	450	0.0813	0.9655	1.2727	0.0602	0.0394		1.9934	34.2057	1092.913	1.948	0.0021	present	456.42	456.42	437.86	443.77	0.174	494.04	0.0473	422.33	573.86	467.99	535.1	365.33	487.43	448.07	616.3	347.82	470.55	374.76	482.66	327.36	443.31	453.78	484.08	168.157	NA	168.16	169.22	0.088	218.71	0.0243	158.17	205.88	146.6	193.78	9.48	9.48	9.54	9.56	0.1187	9.45	0.0459	12.2439	1.859	50.2272	77.1201	11.9598	136.8635	0.255	3.2141	0.6596	0.8835	0.7188	458.18	0.00247	0.0255	0.36197	-0.07908	-0.13441	167.61	0.00548	0.0131	0.01657	-0.00593	-0.03885	9.42	0.0029	0.0796	0.34989	0.68606	0.46482	16	-0.29403	0.05287	0.06322	-0.07802	-0.06471	-0.06883	0.00685	0.01204	0.03203	-0.00511	0.04149	-0.07775	0.03807	0.07962	-0.01301	-0.11498	0.05375	0.01454	0.05375	0.02858	-0.14466	0.06331	0.01203	-0.0723	-0.01587	0.01885	0.09778	0.05112	0.06567	0.04159	-0.03265	0.03705	387.02	748814270	761761881	1000	/scratch.global/lanej/1000G/ngs_dose/1000G_highcov/crams/HG00356.cram	9ab0a0e8,a23ef9ed,7f3b4c3c	184ab16e		14	0.997504	0.999086	0.999508	0.999639	2.028	1.887	0.161	1084.65	39.085	scan	F	FIN	EUR	F	0.999645	0.999715	0.997785	NA	-0.24	1.1679	1.0214	455.3967	458.2851	519.1744	169.7474	9.5943	1.9953	937.7745	35.3673	439.948	442.1227	497.8183	166.3339	9.5536	1.9957	748.0739	36.0771	995.6455	1.9462	0.1336	32.7821	F	2504	
HG00357	scan	0.1.0+fae1124	37.754	150	419	400	0.1102	0.9629	1.2202	0.0601	0.0432		2.001	195.4229	788.6692	1.8524	0.0022	present	478.989	478.99	460.49	471.26	0.1907	507.82	0.06	449.16	537.35	482.01	551.99	332.52	385.44	458.05	559.03	360.58	431.71	385.29	464.41	340.84	404.19	480.06	514.26	131.499	NA	131.5	130.26	0.0919	161.69	0.0261	128.58	157.49	115.77	142.96	9.657	9.66	9.79	9.83	0.1098	9.73	0.0638	17.2622	1.8889	39.5958	51.8104	11.4195	149.8892	0.2362	2.6675	0.6802	0.783	0.573	480.94	0.00272	0.028	0.62656	0.09412	0.23056	130.48	0.01491	0.0357	0.05953	-0.01745	0.03873	9.64	0.00257	0.0705	0.44992	-0.29756	-0.26127	16	0.04121	0.00981	-0.04588	-0.07641	0.00292	-0.01274	0.06601	0.01409	0.067	0.10805	0.00175	0.05822	-0.032	-0.04892	-0.01158	0.0372	-0.10132	0.03311	-0.00286	0.02193	0.04554	-0.09673	-0.02578	-0.04347	-0.01377	-0.02622	-0.01703	-0.05559	0.11483	-0.06491	-0.00907	0.00415	255.95	766174644	776241893	1000	/scratch.global/lanej/1000G/ngs_dose/1000G_highcov/crams/HG00357.cram	9ab0a0e8,a23ef9ed,7f3b4c3c	184ab16e		14	0.997506	0.998891	0.999605	0.999869	2.036	1.797	0.131	786.875	220.785	scan	F	FIN	EUR	F	0.999649	0.999916	0.997825	NA	-0.02	1.1477	1.0022	466.1135	463.1286	532.7463	129.0535	9.5895	2.0021	804.8011	193.2998	501.3551	495.8563	581.5251	131.6199	9.578	2.0022	755.1082	155.8215	735.2844	1.8374	0.1118	32.5334	F	2504	
HG00358	scan	0.1.0+fae1124	40.198	150	433	450	0.0914	0.9722	1.2346	0.0602	0.0441		2.0016	26.1321	749.8785	0.9911	0.9792	present	483.072	483.07	475.18	477.38	0.1684	521.56	0.0537	470.69	592.33	504.73	562.13	407.82	506.97	503.67	644.25	384.55	483.85	412.95	505.04	352.87	440.17	488.54	514.2	220.105	NA	220.11	222.6	0.0832	271.77	0.0371	205.6	253.89	176.8	220.8	9.598	9.6	9.75	9.76	0.138	9.68	0.0504	16.1116	13.0081	63.2195	91.58	9.9773	144.4032	0.2442	3.4428	0.5009	0.8929	0.2769	494.73	0.00293	0.0302	0.08355	-0.32537	-0.19627	222.83	0.01053	0.0252	-0.09758	-0.04978	-0.04791	9.58	0.00258	0.0707	-1.03802	0.72755	0.5839	16	0.1133	-0.03236	0.04113	-0.07894	0.04284	0.01785	-0.0261	-0.08039	-0.028	0.00612	0.01816	0.05285	-0.0007	-0.01999	0.00043	-0.00269	-0.00564	-0.00676	0.06248	-0.00974	-0.00316	0.02674	-0.02428	0.03058	0.06826	0.02918	0.09793	-0.05143	-0.05122	0.08242	-0.05624	0.00136	999.64	801960714	816885671	1000	/scratch.global/lanej/1000G/ngs_dose/1000G_highcov/crams/HG00358.cram	9ab0a0e8,a23ef9ed,7f3b4c3c	184ab16e		14	0.99783	0.998191	0.999664	0.999915	2.069	0.986	0.86	740.002	28.476	scan	M	FIN	EUR	M	0.999613	0.999936	0.997916	NA	-0.08	1.1362	1.0202	485.4971	473.5053	550.7362	227.6254	9.5796	2.0046	748.6782	32.9284	478.6772	471.4673	549.2414	222.9782	9.5719	2.0047	748.4829	27.3029	690.2642	1.0074	0.8502	35.2616	M	2504	
HG00360	scan	0.1.0+fae1124	36.296	150	446	450	0.0733	0.964	1.2866	0.0531	0.0368		2.0038	44.8358	1066.4819	0.9979	0.9703	present	321.508	321.51	308.06	313.17	0.2055	349.11	0.0431	308.22	417.71	332.97	385.25	256.81	342.52	311.37	428.64	247.82	335.25	261.31	339.25	229.15	309.07	317.83	340.7	216.787	NA	216.79	217.34	0.0754	284.92	0.0239	212.61	279.37	184.38	246.2	9.44	9.44	9.52	9.53	0.1109	9.42	0.041	14.6796	16.6308	50.368	69.4204	11.8524	131.3814	0.2648	2.0244	0.6725	0.8102	0.9501	326.65	0.00268	0.0276	-0.13194	0.34062	-0.19653	215.53	0.00587	0.0141	-0.03955	-0.00713	0.00408	9.38	0.00277	0.076	0.11794	-0.12622	0.05203	16	-0.45615	0.0106	0.07583	-0.05173	0.08982	0.12762	-0.0303	-0.06296	0.03097	0.00911	0.0322	-0.03485	0.05071	0.02864	0.04169	-0.09315	0.12003	-0.0231	0.00714	0.0104	-0.00189	0.00071	0.02263	-0.13054	0.00232	-0.07018	0.01584	-0.01998	0.02951	0.00517	-0.02484	0.01089	440.43	716408570	726607097	1000	/scratch.global/lanej/1000G/ngs_dose/1000G_highcov/crams/HG00360.cram	9ab0a0e8,a23ef9ed,7f3b4c3c	184ab16e		14	0.997647	0.999014	0.999565	0.99991	2.021	0.986	0.825	1054.745	51.966	scan	M	FIN	EUR	M	0.999527	0.999931	0.997669	NA	-0.28	1.1794	1.0193	328.093	325.9475	380.6779	222.7585	9.5982	2.002	954.8015	50.4179	344.3787	340.4698	396.4277	207.5147	9.5861	2.0009	908.127	48.2218	974.3422	1.0162	0.8302	32.2791	M	2504	
HG00361	scan	0.1.0+fae1124	36.782	150	423	400	0.106	0.9708	1.2265	0.0559	0.0344		1.9902	239.0947	862.6112	1.143	0.0023	present	415.16	415.16	394.1	397.33	0.1916	428.16	0.0562	396.8	455.28	408.68	463.28	289.81	319.3	374.24	444.73	311.14	361.34	325.07	385.87	275.92	309.69	410.09	435.12	229.033	NA	229.03	221.11	0.0926	279.77	0.0351	205.93	247.46	198.97	244.91	9.541	9.54	9.66	9.69	0.1425	9.6	0.0598	20.9242	1.1291	49.9246	63.6579	9.8318	134.1935	0.2505	3.3878	0.5487	0.8194	0.3397	414.59	0.00317	0.0327	-0.17108	0.13853	0.21504	226.67	0.01403	0.0336	0.06084	-0.01168	0.00667	9.53	0.00281	0.0771	-1.89573	0.16737	0.12148	16	-0.47836	-0.13827	-0.18904	0.06013	-0.17527	0.07013	0.12423	-0.00415	-0.00247	-0.00941	-0.03141	0.01566	-0.05264	0.07486	-0.06176	-0.00301	-0.0001	-0.01779	-0.04719	-0.06975	0.08875	0.01209	0.07533	0.00878	-0.0055	-0.02361	0.03382	0.05677	0.05685	-0.00293	-0.10715	-0.01532	352.16	734502652	746382993	1000	/scratch.global/lanej/1000G/ngs_dose/1000G_highcov/crams/HG00361.cram	9ab0a0e8,a23ef9ed,7f3b4c3c	184ab16e		14	0.998095	0.998956	0.99957	0.999909	2.019	1.113	0.15	849.511	272.035	scan	F	FIN	EUR	F	0.999499	0.999948	0.998218	NA	-0.13	1.1174	0.9857	443.1858	443.2541	505.5526	216.1043	9.5374	1.9829	820.9089	148.7074	452.4632	451.1947	512.6996	213.6498	9.5684	1.9857	727.7749	173.4466	789.7202	1.1396	0.1232	31.7982	F	2504	chrX 1.14 (mosaic X loss?)
HG00362	scan	0.1.0+fae1124	38.118	150	435	450	0.0893	0.9623	1.274	0.0607	0.0386		1.9881	20.9008	787.4903	1.9456	0.0032	present	471.862	471.86	457.43	468.27	0.212	518.79	0.0536	457.5	616.01	493.72	574.61	394.51	523.85	491.48	670.19	378.09	508.19	404.39	522.15	362.17	486.15	468.0	503.16	210.941	NA	210.94	208.84	0.0692	275.22	0.0276	195.71	255.16	181.19	239.85	9.482	9.48	9.59	9.61	0.1174	9.5	0.0499	18.0538	1.3525	44.1613	59.7502	9.2281	145.481	0.233	3.7412	0.5749	0.8685	0.3673	479.69	0.00332	0.0342	0.49782	0.41623	-0.74394	209.36	0.00432	0.0103	-0.01224	0.0219	0.02177	9.42	0.0028	0.0769	-0.47549	-0.01747	0.11311	16	-0.27357	0.00304	0.01638	-0.11562	-0.00498	-0.08488	0.02312	0.01789	-0.0249	0.00784	-0.02694	0.03683	-0.00926	0.00807	0.00707	-0.12795	-0.02428	0.04366	-0.04665	-0.01765	-0.0708	0.01104	0.07616	0.01094	0.0237	0.01277	0.05967	-0.01206	0.04044	-0.00122	0.03017	0.04999	316.88	767582150	779031883	1000	/scratch.global/lanej/1000G/ngs_dose/1000G_highcov/crams/HG00362.cram	9ab0a0e8,a23ef9ed,7f3b4c3c	184ab16e		14	0.997838	0.998917	0.999633	0.999898	2.017	1.886	0.137	774.955	23.713	scan	F	FIN	EUR	F	0.99979	0.999896	0.997996	NA	-0.24	1.1979	1.0292	454.4028	450.0145	533.0801	217.3347	9.5415	1.9894	713.9535	23.2468	467.2583	463.2941	538.7599	204.9903	9.5713	1.9912	832.0268	33.4322	728.8739	1.9372	0.1146	33.4903	F	2504	
HG00364	scan	0.1.0+fae1124	36.214	150	435	450	0.0763	0.9681	1.2332	0.0513	0.0425		1.9943	28.5827	772.507	1.9384	0.003	present	489.557	489.56	468.59	467.42	0.2034	508.49	0.045	454.76	511.33	491.0	557.52	357.83	406.56	450.14	520.63	356.13	407.47	378.86	450.73	328.03	365.96	488.69	518.73	231.139	NA	231.14	230.18	0.0836	282.17	0.0277	201.58	243.72	194.39	239.43	9.75	9.75	9.84	9.85	0.1112	9.78	0.0446	20.5784	1.1737	52.0716	57.9241	11.1228	151.1171	0.2535	2.8159	0.6202	0.8916	0.3559	491.09	0.00421	0.0434	-0.03465	0.3391	0.02209	229.13	0.00284	0.0068	-0.01453	-0.01973	-0.01151	9.69	0.00256	0.0702	0.2434	0.5087	0.08485	16	-0.0598	-0.03942	0.03952	-0.129	-0.03417	-0.06331	-0.04087	-0.02041	-0.00346	-0.03205	0.07841	-0.14339	-0.05535	-0.02154	-0.01659	0.10621	0.06143	0.10098	-0.00935	0.01468	-0.04872	-0.05078	0.12914	0.02501	-0.06372	0.05542	-0.00924	-0.10375	-0.01164	0.0418	-0.05702	-0.04261	468.11	734815942	745178063	1000	/scratch.global/lanej/1000G/ngs_dose/1000G_highcov/crams/HG00364.cram	9ab0a0e8,a23ef9ed,7f3b4c3c	184ab16e		14	0.9975	0.998652	0.999523	0.999909	2.053	1.892	0.143	754.338	32.018	scan	F	FIN	EUR	F	0.999583	0.999905	0.998051	NA	0.03	1.1353	0.9998	500.4877	498.9999	574.1109	222.4038	9.734	1.9948	748.7891	49.1862	485.8267	482.1311	552.588	249.4652	9.8225	1.9963	725.1794	49.2281	706.4599	1.932	0.1174	32.3798	F	2504	
HG00365	scan	0.1.0+fae1124	36.952	150	440	450	0.0819	0.9725	1.2306	0.0663	0.0391		1.9981	33.663	1081.2551	1.9413	0.0023	present	446.546	446.55	430.32	434.12	0.2096	474.52	0.046	412.98	519.72	455.66	513.41	352.89	439.99	435.58	555.59	343.97	433.25	368.49	452.98	314.49	394.24	445.94	471.71	187.994	NA	187.99	187.72	0.0857	233.87	0.0308	185.05	229.76	156.88	197.55	10.104	10.1	10.16	10.13	0.1153	10.08	0.0491	15.1935	1.9294	58.4394	53.8896	11.1812	133.377	0.2375	2.755	0.5884	0.9335	0.3646	452.53	0.00224	0.0231	0.57433	0.50394	-0.47977	186.25	0.01034	0.0248	-0.04483	-0.04752	0.01368	9.94	0.00323	0.0887	1.57009	0.14515	1.18326	16	-0.25899	0.05102	0.0576	-0.03037	-0.10154	-0.08175	0.0725	-0.06607	0.02184	-0.10489	0.01422	-0.09294	0.04803	0.09195	-0.05752	-0.2163	0.0306	-0.06353	0.02755	0.0069	0.01553	-0.16969	0.04987	-0.01456	0.00273	-0.04562	-0.04747	-0.06513	0.00037	0.00334	0.00103	0.07926	357.43	743268858	753034317	1000	/scratch.global/lanej/1000G/ngs_dose/1000G_highcov/crams/HG00365.cram	9ab0a0e8,a23ef9ed,7f3b4c3c	184ab16e		14	0.997837	0.998481	0.999615	0.99983	1.998	1.891	0.133	1065.518	37.4	scan	F	FIN	EUR	F	0.999745	0.999888	0.997823	NA	0.28	1.1345	1.0069	467.8746	467.1207	515.8037	191.6608	10.1456	2.0012	875.7921	34.6463	435.1279	431.9995	492.3646	200.2009	10.0562	1.9982	812.1919	55.8479	977.0132	1.9472	0.1122	32.6406	F	2504	
HG00366	scan	0.1.0+fae1124	32.59	150	429	450	0.0696	0.9583	1.32	0.0787	0.0362		1.9973	57.2816	1147.2774	0.9958	0.9833	present	221.357	221.36	218.63	218.87	0.1689	250.84	0.035	228.64	317.88	237.3	278.16	187.53	256.41	225.04	317.71	178.48	247.58	191.69	254.24	167.59	231.79	222.93	240.88	235.339	NA	235.34	234.17	0.0657	315.87	0.0252	217.07	291.07	201.73	275.34	9.78	9.78	9.79	9.8	0.1103	9.69	0.0407	18.0185	16.374	63.0831	86.7776	14.1971	144.1644	0.2593	3.2617	0.5027	0.8014	0.4684	229.37	0.00468	0.0482	-0.31447	-0.21546	-0.25519	234.3	0.01103	0.0264	-0.05434	0.02075	0.00212	9.66	0.00293	0.0804	0.96558	-0.92247	-0.55166	16	-0.43392	-0.01936	-0.00659	-0.18142	0.14229	-0.00119	-0.11078	-0.20066	-0.07287	-0.0589	-0.00551	-0.04146	0.04403	0.05651	0.00424	-0.01678	0.06441	0.01378	0.00726	0.00468	0.03735	0.00251	0.04192	0.06984	0.03107	0.02599	0.03864	-0.03679	-0.01051	0.10948	0.00386	-0.02378	599.91	651187002	663574220	1000	/scratch.global/lanej/1000G/ngs_dose/1000G_highcov/crams/HG00366.cram	9ab0a0e8,a23ef9ed,7f3b4c3c	184ab16e		14	0.997506	0.998727	0.999295	0.999727	2.113	0.986	0.921	1141.315	66.474	scan	M	FIN	EUR	M	0.999562	0.999732	0.997648	NA	0.0	1.2127	1.0346	231.1092	223.8151	280.1391	246.5492	9.7893	2.001	953.491	100.8086	228.5102	223.5484	261.4746	219.4955	9.6264	1.9997	857.5607	45.0215	1056.3056	1.007	0.9066	29.2723	M	2504	
HG00367	scan	0.1.0+fae1124	35.504	150	431	450	0.0578	0.9805	1.1895	0.0626	0.043		1.991	22.5243	837.6309	1.9307	0.0035	present	403.936	403.94	384.55	388.65	0.2077	410.77	0.0355	384.93	440.69	412.74	452.48	294.31	335.3	364.41	429.7	284.21	328.22	313.9	367.15	253.73	286.84	399.31	415.32	125.755	NA	125.75	123.73	0.097	150.06	0.0166	116.98	139.59	109.0	131.22	9.424	9.42	9.47	9.49	0.1323	9.41	0.034	13.461	1.567	47.3219	44.4826	11.2545	145.863	0.2578	2.964	0.7249	0.8106	0.263	403.76	0.00396	0.0408	0.2954	0.37584	0.22702	124.81	0.01555	0.0372	0.0697	-0.00706	-0.01486	9.36	0.00272	0.0746	1.11962	-1.22357	-0.10058	16	-0.08494	0.03902	0.05807	-0.11999	-0.06825	0.02034	0.0134	0.08694	-0.06634	-0.00642	0.11046	-0.02458	0.02786	0.04648	-0.08265	0.08433	-0.01969	0.0185	-0.04277	-0.1227	0.06008	-0.01953	-0.02787	-0.02884	-0.02881	0.02562	-0.04951	-0.10743	-0.00011	-0.03486	-0.10773	-0.00927	398.6	713769242	722397361	1000	/scratch.global/lanej/1000G/ngs_dose/1000G_highcov/crams/HG00367.cram	9ab0a0e8,a23ef9ed,7f3b4c3c	184ab16e		14	0.996768	0.999021	0.999556	0.9999	2.031	1.892	0.125	813.242	24.177	scan	F	FIN	EUR	F	0.99974	0.99992	0.997029	NA	-0.3	1.1207	1.0222	402.6593	403.1163	455.3698	119.0104	9.4766	1.9918	796.543	32.988	440.3251	438.3918	499.5922	127.8679	9.628	1.9929	769.4589	30.6849	757.9473	1.9448	0.104	32.1355	F	2504	
HG00368	scan	0.1.0+fae1124	36.178	150	429	450	0.0613	0.9799	1.1795	0.0559	0.0386		2.0042	57.792	845.2596	1.9378	0.0032	present	351.526	351.53	333.88	334.75	0.2083	356.23	0.0363	328.11	381.03	367.69	400.16	258.43	298.92	319.58	378.29	250.57	292.67	277.76	323.99	233.83	269.94	345.87	358.43	143.729	NA	143.73	141.62	0.104	170.47	0.0152	132.34	156.56	124.15	148.74	9.267	9.27	9.35	9.4	0.1135	9.28	0.0353	16.6608	1.7123	62.0594	53.2443	12.0473	148.2498	0.2299	2.852	0.5083	0.7407	0.2476	352.28	0.00504	0.052	-0.35216	0.42369	0.18406	142.86	0.01996	0.0478	0.09076	-0.02985	0.00253	9.17	0.00288	0.0789	0.10449	-0.35971	0.57543	16	-0.42329	0.1332	0.13099	-0.01416	-0.05916	-0.06053	0.02756	0.02657	0.01253	0.03127	-0.04732	-0.04219	0.01415	0.00151	0.01796	-0.03547	0.05985	0.04196	0.05887	-0.06428	-0.0767	-0.07596	-0.07715	-0.04595	-0.10587	0.01151	-0.00519	0.03045	0.036	-0.0006	-0.12125	0.0971	406.35	729739420	739422663	1000	/scratch.global/lanej/1000G/ngs_dose/1000G_highcov/crams/HG00368.cram	9ab0a0e8,a23ef9ed,7f3b4c3c	184ab16e		14	0.997	0.99854	0.999596	0.999892	2.043	1.887	0.126	816.254	61.853	scan	F	FIN	EUR	F	0.999681	0.99991	0.997194	NA	-0.49	1.1359	1.0437	348.2629	349.8439	390.0988	143.2166	9.3961	2.0022	786.8568	64.1604	373.1168	370.7297	430.4407	153.0101	9.5725	2.0019	853.4877	66.4394	758.833	1.9372	0.1046	32.6857	F	2504	
HG00369	scan	0.1.0+fae1124	51.632	150	435	450	0.0815	0.9611	1.2877	0.0571	0.0367		1.9977	36.9168	997.5357	0.9851	0.9728	present	522.561	522.56	504.01	510.83	0.1697	570.33	0.054	511.73	684.71	542.01	625.36	424.2	558.98	520.97	708.79	408.24	545.45	436.69	562.79	380.46	505.39	517.09	555.4	253.586	NA	253.59	252.54	0.0806	330.71	0.029	239.88	313.3	215.16	284.4	9.634	9.63	9.78	9.84	0.1137	9.69	0.0463	15.0896	12.5242	51.839	80.6123	12.2516	143.3181	0.2499	2.8621	0.5437	0.8537	0.367	527.49	0.00284	0.0293	0.16824	-0.12431	-0.16265	252.54	0.00467	0.0112	-0.04027	-0.02782	-0.00371	9.62	0.0023	0.0631	-0.90345	0.13039	0.20099	16	-0.26243	0.02528	0.05137	-0.15951	0.10486	-0.10796	-0.05716	-0.15626	0.04419	0.08183	0.01893	-0.08612	0.03489	0.0372	0.05937	0.00171	0.03919	-0.04417	0.05228	-0.07532	0.0197	-0.02555	-0.07839	0.01266	-0.03311	-0.09062	-0.03003	-0.09296	0.04884	-0.04778	-0.01357	-0.00845	386.27	1028974028	1046595396	1000	/scratch.global/lanej/1000G/ngs_dose/1000G_highcov/crams/HG00369.cram	9ab0a0e8,a23ef9ed,7f3b4c3c	184ab16e		14	0.997924	0.998733	0.999435	0.999789	2.025	0.985	0.854	993.431	42.412	scan	M	FIN	EUR	M	0.999579	0.999846	0.998132	NA	-0.04	1.1855	1.0275	523.2621	520.9689	608.5456	261.8081	9.6878	2.0014	858.742	51.0794	499.5647	499.5361	570.6253	247.2605	9.6318	2.0006	830.7586	32.7747	888.8083	1.0068	0.8368	45.7732	M	2504	
HG00371	scan	0.1.0+fae1124	41.068	150	439	450	0.1048	0.9755	1.2082	0.0674	0.0485		1.9905	23.3485	820.3757	0.986	0.972	present	440.09	440.09	421.27	426.55	0.1971	453.36	0.055	411.41	466.45	435.86	485.2	320.48	367.46	393.11	458.65	317.23	366.18	338.5	398.01	288.78	323.24	440.21	462.44	249.567	NA	249.57	246.01	0.0845	299.03	0.0314	239.88	283.72	210.16	254.11	9.894	9.89	9.9	9.91	0.1163	9.83	0.0629	23.9682	12.2515	58.5008	75.0696	11.1937	144.7658	0.2391	3.2217	0.6393	0.8815	0.4217	437.97	0.00309	0.0318	0.41578	0.15789	0.26678	248.2	0.00631	0.0151	-0.00395	-0.03029	0.01415	9.72	0.00269	0.0738	0.78343	-0.64816	-0.69282	16	0.03552	0.12044	0.21963	-0.08353	0.03685	-0.09267	0.0608	-0.16018	0.05428	0.02604	-0.02446	-0.0133	0.03833	-0.03663	0.02612	0.09612	-0.10033	0.00155	0.02714	-0.02203	-0.04673	-0.06813	0.01687	-0.03632	0.03874	0.02302	-0.00012	-0.00502	0.04586	-0.00412	0.04363	0.00939	322.29	819637868	832709166	1000	/scratch.global/lanej/1000G/ngs_dose/1000G_highcov/crams/HG00371.cram	9ab0a0e8,a23ef9ed,7f3b4c3c	184ab16e		14	0.997736	0.9988	0.999564	0.99988	2.06	0.987	0.831	808.131	25.56	scan	M	FIN	EUR	M	0.999577	0.999912	0.997675	NA	0.06	1.1078	0.9952	449.583	450.8364	494.8991	248.1505	9.8184	1.9937	794.8376	40.4834	432.7563	434.0547	486.6881	227.6625	9.8825	1.9941	739.2205	42.3879	751.9972	1.0074	0.8292	35.5967	M	2504	
HG00372	scan	0.1.0+fae1124	36.453	150	419	400	0.1076	0.963	1.2572	0.0638	0.0492		1.9963	76.0828	750.1537	0.9976	0.9984	present	299.459	299.46	282.41	285.85	0.2167	310.64	0.0523	272.03	324.81	294.93	337.77	211.51	239.4	250.77	307.96	219.96	263.6	229.18	277.82	200.73	233.84	295.99	316.11	226.143	NA	226.14	222.62	0.0751	281.41	0.0372	206.99	255.78	192.89	241.15	9.469	9.47	9.66	9.74	0.1349	9.59	0.0632	19.0878	19.4649	49.4231	81.2025	11.0724	141.5974	0.2205	2.7966	0.6637	0.7477	0.2817	298.29	0.00345	0.0356	0.33745	0.57172	-0.01306	224.25	0.00398	0.0095	-0.02402	0.00406	-0.00461	9.54	0.00278	0.0762	-1.91573	-1.31861	-0.12383	16	0.09257	-0.08061	-0.01401	-0.01392	0.14465	0.14094	0.08694	-0.19247	-0.04724	-0.10009	-0.00544	-0.02228	-0.03932	0.03879	0.04967	0.06769	-0.0441	0.03108	-0.10423	-0.10407	-0.02258	-0.06434	0.15158	0.07287	0.00398	-0.0363	0.02383	0.04195	0.01494	0.00858	0.08822	0.05749	363.21	727780450	739726516	1000	/scratch.global/lanej/1000G/ngs_dose/1000G_highcov/crams/HG00372.cram	9ab0a0e8,a23ef9ed,7f3b4c3c	184ab16e		14	0.997777	0.998286	0.999596	0.999909	2.032	0.981	0.969	734.958	82.81	scan	M	FIN	EUR	M	0.999716	0.99992	0.997888	NA	-0.12	1.1324	0.9887	320.116	319.6466	369.6247	224.0371	9.4748	1.9944	773.7392	92.1637	331.613	329.5091	379.8558	219.4596	9.5624	1.9968	900.6674	106.5465	690.6874	1.0016	0.971	31.4291	M	2504	
HG00373	scan	0.1.0+fae1124	36.139	150	420	400	0.1055	0.9713	1.2121	0.0583	0.0496		2.0079	89.7695	683.3861	1.944	0.0032	present	325.241	325.24	310.72	318.85	0.2359	338.39	0.0535	289.95	339.28	314.37	354.22	212.81	241.54	288.25	345.56	232.63	274.03	253.84	301.47	224.6	259.25	327.92	347.73	217.286	NA	217.29	213.93	0.0859	263.87	0.0405	193.12	232.11	180.3	220.26	9.753	9.75	9.84	9.87	0.1081	9.78	0.0619	17.8427	1.6632	40.3061	65.2619	10.6879	150.442	0.2279	2.4627	0.5958	0.8478	0.434	324.05	0.00522	0.0539	1.08808	0.71187	0.0011	215.83	0.00622	0.0149	-0.01633	-0.03913	0.01189	9.67	0.00272	0.0746	0.79976	-0.31748	-0.29957	16	0.10231	0.1164	0.04858	0.12309	-0.00159	0.12298	0.05251	0.03016	-0.0625	-0.13048	-0.06745	0.01963	-0.01921	0.06185	-0.03983	0.04598	0.00969	-0.03394	0.00993	-0.06689	-0.10719	-0.05035	0.13489	0.00149	-0.06481	-0.02976	-0.00584	-0.08678	-0.03637	0.07141	0.06358	0.02394	325.77	732550300	744180349	1000	/scratch.global/lanej/1000G/ngs_dose/1000G_highcov/crams/HG00373.cram	9ab0a0e8,a23ef9ed,7f3b4c3c	184ab16e		14	0.997562	0.998505	0.999563	0.999944	2.024	1.878	0.145	673.358	101.148	scan	F	FIN	EUR	F	0.999729	0.999959	0.997539	NA	0.01	1.0931	0.9701	333.0417	332.7326	371.7794	209.2673	9.7062	2.0063	730.7853	77.0293	349.4889	349.609	392.1087	225.2618	9.7688	2.0057	726.3755	107.6066	633.1065	1.9192	0.1194	31.3161	F	2504	
HG00375	scan	0.1.0+fae1124	40.124	150	428	450	0.0855	0.9711	1.2173	0.0762	0.0432		1.9913	17.9515	997.3003	0.99	0.9704	present	619.577	619.58	596.23	595.87	0.1921	651.2	0.056	602.81	712.06	641.59	721.73	513.75	605.15	632.36	774.65	491.32	587.91	506.26	611.87	465.88	542.04	611.34	647.74	160.231	NA	160.23	157.8	0.0811	197.94	0.0296	152.72	187.67	136.7	171.0	9.63	9.63	9.73	9.7	0.1094	9.67	0.0495	22.9227	12.9369	46.6644	79.1348	10.6866	150.3254	0.2344	3.5602	0.6532	0.8685	0.3115	623.71	0.00292	0.0301	0.08131	0.27999	-0.33348	159.21	0.0067	0.016	-0.00764	-0.01205	0.00776	9.58	0.00262	0.072	-0.18734	-0.16626	-0.23753	16	-0.0051	0.10447	0.06869	-0.13307	0.05904	-0.0481	0.06524	-0.18163	0.03022	0.00755	0.03597	-0.09993	-0.0223	-0.00972	-0.00348	0.04181	0.09907	0.07062	0.00978	-0.01006	-0.08834	-2e-05	-0.06816	0.09371	0.05417	-0.02448	0.03957	-0.07144	0.03152	-0.03477	0.05811	0.02473	268.64	803233002	816514465	1000	/scratch.global/lanej/1000G/ngs_dose/1000G_highcov/crams/HG00375.cram	9ab0a0e8,a23ef9ed,7f3b4c3c	184ab16e		14	0.997306	0.998484	0.999458	0.99968	2.034	0.989	0.839	986.843	19.209	scan	M	FIN	EUR	M	0.999663	0.999757	0.997612	NA	-0.08	1.1572	1.0287	648.3917	644.5231	744.5397	160.1969	9.6365	1.9955	907.4367	30.3942	620.97	620.3416	704.698	162.9365	9.5737	1.9984	787.4251	24.2182	901.7012	1.0072	0.8272	35.5427	M	2504	
HG00376	scan	0.1.0+fae1124	37.479	150	432	450	0.074	0.963	1.2528	0.0656	0.0391		2.0026	64.2607	672.2701	1.8371	0.0025	present	408.022	408.02	397.77	400.03	0.1679	444.32	0.0446	399.95	522.13	416.96	475.42	332.64	431.01	403.07	534.11	321.73	421.17	339.0	427.07	300.03	389.36	410.13	436.4	256.992	NA	256.99	257.88	0.0789	326.67	0.0273	243.55	307.69	213.99	275.92	9.737	9.74	9.83	9.84	0.1086	9.75	0.0436	18.2931	1.7141	42.1185	50.8449	9.5385	142.0164	0.259	3.3728	0.6324	0.8438	0.3352	414.69	0.00261	0.027	0.24075	-0.31523	0.06717	255.43	0.00591	0.0141	-0.0723	-0.02748	-0.01371	9.65	0.00255	0.07	0.44361	0.36761	0.1724	16	-0.17183	-0.03102	-0.08412	0.01844	-0.04978	0.11294	0.11657	-0.00601	-0.05936	-0.02998	-0.07888	0.05265	0.00712	0.05467	0.04951	-0.02485	0.02025	-0.0209	0.02206	0.03508	0.03903	0.04124	0.09488	0.05501	-0.04475	0.03441	0.0469	0.04115	0.05188	0.03637	0.06266	-0.06243	355.55	753260714	763633108	1000	/scratch.global/lanej/1000G/ngs_dose/1000G_highcov/crams/HG00376.cram	9ab0a0e8,a23ef9ed,7f3b4c3c	184ab16e		14	0.997942	0.999022	0.999671	0.999967	2.032	1.78	0.132	656.474	72.131	scan	F	FIN	EUR	F	0.999784	0.999981	0.998151	NA	-0.01	1.1464	1.0055	425.3157	418.4054	491.2494	254.9996	9.6914	1.9988	711.6885	49.1601	442.0432	437.9908	499.2769	251.3311	9.7277	2.0008	706.3075	58.1052	619.5679	1.8278	0.11	33.4735	F	2504	chrX 1.84 (mosaic X loss?)
HG00378	scan	0.1.0+fae1124	37.683	150	418	400	0.0652	0.9703	1.1982	0.0583	0.0461		1.9968	33.7524	898.8778	1.945	0.0025	present	454.35	454.35	437.83	444.88	0.1719	477.79	0.0415	436.38	517.07	458.14	511.32	353.34	405.58	463.28	556.27	363.1	429.21	377.7	445.35	327.97	384.97	451.14	479.44	248.834	NA	248.83	244.31	0.0905	298.0	0.0212	225.64	270.2	220.29	264.52	9.607	9.61	9.73	9.77	0.1264	9.69	0.0376	13.0714	0.9817	53.4814	71.3139	12.6465	139.3366	0.2345	2.5257	0.7228	0.8428	0.5171	456.54	0.00324	0.0334	0.42325	-0.05202	-0.2687	246.04	0.01097	0.0263	0.05147	-0.00464	0.01449	9.59	0.00286	0.0785	-0.44011	0.39111	-0.2116	16	0.08156	-0.05561	-0.1241	0.20946	0.04497	-0.03436	-0.02593	0.01929	-0.05764	-0.0172	-0.00895	-0.08582	0.09514	-0.06823	-0.07609	-0.01356	0.0209	-0.03681	0.10373	-0.06202	0.08145	-0.01722	-0.05101	-0.06667	0.00436	0.03463	-0.03756	-0.00122	-0.02629	-0.0329	0.01273	-0.12142	491.92	764197890	777286819	1000	/scratch.global/lanej/1000G/ngs_dose/1000G_highcov/crams/HG00378.cram	9ab0a0e8,a23ef9ed,7f3b4c3c	184ab16e		14	0.997616	0.99924	0.999641	0.999857	2.043	1.875	0.159	883.913	36.682	scan	F	FIN	EUR	F	0.99976	0.999891	0.997918	NA	-0.07	1.12	1.0035	461.4472	458.2063	522.5909	243.9529	9.4771	1.9942	904.7897	30.9453	471.0081	467.6664	529.1701	264.8776	9.4982	1.9949	734.6667	37.0242	809.8864	1.913	0.1298	34.0604	F	2504	
HG00379	scan	0.1.0+fae1124	39.097	150	430	450	0.1017	0.9653	1.228	0.0531	0.0462		2.0075	28.5704	740.4718	1.9271	0.0021	present	367.939	367.94	357.44	363.78	0.1716	395.56	0.0524	360.64	453.78	379.74	428.29	301.93	377.21	365.7	466.13	284.7	358.91	308.77	379.07	279.79	350.44	367.09	390.29	201.167	NA	201.17	200.75	0.0815	249.5	0.0335	192.75	238.33	167.91	210.62	9.541	9.54	9.62	9.61	0.1113	9.56	0.0599	24.9703	1.4021	51.5308	61.9451	10.8668	149.096	0.2293	3.3772	0.6758	0.8664	0.5639	371.39	0.00288	0.0297	0.67156	-0.03532	-0.17938	200.06	0.00683	0.0164	-0.01469	-0.01313	0.0063	9.49	0.00262	0.0718	0.85543	-0.95273	-0.17643	16	-0.05543	0.16739	0.13268	-0.06992	0.00509	-0.20572	0.09003	-0.04516	-0.014	0.00766	0.00584	-0.0763	0.01289	-0.03253	0.04915	0.03658	-0.00137	0.03673	-0.0014	-0.0931	-0.03431	0.05147	-0.0492	-0.08265	0.07247	0.05571	0.06151	0.03304	-0.0377	-0.08878	0.07977	0.02174	356.49	791558496	803682105	1000	/scratch.global/lanej/1000G/ngs_dose/1000G_highcov/crams/HG00379.cram	9ab0a0e8,a23ef9ed,7f3b4c3c	184ab16e		14	0.997559	0.999052	0.999609	0.999918	2.053	1.886	0.144	733.722	31.903	scan	F	FIN	EUR	F	0.999701	0.999945	0.997589	NA	-0.17	1.1532	1.0225	370.6312	368.086	421.4201	200.3171	9.5834	2.01	719.7652	48.7828	351.2164	350.5808	403.4338	184.461	9.6912	2.0096	727.0786	55.902	687.5936	1.9306	0.119	33.9361	F	2504	
HG00380	scan	0.1.0+fae1124	38.066	150	431	450	0.0858	0.9665	1.2287	0.0479	0.0509		2.0007	58.7441	721.7087	1.8581	0.0026	present	535.887	535.89	515.62	520.51	0.1834	572.02	0.0525	520.29	654.03	542.28	616.62	424.88	533.01	521.91	668.79	413.84	524.32	443.39	549.5	388.49	486.14	530.79	565.18	189.566	NA	189.57	190.62	0.0734	238.36	0.0338	174.39	217.05	155.35	198.39	9.876	9.88	10.01	10.04	0.1121	9.93	0.0479	20.6908	1.7793	35.0235	64.498	10.12	144.5125	0.2409	2.3195	0.5072	0.8687	0.335	540.23	0.002	0.0206	0.21835	0.14355	-0.21984	189.32	0.01249	0.0299	-0.10651	-0.02257	0.00817	9.87	0.00259	0.071	0.41646	-0.16365	-0.61968	16	0.2959	-0.06302	-0.09347	0.04238	-0.05519	-0.06682	0.09438	-0.03086	0.02663	-0.01493	0.00311	0.00396	0.15685	0.05003	0.01901	0.02929	0.04512	0.05497	-0.06715	-0.0394	0.12069	-0.0231	-0.02734	-0.01045	0.10016	0.02577	-0.07054	0.00979	0.0194	-0.03518	0.15295	0.05105	409.13	768495738	780119718	1000	/scratch.global/lanej/1000G/ngs_dose/1000G_highcov/crams/HG00380.cram	9ab0a0e8,a23ef9ed,7f3b4c3c	184ab16e		14	0.997819	0.998543	0.999627	0.999941	1.998	1.807	0.145	711.435	66.16	scan	F	FIN	EUR	F	0.999655	0.999958	0.997975	NA	0.21	1.1414	1.0038	562.2606	556.0073	642.0482	186.4683	9.7205	2.0037	763.274	51.9182	534.4008	530.4025	616.281	191.3213	9.7138	2.0042	781.695	44.1677	664.4454	1.849	0.12	33.6719	F	2504	
HG00381	scan	0.1.0+fae1124	37.527	150	436	450	0.074	0.9537	1.2922	0.0649	0.0433		1.998	80.6155	776.3035	1.938	0.0029	present	370.269	370.27	357.36	360.11	0.1908	405.48	0.0417	359.0	481.81	364.9	424.94	293.01	388.6	371.18	506.67	286.53	384.84	300.41	389.31	269.08	358.56	370.12	398.2	223.412	NA	223.41	221.72	0.0748	292.81	0.0234	200.42	262.21	190.81	253.57	9.67	9.67	9.75	9.74	0.1162	9.67	0.0437	15.0386	1.4506	42.2619	49.0954	11.673	153.4249	0.2575	3.8813	0.4925	0.801	0.5656	375.22	0.00266	0.0275	0.35651	0.20462	-0.2867	222.19	0.00996	0.0238	-0.02712	0.0198	-0.03952	9.59	0.00275	0.0754	0.31611	-0.02886	0.11629	16	0.09535	-0.03421	0.04839	-0.03177	0.06912	0.12761	-0.08996	0.06733	-0.06098	-0.03782	0.01066	0.07632	-0.04483	-0.01808	-0.0335	-0.02237	-0.01063	-0.02941	-0.0477	0.01545	-0.04246	0.03807	-0.03089	0.02891	0.01128	0.04042	-0.03006	-0.04602	0.08819	-0.05511	-0.00749	0.04393	317.95	757055396	767357156	1000	/scratch.global/lanej/1000G/ngs_dose/1000G_highcov/crams/HG00381.cram	9ab0a0e8,a23ef9ed,7f3b4c3c	184ab16e		14	0.997693	0.999085	0.99963	0.999927	2.037	1.878	0.136	764.974	91.598	scan	F	FIN	EUR	F	0.999722	0.999946	0.997828	NA	-0.07	1.1325	0.9725	353.1928	348.3114	402.5623	224.745	9.6296	1.9982	804.5423	85.5099	374.9584	372.3769	420.0218	219.0796	9.5279	1.9985	753.9537	76.991	717.1121	1.9262	0.1132	33.5466	F	2504	
HG00382	scan	0.1.0+fae1124	35.656	150	421	400	0.0757	0.9656	1.2579	0.0611	0.0464		2.0001	57.556	768.8709	1.0013	0.9788	present	401.069	401.07	390.7	396.43	0.1586	437.87	0.0436	391.62	509.7	411.7	471.96	310.65	388.85	404.3	531.69	323.56	420.12	335.66	421.56	302.13	387.7	403.54	431.91	192.392	NA	192.39	194.03	0.0699	244.96	0.0266	180.22	228.52	168.5	215.69	9.683	9.68	9.81	9.79	0.1155	9.72	0.0438	22.7669	13.5256	43.6113	70.1309	8.08	138.7953	0.2287	2.6608	0.5984	0.8146	0.4024	408.03	0.0034	0.0351	0.12531	-0.44237	-0.02959	190.94	0.00426	0.0102	-0.0143	0.03134	-0.01031	9.63	0.00275	0.0753	-0.3567	0.00668	0.21819	16	0.01928	-0.00992	0.07715	-0.01659	0.10297	0.19027	3e-05	-0.05721	-0.02531	-0.00021	0.00305	-0.01833	0.01807	0.0315	-0.0576	-0.00474	-0.0423	0.03947	0.0055	0.0539	-0.04831	0.02906	-0.00661	-0.08314	0.04343	0.04962	0.0625	0.05049	-0.04385	-0.02472	0.02052	-0.10632	291.28	707756848	718883981	1000	/scratch.global/lanej/1000G/ngs_dose/1000G_highcov/crams/HG00382.cram	9ab0a0e8,a23ef9ed,7f3b4c3c	184ab16e		14	0.997826	0.998757	0.999697	0.999939	2.03	0.984	0.805	750.603	66.09	scan	M	FIN	EUR	M	0.999791	0.999969	0.998141	NA	-0.03	1.1567	1.009	412.4142	405.3886	478.8966	190.7723	9.7126	1.9987	721.5002	59.2812	453.5015	447.37	514.0171	186.5342	9.597	1.9979	761.432	64.2465	704.9507	1.0084	0.8032	31.7514	M	2504	
HG00383	scan	0.1.0+fae1124	37.672	150	420	400	0.0923	0.9665	1.2274	0.0513	0.0544		1.9971	13.0407	616.5934	1.925	0.0022	present	470.093	470.09	451.65	458.26	0.1551	502.33	0.0508	436.14	557.27	465.51	528.85	362.05	442.81	439.73	567.47	371.16	471.28	385.64	475.84	349.21	440.51	469.4	500.72	226.887	NA	226.89	225.5	0.079	284.12	0.0332	208.93	262.16	184.2	231.51	10.69	10.69	10.74	10.76	0.1172	10.66	0.0542	20.0542	1.4142	47.88	75.341	12.1496	150.5832	0.2511	3.9251	0.6029	0.877	0.4794	469.84	0.00356	0.0367	0.42925	-0.38022	0.04085	227.47	0.0072	0.0172	-0.06319	-0.03417	-0.01787	10.58	0.00316	0.0867	1.1949	-0.65809	0.99893	16	0.25979	-0.01847	0.04106	-0.0287	-0.03266	0.13337	-0.02669	0.02004	0.06783	-0.04623	0.02443	0.02567	-0.07645	0.05982	0.09404	-0.11006	-0.17156	-0.09803	0.06085	0.1063	0.04679	0.06078	0.02437	0.0196	0.00057	-0.09379	-0.10412	-0.08782	0.09785	-0.06075	0.00701	0.13473	272.57	765088622	777390215	1000	/scratch.global/lanej/1000G/ngs_dose/1000G_highcov/crams/HG00383.cram	9ab0a0e8,a23ef9ed,7f3b4c3c	184ab16e		14	0.997895	0.999109	0.999653	0.999862	2.022	1.882	0.146	598.697	14.427	scan	F	FIN	EUR	F	0.999792	0.999899	0.997942	NA	0.92	1.1256	0.9908	459.2597	461.7722	508.875	233.933	10.5915	1.9998	677.0675	9.0106	512.5901	510.959	578.636	184.404	10.4103	1.9948	626.7556	5.3622	562.2422	1.9192	0.1214	33.1393	F	2504	DJ +0.92 copies
HG00384	scan	0.1.0+fae1124	37.152	150	431	450	0.0873	0.9715	1.2248	0.0698	0.0509		1.9941	119.4678	512.7488	1.7664	0.0039	present	528.269	528.27	504.34	508.68	0.1803	547.25	0.0509	500.45	572.26	520.66	586.18	383.51	442.02	441.31	519.86	391.25	454.43	406.62	481.66	359.39	403.74	525.69	556.84	245.422	NA	245.42	240.11	0.0821	295.41	0.0243	229.02	273.58	220.15	266.36	10.616	10.62	10.78	10.79	0.1136	10.72	0.0504	18.0194	1.4157	57.2165	57.6953	12.312	142.5774	0.2658	3.1438	0.5075	0.8724	0.4394	528.33	0.00334	0.0345	0.28042	0.08599	0.4349	240.72	0.00275	0.0066	0.04578	0.02813	0.0089	10.63	0.00292	0.0801	0.50214	0.25857	0.86972	16	0.24245	-0.05528	-0.03792	-0.03086	-0.02301	-0.07128	0.06918	0.03317	-0.03344	-0.02364	-0.03993	-0.01315	-0.00229	0.04582	-0.01434	0.04132	-0.06582	0.08538	0.01106	-0.00359	0.07476	-0.05804	0.02709	0.06223	0.01075	-0.10099	0.03577	0.02977	0.01353	-0.10377	0.01675	0.06275	256.44	753447644	764633870	1000	/scratch.global/lanej/1000G/ngs_dose/1000G_highcov/crams/HG00384.cram	9ab0a0e8,a23ef9ed,7f3b4c3c	184ab16e		14	0.997666	0.998744	0.999465	0.999793	2.054	1.721	0.142	478.523	132.611	scan	F	FIN	EUR	F	0.99961	0.999861	0.997833	NA	0.97	1.1095	0.9855	524.4547	522.3138	585.8227	235.6562	10.5137	1.9947	526.26	111.0906	507.4224	506.1411	579.0885	229.4132	10.3764	1.996	531.8992	98.8152	455.3614	1.7522	0.117	32.974	F	2504	chrX 1.77 (mosaic X loss?); DJ +0.97 copies
HG00403	scan	0.1.0+fae1124	36.322	150	433	450	0.1106	0.9589	1.3071	0.0744	0.0446		2.0045	27.9825	1093.8931	0.9979	1.0331	present	407.868	407.87	390.23	388.5	0.1723	439.22	0.0544	387.12	491.65	416.88	485.67	321.77	410.26	404.18	523.76	312.78	401.68	330.38	421.16	295.89	372.88	402.9	434.42	207.13	NA	207.13	203.55	0.0725	268.63	0.0303	182.41	233.74	180.69	237.39	9.786	9.79	9.89	9.94	0.1361	9.81	0.0631	16.2904	19.997	52.3324	82.2424	10.9105	158.1423	0.2565	2.819	0.5494	0.8154	0.3549	411.44	0.00218	0.0225	-0.25489	-0.04941	-0.13222	204.87	0.00648	0.0155	-0.00504	0.04174	-0.01498	9.75	0.00274	0.0752	-1.84246	0.27634	0.51822	16	-0.18709	0.01221	-0.00135	-0.13482	0.20734	-0.02619	-0.02895	-0.21551	-0.00467	-0.01772	0.07986	-0.01338	0.03035	-0.04405	0.02116	-0.05204	0.00229	-0.03952	-0.01053	0.01127	-0.02405	0.03733	0.06606	0.03377	-0.04614	0.0281	0.00761	-0.06779	-0.02476	0.01446	0.04055	0.03476	331.87	727457436	739707751	1000	/scratch.global/lanej/1000G/ngs_dose/1000G_highcov/crams/HG00403.cram	9ab0a0e8,a23ef9ed,7f3b4c3c	184ab16e		14	0.997718	0.998797	0.999438	0.999863	2.07	0.995	1.019	1078.89	34.573	scan	M	CHS	EAS	M	0.999718	0.999889	0.997956	NA	0.09	1.1804	1.0132	411.5828	409.4367	479.179	217.0393	9.7935	2.0096	960.5541	54.3895	377.2949	374.8101	429.3746	204.0093	9.7692	2.0069	903.6638	38.02	998.6142	1.0116	1.0174	31.3947	M	2504	
HG00404	scan	0.1.0+fae1124	33.883	150	431	450	0.0918	0.9659	1.2736	0.0579	0.0414		1.9898	20.6851	697.1998	1.9574	0.0026	present	399.293	399.29	390.5	390.53	0.1749	438.18	0.0502	396.55	508.67	424.91	490.61	333.7	425.56	413.21	539.22	325.16	419.15	339.07	431.08	294.2	377.04	399.47	428.53	158.281	NA	158.28	157.85	0.075	205.37	0.0275	138.68	178.85	136.24	179.6	9.909	9.91	9.95	9.96	0.12	9.86	0.0536	19.3517	1.101	48.5569	52.9991	11.7573	167.7119	0.2442	3.0405	0.5265	0.8365	0.4174	409.23	0.00328	0.0338	-1.00238	-0.55459	-0.04004	156.01	0.00485	0.0116	-0.03203	0.00259	0.01767	9.78	0.00281	0.077	0.26173	0.71673	-0.14452	16	-0.01806	0.00811	-0.07428	-0.11469	-0.01498	-0.09975	0.0468	0.03983	0.04477	0.02779	-0.01124	0.03669	-0.01956	-0.08581	-0.00843	0.00132	-0.10269	-0.03398	-0.05966	0.07204	-0.07105	-0.05379	-0.00604	0.01801	-0.00467	0.00864	0.00119	-0.04214	-0.01407	0.05968	-0.02684	0.02468	312.16	688651840	698097788	1000	/scratch.global/lanej/1000G/ngs_dose/1000G_highcov/crams/HG00404.cram	9ab0a0e8,a23ef9ed,7f3b4c3c	184ab16e		14	0.99759	0.998749	0.999632	0.999846	2.047	1.909	0.135	689.496	25.171	scan	F	CHS	EAS	F	0.99976	0.999861	0.99778	NA	0.12	1.1989	1.0383	391.9016	382.2444	466.7718	156.7743	9.7581	1.9927	708.8065	27.0537	382.9989	375.4475	446.0671	162.0636	9.8793	1.99	692.1856	46.5669	654.7825	1.9424	0.1136	29.9431	F	2504	
HG00405	scan	0.1.0+fae1124	36.039	150	448	450	0.0855	0.9635	1.2295	0.0608	0.0418		2.0158	30.4041	852.2939	1.9418	0.0014	present	432.573	432.57	417.17	420.95	0.1702	468.8	0.0484	416.43	551.29	443.27	506.67	355.0	462.02	433.45	582.26	341.75	451.14	360.71	455.7	319.91	421.94	428.86	458.81	140.322	NA	140.32	139.79	0.0865	178.97	0.0235	126.01	160.99	120.87	156.42	9.522	9.52	9.72	9.75	0.1256	9.65	0.0477	16.003	1.1418	48.5236	57.2625	11.2219	150.7145	0.2595	3.0165	0.5976	0.8167	0.5132	439.34	0.00226	0.0233	-0.60385	-0.28083	-0.13698	138.64	0.00768	0.0184	0.00536	-0.01482	-0.02225	9.55	0.00279	0.0764	-0.90095	0.30702	0.17513	16	-0.15364	0.06739	0.05753	0.05023	0.00358	0.03506	-0.06644	0.10513	-0.0156	0.08736	0.01761	-0.11046	0.03402	-0.05671	0.00294	0.08294	0.00678	0.01905	0.01896	-0.10256	0.02615	-0.01537	-0.08758	-0.06186	-0.03773	0.03208	-0.02488	-0.04771	-0.06705	-0.0295	0.03252	-0.02636	439.84	730496712	740543880	1000	/scratch.global/lanej/1000G/ngs_dose/1000G_highcov/crams/HG00405.cram	9ab0a0e8,a23ef9ed,7f3b4c3c	184ab16e		14	0.997386	0.99915	0.999555	0.999834	2.028	1.9	0.137	845.226	37.225	scan	F	CHS	EAS	F	0.999764	0.999872	0.997585	NA	-0.11	1.1533	1.0089	430.4717	424.6833	498.7144	134.862	9.6527	2.0117	883.2169	33.5944	423.5497	418.0553	481.2685	137.1277	9.7036	2.0111	878.1735	45.4858	788.6853	1.9382	0.1154	32.0826	F	698	
HG00406	scan	0.1.0+fae1124	36.594	150	447	450	0.0752	0.9698	1.2374	0.0709	0.0373		2.0006	10.9792	864.3274	0.9924	0.9834	present	529.985	529.99	515.23	525.69	0.2044	570.39	0.0473	531.02	676.08	550.75	622.97	430.65	544.18	551.4	713.02	422.1	539.19	444.49	553.07	394.07	500.66	527.46	558.47	187.591	NA	187.59	187.23	0.0713	236.9	0.0226	166.78	209.22	163.6	209.98	9.623	9.62	9.7	9.68	0.1189	9.61	0.0437	19.3325	16.7399	57.6587	74.9474	9.4194	147.3691	0.2571	2.6743	0.5227	0.7661	0.2595	547.77	0.00202	0.0208	-1.14427	-0.00149	-0.33537	185.09	0.00979	0.0234	-0.00607	0.04029	-0.01557	9.5	0.00274	0.0751	-0.04722	0.59568	0.42407	16	-0.38823	-0.07808	-0.08799	-0.05128	0.03008	0.10974	0.09721	-0.14359	0.0164	-0.033	0.0477	0.02462	0.01573	-0.04233	0.07823	-0.03403	-0.05173	-0.07693	-0.014	-0.07375	0.0677	-0.0717	-0.12539	-0.09861	0.00474	0.03392	-0.0153	-0.00947	0.03103	0.04691	-0.04289	0.03198	215.35	728606338	740073781	1000	/scratch.global/lanej/1000G/ngs_dose/1000G_highcov/crams/HG00406.cram	9ab0a0e8,a23ef9ed,7f3b4c3c	184ab16e		14	0.997647	0.998546	0.999631	0.999938	2.05	0.995	0.927	843.529	12.92	scan	M	CHS	EAS	M	0.999777	0.999968	0.997922	NA	-0.16	1.1373	1.0054	580.22	563.1356	660.0763	188.8138	9.5805	1.9981	870.3852	14.6637	540.7615	525.7677	612.9851	184.9152	9.7383	1.9982	989.4606	15.445	787.6316	1.0176	0.9168	32.7427	M	2504	
HG00407	scan	0.1.0+fae1124	39.381	150	436	450	0.0968	0.9621	1.2879	0.0661	0.0515		2.0026	41.0901	773.1963	1.9186	0.0029	present	599.044	599.04	578.31	575.92	0.1839	651.8	0.0607	584.01	771.25	624.34	718.76	499.32	651.85	606.51	806.27	477.75	629.05	503.46	641.29	443.97	585.56	592.16	635.45	151.833	NA	151.83	150.53	0.0743	195.42	0.0302	141.27	181.61	135.23	176.23	9.476	9.48	9.67	9.69	0.1188	9.59	0.058	13.9727	1.3943	50.4139	47.9794	10.2582	150.1731	0.2383	2.9698	0.5305	0.8247	0.6834	612.85	0.00265	0.0273	-1.03619	-0.18786	-0.32318	148.81	0.009	0.0216	-0.00287	0.04541	-0.0228	9.51	0.00277	0.076	-0.93014	-0.4957	0.33453	16	0.27677	0.03413	0.09458	0.01503	0.02557	-0.02173	-0.11608	0.03511	-0.03765	-0.05632	0.01163	0.01955	0.06936	0.03276	-0.03269	-0.03705	-0.05593	0.01943	-0.10602	0.0566	0.08239	-0.07013	-0.13556	-0.03557	0.02661	0.0503	-0.09691	-0.03753	0.03491	0.07322	-0.0491	0.03493	329.96	796606866	807422425	1000	/scratch.global/lanej/1000G/ngs_dose/1000G_highcov/crams/HG00407.cram	9ab0a0e8,a23ef9ed,7f3b4c3c	184ab16e		14	0.997681	0.999172	0.999624	0.999931	2.054	1.848	0.128	754.919	49.528	scan	F	CHS	EAS	F	0.99972	0.999947	0.997889	NA	-0.15	1.1728	1.0187	585.4989	572.7628	683.0935	151.5648	9.5185	2.0078	772.259	43.3358	577.2613	566.6695	662.2052	140.8441	9.5846	2.0083	870.1157	45.586	707.1123	1.8876	0.1068	34.4785	F	2504	
HG00408	scan	0.1.0+fae1124	37.181	150	444	450	0.091	0.973	1.1954	0.0783	0.0486		1.9827	49.4601	652.6661	1.9278	0.0017	present	646.354	646.35	631.14	639.73	0.1822	685.57	0.0573	635.88	781.56	670.71	736.55	552.31	669.01	695.86	871.31	537.85	660.58	557.47	667.73	500.73	610.07	644.27	674.17	169.091	NA	169.09	168.79	0.071	204.75	0.0252	162.04	196.88	144.01	176.26	9.959	9.96	10.1	10.1	0.1162	10.04	0.0531	22.5522	1.4291	63.1527	49.8541	11.2275	162.4807	0.2532	2.4883	0.5083	0.8175	0.5355	666.5	0.00349	0.036	-1.02433	-0.28433	-0.46722	166.39	0.00719	0.0172	-0.04034	0.00725	0.02748	9.95	0.00266	0.073	-0.38836	0.24558	0.15853	16	0.22971	-0.02373	-0.02878	-0.11582	0.03155	-0.03444	0.04486	0.02428	-0.02923	-0.02114	-0.00384	0.06909	0.05666	-0.01959	0.07625	-0.00994	0.12611	0.12189	0.04582	-0.13201	-0.01156	-0.06374	0.07216	-0.03855	-0.01138	0.06765	-0.04972	0.01458	0.04336	0.01549	-0.05555	-0.10661	353.85	755902162	766426152	1000	/scratch.global/lanej/1000G/ngs_dose/1000G_highcov/crams/HG00408.cram	9ab0a0e8,a23ef9ed,7f3b4c3c	184ab16e		14	0.997905	0.999143	0.999624	0.999965	2.098	1.884	0.133	652.303	56.665	scan	F	CHS	EAS	F	0.999821	0.999965	0.998092	NA	0.29	1.1051	1.0063	640.2568	620.7907	701.8053	170.4701	9.9073	1.9868	716.8898	63.0151	614.5407	600.9265	698.7281	166.0586	9.8681	1.9825	678.497	78.3176	617.3798	1.9186	0.1124	32.9314	F	698	
HG00409	scan	0.1.0+fae1124	32.72	150	430	450	0.0663	0.9675	1.2382	0.0606	0.0461		2.0043	79.5541	727.9944	0.9906	0.9684	present	396.337	396.34	383.86	385.24	0.1648	425.09	0.0405	385.88	480.0	410.99	467.9	332.18	411.13	413.69	525.0	318.02	397.95	331.41	409.45	300.49	371.67	393.3	418.91	151.297	NA	151.3	147.41	0.0745	189.93	0.0237	135.57	169.25	128.34	163.28	9.648	9.65	9.73	9.76	0.1206	9.65	0.0374	17.27	9.2126	33.0047	64.5604	9.1486	144.1255	0.2433	2.89	0.5315	0.7588	0.2746	401.97	0.00252	0.026	-0.14816	-0.19669	-0.13021	149.44	0.00701	0.0168	-0.04948	0.0224	-0.04848	9.58	0.00259	0.071	-0.44885	0.00013	0.1864	16	0.03879	-0.08871	-0.06166	0.00484	0.01027	0.15101	-0.02432	-0.07461	0.04431	0.05828	0.01971	0.00304	0.02528	0.03945	0.01892	-0.01298	0.05316	-0.03378	-0.06403	0.00596	0.085	-0.11041	0.08677	0.00375	0.0203	-0.04766	0.05493	-0.05177	-0.00907	-0.0417	0.11166	0.01827	271.08	646968812	655862017	1000	/scratch.global/lanej/1000G/ngs_dose/1000G_highcov/crams/HG00409.cram	9ab0a0e8,a23ef9ed,7f3b4c3c	184ab16e		14	0.997355	0.998761	0.999668	0.999893	1.998	0.985	0.765	709.308	94.251	scan	M	CHS	EAS	M	0.999669	0.999914	0.99772	NA	-0.08	1.164	1.0224	409.9214	404.2867	477.1411	150.4077	9.5413	2.0041	734.5973	58.6898	418.947	415.6022	476.9035	151.8229	9.4918	2.0041	715.7171	47.0039	671.3024	1.0114	0.766	29.346	M	2504	
HG00410	scan	0.1.0+fae1124	37.235	150	435	450	0.0667	0.9562	1.3046	0.0677	0.0381		2.0043	13.4345	762.5232	1.9392	0.0025	present	556.239	556.24	539.61	543.17	0.1664	618.89	0.0456	534.16	736.08	572.86	673.15	446.55	603.36	540.95	757.78	432.36	593.31	460.99	606.84	406.09	555.36	557.76	604.29	208.926	NA	208.93	206.61	0.0869	277.92	0.0232	177.72	237.68	175.67	236.69	9.491	9.49	9.58	9.59	0.1172	9.49	0.0371	18.5892	1.7228	51.3105	59.4029	10.0454	141.2186	0.2582	3.0475	0.552	0.8527	0.4263	565.21	0.002	0.0207	0.00546	-0.28777	-0.1069	206.24	0.00897	0.0215	-0.00649	-0.01795	-0.02482	9.4	0.00259	0.0709	-0.25539	0.16664	0.31524	16	-0.28303	0.00147	0.03149	-0.02697	-0.04784	-0.0087	0.09179	-0.01879	0.06586	0.06419	-0.00209	-0.02792	0.00203	-0.10921	-0.07376	-0.01182	0.08659	-0.01139	-0.04195	-0.04553	-0.03213	0.00077	0.03593	-0.02318	0.0169	-0.00167	-0.00413	0.02089	0.06394	0.04772	-0.04103	-0.00383	351.41	748491120	759686458	1000	/scratch.global/lanej/1000G/ngs_dose/1000G_highcov/crams/HG00410.cram	9ab0a0e8,a23ef9ed,7f3b4c3c	184ab16e		14	0.997543	0.999438	0.999639	0.999832	2.0	1.871	0.138	749.727	16.597	scan	F	CHS	EAS	F	0.999705	0.999842	0.997787	NA	-0.26	1.191	1.0135	572.7041	564.7853	678.5566	203.0784	9.5252	2.0014	708.0012	17.4254	573.402	566.3563	648.1855	216.1533	9.5546	2.0026	784.389	32.3636	708.1315	1.9234	0.115	33.41	F	2504	
HG00418	scan	0.1.0+fae1124	38.26	150	435	450	0.0718	0.9571	1.2886	0.0751	0.082		2.007	54.5318	771.3873	0.9807	0.9763	present	488.802	488.8	463.87	464.79	0.189	527.66	0.0482	458.99	614.11	502.31	586.64	383.07	507.24	468.61	637.9	371.82	498.47	399.5	518.36	343.05	456.51	478.28	516.55	188.254	NA	188.25	187.01	0.0819	247.58	0.0225	175.92	230.68	157.39	210.04	10.068	10.07	10.33	10.36	0.1226	10.23	0.0423	15.3611	8.6212	35.328	62.3359	8.4118	158.5102	0.2513	2.9971	0.5531	0.6946	0.8528	492.33	0.00292	0.0301	-0.58495	0.13859	-0.14671	186.71	0.00591	0.0141	-0.02102	-0.02381	0.00892	10.18	0.00269	0.0738	-1.07627	-0.02708	0.77811	16	1.04905	-0.09426	-0.09306	-0.03413	-0.18521	0.09101	0.10055	-0.08107	0.13744	0.11536	0.03356	-0.14534	-0.05779	0.12313	-0.05631	-0.09007	0.04162	-0.12207	-0.00668	0.08146	0.04759	0.03813	0.02022	0.0411	0.00644	-0.11375	-0.02327	-0.05936	-0.07282	0.039	-0.09082	-0.01046	446.76	759570554	769830671	1000	/scratch.global/lanej/1000G/ngs_dose/1000G_highcov/crams/HG00418.cram	9ab0a0e8,a23ef9ed,7f3b4c3c	184ab16e		14	0.997736	0.999083	0.999713	0.999915	2.04	0.969	0.681	757.48	59.735	scan	M	CHS	EAS	M	0.999863	0.999942	0.998113	NA	0.52	1.1916	1.0203	513.5609	509.5028	598.657	184.1333	9.8942	2.0145	783.8195	21.865	492.5597	488.8384	571.1883	174.9265	9.9032	2.0165	836.5228	11.9658	706.3332	0.9888	0.6776	34.4439	M	698	
HG00419	scan	0.1.0+fae1124	37.252	150	436	450	0.0962	0.9707	1.2337	0.0655	0.0395		1.9863	68.1685	1433.1804	1.9337	0.0022	present	691.808	691.81	664.84	668.66	0.1803	718.06	0.0587	669.9	757.67	704.64	791.22	534.08	604.47	626.05	736.07	527.03	604.84	549.67	653.98	481.29	533.5	687.13	724.55	164.538	NA	164.54	162.58	0.0787	200.66	0.0274	143.33	174.76	140.4	172.16	9.789	9.79	9.85	9.87	0.1145	9.79	0.057	14.3965	1.4939	44.3575	56.5861	7.7932	164.9307	0.2346	3.0541	0.6342	0.7084	0.7832	699.65	0.00334	0.0345	-0.63492	-0.04851	0.22077	162.67	0.00867	0.0208	-0.00981	-0.00443	-0.00641	9.7	0.00271	0.0743	0.12701	0.54744	0.32391	16	-0.09508	-0.01393	-0.02806	-0.17678	0.01439	-0.04396	-0.02199	0.06741	-0.01462	0.08615	-0.04762	-0.0329	0.0274	0.11396	0.03699	0.02075	-0.10491	-0.07473	-0.0081	0.01454	0.06575	-0.12788	0.06999	-0.0213	0.06214	0.0906	-0.0226	-0.01449	0.19005	-0.00451	-0.05002	0.03795	495.25	758123382	769675816	1000	/scratch.global/lanej/1000G/ngs_dose/1000G_highcov/crams/HG00419.cram	9ab0a0e8,a23ef9ed,7f3b4c3c	184ab16e		14	0.997117	0.998723	0.999368	0.999803	1.999	1.901	0.14	1417.438	79.489	scan	F	CHS	EAS	F	0.999545	0.999793	0.997548	NA	0.04	1.1309	1.0071	662.8948	657.2205	742.5227	163.1176	9.723	1.9878	1345.1521	59.4593	661.8892	650.7232	755.5586	155.1027	9.7558	1.989	1043.0357	74.6204	1264.2938	1.939	0.115	32.697	F	2504	
HG00420	scan	0.1.0+fae1124	36.892	150	441	450	0.0888	0.9669	1.2653	0.0643	0.0453		2.0017	44.3919	761.9887	0.9795	0.9738	present	623.687	623.69	606.83	613.32	0.1555	679.12	0.0565	614.05	796.81	644.99	736.5	533.76	690.41	648.43	857.81	511.53	668.59	536.05	678.22	491.34	633.15	619.59	661.3	151.169	NA	151.17	151.4	0.0686	193.61	0.0274	140.85	178.25	127.11	165.6	9.569	9.57	9.74	9.73	0.1196	9.66	0.0537	14.496	8.6973	43.256	72.1663	7.6306	152.9609	0.2334	3.3421	0.6899	0.6618	0.5771	636.18	0.00367	0.0379	-0.77662	-0.49762	-0.22756	151.88	0.0115	0.0275	-0.07509	-0.00985	0.00719	9.53	0.00283	0.0777	-0.64875	0.22305	0.55226	16	-0.00849	0.09568	0.04642	0.03621	-0.04332	0.02199	0.05537	0.08702	-0.04845	-0.02417	-0.00385	-0.05297	0.07605	-0.01824	-0.01797	-0.04472	-0.0035	-0.01042	-0.11387	-0.03944	-0.0556	-0.10745	-0.05566	0.05728	0.05123	0.0609	-0.00634	-0.08281	0.0523	-0.05603	-0.04446	0.08225	284.12	734622878	746105717	1000	/scratch.global/lanej/1000G/ngs_dose/1000G_highcov/crams/HG00420.cram	9ab0a0e8,a23ef9ed,7f3b4c3c	184ab16e		14	0.997739	0.998804	0.999531	0.999664	2.023	0.989	0.726	749.676	51.929	scan	M	CHS	EAS	M	0.999687	0.999676	0.99791	NA	-0.13	1.1577	1.0138	632.3843	622.6186	726.8417	151.0514	9.6588	2.0011	773.6488	49.4722	566.7056	561.6883	640.1941	158.9631	9.6586	2.0027	714.8793	60.3573	706.1241	1.0076	0.7226	32.6907	M	698	
HG00421	scan	0.1.0+fae1124	38.639	150	427	450	0.0841	0.9589	1.2912	0.0808	0.0457		1.9903	31.6588	756.7669	0.9842	0.9684	present	418.139	418.14	399.48	403.58	0.1798	448.54	0.0494	398.13	493.0	425.1	496.72	310.59	383.84	388.61	494.26	309.35	386.73	326.23	411.43	278.71	341.34	415.13	449.18	214.176	NA	214.18	211.88	0.083	275.72	0.0304	198.57	254.82	180.84	235.1	9.825	9.83	9.97	9.99	0.1164	9.89	0.0507	22.0715	18.0355	39.9675	86.162	11.2832	164.1159	0.2528	2.4828	0.5978	0.8116	0.3339	417.96	0.00289	0.0298	0.19247	-0.07911	0.44524	211.9	0.0029	0.007	-0.02605	-0.02604	-0.00372	9.8	0.00249	0.0684	-0.3006	0.226	0.41655	16	0.14974	0.04866	0.08973	-0.06724	0.04512	0.00405	0.15638	-0.24664	0.04728	0.04063	0.09285	-0.06823	0.05331	-0.04958	-0.03024	-0.02257	-0.0228	0.05779	-0.06245	0.11931	-0.03602	-0.01595	-0.0088	0.00729	0.08887	-0.04797	-0.07528	-0.02109	-0.01798	-0.05479	-0.06713	0.0262	226.82	774491732	787421949	1000	/scratch.global/lanej/1000G/ngs_dose/1000G_highcov/crams/HG00421.cram	9ab0a0e8,a23ef9ed,7f3b4c3c	184ab16e		14	0.997581	0.998746	0.999446	0.999799	2.029	0.989	1.027	752.352	39.333	scan	M	CHS	EAS	M	0.999512	0.99986	0.997863	NA	0.14	1.1884	1.0171	449.6838	450.5418	525.6077	214.165	9.844	1.9939	685.6028	52.0774	402.6759	402.0726	464.1792	209.7537	9.9628	1.996	680.0292	50.8847	705.1427	1.0058	1.007	34.3394	M	2504	
HG00422	scan	0.1.0+fae1124	38.654	150	433	450	0.0676	0.9697	1.2204	0.068	0.0444		2.0047	25.93	736.9013	1.9255	0.0028	present	428.304	428.3	404.32	400.84	0.1943	437.53	0.0415	392.71	444.86	430.53	481.8	302.51	344.07	385.95	453.41	299.35	344.68	332.02	393.21	276.65	308.1	421.06	445.35	152.027	NA	152.03	150.62	0.0969	184.18	0.0201	146.78	176.65	134.08	163.88	9.603	9.6	9.74	9.76	0.1104	9.69	0.0378	18.2638	1.7389	55.0769	65.2519	10.7615	153.0468	0.2557	3.5412	0.5552	0.7984	0.2253	423.81	0.0048	0.0495	-0.55373	-0.12426	0.58515	151.81	0.0091	0.0218	0.05812	-0.01634	-0.01483	9.57	0.00234	0.0641	0.19844	0.27448	0.00526	16	0.00794	0.07138	0.06088	-0.0197	0.06645	0.05803	-0.01827	0.07039	-0.00559	-0.05503	0.04755	-0.00777	-0.01618	0.02541	0.00394	0.04084	0.01558	0.04799	-0.05856	-0.06783	0.04561	-0.09415	0.06855	0.08511	0.01592	0.03907	0.011	0.01359	0.03847	0.03048	0.11506	0.05965	465.81	784967940	797007209	1000	/scratch.global/lanej/1000G/ngs_dose/1000G_highcov/crams/HG00422.cram	9ab0a0e8,a23ef9ed,7f3b4c3c	184ab16e		14	0.997265	0.998111	0.999544	0.999831	2.082	1.881	0.147	732.932	29.078	scan	F	CHS	EAS	F	0.999575	0.999868	0.997605	NA	-0.09	1.1368	1.0159	415.1849	419.7836	474.1915	149.3246	9.6231	2.0051	756.8335	30.1887	407.3896	408.7038	468.4112	165.3401	9.6917	2.0025	735.6115	53.7111	681.4438	1.9194	0.1186	34.9053	F	2504	
HG00423	scan	0.1.0+fae1124	37.243	150	446	450	0.0958	0.9664	1.2555	0.0548	0.0523		2.0111	68.5654	828.3382	1.9261	0.0019	present	356.992	356.99	347.67	346.62	0.1478	390.49	0.0507	345.65	463.33	367.42	416.82	293.18	386.16	346.34	462.69	287.78	381.88	299.22	376.87	263.7	354.69	358.28	382.41	264.546	NA	264.55	265.5	0.0621	334.68	0.0324	242.21	307.22	223.76	286.55	9.588	9.59	9.77	9.79	0.112	9.69	0.0568	16.6223	2.018	41.906	69.7563	10.4061	154.8729	0.2347	2.935	0.6391	0.7565	0.6328	362.03	0.0034	0.0351	-0.38574	-0.76105	0.21317	262.55	0.01065	0.0255	-0.06526	0.01233	0.03099	9.59	0.00262	0.0719	0.27854	0.47614	0.16795	16	0.11019	0.06723	0.18393	0.05173	-0.09753	0.09603	0.04595	0.05148	0.14028	0.06168	0.04473	0.03234	0.01608	-0.02153	-0.16869	0.05779	-0.00174	0.05685	0.00475	-0.025	0.09355	0.02236	-0.00369	0.0182	0.06281	0.09856	0.03305	-0.02418	0.00386	0.04679	0.01844	0.04806	228.03	755744580	767967552	1000	/scratch.global/lanej/1000G/ngs_dose/1000G_highcov/crams/HG00423.cram	9ab0a0e8,a23ef9ed,7f3b4c3c	184ab16e		14	0.997707	0.999051	0.999351	0.999764	2.031	1.88	0.142	825.483	81.873	scan	F	CHS	EAS	F	0.9997	0.999792	0.997914	NA	-0.07	1.1513	1.0149	367.736	361.7329	424.5724	246.3724	9.6899	2.0106	786.5631	62.8405	328.8622	327.5392	373.5656	241.3294	9.6312	2.0102	722.2442	74.893	772.0649	1.9176	0.119	32.7811	F	698	
HG00427	scan	0.1.0+fae1124	39.721	150	446	450	0.0772	0.959	1.2903	0.0548	0.04		1.9912	19.4427	893.9845	0.9814	0.9759	present	432.711	432.71	418.23	424.08	0.1865	475.74	0.0481	426.99	575.13	446.65	520.62	337.31	449.34	407.41	561.52	324.45	438.84	347.24	453.78	300.79	402.38	432.74	466.18	160.379	NA	160.38	158.04	0.082	212.95	0.0215	148.65	196.22	137.51	186.0	9.426	9.43	9.56	9.59	0.1299	9.47	0.0445	15.4435	13.9361	32.3228	84.0144	8.4268	148.0972	0.2591	3.4987	0.5929	0.6902	0.3513	439.55	0.00299	0.0308	-0.3445	-0.02044	0.13392	158.59	0.00332	0.0079	0.00712	-0.00374	0.0071	9.4	0.00282	0.0774	-0.89598	0.30008	0.56293	16	-0.20619	0.05465	0.0808	-0.01532	-0.06921	0.04274	0.01061	0.04683	0.09395	0.05872	0.03009	-0.06598	0.0595	-0.01617	-0.04718	0.05279	0.01025	0.05664	-0.03267	-0.04491	0.05588	0.00072	-0.02953	0.05428	0.0117	0.03296	-0.089	-0.01769	-0.01088	-0.0197	0.03684	-0.02453	441.65	788648140	801665676	1000	/scratch.global/lanej/1000G/ngs_dose/1000G_highcov/crams/HG00427.cram	9ab0a0e8,a23ef9ed,7f3b4c3c	184ab16e		14	0.997669	0.998332	0.999579	0.999874	1.999	0.983	0.9	880.179	24.849	scan	M	CHS	EAS	M	0.999709	0.999869	0.997878	NA	-0.26	1.1844	1.0162	447.2066	441.4899	528.5284	152.8967	9.5446	1.9897	856.1156	21.5614	419.4557	415.7148	479.5519	151.7463	9.541	1.9901	1030.5572	20.9861	815.496	1.0072	0.89	35.4835	M	698	
HG00428	scan	0.1.0+fae1124	35.738	150	432	450	0.0822	0.9782	1.1656	0.0595	0.059		1.9943	31.7874	911.5815	1.918	0.0032	present	488.1	488.1	462.35	459.66	0.2101	479.08	0.0475	435.01	424.94	482.81	521.4	324.27	325.92	414.59	420.51	336.26	338.37	367.01	398.65	290.75	278.0	484.66	502.52	204.626	NA	204.63	199.86	0.0992	227.62	0.0212	183.05	200.8	179.7	199.83	9.715	9.71	9.88	9.84	0.1119	9.85	0.0482	18.1269	1.479	44.5954	49.8395	9.0468	153.7181	0.2169	3.2978	0.4987	0.7178	0.4575	483.36	0.00667	0.0687	-0.69861	-0.06894	0.83877	199.86	0.01557	0.0373	0.08649	0.00661	-0.0123	9.71	0.00255	0.0699	-0.15925	-0.46346	-0.03101	16	0.50726	0.07114	0.10034	-0.05688	0.03209	0.10938	-0.07556	0.00883	-0.01625	-0.01376	-0.02731	-0.00221	-0.03656	0.07848	-0.05349	0.12238	-0.00368	0.03819	0.0239	0.05823	-0.12039	-0.03088	0.04269	0.00534	0.02147	-0.03533	-0.018	-0.03549	-0.04106	-0.09272	-0.0391	0.00679	262.18	726527808	736098968	1000	/scratch.global/lanej/1000G/ngs_dose/1000G_highcov/crams/HG00428.cram	9ab0a0e8,a23ef9ed,7f3b4c3c	184ab16e		14	0.996804	0.998853	0.999343	0.999803	2.061	1.879	0.124	885.527	35.532	scan	F	CHS	EAS	F	0.99967	0.999809	0.997324	NA	0.05	1.0787	0.9989	473.3978	474.6662	518.3371	194.7717	9.6501	1.9989	958.5841	29.7445	476.6419	473.4485	546.9963	209.6312	9.7321	1.9982	853.1622	29.1292	814.0641	1.912	0.0998	31.8501	F	2504	
HG00429	scan	0.1.0+fae1124	38.069	150	445	450	0.0977	0.9711	1.2198	0.057	0.0412		1.9945	18.6084	860.6085	0.9884	0.9768	present	477.138	477.14	466.44	473.21	0.1462	517.58	0.0546	467.98	601.34	490.06	554.28	404.15	508.29	490.51	636.9	383.5	488.96	404.59	499.64	350.42	448.87	478.92	508.71	161.702	NA	161.7	162.27	0.06	201.62	0.0252	148.48	187.08	142.43	179.22	9.66	9.66	9.81	9.82	0.1214	9.74	0.0581	14.2387	12.951	35.2077	83.0295	9.0553	137.6951	0.2578	3.3955	0.5357	0.7609	0.3795	485.07	0.00355	0.0366	-0.13996	-0.63133	-0.00412	160.77	0.00665	0.0159	-0.0436	0.04171	0.01346	9.68	0.00274	0.0752	-0.84635	-0.47909	-0.03392	16	-0.07559	0.01752	-0.03428	-0.08832	0.03449	-0.02122	-0.09426	0.08301	0.09715	0.06641	0.0777	-0.00706	0.06135	-0.04025	-0.02653	0.02379	-0.03846	-0.09959	-0.00589	0.04153	-0.07536	0.01704	-0.07943	-0.01125	0.02055	-0.09303	0.05592	0.02855	-0.03636	0.05894	0.02879	0.06747	302.46	754432716	766432484	1000	/scratch.global/lanej/1000G/ngs_dose/1000G_highcov/crams/HG00429.cram	9ab0a0e8,a23ef9ed,7f3b4c3c	184ab16e		14	0.997968	0.998635	0.999632	0.99993	2.002	0.981	0.894	854.519	22.147	scan	M	CHS	EAS	M	0.999807	0.999932	0.998137	NA	0.02	1.1427	1.0103	460.8773	454.5642	522.0023	160.2533	9.6972	1.9982	837.2209	22.5367	448.9528	444.8784	509.6323	153.6049	9.7059	1.9948	846.3944	28.6315	800.123	1.0058	0.8974	33.2299	M	698	
HG00436	scan	0.1.0+fae1124	34.273	150	414	400	0.0777	0.9575	1.2461	0.0691	0.041		1.9835	17.7872	1331.7865	0.9972	0.9642	present	478.328	478.33	465.52	474.15	0.1482	529.2	0.0466	454.88	614.37	496.08	570.6	378.71	497.36	493.39	668.41	390.89	525.65	412.38	526.33	347.25	466.03	480.16	518.46	181.043	NA	181.04	181.13	0.0646	232.93	0.0237	172.71	221.46	158.16	204.75	9.635	9.63	9.81	9.87	0.1269	9.74	0.0461	23.067	19.2743	55.3415	90.465	11.3389	149.4824	0.2494	2.7301	0.6391	0.8134	0.5216	485.29	0.00439	0.0453	0.05385	-0.56561	-0.10434	180.84	0.00781	0.0187	-0.04028	0.03576	-0.00222	9.72	0.00307	0.0842	-1.52092	-0.24359	0.47491	16	-0.07832	0.0428	0.15369	-0.20209	0.24082	-0.04253	-0.1508	-0.20561	-0.019	-0.02472	-0.11949	0.07309	0.01554	0.02411	0.0731	-0.05998	0.03639	0.04687	-0.0065	-0.00442	-0.06171	0.03819	0.04294	0.01899	0.02173	-0.03385	-0.00459	-0.05954	-0.02181	0.03586	0.01594	-0.06976	247.72	687254604	698830244	1000	/scratch.global/lanej/1000G/ngs_dose/1000G_highcov/crams/HG00436.cram	9ab0a0e8,a23ef9ed,7f3b4c3c	184ab16e		14	0.99786	0.99901	0.999445	0.999816	2.089	0.982	1.04	1332.479	21.795	scan	M	CHS	EAS	M	0.999711	0.999862	0.998028	NA	0.06	1.1758	1.0222	452.3226	446.6737	522.0293	199.4227	9.8159	1.9911	1185.186	27.5123	455.8652	455.8327	519.7865	196.3213	9.7233	1.989	928.7869	35.1024	1199.4416	1.0006	1.021	30.5604	M	2504	
HG00437	scan	0.1.0+fae1124	36.515	150	427	450	0.1071	0.9652	1.2422	0.0663	0.039		2.0064	25.8708	793.3619	1.9432	0.0026	present	451.627	451.63	427.27	435.17	0.2103	466.63	0.0598	420.34	486.17	455.57	516.67	323.44	378.11	415.53	492.57	328.83	386.36	355.23	425.39	300.06	342.74	443.32	471.83	142.116	NA	142.12	141.65	0.0768	173.17	0.0352	133.91	161.52	120.17	147.37	9.492	9.49	9.51	9.54	0.12	9.46	0.0618	17.3185	1.4572	41.3033	53.1236	8.6041	154.4015	0.2217	3.264	0.5318	0.6907	0.4186	450.85	0.00436	0.045	-0.58497	0.39855	0.08907	140.04	0.00685	0.0164	-0.01311	0.00517	0.02243	9.38	0.00296	0.0812	0.35548	0.38652	0.23927	16	-0.33499	0.01338	0.09479	0.02107	0.06547	0.09166	-0.06455	0.0424	-0.09254	-0.05285	0.00265	-0.00033	0.0661	0.07917	-0.06755	0.06403	0.01412	-0.00945	-0.08774	0.03819	0.02424	0.00614	0.03783	-0.15611	0.0499	-0.10258	0.07342	0.01173	0.03744	-0.05257	-0.03077	-0.01342	228.48	735264188	745993548	1000	/scratch.global/lanej/1000G/ngs_dose/1000G_highcov/crams/HG00437.cram	9ab0a0e8,a23ef9ed,7f3b4c3c	184ab16e		14	0.99743	0.998691	0.999606	0.999937	2.011	1.884	0.137	774.292	30.244	scan	F	CHS	EAS	F	0.999621	0.999958	0.997682	NA	-0.28	1.146	1.0105	450.7374	451.441	525.9637	136.3353	9.5303	2.0027	728.9893	29.8277	490.0688	488.5526	574.7022	143.1296	9.509	2.0014	749.328	52.1197	725.9538	1.9318	0.1144	31.493	F	2504	
HG00438	scan	0.1.0+fae1124	37.114	150	449	450	0.0935	0.9669	1.2329	0.0577	0.0421		1.9938	33.7554	945.0519	1.9234	0.002	present	519.381	519.38	502.72	510.78	0.1723	559.76	0.0547	510.41	659.43	529.69	601.8	435.17	556.3	548.45	716.16	428.14	552.8	439.34	547.15	381.66	492.1	514.31	547.17	195.74	NA	195.74	196.98	0.0679	246.03	0.0278	185.39	232.31	162.97	207.68	9.466	9.47	9.64	9.66	0.1277	9.57	0.0542	19.2203	1.5124	48.8399	52.1947	10.8834	145.8561	0.2546	3.4321	0.5418	0.7592	0.4034	527.36	0.00297	0.0306	-0.29972	-0.05316	-0.40108	195.14	0.01667	0.0399	-0.07704	0.00255	0.01422	9.51	0.00254	0.0697	-0.9479	-0.11359	0.31946	16	-0.20283	0.17369	0.16895	0.06218	0.03414	0.0041	-0.1495	0.16957	0.01378	0.09364	0.04049	-0.02591	0.07603	-0.05708	-0.00314	0.06497	-0.04433	-0.03435	-0.03827	-0.03658	0.04984	-0.00631	-0.03377	0.08784	0.04686	0.03008	0.00435	-0.04148	-0.02795	0.00246	0.02356	-0.07594	377.17	749964702	760401407	1000	/scratch.global/lanej/1000G/ngs_dose/1000G_highcov/crams/HG00438.cram	9ab0a0e8,a23ef9ed,7f3b4c3c	184ab16e		14	0.997666	0.998846	0.999576	0.999898	2.051	1.874	0.135	930.826	40.152	scan	F	CHS	EAS	F	0.999692	0.999908	0.997993	NA	-0.15	1.1412	1.0044	491.4811	485.9899	558.0524	192.01	9.6892	1.9926	968.6301	39.4396	499.8181	494.8373	561.4407	191.4678	9.7001	1.9903	937.5477	38.1952	866.846	1.9158	0.1144	32.6852	F	698	
HG00442	scan	0.1.0+fae1124	38.657	150	432	450	0.0789	0.9663	1.2407	0.0635	0.0401		2.007	12.5555	878.2811	0.9905	0.9861	present	581.959	581.96	566.74	570.92	0.1705	632.95	0.0522	550.04	711.84	591.63	676.83	458.45	592.19	590.01	772.59	456.89	594.78	483.37	608.38	424.55	550.48	587.65	626.13	212.28	NA	212.28	212.06	0.0755	270.81	0.0247	205.54	258.27	182.28	237.16	9.492	9.49	9.56	9.6	0.1109	9.48	0.0451	13.3803	8.6663	44.2377	51.3288	9.1335	139.0655	0.2568	4.4102	0.6898	0.7221	0.5333	592.97	0.00221	0.0228	0.16968	-0.13159	-0.15188	209.76	0.00718	0.0172	-0.02044	0.01784	-0.0075	9.39	0.00253	0.0694	0.56042	0.21792	-0.11063	16	-0.16572	0.03116	0.08343	0.04308	0.02286	0.04138	-0.00863	-0.04119	-0.0194	0.03645	0.06143	-0.00999	-0.02297	-0.03739	-0.01091	0.02519	0.04659	-0.08487	-0.02353	-0.01727	-0.03353	0.053	-0.03032	0.10226	0.09525	-0.0414	-0.07381	0.0143	-0.01642	0.08163	-0.00218	0.07753	325.1	761841362	771208998	1000	/scratch.global/lanej/1000G/ngs_dose/1000G_highcov/crams/HG00442.cram	9ab0a0e8,a23ef9ed,7f3b4c3c	184ab16e		14	0.997458	0.998821	0.99962	0.999923	2.019	0.978	0.697	856.733	14.775	scan	M	CHS	EAS	M	0.999727	0.999934	0.997788	NA	-0.27	1.1414	0.9977	597.5061	586.8948	684.2057	207.6548	9.4707	2.0044	865.4396	14.7016	581.3029	573.3105	655.3331	226.1972	9.5806	2.0063	907.0313	18.2898	795.6936	1.0034	0.7012	34.2826	M	2504	
HG00443	scan	0.1.0+fae1124	40.112	150	424	400	0.0978	0.9648	1.267	0.0575	0.0457		1.9943	17.5613	836.447	1.9131	0.003	present	540.092	540.09	529.01	538.48	0.1868	592.57	0.0594	530.12	692.51	572.3	651.95	452.52	556.76	555.3	736.58	446.16	581.38	465.11	584.2	417.22	530.86	542.0	580.02	130.575	NA	130.57	131.92	0.0694	166.96	0.029	116.37	148.08	110.48	142.07	9.717	9.72	9.87	9.92	0.1292	9.8	0.0566	16.0559	1.4255	55.9477	55.0754	9.2036	159.18	0.2381	2.7103	0.6531	0.7247	0.4823	558.55	0.00269	0.0277	-1.21238	-0.38633	-0.29912	131.51	0.00743	0.0178	-0.06481	0.0015	-0.00279	9.75	0.00273	0.0748	-1.85215	0.01557	0.39149	16	0.10299	0.02375	0.07644	-0.17955	-0.01871	-0.09561	-0.01984	-0.03111	-0.12617	-0.06289	-0.02567	-0.0417	0.05867	0.03983	0.01992	-0.01662	0.02325	0.05858	-0.06759	0.00832	0.0651	0.04602	-0.02427	0.00061	-0.09838	-0.05699	-0.05698	0.10987	0.07859	0.01669	0.05601	-0.0701	293.59	812240132	823334009	1000	/scratch.global/lanej/1000G/ngs_dose/1000G_highcov/crams/HG00443.cram	9ab0a0e8,a23ef9ed,7f3b4c3c	184ab16e		14	0.997457	0.99886	0.999449	0.99978	2.074	1.863	0.127	833.443	20.868	scan	F	CHS	EAS	F	0.999635	0.999832	0.997839	NA	0.09	1.1672	1.0246	544.5321	527.9699	630.6406	135.4111	9.8489	1.9997	804.8355	29.084	499.4878	489.8301	565.4515	124.21	9.7443	2.0025	701.0906	27.2352	775.1638	1.9016	0.1066	35.0548	F	2504	
HG00444	scan	0.1.0+fae1124	37.396	150	441	450	0.0922	0.9768	1.1976	0.0596	0.0362		2.0105	32.0946	773.8084	1.0026	0.9792	present	730.313	730.31	716.56	722.81	0.1578	780.87	0.0614	708.27	893.25	745.4	818.54	609.09	754.17	756.01	960.91	598.22	749.53	626.11	754.19	563.25	709.09	736.66	769.73	146.954	NA	146.95	147.02	0.0608	178.29	0.0266	135.88	165.42	131.35	161.41	9.592	9.59	9.7	9.71	0.123	9.64	0.0535	15.3096	8.9235	68.0341	54.5538	10.0302	150.6273	0.246	3.138	0.7033	0.7629	0.4923	744.58	0.00401	0.0413	0.36711	-0.36931	-0.254	145.46	0.00358	0.0086	-0.03202	0.04723	0.00365	9.54	0.00275	0.0754	-0.67818	0.60946	0.37295	16	-0.29194	0.05659	0.06249	0.04365	-0.0255	0.11968	-0.06465	0.16205	-0.02749	0.06124	0.02202	-0.03065	-0.01229	0.05915	0.047	-0.03777	0.06622	-0.09885	-0.04233	0.08548	-0.00485	0.02077	0.06455	-0.04835	-0.03355	-0.06727	0.00519	-0.00913	0.003	0.08369	-0.01056	-0.00378	219.22	746506136	755407860	1000	/scratch.global/lanej/1000G/ngs_dose/1000G_highcov/crams/HG00444.cram	9ab0a0e8,a23ef9ed,7f3b4c3c	184ab16e		14	0.997493	0.999032	0.999586	0.99988	2.105	0.99	0.718	761.194	37.471	scan	M	CHS	EAS	M	0.999708	0.999898	0.997706	NA	-0.12	1.0993	1.0011	711.8204	703.3407	777.4506	144.1655	9.7081	2.0056	788.8682	22.4558	701.1917	696.8947	789.7558	145.592	9.7042	2.0047	812.1277	35.0918	713.8363	1.0074	0.7206	33.0564	M	698	
HG00445	scan	0.1.0+fae1124	40.992	150	441	450	0.0729	0.971	1.2074	0.0835	0.0573		1.9882	84.2781	813.9889	0.9842	0.9696	present	509.997	510.0	483.26	484.25	0.1954	519.92	0.0475	468.01	519.94	500.37	560.32	361.06	404.82	438.13	506.14	361.35	409.64	388.84	456.13	340.75	371.39	505.14	532.52	157.619	NA	157.62	154.02	0.0853	189.09	0.0261	144.77	171.98	137.41	166.18	9.821	9.82	9.93	9.97	0.1213	9.87	0.0428	17.8934	19.6955	50.9457	74.1365	10.7242	128.6362	0.2419	2.6171	0.5341	0.8795	0.4823	507.45	0.00439	0.0453	-0.41622	0.00434	0.53284	155.37	0.00609	0.0146	0.0151	0.00092	-0.02274	9.8	0.00257	0.0704	-0.27067	0.62998	-0.56299	16	0.37845	-0.08943	-0.0674	0.21336	0.17354	-0.08635	-0.08451	-0.23015	-0.02301	-0.01226	0.0123	-0.067	-0.0132	0.01834	-0.10898	0.043	-0.00596	0.04135	-0.01785	0.11153	-0.05813	-0.02425	0.03824	-0.02791	0.05976	0.03523	-0.01701	0.00364	-0.10846	-0.01802	0.02711	-0.05858	277.95	820553524	833271157	1000	/scratch.global/lanej/1000G/ngs_dose/1000G_highcov/crams/HG00445.cram	9ab0a0e8,a23ef9ed,7f3b4c3c	184ab16e		14	0.997341	0.998679	0.999592	0.999845	2.059	0.98	0.965	792.69	95.136	scan	M	CHS	EAS	M	0.999784	0.999898	0.997454	NA	0.14	1.1042	0.986	527.2083	524.6202	592.9669	155.3281	9.4831	1.99	743.9574	68.4736	514.5065	511.1538	590.234	151.2339	9.5216	1.9923	735.7861	65.4257	730.3129	0.998	0.9422	36.8325	M	2504	
HG00446	scan	0.1.0+fae1124	37.604	150	441	450	0.0871	0.967	1.2594	0.0776	0.0443		1.9966	18.2068	711.786	1.9262	0.0025	present	532.901	532.9	516.34	519.14	0.1772	574.3	0.0529	511.65	650.15	550.11	629.07	428.59	541.32	531.72	691.36	417.09	533.22	444.1	555.92	384.55	483.0	532.12	566.47	120.04	NA	120.04	119.46	0.0869	152.12	0.0294	115.16	145.2	97.36	124.92	9.564	9.56	9.66	9.69	0.1377	9.58	0.0505	15.5613	1.8757	33.4451	48.5814	8.5077	140.3993	0.2376	3.7498	0.6514	0.7227	0.4874	543.6	0.00166	0.0171	-0.37161	-0.06982	-0.02118	120.13	0.01522	0.0364	-0.06938	-0.06233	0.02005	9.5	0.00271	0.0743	0.15554	1.18278	0.84376	16	-0.09919	0.13698	0.10676	0.02186	0.01932	-0.06955	0.00212	-0.04242	0.08447	0.02167	-0.02151	-0.00408	0.01695	0.00403	0.0249	-0.09764	0.01474	0.07507	-0.1021	-0.02361	0.02071	0.00146	0.04601	0.00322	-0.09216	0.00171	-0.13416	0.09355	-0.10124	0.01923	0.00278	0.08451	522.04	752589004	762417112	1000	/scratch.global/lanej/1000G/ngs_dose/1000G_highcov/crams/HG00446.cram	9ab0a0e8,a23ef9ed,7f3b4c3c	184ab16e		14	0.997521	0.998648	0.999659	0.999883	1.996	1.863	0.123	689.833	21.563	scan	F	CHS	EAS	F	0.999707	0.999983	0.998118	NA	-0.16	1.1572	1.012	531.8561	524.432	600.0071	123.9232	9.599	1.9997	667.3268	17.186	511.681	504.5498	582.7944	122.7634	9.7402	2.0001	760.9689	24.5506	651.2744	1.9194	0.1042	33.0295	F	2504	
HG00447	scan	0.1.0+fae1124	36.645	150	449	450	0.0913	0.9647	1.2269	0.06	0.0573		2.0035	87.1503	788.7373	1.9	0.0015	present	486.247	486.25	472.4	476.74	0.1701	527.04	0.0545	475.87	617.45	498.37	566.85	403.68	518.74	486.7	638.12	398.11	516.57	407.66	508.55	357.77	463.69	485.13	516.91	166.391	NA	166.39	167.75	0.0763	209.44	0.0329	152.14	190.58	140.15	179.05	10.011	10.01	10.23	10.26	0.1461	10.16	0.0519	16.5027	1.7327	41.4003	46.7955	9.1831	135.8901	0.2323	2.5728	0.6274	0.7965	1.1205	492.16	0.00267	0.0276	-0.37104	-0.48894	0.0061	163.48	0.02194	0.0525	-0.10033	-0.02788	0.06104	10.07	0.00289	0.0794	-1.07383	1.19682	-0.31789	16	0.46224	0.00954	-0.12259	0.20884	0.12637	-0.20775	-0.14515	-0.05807	0.04315	0.08935	0.04806	-0.07806	0.02853	-0.00725	-0.0801	-0.07064	0.00622	-0.07115	-0.04138	0.0004	0.07887	0.02698	0.08533	-0.016	-0.00469	-0.00648	-0.05156	-0.04772	0.01679	0.04118	-0.07372	0.0059	323.49	742250212	751681839	1000	/scratch.global/lanej/1000G/ngs_dose/1000G_highcov/crams/HG00447.cram	9ab0a0e8,a23ef9ed,7f3b4c3c	184ab16e		14	0.997606	0.999186	0.9995	0.999844	2.027	1.854	0.121	768.824	102.544	scan	F	CHS	EAS	F	0.999541	0.999856	0.997902	NA	0.41	1.1518	1.0126	468.9225	462.2283	532.9531	167.6538	9.7329	2.0098	731.046	54.8534	426.5026	421.0212	490.9311	168.3161	9.7327	2.0083	787.0568	66.4249	719.3652	1.8894	0.103	32.4221	F	698	
HG00448	scan	0.1.0+fae1124	40.222	150	434	450	0.0759	0.9748	1.1713	0.0722	0.0417		2.0114	13.0083	796.3236	0.9923	0.9699	present	565.152	565.15	546.54	550.61	0.1922	585.02	0.052	550.77	625.41	587.78	642.84	465.25	529.42	583.49	677.74	440.75	505.96	464.44	537.63	419.07	472.95	560.62	586.49	153.605	NA	153.6	150.91	0.0896	181.09	0.0249	138.18	161.55	132.99	158.59	9.299	9.3	9.4	9.42	0.1177	9.36	0.0434	13.9502	15.4544	55.2943	72.0146	8.8747	140.7926	0.2348	3.133	0.4825	0.7338	0.4212	577.88	0.00249	0.0257	-0.53352	0.0762	-0.20742	152.7	0.00913	0.0218	0.04953	-0.00277	-0.00723	9.23	0.00256	0.0703	0.03083	0.39825	0.40607	16	-0.15	0.05612	0.1933	0.07482	0.16559	0.13059	-0.02301	-0.06437	-0.05105	-0.01534	0.05506	-0.04993	0.11466	-0.00353	0.05511	-0.01381	0.01903	0.04267	0.05192	0.02021	-0.03962	-0.08329	-0.01004	-0.02076	0.11892	-0.0033	-0.02889	-0.04086	-0.01174	0.07249	0.08422	0.07301	361.31	800256298	811658532	1000	/scratch.global/lanej/1000G/ngs_dose/1000G_highcov/crams/HG00448.cram	9ab0a0e8,a23ef9ed,7f3b4c3c	184ab16e		14	0.996972	0.99877	0.999661	0.999945	2.054	0.982	0.911	780.086	14.442	scan	M	CHS	EAS	M	0.999717	0.999961	0.997312	NA	-0.43	1.1124	1.0171	588.064	577.9957	650.1973	155.4249	9.4045	2.0082	780.2627	17.5204	571.1724	561.2988	648.7755	156.4501	9.452	2.0077	762.4827	22.6273	722.1185	1.0042	0.9072	35.8263	M	2504	
HG00449	scan	0.1.0+fae1124	35.399	150	448	450	0.0763	0.9645	1.2476	0.0681	0.05		2.0033	35.9694	751.1635	1.9191	0.0021	present	719.686	719.69	688.71	692.71	0.1787	762.11	0.0515	674.1	849.92	734.71	831.34	559.71	699.77	714.59	916.14	549.97	695.09	584.64	723.88	501.39	627.99	712.4	756.0	197.893	NA	197.89	198.55	0.0881	248.26	0.0242	178.66	223.74	170.98	217.0	9.612	9.61	9.73	9.75	0.1143	9.66	0.0458	17.6312	1.6058	46.6321	53.1466	9.6742	153.1628	0.2262	3.029	0.676	0.7303	0.4664	725.42	0.00188	0.0194	-0.3313	-0.03327	-0.0163	196.28	0.00735	0.0176	0.01026	-0.00954	-0.04578	9.56	0.00272	0.0745	0.36879	0.30926	0.45785	16	0.01958	0.12784	0.21233	0.05461	-0.03477	-0.01894	0.01032	0.03891	-0.01902	-0.04701	-0.03072	-0.02438	-0.0533	0.02526	0.02883	-0.06581	-0.10324	0.01244	0.00491	0.02757	0.06396	-0.0309	-0.04594	0.09154	-0.00316	-0.0233	0.08288	-0.04208	-0.02629	0.10079	0.05716	0.12571	425.99	714040052	723585961	1000	/scratch.global/lanej/1000G/ngs_dose/1000G_highcov/crams/HG00449.cram	9ab0a0e8,a23ef9ed,7f3b4c3c	184ab16e		14	0.997478	0.99897	0.999717	0.999985	2.041	1.859	0.122	729.667	42.875	scan	F	CHS	EAS	F	0.99979	0.999985	0.997815	NA	-0.1	1.146	1.0128	709.4447	707.0915	803.1102	197.6639	9.7144	2.0026	757.9323	33.9613	707.2196	705.1076	809.6988	204.8272	9.8355	2.0036	783.1959	37.5917	685.7271	1.9058	0.1012	31.6176	F	2504	
HG00450	scan	0.1.0+fae1124	38.641	150	448	450	0.0691	0.9627	1.2683	0.0573	0.0463		1.9952	58.8318	691.2354	1.9403	0.0015	present	767.968	767.97	741.69	751.92	0.1876	834.69	0.0562	761.34	1001.69	791.67	916.28	617.28	801.29	767.52	1033.24	592.32	781.03	631.39	808.6	557.24	726.76	762.33	815.94	177.48	NA	177.48	179.07	0.0843	230.46	0.0233	167.16	216.76	154.41	203.58	9.552	9.55	9.66	9.67	0.1098	9.56	0.0402	14.7821	1.5616	51.1869	50.051	8.4428	151.2481	0.2253	3.5066	0.7328	0.7605	0.4571	781.36	0.0025	0.0258	-0.46305	-0.00938	-0.05006	177.85	0.00975	0.0233	0.02084	-0.02579	0.05573	9.5	0.00266	0.0729	0.40137	0.30933	0.35829	16	-0.00112	0.16555	0.2188	-0.00054	0.02572	0.09896	0.02674	0.05327	-0.04898	-0.02553	-0.00609	-0.07373	0.01959	-0.05409	0.03133	0.02928	-0.05361	0.00207	0.03066	-0.00144	0.04142	0.0224	0.01495	0.00104	-0.04458	0.06173	0.04131	0.01215	-0.00145	0.00825	0.01726	0.01424	335.19	779517646	788846251	1000	/scratch.global/lanej/1000G/ngs_dose/1000G_highcov/crams/HG00450.cram	9ab0a0e8,a23ef9ed,7f3b4c3c	184ab16e		14	0.997447	0.999034	0.999688	0.99994	2.056	1.868	0.115	664.403	71.142	scan	F	CHS	EAS	F	0.999626	0.999966	0.997697	NA	-0.16	1.1727	1.0132	777.0905	766.5387	908.2378	176.6199	9.7322	1.9932	733.987	87.7022	745.8154	739.5296	852.2977	182.6082	9.6608	1.9929	734.7418	61.0942	623.6457	1.9166	0.0966	34.8009	F	698	
HG00451	scan	0.1.0+fae1124	38.298	150	435	450	0.0902	0.9869	1.1351	0.0761	0.0535		1.9929	25.9752	934.1842	0.9875	0.9905	present	400.567	400.57	380.11	372.19	0.2087	387.72	0.0454	349.39	325.95	395.83	422.27	269.46	258.57	324.59	317.72	273.74	264.01	299.38	317.81	245.21	223.2	399.25	409.87	190.551	NA	190.55	183.41	0.1051	208.3	0.0195	161.86	174.84	167.64	183.23	9.774	9.77	9.91	9.92	0.1176	9.88	0.053	12.9788	10.412	38.3169	56.7626	10.1904	140.8776	0.2387	2.9535	0.6795	0.7536	0.3817	401.83	0.00554	0.0571	-0.47594	0.25214	0.71358	186.45	0.01973	0.0472	0.10583	-0.00189	0.00206	9.72	0.00267	0.0732	-0.82461	0.01418	0.28699	16	0.28126	-0.10086	-0.00975	-0.11563	0.11975	0.06392	-0.01464	-0.00258	-0.10299	-0.09728	0.05066	-0.07352	0.04483	-0.15898	0.01775	0.09954	0.13924	-0.0499	-0.026	0.02788	-0.04911	0.0329	-0.04241	0.0506	0.05428	-0.00851	0.08837	0.10327	-0.03881	-0.05714	0.00985	0.03561	468.44	761149440	771227143	1000	/scratch.global/lanej/1000G/ngs_dose/1000G_highcov/crams/HG00451.cram	9ab0a0e8,a23ef9ed,7f3b4c3c	184ab16e		14	0.997072	0.998502	0.999221	0.999799	2.026	0.993	0.78	914.943	28.517	scan	M	CHS	EAS	M	0.999513	0.99979	0.99734	NA	0.06	1.0509	0.9851	400.5597	397.8953	428.3564	186.9318	9.7076	1.9934	1059.2868	66.5412	403.3293	396.4611	460.4997	183.7548	9.6631	1.9959	972.6569	30.5716	839.8195	1.0126	0.781	33.773	M	2504	
HG00452	scan	0.1.0+fae1124	35.526	150	431	450	0.0891	0.9778	1.2027	0.0637	0.0506		1.9873	21.6487	614.0352	1.9219	0.0027	present	527.06	527.06	505.25	512.03	0.2421	535.38	0.0504	512.23	555.47	547.66	597.59	413.25	455.06	518.94	579.52	414.95	459.19	431.45	493.97	381.05	407.45	517.78	539.46	226.236	NA	226.24	224.97	0.0835	264.57	0.0283	203.95	235.27	193.97	228.53	9.721	9.72	9.93	10.05	0.1543	9.88	0.0528	16.3248	1.4356	43.8419	54.6976	8.5162	149.2088	0.2114	3.7374	0.548	0.7151	0.48	543.32	0.0031	0.032	-1.78905	0.4206	-0.39371	225.96	0.00668	0.016	0.00504	-0.01732	0.01572	9.84	0.00301	0.0825	-2.1692	-0.46582	1.29125	16	0.21017	0.02133	-0.05013	-0.03593	-0.07752	0.14843	-0.04499	0.03777	-0.09199	0.00847	-0.04069	0.01435	-0.00881	0.08241	-0.01653	-0.02489	0.0018	0.00124	0.07204	0.03404	0.06198	-0.0613	-0.01656	0.07741	0.09847	-0.04257	0.01699	-0.09305	-0.04572	-0.01462	-0.02606	-0.00011	327.94	716215024	726421907	1000	/scratch.global/lanej/1000G/ngs_dose/1000G_highcov/crams/HG00452.cram	9ab0a0e8,a23ef9ed,7f3b4c3c	184ab16e		14	0.997456	0.99867	0.999636	0.999929	2.041	1.878	0.131	592.483	24.759	scan	F	CHS	EAS	F	0.999748	0.999938	0.997737	NA	0.18	1.0999	1.008	531.5659	515.5689	587.1263	227.2863	9.8528	1.9895	644.4446	15.5479	529.812	514.877	606.648	238.1051	9.8808	1.9888	616.0058	21.191	562.9797	1.9236	0.1082	31.2527	F	2504	
HG00453	scan	0.1.0+fae1124	40.081	150	452	450	0.0904	0.9622	1.2796	0.0675	0.0452		1.9867	26.3113	748.4885	1.9161	0.0023	present	471.843	471.84	457.01	466.25	0.2306	518.69	0.053	473.12	642.99	492.96	570.4	404.34	541.77	493.58	680.98	391.7	531.92	406.7	528.21	374.5	506.95	464.07	498.13	197.855	NA	197.85	198.02	0.0746	259.99	0.0277	188.74	247.45	167.42	223.68	9.268	9.27	9.41	9.43	0.1193	9.32	0.0537	13.5866	0.9112	48.4391	48.8569	9.472	132.3506	0.2254	3.6813	0.6077	0.7339	0.7226	489.68	0.00305	0.0315	-1.88081	0.01559	-0.71501	197.52	0.00748	0.0179	-0.06164	-0.01754	-0.01651	9.23	0.00292	0.0801	-0.57928	-0.05089	1.05565	16	-0.15402	0.26093	0.2796	-0.04854	-0.00103	-0.08659	-0.06073	0.04147	0.01779	0.02471	-0.04725	-0.03325	-0.0228	-0.08253	-0.05071	-0.00455	-0.00456	-0.06441	-0.01622	0.01309	-0.00997	0.06804	0.01836	0.03298	-0.04844	0.0817	-0.08187	0.0238	-0.01572	0.00212	0.02617	-0.11862	327.18	801189668	811784172	1000	/scratch.global/lanej/1000G/ngs_dose/1000G_highcov/crams/HG00453.cram	9ab0a0e8,a23ef9ed,7f3b4c3c	184ab16e		14	0.997453	0.999115	0.999641	0.99991	2.014	1.867	0.125	737.957	31.875	scan	F	CHS	EAS	F	0.999519	0.999934	0.997842	NA	-0.43	1.1648	1.0067	461.2993	446.4753	528.7748	199.5152	9.493	1.9893	697.1306	42.2693	452.3835	440.5629	507.3258	188.3955	9.5291	1.9885	639.9277	46.655	696.4799	1.9276	0.1072	35.0683	F	698	
HG00457	scan	0.1.0+fae1124	37.238	150	442	450	0.0725	0.9714	1.2395	0.0551	0.0384		1.9963	24.7798	786.166	0.9954	0.9883	present	420.076	420.08	406.23	407.0	0.2015	448.85	0.0435	405.74	519.94	438.72	493.14	334.09	422.77	430.34	557.71	330.46	422.81	348.78	433.57	304.97	390.52	417.93	441.03	177.274	NA	177.27	175.16	0.0751	223.59	0.021	165.73	208.98	156.92	200.69	9.6	9.6	9.66	9.72	0.1073	9.58	0.0427	18.5911	16.9155	42.6695	79.4794	9.0465	150.7739	0.2652	3.8918	0.6484	0.7238	0.2198	432.69	0.0023	0.0237	-0.60799	0.18318	-0.23247	175.15	0.0056	0.0134	0.00624	0.03093	0.00212	9.5	0.00261	0.0716	0.7202	0.06699	0.47282	16	-0.32703	-0.07211	-0.0491	-0.04311	0.04893	0.15948	0.11741	-0.07834	-0.06068	-0.09405	0.04258	-0.1037	0.09341	-0.04323	0.07867	0.05312	-0.09967	-0.0237	-0.05784	0.03888	0.06665	-0.01599	0.02425	-0.0237	-0.10019	0.11289	-0.00092	-0.00276	0.07931	0.06396	0.06193	-0.04119	348.97	739359108	750762890	1000	/scratch.global/lanej/1000G/ngs_dose/1000G_highcov/crams/HG00457.cram	9ab0a0e8,a23ef9ed,7f3b4c3c	184ab16e		14	0.997446	0.998598	0.999645	0.999888	2.004	0.987	0.925	768.353	28.699	scan	M	CHS	EAS	M	0.999771	0.999882	0.997917	NA	-0.16	1.1397	1.0139	472.6805	460.0936	546.1636	173.4213	9.641	1.9908	824.5244	44.5428	464.5688	453.9096	528.4082	165.8671	9.7768	1.991	849.2487	34.5033	723.374	1.0104	0.9102	33.3141	M	2504	
HG00458	scan	0.1.0+fae1124	37.922	150	438	450	0.0757	0.9621	1.2666	0.0643	0.0486		2.0091	36.4858	770.4854	1.9183	0.0028	present	375.473	375.47	365.23	364.34	0.1829	410.14	0.0437	364.68	479.71	395.79	454.08	302.43	394.07	380.58	508.67	300.08	395.53	316.26	402.44	270.77	354.25	375.46	401.18	250.95	NA	250.95	248.53	0.0758	323.04	0.0188	228.69	293.02	218.05	284.9	9.534	9.53	9.6	9.58	0.1166	9.52	0.0422	17.1979	1.2411	51.6527	47.134	10.9103	159.2778	0.2511	3.4399	0.3905	0.7842	0.3506	387.42	0.00234	0.0242	-0.68802	-0.05932	-0.17572	247.92	0.0039	0.0093	-0.02105	0.02209	-0.02788	9.45	0.00269	0.0739	0.23381	0.17792	0.50703	16	0.09903	0.04597	0.16075	0.05423	-0.06212	0.0203	0.03807	0.02533	0.00937	-0.01662	-0.01033	-0.02078	0.01052	-0.00956	-0.01411	-0.01464	0.05693	-0.04943	-0.01048	0.09852	-0.01543	-0.01572	-0.02872	-0.09717	-0.08907	0.0189	0.04319	-0.0544	0.08599	0.01831	-0.06485	0.02706	306.36	764865178	774644014	1000	/scratch.global/lanej/1000G/ngs_dose/1000G_highcov/crams/HG00458.cram	9ab0a0e8,a23ef9ed,7f3b4c3c	184ab16e		14	0.997524	0.998393	0.999635	0.999891	2.013	1.864	0.124	754.585	43.281	scan	F	CHS	EAS	F	0.999784	0.999908	0.997902	NA	-0.21	1.1721	1.0216	389.4491	378.028	454.5198	244.5704	9.5527	2.0079	788.1745	36.5358	376.0742	366.19	431.194	252.2077	9.664	2.0072	856.112	48.7407	705.3578	1.9092	0.1044	33.8778	F	2504	
HG00459	scan	0.1.0+fae1124	36.736	150	440	450	0.0889	0.9632	1.2189	0.0637	0.0521		2.0028	104.8841	1059.9766	0.9879	0.9529	present	501.586	501.59	482.66	488.16	0.1945	537.96	0.0531	493.01	634.4	513.02	585.26	429.08	544.49	530.67	686.9	410.37	525.78	436.92	541.54	388.46	501.09	490.08	522.96	222.573	NA	222.57	221.25	0.0657	278.61	0.0229	201.25	252.01	192.77	244.48	9.525	9.52	9.74	9.78	0.1243	9.67	0.0511	20.2362	15.6069	54.0235	75.1156	10.5615	146.9352	0.2626	3.6508	0.6033	0.6968	0.3413	512.94	0.00414	0.0427	-0.75045	0.09084	-0.58974	218.87	0.00835	0.02	-0.03619	0.02655	0.02507	9.59	0.00275	0.0754	-0.26405	0.55622	0.12388	16	0.063	0.31881	0.33436	0.09741	0.02052	-0.0995	0.0302	-0.07888	0.15747	0.12621	-0.02645	0.07191	-0.02369	-0.00693	-0.05687	0.04177	-0.0627	0.01195	-0.02901	-0.03931	-0.00738	0.06305	0.01974	0.02116	-0.01159	-0.04647	0.02657	0.02828	0.02238	-0.04232	0.00375	0.05045	390.11	735730036	746615153	1000	/scratch.global/lanej/1000G/ngs_dose/1000G_highcov/crams/HG00459.cram	9ab0a0e8,a23ef9ed,7f3b4c3c	184ab16e		14	0.997685	0.998582	0.999492	0.999804	2.025	0.982	0.899	1053.177	126.509	scan	M	CHS	EAS	M	0.999725	0.999852	0.9979	NA	-0.07	1.141	1.0002	502.8022	490.8823	562.7183	215.561	9.698	2.0065	980.3925	95.0604	490.2499	482.8677	557.6488	215.2149	9.7578	2.0047	938.386	87.3871	965.5892	1.0012	0.89	32.5422	M	698	
HG00463	scan	0.1.0+fae1124	37.568	150	436	450	0.0845	0.9631	1.2602	0.0709	0.0506		2.0003	32.9574	881.7113	0.9924	0.952	present	423.682	423.68	406.53	414.68	0.2141	448.14	0.0485	407.1	483.46	433.46	496.18	332.19	393.8	404.28	493.77	323.67	388.28	336.2	412.41	292.6	344.28	420.3	449.28	168.459	NA	168.46	169.58	0.0759	211.85	0.0209	150.09	188.62	148.48	188.39	9.617	9.62	9.8	9.86	0.1339	9.73	0.0484	21.5209	15.4272	39.151	59.2571	8.1053	143.9927	0.2351	2.4403	0.6082	0.7674	0.3403	433.93	0.00307	0.0317	-1.44764	0.09058	0.02798	165.42	0.00583	0.0139	0.01108	0.02723	0.0372	9.66	0.00274	0.0751	-1.58455	-0.2268	0.52292	16	0.2484	-0.03867	-0.04301	-0.09471	0.052	0.02509	0.15081	-0.2048	0.00448	-0.03267	0.09243	0.05516	-0.03801	-0.02744	0.02473	-0.03856	0.09028	0.01568	-0.0071	0.09642	0.02536	-0.03832	-0.03158	0.01274	-0.03379	-0.0479	0.01225	-0.01561	0.01366	-0.05203	-0.06115	0.0177	256.13	746769468	756650254	1000	/scratch.global/lanej/1000G/ngs_dose/1000G_highcov/crams/HG00463.cram	9ab0a0e8,a23ef9ed,7f3b4c3c	184ab16e		14	0.997658	0.998624	0.99949	0.999765	2.031	0.986	0.826	866.014	39.85	scan	M	CHS	EAS	M	0.999712	0.999828	0.997816	NA	0.0	1.1435	0.9989	452.7668	441.2915	514.3163	169.1397	9.5718	2.0048	889.7837	45.8747	438.6423	429.2414	493.8696	155.8892	9.5967	2.0038	827.5368	59.2355	807.218	1.0084	0.8274	33.2592	M	2504	
HG00464	scan	0.1.0+fae1124	37.816	150	435	450	0.0878	0.9625	1.2762	0.061	0.0602		1.9899	16.164	887.2082	1.9111	0.0026	present	461.822	461.82	445.34	447.0	0.1989	493.67	0.0516	449.31	536.84	481.65	554.39	368.49	441.1	431.57	532.06	353.38	427.85	373.07	460.89	334.34	393.83	458.7	492.82	145.499	NA	145.5	143.08	0.0793	183.88	0.0244	130.67	164.38	127.9	163.07	9.749	9.75	9.87	9.85	0.1206	9.81	0.052	14.6685	1.8624	35.6927	56.1588	9.1061	161.5209	0.2339	2.425	0.6622	0.7745	0.3974	472.76	0.00273	0.0282	-0.90074	0.15383	0.02587	143.0	0.00998	0.0239	0.02877	0.03347	-0.01935	9.69	0.00253	0.0695	-0.51023	0.557	-0.17939	16	0.55591	0.03055	0.04026	-0.01681	0.02227	0.12125	-0.06786	0.03144	-0.08449	-0.08333	-0.03324	0.00858	0.04322	-0.03589	-0.01555	-0.05046	0.08425	0.06897	0.03138	0.0087	-0.04568	0.04996	0.00244	0.02876	0.05692	-0.01791	-0.00633	0.11336	0.05718	0.10421	-0.07179	0.09273	346.67	766637202	777648117	1000	/scratch.global/lanej/1000G/ngs_dose/1000G_highcov/crams/HG00464.cram	9ab0a0e8,a23ef9ed,7f3b4c3c	184ab16e		14	0.997462	0.998758	0.999503	0.999673	2.026	1.859	0.135	866.846	19.157	scan	F	CHS	EAS	F	0.99971	0.999808	0.997743	NA	0.03	1.1727	1.0188	454.5115	443.6133	532.4176	147.5904	9.6869	1.9953	991.8606	18.4735	460.106	450.4352	528.6831	151.7818	9.6063	1.9942	719.2414	20.7991	801.9214	1.8902	0.1108	33.6037	F	2504	
HG00465	scan	0.1.0+fae1124	37.146	150	444	450	0.0908	0.9642	1.2378	0.0752	0.0529		2.0038	64.0958	744.3774	0.9815	0.9768	present	552.589	552.59	538.51	547.21	0.1769	604.34	0.0549	545.06	713.41	576.83	661.55	473.67	611.42	597.81	793.36	459.37	600.39	477.94	602.22	421.64	549.89	549.0	587.72	170.019	NA	170.02	169.17	0.0702	216.41	0.0212	147.27	187.53	145.55	187.76	9.608	9.61	9.76	9.81	0.1263	9.69	0.0543	15.5416	15.7774	29.0253	74.9957	8.1974	142.5572	0.2377	2.716	0.6547	0.7554	0.5904	567.14	0.00306	0.0315	-0.97068	-0.36927	-0.29521	168.95	0.00871	0.0208	-0.03097	0.00663	0.01458	9.62	0.00289	0.0793	-1.08021	0.18948	0.22733	16	0.29809	0.11242	0.11117	0.00538	0.09655	0.0216	-0.04086	0.00576	0.01757	0.09851	-0.02449	-0.04951	-0.03828	-0.01288	0.04832	0.02329	-0.03623	-0.01217	0.03889	-0.01765	-0.01159	-0.10326	0.02569	-0.01116	-0.03032	-0.00125	-0.07688	-0.04277	-0.04202	-0.04188	0.0213	-0.02593	464.67	739387054	750362169	1000	/scratch.global/lanej/1000G/ngs_dose/1000G_highcov/crams/HG00465.cram	9ab0a0e8,a23ef9ed,7f3b4c3c	184ab16e		14	0.997725	0.998989	0.999638	0.9999	1.983	0.978	0.88	728.018	77.934	scan	M	CHS	EAS	M	0.999767	0.999929	0.998127	NA	-0.04	1.1665	1.0171	539.9193	526.0562	622.626	170.9557	9.601	2.0053	782.5901	56.9212	531.8176	520.9161	606.9223	173.9464	9.7481	2.0057	760.6202	64.5498	686.406	0.9982	0.8798	32.802	M	698	
HG00472	scan	0.1.0+fae1124	33.964	150	437	450	0.0968	0.9719	1.2134	0.07	0.0426		2.0024	59.1313	752.6215	0.9957	0.9753	present	479.013	479.01	462.85	459.18	0.1677	506.71	0.0527	464.71	569.99	495.31	551.29	386.88	470.27	480.67	596.28	376.54	461.74	397.73	479.1	351.6	429.57	475.38	502.29	167.442	NA	167.44	166.04	0.0796	204.11	0.028	152.62	186.37	143.06	175.87	9.317	9.32	9.5	9.56	0.1411	9.44	0.0565	15.7213	14.4869	54.3955	72.7879	10.3648	143.9957	0.2471	3.2538	0.6477	0.8673	0.3992	487.1	0.00214	0.022	-0.33386	-0.12378	-0.01132	167.39	0.00723	0.0173	-0.03359	-0.01569	-0.00961	9.39	0.00304	0.0835	-1.70743	-0.97264	0.69084	16	-0.22435	0.05229	0.11186	-0.00809	0.06578	0.20293	0.06089	-0.02346	0.07893	-0.00266	0.04866	-0.10393	0.06824	-0.00449	-0.03625	0.02419	-0.03625	-0.09235	0.04317	0.02527	-0.04905	-0.03549	0.13444	-0.04413	0.00146	0.11059	-0.10256	-0.01858	0.00571	0.11887	0.029	0.02882	318.01	677790712	687881028	1000	/scratch.global/lanej/1000G/ngs_dose/1000G_highcov/crams/HG00472.cram	9ab0a0e8,a23ef9ed,7f3b4c3c	184ab16e		14	0.997383	0.998743	0.999578	0.999884	2.07	0.987	0.895	742.424	69.715	scan	M	CHS	EAS	M	0.999691	0.999898	0.997531	NA	-0.27	1.1318	1.0169	513.5806	507.2014	580.584	163.0324	9.5893	1.9988	703.1676	74.1574	463.0919	459.5167	533.1472	168.684	9.6244	2.0003	829.467	77.8245	703.2292	1.0074	0.8976	29.7221	M	2504	
HG00473	scan	0.1.0+fae1124	41.017	150	433	450	0.0885	0.968	1.2231	0.0623	0.045		1.9834	52.6107	744.4383	1.9381	0.003	present	735.029	735.03	693.21	693.46	0.2292	755.16	0.0586	685.69	791.5	741.55	835.41	517.26	599.68	688.29	807.91	519.66	605.75	574.58	684.59	491.79	567.01	719.17	764.1	151.165	NA	151.17	150.18	0.0951	184.29	0.0251	138.58	167.93	131.47	161.72	9.826	9.83	9.91	9.94	0.1169	9.85	0.0526	17.8327	1.7351	35.892	54.3582	11.0606	147.1422	0.2397	2.1371	0.7575	0.8227	0.3059	735.51	0.00307	0.0316	0.10916	0.92358	-0.35278	150.18	0.00626	0.015	0.04906	-0.01417	-0.02265	9.76	0.00269	0.0738	-0.20258	-0.13121	0.09569	16	0.13654	-0.00345	-0.03822	-0.07571	-0.05457	-0.00826	0.10402	0.01744	0.09633	0.02075	0.0266	0.03009	-0.04114	-0.02832	0.04242	0.04867	0.01053	0.02431	0.02936	0.06353	0.1201	-0.00135	0.04721	0.11446	-0.09774	-0.00391	0.02018	-0.01682	0.01158	-0.00517	0.0102	-0.02871	323.51	831201366	842929933	1000	/scratch.global/lanej/1000G/ngs_dose/1000G_highcov/crams/HG00473.cram	9ab0a0e8,a23ef9ed,7f3b4c3c	184ab16e		14	0.997427	0.99808	0.999592	0.999841	2.012	1.89	0.135	738.712	60.954	scan	F	CHS	EAS	F	0.999716	0.999927	0.997558	NA	0.1	1.1358	1.0082	737.8757	736.0478	836.5731	147.039	9.7029	1.9849	814.9155	54.6804	719.7301	713.2428	834.9351	145.8467	9.7725	1.9852	770.2185	64.3525	688.3907	1.931	0.1104	36.2213	F	2504	
HG00474	scan	0.1.0+fae1124	38.788	150	449	450	0.0778	0.9621	1.2663	0.0505	0.0472		2.0039	56.6889	840.9974	0.9875	0.9778	present	519.803	519.8	502.77	501.4	0.1824	562.78	0.0508	492.16	635.49	541.65	621.04	416.16	532.15	507.26	669.29	398.09	515.96	424.98	538.33	376.84	482.68	520.12	555.85	147.083	NA	147.08	146.66	0.0835	189.22	0.0222	131.63	168.92	124.35	162.22	9.428	9.43	9.59	9.67	0.1453	9.51	0.0443	16.143	15.6506	46.927	74.8884	10.9321	131.4478	0.2473	2.3268	0.8632	0.8064	0.3318	531.68	0.0029	0.0299	-0.68122	-0.10362	0.15765	145.57	0.00739	0.0177	-0.01187	-0.0227	0.00525	9.48	0.00277	0.0759	-2.04491	-1.44162	0.15553	16	-0.02554	0.02493	0.0436	0.28109	0.00751	0.0847	-0.11172	0.08693	-0.02855	0.03395	-0.00606	-0.03426	0.11109	0.07765	0.05428	0.02966	0.00276	-0.03313	-0.05655	-0.02587	-0.06137	-0.05365	-0.03781	-0.12492	0.04995	0.06449	-0.0207	0.04273	-0.02586	-0.05714	-0.05093	-0.03701	281.5	772767952	784082247	1000	/scratch.global/lanej/1000G/ngs_dose/1000G_highcov/crams/HG00474.cram	9ab0a0e8,a23ef9ed,7f3b4c3c	184ab16e		14	0.997586	0.998554	0.999666	0.999964	2.045	0.986	0.887	826.89	67.323	scan	M	CHS	EAS	M	0.99975	1.0	0.997773	NA	-0.18	1.1681	1.0188	532.9093	521.388	627.7151	142.7468	9.4721	1.9988	920.2416	30.3441	540.206	529.1802	619.0917	142.8327	9.5912	1.9988	895.4521	50.1291	766.7906	1.01	0.8824	34.6367	M	698	
HG00475	scan	0.1.0+fae1124	37.727	150	420	400	0.1015	0.966	1.2156	0.065	0.0475		1.9957	65.4097	863.1621	0.9851	0.9784	present	320.087	320.09	303.92	296.23	0.1788	331.2	0.0502	297.32	346.66	322.83	365.01	233.47	259.39	295.19	353.7	244.36	287.46	254.44	300.62	212.32	240.44	315.8	335.87	147.234	NA	147.23	142.98	0.0824	178.03	0.0275	133.46	159.36	126.58	153.95	9.691	9.69	9.85	9.83	0.1198	9.78	0.0609	11.6641	15.0848	38.9366	74.3598	9.1883	146.0891	0.2526	4.1768	0.5977	0.7379	0.3898	320.74	0.0027	0.0278	-0.42878	-0.04957	0.26482	147.07	0.01107	0.0265	0.03034	0.00988	0.00861	9.69	0.00291	0.0798	0.1123	0.56264	-0.01206	16	0.17843	0.05671	0.05168	-0.01395	0.10716	0.16647	-0.07266	-0.06226	0.0858	0.14275	0.08378	-0.06994	0.02115	0.05105	-0.10488	0.02141	0.08881	0.02142	-0.03372	0.00594	-0.00469	0.00576	0.03502	-0.02389	0.06624	0.06481	-0.0682	-0.04279	0.0579	-0.02513	0.03693	0.01023	303.73	751308394	763208391	1000	/scratch.global/lanej/1000G/ngs_dose/1000G_highcov/crams/HG00475.cram	9ab0a0e8,a23ef9ed,7f3b4c3c	184ab16e		14	0.997507	0.998547	0.999531	0.999742	2.014	0.982	0.87	851.672	77.395	scan	M	CHS	EAS	M	0.999503	0.999735	0.99773	NA	0.03	1.138	1.0065	319.5605	319.0338	361.0357	145.1616	9.6821	1.9983	764.2031	52.615	293.7205	292.1472	336.4205	139.6671	9.6677	1.9972	857.8424	64.6593	791.5276	1.0026	0.8696	32.7727	M	2504	
HG00476	scan	0.1.0+fae1124	34.667	150	420	400	0.103	0.9646	1.2259	0.0616	0.0549		1.9897	70.7643	643.5421	1.9296	0.0027	present	379.621	379.62	363.34	372.17	0.1852	405.35	0.0542	357.4	453.98	384.42	439.12	272.19	335.4	384.82	489.63	291.18	366.86	313.59	384.69	259.21	326.74	376.76	404.16	175.266	NA	175.27	174.33	0.0819	217.11	0.0308	162.11	202.32	154.86	191.96	9.803	9.8	9.92	9.96	0.1305	9.85	0.0616	16.9232	1.0255	40.4315	50.1224	9.2234	165.2871	0.2522	3.7002	0.6345	0.8227	0.4368	379.94	0.00269	0.0277	0.33487	-0.20399	0.16681	175.0	0.00669	0.016	0.02246	-0.00327	-0.0036	9.74	0.00271	0.0743	-0.35187	0.83049	0.58729	16	0.29214	-0.02248	-0.02191	0.06109	-0.07017	0.06808	0.08616	0.01573	-0.06441	-0.07666	-0.05961	0.01358	-0.05915	-0.1364	-0.01811	-0.10218	0.08677	0.01624	0.0894	-0.0691	0.04266	0.06641	-0.05193	-0.09899	-0.10852	-0.03261	-0.03674	-0.00261	-0.05097	0.07352	0.03955	-0.0864	299.02	700410946	709371523	1000	/scratch.global/lanej/1000G/ngs_dose/1000G_highcov/crams/HG00476.cram	9ab0a0e8,a23ef9ed,7f3b4c3c	184ab16e		14	0.997533	0.998972	0.999663	0.999894	2.029	1.864	0.123	629.473	85.568	scan	F	CHS	EAS	F	0.999705	0.999926	0.997654	NA	0.08	1.1558	1.0118	377.2825	376.8074	436.1207	178.5294	9.7495	1.9888	729.9929	76.3423	376.3673	374.7932	425.1886	161.0849	9.8254	1.9908	813.5502	57.218	599.8814	1.9054	0.105	30.072	F	2504	
HG00477	scan	0.1.0+fae1124	39.657	150	447	450	0.1129	0.9754	1.1824	0.0742	0.0497		2.0114	26.6432	740.3376	1.0	0.9732	present	402.173	402.17	386.09	389.23	0.1538	422.55	0.0598	388.24	486.97	404.84	448.69	335.29	414.13	374.2	472.6	323.28	403.34	331.66	398.47	293.72	367.9	396.83	417.52	155.411	NA	155.41	156.15	0.0737	187.85	0.035	139.4	169.15	132.77	162.12	9.892	9.89	10.07	10.09	0.1265	10.01	0.0675	15.0792	14.661	42.4854	67.1889	8.2985	153.551	0.2456	3.7091	0.5025	0.7893	0.5528	402.94	0.00298	0.0307	-0.03258	-0.35309	-0.08379	153.48	0.00903	0.0216	-0.04054	-0.00893	0.03456	9.89	0.00267	0.0732	-0.81865	0.44839	-0.15591	16	0.2449	0.04389	-0.08336	0.2008	0.05089	-0.05736	-0.10537	0.0292	0.00765	0.01718	-0.0116	-0.01057	-0.01002	0.0722	-0.04569	-0.00739	-0.03554	0.03695	-0.08226	-0.04145	-0.00585	0.02133	-0.01731	0.03328	-0.09592	-0.01074	0.01896	-0.04467	-0.00699	-0.01043	0.06447	0.05285	252.06	789624978	800358393	1000	/scratch.global/lanej/1000G/ngs_dose/1000G_highcov/crams/HG00477.cram	9ab0a0e8,a23ef9ed,7f3b4c3c	184ab16e		14	0.997873	0.998923	0.999573	0.999856	2.038	0.976	0.871	730.455	30.14	scan	M	CHS	EAS	M	0.999652	0.999871	0.997978	NA	0.23	1.1135	1.0047	390.5813	388.4132	437.052	152.4972	9.6833	2.0134	742.4463	14.2417	395.6217	396.0317	455.3893	152.7796	9.7168	2.0124	869.405	21.8061	677.8643	0.9948	0.8788	34.2778	M	698	
HG00478	scan	0.1.0+fae1124	36.041	150	437	450	0.0638	0.9752	1.2024	0.0696	0.0438		2.0098	51.6014	690.1719	0.9914	0.9771	present	406.589	406.59	384.39	387.25	0.2502	409.46	0.0392	382.03	422.79	423.26	465.68	293.98	328.74	366.52	417.64	285.46	321.54	318.48	369.67	254.63	278.71	397.74	414.9	147.266	NA	147.27	143.47	0.1093	174.95	0.0178	124.63	146.5	133.1	159.52	9.941	9.94	9.95	9.97	0.1239	9.88	0.0364	17.0561	15.2829	46.8645	63.2316	11.2195	152.1453	0.2587	2.2397	0.5399	0.7746	0.4289	413.71	0.00432	0.0446	-1.6814	0.5824	-0.11424	142.97	0.02244	0.0537	0.10614	-0.01757	0.0098	9.74	0.00284	0.0778	0.76208	1.00396	-0.06589	16	-0.10482	-0.09832	-0.06316	0.0509	-0.01253	0.11022	0.12675	-0.1279	-0.02336	-0.0627	0.06442	-0.08676	0.0388	-0.01596	-0.02476	-0.0017	0.05638	0.03861	0.04268	-0.01937	0.19143	0.03549	0.05671	-0.09211	-0.06135	0.05387	-0.15487	-0.02131	-0.04199	0.02563	0.00215	0.02324	236.5	717418376	727119938	1000	/scratch.global/lanej/1000G/ngs_dose/1000G_highcov/crams/HG00478.cram	9ab0a0e8,a23ef9ed,7f3b4c3c	184ab16e		14	0.997226	0.998598	0.999605	1.0	2.049	0.987	0.886	677.906	59.151	scan	M	CHS	EAS	M	0.999626	1.0	0.997485	NA	0.08	1.1256	1.0231	456.3638	448.6152	519.4746	140.1952	9.7628	2.0059	675.2406	62.6909	465.9686	455.1124	541.993	141.8811	9.7665	2.0065	787.4686	43.7058	634.1759	1.0086	0.8768	32.5991	M	2504	
HG00479	scan	0.1.0+fae1124	33.309	150	433	450	0.059	0.9763	1.1954	0.0676	0.0536		1.9979	26.0186	719.0306	1.9057	0.003	present	295.222	295.22	279.06	280.04	0.2071	298.6	0.0327	276.72	310.77	297.83	327.39	206.48	233.36	255.39	297.27	200.32	228.9	223.71	260.43	179.66	197.81	291.08	304.6	168.972	NA	168.97	165.96	0.0989	200.39	0.018	153.02	179.77	147.77	176.73	9.486	9.49	9.59	9.59	0.1389	9.54	0.0355	15.8549	1.4457	52.4849	55.8824	8.5641	151.7523	0.2166	2.2247	0.6077	0.7213	0.5901	295.05	0.00485	0.05	-0.87679	0.10822	0.39805	167.66	0.01123	0.0269	0.06294	-0.02414	-0.01445	9.42	0.00292	0.0801	-1.23065	0.57322	0.55346	16	0.15091	0.06047	0.11186	0.11543	-0.05083	0.09697	0.01474	0.05042	-0.16628	-0.04606	-0.03599	-0.10394	0.02569	-0.0344	-0.11096	0.02203	-0.07308	0.0148	0.06735	-0.02761	-0.02787	-0.05838	0.04645	-0.06766	-0.09921	-0.05176	-0.06033	0.08525	0.07716	-0.10264	0.09037	-0.04422	201.56	671526646	681014972	1000	/scratch.global/lanej/1000G/ngs_dose/1000G_highcov/crams/HG00479.cram	9ab0a0e8,a23ef9ed,7f3b4c3c	184ab16e		14	0.997226	0.998687	0.999555	0.99984	2.053	1.868	0.13	710.364	30.211	scan	F	CHS	EAS	F	0.999665	0.999876	0.997786	NA	-0.24	1.1096	1.0094	300.2864	300.0424	338.6773	162.8122	9.5399	1.9938	728.9572	30.044	335.0098	332.9103	380.6215	172.1058	9.5932	1.9955	798.3293	18.4602	667.8402	1.9142	0.1046	30.2275	F	2504	
HG00480	scan	0.1.0+fae1124	36.945	150	450	450	0.0882	0.9707	1.2258	0.0703	0.0453		2.0017	94.5897	740.1346	0.9808	0.9921	present	329.293	329.29	319.18	324.56	0.1588	354.09	0.0491	324.01	420.38	335.78	379.02	272.79	348.26	349.85	459.99	265.18	343.08	278.54	346.88	239.55	309.92	327.06	346.04	188.792	NA	188.79	187.16	0.0769	237.6	0.0269	168.01	211.61	165.74	211.67	9.834	9.83	9.98	9.96	0.1338	9.9	0.0524	14.5295	15.561	39.7864	79.1141	9.6057	162.8838	0.2464	2.5041	0.5095	0.7473	0.4219	334.19	0.00365	0.0376	-0.47328	-0.49526	-0.11667	188.23	0.00198	0.0047	-0.0285	-0.00808	-0.00124	9.79	0.00257	0.0706	-0.73511	0.97033	0.48339	16	0.05784	0.00343	-0.10974	-0.09305	-0.00287	-0.05422	0.04276	0.02277	0.01784	0.06956	-0.00484	-0.037	0.06022	0.04011	-0.0051	-0.09601	0.01668	-0.01228	-0.00924	0.04728	0.01681	-0.08631	-0.10047	-0.02429	-0.03364	0.00655	0.06882	0.0197	0.05045	0.01281	-0.08244	-0.02868	209.61	737674752	748454065	1000	/scratch.global/lanej/1000G/ngs_dose/1000G_highcov/crams/HG00480.cram	9ab0a0e8,a23ef9ed,7f3b4c3c	184ab16e		14	0.997868	0.999184	0.999684	0.999894	2.025	0.99	0.911	732.458	115.059	scan	M	CHS	EAS	M	0.999672	0.999905	0.99817	NA	0.13	1.1341	1.0048	322.8078	319.6099	358.0162	192.6395	9.7617	2.0056	690.2054	81.2375	327.1845	326.2118	370.3033	179.0001	9.7265	2.003	717.763	55.7305	690.5185	1.0108	0.91	32.7446	M	698	
HG00500	scan	0.1.0+fae1124	40.463	150	419	400	0.0768	0.969	1.1908	0.0617	0.0444		1.9906	17.613	629.1873	0.9967	0.9876	present	495.638	495.64	479.77	490.47	0.2317	520.57	0.0538	496.94	580.36	521.5	580.88	398.05	449.02	516.72	616.16	400.43	470.01	421.0	493.75	378.69	434.91	489.16	517.64	182.122	NA	182.12	181.82	0.0774	217.88	0.0228	164.74	195.44	158.42	190.53	9.548	9.55	9.68	9.68	0.1119	9.63	0.0446	16.6999	15.7794	39.7254	79.1813	9.8577	153.2888	0.2355	3.2285	0.6741	0.7164	0.1581	511.99	0.00355	0.0366	-2.05334	-0.22795	-0.28577	181.02	0.00568	0.0136	-0.0166	-7e-05	0.00975	9.51	0.00257	0.0705	-0.07184	0.48503	-0.01918	16	-0.03648	0.13143	0.19981	0.01741	0.11595	-0.07527	0.03847	-0.22425	0.04455	-0.01945	0.0337	-0.04012	0.10237	0.01607	0.02566	0.07226	0.03194	-0.02661	0.04521	0.02921	-0.01089	0.05787	0.05026	-0.0172	-0.03003	-0.09329	-0.02523	-0.00224	-0.0139	0.06348	-0.04885	-0.00367	268.57	806376892	819144152	1000	/scratch.global/lanej/1000G/ngs_dose/1000G_highcov/crams/HG00500.cram	9ab0a0e8,a23ef9ed,7f3b4c3c	184ab16e		14	0.997392	0.997817	0.999663	0.999939	2.039	0.986	0.892	627.461	19.266	scan	M	CHS	EAS	M	0.99977	0.99994	0.997591	NA	-0.15	1.1346	1.0186	543.7562	525.9655	613.4918	181.9219	9.5819	1.9938	579.7765	28.9401	500.7252	486.4079	565.4839	203.5892	9.593	1.9973	674.3455	29.4592	588.8279	1.006	0.8818	36.0427	M	2504	
HG00501	scan	0.1.0+fae1124	33.714	150	450	450	0.0949	0.9708	1.2047	0.0721	0.0475	chr12	2.0329	67.3872	762.0916	1.9377	0.0018	present	499.941	499.94	483.43	491.91	0.1647	531.18	0.0523	486.45	614.37	501.9	561.65	415.5	519.84	512.07	655.51	399.23	504.8	415.06	507.26	376.64	474.19	496.97	523.26	217.953	NA	217.95	217.4	0.0649	268.99	0.0239	205.46	252.53	191.06	239.15	9.825	9.82	10.0	10.03	0.1445	9.92	0.0568	13.3733	1.3133	45.1021	47.1728	11.0221	148.6618	0.2527	2.9315	0.5441	0.8523	0.2179	501.06	0.00352	0.0363	0.45773	-0.27394	-0.1468	215.69	0.01025	0.0245	-0.01337	0.03565	0.03222	9.82	0.00301	0.0826	-1.94494	0.30412	0.55028	16	0.1748	-1.4198	0.80477	0.2314	-0.1571	-0.24471	0.06351	0.09298	0.00994	0.12791	0.05017	0.0504	0.28616	-0.03682	0.07953	0.00204	-0.01055	-0.0026	-0.03996	0.02303	0.01089	0.0896	0.09723	0.02487	-0.00934	-0.0888	0.03338	-0.01192	0.01794	-0.10517	0.00296	-0.04078	372.61	691020220	699203937	1000	/scratch.global/lanej/1000G/ngs_dose/1000G_highcov/crams/HG00501.cram	9ab0a0e8,a23ef9ed,7f3b4c3c	184ab16e		14	0.997854	0.998879	0.999649	0.999941	2.044	1.9	0.118	748.793	78.865	scan	F	CHS	EAS	F	0.99975	0.999954	0.998168	NA	0.16	1.1209	1.0017	517.0575	516.0092	582.5016	198.4514	9.8189	1.9982	745.1476	49.2714	456.6017	458.1847	513.3266	204.1318	9.7366	2.0028	611.4352	51.4428	701.9137	1.9146	0.0996	30.1069	F	698	aneuploid: chr12
HG00502	scan	0.1.0+fae1124	36.64	150	450	450	0.0845	0.9652	1.269	0.0625	0.0404		1.9965	38.5813	743.901	0.9904	0.9659	present	447.703	447.7	430.9	437.8	0.1606	488.88	0.0486	434.9	590.9	444.4	513.17	363.36	487.26	441.82	607.37	347.69	471.7	364.2	470.69	335.35	454.34	445.05	477.9	197.392	NA	197.39	196.78	0.0693	257.52	0.022	182.48	237.61	169.53	224.53	9.519	9.52	9.73	9.73	0.1206	9.64	0.0496	13.8612	15.9252	36.6651	77.7319	9.6477	143.2086	0.2523	2.9509	0.6421	0.7604	0.4872	445.92	0.00363	0.0374	0.41413	-0.40231	0.01708	195.88	0.00622	0.0149	-0.03922	0.00873	0.00798	9.56	0.00272	0.0746	-0.6301	0.22561	-0.0215	16	-0.21416	0.08142	0.03127	0.12555	0.01257	-0.15759	-0.06683	0.04422	0.01351	0.05142	0.04944	-0.04913	0.14297	-0.04543	-0.11544	-0.08467	-0.07534	-0.14927	0.00796	0.00649	0.05895	-0.02377	-0.03072	-0.13775	-0.09388	-0.01788	-0.00939	0.07188	0.09489	0.12323	-0.01835	-0.03159	214.5	724698624	734631835	1000	/scratch.global/lanej/1000G/ngs_dose/1000G_highcov/crams/HG00502.cram	9ab0a0e8,a23ef9ed,7f3b4c3c	184ab16e		14	0.997865	0.998969	0.99968	0.999929	2.018	0.983	0.909	742.743	47.711	scan	M	CHS	EAS	M	0.999806	0.999929	0.998109	NA	-0.1	1.1508	0.9966	432.0085	436.0995	489.0048	197.0579	9.6319	1.998	638.9728	42.0742	407.0995	412.0276	453.9283	203.1509	9.5974	1.9968	636.086	52.1576	704.1654	1.0112	0.9152	32.3399	M	698	
HG00512	scan	0.1.0+fae1124	38.359	150	447	450	0.0915	0.9784	1.1873	0.0657	0.0431		2.0024	63.2023	722.0045	0.9983	0.9743	present	382.014	382.01	373.83	375.75	0.1597	404.89	0.0505	381.57	460.5	385.73	425.88	323.39	388.23	421.9	519.1	314.38	381.6	323.29	385.39	291.62	350.04	382.78	400.39	200.572	NA	200.57	199.23	0.0728	242.26	0.0258	182.26	218.52	173.8	213.01	9.518	9.52	9.74	9.77	0.1442	9.67	0.0539	13.263	22.8451	50.4857	92.6986	12.095	157.8459	0.2627	3.0714	0.6562	0.8948	0.2773	385.09	0.00507	0.0523	0.3295	-0.58797	-0.0991	199.23	0.00687	0.0164	-0.05431	-0.00587	-0.0005	9.58	0.00274	0.0752	-1.98511	0.13063	0.57395	16	-0.04495	-0.01922	-0.02659	-0.09127	-0.06728	-0.01585	0.06555	-0.03941	0.02884	0.04477	0.01994	-0.0689	-0.00259	0.05164	-0.03185	0.01347	-0.03573	0.03887	0.07957	0.04418	0.04306	0.01837	0.0675	0.03489	-0.06722	0.00912	0.09357	-0.05116	-0.04538	0.05812	0.07703	-0.05193	475.51	768791058	781636065	1000	/scratch.global/lanej/1000G/ngs_dose/1000G_highcov/crams/HG00512.cram	9ab0a0e8,a23ef9ed,7f3b4c3c	184ab16e		14	0.997882	0.998631	0.999724	0.999957	2.057	0.993	1.064	711.044	74.913	scan	M	CHS	EAS	M	0.999804	0.999955	0.998004	NA	-0.08	1.1059	1.0017	394.424	391.7768	434.6072	195.4808	9.5978	2.0032	669.5622	62.7301	382.8951	383.5964	431.5108	202.4161	9.4804	2.002	717.677	50.9788	668.9108	1.0116	1.0434	33.9283	M	698	
HG00513	scan	0.1.0+fae1124	70.864	150	439	450	0.1019	0.9734	1.201	0.0476	0.0473		1.9985	175.5411	719.6167	1.9223	0.0023	present	484.031	484.03	474.57	475.32	0.1555	515.83	0.0684	468.61	570.42	501.87	555.51	391.83	474.67	487.99	605.02	382.49	468.14	404.96	486.29	357.97	433.17	489.6	513.15	109.951	NA	109.95	110.5	0.0757	133.78	0.0276	102.81	124.29	94.92	117.05	9.689	9.69	9.86	9.88	0.1124	9.79	0.0611	15.7733	1.4494	42.4715	50.1128	10.9336	147.7201	0.2378	2.5351	0.6361	0.8681	0.8279	495.09	0.0025	0.0258	-0.05746	-0.49784	0.15284	110.06	0.00451	0.0108	-0.00554	0.01384	0.00615	9.72	0.00198	0.0544	-0.3481	-0.13554	-0.17265	16	0.07148	0.05861	0.07895	0.1898	-0.03102	0.07073	0.00791	0.00472	-0.0192	-0.00894	-0.02542	-0.05428	0.03479	0.08117	-0.03285	-0.04392	0.00257	0.01041	-0.03011	0.02051	-0.01231	-0.00505	-0.00331	0.00711	0.04604	-0.03934	0.04811	0.00403	0.0058	-0.04914	0.01812	-0.00762	455.05	1433119708	1452945989	1000	/scratch.global/lanej/1000G/ngs_dose/1000G_highcov/crams/HG00513.cram	9ab0a0e8,a23ef9ed,7f3b4c3c	184ab16e		14	0.99776	0.999059	0.999579	0.999972	2.025	1.88	0.13	699.022	207.061	scan	F	CHS	EAS	F	0.999688	1.0	0.997833	NA	0.06	1.122	1.0137	507.6508	497.0008	569.5467	108.4255	9.7567	1.9959	707.83	108.4197	487.3298	479.1042	557.4238	110.608	9.7595	1.9968	719.8927	133.8374	622.4984	1.9332	0.1084	61.3896	F	2504	
HG00514	scan	0.1.0+fae1124	37.602	150	446	450	0.0982	0.968	1.2177	0.0608	0.0489		1.9978	210.8072	958.5602	1.9344	0.0013	present	565.511	565.51	549.14	556.0	0.158	610.04	0.0586	551.47	705.12	576.26	649.55	472.62	596.25	545.88	708.64	461.56	589.89	472.15	584.3	421.97	538.09	564.44	600.79	197.422	NA	197.42	195.72	0.0583	247.42	0.0227	179.44	224.67	175.38	223.11	9.687	9.69	10.0	10.04	0.1402	9.94	0.0585	13.9366	1.4822	46.7642	46.5507	11.0015	142.8504	0.2316	2.7061	0.6499	0.8513	0.605	566.22	0.00421	0.0435	0.17987	-0.59233	0.04269	197.12	0.01009	0.0242	-0.01095	0.04482	0.05051	9.88	0.00295	0.0809	-2.39936	-0.03121	0.23081	16	0.09974	-0.02208	-0.05711	0.04554	-0.0042	-0.00079	-0.03959	0.04224	0.11522	0.13607	0.03497	-0.05864	0.04801	0.04848	-0.07405	0.08698	0.02469	-0.01383	0.03689	-0.06122	-0.11911	0.11345	0.04657	0.02203	0.05027	-0.05264	0.081	-0.03873	0.03849	-0.02505	0.01311	-0.05372	413.9	765016624	774749276	1000	/scratch.global/lanej/1000G/ngs_dose/1000G_highcov/crams/HG00514.cram	9ab0a0e8,a23ef9ed,7f3b4c3c	184ab16e		14	0.997762	0.998997	0.999291	0.99977	2.046	1.904	0.123	946.783	262.505	scan	F	CHS	EAS	F	0.999538	0.999833	0.998142	NA	0.22	1.1472	1.0177	564.4151	562.133	649.4174	188.3793	9.7584	1.998	914.3636	141.3144	501.6705	502.9642	575.1949	199.4104	9.6413	1.9972	654.2073	85.6524	869.0788	1.9494	0.105	32.9324	F	698	
HG00524	scan	0.1.0+fae1124	36.191	150	433	450	0.086	0.9627	1.2336	0.081	0.0481		1.998	70.3928	1083.4511	0.9891	0.9974	present	211.486	211.49	201.92	202.88	0.1894	221.38	0.0403	199.59	233.06	211.86	242.27	161.0	188.17	187.87	224.25	160.23	188.86	165.98	200.12	143.78	166.89	209.63	223.66	172.679	NA	172.68	169.18	0.0739	212.74	0.0258	160.98	197.95	145.84	180.96	8.954	8.95	9.11	9.12	0.1398	9.05	0.0491	18.2121	23.0183	50.5893	83.1912	12.2929	155.664	0.2568	2.7572	0.5189	0.8549	0.4743	211.04	0.00339	0.0349	-0.59934	-0.20245	0.25862	170.69	0.00884	0.0212	-0.00569	0.00564	0.03234	8.93	0.00285	0.0781	-0.93244	0.97975	0.4573	16	0.21145	-0.04997	0.04085	-0.13896	0.09924	0.09101	0.0424	-0.24555	0.07086	0.07724	0.00683	-0.04675	0.0771	-0.02461	0.05878	0.08232	0.02986	0.07023	-0.04034	-0.1107	-0.10186	-0.04676	-0.00048	0.00542	0.02931	0.04864	-0.00493	-0.0867	-0.00278	-0.01994	0.03714	0.03061	387.89	728657512	740159293	1000	/scratch.global/lanej/1000G/ngs_dose/1000G_highcov/crams/HG00524.cram	9ab0a0e8,a23ef9ed,7f3b4c3c	184ab16e		14	0.997281	0.998808	0.99919	0.999583	2.057	0.993	1.035	1072.222	84.202	scan	M	CHS	EAS	M	0.999442	0.999664	0.997431	NA	-0.73	1.148	1.0039	222.737	222.619	254.6005	173.8864	8.9032	2.0015	1080.3936	101.3082	195.9288	196.0196	226.0555	172.8491	8.8241	2.0021	923.1848	119.9577	983.7615	1.0062	1.0124	32.178	M	2504	
HG00525	scan	0.1.0+fae1124	34.712	150	442	450	0.0626	0.9776	1.1837	0.066	0.0513		1.9924	89.9352	830.0561	1.9153	0.004	present	517.093	517.09	488.82	483.64	0.2193	515.28	0.0401	480.43	516.41	531.2	576.45	376.55	409.0	480.19	534.28	370.02	405.28	407.1	461.59	346.73	365.58	505.54	524.75	175.487	NA	175.49	170.72	0.099	203.0	0.0193	158.73	182.01	157.43	183.11	9.569	9.57	9.66	9.67	0.1214	9.61	0.0379	21.6224	1.4085	37.3349	49.0297	10.3175	155.0708	0.2334	2.3998	0.5374	0.827	0.6554	514.95	0.00492	0.0507	-0.03544	0.75611	-0.06677	174.34	0.01999	0.0479	0.08423	-0.0051	-0.01809	9.48	0.00267	0.0733	-0.14837	0.36131	0.27302	16	0.18072	0.0327	0.11452	-0.04895	-0.01934	-0.00097	0.0983	0.03844	0.13713	0.04298	0.01443	0.08115	-0.05198	0.02929	0.01402	0.09839	-0.0538	0.04861	-0.05411	0.04519	-0.07901	-0.06398	0.0451	0.08972	-0.04112	-0.01731	-0.08471	0.07712	0.04196	0.01603	0.00492	0.01781	284.43	702746918	712078462	1000	/scratch.global/lanej/1000G/ngs_dose/1000G_highcov/crams/HG00525.cram	9ab0a0e8,a23ef9ed,7f3b4c3c	184ab16e		14	0.996984	0.999164	0.999551	0.999829	2.013	1.859	0.127	801.055	98.816	scan	F	CHS	EAS	F	0.999764	0.999863	0.997283	NA	-0.18	1.1194	1.0316	510.5277	510.4874	571.5735	166.8693	9.4451	1.993	880.3979	80.1168	511.8027	506.5665	591.6758	175.1437	9.6725	1.9949	860.0706	70.1729	747.4235	1.9004	0.1036	31.458	F	2504	
HG00526	scan	0.1.0+fae1124	37.382	150	439	450	0.0871	0.9636	1.2544	0.0567	0.0489		2.0078	57.3693	607.0755	0.9859	0.98	present	381.622	381.62	369.24	368.62	0.1631	416.96	0.0471	374.31	502.5	389.7	447.52	318.68	423.04	379.17	511.86	305.13	408.76	320.97	410.2	285.68	384.92	378.75	405.86	198.811	NA	198.81	197.48	0.0706	256.75	0.0268	183.98	235.95	172.59	226.99	9.79	9.79	9.96	9.94	0.1297	9.88	0.0529	16.0901	22.1152	50.8568	83.4693	10.0215	149.8285	0.2506	2.5675	0.5612	0.8518	0.4943	386.69	0.00344	0.0354	0.10365	-0.12137	-0.28109	198.43	0.00913	0.0219	-0.0338	0.01801	-0.01343	9.79	0.00263	0.0721	-0.79718	0.67707	0.23591	16	0.28791	-0.00056	0.06255	0.07142	-0.06245	-0.05312	0.0103	-0.03257	-0.0237	0.0209	0.01279	0.0091	0.0932	0.00923	0.05397	-0.01934	0.0159	-0.10603	-0.06859	-0.0185	0.0006	0.06951	-0.03676	0.03316	0.02382	-0.00556	0.01511	-0.01982	-0.05082	0.02606	0.0557	-0.14439	292.31	748328542	759351930	1000	/scratch.global/lanej/1000G/ngs_dose/1000G_highcov/crams/HG00526.cram	9ab0a0e8,a23ef9ed,7f3b4c3c	184ab16e		14	0.998035	0.999211	0.999531	0.999861	2.06	0.982	1.041	589.391	66.759	scan	M	CHS	EAS	M	0.999701	0.999874	0.998161	NA	0.13	1.1573	1.0078	388.4266	383.5029	445.565	200.5203	9.7532	2.0101	655.4823	52.4875	367.4724	363.7366	414.9226	196.9569	9.9305	2.0097	693.7339	66.0489	561.0853	1.0002	1.0218	33.1965	M	698	
HG00530	scan	0.1.0+fae1124	37.663	150	424	400	0.0871	0.9688	1.2249	0.0677	0.0385		1.9948	25.1597	856.2682	0.9905	0.9806	present	691.778	691.78	659.85	655.92	0.1737	716.71	0.0561	649.08	754.33	683.14	770.07	499.25	554.82	636.82	760.74	522.57	609.62	549.09	651.05	475.4	542.38	687.01	727.5	188.46	NA	188.46	184.33	0.0872	229.08	0.0266	179.4	216.5	158.95	194.14	9.562	9.56	9.69	9.76	0.122	9.63	0.0497	17.3844	15.3269	45.8765	83.8332	8.7278	135.6059	0.22	3.1544	0.4852	0.7374	0.3284	693.09	0.00258	0.0266	-0.29869	-0.14902	0.32481	185.98	0.00142	0.0034	0.01347	-0.02234	0.00205	9.51	0.00258	0.0708	-0.63555	0.59731	0.21925	16	-0.19981	-0.07064	0.02626	-0.00397	0.08603	0.13688	-0.05166	-0.07764	0.00612	0.02192	0.0186	-0.02155	-0.00506	-0.01909	0.01614	0.03869	-0.05344	0.03366	-0.12984	0.06908	-0.05012	0.01574	0.01759	0.02803	0.01219	0.01889	-0.0241	-0.04436	-0.02542	-0.01762	-0.08401	-0.08127	375.4	752035748	764500703	1000	/scratch.global/lanej/1000G/ngs_dose/1000G_highcov/crams/HG00530.cram	9ab0a0e8,a23ef9ed,7f3b4c3c	184ab16e		14	0.997379	0.998302	0.999594	0.999675	2.013	0.983	0.911	851.597	29.449	scan	M	CHS	EAS	M	0.999748	0.999682	0.99749	NA	-0.15	1.1111	0.9856	704.2572	702.9291	789.4893	186.2828	9.567	1.9915	845.7788	27.9246	630.1114	627.1553	713.0484	188.3408	9.5907	1.9939	888.9097	24.8828	791.6546	1.0016	0.8988	33.2661	M	2504	
HG00531	scan	0.1.0+fae1124	37.882	150	434	450	0.0812	0.9807	1.1518	0.0786	0.0504		1.9929	36.3851	824.0465	1.9277	0.0025	present	461.302	461.3	431.73	426.69	0.2057	448.92	0.0434	406.2	402.16	452.54	490.38	304.49	309.6	377.68	387.26	317.04	322.85	340.49	371.81	283.99	276.52	452.76	470.18	211.649	NA	211.65	206.75	0.0874	236.87	0.0249	190.4	210.34	180.99	202.7	8.666	8.67	8.72	8.68	0.1102	8.7	0.0481	15.6895	1.2752	42.7571	46.8329	8.13	156.1925	0.2113	2.7249	0.4685	0.6411	0.5857	454.18	0.00535	0.0551	-0.1273	0.40988	0.52388	210.53	0.00943	0.0226	0.00855	-0.02743	-0.01235	8.56	0.00263	0.0722	0.32566	0.06135	-0.13127	16	0.26429	-0.00019	0.00663	-0.03145	-0.04184	-0.06186	0.11925	-0.00356	-0.02831	-0.01541	-0.06495	-0.06719	-0.02129	-0.02001	-0.04433	-0.08679	0.00847	0.02193	0.01245	0.03557	0.05248	-0.02829	0.07559	-0.01109	0.06988	0.03102	0.01328	0.18876	-0.02007	-0.01728	-0.09978	-0.01148	505.14	765616452	775314280	1000	/scratch.global/lanej/1000G/ngs_dose/1000G_highcov/crams/HG00531.cram	9ab0a0e8,a23ef9ed,7f3b4c3c	184ab16e		14	0.996912	0.998988	0.999331	0.999791	2.037	1.888	0.114	813.903	40.519	scan	F	CHS	EAS	F	0.999688	0.999802	0.997231	NA	-1.1	1.0797	0.9964	450.5231	458.1549	480.5308	212.4267	8.5528	1.9941	800.7893	36.3283	474.0134	474.7162	544.8463	224.2908	8.5558	1.9968	818.8578	56.2226	754.4745	1.9276	0.0936	33.7839	F	2504	DJ -1.10 copies
HG00532	scan	0.1.0+fae1124	38.519	150	451	450	0.0706	0.9572	1.2923	0.0642	0.0462		2.0048	25.6577	672.9668	0.9781	0.9748	present	842.273	842.27	806.74	807.95	0.1753	917.24	0.0578	805.55	1075.45	867.83	1013.65	668.91	882.61	809.66	1103.35	642.59	859.68	682.32	885.14	601.86	796.33	832.97	899.5	195.498	NA	195.5	193.63	0.0764	256.94	0.0213	175.7	230.69	171.93	229.01	9.537	9.54	9.65	9.65	0.1198	9.56	0.0412	18.516	15.5714	43.4025	78.429	8.2435	137.7926	0.2266	3.2995	0.4866	0.6656	0.3402	847.22	0.00264	0.0273	-0.36139	-0.15691	0.14723	194.01	0.00335	0.008	0.00379	0.01111	-0.00927	9.49	0.00253	0.0694	-0.12648	-0.13437	0.04359	16	0.00366	0.05393	0.0618	0.01983	-0.0047	0.02655	0.07105	0.03434	0.07313	0.08198	0.05465	-0.09571	0.04933	-0.01078	-0.05557	0.08571	-0.09132	0.03259	0.02858	-0.00708	0.01793	-0.03055	-0.00079	-0.03762	-0.04293	-0.03537	-0.07934	0.08142	-0.06361	-0.01713	-0.01988	0.04012	230.89	767245442	778334701	1000	/scratch.global/lanej/1000G/ngs_dose/1000G_highcov/crams/HG00532.cram	9ab0a0e8,a23ef9ed,7f3b4c3c	184ab16e		14	0.997435	0.998818	0.999605	0.999622	2.021	0.982	0.882	672.947	31.558	scan	M	CHS	EAS	M	0.999729	0.999668	0.997798	NA	-0.17	1.1964	1.0243	868.9589	863.7743	1040.1719	184.4274	9.5311	2.0027	651.4868	27.2565	787.0247	784.1727	907.2258	215.5299	9.5557	2.0043	673.1641	29.1875	637.7479	1.0044	0.8726	34.7272	M	698	
HG00533	scan	0.1.0+fae1124	37.495	150	415	400	0.0852	0.9597	1.2636	0.0644	0.048		1.994	24.3871	728.3167	0.9872	0.9626	present	378.736	378.74	364.25	369.89	0.1661	415.46	0.0478	362.48	486.8	392.24	455.48	295.99	386.14	388.02	523.86	305.96	409.86	322.05	412.28	268.73	357.73	374.48	406.43	189.771	NA	189.77	190.16	0.0702	245.17	0.0232	172.81	222.11	165.1	214.61	9.803	9.8	9.96	10.0	0.1085	9.88	0.0499	16.7372	13.4762	45.286	79.2922	9.6667	136.5051	0.232	2.8451	0.8454	0.8267	0.7891	381.97	0.00327	0.0337	-0.09672	-0.26418	-0.16366	188.86	0.00632	0.0151	-0.02276	0.01557	-0.00603	9.82	0.00257	0.0705	-0.58574	0.3309	-0.07904	16	0.18895	-0.01787	0.05628	0.04528	0.08702	-0.01232	0.04396	-0.18658	0.07947	0.0254	4e-05	-0.06991	0.08443	-0.0714	-0.01589	0.01318	-0.00452	-0.0786	-0.05797	-0.06407	0.04443	0.0215	-0.07341	-0.05167	-0.02479	-0.00755	0.06211	-0.03112	-0.04758	-0.0391	-0.06767	-0.08859	217.95	745644332	756983413	1000	/scratch.global/lanej/1000G/ngs_dose/1000G_highcov/crams/HG00533.cram	9ab0a0e8,a23ef9ed,7f3b4c3c	184ab16e		14	0.997801	0.999209	0.999589	0.999825	2.026	0.979	0.891	713.587	29.523	scan	M	CHS	EAS	M	0.999548	0.999852	0.99796	NA	0.16	1.1924	1.0269	401.2751	397.1554	475.6443	191.0207	9.7746	1.9957	701.958	31.0975	357.3749	354.9543	415.5783	181.6487	9.8857	1.9981	730.0503	40.0478	670.3354	1.0	0.8846	33.1029	M	2504	
HG00534	scan	0.1.0+fae1124	37.83	150	442	450	0.0913	0.98	1.1825	0.0606	0.0451		1.9955	51.7921	659.076	1.9499	0.0027	present	455.739	455.74	434.82	434.45	0.1907	461.26	0.0497	428.85	464.22	447.01	491.14	345.98	378.7	427.27	473.33	346.46	380.85	358.39	408.52	312.9	335.98	451.03	470.98	160.51	NA	160.51	159.18	0.0828	186.93	0.0263	144.57	167.17	139.5	163.26	9.569	9.57	9.7	9.67	0.1195	9.64	0.054	13.1509	1.962	42.9051	52.8626	10.0601	143.8506	0.237	3.2956	0.5454	0.8426	0.4283	457.03	0.00283	0.0292	-0.18419	0.12407	0.15969	159.56	0.004	0.0096	0.00238	-0.01151	0.01246	9.53	0.00258	0.0709	-0.77715	-0.07012	-0.15093	16	0.09718	-0.03037	-0.11639	0.15484	-0.00644	-0.06879	-0.05076	-0.09533	-0.0535	-0.06065	-0.02525	0.08491	0.00563	-0.05953	-0.0315	-0.06874	0.00532	0.01639	-0.06034	0.03036	-0.03291	0.03773	0.16931	-0.06688	-0.06238	0.1108	-0.15447	0.01781	0.04402	0.06348	-0.03282	0.0752	298.14	763598426	774488343	1000	/scratch.global/lanej/1000G/ngs_dose/1000G_highcov/crams/HG00534.cram	9ab0a0e8,a23ef9ed,7f3b4c3c	184ab16e		14	0.997648	0.998635	0.999593	0.999943	2.04	1.882	0.131	639.146	58.99	scan	F	CHS	EAS	F	0.999719	0.999963	0.99791	NA	-0.13	1.0746	0.9781	455.2789	452.3026	492.692	164.7137	9.3985	1.9982	685.1935	47.0382	446.0	442.9015	504.1643	162.5554	9.4078	1.9959	718.6384	83.9968	602.9142	1.9262	0.1082	33.2768	F	2504	
HG00535	scan	0.1.0+fae1124	36.493	150	441	450	0.0891	0.9636	1.2497	0.0677	0.0549		1.9857	35.3147	799.8965	0.9843	0.9723	present	442.951	442.95	431.88	436.76	0.1732	485.01	0.0508	449.69	587.6	454.39	521.18	370.83	479.15	456.32	606.69	359.4	470.18	374.34	472.57	342.8	444.49	441.2	472.75	181.997	NA	182.0	179.86	0.0711	231.92	0.0235	161.79	205.85	154.45	199.34	9.473	9.47	9.68	9.73	0.1312	9.61	0.051	15.8969	15.32	38.5587	74.0332	10.9649	147.1634	0.2471	3.4348	0.8892	0.9051	0.5521	449.12	0.00278	0.0287	-0.23134	-0.31999	-0.15096	180.44	0.01083	0.0259	-0.0515	0.0128	-0.02006	9.54	0.00278	0.0762	-1.351	-0.61411	0.45636	16	0.21807	0.06322	0.14583	0.00226	-0.08695	0.02901	0.14851	0.0385	0.15568	0.08172	0.04149	0.04453	0.00769	-0.17028	-0.09479	0.07962	-0.0593	0.11422	-0.13407	-0.04773	-0.00893	-0.06717	0.01949	0.03179	0.09416	0.00337	-0.03726	-0.00115	0.01749	0.12414	0.09655	-0.05001	534.53	729964312	740708685	1000	/scratch.global/lanej/1000G/ngs_dose/1000G_highcov/crams/HG00535.cram	9ab0a0e8,a23ef9ed,7f3b4c3c	184ab16e		14	0.997653	0.998647	0.999409	0.999716	2.039	0.989	0.893	798.09	42.689	scan	M	CHS	EAS	M	0.999384	0.999786	0.997889	NA	-0.12	1.1604	1.0117	454.6004	446.6969	526.4752	171.2792	9.5995	1.9853	852.8102	48.2781	384.7003	381.3578	437.0273	193.1384	9.7432	1.9877	949.7035	49.884	750.9485	1.0068	0.8876	32.3804	M	698	
HG00536	scan	0.1.0+fae1124	33.994	150	426	450	0.0793	0.9524	1.2642	0.0819	0.0442		2.0054	14.4366	776.9621	0.9963	0.9847	present	414.966	414.97	404.99	409.2	0.1654	455.12	0.0447	415.09	520.64	421.73	489.83	353.12	438.57	448.35	575.4	340.23	428.31	352.82	442.04	326.69	406.13	413.73	447.79	200.954	NA	200.95	199.91	0.0751	255.91	0.026	186.27	237.4	173.78	223.69	9.624	9.62	9.74	9.78	0.1217	9.69	0.0459	15.9912	13.8071	52.9839	83.6395	11.5241	140.8525	0.2651	3.5494	0.8025	0.8374	0.2752	419.88	0.00376	0.0388	-0.34559	-0.53051	-0.26509	199.48	0.00279	0.0067	0.00245	0.01702	0.00084	9.59	0.00274	0.0753	0.34502	0.31088	0.04986	16	-0.09073	0.02592	0.031	-0.05573	0.03485	0.10064	0.03724	-0.10712	0.12862	0.21411	0.08915	-0.00089	-0.0085	-0.15806	-0.00494	0.01955	0.03631	-0.02729	-0.02563	-0.03587	0.07723	-0.00255	-0.11899	-0.02573	0.01894	0.13057	0.00937	0.00908	-0.0039	0.06582	-0.01256	-0.03744	320.81	678868510	690177829	1000	/scratch.global/lanej/1000G/ngs_dose/1000G_highcov/crams/HG00536.cram	9ab0a0e8,a23ef9ed,7f3b4c3c	184ab16e		14	0.997802	0.998446	0.999462	0.999815	2.042	0.99	0.917	764.677	17.687	scan	M	CHS	EAS	M	0.999651	0.999841	0.998026	NA	-0.07	1.1666	1.0044	421.0309	416.8436	483.9503	200.3737	9.6496	2.005	769.534	18.0729	396.8368	391.9615	455.0821	194.7421	9.6628	2.0028	766.8898	18.9235	720.621	1.008	0.9084	30.3578	M	2504	
HG00537	scan	0.1.0+fae1124	34.155	150	420	400	0.0589	0.9759	1.1911	0.0542	0.0554		1.9953	14.9638	809.4467	1.917	0.0029	present	566.332	566.33	536.78	536.81	0.2037	573.07	0.0407	532.03	589.8	581.3	640.96	380.86	405.57	538.43	616.01	403.96	452.19	447.6	512.91	384.39	417.04	557.09	584.68	126.734	NA	126.73	125.11	0.1073	149.02	0.0193	112.32	130.35	110.82	131.09	9.559	9.56	9.68	9.67	0.122	9.63	0.0338	18.4476	1.2585	48.3849	45.6004	10.0541	150.7171	0.2365	2.6932	0.7365	0.7892	0.5032	570.12	0.00491	0.0506	-0.77501	0.14694	0.30498	127.25	0.01074	0.0257	0.08503	-0.054	-0.01813	9.51	0.00267	0.0734	-0.03629	0.3463	0.64497	16	0.23925	0.14879	0.14368	0.03261	0.02057	0.13322	-0.04102	0.08209	-0.02282	-0.04298	-0.10904	-0.05024	0.01855	0.10757	-0.07476	0.00565	-0.04915	-0.00145	0.03002	-0.00144	-0.03813	-0.15168	-0.04498	-0.01977	0.00885	-0.0629	0.02522	-0.03364	0.0386	0.02207	-0.06401	0.11392	473.53	690630810	699648806	1000	/scratch.global/lanej/1000G/ngs_dose/1000G_highcov/crams/HG00537.cram	9ab0a0e8,a23ef9ed,7f3b4c3c	184ab16e		14	0.996915	0.998685	0.999659	0.999974	2.084	1.86	0.122	786.551	16.447	scan	F	CHS	EAS	F	0.999792	1.0	0.99728	NA	-0.15	1.1243	1.0196	556.7435	552.7727	627.4467	125.38	9.6099	1.9966	790.0459	11.0815	628.2516	618.9363	712.9994	125.8862	9.657	1.9959	831.949	13.2205	732.0991	1.9012	0.0988	31.0028	F	2504	
HG00538	scan	0.1.0+fae1124	37.92	150	446	450	0.0999	0.9712	1.1948	0.057	0.0525		1.9935	34.7042	677.6923	0.984	0.9703	present	441.204	441.2	426.96	428.62	0.1676	467.88	0.0531	418.18	520.98	453.35	505.35	367.88	450.95	464.88	583.02	356.13	441.12	375.38	452.49	343.6	428.46	437.95	461.95	171.122	NA	171.12	170.28	0.072	208.37	0.0288	150.96	184.65	150.83	185.66	9.676	9.68	9.8	9.78	0.1224	9.74	0.0584	17.6845	13.7149	63.6833	76.0691	10.5207	141.2981	0.2521	3.2844	0.6612	0.8028	0.4507	445.77	0.00268	0.0276	-0.42138	-0.43496	-0.16533	170.53	0.00534	0.0128	-0.00606	0.00734	0.00915	9.61	0.00271	0.0742	-0.42381	0.31402	0.32906	16	0.17817	0.13654	0.15127	-0.03533	0.06404	-0.01044	-0.0936	0.09228	0.07089	0.15028	0.0111	-0.01489	0.11572	-0.09871	-0.0183	0.00244	-0.00226	-0.0686	0.04944	0.10624	-0.00828	0.00907	0.06843	-0.04629	-0.01612	0.01834	-0.11241	0.02638	-0.03513	-0.02375	-0.04244	0.00189	374.02	757298004	769227388	1000	/scratch.global/lanej/1000G/ngs_dose/1000G_highcov/crams/HG00538.cram	9ab0a0e8,a23ef9ed,7f3b4c3c	184ab16e		14	0.9977	0.998877	0.999586	0.999932	2.083	0.978	0.879	672.437	41.404	scan	M	CHS	EAS	M	0.999798	0.999947	0.99783	NA	-0.05	1.1337	1.017	410.3212	407.5845	454.3651	173.222	9.7087	1.9975	681.3546	42.3446	418.3878	416.1556	476.9762	161.0296	9.7842	1.9953	724.678	42.364	637.6493	0.9964	0.8802	33.2213	M	698	
HG00542	scan	0.1.0+fae1124	36.105	150	434	450	0.0686	0.9754	1.2386	0.0736	0.0434		1.9863	81.9333	638.9395	0.9885	0.9909	present	245.776	245.78	233.88	236.41	0.2306	252.94	0.0364	229.51	265.06	258.97	288.89	182.51	209.68	223.17	265.61	174.11	202.73	192.22	229.23	153.87	175.15	242.63	255.38	249.106	NA	249.11	240.52	0.1043	303.8	0.0248	218.03	266.72	220.6	270.76	9.703	9.7	9.73	9.71	0.1186	9.66	0.0409	18.4527	14.9986	36.3805	69.8578	9.5714	156.5368	0.2466	3.4679	0.5122	0.8229	0.4121	249.56	0.00559	0.0576	-1.37427	0.36566	0.10894	246.21	0.01537	0.0368	0.09382	-0.02861	0.00929	9.54	0.00269	0.0739	-0.40021	0.4507	0.39835	16	-0.12763	-0.00525	-0.01541	-0.086	0.11693	0.09974	0.04294	-0.08375	0.01807	-0.07433	-0.03508	-0.06628	-0.02091	-0.05369	-0.01861	0.05776	-0.10173	-0.02601	0.07566	-0.03089	-0.08662	-0.06007	-0.12981	-0.05177	-0.02762	-0.06029	0.00082	-0.03942	-0.06716	-0.02739	-0.02865	-0.03817	379.86	716646890	727598909	1000	/scratch.global/lanej/1000G/ngs_dose/1000G_highcov/crams/HG00542.cram	9ab0a0e8,a23ef9ed,7f3b4c3c	184ab16e		14	0.996923	0.998504	0.99952	0.99989	1.998	0.982	0.886	621.956	95.814	scan	M	CHS	EAS	M	0.999736	0.999924	0.997114	NA	-0.12	1.1576	1.0377	257.3741	252.9855	301.5686	245.461	9.599	1.9853	623.727	130.3055	253.2301	248.0562	292.7484	244.1384	9.7005	1.9876	676.8581	110.2684	589.2139	1.0056	0.8784	32.4002	M	2504	
HG00543	scan	0.1.0+fae1124	42.477	150	431	450	0.091	0.9677	1.2385	0.0672	0.048		2.0	62.9787	683.978	1.9297	0.0027	present	445.093	445.09	432.21	431.47	0.1619	481.75	0.0528	422.19	549.21	453.45	513.89	358.76	458.94	452.23	589.39	351.96	454.25	373.36	463.79	321.68	419.12	446.39	475.37	321.793	NA	321.79	320.37	0.0761	402.74	0.0296	295.63	371.49	276.15	349.42	8.71	8.71	8.84	8.84	0.1056	8.78	0.0536	15.8465	1.6803	36.7008	60.395	9.28	142.3694	0.2231	3.5215	0.5868	0.7357	0.8748	452.51	0.00237	0.0244	-0.24582	-0.4441	0.0919	318.65	0.00751	0.018	-0.02138	0.00299	-0.01209	8.68	0.00247	0.0676	-0.18983	-0.03791	0.30574	16	0.12816	0.02412	0.05989	-0.01578	-0.01442	0.03656	0.04588	0.07127	-0.01386	0.02218	0.02481	0.0718	0.04869	0.05944	-0.01442	0.00694	-0.00301	0.04003	-0.00268	-0.06527	-0.02616	0.06547	-0.02411	0.02514	0.11274	0.05209	0.06651	-0.04097	0.07356	-0.05287	0.01212	0.08554	342.56	854996634	868002501	1000	/scratch.global/lanej/1000G/ngs_dose/1000G_highcov/crams/HG00543.cram	9ab0a0e8,a23ef9ed,7f3b4c3c	184ab16e		14	0.997499	0.999216	0.999645	0.999898	1.982	1.874	0.136	680.389	73.391	scan	F	CHS	EAS	F	0.999762	0.999929	0.997819	NA	-0.98	1.1356	1.0021	441.3557	433.9985	499.7296	313.3009	8.6983	2.0009	697.0955	55.6808	427.925	423.2488	482.3188	308.0395	8.7424	2.0008	611.7773	45.1543	636.5357	1.9244	0.1128	37.2161	F	2504	DJ -0.98 copies
HG00544	scan	0.1.0+fae1124	36.427	150	444	450	0.0881	0.9704	1.2217	0.0644	0.0506		2.0048	53.7971	674.4454	1.9402	0.0023	present	334.347	334.35	325.9	326.77	0.1598	362.98	0.0465	330.68	428.38	345.93	391.59	280.58	362.5	363.9	474.81	265.7	345.44	285.17	355.01	254.37	330.38	333.54	354.73	110.911	NA	110.91	110.25	0.0684	139.35	0.0238	97.97	121.39	96.18	123.06	9.706	9.71	9.81	9.78	0.1125	9.74	0.0543	19.4109	1.795	27.8598	58.9839	9.7758	157.1014	0.2454	3.7568	0.5084	0.7605	0.4498	339.18	0.00333	0.0344	-0.00083	-0.32697	-0.2453	109.58	0.00643	0.0154	-0.01216	0.05055	-0.01946	9.63	0.00258	0.0708	-0.24289	0.45543	0.1146	16	0.23233	0.037	0.00803	-0.07797	-0.02556	0.01521	0.07316	0.02661	0.01793	0.05999	0.04888	-0.065	-0.02663	-0.04853	0.06619	0.01719	-0.05848	0.07201	-0.02912	0.02224	0.04566	-0.03889	0.07507	0.06548	-0.04651	-0.06257	-0.04981	-0.02181	0.04409	-0.00209	0.04309	0.11298	452.06	735242344	746004658	1000	/scratch.global/lanej/1000G/ngs_dose/1000G_highcov/crams/HG00544.cram	9ab0a0e8,a23ef9ed,7f3b4c3c	184ab16e		14	0.997629	0.998771	0.9996	0.999895	1.998	1.88	0.138	666.521	64.706	scan	F	CHS	EAS	F	0.999773	0.999892	0.997939	NA	-0.03	1.1545	1.0199	335.8239	331.6858	383.6412	109.1095	9.6277	2.0059	740.1353	62.0112	328.9337	327.1086	377.7261	114.7408	9.7151	2.0058	837.691	89.057	631.6701	1.9234	0.116	32.234	F	698	
HG00551	scan	0.1.0+fae1124	50.98	150	424	400	0.0835	0.9438	1.3374	0.0451	0.0446		1.9894	30.4596	831.8763	1.8969	0.0026	present	502.407	502.41	489.6	493.78	0.1603	581.07	0.0571	486.76	722.29	527.68	637.54	391.91	558.31	507.95	753.5	403.84	593.97	425.28	584.17	379.25	556.53	505.9	560.95	173.441	NA	173.44	171.37	0.0695	240.17	0.0295	156.63	217.26	154.82	215.51	9.662	9.66	9.77	9.79	0.1179	9.67	0.0476	23.2248	2.2462	42.3184	59.2394	8.8745	137.9578	0.2318	2.8165	0.681	0.8311	0.8507	510.53	0.00376	0.0388	0.19028	-0.39237	-0.01938	171.75	0.00701	0.0168	0.00677	0.03849	0.00462	9.63	0.00229	0.0628	-0.65595	0.23325	-0.14218	16	0.03422	0.03172	0.01948	0.05928	-0.03117	-0.12989	0.07181	-0.06959	0.01652	0.00098	-0.03718	-0.00953	-0.00178	0.0141	0.00408	-0.09922	-0.0442	0.05003	0.00026	-0.03385	0.04919	0.03962	-0.02586	-0.0014	0.04152	-0.02178	-0.05208	0.00548	0.0107	-0.04932	-0.02687	-0.00283	365.64	1023874254	1040113307	1000	/scratch.global/lanej/1000G/ngs_dose/1000G_highcov/crams/HG00551.cram	9ab0a0e8,a23ef9ed,7f3b4c3c	184ab16e		14	0.997513	0.999123	0.99963	0.999902	2.01	1.819	0.14	816.72	39.67	scan	F	PUR	AMR	F	0.999707	0.999931	0.997827	NA	-0.03	1.2488	1.0336	511.1935	504.231	628.0152	175.3362	9.6108	1.9909	790.2815	25.7872	490.7183	485.8244	569.0141	186.4617	9.556	1.9931	830.1969	30.1107	744.3129	1.8728	0.116	44.8093	F	2504	
HG00552	scan	0.1.0+fae1124	38.725	150	445	450	0.0953	0.9652	1.2267	0.0523	0.0517		1.9946	64.9409	821.3541	0.9793	0.9445	present	509.699	509.7	494.08	497.09	0.1551	554.94	0.0547	496.23	653.12	513.0	587.54	424.36	549.83	509.66	676.25	410.26	537.57	426.47	535.35	378.06	497.66	508.2	544.43	123.089	NA	123.09	123.25	0.0615	155.74	0.0271	111.36	140.99	106.35	136.45	9.614	9.61	9.86	9.9	0.1245	9.79	0.0548	18.8218	9.2981	49.6792	73.7872	10.5569	131.7384	0.2454	2.4144	0.6626	0.9017	0.9334	514.57	0.00371	0.0382	0.2843	-0.29671	-0.12151	122.46	0.00739	0.0177	-0.06128	0.02167	0.01154	9.7	0.00278	0.0762	-1.21059	0.16102	-0.08236	16	0.13905	0.24751	0.20189	0.17509	0.0092	-0.16254	-0.04872	-0.04883	0.10275	0.10474	-0.07994	-0.09449	-0.03197	0.11135	0.05565	-0.00568	0.01784	0.03293	0.00195	0.00567	-0.00165	-0.06918	-0.07198	-0.04499	0.12026	-0.01154	-0.05262	-0.01305	0.02224	-0.01925	-0.05137	0.03607	303.6	768797050	781180953	1000	/scratch.global/lanej/1000G/ngs_dose/1000G_highcov/crams/HG00552.cram	9ab0a0e8,a23ef9ed,7f3b4c3c	184ab16e		14	0.997863	0.999192	0.999626	0.999823	2.005	0.965	0.758	802.538	78.443	scan	M	PUR	AMR	M	0.999659	0.999862	0.997712	NA	0.04	1.1418	0.9969	505.7295	501.9328	564.7372	122.7983	9.6841	1.9968	784.1031	34.2094	491.1376	487.6293	556.8118	127.4482	9.6675	1.9988	751.8914	49.3791	751.0913	0.9874	0.7598	33.9269	M	698	
HG00553	scan	0.1.0+fae1124	38.985	150	419	400	0.0809	0.9583	1.2463	0.0658	0.0522		2.0053	83.7982	739.1645	0.987	0.9512	present	566.299	566.3	547.1	552.99	0.1544	613.81	0.0506	539.23	691.34	567.45	652.36	448.59	552.44	571.22	739.25	451.96	576.3	473.76	589.13	422.73	535.33	565.12	608.68	181.598	NA	181.6	181.43	0.0705	228.93	0.0257	167.3	211.16	161.1	203.77	9.671	9.67	9.83	9.81	0.1102	9.76	0.0476	12.4016	16.6617	61.023	88.1647	10.0839	142.99	0.2535	2.8499	0.6912	0.912	0.5907	568.12	0.00409	0.0422	0.36983	-0.49849	-0.07158	179.74	0.00514	0.0123	-0.01282	0.02805	0.00978	9.67	0.00272	0.0746	0.11811	0.48722	0.02901	16	0.11194	0.06455	0.18476	0.13204	0.12704	0.16475	0.07422	-0.12346	0.09546	0.10755	-0.00263	0.02774	0.02304	0.0232	-0.00837	-0.05651	0.01818	-0.03374	-6e-05	-0.13412	0.0067	-0.00415	0.10208	-0.06138	-0.0109	0.06385	0.00906	0.00279	0.08149	0.03743	-0.01164	-0.14522	443.71	783531528	797934945	1000	/scratch.global/lanej/1000G/ngs_dose/1000G_highcov/crams/HG00553.cram	9ab0a0e8,a23ef9ed,7f3b4c3c	184ab16e		14	0.997773	0.999136	0.999567	0.99991	2.09	0.987	0.81	723.337	103.429	scan	M	PUR	AMR	M	0.999705	0.999967	0.997932	NA	0.01	1.1483	0.9988	579.546	578.2851	654.8566	181.0897	9.7181	2.0029	701.096	55.9407	525.3234	524.7735	597.6823	183.9144	9.769	2.0032	696.8043	61.6418	676.4461	1.0006	0.7944	34.8206	M	2504	
HG00554	scan	0.1.0+fae1124	38.368	150	431	450	0.104	0.963	1.287	0.0664	0.0395		2.0059	26.1098	935.4576	1.9407	0.0027	present	338.002	338.0	321.08	321.93	0.1874	358.01	0.0509	315.9	387.58	335.86	390.29	248.96	305.49	303.73	385.43	251.51	312.75	259.81	326.77	222.36	268.66	334.95	359.76	201.995	NA	201.99	197.28	0.0902	259.69	0.0349	191.39	244.43	171.53	223.07	8.869	8.87	8.92	8.92	0.1117	8.84	0.0595	21.8065	1.4569	44.879	57.1405	9.1608	150.2983	0.2247	2.3246	0.6204	0.7303	0.6946	338.55	0.00343	0.0353	-0.32557	0.11344	0.21905	199.94	0.00674	0.0161	0.0219	-0.02578	-0.01928	8.77	0.00278	0.0763	0.99633	0.00414	-0.47284	16	-0.05983	0.04491	0.00484	-0.09102	-0.09666	-0.06911	0.10799	-0.11014	-0.02008	-0.08113	-0.02913	0.06729	-0.01575	0.07425	-0.0081	-0.06364	0.01835	-0.05177	-0.00128	0.09126	-0.11145	0.02335	-0.03041	0.00969	-0.03856	0.0877	-0.05143	-0.03526	0.05962	-0.06269	0.04023	0.03575	253.59	775630970	787040343	1000	/scratch.global/lanej/1000G/ngs_dose/1000G_highcov/crams/HG00554.cram	9ab0a0e8,a23ef9ed,7f3b4c3c	184ab16e		14	0.997439	0.998804	0.999456	0.999893	2.039	1.876	0.129	918.428	31.502	scan	F	PUR	AMR	F	0.999778	0.999886	0.997632	NA	-0.89	1.1528	0.9921	347.128	346.857	397.5628	202.9242	8.8188	2.0105	880.5824	28.708	349.1134	348.8644	392.6139	188.8138	8.8221	2.0081	834.3487	47.6814	852.4079	1.919	0.1076	33.2987	F	2504	DJ -0.89 copies
HG00555	scan	0.1.0+fae1124	35.221	150	439	450	0.0687	0.9704	1.2268	0.0618	0.0552		1.9921	37.1906	825.1398	1.9102	0.0019	present	405.232	405.23	386.85	381.8	0.1914	422.61	0.0418	387.44	462.95	409.86	461.96	303.25	359.91	381.67	463.65	292.87	351.02	317.34	382.81	256.8	305.9	401.58	424.86	123.324	NA	123.32	124.19	0.0849	151.68	0.0191	111.03	136.8	106.09	131.63	9.621	9.62	9.76	9.81	0.1278	9.69	0.0379	15.1697	1.23	55.9195	63.5232	8.9491	152.4604	0.2343	2.5503	0.7138	0.7714	0.5473	406.27	0.00379	0.0391	-0.28028	0.13485	0.25471	122.54	0.00805	0.0193	0.02437	-0.01442	0.05984	9.6	0.00282	0.0773	0.73473	-0.00014	-0.1777	16	0.23629	0.14945	0.214	0.05538	-0.07286	0.04611	0.09363	0.06707	0.01106	0.00509	0.0014	-0.10955	-0.05972	-0.02794	-0.06609	-0.00461	-0.0071	0.00742	0.00727	4e-05	0.02074	0.00823	-0.05023	0.12715	0.05144	0.03535	-0.00101	-0.073	-0.03867	0.05758	-0.06285	-0.00985	278.81	714014864	724561848	1000	/scratch.global/lanej/1000G/ngs_dose/1000G_highcov/crams/HG00555.cram	9ab0a0e8,a23ef9ed,7f3b4c3c	184ab16e		14	0.997273	0.999047	0.999538	0.999799	2.093	1.864	0.133	791.793	46.058	scan	F	PUR	AMR	F	0.999721	0.99987	0.997194	NA	-0.06	1.1371	1.0088	409.2715	409.0523	462.331	118.1991	9.7405	1.9902	831.455	37.9692	435.5895	434.1938	496.2863	117.5656	9.8002	1.9925	794.5134	25.8755	739.9362	1.904	0.1074	31.8384	F	698	
HG00556	scan	0.1.0+fae1124	32.919	150	419	400	0.0742	0.9669	1.2474	0.069	0.0472		2.0032	11.3008	824.4857	0.99	0.9671	present	410.195	410.2	391.54	395.32	0.1573	438.49	0.0434	389.52	505.73	411.56	466.27	310.98	396.82	411.36	535.31	324.84	420.12	338.45	422.15	301.74	391.32	404.53	433.04	149.085	NA	149.09	148.26	0.077	187.24	0.0225	138.52	173.33	126.5	159.7	9.528	9.53	9.68	9.64	0.1335	9.61	0.043	13.5459	13.4232	62.1334	74.743	10.1949	141.3156	0.244	2.9784	0.5589	0.8515	0.7561	410.77	0.00368	0.038	0.00549	-0.29533	-0.15309	148.53	0.01336	0.032	-0.05257	-0.02591	0.00803	9.52	0.00289	0.0793	-1.02727	0.4333	0.41045	16	-0.05732	0.09391	0.23935	0.09328	0.09756	0.14157	-0.03944	-0.1082	-0.01172	0.04653	-0.02881	-0.06089	-0.00565	-0.03469	-0.02269	-0.0427	0.07878	0.03526	-0.03704	0.00476	0.07085	0.17187	-0.00627	-0.13737	-0.01553	0.04906	0.10788	-0.01851	-0.02344	0.02444	-0.08458	-0.02701	219.77	654821738	664591617	1000	/scratch.global/lanej/1000G/ngs_dose/1000G_highcov/crams/HG00556.cram	9ab0a0e8,a23ef9ed,7f3b4c3c	184ab16e		14	0.998098	0.999184	0.99963	0.99987	2.089	0.977	0.881	835.657	13.263	scan	M	CHS	EAS	M	0.999705	0.999866	0.998111	NA	-0.14	1.1351	1.0019	413.9798	414.7162	466.1845	151.4408	9.7044	2.0001	773.0484	11.6737	424.0241	425.129	480.686	149.8304	9.7706	1.9981	857.2229	8.8377	778.9996	0.9972	0.8742	29.4223	M	2504	
HG00557	scan	0.1.0+fae1124	36.861	150	456	450	0.0743	0.9688	1.2577	0.061	0.036		1.9951	25.1568	657.1325	1.9503	0.0027	present	557.201	557.2	530.01	528.55	0.1642	589.66	0.0475	513.44	659.65	554.92	632.2	422.89	536.69	549.3	715.5	421.04	540.59	443.79	556.7	387.17	496.03	551.03	585.61	161.36	NA	161.36	160.35	0.0811	205.43	0.0196	138.43	176.28	142.52	183.83	9.667	9.67	9.73	9.74	0.1242	9.65	0.0437	19.2707	1.5368	59.803	58.9239	9.1797	152.758	0.2402	3.2709	0.5011	0.8162	0.747	554.51	0.00238	0.0246	-0.28791	-0.44223	0.34763	160.37	0.00254	0.0061	0.00762	0.00472	-0.01589	9.58	0.0025	0.0687	-0.75016	0.14409	0.76258	16	-0.33298	-0.00941	-0.00193	-0.08228	-0.12806	-0.08212	0.12743	-0.06032	0.032	-0.01047	-0.03123	-0.01716	-0.03488	0.05716	0.084	-0.07719	0.08115	-0.03246	-0.03267	-0.01013	-0.03343	0.01744	0.00934	0.06256	-0.08435	-0.02187	0.00398	-0.01837	-0.06066	-0.05252	-0.07022	-0.09543	270.9	742655738	753419391	1000	/scratch.global/lanej/1000G/ngs_dose/1000G_highcov/crams/HG00557.cram	9ab0a0e8,a23ef9ed,7f3b4c3c	184ab16e		14	0.997617	0.999258	0.99964	0.999824	2.036	1.894	0.14	665.08	29.712	scan	F	CHS	EAS	F	0.999734	0.999907	0.997931	NA	-0.08	1.1401	1.0007	570.6047	576.9146	640.6011	162.1875	9.6911	1.9942	629.9719	23.7402	575.3688	581.2035	646.8972	168.8387	9.6797	1.9943	686.6311	22.8866	631.0552	1.946	0.1164	32.9719	F	2504	
HG00558	scan	0.1.0+fae1124	36.09	150	445	450	0.0856	0.959	1.2676	0.0658	0.0475		1.9841	17.9427	759.7174	1.9161	0.0021	present	377.027	377.03	362.25	361.24	0.1603	409.11	0.0482	360.66	482.71	390.28	447.42	320.41	422.08	374.2	507.29	306.69	409.24	315.19	402.46	279.03	371.63	371.5	398.61	177.517	NA	177.52	176.24	0.0633	228.62	0.0261	167.02	215.13	152.3	199.02	9.729	9.73	9.89	9.9	0.1297	9.82	0.0501	18.1562	1.1139	67.4838	52.2319	10.6853	140.6635	0.239	3.0559	0.5628	0.7835	0.8464	380.9	0.00302	0.0311	-0.52814	-0.34211	-0.17672	177.12	0.00714	0.0171	-0.05663	0.00981	0.01591	9.76	0.00286	0.0784	-1.39581	0.34414	0.27297	16	0.08088	0.14894	0.11938	0.00505	0.00614	-0.25111	-0.06187	-0.06636	0.05686	0.02378	0.06183	-0.06178	0.04715	0.10082	0.00451	-0.05086	0.00615	0.07004	-0.06299	-0.01173	0.06137	-0.02272	0.04392	-0.03698	0.00469	-0.04896	-0.05433	0.02385	-0.06613	-0.02372	0.03633	0.00395	295.0	728594540	738065622	1000	/scratch.global/lanej/1000G/ngs_dose/1000G_highcov/crams/HG00558.cram	9ab0a0e8,a23ef9ed,7f3b4c3c	184ab16e		14	0.997777	0.999032	0.999574	0.999903	2.076	1.856	0.127	786.189	22.057	scan	F	CHS	EAS	F	0.999618	0.999899	0.998253	NA	0.1	1.1746	1.0246	372.5581	370.5665	426.0095	180.3947	9.7496	1.9919	664.0906	17.6618	376.434	373.8034	430.6546	177.1352	9.8003	1.9905	733.5896	21.4086	737.0455	1.9	0.1088	32.0105	F	698	
HG00559	scan	0.1.0+fae1124	36.237	150	397	400	0.0792	0.9581	1.2701	0.0675	0.0575		1.9888	51.4187	642.9151	0.9843	0.9852	present	556.286	556.29	537.08	548.5	0.1532	615.18	0.0514	531.58	724.64	570.7	666.58	441.03	584.33	556.92	757.62	457.07	618.99	473.31	608.63	424.51	573.8	552.75	600.95	188.457	NA	188.46	188.18	0.0648	243.48	0.0228	175.83	227.5	163.05	211.38	9.81	9.81	9.91	9.94	0.1201	9.84	0.0482	13.2938	18.0347	41.0242	80.6338	9.1751	147.3429	0.2573	3.0426	0.4875	0.845	1.2697	560.74	0.00438	0.0452	0.16779	-0.46772	-0.24333	186.21	0.00542	0.013	-0.0325	0.05604	-0.02674	9.76	0.00275	0.0755	-0.30811	0.88767	-0.14377	16	0.48007	-0.11569	-0.08219	0.01213	0.13352	0.10566	0.02604	-0.23538	0.11872	0.07196	-0.01198	-0.02176	0.03806	0.07941	0.09424	-0.07373	-0.00181	-0.05972	-0.08362	-0.05454	0.01449	0.04791	-0.01488	-0.00784	0.00409	0.00897	0.04626	-0.07247	-0.12404	0.07884	0.03851	-0.04165	469.91	725321064	737309623	1000	/scratch.global/lanej/1000G/ngs_dose/1000G_highcov/crams/HG00559.cram	9ab0a0e8,a23ef9ed,7f3b4c3c	184ab16e		14	0.997797	0.999218	0.999597	0.999894	2.032	0.979	0.922	628.093	63.085	scan	M	CHS	EAS	M	0.999773	0.999904	0.998063	NA	0.1	1.1888	1.0178	580.4084	575.2856	677.4805	195.338	9.531	1.9933	648.5524	30.0409	537.9067	533.876	620.2974	193.0832	9.7067	1.9955	724.9443	43.3064	587.4718	0.9926	0.9058	32.2616	M	2504	
HG00560	scan	0.1.0+fae1124	35.563	150	432	450	0.1063	0.9623	1.293	0.0629	0.0435		1.9966	39.0674	839.47	1.9241	0.0025	present	463.974	463.97	442.21	441.92	0.1915	496.06	0.0561	423.8	547.54	481.04	554.42	344.42	441.87	437.3	570.94	342.25	442.87	369.33	470.66	323.75	418.9	460.2	492.69	206.049	NA	206.05	207.2	0.0821	267.71	0.0352	185.92	240.42	174.19	229.68	9.679	9.68	9.82	9.82	0.1226	9.73	0.0636	17.567	1.5902	35.258	45.0166	9.9031	137.6999	0.2387	2.5325	0.5986	0.8275	0.5092	469.32	0.00285	0.0294	-0.52081	0.15866	0.0603	203.31	0.00398	0.0095	-0.01066	-0.00316	-0.0203	9.63	0.00296	0.0812	-0.58499	0.26958	0.3982	16	-0.03757	0.09731	0.06863	-0.1158	0.0024	-0.0548	0.01553	-0.0147	-0.05242	-0.04847	-0.01295	0.00739	0.07704	0.02768	-0.03412	0.03326	0.08302	-0.02656	0.00913	0.05185	-0.03591	-0.00029	0.02169	-0.07462	-0.11872	-0.03734	0.00257	0.02816	0.0302	-0.06076	0.0737	0.11865	321.5	710474564	719323256	1000	/scratch.global/lanej/1000G/ngs_dose/1000G_highcov/crams/HG00560.cram	9ab0a0e8,a23ef9ed,7f3b4c3c	184ab16e		14	0.997412	0.998868	0.999601	0.999902	1.982	1.86	0.112	833.468	47.757	scan	F	CHS	EAS	F	0.9998	0.999927	0.997624	NA	-0.03	1.1813	1.025	464.9064	459.7088	548.6888	203.5003	9.7373	2.001	795.0646	61.3949	453.3286	450.4133	514.783	217.4874	9.7073	2.0023	674.5447	136.6928	783.6557	1.9222	0.0958	30.4975	F	2504	
HG00561	scan	0.1.0+fae1124	38.406	150	449	450	0.0969	0.9713	1.2129	0.0565	0.0479		1.9965	49.9239	677.7997	1.9403	0.0017	present	590.115	590.11	571.53	577.95	0.1569	634.34	0.0579	566.44	739.05	611.46	688.08	495.7	635.05	626.09	818.26	478.28	618.55	502.42	619.77	443.69	579.52	585.59	620.36	273.101	NA	273.1	272.83	0.068	338.43	0.0289	256.53	319.64	233.41	292.28	9.738	9.74	9.88	9.89	0.116	9.81	0.0577	15.5314	1.5815	43.8184	53.576	9.6535	154.0851	0.2609	2.2549	0.4679	0.8413	0.4304	598.14	0.00369	0.0381	-0.23273	-0.33656	-0.26415	272.83	0.01295	0.031	-0.07045	-0.00335	0.00642	9.7	0.0026	0.0714	-0.30661	0.3484	0.38846	16	0.06305	0.03048	0.14142	-0.05847	0.05742	0.02031	-0.07642	0.04204	0.02737	-2e-05	-0.04008	0.00073	0.00562	0.03463	0.0502	0.00269	0.02749	0.05945	0.11109	-0.0773	0.02401	0.14218	0.06704	0.03836	-0.06078	0.01905	-0.01995	-0.08761	0.03123	-0.06393	-0.00861	0.00981	418.77	776652422	786971383	1000	/scratch.global/lanej/1000G/ngs_dose/1000G_highcov/crams/HG00561.cram	9ab0a0e8,a23ef9ed,7f3b4c3c	184ab16e		14	0.997704	0.999124	0.999685	0.999938	2.021	1.887	0.125	668.923	59.943	scan	F	CHS	EAS	F	0.999824	0.999949	0.998049	NA	0.04	1.1504	1.0223	569.3299	562.9027	649.4629	276.7732	9.7774	1.9979	687.9579	49.957	550.9234	547.78	629.8521	292.7838	9.8531	1.9994	700.7293	44.244	632.9767	1.9288	0.1056	33.7297	F	698	
HG00565	scan	0.1.0+fae1124	34.229	150	431	450	0.07	0.9717	1.2003	0.069	0.0367		1.9922	19.4533	844.1057	0.9874	0.9846	present	266.933	266.93	257.07	257.83	0.2022	276.14	0.0378	254.06	289.98	274.82	304.19	200.91	229.77	253.28	297.0	196.81	227.28	212.33	248.8	180.44	203.43	266.57	279.29	250.9	NA	250.9	247.67	0.0912	299.29	0.0207	215.83	256.1	223.27	268.51	9.556	9.56	9.6	9.61	0.125	9.54	0.0395	18.6161	9.9419	35.692	62.185	9.3784	137.8879	0.2409	2.5723	0.647	0.7186	0.4568	271.34	0.00383	0.0395	-1.04081	-0.11269	0.31673	249.74	0.01346	0.0322	0.04973	-0.00423	-0.0284	9.44	0.00295	0.0809	-0.59927	0.5889	0.19844	16	-0.31542	-0.09339	-0.11719	-0.1284	0.09031	0.15838	-0.13629	0.03112	0.05258	0.08978	0.0303	-0.08538	0.0575	-0.01485	-0.03757	-0.03698	0.01265	-0.0131	0.11649	-0.04705	-0.01693	-0.0882	0.07071	0.03982	-0.01091	0.00563	-0.11805	0.07052	0.08894	0.08064	-0.08183	0.04996	327.36	675537200	685252725	1000	/scratch.global/lanej/1000G/ngs_dose/1000G_highcov/crams/HG00565.cram	9ab0a0e8,a23ef9ed,7f3b4c3c	184ab16e		14	0.997283	0.998622	0.999567	0.999896	1.975	0.984	0.76	835.247	22.268	scan	M	CHS	EAS	M	0.999783	0.99992	0.997698	NA	-0.22	1.1211	1.0128	261.8681	259.209	291.6372	254.5847	9.5264	1.9919	758.0113	20.2442	300.425	292.3918	343.9162	273.4263	9.5086	1.9903	786.7367	19.5652	781.9758	1.0104	0.7594	30.6035	M	2504	
HG00566	scan	0.1.0+fae1124	50.625	150	439	450	0.1107	0.9753	1.2104	0.0658	0.0364		1.9966	36.0897	729.3898	1.9616	0.0025	present	576.206	576.21	561.36	567.21	0.159	607.61	0.0693	554.21	669.04	591.34	649.09	471.38	568.19	619.32	758.56	462.29	561.43	487.51	582.18	436.02	524.25	577.0	602.94	139.952	NA	139.95	137.67	0.0796	169.43	0.0361	131.19	157.39	118.34	145.2	9.715	9.72	9.73	9.76	0.1171	9.66	0.0687	17.406	1.2861	39.2112	51.9967	10.5375	164.0194	0.246	2.5132	0.586	0.8496	0.3765	583.27	0.00359	0.037	0.18003	-0.5196	0.19441	138.87	0.01098	0.0263	-0.03303	0.00469	-0.03283	9.61	0.00264	0.0724	0.50227	0.73224	0.14951	16	-0.12917	-0.08656	-0.1181	-0.08385	-0.0773	-0.03263	0.10258	0.01164	-0.01707	-0.04602	-0.00908	0.0657	-0.01278	-0.01146	-0.05527	-0.07764	0.0008	0.02671	-0.00786	-0.04158	-0.00781	-0.0399	-0.02688	0.05575	0.00997	-0.05937	0.00962	-0.03402	0.03878	0.05504	0.00914	-0.0559	453.83	1021161688	1035161471	1000	/scratch.global/lanej/1000G/ngs_dose/1000G_highcov/crams/HG00566.cram	9ab0a0e8,a23ef9ed,7f3b4c3c	184ab16e		14	0.99759	0.9991	0.999695	0.999922	2.004	1.908	0.126	719.012	40.776	scan	F	CHS	EAS	F	0.999639	0.999957	0.997838	NA	-0.05	1.1128	1.0138	579.6558	573.1174	644.2003	139.2795	9.6175	1.9973	699.1499	38.9256	565.9104	563.1678	639.7154	140.2384	9.6379	1.9969	737.5541	39.8596	665.1671	1.9588	0.1086	43.4446	F	2504	
HG00567	scan	0.1.0+fae1124	34.884	150	447	450	0.1651	0.9865	1.1222	0.064	0.0517		1.9867	36.3039	778.4676	0.9936	0.9798	present	473.906	473.91	461.1	461.55	0.1752	473.98	0.0807	466.99	456.61	498.16	527.77	392.73	393.15	504.34	513.48	370.91	373.44	376.83	405.94	355.36	342.57	473.47	486.62	229.698	NA	229.7	228.73	0.088	254.78	0.0439	205.07	223.94	195.92	218.82	9.776	9.78	9.84	9.83	0.1306	9.81	0.0996	17.7137	9.087	33.9988	59.6938	10.9369	156.7419	0.2679	2.6995	0.675	0.8462	0.4387	482.22	0.00494	0.0509	-0.13975	-0.3526	0.35515	228.67	0.01857	0.0444	-0.04134	-0.02384	-0.03965	9.68	0.0031	0.0851	0.16956	1.02521	0.24042	16	0.17463	0.06091	0.01063	-0.10133	-0.02057	-0.05316	-0.07206	0.04906	0.02686	0.02733	-0.01136	-0.12662	0.10024	0.0195	-0.0267	0.02239	-0.07139	-0.10034	-0.00065	-0.05322	-0.01742	-0.07613	-0.17891	-0.00451	-0.09589	-0.10945	-0.06145	-0.14961	-0.00315	0.09258	0.09454	0.03452	282.92	693231606	702154953	1000	/scratch.global/lanej/1000G/ngs_dose/1000G_highcov/crams/HG00567.cram	9ab0a0e8,a23ef9ed,7f3b4c3c	184ab16e		14	0.997803	0.999158	0.999638	0.99991	2.004	0.99	0.734	779.493	39.713	scan	M	CHS	EAS	M	0.999681	0.999909	0.998056	NA	0.02	1.0945	1.0331	470.1945	463.3761	509.2963	228.8637	9.7137	1.9921	749.0912	43.2098	414.793	410.605	475.5012	216.488	9.7806	1.9933	910.8986	38.9477	736.1971	1.0122	0.7634	28.3728	M	698	
HG00577	scan	0.1.0+fae1124	35.452	150	434	450	0.0706	0.966	1.2454	0.0582	0.0528		1.9933	32.1972	774.693	0.9876	0.9684	present	398.169	398.17	380.56	383.37	0.2087	418.47	0.043	370.8	450.82	409.9	462.55	299.56	361.97	363.96	452.73	295.51	361.24	317.23	386.78	261.85	314.74	395.18	419.78	182.482	NA	182.48	182.4	0.079	225.98	0.0216	175.69	217.48	160.34	200.31	9.617	9.62	9.81	9.84	0.1194	9.74	0.041	22.9315	20.4225	68.8268	72.1953	9.6983	139.7466	0.2586	3.7577	0.4916	0.7327	0.346	404.27	0.004	0.0413	-1.4102	-0.1591	0.28206	181.51	0.00747	0.0179	0.02035	0.00316	0.04145	9.65	0.00254	0.0697	-0.26125	0.56521	-0.07972	16	0.24501	0.09948	0.15136	0.12634	-0.03348	-0.02229	-0.00961	0.03	0.05241	0.07321	0.01755	0.0199	0.08277	0.09034	-0.07638	0.0238	-0.08477	0.05565	-0.01648	0.01468	0.06135	-0.06132	-0.01748	-0.03617	0.0341	0.03357	-0.03912	0.10499	-0.021	0.06749	-0.08419	0.04029	221.22	712774842	723477989	1000	/scratch.global/lanej/1000G/ngs_dose/1000G_highcov/crams/HG00577.cram	9ab0a0e8,a23ef9ed,7f3b4c3c	184ab16e		14	0.997233	0.998482	0.999511	0.9999	2.063	0.979	0.936	780.372	37.265	scan	M	CHS	EAS	M	0.999739	0.999912	0.997504	NA	-0.01	1.1442	1.0139	401.3522	394.6976	456.4682	175.7663	9.6366	1.9952	741.7379	21.4025	371.2904	365.053	424.6976	194.5669	9.7595	1.9989	815.9485	40.9287	729.9218	0.9926	0.9156	32.1353	M	698	
HG00578	scan	0.1.0+fae1124	36.893	150	445	450	0.0902	0.9645	1.2231	0.0543	0.0497		2.0023	61.2121	678.8498	1.9076	0.0015	present	360.213	360.21	350.24	355.25	0.1728	391.45	0.048	359.88	469.95	371.91	422.98	302.62	389.27	371.05	489.42	283.92	369.43	305.71	381.55	266.7	347.6	358.17	382.14	167.317	NA	167.32	165.5	0.0729	210.5	0.0228	151.02	190.28	146.02	186.09	9.516	9.52	9.64	9.65	0.1114	9.57	0.0531	12.2268	1.4867	41.6067	52.3995	9.4558	153.2443	0.2547	2.9793	0.4624	0.771	0.6637	368.5	0.00328	0.0338	-0.5805	-0.23537	-0.27572	165.48	0.00298	0.0071	-0.0295	0.01209	-0.01405	9.49	0.00246	0.0674	0.24702	0.24666	0.26301	16	0.14849	0.05526	0.14016	-0.01936	0.04867	0.09976	-0.03076	0.1038	0.09854	0.06266	-0.01555	-0.04153	-0.01799	0.00079	-0.01761	-0.10907	-0.05274	0.04759	0.04258	0.10263	0.04946	-0.01888	0.04183	0.09473	-0.13187	0.00818	0.0362	0.03579	0.06009	0.0951	0.0036	-0.12298	237.35	741223554	751153732	1000	/scratch.global/lanej/1000G/ngs_dose/1000G_highcov/crams/HG00578.cram	9ab0a0e8,a23ef9ed,7f3b4c3c	184ab16e		14	0.997613	0.999178	0.999656	0.999862	2.004	1.86	0.128	667.133	72.533	scan	F	CHS	EAS	F	0.999795	0.999892	0.997793	NA	-0.17	1.1478	1.0093	345.6585	340.1643	386.7144	168.0062	9.5982	2.0028	655.6392	46.3705	353.0352	347.2937	398.1599	155.8213	9.5528	2.0022	654.9818	44.4803	635.1466	1.9094	0.109	32.4725	F	698	
HG00579	scan	0.1.0+fae1124	36.71	150	452	450	0.0899	0.9663	1.2301	0.0613	0.0487		2.003	54.4602	734.5683	1.93	0.0016	present	442.771	442.77	434.6	433.95	0.1599	484.01	0.05	438.28	570.44	459.61	519.15	375.76	481.36	466.7	611.11	361.02	467.22	375.54	466.65	330.35	429.85	445.86	474.21	151.271	NA	151.27	149.91	0.0646	189.5	0.0251	135.2	169.82	134.2	170.16	9.601	9.6	9.72	9.7	0.1236	9.65	0.0517	16.6606	1.9019	58.8326	52.761	8.8789	150.5026	0.2543	3.4763	0.4912	0.8052	0.6599	450.98	0.00329	0.0339	-0.82513	-0.82321	0.06549	150.87	0.00616	0.0147	-0.01602	0.02694	0.02662	9.54	0.00271	0.0744	0.1619	0.54767	0.31689	16	0.04912	0.12333	0.14141	0.05464	-0.03707	0.05809	0.04283	0.04139	0.09161	0.06165	0.07154	-0.02594	0.05682	0.0421	0.04135	-0.01239	-0.00238	-0.02583	-0.03347	-0.07894	0.02234	0.01561	-0.03033	0.10395	-0.01722	-0.02338	0.08452	0.01784	0.04345	-0.09087	0.10486	-0.02635	274.28	742470590	752284894	1000	/scratch.global/lanej/1000G/ngs_dose/1000G_highcov/crams/HG00579.cram	9ab0a0e8,a23ef9ed,7f3b4c3c	184ab16e		14	0.997759	0.999057	0.999614	0.999885	2.04	1.873	0.129	721.903	65.591	scan	F	CHS	EAS	F	0.999718	0.999901	0.998125	NA	-0.12	1.1512	1.0191	454.5006	448.4996	514.2229	148.3019	9.6429	2.0033	752.619	45.0772	423.7036	419.6824	483.3582	147.0972	9.7526	2.0031	815.8347	57.6392	685.3587	1.9142	0.109	32.4636	F	698	
HG00580	scan	0.1.0+fae1124	39.159	150	433	450	0.1182	0.9683	1.2732	0.0627	0.0474		1.9909	16.7717	976.7396	0.9972	0.9919	present	580.74	580.74	557.89	559.69	0.1909	618.17	0.0671	541.46	668.61	593.52	677.04	452.37	556.27	534.72	675.05	439.43	546.07	469.37	581.05	406.73	496.39	578.56	617.44	158.946	NA	158.95	158.51	0.0854	199.78	0.0316	150.49	188.62	143.22	181.69	9.962	9.96	10.07	10.07	0.1152	9.99	0.0651	18.0682	16.4115	49.9628	73.9313	10.8846	162.926	0.2429	3.0156	0.5123	0.8611	0.7231	587.12	0.00256	0.0264	-0.54379	-0.189	0.22513	158.64	0.01622	0.0388	0.04996	0.0283	-0.01148	9.93	0.00252	0.069	-0.4622	0.29595	0.23953	16	0.05352	-0.09352	-0.11661	-0.33561	0.14866	-0.01578	-0.06018	-0.13299	-0.03241	-0.02439	0.0332	-0.07534	0.07688	0.04804	-0.10801	-0.04026	-0.09964	-0.05404	0.02058	-0.05858	0.016	0.06563	0.09907	-0.06817	0.00218	-0.02312	0.11151	-0.02693	0.07288	-0.0515	0.08784	0.10538	1175.06	781933416	794255010	1000	/scratch.global/lanej/1000G/ngs_dose/1000G_highcov/crams/HG00580.cram	9ab0a0e8,a23ef9ed,7f3b4c3c	184ab16e		14	0.997559	0.998639	0.999407	0.999744	2.029	0.982	0.901	954.516	19.359	scan	M	CHS	EAS	M	0.999483	0.999736	0.997691	NA	0.27	1.1532	1.0109	573.458	568.3316	654.9666	165.466	9.9183	2.0004	773.5203	31.4884	559.989	553.757	629.2526	158.5735	9.7396	1.9992	708.4228	21.0687	886.2807	0.9994	0.9064	33.5385	M	2504	
HG00581	scan	0.1.0+fae1124	34.91	150	435	450	0.0815	0.9615	1.2839	0.0696	0.0515		1.9901	20.3118	878.6201	1.9126	0.0021	present	357.112	357.11	347.66	358.03	0.2292	393.86	0.0448	362.12	481.09	385.5	447.14	297.8	393.63	369.59	501.01	279.09	373.11	304.99	393.18	267.75	352.63	353.82	380.9	143.672	NA	143.67	144.52	0.0867	187.26	0.0214	139.78	180.47	121.42	160.8	9.355	9.36	9.56	9.6	0.1298	9.48	0.0469	14.6504	1.3315	42.8072	39.4624	9.7303	133.1629	0.2336	2.6449	0.5453	0.7005	0.5611	374.19	0.00261	0.0269	-1.58694	0.19347	-0.65887	142.73	0.00675	0.0161	0.00589	-0.01909	-0.00664	9.45	0.0034	0.0933	-0.90124	0.21229	-1.25609	16	0.28693	-0.03863	-0.10756	-0.03916	0.0423	-0.07485	-0.15313	-0.04083	-0.02199	-0.12545	0.06117	-0.01589	0.01297	-0.1329	-0.12327	-0.06624	0.07973	0.03195	-0.06832	-0.09142	0.09138	0.00087	0.06938	-0.04437	-0.06324	0.03038	-0.00569	0.07868	-0.0277	-0.03752	-0.04207	-0.0612	252.89	698966648	707206110	1000	/scratch.global/lanej/1000G/ngs_dose/1000G_highcov/crams/HG00581.cram	9ab0a0e8,a23ef9ed,7f3b4c3c	184ab16e		14	0.997639	0.999039	0.999665	0.999836	2.035	1.857	0.112	867.194	24.399	scan	F	CHS	EAS	F	0.99979	0.999826	0.997541	NA	-0.21	1.195	1.0302	360.382	343.5094	431.6761	148.1869	9.3614	1.999	855.8605	36.1543	370.3026	352.1942	423.8637	164.2111	9.3973	1.9962	858.2	45.5668	809.1054	1.9112	0.096	30.8066	F	2504	
HG00582	scan	0.1.0+fae1124	35.54	150	441	450	0.0925	0.9722	1.2345	0.0684	0.0488		1.993	75.502	743.3849	1.9328	0.0015	present	429.018	429.02	417.82	428.62	0.1979	462.22	0.0551	438.64	562.76	452.95	507.68	365.28	461.45	462.7	600.79	359.21	459.43	366.94	454.6	330.76	423.41	424.07	448.54	170.043	NA	170.04	169.49	0.0583	213.38	0.0254	155.37	195.33	148.91	189.42	9.789	9.79	9.89	9.93	0.1223	9.81	0.0526	17.4356	1.3336	42.751	51.5512	10.7702	144.1133	0.239	3.1035	0.5849	0.8225	0.5058	438.26	0.00383	0.0395	-1.02303	-0.298	-0.33487	169.22	0.0064	0.0153	-0.04401	0.04422	0.00804	9.76	0.00274	0.0753	-0.37999	-0.06929	-0.0814	16	0.19086	-0.05575	-0.10987	-0.07101	-0.00934	-0.03852	-0.03111	0.10858	0.03388	-0.03794	0.03864	-0.04825	0.03552	0.05415	0.11075	-0.05787	-0.05061	0.09834	0.01476	0.01785	-0.03761	0.11363	0.11156	0.07026	-0.02147	0.11421	-0.00266	-0.06703	0.17304	0.03295	0.05523	0.02637	378.21	717529438	726951803	1000	/scratch.global/lanej/1000G/ngs_dose/1000G_highcov/crams/HG00582.cram	9ab0a0e8,a23ef9ed,7f3b4c3c	184ab16e		14	0.997989	0.998947	0.999613	0.999947	2.027	1.877	0.127	727.609	90.069	scan	F	CHS	EAS	F	0.999541	0.999947	0.998263	NA	0.1	1.1584	1.0335	421.0327	414.2626	480.6929	172.3923	9.6806	1.9967	810.316	65.2045	440.4386	432.7432	509.8668	170.8875	9.7579	1.9959	814.9167	88.6823	690.4422	1.9234	0.1088	31.2377	F	698	
HG00583	scan	0.1.0+fae1124	36.797	150	435	450	0.0558	0.9863	1.1523	0.0749	0.039		1.9971	11.6868	849.8124	0.9845	0.9812	present	389.821	389.82	371.95	369.04	0.2137	386.07	0.0347	364.6	388.38	404.03	430.04	294.63	316.7	368.76	404.0	284.77	308.29	311.45	346.99	255.07	268.45	384.47	392.71	129.793	NA	129.79	127.83	0.101	147.57	0.0128	120.65	135.99	113.1	129.5	9.783	9.78	9.87	9.92	0.1256	9.82	0.0324	12.528	16.274	45.1372	73.1626	8.8604	136.7016	0.2295	1.9667	0.6019	0.7601	0.2237	394.48	0.0046	0.0474	-0.71407	0.5092	-0.08832	126.99	0.0126	0.0302	0.07421	-0.01599	0.01223	9.69	0.00267	0.0733	-1.07538	0.16058	0.21478	16	-0.22338	-0.08286	-0.01911	-0.05063	0.0593	0.09219	0.04829	-0.07553	0.0851	0.05717	0.0223	-0.04204	0.01619	0.0445	-0.06942	0.05494	0.1142	-0.01801	-0.04925	-0.07807	0.02249	-0.02204	-0.02148	-0.01601	0.01789	0.13283	-0.00356	0.00146	0.03458	-0.00953	0.02988	0.00408	277.19	729073716	739863163	1000	/scratch.global/lanej/1000G/ngs_dose/1000G_highcov/crams/HG00583.cram	9ab0a0e8,a23ef9ed,7f3b4c3c	184ab16e		14	0.996963	0.998393	0.999625	0.999877	2.041	0.983	0.903	824.045	12.245	scan	M	CHS	EAS	M	0.999818	0.999877	0.99724	NA	0.03	1.0901	1.0242	410.1862	404.8839	450.0683	123.1183	9.7063	1.9943	749.4545	11.2646	396.1044	389.1078	449.5516	142.1984	9.7975	1.9964	850.6198	14.3477	758.1525	1.0064	0.8874	33.4439	M	2504	
HG00584	scan	0.1.0+fae1124	44.366	150	434	450	0.0707	0.9812	1.1832	0.0637	0.0498		1.9964	73.6068	753.0383	1.9137	0.0029	present	402.827	402.83	377.55	376.51	0.2067	401.33	0.0416	351.63	384.8	402.84	441.98	282.45	311.83	341.29	387.37	268.59	299.55	306.17	352.02	248.46	266.94	395.63	412.99	164.072	NA	164.07	161.44	0.1019	192.65	0.0207	141.55	164.72	144.42	170.82	9.725	9.73	9.84	9.84	0.1305	9.79	0.0401	19.9097	1.6914	55.9459	46.8049	9.5311	138.2621	0.2471	4.1239	0.3961	0.7818	0.3781	400.36	0.00566	0.0583	-0.78124	0.18584	0.42927	162.88	0.01521	0.0364	0.08293	-0.0252	0.01382	9.67	0.00241	0.066	-0.31167	1.07359	0.07407	16	0.20512	0.06362	0.10877	0.02518	-0.04703	-0.04397	0.00701	-0.05463	0.02483	-0.08837	0.02988	-0.0069	0.0852	0.06777	-0.02124	-0.02555	-0.01644	-0.00723	-0.07327	-0.00602	0.07511	-0.05778	-0.00349	0.08076	-0.01064	-0.00302	0.07022	0.06132	0.05304	-0.03065	-0.04756	0.05314	963.26	896252128	907830451	1000	/scratch.global/lanej/1000G/ngs_dose/1000G_highcov/crams/HG00584.cram	9ab0a0e8,a23ef9ed,7f3b4c3c	184ab16e		14	0.997184	0.997859	0.99954	0.999765	2.022	1.863	0.122	737.336	79.459	scan	F	CHS	EAS	F	0.999687	0.999805	0.997429	NA	0.01	1.104	1.0062	411.0448	414.0484	450.6563	162.885	9.703	2.0016	733.5809	80.0014	404.2186	403.3475	458.5926	172.0733	9.7187	1.999	687.6232	88.4456	675.9213	1.9098	0.0996	39.7616	F	2504	
HG00585	scan	0.1.0+fae1124	35.342	150	433	450	0.0719	0.9656	1.2303	0.064	0.0552		1.9832	26.1499	685.2973	1.9143	0.0017	present	328.657	328.66	309.37	309.08	0.2046	340.95	0.0404	303.83	370.68	333.88	377.56	241.6	292.23	277.43	346.78	242.9	297.8	253.81	310.06	211.42	255.59	321.7	342.43	197.768	NA	197.77	193.25	0.0898	245.89	0.0205	183.98	228.85	172.7	217.04	9.61	9.61	9.74	9.76	0.1233	9.68	0.0419	20.4148	2.0228	53.7034	50.9099	8.495	146.799	0.2414	3.1088	0.4686	0.6769	0.2895	326.13	0.00443	0.0457	-0.42797	0.39394	0.1314	195.92	0.01033	0.0247	0.03747	-0.02772	0.02543	9.56	0.00263	0.0721	-0.5866	0.34136	0.08981	16	0.26158	0.13845	0.15035	0.03005	0.04424	-0.11558	-0.09819	0.05968	-0.02402	-0.03713	0.02799	0.03337	0.08182	0.06393	0.05384	0.13504	-0.0241	0.02801	-0.08061	-0.00117	0.03549	0.03425	0.01701	0.03175	0.02082	-0.0217	0.0512	-0.05558	-0.06269	-0.0134	0.04019	0.00068	402.04	716015386	725234722	1000	/scratch.global/lanej/1000G/ngs_dose/1000G_highcov/crams/HG00585.cram	9ab0a0e8,a23ef9ed,7f3b4c3c	184ab16e		14	0.997311	0.998604	0.999482	0.999923	2.083	1.87	0.124	674.383	29.964	scan	F	CHS	EAS	F	0.999708	0.999949	0.997607	NA	-0.1	1.1577	1.0238	314.3001	315.5474	365.9959	192.4901	9.5255	1.9881	750.0427	31.1872	308.2938	309.2	357.0872	200.6492	9.7203	1.9853	841.9055	56.6511	634.3871	1.9072	0.1024	31.8599	F	698	
HG00589	scan	0.1.0+fae1124	38.169	150	424	400	0.0732	0.9741	1.1877	0.0692	0.0407		2.0084	12.0919	777.3238	0.9893	0.9639	present	503.196	503.2	473.05	474.63	0.1991	507.61	0.0444	450.43	516.74	515.55	568.3	331.01	360.25	452.68	532.26	349.13	401.45	395.13	456.95	304.89	341.32	494.31	518.67	152.864	NA	152.86	150.45	0.1011	180.85	0.0198	146.68	172.6	132.22	157.05	9.522	9.52	9.69	9.69	0.119	9.63	0.0434	16.926	18.7056	47.3318	73.3463	9.7594	136.3815	0.2547	3.2965	0.8099	0.7965	0.1442	501.31	0.00532	0.0549	-0.61253	0.14352	0.45954	151.15	0.01314	0.0315	0.07158	-0.02114	-0.038	9.5	0.00273	0.0749	-0.05045	0.56296	0.28503	16	-0.12458	0.08201	0.16746	-0.07023	0.18609	0.11504	-0.08623	-0.11651	0.04654	0.02886	0.09793	-0.07156	0.01816	-0.07466	0.01321	0.00445	-0.00447	-0.04342	-0.00023	0.10734	0.01812	-0.08353	-0.0325	0.03843	0.06483	0.02238	-0.0632	0.00282	-0.07791	0.00919	-0.04716	0.07065	367.7	756855428	768303646	1000	/scratch.global/lanej/1000G/ngs_dose/1000G_highcov/crams/HG00589.cram	9ab0a0e8,a23ef9ed,7f3b4c3c	184ab16e		14	0.997227	0.997909	0.999607	0.999923	2.046	0.983	0.974	759.22	13.229	scan	M	CHS	EAS	M	0.999752	0.999941	0.99748	NA	-0.16	1.1336	1.0284	499.3498	503.6552	559.6212	155.3298	9.6638	2.01	724.6825	21.5947	486.8032	486.5174	562.0468	157.5055	9.6103	2.0087	806.7246	13.6497	709.1889	1.009	0.9596	33.9321	M	2504	
HG00590	scan	0.1.0+fae1124	36.168	150	414	400	0.0798	0.9556	1.2428	0.0534	0.0451		2.0032	28.2861	785.9575	1.9454	0.0024	present	506.8	506.8	489.16	499.28	0.1547	554.08	0.0497	488.17	637.83	516.66	600.08	402.49	505.98	539.22	712.29	418.12	544.82	431.29	543.58	382.15	493.09	502.2	544.53	175.554	NA	175.55	174.94	0.0752	224.32	0.0241	172.6	219.81	150.9	193.87	9.525	9.53	9.64	9.67	0.1169	9.58	0.0471	18.0604	1.0504	58.3115	63.2693	11.978	153.0588	0.2461	2.9867	0.5033	0.798	0.4475	511.16	0.00318	0.0327	-0.39743	-0.49441	-0.18387	174.94	0.00897	0.0215	-0.0288	-0.00712	-0.01728	9.47	0.00264	0.0724	0.16248	0.46223	0.50272	16	-0.22698	0.26159	0.20026	0.10271	0.01364	-0.05958	-0.01715	-0.06529	0.05409	0.01813	-0.057	0.09545	-0.07995	0.02513	0.03701	-0.03318	0.01099	0.06888	-0.03683	-0.00357	-0.07277	-0.04149	0.05471	-0.06907	-0.01483	-0.04504	-0.04158	0.02191	0.08681	-0.02194	-0.06739	-0.02106	388.77	732079036	743815021	1000	/scratch.global/lanej/1000G/ngs_dose/1000G_highcov/crams/HG00590.cram	9ab0a0e8,a23ef9ed,7f3b4c3c	184ab16e		14	0.997611	0.998529	0.999648	0.999967	2.096	1.879	0.158	771.11	35.2	scan	F	CHS	EAS	F	0.999738	1.0	0.9979	NA	-0.19	1.174	1.0108	497.7486	494.3035	576.9609	178.2398	9.6013	2.0048	767.8671	23.5197	543.5668	540.495	624.8157	169.734	9.7607	2.0034	764.5241	28.3172	725.3302	1.9212	0.1314	32.1378	F	2504	
HG00591	scan	0.1.0+fae1124	38.67	150	446	450	0.0702	0.9593	1.2945	0.0553	0.0419		1.9974	40.103	668.2974	0.9817	0.9746	present	626.048	626.05	595.89	594.48	0.1815	675.09	0.0516	600.46	797.7	639.23	745.72	483.14	639.75	609.24	821.73	471.04	629.4	510.09	660.24	423.89	561.32	614.38	660.8	171.238	NA	171.24	172.94	0.0687	224.63	0.0221	160.47	208.07	146.65	195.71	9.614	9.61	9.75	9.74	0.1224	9.65	0.0431	19.2255	20.3159	46.6809	79.457	10.9293	145.995	0.2535	2.7	0.6227	0.8002	0.5333	631.73	0.00246	0.0253	-0.66023	-0.04518	-0.01278	169.28	0.0159	0.0381	-0.03152	0.00719	0.05855	9.57	0.00262	0.0719	-0.071	0.38029	0.38673	16	-0.06567	0.15081	0.1197	-0.02608	-0.04318	-0.05734	-0.00477	-0.0019	0.0182	0.0048	-0.00901	-0.10738	0.05794	0.01233	0.05312	0.05001	0.11074	0.00573	-0.01731	-0.02907	-0.07438	0.02346	0.07134	-0.0196	0.02423	-0.07281	0.03651	0.00298	-0.0527	-0.02694	0.02637	0.00617	499.51	770544072	782247519	1000	/scratch.global/lanej/1000G/ngs_dose/1000G_highcov/crams/HG00591.cram	9ab0a0e8,a23ef9ed,7f3b4c3c	184ab16e		14	0.997727	0.9988	0.999654	0.999954	2.059	0.981	0.994	660.507	48.882	scan	M	CHS	EAS	M	0.999776	0.999953	0.998024	NA	-0.09	1.1804	1.0119	639.2298	635.7774	748.5634	168.1581	9.7057	1.9991	674.1478	51.4721	608.7485	606.3942	699.6188	170.1014	9.5895	1.9986	693.4403	42.9197	625.2417	1.0052	0.9752	34.7796	M	698	
HG00592	scan	0.1.0+fae1124	38.528	150	430	450	0.0635	0.9706	1.2319	0.0654	0.053		1.9952	28.48	694.094	0.9783	0.9721	present	297.029	297.03	282.18	287.84	0.2289	308.61	0.0362	281.02	334.09	308.04	346.67	212.25	253.31	255.71	314.63	210.92	254.9	232.65	283.13	190.84	223.78	292.89	310.09	132.54	NA	132.54	132.47	0.0975	164.9	0.0182	122.09	150.12	114.65	144.66	9.558	9.56	9.77	9.82	0.1326	9.7	0.0369	12.7889	9.6582	55.3052	68.1183	10.7115	149.0479	0.2302	2.6003	0.6535	0.7364	0.4596	302.31	0.00486	0.0501	-1.43747	0.38682	0.12396	130.96	0.01562	0.0374	0.05066	-0.00928	-0.04058	9.62	0.00287	0.0787	-1.68899	-0.08826	0.12863	16	0.27417	0.01882	0.03458	0.02119	0.08127	0.02371	-0.06697	-0.0581	-0.03443	-0.01628	0.01688	-0.06107	0.02673	0.11348	-0.03237	0.08135	-0.15657	-0.08088	0.10484	0.06609	0.02979	0.01506	0.07505	0.00975	0.09647	-0.02492	0.0204	0.00325	-0.00316	0.04747	0.0004	-0.02115	237.28	765718912	777632098	1000	/scratch.global/lanej/1000G/ngs_dose/1000G_highcov/crams/HG00592.cram	9ab0a0e8,a23ef9ed,7f3b4c3c	184ab16e		14	0.997446	0.998346	0.999596	0.999979	2.055	0.978	0.764	690.142	32.762	scan	M	CHS	EAS	M	0.99965	0.999977	0.997698	NA	-0.04	1.1467	1.019	305.5716	298.9899	354.2189	128.7834	9.5267	1.9979	671.6248	25.6607	312.8429	304.5642	357.2772	130.7837	9.632	1.9963	736.8559	26.4352	645.2805	0.9974	0.7508	34.8698	M	2504	
HG00593	scan	0.1.0+fae1124	37.28	150	432	450	0.0835	0.9903	1.1233	0.0673	0.0513		2.0038	44.7051	946.0471	1.9341	0.0023	present	451.71	451.71	425.39	425.83	0.2193	432.81	0.0467	398.86	379.0	450.47	476.42	295.42	288.03	377.05	369.52	312.59	304.96	339.18	358.64	253.26	238.2	445.48	454.91	162.03	NA	162.03	158.84	0.1061	176.08	0.0228	143.32	153.86	143.35	156.08	9.593	9.59	9.76	9.81	0.1181	9.73	0.0488	17.1947	1.6198	48.1943	49.7601	9.2654	161.5665	0.2078	3.0436	0.5724	0.7471	0.5097	451.12	0.00639	0.0659	-0.78132	0.417	0.61228	158.84	0.02667	0.0638	0.11797	0.02099	-0.02455	9.59	0.0028	0.0767	-0.88688	-0.83696	-0.00637	16	0.30857	-0.07327	-0.0477	-0.03537	-0.0744	-0.02529	0.18552	-0.02078	-0.00856	-0.08117	0.03473	-0.02891	-0.05315	0.0563	-0.06483	0.00053	-0.00514	-4e-05	0.0824	0.10314	-0.03132	-0.04388	0.13227	-0.03452	0.03717	0.04402	-0.01826	-0.03061	0.06142	0.00354	0.01536	0.01969	713.02	758142206	768448414	1000	/scratch.global/lanej/1000G/ngs_dose/1000G_highcov/crams/HG00593.cram	9ab0a0e8,a23ef9ed,7f3b4c3c	184ab16e		14	0.997167	0.99862	0.999347	0.999674	2.04	1.897	0.128	922.231	49.377	scan	F	CHS	EAS	F	0.999548	0.99971	0.997498	NA	-0.07	1.0561	0.9986	471.854	470.8654	501.6054	152.85	9.4866	2.0045	937.3549	43.6557	441.5153	438.3786	508.8346	170.0223	9.4922	2.0069	850.7906	43.0135	844.7516	1.9282	0.1034	33.2654	F	2504	
HG00594	scan	0.1.0+fae1124	39.798	150	432	450	0.0713	0.9572	1.3014	0.0475	0.0464		1.9926	65.7667	776.7958	0.9897	0.9669	present	351.836	351.84	337.69	346.42	0.2186	387.97	0.044	345.3	479.98	367.84	432.77	283.93	389.34	354.36	499.43	270.65	375.9	289.41	382.96	246.52	341.5	346.83	375.49	111.342	NA	111.34	111.88	0.0767	148.9	0.0191	99.89	133.12	95.52	129.92	9.383	9.38	9.6	9.62	0.1267	9.5	0.0412	14.7079	9.7258	61.6644	70.8416	11.3975	154.1544	0.2497	3.1097	0.5693	0.7985	0.4647	362.2	0.00266	0.0274	-1.6964	-0.0251	-0.22439	110.7	0.00646	0.0155	-0.02507	0.01203	-0.01425	9.46	0.00279	0.0764	-1.34309	-0.32528	0.54161	16	0.06195	0.0822	0.14072	-0.03933	-0.03277	0.00493	-0.00636	0.03787	0.1405	0.13534	0.06438	-0.08833	0.03342	0.05675	-0.03401	0.05415	0.04356	-0.01157	-0.04263	0.09708	0.06716	-0.01911	-0.05417	0.01373	-0.04654	0.09915	0.12106	0.05267	0.0584	0.02133	-0.0564	0.00691	507.86	793011802	804917197	1000	/scratch.global/lanej/1000G/ngs_dose/1000G_highcov/crams/HG00594.cram	9ab0a0e8,a23ef9ed,7f3b4c3c	184ab16e		14	0.997768	0.998958	0.999657	0.999865	2.044	0.974	0.772	762.89	81.994	scan	M	CHS	EAS	M	0.999761	0.999883	0.997975	NA	-0.2	1.1948	1.0156	360.6308	351.3706	424.6058	106.659	9.5246	1.9939	721.6833	56.3011	345.1342	337.9791	389.3639	104.0817	9.5825	1.9954	779.8354	35.8093	716.8264	0.9946	0.763	35.8344	M	698	
HG00595	scan	0.1.0+fae1124	34.302	150	425	400	0.0772	0.9589	1.2569	0.0609	0.0434		1.9891	24.8959	881.1997	0.9891	0.9801	present	526.323	526.32	509.39	517.07	0.1528	578.91	0.0486	499.13	668.67	524.79	608.5	412.54	528.13	533.61	719.26	422.07	562.6	445.38	566.4	383.38	504.58	526.99	570.45	180.742	NA	180.74	179.26	0.0734	232.42	0.0226	171.73	220.74	155.57	200.92	9.687	9.69	9.78	9.78	0.1275	9.7	0.0467	15.3346	19.0241	42.2849	69.6323	10.0259	137.6257	0.244	3.429	0.5773	0.8057	0.8395	528.51	0.00355	0.0366	-0.22386	-0.81196	0.09846	178.18	0.00603	0.0144	-0.00554	0.01642	0.00171	9.58	0.00278	0.0764	-0.33663	0.83056	0.56913	16	0.02486	-0.05737	0.0433	-0.13039	0.15888	0.1213	-0.02421	-0.04805	0.09292	0.09826	0.01145	-0.01679	0.09893	-0.02595	-0.04263	-0.20236	-0.0417	0.05414	0.10433	-0.03894	0.10493	-0.06324	-0.06522	-0.02057	0.00027	-0.0773	-0.00204	-0.01548	0.04899	-0.0405	0.03679	0.00758	469.69	679670996	688890947	1000	/scratch.global/lanej/1000G/ngs_dose/1000G_highcov/crams/HG00595.cram	9ab0a0e8,a23ef9ed,7f3b4c3c	184ab16e		14	0.997909	0.999184	0.999659	0.999933	2.007	0.984	0.963	865.694	30.46	scan	M	CHS	EAS	M	0.999586	0.999945	0.998142	NA	-0.08	1.1514	0.993	499.9881	502.7384	553.3586	190.3423	9.6881	1.9926	745.3971	25.0566	550.0222	548.3355	619.4434	182.1689	9.5848	1.9898	622.6784	24.039	807.6539	1.0088	0.957	30.4731	M	2504	
HG00596	scan	0.1.0+fae1124	48.119	150	419	400	0.0862	0.9696	1.2106	0.054	0.042		1.9933	55.4455	729.6821	1.9468	0.0026	present	728.091	728.09	703.36	712.95	0.1479	777.96	0.065	688.68	877.13	742.61	832.98	560.94	687.25	766.4	981.85	593.51	752.1	620.82	756.9	544.16	683.86	724.73	769.29	145.055	NA	145.06	145.1	0.0687	178.64	0.0259	135.1	166.34	127.61	157.77	9.747	9.75	9.85	9.86	0.1033	9.78	0.0526	16.6776	1.2233	63.0539	52.454	10.4346	154.5898	0.2311	2.8874	0.5918	0.8229	0.3817	734.57	0.00324	0.0335	-0.05742	-0.50807	0.02651	144.38	0.00885	0.0212	-0.01219	0.03325	-0.00016	9.64	0.00228	0.0624	0.3353	0.42076	0.43766	16	-0.02359	0.01089	0.07783	-0.03758	0.00419	0.08353	0.05251	0.01275	0.01576	-0.00517	0.03522	0.01192	0.00863	0.02216	0.05027	-0.06651	-0.02569	0.00435	-0.02411	-0.03313	-0.03576	-0.01585	-0.07227	0.02725	0.13414	0.03076	0.03667	0.02651	-0.07624	0.01967	0.04149	-0.00155	328.93	978232954	991214824	1000	/scratch.global/lanej/1000G/ngs_dose/1000G_highcov/crams/HG00596.cram	9ab0a0e8,a23ef9ed,7f3b4c3c	184ab16e		14	0.99774	0.998926	0.999647	0.999844	2.1	1.89	0.122	707.243	67.15	scan	F	CHS	EAS	F	0.999655	0.999869	0.997845	NA	-0.02	1.134	1.0109	729.4661	726.7539	816.0828	145.9812	9.7472	1.9929	740.0397	55.0283	728.7196	727.9575	832.0624	147.1188	9.6851	1.9919	724.3225	51.4259	650.2515	1.9274	0.1024	42.6069	F	2504	
HG00597	scan	0.1.0+fae1124	36.855	150	451	450	0.089	0.9646	1.2309	0.0657	0.0467		1.9941	27.7154	753.7679	1.925	0.0015	present	628.91	628.91	608.04	618.4	0.1669	680.25	0.058	610.96	797.45	640.59	729.4	521.77	673.72	648.36	858.73	512.42	669.43	530.44	666.05	471.06	612.6	623.49	665.41	141.464	NA	141.46	141.8	0.0741	179.47	0.0272	126.17	159.55	122.63	157.88	9.583	9.58	9.75	9.75	0.1184	9.68	0.0544	15.9219	1.5638	51.0224	50.8759	9.9011	148.1101	0.2352	2.9953	0.5385	0.7774	0.5001	636.29	0.00286	0.0295	-0.22237	-0.39998	-0.03196	139.18	0.0076	0.0182	-0.03543	0.00123	0.03902	9.56	0.00274	0.0751	-0.62295	0.00628	0.09044	16	-0.02358	0.21405	0.23004	0.06304	-0.01162	-0.10124	-0.06369	-0.04049	0.00578	0.0219	-0.03979	-0.07308	0.01328	0.06168	0.06716	0.04797	-0.00064	0.0064	0.03584	-0.0468	-0.07557	-0.00347	0.01775	-0.03885	-0.06561	-0.00799	-0.02471	-0.00847	-0.0167	0.06207	-0.03947	0.01358	344.2	743173258	752732013	1000	/scratch.global/lanej/1000G/ngs_dose/1000G_highcov/crams/HG00597.cram	9ab0a0e8,a23ef9ed,7f3b4c3c	184ab16e		14	0.997654	0.999033	0.99959	0.999879	2.045	1.86	0.119	732.882	32.886	scan	F	CHS	EAS	F	0.999533	0.99988	0.997809	NA	-0.1	1.1463	1.0068	633.3318	627.4413	719.2273	139.3976	9.6794	1.9959	749.3002	27.6155	633.1923	631.7826	719.9421	135.2525	9.7007	1.9976	747.8715	39.1083	691.2973	1.9058	0.1014	32.5435	F	698	
HG00598	scan	0.1.0+fae1124	38.238	150	436	450	0.0808	0.9654	1.2439	0.0847	0.0416		1.995	23.8431	952.1124	0.9805	0.9716	present	696.685	696.69	662.03	656.75	0.195	726.93	0.0539	623.1	736.98	694.3	791.31	500.39	587.81	614.61	744.24	501.07	595.67	542.2	657.2	464.42	544.86	692.91	738.88	164.84	NA	164.84	161.8	0.0886	204.14	0.0255	148.85	185.16	146.83	183.03	9.692	9.69	9.82	9.82	0.1093	9.75	0.0484	12.946	8.5868	42.6439	57.6197	9.616	140.1318	0.2534	3.0944	0.4979	0.7812	0.3963	701.85	0.00356	0.0367	-0.41273	0.17079	0.27766	162.72	0.00774	0.0185	0.05495	0.01069	-0.01385	9.64	0.00245	0.0673	0.0576	0.42248	0.03459	16	-0.10404	0.12975	0.15023	-0.10597	0.1085	-0.00151	-0.03772	-0.06182	0.15822	0.05712	0.07376	0.02576	0.05782	-0.0311	-0.09246	0.05474	0.10299	0.01864	-0.0334	0.19842	0.0024	0.00824	-0.02765	0.02931	0.04021	0.00469	0.04658	0.03753	0.00184	-0.06683	0.00275	0.00625	587.06	755523004	765896190	1000	/scratch.global/lanej/1000G/ngs_dose/1000G_highcov/crams/HG00598.cram	9ab0a0e8,a23ef9ed,7f3b4c3c	184ab16e		14	0.997584	0.998501	0.999561	0.999914	2.011	0.974	0.722	945.667	27.972	scan	M	CHS	EAS	M	0.999697	0.999927	0.997833	NA	-0.02	1.1275	0.9892	690.7674	686.0603	770.1819	161.3336	9.7486	2.0005	829.0019	37.2334	663.0769	655.8428	741.186	163.8703	9.7209	1.9975	803.3446	37.8678	873.8983	0.9998	0.7238	33.8455	M	2504	
HG00599	scan	0.1.0+fae1124	37.607	150	438	450	0.1024	0.975	1.1894	0.0587	0.0414		1.9926	40.2661	730.0686	1.9446	0.0028	present	464.288	464.29	441.19	434.48	0.1927	465.94	0.0566	419.1	441.51	462.74	504.95	338.83	360.63	434.45	469.76	332.51	355.88	357.27	403.37	297.14	310.64	460.15	480.83	145.361	NA	145.36	142.76	0.0876	168.55	0.0267	127.3	146.94	126.61	147.49	9.755	9.75	9.87	9.86	0.1255	9.84	0.0575	19.29	1.2449	41.7588	48.1497	10.6181	153.9873	0.2402	2.8386	0.3855	0.8535	0.4754	460.79	0.00438	0.0452	-0.34326	-0.12236	0.52091	144.01	0.0098	0.0234	0.04425	-9e-05	-0.01082	9.72	0.00277	0.0759	-0.31261	0.54894	0.51088	16	-0.05277	-0.05435	-0.08624	-0.1137	0.0285	0.01806	-0.04558	0.0734	-0.043	0.03931	-0.05914	0.05065	-0.06252	0.12623	-0.01213	0.1115	-0.00687	-2e-05	-0.04135	0.12384	0.01435	0.01488	-0.06715	0.04456	0.01803	-0.04324	-0.06807	0.00325	-0.05797	-0.07161	-0.01471	0.05128	442.08	760237928	770560282	1000	/scratch.global/lanej/1000G/ngs_dose/1000G_highcov/crams/HG00599.cram	9ab0a0e8,a23ef9ed,7f3b4c3c	184ab16e		14	0.997363	0.99834	0.999513	0.999958	2.015	1.901	0.128	710.923	44.111	scan	F	CHS	EAS	F	0.999707	0.999979	0.997745	NA	0.06	1.0958	1.0042	439.3089	440.2047	490.2996	140.0529	9.6326	1.9922	723.4761	30.2757	449.7453	448.6405	514.7491	160.714	9.7527	1.9943	688.4205	40.3452	666.371	1.9426	0.107	32.7076	F	2504	
HG00607	scan	0.1.0+fae1124	41.145	150	410	400	0.0793	0.9571	1.2475	0.0659	0.0471		1.9903	84.8001	692.2542	0.986	0.984	present	395.296	395.3	382.4	387.72	0.1488	432.08	0.0472	374.76	491.74	407.87	468.61	305.19	391.45	417.02	547.14	320.52	420.12	342.34	428.19	299.3	388.36	393.25	424.94	134.77	NA	134.77	133.37	0.0654	169.33	0.0225	122.49	153.26	119.32	150.56	9.582	9.58	9.76	9.81	0.1221	9.69	0.0462	14.3483	16.9834	44.4962	75.5248	9.7434	147.3397	0.2646	2.8924	0.5635	0.7636	0.4737	399.72	0.00381	0.0393	-0.22713	-0.65566	-0.02558	134.5	0.00767	0.0184	-0.01294	0.05959	0.00391	9.62	0.00252	0.0692	-0.91202	0.46151	0.62952	16	0.0993	0.01794	0.14406	-0.08695	0.27187	0.15344	-0.12738	-0.14987	0.07505	0.12713	-0.00369	-0.03548	0.05671	-0.05222	-0.0329	-0.02277	-0.08359	0.05555	-0.06842	0.07786	-0.09945	-0.00685	-0.02032	0.03255	0.08378	-0.20642	-0.02312	0.02125	0.06686	-0.04689	-0.01297	-0.02151	274.88	821168634	833962145	1000	/scratch.global/lanej/1000G/ngs_dose/1000G_highcov/crams/HG00607.cram	9ab0a0e8,a23ef9ed,7f3b4c3c	184ab16e		14	0.997797	0.999066	0.999578	0.999827	2.06	0.986	0.964	684.133	105.434	scan	M	CHS	EAS	M	0.999757	0.999866	0.998017	NA	-0.04	1.1723	1.0204	383.483	379.9496	441.7108	141.3522	9.686	1.9934	611.0169	105.6126	377.7429	375.1018	434.0225	130.5638	9.6679	1.9901	702.443	89.094	640.8361	1.0042	0.9456	36.5668	M	2504	
HG00608	scan	0.1.0+fae1124	49.482	150	423	400	0.0848	0.9679	1.2429	0.0502	0.0395		2.0033	26.587	1165.9799	1.9581	0.0025	present	385.552	385.55	373.89	376.18	0.1744	415.28	0.0515	391.27	497.21	407.82	461.46	315.51	388.8	395.78	507.29	320.91	405.4	330.37	408.38	303.24	383.47	380.32	405.13	128.611	NA	128.61	129.31	0.0593	161.2	0.0254	113.09	141.87	114.06	143.51	9.776	9.78	9.88	9.86	0.1043	9.8	0.0504	16.4867	1.9176	48.7703	56.5664	10.0691	162.9324	0.2525	2.3264	0.5952	0.7359	0.7116	391.64	0.00354	0.0365	-0.38878	-0.11426	-0.45446	126.95	0.00957	0.0229	-0.03957	0.05129	-0.00472	9.72	0.00246	0.0674	-0.24086	0.34285	0.18516	16	-0.19966	0.1477	0.09444	-0.09329	-0.02347	-0.18943	0.00092	-0.04479	-0.06035	-0.00856	-0.04843	-0.02762	0.02673	0.03437	-0.00227	0.04032	-0.01904	0.00909	-0.00963	-0.04194	-0.05704	-0.05201	-0.00996	-0.00421	0.00674	-0.00983	0.00868	-0.09349	0.00105	0.01599	-0.01797	-0.00061	640.18	1003729886	1017556609	1000	/scratch.global/lanej/1000G/ngs_dose/1000G_highcov/crams/HG00608.cram	9ab0a0e8,a23ef9ed,7f3b4c3c	184ab16e		14	0.997452	0.999051	0.999434	0.999799	2.087	1.909	0.129	1145.905	32.461	scan	F	CHS	EAS	F	0.999665	0.99986	0.997545	NA	0.06	1.1783	1.0413	385.3849	379.7807	451.8682	127.6755	9.8346	2.0069	1068.5411	39.5941	378.4898	376.1859	436.1957	128.8961	9.7522	2.0055	965.9438	25.7461	1003.4498	1.951	0.1088	43.7832	F	2504	
HG00609	scan	0.1.0+fae1124	38.844	150	452	450	0.0691	0.9547	1.3118	0.0533	0.0458		2.0027	58.0002	704.855	0.9941	0.9785	present	391.634	391.63	375.7	369.05	0.1885	430.84	0.0434	376.31	518.48	404.83	475.3	298.32	405.95	369.65	515.09	291.02	400.46	314.33	414.52	268.38	368.91	389.41	421.58	149.22	NA	149.22	148.77	0.0843	199.11	0.0194	130.24	173.31	124.92	169.29	9.717	9.72	9.89	9.88	0.1253	9.79	0.039	14.8069	18.3496	45.5413	75.9882	9.891	147.7835	0.2565	2.8324	0.6363	0.691	0.2677	396.14	0.00325	0.0336	-0.48619	-0.05003	0.15552	148.02	0.0067	0.016	-0.01215	-0.01606	-0.02518	9.73	0.0027	0.0741	-0.77867	0.02254	0.47215	16	0.05186	0.0078	-0.0473	-0.16573	0.00278	0.05476	-0.04654	0.13172	0.11173	0.0923	0.12403	-0.07861	0.03457	0.08609	-0.0035	0.03121	0.0246	0.12552	-0.11489	0.09152	-0.06432	0.08223	0.04425	0.05159	-0.00308	0.03427	-0.00118	0.02676	-0.03479	-0.04747	0.07874	-0.01615	484.42	773378488	784318085	1000	/scratch.global/lanej/1000G/ngs_dose/1000G_highcov/crams/HG00609.cram	9ab0a0e8,a23ef9ed,7f3b4c3c	184ab16e		14	0.997519	0.998231	0.999594	0.999896	2.067	0.983	0.94	693.984	72.094	scan	M	CHS	EAS	M	0.999778	0.999893	0.997736	NA	0.07	1.1998	1.0219	381.2579	378.8445	451.2959	144.217	9.7355	2.0064	676.0495	52.7223	378.2979	374.4439	435.3439	142.3209	9.6994	2.0051	688.8225	41.6937	654.9482	1.006	0.9284	35.0091	M	698	
HG00610	scan	0.1.0+fae1124	38.246	150	433	450	0.0635	0.9742	1.1988	0.0751	0.0481		1.9944	49.7643	764.8732	0.982	0.9848	present	795.715	795.71	743.95	758.82	0.2301	798.17	0.0511	719.29	821.67	802.74	887.97	546.16	624.86	698.62	818.33	535.6	618.73	608.85	715.87	496.75	563.48	775.98	811.16	128.849	NA	128.85	125.04	0.1023	154.9	0.0178	111.75	133.66	115.16	139.83	9.754	9.75	9.84	9.82	0.121	9.77	0.0365	17.9912	14.1309	40.6069	70.3077	8.0654	146.8805	0.2328	2.2552	0.6071	0.7408	0.341	787.21	0.00657	0.0678	-0.74875	0.47108	0.33578	126.04	0.01978	0.0474	0.10579	-0.00243	0.01629	9.67	0.00251	0.0688	-0.28078	0.77422	-0.2714	16	0.17895	-0.10768	-0.15737	-0.06298	0.17672	0.09472	-0.14534	-0.09402	-0.08575	-0.09119	-0.0264	-0.02459	0.0912	-0.01065	-0.02143	0.06444	0.06346	0.03568	-0.0487	0.02649	-0.00049	-0.03596	-0.06068	-0.0676	-0.05991	0.01944	-0.03648	0.0038	-0.00823	-0.06752	0.07376	0.07596	358.01	761726358	773358383	1000	/scratch.global/lanej/1000G/ngs_dose/1000G_highcov/crams/HG00610.cram	9ab0a0e8,a23ef9ed,7f3b4c3c	184ab16e		14	0.99756	0.997998	0.999641	0.999955	2.017	0.981	0.846	750.555	55.958	scan	M	CHS	EAS	M	0.999531	0.999953	0.997539	NA	0.01	1.128	1.0197	783.7408	787.7706	903.2953	129.6647	9.5455	1.9987	777.9233	71.1231	783.3786	786.7077	899.4223	134.5429	9.6743	1.9984	738.9996	46.3023	699.1118	1.0026	0.8342	34.5719	M	2504	
HG00611	scan	0.1.0+fae1124	38.546	150	405	400	0.0725	0.974	1.2026	0.0481	0.053		1.9976	63.4494	736.3258	1.8659	0.003	present	752.372	752.37	710.56	703.2	0.1838	770.59	0.0542	668.79	789.78	763.57	854.49	520.3	571.06	674.04	816.17	542.27	638.43	597.98	704.39	490.45	560.94	742.09	783.73	178.726	NA	178.73	175.53	0.0949	215.95	0.0214	166.76	201.73	165.09	199.97	9.886	9.89	9.97	9.98	0.1193	9.91	0.0424	17.3562	1.1524	62.681	46.7511	10.4601	163.042	0.2376	2.719	0.6844	0.8282	0.4309	748.0	0.00408	0.0421	-0.30714	-0.03489	0.39699	175.41	0.02128	0.0509	0.11118	0.03575	0.01802	9.81	0.00273	0.075	-0.14702	0.80303	0.19346	16	0.45969	-0.01981	0.00161	-0.06028	0.01686	0.01975	-0.14791	0.09523	-0.01049	-0.04495	-0.05428	0.11087	-0.02628	0.11758	-0.075	0.04382	-0.00313	0.0647	-0.08402	-0.08411	-0.00741	-0.03276	-0.08544	-0.0385	-0.02017	0.00562	0.00717	0.04489	-0.00783	0.02304	0.03595	0.02826	301.88	785896102	796676534	1000	/scratch.global/lanej/1000G/ngs_dose/1000G_highcov/crams/HG00611.cram	9ab0a0e8,a23ef9ed,7f3b4c3c	184ab16e		14	0.997399	0.998551	0.99958	0.999936	2.092	1.826	0.128	724.396	73.498	scan	F	CHS	EAS	F	0.999668	0.99995	0.997572	NA	0.15	1.1424	1.0208	690.3064	689.6379	797.7021	174.2641	9.6663	2.0044	756.1113	45.0988	705.2977	704.0768	810.7372	193.3914	9.6906	2.0047	765.6744	45.2638	672.32	1.8528	0.1054	34.7026	F	2504	
HG00612	scan	0.1.0+fae1124	36.693	150	447	450	0.0927	0.9661	1.2344	0.0633	0.0519		2.0006	58.0339	797.765	1.9257	0.0018	present	753.168	753.17	726.45	738.75	0.1789	812.63	0.0641	729.28	944.12	772.35	881.38	630.9	804.66	806.89	1048.85	620.32	798.21	642.02	796.92	561.55	727.05	742.33	795.08	154.357	NA	154.36	156.35	0.0769	192.87	0.0259	134.53	168.59	133.21	168.2	9.704	9.7	9.85	9.85	0.1234	9.79	0.0531	16.3576	1.2734	59.527	55.994	10.5302	162.4369	0.2521	2.9001	0.6135	0.8276	0.4932	760.68	0.00349	0.036	-0.22879	-0.23458	-0.16826	153.55	0.01119	0.0268	-0.02853	-0.01739	0.03942	9.7	0.00273	0.0749	-0.00322	0.86129	0.52285	16	0.2842	0.11876	0.05011	-0.02632	0.02051	0.08625	-0.01685	0.07651	0.03047	0.08747	0.07103	-0.00092	0.02966	-0.06414	0.06373	-0.04762	-0.05456	0.0157	-0.05768	-0.00713	-0.06378	0.0577	0.05089	-0.06863	0.0563	-0.00829	-0.00119	0.0084	-0.04016	0.03966	0.02985	-0.02571	295.05	750016898	760276402	1000	/scratch.global/lanej/1000G/ngs_dose/1000G_highcov/crams/HG00612.cram	9ab0a0e8,a23ef9ed,7f3b4c3c	184ab16e		14	0.997624	0.998703	0.999523	0.99983	2.111	1.883	0.131	796.443	70.451	scan	F	CHS	EAS	F	0.99958	0.999825	0.997733	NA	0.04	1.1587	1.0153	720.7881	717.1716	816.9731	156.9032	9.7465	2.0042	890.4043	59.5872	681.1334	676.7717	781.2585	163.34	9.8072	2.002	804.4673	79.5547	746.9405	1.9094	0.1104	32.6062	F	698	
HG00613	scan	0.1.0+fae1124	36.782	150	428	450	0.1015	0.9565	1.2947	0.0681	0.049		1.992	41.3576	673.2427	0.9933	0.9652	present	484.734	484.73	459.32	456.6	0.1933	515.7	0.0562	450.49	547.46	478.79	563.14	340.86	416.35	438.25	548.15	345.38	425.87	369.11	464.78	313.77	377.36	480.42	521.49	220.638	NA	220.64	219.22	0.0851	284.51	0.0287	194.59	249.09	188.54	245.48	9.722	9.72	9.84	9.84	0.1201	9.78	0.0587	15.9464	10.5045	42.4735	68.2093	11.2156	138.5449	0.2591	3.6658	0.4825	0.7846	0.6152	484.99	0.00343	0.0354	-0.45638	-0.011	0.50179	217.78	0.0069	0.0165	0.01537	0.00158	-0.02724	9.67	0.00289	0.0794	-0.28376	0.29367	0.48566	16	0.2253	-0.02267	0.09996	-0.04309	0.05012	0.13404	-0.0241	0.01686	-0.03972	0.02891	-0.02587	-0.04542	0.04378	0.01014	-0.00801	-0.01308	-0.01354	0.08175	-0.01959	0.08421	0.00336	0.07807	-0.0187	0.04735	-0.11503	0.01855	0.03869	0.0597	0.05646	-0.00813	-0.04646	0.08299	792.71	731917362	742745235	1000	/scratch.global/lanej/1000G/ngs_dose/1000G_highcov/crams/HG00613.cram	9ab0a0e8,a23ef9ed,7f3b4c3c	184ab16e		14	0.997682	0.999004	0.999619	0.999923	2.018	0.986	0.826	665.245	50.187	scan	M	CHS	EAS	M	0.99975	0.999918	0.997943	NA	0.01	1.1611	0.9872	474.4948	474.911	548.5688	219.6185	9.7395	1.9917	679.4467	41.5333	514.1475	508.03	591.7703	217.2723	9.6759	1.9927	730.9821	54.1362	631.169	1.0064	0.8294	31.9961	M	2504	
HG00614	scan	0.1.0+fae1124	36.266	150	435	450	0.0985	0.9603	1.3255	0.062	0.0502		1.9868	16.0989	891.1378	1.9308	0.0032	present	531.195	531.2	502.61	498.75	0.1832	567.34	0.0556	496.12	635.17	531.69	622.7	408.05	515.82	463.84	609.94	400.58	514.29	415.39	534.82	368.4	465.4	521.99	563.64	121.632	NA	121.63	120.89	0.0851	159.92	0.0269	110.51	146.25	106.76	141.51	10.135	10.14	10.19	10.22	0.1337	10.08	0.0557	19.3598	1.5086	51.1348	51.5335	9.847	161.6063	0.2258	2.7144	0.471	0.7783	0.2528	528.99	0.00396	0.0409	-0.52529	0.01079	0.19931	120.7	0.00869	0.0208	0.03572	0.01779	-0.01678	10.01	0.00273	0.075	0.36751	1.53896	0.14067	16	0.23316	0.03452	0.0703	-0.18953	-0.01009	-0.25662	0.11906	-0.01396	0.03792	-0.1476	-0.06278	0.08061	0.14823	0.00925	-0.11508	0.17502	-0.00177	0.05255	0.31312	-0.1706	-0.03747	0.10031	-0.02963	-0.23369	-0.07425	-0.17171	-0.01108	0.26247	-0.01126	0.064	0.1514	0.05013	456.72	729540804	739105495	1000	/scratch.global/lanej/1000G/ngs_dose/1000G_highcov/crams/HG00614.cram	9ab0a0e8,a23ef9ed,7f3b4c3c	184ab16e		14	0.99737	0.997972	0.999519	0.999746	2.061	1.871	0.121	871.948	19.75	scan	F	CHS	EAS	F	0.999714	0.999811	0.997632	NA	0.35	1.1771	1.0051	534.0445	530.819	637.9741	115.6035	9.9609	1.9954	845.6001	37.7897	573.3091	578.5036	645.2616	132.6852	9.9524	2.0025	721.5273	41.1281	822.9113	1.9252	0.1034	31.507	F	2504	
HG00615	scan	0.1.0+fae1124	37.144	150	448	450	0.0945	0.971	1.2222	0.0505	0.0497		1.9972	37.7517	755.2072	1.9209	0.0025	present	541.041	541.04	522.57	526.41	0.1525	579.61	0.055	535.07	684.26	548.25	618.58	446.23	563.47	553.37	717.58	432.7	552.9	453.17	560.0	401.71	511.52	535.19	568.45	218.519	NA	218.52	217.11	0.0748	272.75	0.0225	199.35	248.76	187.27	236.77	9.867	9.87	9.99	9.99	0.1171	9.93	0.0539	18.1796	1.5347	50.6345	49.7247	10.0746	141.3303	0.2267	3.2955	0.4116	0.7588	0.932	546.95	0.00299	0.0309	-0.24987	-0.38777	-0.07768	218.02	0.00679	0.0163	-0.0396	-0.00807	0.00089	9.85	0.00262	0.0719	-0.13342	0.86254	0.0263	16	0.10385	0.08236	0.06649	0.07844	0.01945	0.01331	-0.01357	0.04373	0.01147	0.01504	-0.02648	-0.02136	0.05999	0.01001	0.04318	-0.14782	-0.14897	-0.01042	-0.00418	-0.00083	0.06158	0.01867	0.00594	-0.09471	0.06821	0.09569	-0.00992	0.00509	0.04208	-0.03344	0.0122	-0.08936	297.13	749478392	759046732	1000	/scratch.global/lanej/1000G/ngs_dose/1000G_highcov/crams/HG00615.cram	9ab0a0e8,a23ef9ed,7f3b4c3c	184ab16e		14	0.997723	0.999298	0.999592	0.999881	2.061	1.869	0.123	742.183	46.341	scan	F	CHS	EAS	F	0.999736	0.999895	0.997973	NA	0.19	1.131	1.0024	525.5945	523.6834	579.1293	226.7086	9.9236	1.9987	761.1634	28.6905	499.4926	493.7284	563.2024	203.9569	9.8834	1.9984	743.8402	26.3316	700.5247	1.9148	0.1062	32.6096	F	698	
HG00619	scan	0.1.0+fae1124	45.207	150	430	450	0.2307	1.0093	0.995	0.0849	0.0442		1.9933	59.7318	696.1258	0.9866	0.9514	present	448.342	448.34	420.35	419.85	0.1845	403.29	0.0991	412.25	343.95	443.07	431.33	329.04	285.23	458.83	396.18	319.8	276.14	341.59	321.43	280.22	229.7	434.18	426.35	156.653	NA	156.65	157.87	0.1013	150.34	0.0555	142.82	134.45	130.6	125.06	8.712	8.71	8.82	8.83	0.1244	8.81	0.1384	15.4992	9.3707	42.7866	66.8245	9.4018	153.9358	0.2347	3.0168	0.6251	0.8108	0.4669	437.06	0.00393	0.0405	-0.49744	-0.18145	0.16643	155.86	0.01074	0.0257	0.03997	-0.03674	-0.03756	8.64	0.00319	0.0875	0.51061	0.89305	0.29531	16	0.08062	-0.05233	-8e-05	-0.05372	0.01884	-0.01272	0.07581	0.03758	0.1227	0.11134	0.01467	0.0376	-0.0059	0.01566	0.02046	0.00795	0.03564	-0.03424	0.03656	0.02358	0.00723	-0.00534	-0.06815	0.0298	-0.01838	-0.01948	0.05747	0.10662	-0.03613	0.03316	0.02118	-0.00797	553.59	900070632	913539531	1000	/scratch.global/lanej/1000G/ngs_dose/1000G_highcov/crams/HG00619.cram	9ab0a0e8,a23ef9ed,7f3b4c3c	184ab16e		14	0.996723	0.9988	0.999634	0.999961	2.026	0.993	0.739	679.249	59.746	scan	M	CHS	EAS	M	0.999813	0.999981	0.996671	NA	-1.02	0.9869	1.0138	425.0567	436.0189	414.3648	153.5769	8.581	1.9931	696.7355	46.0288	NA	NA	NA	NA	NA	NA	NA	NA	641.2211	1.01	0.7832	33.9637	M	2504	DJ -1.02 copies
HG00620	scan	0.1.0+fae1124	38.896	150	428	450	0.1057	0.9687	1.2429	0.0808	0.0391		1.9984	39.0777	693.1428	1.9358	0.0023	present	519.218	519.22	502.75	507.15	0.1619	558.42	0.0611	489.64	630.02	535.48	606.78	423.31	539.66	534.81	688.5	405.68	520.06	438.11	543.63	379.63	490.31	518.09	550.2	143.631	NA	143.63	145.34	0.069	180.03	0.0283	131.39	164.28	119.23	151.24	9.79	9.79	9.85	9.85	0.1168	9.77	0.0628	16.572	1.2308	41.1645	56.2132	9.8866	147.3834	0.2422	4.0062	0.4975	0.7661	0.5446	527.29	0.00239	0.0246	-0.26542	-0.27253	-0.21453	142.21	0.01348	0.0323	-0.07316	0.00754	0.01	9.62	0.00268	0.0737	0.39865	0.68698	0.57601	16	-0.12161	-0.06987	-0.01511	-0.00816	-0.08301	0.01161	0.10155	0.0611	-0.05465	-0.00989	0.04763	0.02776	0.02206	0.03193	-0.00116	-0.01011	-0.09792	-0.0287	-0.02642	0.01672	-0.00508	-0.04452	-0.04677	0.07379	-0.07972	-0.03435	0.07711	-0.05601	0.0552	-0.00847	0.01608	-0.05032	699.18	784942906	796687884	1000	/scratch.global/lanej/1000G/ngs_dose/1000G_highcov/crams/HG00620.cram	9ab0a0e8,a23ef9ed,7f3b4c3c	184ab16e		14	0.997668	0.998855	0.999624	0.999962	2.042	1.889	0.139	683.463	46.581	scan	F	CHS	EAS	F	0.99974	0.999958	0.997855	NA	-0.04	1.1508	1.0155	532.6131	525.2588	614.8521	138.6441	9.667	1.9951	703.0147	38.4753	NA	NA	NA	NA	NA	NA	NA	NA	643.5848	1.9358	0.1166	33.6096	F	2504	
HG00621	scan	0.1.0+fae1124	36.48	150	442	450	0.0906	0.9636	1.2398	0.0647	0.0503		1.9974	40.1362	755.8466	0.9902	0.9755	present	591.046	591.05	579.34	577.71	0.1504	646.92	0.0546	569.83	749.06	610.35	690.56	500.48	646.84	597.82	793.97	486.66	636.74	503.71	631.65	459.57	602.36	595.93	633.92	160.204	NA	160.2	158.21	0.0673	202.68	0.0236	145.7	184.87	139.08	178.25	8.701	8.7	8.86	8.87	0.1243	8.79	0.0542	13.8729	9.204	40.2579	74.6568	7.5187	147.628	0.2228	3.0727	0.7247	0.7021	0.5404	603.09	0.00303	0.0312	-0.23956	-0.50417	-0.1869	158.3	0.00429	0.0103	-0.02612	0.02317	0.01098	8.74	0.00308	0.0845	-0.01898	0.75373	0.1572	16	0.23329	-0.01572	-0.09902	0.00929	0.01132	-0.05395	0.04507	-0.05297	0.02962	0.00082	-0.02868	-0.04263	0.00378	-0.00218	-0.01423	0.01612	0.02343	-0.08099	-0.06386	-0.04523	-0.07705	0.00174	-0.00667	-0.05639	0.0249	-0.04968	0.00362	0.04387	-0.13286	0.08193	0.00954	-0.05129	497.41	725556484	737055935	1000	/scratch.global/lanej/1000G/ngs_dose/1000G_highcov/crams/HG00621.cram	9ab0a0e8,a23ef9ed,7f3b4c3c	184ab16e		14	0.997433	0.99915	0.999563	0.999837	2.028	0.981	0.759	745.461	47.888	scan	M	CHS	EAS	M	0.999753	0.999888	0.997472	NA	-0.92	1.145	1.012	609.8041	595.6167	699.2754	157.8341	8.6138	2.0	765.9189	37.1641	554.7068	546.2336	631.254	134.4804	8.786	2.0	903.6072	43.4555	702.2252	1.001	0.7578	32.2282	M	698	DJ -0.92 copies
HG00622	scan	0.1.0+fae1124	34.466	150	417	400	0.0679	0.966	1.2337	0.0554	0.0437		1.9957	64.2637	753.483	0.9979	0.9756	present	405.537	405.54	390.59	390.37	0.1595	436.71	0.0413	391.57	503.49	414.1	471.26	309.61	388.2	411.98	532.18	321.86	413.96	343.42	424.43	308.26	391.81	401.85	430.72	96.961	NA	96.96	97.73	0.0622	120.74	0.0183	88.23	109.15	82.79	103.64	9.748	9.75	9.84	9.88	0.1108	9.78	0.0382	15.8536	11.5564	43.8063	63.8798	10.8588	151.2019	0.2588	3.135	0.7655	0.8523	0.4626	409.39	0.00293	0.0302	-0.46738	-0.472	-0.07221	97.96	0.00617	0.0148	-0.06424	0.02358	0.01762	9.69	0.00246	0.0674	-0.28006	0.36935	0.02326	16	-0.03082	-0.0823	-0.04318	0.00606	0.14337	0.11427	-0.09024	-0.07322	-0.03994	0.05172	0.00356	0.00533	-0.01869	-0.07613	0.03656	-0.04576	-0.04	-0.06566	0.06578	-0.02491	0.05343	0.01187	0.01553	0.05005	0.07229	0.10671	0.08343	0.16456	-0.03982	-0.02151	0.11967	-0.01654	223.11	685380352	695412900	1000	/scratch.global/lanej/1000G/ngs_dose/1000G_highcov/crams/HG00622.cram	9ab0a0e8,a23ef9ed,7f3b4c3c	184ab16e		14	0.997545	0.999035	0.999623	0.999807	2.024	0.985	0.752	732.279	75.523	scan	M	CHS	EAS	M	0.999647	0.999835	0.997743	NA	0.03	1.1511	1.0115	396.054	392.7068	455.2663	102.2888	9.6726	1.9944	768.9348	67.2208	436.1471	431.8176	503.0148	95.3512	9.6698	1.9938	830.3003	64.5053	688.1432	1.0046	0.748	31.0159	M	2504	
HG00623	scan	0.1.0+fae1124	39.021	150	417	400	0.0782	0.9623	1.2502	0.048	0.0469	chr12	2.0119	26.7984	1022.3489	1.9262	0.0027	present	517.861	517.86	501.51	512.72	0.1719	562.2	0.0497	491.6	635.79	527.83	600.96	414.99	517.97	551.33	716.07	425.11	547.42	448.86	557.18	387.51	494.27	515.2	553.55	215.861	NA	215.86	215.74	0.0644	270.5	0.0266	197.85	247.86	188.94	237.54	9.816	9.82	9.89	9.95	0.1182	9.83	0.0463	18.1361	1.8883	37.6366	51.4861	8.8445	140.6423	0.2305	2.6879	0.6341	0.8018	0.4373	523.72	0.00419	0.0432	0.38426	-0.11877	-0.46628	214.63	0.00832	0.0199	-0.03918	0.04002	-0.01036	9.72	0.00257	0.0705	-0.5381	0.64376	0.1991	16	0.17234	-1.53731	0.89185	-0.04199	0.02123	-0.23034	-0.12028	0.11235	0.01911	0.1039	-0.00564	0.26201	0.18292	-0.03374	-0.00748	-0.12405	0.08819	-0.10196	-0.01511	0.01574	-0.05208	0.0743	-0.00405	-0.00682	-0.04028	0.08238	-0.04394	-0.01592	-0.02014	0.04868	0.01874	0.03975	431.36	799174654	810863827	1000	/scratch.global/lanej/1000G/ngs_dose/1000G_highcov/crams/HG00623.cram	9ab0a0e8,a23ef9ed,7f3b4c3c	184ab16e		14	0.99783	0.999117	0.999534	0.999836	2.019	1.882	0.128	1010.397	30.904	scan	F	CHS	EAS	F	0.999722	0.999856	0.997963	NA	0.06	1.1475	1.0078	466.4269	461.6295	530.5871	211.8967	9.7606	1.984	856.1009	23.6331	440.7303	438.814	500.4781	207.2044	9.5863	1.9849	795.7556	23.7293	911.6101	1.898	0.1056	35.217	F	2504	aneuploid: chr12
HG00625	scan	0.1.0+fae1124	38.479	150	429	450	0.077	0.9743	1.1868	0.0688	0.0402		1.998	46.6543	633.2703	0.9847	0.9855	present	284.935	284.93	271.68	274.53	0.2335	289.6	0.0413	269.89	299.42	295.46	324.57	216.37	241.69	278.58	316.8	213.43	240.05	230.14	264.94	199.82	219.5	279.72	292.35	120.064	NA	120.06	117.54	0.0934	140.86	0.0213	105.55	122.87	105.39	124.57	9.763	9.76	9.84	9.9	0.118	9.79	0.0441	17.7898	12.0089	58.9976	65.702	8.6568	149.8265	0.2462	3.4565	0.7009	0.8757	0.3474	291.98	0.00346	0.0357	-1.2985	0.59739	-0.40183	118.29	0.00905	0.0217	0.05081	-0.0102	-0.00338	9.68	0.00254	0.0696	0.04917	0.56299	0.38231	16	-0.01442	-0.08735	-0.02185	-0.11458	0.04052	0.06332	0.12143	-0.08808	0.05597	-0.0335	0.07826	-0.00827	-0.07101	-0.00817	-0.05302	-0.11521	-0.07464	0.06349	-0.02083	0.06286	-0.04141	-0.069	0.01965	0.04105	-0.05553	0.00238	-0.01694	0.06701	0.01207	-0.03992	-0.00159	-0.05212	246.0	767586826	779150231	1000	/scratch.global/lanej/1000G/ngs_dose/1000G_highcov/crams/HG00625.cram	9ab0a0e8,a23ef9ed,7f3b4c3c	184ab16e		14	0.997636	0.997955	0.999502	0.999778	2.042	0.988	0.748	625.619	52.445	scan	M	CHS	EAS	M	0.99981	0.999925	0.997849	NA	0.02	1.1116	1.0119	296.9993	290.9322	325.8283	119.6997	9.7066	1.9989	567.7014	54.6006	291.7619	283.5496	335.4512	119.4982	9.7447	1.9983	711.1132	56.5805	590.596	1.0064	0.7432	34.4173	M	2504	
HG00626	scan	0.1.0+fae1124	36.939	150	425	400	0.0868	0.9742	1.1955	0.0592	0.0474		2.0028	27.6911	762.4107	1.9628	0.0031	present	382.573	382.57	365.29	366.98	0.2186	390.1	0.0469	361.33	409.57	396.55	435.28	287.08	308.58	377.36	439.43	301.92	343.58	318.65	366.91	277.63	306.59	375.6	392.77	143.764	NA	143.76	141.78	0.0781	169.63	0.0239	117.96	138.23	125.17	148.32	9.608	9.61	9.72	9.74	0.1159	9.66	0.0528	12.602	1.5023	47.4633	48.2524	10.9032	157.3085	0.246	2.7198	0.6549	0.7601	0.4019	392.81	0.00244	0.0252	-1.36641	0.38654	-0.41923	143.6	0.00792	0.019	0.01762	0.01716	-0.00307	9.57	0.00259	0.071	0.33099	-0.87713	0.01631	16	0.09276	-0.0647	0.01675	-0.11303	0.01875	-0.02586	0.0993	0.02396	0.03989	0.03725	-0.04319	0.01762	-0.06946	0.05063	-0.05126	0.03898	0.06349	-0.01333	-0.07107	0.03058	0.06939	-0.00346	0.04685	0.08896	-0.055	-0.0311	0.03333	-0.0056	-0.01673	0.10272	-0.03367	-0.01366	662.61	747354622	756641874	1000	/scratch.global/lanej/1000G/ngs_dose/1000G_highcov/crams/HG00626.cram	9ab0a0e8,a23ef9ed,7f3b4c3c	184ab16e		14	0.99768	0.998525	0.999623	0.999915	2.082	1.906	0.123	742.477	31.44	scan	F	CHS	EAS	F	0.999794	0.999937	0.997814	NA	-0.09	1.1081	1.0095	384.2633	372.9624	426.5153	139.6373	9.5183	2.0021	720.2459	24.7843	374.5731	364.947	430.8757	147.1274	9.5022	2.0025	725.9409	50.9337	695.3072	1.946	0.103	32.6499	F	2504	
HG00627	scan	0.1.0+fae1124	36.606	150	435	450	0.074	0.9758	1.182	0.0727	0.0407		1.9954	88.0863	718.0462	0.9852	0.9762	present	411.752	411.75	390.77	390.85	0.234	419.94	0.0448	372.8	432.26	421.12	463.04	309.95	360.37	370.71	439.59	300.67	352.57	325.4	381.55	277.21	319.12	406.21	424.63	156.493	NA	156.49	153.67	0.0831	186.56	0.0218	134.25	158.5	137.32	165.65	9.55	9.55	9.68	9.69	0.1152	9.62	0.043	13.518	11.9348	44.891	62.1144	8.5876	144.8553	0.238	3.2807	0.5633	0.7503	0.5988	417.63	0.00404	0.0417	-1.64074	0.29883	-0.12175	155.01	0.0028	0.0067	0.03158	-0.00349	0.02928	9.52	0.00268	0.0736	-0.15137	-0.87516	-0.48497	16	-0.04767	-0.06498	-0.15544	0.07303	-0.02749	-0.05194	-0.02364	0.01742	0.00027	0.05416	0.03269	-0.0255	0.00574	0.0357	0.00144	0.06973	0.01868	0.01635	-0.07784	0.00665	-0.07386	-0.0055	0.06802	-0.02065	-0.07913	0.06484	0.01204	-0.02406	0.01598	0.03449	-0.08883	0.01452	239.04	730023968	740050391	1000	/scratch.global/lanej/1000G/ngs_dose/1000G_highcov/crams/HG00627.cram	9ab0a0e8,a23ef9ed,7f3b4c3c	184ab16e		14	0.997663	0.998943	0.999476	0.999883	2.036	0.988	0.741	702.938	97.961	scan	M	CHS	EAS	M	0.999706	0.999879	0.997801	NA	-0.14	1.1087	1.0084	420.3446	413.1034	472.0139	150.6367	9.3724	1.994	736.8891	66.0436	403.371	396.2517	465.4585	151.6824	9.4584	1.9941	772.0684	63.0562	661.1816	1.0074	0.7384	32.9347	M	698	
HG00628	scan	0.1.0+fae1124	39.377	150	434	450	0.0961	0.9681	1.2747	0.0624	0.0397		1.9994	28.9214	950.2435	0.9947	0.9767	present	423.761	423.76	408.04	409.59	0.1841	455.75	0.0549	396.36	508.27	438.81	502.45	327.15	418.57	391.71	511.88	318.97	412.03	341.14	430.92	297.21	378.57	424.01	452.48	175.259	NA	175.26	171.93	0.081	224.66	0.0253	159.87	202.96	156.45	203.54	9.747	9.75	9.84	9.88	0.122	9.75	0.0554	16.8581	8.2582	66.7948	59.3319	9.6119	155.391	0.2544	3.0245	0.5444	0.7431	0.3454	430.57	0.00278	0.0287	-0.52932	-0.07411	0.27292	174.25	0.01543	0.0369	0.04551	0.02433	0.0244	9.68	0.00254	0.0697	-0.99848	0.25712	0.05034	16	-0.17078	-0.01591	0.09731	-0.06042	0.12268	0.00499	-0.13862	-0.05989	-0.05433	-0.11147	-0.05927	0.00125	-0.06332	0.05727	0.03143	0.03322	-0.03366	0.04662	-0.10616	-0.00457	-0.07149	-0.0313	0.00778	-0.04032	-0.12023	0.04018	-0.00971	0.06577	0.03548	-0.04473	-0.15074	-0.12663	327.58	783938414	795059241	1000	/scratch.global/lanej/1000G/ngs_dose/1000G_highcov/crams/HG00628.cram	9ab0a0e8,a23ef9ed,7f3b4c3c	184ab16e		14	0.997494	0.99893	0.999538	0.999819	2.069	0.985	0.74	928.341	35.07	scan	M	CHS	EAS	M	0.99954	0.999846	0.99764	NA	0.02	1.1669	1.0191	419.0612	412.0369	494.7889	178.1718	9.7436	1.9999	913.0521	36.086	441.3048	437.4658	506.5801	172.2161	9.6298	2.0006	916.5892	40.2457	857.2391	1.0052	0.7444	34.5235	M	2504	
HG00629	scan	0.1.0+fae1124	49.603	150	411	400	0.0824	0.9608	1.2321	0.043	0.0453		2.004	52.0713	713.2562	1.9315	0.0021	present	605.056	605.06	586.07	597.11	0.1474	658.81	0.0603	588.07	771.92	622.53	706.83	466.66	601.45	641.83	838.99	497.84	647.28	520.34	648.35	450.5	592.14	601.78	646.2	180.072	NA	180.07	178.45	0.0688	225.11	0.0262	165.23	207.45	156.65	196.36	9.408	9.41	9.55	9.56	0.1089	9.49	0.0477	17.4482	1.6269	59.1271	60.9847	10.4078	149.0935	0.2239	2.381	0.507	0.8014	0.5907	612.6	0.00348	0.0359	-0.30458	-0.56265	-0.06128	178.13	0.00566	0.0135	-0.02568	0.03591	-0.01688	9.39	0.00235	0.0643	-0.54627	0.09953	0.07124	16	0.1205	0.09379	0.10575	0.07609	-0.03334	0.11679	-0.03716	0.05635	-0.04236	-0.04941	0.02845	0.048	-0.00936	-0.00468	-0.00552	-0.0235	0.07049	-0.03164	0.0337	0.03127	-0.0578	-0.03042	-0.06055	-0.04083	-0.04551	0.00486	0.0095	-0.02419	0.00427	0.10412	0.06122	-0.00631	389.29	1005156882	1021001127	1000	/scratch.global/lanej/1000G/ngs_dose/1000G_highcov/crams/HG00629.cram	9ab0a0e8,a23ef9ed,7f3b4c3c	184ab16e		14	0.997895	0.999107	0.999633	0.99994	2.04	1.897	0.141	700.083	62.521	scan	F	CHS	EAS	F	0.999769	0.999939	0.998193	NA	-0.27	1.1538	1.0162	602.0916	595.3035	696.2642	177.7991	9.4826	2.0045	775.5121	50.1207	610.3929	607.4685	692.8222	179.3264	9.5591	2.0029	739.3737	59.0807	643.7622	1.9406	0.1166	43.9465	F	2504	
HG00630	scan	0.1.0+fae1124	39.137	150	442	450	0.106	0.9777	1.1982	0.0644	0.0415		1.9949	8.8784	891.0904	0.9941	0.9597	present	422.191	422.19	407.63	410.02	0.1671	444.99	0.0573	422.41	526.43	426.92	472.93	351.0	434.84	419.51	527.68	339.2	423.43	354.01	427.59	313.56	390.44	416.69	436.91	181.41	NA	181.41	181.18	0.0709	221.22	0.0298	168.01	203.59	157.11	194.19	9.857	9.86	9.92	9.94	0.1278	9.85	0.064	16.4748	8.0225	74.3056	61.436	9.2429	137.8558	0.2488	2.4694	0.4648	0.7107	0.3823	426.12	0.00392	0.0404	-0.36706	-0.2518	-0.26756	180.1	0.00661	0.0158	-0.03246	0.01533	0.00088	9.75	0.00279	0.0765	-1.00594	0.74119	-0.52435	16	-0.07867	-0.06386	-0.19078	0.05103	0.07394	0.02509	-0.1896	0.05941	0.01128	0.08014	-0.01815	-0.03115	0.06932	0.01972	0.01957	-0.02671	-0.06062	0.05293	-0.0252	-0.06957	0.01871	0.01102	0.00662	-0.08673	-0.00183	-0.00283	0.02225	0.00859	0.05841	0.02607	0.00869	0.00051	457.71	778297276	788987349	1000	/scratch.global/lanej/1000G/ngs_dose/1000G_highcov/crams/HG00630.cram	9ab0a0e8,a23ef9ed,7f3b4c3c	184ab16e		14	0.998047	0.99857	0.999639	0.999877	2.083	0.989	0.749	872.849	10.005	scan	M	CHS	EAS	M	0.999671	0.999873	0.998275	NA	0.09	1.1099	1.0019	402.2499	399.231	445.801	184.8322	9.6412	1.996	894.0938	5.915	404.1007	401.3924	454.8646	173.981	9.7763	1.9932	901.3956	8.6495	805.2381	1.0096	0.7572	33.9918	M	698	
HG00631	scan	0.1.0+fae1124	35.304	150	437	450	0.0955	0.9607	1.2754	0.0724	0.0428		1.999	8.106	874.2681	0.9879	0.9814	present	573.254	573.25	554.65	556.26	0.178	620.37	0.0565	564.67	701.33	588.33	682.98	447.69	553.31	555.43	709.9	433.8	543.82	458.21	579.26	401.56	495.5	573.19	616.52	162.021	NA	162.02	159.67	0.0885	210.21	0.0273	139.52	180.49	139.57	183.59	9.735	9.73	9.89	9.91	0.1267	9.8	0.0544	14.4293	13.7415	37.3086	54.7236	10.7847	143.4884	0.2311	3.2923	0.7453	0.908	0.2006	582.92	0.00254	0.0262	-0.3908	-0.17028	0.33923	161.1	0.00431	0.0103	0.02314	-0.03348	0.02568	9.75	0.00269	0.0739	-0.84752	0.07705	0.35707	16	0.00068	-0.09432	-0.03481	-0.14463	0.06807	0.12816	-0.00285	-0.11926	0.01766	0.05693	0.00043	-0.02001	-0.02617	0.1013	-0.0637	0.0191	0.01493	0.01065	-0.05911	-0.0168	-0.10059	0.0188	-0.0066	0.05185	0.00691	0.03566	0.02144	0.04067	0.08593	-0.01919	-0.03557	-0.13383	358.3	699032904	707528949	1000	/scratch.global/lanej/1000G/ngs_dose/1000G_highcov/crams/HG00631.cram	9ab0a0e8,a23ef9ed,7f3b4c3c	184ab16e		14	0.99768	0.998502	0.999671	0.99991	1.981	0.977	0.822	854.019	9.753	scan	M	CHS	EAS	M	0.999819	0.999944	0.997843	NA	0.09	1.1717	1.0093	590.6857	579.9615	694.3871	160.6941	9.7271	2.0002	765.4391	7.1991	600.198	590.2934	685.5683	164.5696	9.7499	2.0021	937.4673	7.0695	801.1041	1.0	0.8314	30.8623	M	2504	
HG00632	scan	0.1.0+fae1124	34.685	150	430	450	0.0984	0.9636	1.2733	0.0789	0.0455		1.9902	17.2049	791.7198	2.0109	0.0024	present	423.434	423.43	410.76	415.37	0.1818	456.6	0.0527	416.01	518.0	438.68	503.11	329.75	410.89	406.34	516.87	319.84	402.3	341.68	428.33	292.83	362.95	424.66	453.33	168.88	NA	168.88	166.78	0.0798	216.2	0.0249	146.23	185.27	148.16	192.55	9.516	9.52	9.66	9.68	0.1256	9.59	0.0545	15.5299	1.6939	61.0301	46.342	8.1979	135.628	0.2324	2.7263	0.7963	0.7295	0.3136	431.84	0.00245	0.0252	-0.71971	-0.22867	0.15546	167.88	0.00699	0.0167	0.0194	0.01421	-0.00545	9.51	0.00269	0.0737	-0.76497	-0.0465	0.06392	16	0.06144	-0.03891	-0.08166	-0.11073	-0.0494	-0.03947	0.12649	0.03938	0.01341	-0.02289	0.0189	-0.00207	0.03077	0.02549	-0.03662	-0.00167	0.02585	-0.03808	-0.02443	-0.00534	0.04895	0.01074	0.04892	-0.01238	-0.01317	0.06607	-0.08231	0.0438	-0.05696	0.03696	0.06	0.00459	323.78	700382870	709149739	1000	/scratch.global/lanej/1000G/ngs_dose/1000G_highcov/crams/HG00632.cram	9ab0a0e8,a23ef9ed,7f3b4c3c	184ab16e		14	0.997466	0.998691	0.999535	0.999804	2.093	1.961	0.115	776.69	19.643	scan	F	CHS	EAS	F	0.999688	0.999905	0.997478	NA	-0.15	1.165	1.0158	433.6395	425.1719	504.0705	164.5446	9.4862	1.9921	773.9096	19.4464	437.6127	426.1378	501.9697	189.8829	9.4933	1.9959	925.4362	29.2862	732.2038	2.0124	0.0966	30.2026	F	2504	
HG00634	scan	0.1.0+fae1124	37.687	150	429	450	0.0934	0.9715	1.2185	0.083	0.0476		2.0058	15.2372	654.2236	0.9928	0.9798	present	316.976	316.98	305.63	308.84	0.1984	329.91	0.0462	309.78	353.57	324.27	361.77	240.62	276.76	302.43	355.77	242.32	281.18	252.79	299.28	220.32	248.2	315.77	332.36	102.556	NA	102.56	101.5	0.0701	123.96	0.026	92.52	110.65	90.99	111.06	9.707	9.71	9.82	9.84	0.1165	9.75	0.0539	16.888	18.963	35.8297	101.0205	10.5459	156.0956	0.2623	2.6501	0.5962	0.8116	0.3956	321.91	0.00254	0.0262	-0.12675	0.38657	-0.1351	102.08	0.0056	0.0134	-0.00598	0.01212	0.03509	9.66	0.00273	0.0748	0.24433	0.52273	0.3947	16	0.08868	-0.058	0.03852	-0.08744	0.18679	0.09462	0.03145	-0.08916	0.04748	0.04766	0.01699	0.06933	-0.06626	-0.04986	0.08198	-0.04658	-0.07491	-0.11263	-0.01805	0.04601	0.02511	0.05251	-0.03156	-0.07212	-0.04562	-0.01749	-0.07209	0.06216	0.00542	-0.02666	-0.03228	-0.05501	289.94	753730866	768680783	1000	/scratch.global/lanej/1000G/ngs_dose/1000G_highcov/crams/HG00634.cram	9ab0a0e8,a23ef9ed,7f3b4c3c	184ab16e		14	0.997488	0.998737	0.999592	0.999943	2.041	0.988	1.022	644.411	17.578	scan	M	CHS	EAS	M	0.999795	0.999941	0.997734	NA	0.0	1.1238	1.0073	310.0412	305.5011	343.927	106.2957	9.6319	2.0061	672.0167	16.6396	311.4211	307.4653	354.6925	105.004	9.7152	2.0068	671.1108	28.6219	610.5683	1.0052	0.998	33.1478	M	2504	
HG00635	scan	0.1.0+fae1124	37.341	150	449	450	0.0911	0.964	1.2115	0.0785	0.0448		2.0059	53.5667	658.842	1.9245	0.0015	present	487.922	487.92	472.12	477.27	0.2197	527.18	0.0529	472.01	614.93	515.34	585.26	408.91	530.8	507.7	663.66	388.62	506.85	423.02	523.84	363.74	474.27	481.79	513.96	157.775	NA	157.78	158.28	0.0661	195.8	0.0221	144.23	177.23	136.57	171.82	9.267	9.27	9.5	9.46	0.129	9.44	0.0524	12.9313	1.4582	40.2672	41.1107	10.1381	144.5491	0.2502	3.1009	0.4238	0.7644	0.5648	507.88	0.00315	0.0325	-1.23739	0.06585	-0.32742	155.89	0.01277	0.0306	-0.04071	0.02585	0.02686	9.34	0.00328	0.0899	-0.73229	0.4854	-0.74375	16	0.03638	0.07022	0.02054	-0.04579	0.03889	-0.02005	-0.05589	0.132	0.07107	0.13786	-0.00683	0.00625	-0.0665	0.02679	-0.00555	0.00489	0.0742	-0.08158	0.02566	0.07209	0.04096	0.03756	-0.01315	0.09034	-0.03353	-0.09223	-0.04574	0.04545	-0.00988	-0.04543	0.05327	0.05952	302.77	750660604	759302527	1000	/scratch.global/lanej/1000G/ngs_dose/1000G_highcov/crams/HG00635.cram	9ab0a0e8,a23ef9ed,7f3b4c3c	184ab16e		14	0.997682	0.998958	0.99961	0.999909	2.008	1.879	0.114	655.093	64.764	scan	F	CHS	EAS	F	0.999703	0.999924	0.99795	NA	-0.32	1.1524	1.0147	464.7607	447.1816	528.7687	154.6657	9.3206	2.0068	648.889	37.4616	437.2416	423.859	503.6458	162.74	9.3194	2.0071	727.0081	56.6383	621.8209	1.928	0.0986	32.8513	F	698	
HG00636	scan	0.1.0+fae1124	39.842	150	437	450	0.0705	0.9541	1.3052	0.066	0.0489		1.9899	17.6499	674.9378	0.9877	0.9781	present	352.546	352.55	335.85	339.7	0.2003	386.32	0.0432	346.73	476.69	365.18	431.13	275.31	372.13	329.84	461.22	257.56	353.44	281.01	371.81	244.73	335.2	346.08	376.25	167.989	NA	167.99	167.5	0.0841	225.63	0.0218	148.11	199.24	145.4	198.42	9.606	9.61	9.77	9.77	0.1105	9.67	0.0416	15.57	19.2831	35.7894	96.5372	11.3381	151.2052	0.2694	2.6712	0.4665	0.8221	0.4211	353.1	0.00324	0.0334	-0.53201	0.12442	-0.23031	167.38	0.00595	0.0142	0.00136	-0.02751	0.02131	9.61	0.00247	0.0677	0.04306	0.2612	0.02347	16	0.21165	0.09956	0.0504	-0.07506	0.02741	0.04558	0.07412	0.01627	0.05904	0.11736	0.01585	-0.0888	-0.01576	0.00028	0.0895	0.10252	-0.02578	0.00561	0.00855	-0.00643	-0.10576	0.00191	0.03393	-0.00308	-0.05024	0.05931	0.01545	0.03852	0.05629	-0.016	0.11444	0.01514	266.15	794697022	809214262	1000	/scratch.global/lanej/1000G/ngs_dose/1000G_highcov/crams/HG00636.cram	9ab0a0e8,a23ef9ed,7f3b4c3c	184ab16e		14	0.997734	0.998913	0.999578	0.999911	2.014	0.979	1.011	663.53	21.103	scan	M	CHS	EAS	M	0.999725	0.99994	0.998022	NA	-0.05	1.221	1.0342	352.3594	351.763	427.1045	163.7333	9.6035	1.9901	738.0092	17.7998	345.2043	345.7803	398.002	172.9023	9.6416	1.9918	758.5008	15.528	628.2424	0.9992	0.9802	35.9103	M	698	
HG00637	scan	0.1.0+fae1124	37.871	150	422	400	0.1029	0.9631	1.2835	0.0642	0.0384		1.9927	30.1062	972.5295	0.9836	0.9759	present	613.402	613.4	580.13	585.41	0.2123	647.11	0.0587	564.67	705.44	612.85	708.86	423.97	500.98	535.02	686.13	451.32	565.43	475.85	594.46	415.47	506.04	607.22	651.99	158.907	NA	158.91	155.73	0.091	203.97	0.0316	149.33	190.44	134.7	173.86	10.511	10.51	10.55	10.56	0.1073	10.46	0.0581	20.6479	9.0971	41.2753	70.2992	10.3995	142.4127	0.2605	3.6146	0.7075	0.9008	0.7108	613.85	0.00342	0.0353	0.42789	0.54759	0.07259	157.12	0.01158	0.0277	0.02092	-0.03194	0.00617	10.37	0.00301	0.0827	1.07665	-0.60782	0.56801	16	-0.18	0.0152	0.01916	-0.16128	0.12203	-0.03021	0.01593	-0.08101	-0.04366	0.00281	-0.02636	0.00897	-0.06318	-0.0153	0.00373	0.08999	-0.04733	0.01106	0.06679	-0.01113	0.00069	-0.04157	-0.01375	0.00503	-0.07263	-0.0227	0.05035	-0.03458	0.08429	0.08198	-0.06011	-0.00173	297.39	753979344	765792123	1000	/scratch.global/lanej/1000G/ngs_dose/1000G_highcov/crams/HG00637.cram	9ab0a0e8,a23ef9ed,7f3b4c3c	184ab16e		14	0.997579	0.999073	0.999419	0.999723	2.004	0.993	0.75	961.66	36.21	scan	M	PUR	AMR	M	0.999495	0.999767	0.997336	NA	0.71	1.1548	0.9984	602.7111	600.3193	702.2549	157.5387	10.4027	1.9932	922.8188	48.7848	594.1556	594.4582	666.5564	165.3582	10.4317	1.9965	789.4799	40.7995	891.3181	1.0148	0.7528	32.8133	M	2504	
HG00638	scan	0.1.0+fae1124	39.66	150	410	400	0.0766	0.9673	1.2557	0.0507	0.0405		2.0119	32.7973	937.6677	1.9391	0.0024	present	554.731	554.73	540.92	546.34	0.1492	605.64	0.0497	542.4	696.4	559.52	639.84	449.0	554.82	566.31	734.9	462.46	591.53	471.56	588.07	431.58	547.43	556.6	597.42	199.001	NA	199.0	198.78	0.0672	251.89	0.0238	193.15	244.17	175.74	223.4	10.026	10.03	10.11	10.07	0.116	10.04	0.0437	17.7865	1.2097	57.7092	69.7138	11.8722	143.2484	0.2572	2.8012	0.6873	0.8809	1.4682	563.81	0.00468	0.0482	0.30097	-0.4341	-0.22437	197.71	0.00873	0.0209	-0.01495	0.02862	0.00717	9.93	0.00315	0.0865	0.24671	0.16024	1.17152	16	-0.38334	0.03516	0.11537	0.10092	-0.03102	0.14076	-0.0269	0.07154	-0.00247	0.02486	-0.07738	0.07104	0.01881	0.20022	-0.15716	0.02953	-0.06283	-0.11385	-0.01566	0.02486	0.04487	0.08982	-0.02234	-0.102	0.08306	0.05319	-0.11355	-0.17429	-0.01719	0.0408	0.03365	-0.08456	376.09	805204490	818248245	1000	/scratch.global/lanej/1000G/ngs_dose/1000G_highcov/crams/HG00638.cram	9ab0a0e8,a23ef9ed,7f3b4c3c	184ab16e		14	0.997781	0.999292	0.999613	0.999893	2.068	1.899	0.157	916.009	39.397	scan	F	PUR	AMR	F	0.999724	0.999945	0.998105	NA	0.27	1.1349	0.9924	564.1633	554.1104	650.7034	187.204	10.0764	2.0065	790.3139	16.6154	585.3407	578.7894	658.3977	187.604	10.0942	2.0051	708.2703	23.1551	838.3824	1.9396	0.1296	35.3171	F	2504	
HG00639	scan	0.1.0+fae1124	34.053	150	434	450	0.0605	0.9635	1.2478	0.0642	0.0483		2.0012	15.8165	748.8117	1.9496	0.0021	present	596.172	596.17	568.09	567.56	0.2037	630.69	0.0442	563.62	701.37	599.99	686.67	452.03	562.39	552.43	708.2	432.59	545.1	472.48	590.21	430.58	529.89	589.41	628.51	195.275	NA	195.28	196.42	0.0866	248.62	0.021	184.9	233.11	160.49	207.37	9.529	9.53	9.68	9.71	0.1206	9.6	0.0344	18.8206	1.1975	41.8729	62.8671	11.7005	140.7519	0.2649	3.4575	0.7045	0.7971	0.7114	599.38	0.003	0.0309	0.32891	0.48649	0.06996	194.74	0.00374	0.009	-0.02281	-0.05232	0.03594	9.51	0.0029	0.0794	-0.17662	0.054	0.34776	16	0.04653	0.01362	0.12345	-0.08112	0.02726	0.02218	0.00644	0.02907	-0.02814	0.16741	0.00737	-0.03722	-0.01771	0.00294	-0.01691	0.0587	0.00799	0.01371	0.09161	-0.0063	-0.03936	0.02971	0.02764	-0.01057	-0.04677	0.04121	-0.00731	0.00345	-0.16289	0.08655	-0.06826	0.0609	314.04	688649960	699103045	1000	/scratch.global/lanej/1000G/ngs_dose/1000G_highcov/crams/HG00639.cram	9ab0a0e8,a23ef9ed,7f3b4c3c	184ab16e		14	0.997333	0.999096	0.999521	0.999889	2.032	1.891	0.145	740.305	18.229	scan	F	PUR	AMR	F	0.999683	0.999954	0.997376	NA	-0.15	1.1456	1.001	575.3089	572.3733	655.2551	191.4407	9.569	1.9991	720.9806	15.8127	557.0558	553.8908	632.5034	200.2515	9.6136	2.003	844.2088	13.4633	699.174	1.9366	0.1176	30.9296	F	698	
HG00640	scan	0.1.0+fae1124	34.921	150	426	450	0.0807	0.9655	1.2358	0.0678	0.0547		1.9928	59.8046	687.1467	0.9875	0.971	present	336.361	336.36	323.39	326.89	0.1882	353.28	0.0426	321.87	370.78	341.02	387.24	258.75	298.84	319.21	382.23	255.48	299.09	265.82	319.44	224.21	253.11	335.19	357.04	162.289	NA	162.29	162.26	0.0859	199.23	0.0266	148.26	180.92	136.31	168.76	9.739	9.74	9.85	9.85	0.1093	9.79	0.0495	24.2251	5.5032	39.7509	64.7364	12.3992	153.981	0.2252	2.5547	0.4848	0.7824	0.3083	338.87	0.00255	0.0263	0.21971	0.20127	0.10207	161.01	0.00841	0.0201	0.01367	-0.00905	0.00899	9.67	0.00261	0.0717	0.22703	-0.19839	0.09215	16	0.36916	0.07974	0.07301	-0.00163	-0.11268	-0.03135	0.20198	-0.07706	0.12823	0.07607	-0.04846	0.00254	-0.03582	-0.02023	-0.01821	0.01718	-0.11546	-0.04076	-0.03598	-0.02349	-0.09519	-0.06857	0.05354	0.00467	0.02395	0.03503	0.03484	0.03841	0.04602	0.09324	-0.07834	-0.07932	332.55	696219112	706523185	1000	/scratch.global/lanej/1000G/ngs_dose/1000G_highcov/crams/HG00640.cram	9ab0a0e8,a23ef9ed,7f3b4c3c	184ab16e		14	0.99786	0.998742	0.999627	0.999846	2.029	0.978	0.642	667.68	70.593	scan	M	PUR	AMR	M	0.999619	0.99992	0.997536	NA	0.01	1.1427	1.0063	351.4941	347.7258	397.0846	157.0296	9.6211	1.995	712.8946	49.3792	326.548	322.6761	373.2613	173.8422	9.7703	1.9976	639.1618	53.6338	630.0743	0.996	0.6368	31.1217	M	2504	
HG00641	scan	0.1.0+fae1124	35.25	150	425	400	0.0729	0.9654	1.2537	0.0566	0.0557		1.9914	37.1289	836.9969	1.9122	0.0025	present	443.192	443.19	422.09	433.27	0.1759	475.45	0.0436	418.07	546.37	442.8	508.56	332.12	422.66	444.28	582.81	342.85	447.42	363.17	455.29	321.65	415.8	436.97	470.44	171.181	NA	171.18	168.41	0.0773	216.34	0.0272	158.38	199.32	145.79	185.12	9.856	9.86	10.0	9.99	0.1124	9.93	0.0424	12.5215	1.2034	45.1456	52.2018	10.8781	134.496	0.1989	2.9085	0.6825	0.7762	0.5425	440.73	0.00248	0.0255	0.47875	0.00654	-0.22371	169.88	0.00429	0.0103	-0.03353	-0.00545	-0.02039	9.82	0.0025	0.0686	-0.3403	0.03845	-0.21658	16	0.30479	0.05837	0.05232	0.11536	0.03654	0.0342	-0.01411	0.00289	-0.01479	-0.00442	0.07531	-0.02781	-0.03608	-0.01078	-0.00774	-0.03295	-0.03779	-0.00375	0.08405	-0.00405	-0.06778	0.11695	0.0656	0.00764	0.0638	-0.0059	0.11278	0.04929	-0.05446	0.01639	0.01157	0.09648	417.62	709499572	718840663	1000	/scratch.global/lanej/1000G/ngs_dose/1000G_highcov/crams/HG00641.cram	9ab0a0e8,a23ef9ed,7f3b4c3c	184ab16e		14	0.997607	0.999107	0.999618	0.999895	2.036	1.86	0.123	818.895	43.751	scan	F	PUR	AMR	F	0.999711	0.999924	0.997869	NA	0.16	1.1539	1.0047	436.255	438.8196	501.5048	169.669	9.7655	1.9924	879.5207	32.6113	429.0635	431.1393	490.014	164.2446	9.8481	1.9909	823.634	44.9618	764.0254	1.9074	0.1022	31.4774	F	2504	
HG00642	scan	0.1.0+fae1124	38.848	150	438	450	0.1042	0.9681	1.2379	0.068	0.0433		1.9999	25.0558	826.6036	0.9911	0.9753	present	340.257	340.26	334.47	338.69	0.1512	370.8	0.0535	348.26	441.67	353.24	398.08	300.61	376.85	363.02	462.73	285.01	360.21	295.57	364.04	257.77	327.56	340.04	361.81	174.438	NA	174.44	174.23	0.0794	217.52	0.0394	166.32	207.27	139.26	175.83	9.627	9.63	9.8	9.81	0.116	9.74	0.0609	12.678	4.7745	54.7705	59.0161	14.0671	148.2953	0.235	3.3135	0.7604	0.7439	0.4816	349.37	0.00557	0.0574	0.36123	-0.32932	-0.33379	175.36	0.01225	0.0293	-0.09603	-0.05556	0.01141	9.6	0.00257	0.0706	-0.51637	-0.21705	0.42807	16	-0.04581	-0.00636	-0.04269	-0.04941	-0.06467	-0.06547	0.10592	0.07515	0.12689	0.07184	0.07394	0.05362	0.07261	-0.02999	0.04579	-0.09276	-0.08812	0.00174	-0.05997	-0.05712	0.00211	-0.00127	0.03304	-0.00641	-0.06658	-0.01131	0.04865	0.07687	-0.02282	-0.02465	0.04615	0.09507	402.27	770073794	779532215	1000	/scratch.global/lanej/1000G/ngs_dose/1000G_highcov/crams/HG00642.cram	9ab0a0e8,a23ef9ed,7f3b4c3c	184ab16e		14	0.998167	0.999015	0.999595	0.999874	2.069	0.983	0.653	821.29	29.464	scan	M	PUR	AMR	M	0.999809	0.999903	0.99813	NA	-0.06	1.1394	1.0111	340.2769	333.5239	377.012	176.5004	9.6178	2.0021	839.7291	23.3471	319.7816	313.8126	362.605	168.8555	9.6712	2.0017	809.5713	22.5664	768.1465	1.0058	0.6606	33.7251	M	698	
HG00650	scan	0.1.0+fae1124	42.672	150	420	400	0.0776	0.9612	1.2116	0.0568	0.044		1.9963	18.2146	795.5156	0.9829	0.9762	present	314.67	314.67	305.46	309.25	0.1453	339.21	0.0439	305.53	385.01	320.03	362.34	246.73	300.43	316.44	401.95	254.03	319.35	264.77	322.5	234.59	291.88	314.89	336.71	186.658	NA	186.66	187.93	0.0734	229.78	0.0243	167.13	205.15	166.25	205.57	9.695	9.69	9.84	9.83	0.1094	9.78	0.0448	16.8778	14.4587	40.9969	67.3038	9.9564	145.9855	0.2516	3.0514	0.6289	0.893	0.6004	318.74	0.00361	0.0372	-0.08164	-0.66019	-0.0008	184.49	0.00603	0.0144	-0.00157	0.03	-0.01865	9.67	0.00253	0.0694	0.14559	0.72708	-0.1272	16	0.04831	0.02588	0.04753	0.01299	0.11867	0.11642	-0.02289	-0.09552	0.01385	-0.02946	0.00123	0.00372	-0.00843	-0.01431	0.04222	-0.04216	0.04765	0.02481	0.02244	-0.10948	0.01852	-0.1119	0.06501	0.0055	0.02567	-0.00698	0.04636	0.02496	-0.09231	0.10524	0.02446	0.01663	497.43	846378024	858361029	1000	/scratch.global/lanej/1000G/ngs_dose/1000G_highcov/crams/HG00650.cram	9ab0a0e8,a23ef9ed,7f3b4c3c	184ab16e		14	0.997717	0.99918	0.999576	0.999932	1.995	0.984	0.836	781.686	21.325	scan	M	CHS	EAS	M	0.999673	0.99993	0.997834	NA	0.01	1.1368	1.004	319.0572	315.411	360.9286	190.3952	9.7033	1.9973	808.0632	19.3917	302.5674	299.2652	344.9248	189.554	9.7451	1.994	836.1891	23.0498	723.0398	1.007	0.8316	37.9553	M	2504	
HG00651	scan	0.1.0+fae1124	37.726	150	425	400	0.0861	0.9603	1.249	0.055	0.0492		1.9957	40.2703	729.856	1.9399	0.0028	present	490.985	490.99	469.49	473.51	0.1692	527.94	0.0505	469.72	605.2	499.25	573.17	388.08	482.75	526.86	686.69	398.41	512.64	416.22	520.29	372.21	473.86	481.06	518.72	198.637	NA	198.64	198.52	0.0728	251.83	0.0253	190.14	239.83	174.49	222.48	7.717	7.72	7.87	7.89	0.1146	7.82	0.0509	15.8367	1.6163	45.5707	55.9095	9.0956	154.1604	0.226	2.4934	0.4552	0.7096	0.6293	491.06	0.00319	0.0329	-0.11816	-0.10147	-0.4343	197.34	0.00994	0.0238	-0.04098	0.01135	-0.01864	7.74	0.00268	0.0735	0.30818	0.44875	0.32441	16	0.25589	0.0519	0.09132	-0.01748	-0.01805	0.01439	-0.01622	0.05017	-0.01474	0.04838	-0.03777	0.07245	-0.02095	-0.04455	0.00691	-0.13698	-0.08723	0.09413	0.06285	-0.02657	-0.02564	0.00748	0.03792	0.06678	0.00026	0.03127	0.01424	-0.01995	-0.04927	-0.00035	0.09248	0.03532	272.67	762756104	774182854	1000	/scratch.global/lanej/1000G/ngs_dose/1000G_highcov/crams/HG00651.cram	9ab0a0e8,a23ef9ed,7f3b4c3c	184ab16e		14	0.997364	0.999368	0.99963	0.999958	2.046	1.869	0.14	720.215	49.272	scan	F	CHS	EAS	F	0.999825	0.99996	0.997667	NA	-1.92	1.1672	1.0167	453.9892	455.7117	517.5483	206.0654	7.7844	1.9989	757.1524	34.61	517.0104	518.5304	599.0191	186.9675	7.8171	1.999	721.7744	29.4655	674.7539	1.908	0.1154	33.4388	F	2504	DJ -1.92 copies
HG00652	scan	0.1.0+fae1124	37.103	150	447	450	0.0924	0.972	1.2362	0.0544	0.041		1.9957	67.9629	785.5454	1.9367	0.0019	present	396.204	396.2	385.76	387.32	0.1633	428.59	0.0501	385.08	502.18	410.85	463.06	337.67	434.51	415.2	545.66	323.36	420.31	337.85	421.06	316.47	412.36	394.96	418.26	171.538	NA	171.54	171.56	0.069	215.63	0.022	157.95	198.26	147.69	188.3	7.775	7.78	7.84	7.86	0.12	7.78	0.0546	15.0323	1.242	35.0823	42.8132	8.9329	139.6831	0.2145	2.2187	0.5099	0.7057	0.4574	402.85	0.00264	0.0273	-0.26246	-0.28986	-0.31968	171.06	0.00775	0.0185	-0.03979	0.00884	0.00585	7.68	0.00295	0.0809	-0.10964	0.65763	0.25924	16	-0.11138	-0.05505	-0.06832	-0.03176	0.0334	-0.08756	-0.09356	-0.00364	0.00578	-0.01074	0.05936	-0.03786	-0.00151	-0.00431	-0.06818	-0.07348	-0.02554	-0.05602	-0.02478	-0.07974	0.09933	-0.08129	-0.02881	0.11111	0.05371	-0.09881	-0.07187	0.07095	-0.08409	-0.04634	0.11217	-0.06123	805.3	742784170	751422249	1000	/scratch.global/lanej/1000G/ngs_dose/1000G_highcov/crams/HG00652.cram	9ab0a0e8,a23ef9ed,7f3b4c3c	184ab16e		14	0.997445	0.999217	0.999502	0.999849	1.988	1.882	0.11	766.108	82.103	scan	F	CHS	EAS	F	0.999677	0.99986	0.998199	NA	-1.98	1.1495	1.0199	389.0768	383.9453	444.0555	174.0982	7.6624	1.9986	698.7955	75.0677	380.5361	375.9909	434.9975	180.2808	7.7763	1.9974	831.9645	71.5502	722.2341	1.9414	0.0944	32.4212	F	698	DJ -1.98 copies
HG00653	scan	0.1.0+fae1124	57.297	150	417	400	0.1068	0.9659	1.2191	0.0553	0.0372		1.999	14.2734	727.0784	1.0017	0.9755	present	470.659	470.66	453.0	458.69	0.1529	505.53	0.0647	444.14	573.74	480.2	542.34	359.16	456.94	494.23	639.23	378.09	486.27	402.37	497.7	352.74	456.01	466.68	498.27	186.034	NA	186.03	187.1	0.0721	231.54	0.0327	184.53	229.12	163.72	204.8	9.549	9.55	9.64	9.69	0.1119	9.58	0.061	14.5892	10.7053	41.4781	72.307	9.015	146.8013	0.2394	3.0344	0.5323	0.7961	0.49	473.86	0.00321	0.0331	-0.28952	-0.43889	-0.18725	184.22	0.00381	0.0091	-0.00511	0.02807	-0.0044	9.47	0.00236	0.0646	-0.02937	0.3986	0.70977	16	-0.15729	0.04475	0.12531	-0.04456	0.10725	0.00714	0.00597	-0.08164	0.01463	-0.01278	-0.03	0.02354	-0.01712	-0.03833	0.00455	-0.09701	-0.01884	0.02157	-0.0192	-0.00309	0.02079	0.00773	-0.07129	0.0079	-0.01863	0.01054	0.03619	-0.06049	-0.03197	-0.07064	0.0117	-0.02899	976.3	1134388122	1152772134	1000	/scratch.global/lanej/1000G/ngs_dose/1000G_highcov/crams/HG00653.cram	9ab0a0e8,a23ef9ed,7f3b4c3c	184ab16e		14	0.997869	0.998863	0.999645	0.99995	2.015	0.99	0.768	719.131	16.447	scan	M	CHS	EAS	M	0.99976	0.999978	0.998115	NA	-0.19	1.1445	1.0134	460.9021	459.7715	518.7397	192.1899	9.6027	1.9998	668.3534	18.0181	464.6753	464.857	529.1232	183.8238	9.6096	1.9996	705.6808	22.1225	655.1168	1.0144	0.7726	49.3094	M	2504	
HG00654	scan	0.1.0+fae1124	35.044	150	410	400	0.0821	0.9634	1.2477	0.0615	0.0488		1.9841	29.1657	740.1904	1.9311	0.0026	present	715.139	715.14	693.9	709.66	0.1548	780.13	0.0552	690.63	905.4	734.13	839.06	575.52	722.24	753.0	992.75	600.81	781.4	619.75	776.52	542.55	701.74	711.28	764.16	158.997	NA	159.0	158.47	0.0614	201.8	0.024	145.29	185.25	136.14	173.27	9.496	9.5	9.64	9.64	0.122	9.58	0.0485	18.4156	1.1878	34.543	66.5265	9.399	154.4227	0.2302	2.6721	0.6949	0.7246	0.3148	723.92	0.00377	0.0389	-0.26634	-0.42226	-0.39439	159.85	0.01003	0.024	-0.07007	0.02257	-0.00212	9.47	0.00319	0.0876	-0.67521	0.59111	-0.55364	16	0.06979	0.01488	0.10362	0.01066	0.04602	-0.08179	-0.14861	-0.02045	-0.0951	-0.0215	-0.01642	0.09659	-0.00151	-0.02288	-0.01729	-0.04248	-0.15603	0.06625	-0.13233	0.01343	-0.07139	0.05049	-0.03854	0.02135	0.0918	0.04715	-0.04645	0.0622	-0.04412	0.06005	0.04732	-0.0277	342.79	709629300	721231710	1000	/scratch.global/lanej/1000G/ngs_dose/1000G_highcov/crams/HG00654.cram	9ab0a0e8,a23ef9ed,7f3b4c3c	184ab16e		14	0.997856	0.99879	0.999661	0.999849	2.012	1.871	0.145	731.633	35.92	scan	F	CHS	EAS	F	0.999754	0.999906	0.997999	NA	-0.19	1.1591	1.0141	673.4627	664.8931	778.8818	166.3265	9.4889	1.9878	732.9454	34.28	704.8556	698.594	802.1405	159.9003	9.594	1.9862	873.382	46.1607	687.1038	1.91	0.1196	31.119	F	2504	
HG00655	scan	0.1.0+fae1124	37.623	150	447	450	0.0931	0.9735	1.1779	0.0618	0.0419		2.0092	40.2645	764.6245	1.9248	0.0018	present	753.15	753.15	734.3	739.72	0.1516	803.92	0.0608	741.99	937.93	769.66	851.97	631.2	788.27	775.21	984.44	620.4	781.05	648.65	778.86	577.53	729.07	750.89	789.11	151.165	NA	151.17	149.38	0.0639	181.86	0.0298	133.25	160.27	133.22	161.99	9.605	9.61	9.73	9.7	0.1177	9.67	0.053	15.5269	1.4975	36.6091	60.7969	8.4944	154.7713	0.2203	2.8731	0.648	0.7166	0.6874	767.12	0.00355	0.0366	-0.22058	-0.37619	-0.30562	149.69	0.01267	0.0303	-0.03169	0.04076	0.01473	9.54	0.0027	0.0741	-0.47853	0.40129	0.06799	16	-0.17119	0.11308	0.09833	0.01437	0.01189	0.06614	-0.08295	0.08126	0.01463	0.03573	0.06735	0.02878	0.00123	0.04403	-0.04623	-0.05597	-0.05557	-0.04189	-0.03059	0.04545	-0.00589	0.03363	-0.0035	0.00019	0.05538	0.08178	0.04332	-0.00705	0.04052	0.03066	-0.00184	0.01662	300.59	759136670	770579855	1000	/scratch.global/lanej/1000G/ngs_dose/1000G_highcov/crams/HG00655.cram	9ab0a0e8,a23ef9ed,7f3b4c3c	184ab16e		14	0.997759	0.998828	0.999602	0.999824	2.007	1.89	0.135	753.193	46.979	scan	F	CHS	EAS	F	0.999761	0.999861	0.99823	NA	-0.12	1.1106	1.0033	731.1676	721.7875	803.1661	149.7259	9.6818	2.0102	714.213	35.5496	676.0797	671.1647	768.764	157.474	9.6048	2.0058	758.7931	53.7735	703.1323	1.9364	0.113	33.101	F	698	
HG00656	scan	0.1.0+fae1124	37.202	150	430	450	0.0818	0.9581	1.2726	0.0719	0.0489		1.9984	19.084	622.7321	0.9948	0.9723	present	450.546	450.55	423.63	428.9	0.1845	480.26	0.048	408.87	543.6	442.97	516.06	359.43	469.3	448.09	596.96	344.93	454.55	367.9	468.61	313.57	417.35	437.82	472.88	110.851	NA	110.85	111.47	0.0764	142.34	0.0284	103.51	133.86	90.49	117.27	8.709	8.71	8.8	8.81	0.1167	8.74	0.0488	19.1915	14.4653	51.5856	74.6181	8.6266	143.4277	0.2284	2.483	0.6119	0.7773	0.4043	445.48	0.00276	0.0285	-0.05109	-0.01801	-0.25374	110.2	0.01562	0.0374	-0.07799	-0.01867	0.00504	8.64	0.00259	0.071	-0.40007	0.21144	0.07613	16	0.16774	-0.00181	0.02961	0.00224	0.07666	0.09499	-0.01731	-0.09583	0.02492	-0.04235	0.00138	-0.13497	0.03096	0.00536	0.05797	-0.11028	0.08039	-0.09284	-0.05638	0.06259	-0.05856	-0.03197	-0.00448	-0.01149	-0.01847	0.03847	-0.0357	-0.04488	-0.06998	-0.08214	-0.04511	0.08953	483.93	738868290	750237916	1000	/scratch.global/lanej/1000G/ngs_dose/1000G_highcov/crams/HG00656.cram	9ab0a0e8,a23ef9ed,7f3b4c3c	184ab16e		14	0.997699	0.998711	0.999625	0.999924	2.031	0.987	0.862	607.055	23.384	scan	M	CHS	EAS	M	0.9996	0.999928	0.997933	NA	-1.02	1.1584	0.9944	454.2865	462.378	516.9909	115.0624	8.6799	2.0003	614.9155	19.2884	450.5886	457.1982	510.375	114.61	8.7539	2.0	666.3867	33.3105	575.9444	1.0098	0.8612	32.9968	M	2504	DJ -1.02 copies
HG00657	scan	0.1.0+fae1124	34.53	150	408	400	0.0709	0.9628	1.2335	0.0475	0.038		2.0008	44.8046	848.5812	1.9527	0.0023	present	464.219	464.22	443.66	448.17	0.1567	495.77	0.0441	430.09	545.95	462.51	528.43	351.42	423.72	455.13	584.31	360.79	456.46	380.66	467.52	332.65	412.69	460.38	495.47	152.882	NA	152.88	152.05	0.0753	190.52	0.0225	136.3	169.77	133.79	167.28	9.762	9.76	9.78	9.76	0.11	9.73	0.0428	18.0438	1.5944	36.3034	55.2381	11.297	145.046	0.232	3.4604	0.6211	0.8888	0.579	463.68	0.00333	0.0343	0.08504	-0.42702	0.03903	151.23	0.00427	0.0102	-0.00717	0.01544	-0.00195	9.6	0.00282	0.0773	0.37774	0.57301	0.03115	16	-0.36732	0.0074	0.03312	0.02282	0.06113	0.05015	-0.14145	0.12438	0.04747	0.03298	-0.01557	-0.02757	-0.02086	-0.045	0.02905	-0.09581	0.0259	-0.04273	0.04322	-0.02609	0.0856	-0.07166	0.0725	-0.04683	-0.03198	0.10695	0.03215	0.02748	-0.0745	-0.04917	0.03246	0.10448	392.09	697416924	706935594	1000	/scratch.global/lanej/1000G/ngs_dose/1000G_highcov/crams/HG00657.cram	9ab0a0e8,a23ef9ed,7f3b4c3c	184ab16e		14	0.997507	0.999237	0.999608	0.999817	2.014	1.903	0.133	835.683	53.686	scan	F	CHS	EAS	F	0.999713	0.99981	0.997541	NA	-0.06	1.1396	0.9975	429.8349	433.9064	483.1794	155.5307	9.7485	1.9979	827.8545	39.3184	443.3597	442.6342	501.8906	163.4123	9.8769	1.9944	857.7137	46.918	774.8683	1.949	0.1114	30.8764	F	2504	
HG00658	scan	0.1.0+fae1124	37.047	150	441	450	0.0863	0.965	1.2549	0.0628	0.0539		1.9998	33.8077	651.8089	0.9889	0.9673	present	412.17	412.17	395.49	401.43	0.2043	441.72	0.0553	398.82	510.21	415.11	474.95	350.21	448.26	426.86	557.29	338.75	437.65	344.9	433.5	314.94	400.11	404.66	432.27	160.575	NA	160.57	161.35	0.0615	204.4	0.0254	150.87	189.33	135.66	175.6	8.693	8.69	8.85	8.85	0.1181	8.78	0.0519	22.43	15.6612	38.9424	72.2929	10.2131	142.0143	0.2301	2.8879	0.5444	0.7782	0.47	413.92	0.00369	0.0381	-0.24919	-0.18335	-0.15612	159.81	0.01403	0.0336	-0.07261	0.0178	0.02826	8.69	0.00259	0.0711	-0.50459	0.20492	0.10186	16	0.35518	0.04561	0.04073	0.09458	0.00216	-0.0115	-0.05799	0.077	0.04058	0.0418	-0.04367	-0.06591	-0.15006	-0.07244	0.07965	-0.04132	-0.0312	-0.0247	-0.10669	-0.02951	0.08431	0.05669	0.0288	-0.05037	0.02476	-0.0689	-0.07905	-0.05894	0.04372	0.06119	0.01281	-0.04933	461.4	737068836	747956706	1000	/scratch.global/lanej/1000G/ngs_dose/1000G_highcov/crams/HG00658.cram	9ab0a0e8,a23ef9ed,7f3b4c3c	184ab16e		14	0.997819	0.99896	0.999595	0.999929	2.018	0.978	0.875	639.445	40.291	scan	M	CHS	EAS	M	0.999498	0.999944	0.997814	NA	-0.97	1.1474	1.0029	389.833	388.5444	442.9922	162.27	8.6171	1.9992	756.1213	23.4803	364.1544	363.7479	414.1418	159.5347	8.7395	2.0011	841.3165	56.3795	606.4066	0.9998	0.8786	32.8238	M	698	DJ -0.97 copies
HG00662	scan	0.1.0+fae1124	61.239	150	415	400	0.078	0.9794	1.1119	0.0571	0.043		1.9955	75.9732	700.1683	0.9907	0.9878	present	460.506	460.51	438.81	439.19	0.1816	456.22	0.0558	439.27	459.87	474.99	506.92	342.12	342.72	471.42	508.47	352.02	371.16	367.98	398.45	313.97	321.32	452.25	467.16	179.198	NA	179.2	176.58	0.0834	198.69	0.0261	159.97	175.87	152.36	169.61	9.522	9.52	9.63	9.66	0.1043	9.61	0.0449	14.8346	14.5833	56.4346	63.1877	9.5938	137.8337	0.2468	2.9169	0.5078	0.7774	0.4678	461.73	0.00456	0.047	-0.61873	-0.12495	0.19821	177.1	0.0058	0.0139	-0.00856	-0.01908	-0.00738	9.45	0.0022	0.0604	-0.09004	0.32974	0.50208	16	-0.00101	-0.02831	-0.00748	-0.03748	0.09592	0.17562	0.00465	-0.07615	0.07002	0.05847	0.04498	-0.10179	0.05566	-0.0057	0.0463	0.09572	0.03929	-0.04547	0.00835	0.05993	0.02015	0.02103	0.00495	-0.04168	0.00226	0.0198	0.04407	0.01049	-0.01001	0.00744	0.02888	-0.0168	697.5	1221689896	1238832987	1000	/scratch.global/lanej/1000G/ngs_dose/1000G_highcov/crams/HG00662.cram	9ab0a0e8,a23ef9ed,7f3b4c3c	184ab16e		14	0.997002	0.998516	0.999671	0.999868	2.069	0.972	0.819	688.656	82.396	scan	M	CHS	EAS	M	0.999824	0.999911	0.997585	NA	-0.21	1.0979	1.0287	482.9393	481.5705	532.9234	174.3911	9.464	1.9938	719.0502	85.5874	474.1183	470.6077	543.6953	185.2087	9.5133	1.995	736.2404	65.1383	614.1037	0.9918	0.8054	54.3638	M	2504	
HG00663	scan	0.1.0+fae1124	36.163	150	441	450	0.0937	0.9611	1.2912	0.0788	0.0494		2.007	15.2772	898.3994	1.9467	0.0031	present	592.781	592.78	565.41	564.88	0.2013	632.7	0.0557	569.91	716.07	606.23	703.19	457.71	574.44	563.6	725.21	454.63	576.55	479.94	606.91	422.38	525.64	582.6	625.49	137.805	NA	137.81	134.01	0.0804	177.51	0.0268	125.78	160.94	121.36	158.21	9.982	9.98	10.07	10.07	0.1187	9.99	0.054	18.126	1.0534	40.8765	50.3595	10.2536	162.12	0.2421	2.8502	0.6676	0.7829	0.2451	602.02	0.00244	0.0252	-0.55477	0.40319	-0.17414	136.3	0.00816	0.0195	0.04083	0.01908	0.01743	9.88	0.00245	0.0671	0.21276	0.6247	-0.13747	16	0.18637	-0.08343	-0.1015	-0.12001	0.00277	-0.02848	-0.02427	0.10359	-0.07614	-0.00974	-0.01149	0.00861	0.00253	-0.06573	0.09754	-0.05791	0.09101	-0.07489	-0.05497	0.08191	-0.02785	-0.02775	-0.0089	-0.10519	-0.06245	-0.01006	0.0761	0.12247	0.04118	-0.02955	-0.04472	0.02448	370.34	732030518	741777256	1000	/scratch.global/lanej/1000G/ngs_dose/1000G_highcov/crams/HG00663.cram	9ab0a0e8,a23ef9ed,7f3b4c3c	184ab16e		14	0.997315	0.998494	0.999519	0.999896	2.035	1.885	0.121	881.157	18.593	scan	F	CHS	EAS	F	0.999708	0.99992	0.997796	NA	0.22	1.1681	1.007	559.1428	552.1725	647.072	141.6167	9.8409	2.0091	1022.958	18.2611	623.9435	615.4824	708.324	144.8569	9.7622	2.0084	901.5405	35.1331	825.5768	1.924	0.101	31.8725	F	2504	
HG00664	scan	0.1.0+fae1124	40.363	150	437	450	0.0728	0.9564	1.2982	0.0617	0.0443		1.9967	26.6152	734.6438	0.9817	0.9822	present	603.679	603.68	579.55	585.24	0.1886	664.08	0.0542	588.06	811.58	621.65	732.03	477.47	646.0	573.8	799.25	467.57	641.11	490.88	646.87	413.15	570.48	597.85	646.48	170.57	NA	170.57	168.38	0.0822	227.83	0.0215	155.98	209.45	144.21	195.36	9.713	9.71	9.91	9.91	0.1215	9.81	0.0425	15.642	15.4753	55.3261	70.683	9.3189	147.5498	0.236	2.5199	0.5542	0.7579	0.4114	615.01	0.00287	0.0296	-0.8052	-0.01286	0.04109	169.66	0.01516	0.0363	-0.05772	-0.03624	-0.00566	9.72	0.0025	0.0687	-0.6662	0.38107	-0.31668	16	0.05346	-0.00906	-0.06481	0.03981	-0.05399	-0.07594	-0.05606	0.01859	-0.00572	0.02811	0.01179	-0.01985	-0.04011	0.00081	0.12972	0.12294	0.03093	0.05023	-0.15653	-0.04059	-0.06944	-0.01599	-0.04315	0.07489	-0.01517	0.05256	0.00014	0.02592	0.02694	0.06531	-0.00359	-0.02483	463.02	805311452	817265003	1000	/scratch.global/lanej/1000G/ngs_dose/1000G_highcov/crams/HG00664.cram	9ab0a0e8,a23ef9ed,7f3b4c3c	184ab16e		14	0.997515	0.998661	0.999582	0.999884	2.071	0.981	0.814	719.426	32.187	scan	M	CHS	EAS	M	0.999622	0.999877	0.998147	NA	0.06	1.1903	1.0108	612.5112	599.1953	738.3209	166.8618	9.6011	1.9962	868.7418	24.1401	563.6174	554.2194	646.0534	181.8067	9.6502	1.9962	821.0959	29.6118	675.4973	1.0008	0.805	36.3481	M	698	
HG00671	scan	0.1.0+fae1124	37.718	150	410	400	0.078	0.9574	1.2618	0.0554	0.046		2.0092	22.5857	841.8073	1.0044	0.9826	present	407.081	407.08	397.61	401.14	0.1456	451.17	0.046	396.88	517.82	411.87	479.55	324.72	409.88	429.44	565.19	337.08	437.52	342.86	433.73	307.4	398.17	410.28	445.73	177.431	NA	177.43	175.74	0.0711	227.37	0.0242	168.72	216.18	151.76	195.27	9.304	9.3	9.54	9.56	0.1283	9.47	0.0458	16.0332	15.3719	38.8368	79.6157	9.399	151.9203	0.2465	3.6971	0.6662	0.7485	0.4881	411.71	0.00424	0.0438	-0.28629	-1.06835	0.24445	175.38	0.01019	0.0244	-0.03958	0.0233	-0.01934	9.38	0.00325	0.089	-1.11874	0.30318	-0.58423	16	-0.03723	0.00193	0.09216	0.07193	0.09101	0.15679	0.05555	-0.16076	0.00633	0.07267	0.01999	-0.03061	0.00466	-0.06174	0.02197	-0.03697	-0.06238	0.03647	-0.05547	0.00173	-0.02138	0.02134	-0.00576	-0.06012	-0.13249	0.05158	0.06607	-0.0349	0.01663	0.07893	0.03797	0.0931	890.26	751141238	763760157	1000	/scratch.global/lanej/1000G/ngs_dose/1000G_highcov/crams/HG00671.cram	9ab0a0e8,a23ef9ed,7f3b4c3c	184ab16e		14	0.997838	0.998926	0.999662	0.99986	2.017	0.987	0.856	828.816	27.433	scan	M	CHS	EAS	M	0.999789	0.999853	0.997958	NA	-0.28	1.1648	1.0004	427.9799	423.8989	495.2766	178.6436	9.4552	2.0056	831.5465	23.3605	428.4737	423.756	488.9695	170.7288	9.509	2.0049	868.6947	26.9461	769.8678	1.0056	0.8466	33.5698	M	2504	
HG00672	scan	0.1.0+fae1124	33.162	150	408	400	0.0756	0.9575	1.2747	0.0521	0.0499		1.9965	21.2031	786.067	1.892	0.0023	present	350.124	350.12	337.8	344.93	0.153	385.14	0.0427	340.06	454.57	363.04	423.15	278.81	359.91	379.63	509.39	284.28	378.09	299.83	382.91	254.87	336.6	346.16	376.09	159.298	NA	159.3	159.14	0.0681	205.38	0.022	156.16	201.38	136.87	177.11	9.69	9.69	9.8	9.82	0.1191	9.72	0.0447	15.806	2.0931	54.1498	56.4603	8.6151	152.2936	0.252	2.9824	0.6732	0.83	0.4792	352.57	0.00485	0.05	-0.3922	-0.75515	-0.10249	159.11	0.00749	0.0179	-0.04008	0.01381	0.00936	9.66	0.00272	0.0745	0.41347	0.24442	-0.10949	16	0.13536	0.12407	0.12273	0.02595	-0.05854	-0.01144	0.08808	0.00773	0.07102	0.03616	0.03047	0.04795	0.04379	0.06707	0.06593	0.02005	0.01458	0.02561	0.03019	-0.01194	0.06674	-0.01372	-0.10415	0.00019	0.04484	-0.02728	0.09701	-0.01819	-0.05931	-0.01284	0.07645	0.10586	399.92	670557112	679997123	1000	/scratch.global/lanej/1000G/ngs_dose/1000G_highcov/crams/HG00672.cram	9ab0a0e8,a23ef9ed,7f3b4c3c	184ab16e		14	0.997612	0.999278	0.999615	0.999863	2.076	1.851	0.136	770.236	25.855	scan	F	CHS	EAS	F	0.999657	0.9999	0.99773	NA	0.0	1.2002	1.0297	355.6043	353.5425	421.4605	156.5089	9.6959	1.9986	834.8133	17.6693	336.6155	335.0727	390.6634	165.4299	9.8608	1.9983	781.9953	34.4274	724.3266	1.8918	0.113	29.5492	F	2504	
HG00673	scan	0.1.0+fae1124	35.7	150	449	450	0.0868	0.9757	1.2091	0.06	0.0379		1.9946	20.8926	840.3919	0.9882	0.9744	present	371.983	371.98	364.69	368.77	0.1522	399.97	0.0471	380.37	478.63	382.84	425.06	315.63	393.9	388.68	501.52	302.68	383.21	313.85	384.02	292.15	363.31	372.57	391.6	185.485	NA	185.49	183.95	0.0689	229.37	0.0256	172.78	212.1	160.03	201.09	9.048	9.05	9.21	9.19	0.1242	9.14	0.0507	14.1689	15.9801	42.4759	77.1749	8.034	149.8231	0.2512	3.0439	0.7235	0.7305	0.5431	379.99	0.00372	0.0384	-0.50637	-0.64098	-0.00592	184.52	0.01021	0.0244	-0.05097	0.01168	-0.00542	9.04	0.00311	0.0854	-0.42994	-0.48118	-0.55905	16	-0.42873	0.03396	0.04065	0.06641	-0.06825	0.04562	-0.01028	0.0309	0.03407	-0.02846	0.05033	0.01103	0.05825	0.02005	-0.00875	0.05115	0.0565	-0.05476	0.07905	-0.0143	0.09769	-0.02736	0.02612	0.08145	0.05831	-0.03941	-0.04502	-0.05172	-0.02919	-0.06449	0.00476	0.08143	385.5	707213528	717813169	1000	/scratch.global/lanej/1000G/ngs_dose/1000G_highcov/crams/HG00673.cram	9ab0a0e8,a23ef9ed,7f3b4c3c	184ab16e		14	0.997817	0.998742	0.999638	0.999902	1.998	0.986	0.849	822.698	24.128	scan	M	CHS	EAS	M	0.99975	0.999919	0.998011	NA	-0.62	1.1186	1.0075	393.0905	385.5809	444.1559	178.3331	9.1766	1.9914	832.3618	22.3677	355.9193	351.9883	400.184	190.5333	9.3403	1.9909	879.8734	36.0325	772.3031	1.0108	0.8542	31.5414	M	698	
HG00674	scan	0.1.0+fae1124	37.892	150	438	450	0.0953	0.9666	1.2708	0.0655	0.057		2.0139	13.6024	663.257	0.9875	0.9705	present	541.406	541.41	516.76	523.05	0.1801	575.28	0.0559	501.19	624.53	542.17	623.03	414.97	516.05	491.14	626.42	400.19	503.07	419.18	525.21	365.82	452.4	539.4	576.99	167.7	NA	167.7	166.05	0.0786	214.31	0.0239	157.58	200.15	142.09	183.89	9.605	9.6	9.75	9.74	0.1212	9.67	0.0567	17.0223	15.0865	40.88	69.2974	9.8739	141.6582	0.2503	2.8473	0.6051	0.8096	0.3647	541.92	0.00295	0.0304	-0.60661	-0.29082	0.35723	166.97	0.00339	0.0081	0.01066	0.00804	-0.00838	9.58	0.00273	0.0749	-0.55631	0.05379	-0.14466	16	0.34872	-0.02555	0.04091	0.16623	0.05317	0.07413	0.05133	-0.15822	-0.12193	-0.20177	0.02206	-0.03682	0.13233	0.08943	0.0399	0.03667	-0.01703	-0.08984	-0.00053	-0.12375	0.07202	-0.01691	0.14234	0.00283	-0.11816	0.02061	0.01911	0.00531	-0.05752	-0.03835	-0.06442	-0.01058	780.69	750914754	762329540	1000	/scratch.global/lanej/1000G/ngs_dose/1000G_highcov/crams/HG00674.cram	9ab0a0e8,a23ef9ed,7f3b4c3c	184ab16e		14	0.997546	0.998611	0.999624	0.999868	2.015	0.976	0.8	631.108	15.413	scan	M	CHS	EAS	M	0.999825	0.999887	0.997814	NA	-0.08	1.1497	1.0005	598.5779	595.3056	701.9297	166.322	9.5079	2.0147	720.0183	15.4576	562.4483	559.3244	638.4366	177.9428	9.6283	2.0171	789.3932	31.2237	597.0243	0.9988	0.8058	33.159	M	2504	
HG00675	scan	0.1.0+fae1124	35.192	150	433	450	0.0989	0.9667	1.266	0.0731	0.0454		1.9812	15.3174	633.8169	1.9282	0.0023	present	538.267	538.27	518.4	522.89	0.19	579.57	0.0566	503.88	642.37	561.48	648.07	413.31	521.72	509.59	667.2	397.69	509.63	437.11	552.1	376.27	473.94	537.74	575.27	229.679	NA	229.68	226.51	0.0841	294.7	0.0281	219.02	280.63	193.47	251.38	9.622	9.62	9.71	9.7	0.1153	9.62	0.06	11.1737	1.1813	45.7665	45.7073	9.5009	149.8275	0.2331	4.0225	0.5726	0.7798	0.4901	549.63	0.00251	0.0259	-0.56524	0.0323	0.09138	226.11	0.00221	0.0053	0.0068	-0.00909	0.00803	9.53	0.00269	0.0738	0.42492	-0.11297	-0.00242	16	0.03406	-0.01513	0.11757	-0.20417	0.0322	-0.19262	-0.02897	0.00757	-0.02401	-0.01874	0.02279	-0.00688	-0.03749	-0.10621	0.02264	0.06565	0.0435	0.03233	0.05392	-0.15629	-0.06783	0.10633	-0.01219	-0.00582	0.02725	-0.06529	0.10048	0.10899	0.00703	-0.06823	-0.05369	-0.02866	346.8	704195018	712843650	1000	/scratch.global/lanej/1000G/ngs_dose/1000G_highcov/crams/HG00675.cram	9ab0a0e8,a23ef9ed,7f3b4c3c	184ab16e		14	0.997632	0.99872	0.999666	0.999897	2.005	1.86	0.117	633.571	18.538	scan	F	CHS	EAS	F	0.999801	0.999922	0.997818	NA	-0.13	1.1791	1.0216	518.734	507.8147	609.315	228.3992	9.5796	1.9847	637.0878	35.371	559.7837	551.6181	640.0343	222.5603	9.5743	1.9892	599.6058	41.4643	607.9661	1.9162	0.0996	30.5182	F	2504	
HG00683	scan	0.1.0+fae1124	35.849	150	440	450	0.0653	0.9871	1.1536	0.076	0.037		2.0081	49.8006	759.0313	0.9883	0.9862	present	327.333	327.33	312.69	312.3	0.2049	325.53	0.0358	304.72	328.71	336.74	357.59	245.67	265.13	296.15	328.54	234.33	255.53	258.43	288.66	210.05	223.6	324.38	331.98	178.82	NA	178.82	178.79	0.0961	203.64	0.0205	168.28	191.3	151.83	173.99	9.423	9.42	9.47	9.45	0.117	9.41	0.0383	19.4099	20.7981	39.4034	76.6753	11.6482	146.3181	0.2482	2.8062	0.8993	0.8394	0.3844	330.62	0.00449	0.0463	-0.89704	0.11207	0.2769	176.34	0.00849	0.0203	0.02897	-0.04074	-0.00982	9.3	0.00277	0.076	0.6314	0.25346	0.42689	16	-0.32255	-0.06915	0.05512	-0.06423	0.04685	0.27285	-0.04262	0.00915	-0.05365	-0.05622	-0.05548	-0.04769	0.05928	0.02952	-0.00076	0.05662	-0.02754	-0.03046	0.11146	-0.04619	0.06874	-0.06587	0.03399	0.02626	0.06174	-0.09447	0.06771	0.01539	-0.07836	-0.05941	-0.06536	-0.08475	366.41	712662898	723991961	1000	/scratch.global/lanej/1000G/ngs_dose/1000G_highcov/crams/HG00683.cram	9ab0a0e8,a23ef9ed,7f3b4c3c	184ab16e		14	0.997238	0.998799	0.999654	0.999963	2.007	0.997	0.978	733.266	53.042	scan	M	CHS	EAS	M	0.999698	0.999983	0.997453	NA	-0.36	1.0816	1.0185	339.6855	336.7898	374.3134	174.3672	9.5097	2.0025	754.8812	60.1585	380.3062	374.8292	432.6604	189.0979	9.6287	2.0048	825.658	47.5739	686.6872	1.0214	0.9612	32.2693	M	2504	
HG00684	scan	0.1.0+fae1124	33.892	150	418	400	0.0887	0.9602	1.2409	0.0526	0.0388		2.002	31.2359	840.9814	1.9451	0.0025	present	454.933	454.93	443.93	446.47	0.16	499.18	0.05	436.64	565.52	470.6	540.23	362.13	446.1	472.62	617.25	379.7	488.36	386.83	481.11	338.48	430.51	457.55	493.58	133.774	NA	133.77	133.14	0.0668	168.61	0.0344	125.16	158.27	113.23	143.12	9.351	9.35	9.42	9.44	0.114	9.36	0.0512	19.2305	1.8042	40.4777	55.622	10.7815	151.4053	0.2299	2.2937	0.5607	0.7626	0.5933	463.07	0.00386	0.0398	0.10096	-0.42327	-0.17332	131.62	0.01088	0.026	-0.06856	0.0211	-0.00065	9.25	0.00288	0.0789	-0.09062	0.26881	0.23385	16	-0.31024	0.12387	0.18614	-0.05174	0.01795	0.00398	-0.08255	0.001	-0.11292	-0.10404	-0.04249	-0.06506	0.13049	0.06189	0.01478	-0.0977	0.08728	0.04914	0.01302	-0.10713	0.05639	-0.01371	0.02768	-0.0774	0.07151	0.08215	0.09789	-0.11132	0.00599	0.00153	-0.0778	0.10562	392.9	679983178	689500180	1000	/scratch.global/lanej/1000G/ngs_dose/1000G_highcov/crams/HG00684.cram	9ab0a0e8,a23ef9ed,7f3b4c3c	184ab16e		14	0.997707	0.999326	0.999665	0.999953	1.997	1.89	0.135	823.255	41.452	scan	F	CHS	EAS	F	0.999694	1.0	0.998075	NA	-0.41	1.1666	1.0163	455.169	451.572	523.2188	137.2681	9.5592	2.0039	755.2235	46.612	499.8014	495.363	572.9591	134.4053	9.5287	2.0016	669.4359	34.6091	768.6408	1.949	0.114	29.6463	F	2504	
HG00685	scan	0.1.0+fae1124	38.622	150	441	450	0.0675	0.9537	1.303	0.0504	0.0443		1.9969	37.4326	648.6029	0.9855	0.9828	present	338.297	338.3	330.48	333.66	0.1787	380.15	0.0423	336.61	465.14	337.9	399.05	273.37	371.45	335.11	475.48	264.0	365.66	271.42	362.28	237.78	326.26	343.09	372.02	180.248	NA	180.25	179.59	0.0754	245.01	0.0219	163.04	221.06	146.73	203.54	9.664	9.66	9.77	9.8	0.1134	9.66	0.0402	19.0013	21.0102	40.0202	78.2619	11.1425	151.7147	0.2565	3.0368	0.7045	0.7815	0.3511	345.42	0.00328	0.0338	-0.24349	-0.23642	0.11703	179.59	0.01306	0.0313	-0.06984	-0.02184	0.0101	9.6	0.00241	0.066	0.37919	0.22024	0.43289	16	0.07086	-0.01659	-0.00412	-0.08668	-0.0153	0.06351	-0.06187	0.10297	-0.07054	0.00326	0.06025	0.01079	0.06149	-0.06827	0.06632	-0.04589	-0.04648	0.00505	0.00358	0.06281	0.01516	-0.0236	0.07604	-0.05746	-0.00474	0.01031	0.0079	0.00341	-0.08985	0.01204	0.01734	-0.02304	251.7	766867460	778822184	1000	/scratch.global/lanej/1000G/ngs_dose/1000G_highcov/crams/HG00685.cram	9ab0a0e8,a23ef9ed,7f3b4c3c	184ab16e		14	0.997832	0.998984	0.999673	0.999986	2.027	0.995	0.948	646.287	47.287	scan	M	CHS	EAS	M	0.999829	0.999989	0.998034	NA	-0.06	1.1553	0.9782	326.8695	321.8434	374.034	184.6018	9.6909	1.9987	721.7243	50.7754	335.3503	332.4942	375.3658	182.9399	9.5484	1.9976	683.1244	48.8052	610.5792	1.0228	0.933	34.7297	M	698	
HG00689	scan	0.1.0+fae1124	54.979	150	417	400	0.0806	0.9741	1.1579	0.064	0.0417		1.9995	8.1673	820.3337	0.9832	0.9536	present	346.446	346.45	333.7	338.44	0.2117	354.84	0.0524	342.99	381.2	365.36	398.57	269.05	284.43	353.03	402.88	273.26	304.72	285.08	322.29	245.79	266.9	341.83	357.69	113.966	NA	113.97	112.1	0.085	131.97	0.0221	107.3	123.65	97.31	113.11	9.566	9.57	9.62	9.63	0.1159	9.58	0.0484	14.954	14.9306	41.5944	63.1751	10.2581	141.4163	0.2325	2.6211	0.339	0.8876	0.42	354.59	0.00404	0.0417	-1.05425	0.05958	-0.02321	113.02	0.0051	0.0122	0.03328	0.00154	0.01082	9.46	0.00224	0.0615	-0.30221	0.70602	0.12929	16	-0.27574	0.16333	0.25534	-0.01673	0.12016	-0.08822	-0.01311	-0.19118	0.02781	0.03898	-0.03772	-0.09136	-0.00133	-0.00397	-0.05148	0.06468	0.04805	-0.01814	-0.02294	-0.05331	-0.02537	-0.02675	-0.01687	-0.02176	0.07015	-0.0241	0.00411	0.06818	0.05534	0.02935	0.03116	-0.01756	584.99	1090738918	1106360111	1000	/scratch.global/lanej/1000G/ngs_dose/1000G_highcov/crams/HG00689.cram	9ab0a0e8,a23ef9ed,7f3b4c3c	184ab16e		14	0.996643	0.99898	0.999562	0.999816	1.997	0.994	0.804	811.481	8.524	scan	M	CHS	EAS	M	0.999703	0.999868	0.997073	NA	-0.2	1.124	1.0304	363.239	354.9847	406.3215	113.1897	9.6287	1.9998	678.6639	12.9023	368.9066	360.5518	419.376	118.5112	9.5961	2.0038	721.8743	10.3318	726.3255	1.0184	0.7976	48.5699	M	2504	
HG00690	scan	0.1.0+fae1124	34.475	150	442	450	0.058	0.9766	1.2006	0.0663	0.042		1.9898	44.1738	743.9552	1.8517	0.0032	present	553.04	553.04	523.2	520.29	0.2096	559.22	0.0409	517.05	585.54	571.14	628.47	408.56	464.99	517.26	603.21	396.33	455.43	432.48	506.16	358.12	400.72	541.85	564.85	168.817	NA	168.82	166.43	0.0894	201.79	0.0188	152.08	180.3	148.11	178.76	9.387	9.39	9.51	9.55	0.1306	9.44	0.0329	15.4247	1.1897	46.7091	54.2611	11.8878	143.4867	0.2375	3.3605	0.7482	0.777	0.315	553.76	0.00562	0.0579	-0.79254	0.31503	0.14912	168.83	0.00857	0.0205	0.04843	-0.00274	-0.02316	9.4	0.00284	0.0779	-1.62034	-0.59211	0.43751	16	-0.29047	0.12698	0.12241	-0.04658	0.02334	-0.12197	-0.06939	-0.02675	0.05785	-0.02065	-0.00935	0.11376	-0.04867	-0.0192	-0.08907	0.0715	0.12038	-0.19172	0.12614	-0.06465	-0.02736	-0.08077	0.01818	-0.0213	0.0664	9e-05	-0.07293	0.02634	0.01482	-0.00047	0.04451	-0.04261	241.04	695001858	704850510	1000	/scratch.global/lanej/1000G/ngs_dose/1000G_highcov/crams/HG00690.cram	9ab0a0e8,a23ef9ed,7f3b4c3c	184ab16e		14	0.99665	0.998721	0.999649	0.999866	2.033	1.799	0.136	719.051	50.202	scan	F	CHS	EAS	F	0.999794	0.999882	0.99723	NA	-0.26	1.1349	1.0314	533.1829	530.6888	609.0514	166.7992	9.4833	1.9933	675.4185	62.3838	551.2433	547.0612	627.6679	195.4647	9.6191	1.9938	754.2879	54.6934	675.6294	1.8448	0.111	31.3322	F	2504	
HG00691	scan	0.1.0+fae1124	37.789	150	445	450	0.0938	0.9643	1.2836	0.0585	0.0535		1.9939	81.7852	801.7393	0.9908	0.9685	present	474.851	474.85	452.71	458.74	0.1571	518.2	0.0629	450.75	627.22	481.79	562.09	406.68	555.02	371.28	518.72	396.74	547.54	393.53	514.38	350.55	488.11	464.8	501.8	154.32	NA	154.32	156.03	0.0813	203.12	0.0293	153.64	203.08	127.83	170.53	9.937	9.94	10.16	10.11	0.1179	10.07	0.0555	14.9535	14.8118	27.6454	71.7036	10.7806	135.4105	0.233	2.8607	0.5303	0.8407	0.4658	478.27	0.00677	0.0698	-0.46086	-0.48874	-0.1475	153.3	0.03106	0.0743	-0.01448	0.0446	0.17082	9.94	0.00372	0.1019	-0.59731	0.60376	0.24354	16	0.34119	0.03656	0.07786	0.06047	0.0138	0.10721	-0.0734	0.04767	0.12601	0.17263	0.03128	0.02817	-0.08122	0.07459	-0.04633	-0.05298	0.02472	-0.02876	0.06147	0.03426	-0.11979	0.04046	0.00654	0.02097	0.01931	0.00914	-0.05849	0.01842	-0.07271	-0.02791	-0.05817	0.0258	524.54	749909694	761473581	1000	/scratch.global/lanej/1000G/ngs_dose/1000G_highcov/crams/HG00691.cram	9ab0a0e8,a23ef9ed,7f3b4c3c	184ab16e		14	0.997531	0.998811	0.999278	0.999825	1.966	0.98	0.812	785.793	101.671	scan	M	CHS	EAS	M	0.999568	0.999838	0.997685	NA	0.28	1.1753	1.0074	450.5877	447.741	520.4427	152.3441	9.8577	1.9956	781.6534	35.6469	501.6333	494.6917	571.2819	119.7104	9.9017	1.9952	729.18	78.7942	682.7092	1.0042	0.8152	33.1415	M	698	
HG00692	scan	0.1.0+fae1124	38.11	150	440	450	0.1066	0.9666	1.2321	0.0647	0.0529		1.9818	47.3731	779.5127	0.9853	0.9666	present	286.277	286.28	274.01	280.14	0.2012	299.15	0.0496	276.5	318.61	296.92	337.74	213.78	246.66	262.77	312.46	214.15	249.92	231.54	278.05	196.26	223.17	282.32	300.5	157.13	NA	157.13	152.33	0.0901	193.09	0.0299	139.3	170.98	139.79	172.87	9.961	9.96	10.04	10.08	0.1169	9.98	0.0645	15.2752	15.2526	39.9014	67.8019	8.6157	146.5721	0.2468	2.4339	0.5414	0.7646	0.381	290.76	0.00289	0.0298	-0.5308	0.36946	-0.18791	156.16	0.01279	0.0306	0.05412	-0.00576	0.00197	9.87	0.00259	0.0709	0.00877	0.52229	0.22015	16	0.2934	-0.05592	-0.03072	-0.10337	0.07761	0.07875	0.06758	-0.05109	0.01022	-0.10589	-0.02906	0.01131	0.02938	-0.03572	-0.01741	-0.01741	0.03922	-0.02526	0.11864	0.07597	0.01605	-0.03295	-0.03334	-0.0113	-0.01146	0.09275	0.0182	0.04665	-0.01643	-0.12538	0.02864	0.0546	186.26	757963502	769470322	1000	/scratch.global/lanej/1000G/ngs_dose/1000G_highcov/crams/HG00692.cram	9ab0a0e8,a23ef9ed,7f3b4c3c	184ab16e		14	0.997494	0.998609	0.999361	0.999746	2.028	0.98	0.805	765.032	57.58	scan	M	CHS	EAS	M	0.999588	0.999752	0.997892	NA	0.21	1.1616	1.0212	292.5297	287.3545	340.3722	158.6468	9.8362	1.9854	804.4344	66.0904	297.7156	292.9261	346.0173	160.297	9.7171	1.9837	744.6021	66.6152	719.9058	0.999	0.8108	33.0325	M	2504	
HG00693	scan	0.1.0+fae1124	38.061	150	430	450	0.0994	0.9676	1.2573	0.072	0.0428		1.9872	46.0128	634.2959	1.9296	0.0026	present	557.602	557.6	525.62	523.85	0.1929	578.27	0.059	502.2	594.71	547.6	626.36	385.61	457.37	503.65	606.45	390.01	465.23	426.3	516.42	337.82	397.05	550.81	588.57	219.671	NA	219.67	215.2	0.0911	270.63	0.0367	202.35	248.92	187.7	232.33	9.64	9.64	9.72	9.75	0.1269	9.67	0.0588	22.3395	1.5006	43.6971	53.903	11.3415	153.77	0.2422	2.9447	0.3831	0.7945	0.3084	555.08	0.00339	0.035	-0.20597	0.08293	0.47686	217.57	0.00896	0.0214	0.03832	-0.00553	-0.03275	9.57	0.00258	0.0708	-0.49668	-0.13607	0.54113	16	-0.00581	-0.01523	-0.0015	-0.05677	-0.04423	-0.02439	0.04635	-0.01154	-0.03526	-0.06859	-0.01472	0.01041	0.02726	0.02052	0.0128	-0.01574	-0.03496	0.03326	-0.0163	-0.08009	-0.03887	-0.03003	-0.02652	0.02851	-0.05336	0.09002	0.03033	-0.05887	0.02268	-0.00699	0.02351	0.00686	250.01	769903284	780633401	1000	/scratch.global/lanej/1000G/ngs_dose/1000G_highcov/crams/HG00693.cram	9ab0a0e8,a23ef9ed,7f3b4c3c	184ab16e		14	0.997625	0.99864	0.999636	0.999896	2.018	1.87	0.134	622.61	54.972	scan	F	CHS	EAS	F	0.999822	0.999959	0.997822	NA	-0.09	1.1284	0.9865	558.4744	561.4333	630.3159	218.4411	9.6103	1.9887	640.6145	54.6945	608.6172	606.8076	688.2031	220.1976	9.6028	1.9874	672.9121	73.4935	590.9482	1.9138	0.112	33.2	F	2504	
HG00694	scan	0.1.0+fae1124	37.303	150	446	450	0.0936	0.9746	1.2031	0.0707	0.0452		2.0054	38.864	743.6087	0.9861	0.973	present	612.64	612.64	590.44	595.25	0.1545	647.2	0.0568	595.01	749.99	625.84	698.39	503.17	629.47	626.71	801.7	491.16	620.87	516.98	630.71	453.98	569.92	604.78	635.07	219.625	NA	219.62	219.04	0.0717	270.43	0.0317	197.28	241.26	187.4	234.26	9.655	9.65	9.79	9.8	0.1206	9.71	0.0559	20.7964	14.4834	36.4459	66.6352	8.8585	146.8962	0.2354	2.4314	0.3455	0.7772	0.3763	617.8	0.00325	0.0335	-0.11373	-0.36177	-0.17442	219.47	0.00822	0.0197	-0.06401	-0.00644	-0.0036	9.62	0.00256	0.0702	-0.38562	0.33443	0.13186	16	0.07752	0.11163	0.05105	0.05161	0.04456	0.04338	-0.08755	0.08895	-0.03611	-0.09398	0.00628	-0.05554	-0.0501	-0.10551	-0.01969	0.03084	-0.10037	-0.01094	-0.01085	-0.07123	-0.12505	-0.03813	-0.03796	0.0619	-0.10339	-0.06334	-0.02116	-0.05157	-0.04373	0.03087	0.04418	0.03792	306.3	740200386	750752480	1000	/scratch.global/lanej/1000G/ngs_dose/1000G_highcov/crams/HG00694.cram	9ab0a0e8,a23ef9ed,7f3b4c3c	184ab16e		14	0.997745	0.998925	0.999599	0.999894	1.999	0.981	0.808	736.358	45.17	scan	M	CHS	EAS	M	0.999786	0.999891	0.997721	NA	-0.04	1.1304	1.013	597.8103	592.6514	682.7916	218.6624	9.688	2.0057	815.6154	55.5966	580.8189	581.1891	657.5135	229.1091	9.7165	2.0033	737.9005	69.7833	693.0966	1.0044	0.8146	32.7975	M	698	
HG00698	scan	0.1.0+fae1124	42.97	150	416	400	0.0837	0.9641	1.2325	0.0546	0.0443		2.0048	36.718	646.8042	0.9874	0.9806	present	483.459	483.46	473.39	476.26	0.1616	531.07	0.0516	481.91	625.65	500.08	572.71	389.6	485.28	522.23	683.77	402.01	519.52	416.25	518.57	366.39	469.07	485.27	521.15	174.893	NA	174.89	176.62	0.0691	220.63	0.0265	158.73	200.09	148.47	188.13	9.737	9.74	9.82	9.82	0.1181	9.74	0.049	17.7128	14.3366	36.1231	70.5401	8.7572	145.9589	0.229	2.3842	0.6979	0.8641	0.5179	494.69	0.00417	0.043	-0.05895	-0.35953	-0.38754	174.4	0.00516	0.0124	-0.0369	0.01494	0.00688	9.67	0.00237	0.0651	-0.05043	1.09965	0.0571	16	0.01404	-0.0978	-0.03521	-0.00207	0.09689	0.09207	-0.04378	-0.14354	-0.00611	-0.01548	0.0229	0.03929	0.02125	0.04907	-0.01392	-0.10602	-0.07381	-0.02799	-0.03283	0.02116	-0.09719	0.0859	0.06486	0.03468	-0.06146	0.03	-0.01783	0.03095	0.05194	-0.00373	0.10057	0.00696	798.66	852939628	865933707	1000	/scratch.global/lanej/1000G/ngs_dose/1000G_highcov/crams/HG00698.cram	9ab0a0e8,a23ef9ed,7f3b4c3c	184ab16e		14	0.998136	0.998952	0.999611	0.999831	2.0	0.98	0.831	634.185	44.499	scan	M	CHS	EAS	M	0.999491	0.999874	0.998254	NA	0.01	1.1577	1.0109	496.4772	486.0353	570.8447	181.8614	9.6373	2.007	594.873	31.8895	475.6191	466.3969	544.37	175.2495	9.7626	2.0056	726.383	50.4577	596.0052	1.0012	0.8274	37.9752	M	2504	
HG00699	scan	0.1.0+fae1124	39.568	150	410	400	0.0866	0.9663	1.2428	0.0577	0.0405		2.009	34.5494	599.7421	1.9509	0.0024	present	574.397	574.4	555.18	559.57	0.1459	620.25	0.0542	558.1	724.3	586.02	666.73	464.22	570.73	593.43	779.02	475.07	614.11	495.16	616.12	449.54	570.26	568.37	607.57	157.667	NA	157.67	156.87	0.0719	199.28	0.026	144.12	181.97	134.18	170.34	9.67	9.67	9.85	9.87	0.1144	9.78	0.0506	15.6871	1.2429	48.7894	49.779	10.3036	153.819	0.2302	2.4695	0.6532	0.8314	0.5232	581.08	0.00411	0.0424	-0.01676	-0.45156	-0.17453	156.39	0.00975	0.0233	-0.03226	0.02002	-0.01656	9.69	0.00267	0.0732	-0.63478	0.01089	-0.12104	16	-0.0355	-0.03001	-0.0496	-0.0347	0.02428	0.00302	-0.03927	0.06123	0.01384	0.00455	-0.02792	0.06882	-0.03637	-0.03006	0.07937	0.05723	-0.01719	0.01614	-0.01895	0.05224	0.05471	0.00708	-0.08966	0.00434	-0.02001	0.06773	-0.09464	-0.08092	0.02632	-0.03619	-0.0237	-0.02703	321.31	801121816	812138093	1000	/scratch.global/lanej/1000G/ngs_dose/1000G_highcov/crams/HG00699.cram	9ab0a0e8,a23ef9ed,7f3b4c3c	184ab16e		14	0.997705	0.999088	0.99966	0.999864	2.039	1.894	0.133	587.491	41.723	scan	F	CHS	EAS	F	0.999802	0.999911	0.997725	NA	0.03	1.1474	1.0085	556.1663	548.4964	642.8468	156.6352	9.6447	2.0087	675.6053	34.461	564.2705	558.9597	640.9188	154.8646	9.8197	2.0087	681.4197	47.0904	552.7554	1.9324	0.1126	34.9824	F	2504	
HG00700	scan	0.1.0+fae1124	37.308	150	437	450	0.0986	0.9714	1.2081	0.0613	0.0387		1.998	65.3677	731.8249	1.9587	0.002	present	411.931	411.93	400.95	404.47	0.163	440.8	0.0521	413.78	520.52	425.5	474.75	346.91	432.93	429.08	547.77	335.02	422.44	350.64	427.4	308.76	386.49	409.19	431.76	198.036	NA	198.04	196.7	0.0694	243.56	0.0292	184.21	225.31	169.15	210.97	9.624	9.62	9.74	9.75	0.1262	9.69	0.0584	15.2814	1.3229	40.7738	47.7912	10.9693	150.3723	0.2414	2.4088	0.5739	0.8617	0.395	418.68	0.00334	0.0345	-0.11031	-0.15446	-0.3018	196.7	0.00451	0.0108	-0.04108	0.01164	0.00287	9.62	0.00296	0.0811	-0.20961	0.73451	0.20981	16	-0.08498	0.07642	-0.04036	-0.10778	-0.03522	0.08953	-0.10388	0.09603	0.00056	0.07386	-0.01059	-0.01174	-0.04947	-0.02136	0.04303	-0.12716	0.01107	-0.04376	-0.11638	0.13255	0.00906	0.06089	0.11101	0.04803	0.00119	0.05072	0.04268	-0.03531	-0.01998	-0.02548	0.10961	-0.01816	286.48	751436214	760758138	1000	/scratch.global/lanej/1000G/ngs_dose/1000G_highcov/crams/HG00700.cram	9ab0a0e8,a23ef9ed,7f3b4c3c	184ab16e		14	0.997852	0.998865	0.999592	0.999882	1.995	1.893	0.126	720.38	77.402	scan	F	CHS	EAS	F	0.999726	0.999909	0.997922	NA	-0.04	1.1339	1.0163	385.0636	382.191	426.7827	206.0753	9.747	2.0009	745.1663	55.9793	407.8422	403.3318	461.3891	198.4585	9.6776	1.9953	771.8214	64.6095	678.9277	1.9412	0.1094	32.5371	F	698	
HG00701	scan	0.1.0+fae1124	43.01	150	423	400	0.0888	0.9691	1.1935	0.0564	0.0363		1.9986	9.2903	678.8567	0.9891	0.9827	present	365.644	365.64	355.57	359.68	0.1607	390.93	0.049	346.55	432.06	375.1	417.19	287.23	345.49	377.13	472.03	294.18	364.12	312.2	374.21	271.85	335.46	366.84	389.03	178.391	NA	178.39	175.16	0.0655	215.82	0.025	168.65	204.79	159.47	193.38	9.611	9.61	9.74	9.74	0.1152	9.68	0.0527	12.8373	19.2509	50.374	83.7865	9.316	161.6918	0.2648	3.8068	0.7322	0.8191	0.2487	371.59	0.0037	0.0381	-0.44349	-0.47431	-0.23094	176.49	0.00898	0.0215	-0.00706	0.04055	0.01949	9.57	0.00273	0.0749	-0.61286	0.17064	0.71486	16	-0.23155	-0.03505	-0.06354	-0.07076	0.02499	0.15954	0.09576	-0.17571	0.11321	0.09808	0.07	0.03576	0.00697	0.02061	0.02351	0.05462	0.0735	-0.09462	0.05847	-0.08977	-0.05104	-0.00195	0.0548	0.02999	0.03092	-0.03351	0.04657	-0.03304	-0.06831	0.05733	-0.02295	-0.04106	263.79	860774102	874531692	1000	/scratch.global/lanej/1000G/ngs_dose/1000G_highcov/crams/HG00701.cram	9ab0a0e8,a23ef9ed,7f3b4c3c	184ab16e		14	0.997729	0.998584	0.999452	0.999683	2.053	0.995	1.01	673.17	10.633	scan	M	CHS	EAS	M	0.999653	0.999703	0.997815	NA	-0.09	1.1227	1.0094	397.1327	390.4337	446.4864	174.238	9.5794	1.9979	654.8087	9.0941	351.7942	348.7607	399.2869	176.438	9.6036	1.9943	675.2326	12.6836	629.4216	1.011	0.9826	38.0634	M	2504	
HG00702	scan	0.1.0+fae1124	35.728	150	445	450	0.0886	0.9672	1.2396	0.0673	0.0409		2.0033	11.3263	784.2666	1.9611	0.0017	present	630.582	630.58	601.23	605.56	0.1686	669.71	0.0557	606.46	786.99	627.12	712.35	514.09	663.25	642.53	852.67	494.82	646.58	515.99	649.12	474.46	610.5	618.1	656.1	161.101	NA	161.1	160.93	0.0697	204.91	0.0272	155.9	196.15	134.18	173.76	9.649	9.65	9.78	9.75	0.1194	9.7	0.0535	20.0385	1.4705	45.9275	52.1182	10.9868	148.904	0.2616	3.0431	0.6002	0.8645	0.547	629.6	0.00263	0.0271	-0.14307	-0.14472	-0.13916	160.93	0.00632	0.0151	-0.05546	-0.00224	0.00311	9.6	0.00275	0.0755	0.06157	0.43242	0.17388	16	-0.28959	0.00397	-0.09215	-0.03219	-0.10307	0.08037	-0.04149	0.14872	-0.04708	0.09641	0.07225	0.03091	0.08919	-0.10013	-0.06533	-0.00174	0.01813	-0.08257	0.00313	-0.14746	-0.0244	-0.03615	0.06384	0.03867	-0.05328	0.01026	-0.07135	0.01013	-0.06207	-0.08176	0.09772	-0.0364	276.34	722241830	731926967	1000	/scratch.global/lanej/1000G/ngs_dose/1000G_highcov/crams/HG00702.cram	9ab0a0e8,a23ef9ed,7f3b4c3c	184ab16e		14	0.997819	0.999038	0.999697	0.999854	2.028	1.915	0.128	765.89	13.145	scan	F	CHS	EAS	F	0.999681	0.99987	0.998031	NA	-0.06	1.1314	0.9961	605.3145	608.5439	685.8802	158.6147	9.7365	2.0018	802.5692	13.7971	586.0185	591.3309	656.6479	156.0401	9.784	1.9991	797.3992	13.7786	719.4474	1.9602	0.1084	31.5786	F	698	
HG00703	scan	0.1.0+fae1124	38.83	150	445	450	0.071	0.9569	1.3074	0.0598	0.0461		1.9987	23.3597	726.1898	0.9862	0.9874	present	509.947	509.95	487.99	495.82	0.2015	555.02	0.0488	481.76	644.97	518.53	606.25	404.1	532.95	495.57	677.42	386.95	518.17	405.97	529.4	350.99	465.93	506.3	546.31	178.36	NA	178.36	177.02	0.084	236.21	0.0217	157.33	208.76	153.31	205.79	9.746	9.75	9.89	9.88	0.124	9.78	0.0419	19.4593	20.3696	65.4982	77.2559	10.2704	150.5225	0.2602	2.9769	0.4971	0.8101	0.1904	515.48	0.00271	0.028	-0.61104	0.04056	0.05429	176.78	0.0071	0.017	-0.00185	-0.02411	0.01045	9.7	0.00266	0.0729	-0.56325	0.7383	0.05092	16	0.19364	-0.04568	-0.12144	-0.01401	-0.03047	-0.00402	-0.0079	0.03277	0.08443	0.05273	-0.13904	-0.07979	0.07967	-0.03728	-0.03282	0.08154	0.11238	0.02027	-0.06175	-0.16905	0.09795	-0.01001	0.05319	0.04275	0.01658	-0.00883	0.08344	0.04116	0.07108	0.00719	-0.01819	-0.01045	261.05	776015868	787553771	1000	/scratch.global/lanej/1000G/ngs_dose/1000G_highcov/crams/HG00703.cram	9ab0a0e8,a23ef9ed,7f3b4c3c	184ab16e		14	0.997811	0.998235	0.999632	0.999942	2.082	0.974	0.958	714.786	28.244	scan	M	CHS	EAS	M	0.999629	0.999955	0.99764	NA	0.04	1.1761	1.0059	514.71	506.7659	609.9753	173.807	9.5972	1.9997	759.5956	19.962	514.9113	509.3694	579.9322	168.1052	9.742	2.0001	802.4625	19.9246	672.6743	0.9944	0.9366	34.9549	M	698	
HG00704	scan	0.1.0+fae1124	33.383	150	408	400	0.0792	0.9552	1.2688	0.0677	0.0447		1.9962	23.8643	707.2467	0.9972	0.971	present	515.315	515.32	495.95	505.51	0.1537	561.98	0.0477	498.79	656.33	527.27	611.57	416.65	518.92	540.69	716.58	429.04	558.14	443.68	560.52	396.21	512.62	506.97	549.56	177.548	NA	177.55	178.06	0.0725	227.7	0.0308	165.46	214.24	150.41	193.07	9.746	9.75	9.84	9.82	0.1085	9.77	0.0475	14.3684	14.1118	49.6189	68.5905	9.5811	143.3685	0.257	2.8368	0.6247	0.7841	0.4524	519.76	0.00418	0.0431	-0.18479	-0.34864	-0.3724	175.97	0.00844	0.0202	-0.05559	0.00368	-0.01188	9.65	0.00292	0.0802	0.68898	0.42745	0.39853	16	-0.11049	-0.02472	0.02216	-0.09288	0.07524	0.17098	0.07632	-0.08498	0.12408	0.08795	0.08669	-0.00926	0.00019	-0.00792	0.00499	-0.09503	-0.11241	-0.03336	-0.03459	0.00057	0.02606	0.00573	-0.09921	0.03236	-0.0708	0.08266	-0.02482	0.02921	-0.08842	0.0115	-0.02899	-0.0202	249.23	661411994	670619124	1000	/scratch.global/lanej/1000G/ngs_dose/1000G_highcov/crams/HG00704.cram	9ab0a0e8,a23ef9ed,7f3b4c3c	184ab16e		14	0.997958	0.998933	0.999715	0.999771	2.03	0.987	0.839	693.315	29.336	scan	M	CHS	EAS	M	0.999717	0.999786	0.99805	NA	-0.01	1.1766	1.0144	526.0308	524.9618	604.9481	179.1573	9.7441	1.9963	649.5245	23.3072	498.0344	497.0045	572.7245	174.9377	9.8389	1.9974	718.2239	23.0263	657.2447	1.0114	0.8412	29.5261	M	2504	
HG00705	scan	0.1.0+fae1124	34.356	150	426	450	0.0935	0.9636	1.209	0.0781	0.0473		1.9865	9.5714	731.6706	1.969	0.0026	present	415.588	415.59	407.02	412.17	0.1648	453.92	0.0517	397.66	512.95	432.95	492.23	345.09	441.3	445.55	580.21	335.13	432.55	356.98	442.68	302.23	390.29	418.65	446.76	170.98	NA	170.98	169.84	0.0763	213.95	0.0259	155.87	193.68	150.0	190.78	9.891	9.89	10.0	10.05	0.1327	9.93	0.0536	17.3576	1.5553	43.6484	56.6358	10.5653	147.2893	0.2417	3.314	0.623	0.8245	0.3021	424.0	0.00349	0.0359	-0.05066	-0.47585	-0.12144	170.12	0.00397	0.0095	-0.01568	0.00318	-0.00323	9.87	0.00273	0.0748	0.16283	1.06134	0.16353	16	0.19636	0.03207	0.01335	-0.12254	-0.01147	0.03901	-0.02556	0.03576	0.04008	0.00872	0.0112	0.09396	-0.01775	-0.03426	0.04686	0.00171	0.08502	0.04431	-0.04696	0.07911	-0.12101	0.08702	-0.00804	-0.07564	-0.08986	-0.01753	0.10241	-0.03933	0.05104	-0.02802	0.04053	-0.09873	325.67	693277784	703625030	1000	/scratch.global/lanej/1000G/ngs_dose/1000G_highcov/crams/HG00705.cram	9ab0a0e8,a23ef9ed,7f3b4c3c	184ab16e		14	0.997655	0.998641	0.999611	0.999891	2.035	1.901	0.135	719.348	11.406	scan	F	CHS	EAS	F	0.999699	0.999889	0.997675	NA	0.21	1.1609	1.0211	402.6696	394.6399	464.0716	173.1691	9.8756	1.9916	807.353	10.9595	411.3302	405.9026	472.8181	169.4261	9.8123	1.9888	725.3788	14.0278	681.1921	1.945	0.1138	30.0765	F	2504	
HG00706	scan	0.1.0+fae1124	38.272	150	449	450	0.0701	0.958	1.3143	0.0722	0.0472		2.0066	33.8472	756.4734	0.9834	0.9752	present	580.007	580.01	556.16	559.98	0.1847	635.91	0.0499	554.46	754.04	594.84	698.24	443.51	594.94	559.73	772.9	436.83	593.64	463.84	610.45	403.88	547.27	576.74	623.83	180.992	NA	180.99	177.82	0.0803	241.96	0.0248	159.46	213.21	156.98	212.97	9.815	9.81	9.92	9.97	0.1211	9.81	0.0415	12.8705	14.6536	42.9365	66.4773	10.9016	145.2536	0.2558	2.8627	0.6677	0.814	0.2543	587.77	0.00258	0.0266	-0.46614	0.01509	0.08398	179.9	0.00668	0.016	-0.0014	-0.00797	-0.00682	9.77	0.00264	0.0725	0.00981	0.68875	-0.10435	16	0.16528	0.01371	-0.00619	-0.07325	-0.07624	0.02464	0.07756	0.09392	0.07797	0.11402	0.04737	-0.00322	0.07114	-0.01378	-0.00289	0.01705	-0.02856	0.04443	-0.00625	-0.0177	-0.06405	-0.05121	-0.02621	0.01928	0.00067	0.03684	-0.0535	-0.00238	0.01877	-0.03983	-0.03742	-0.0225	458.73	760356652	770435317	1000	/scratch.global/lanej/1000G/ngs_dose/1000G_highcov/crams/HG00706.cram	9ab0a0e8,a23ef9ed,7f3b4c3c	184ab16e		14	0.997722	0.99869	0.999698	0.999596	2.017	0.972	0.802	742.285	41.298	scan	M	CHS	EAS	M	0.999797	0.999586	0.997759	NA	0.11	1.1879	1.012	576.8805	570.3386	676.36	175.7315	9.781	2.0081	788.1079	31.6809	544.9063	540.23	622.0841	182.8073	9.701	2.0101	804.4915	22.1723	697.4175	0.994	0.799	34.4648	M	698	
HG00707	scan	0.1.0+fae1124	36.221	150	428	450	0.0726	0.9679	1.2663	0.0779	0.043		2.0006	100.5304	993.118	0.9927	0.9823	present	522.647	522.65	511.26	513.02	0.1564	574.5	0.0478	498.14	661.93	552.2	631.54	431.41	565.25	512.56	693.47	419.44	557.41	443.28	566.53	390.29	515.17	527.21	562.45	147.978	NA	147.98	147.87	0.0736	191.4	0.0244	136.59	176.42	126.1	165.65	9.988	9.99	10.08	10.13	0.1193	9.98	0.0399	18.2598	18.4852	44.7513	79.5533	9.9502	154.5563	0.2616	2.6311	0.5787	0.8747	0.4372	531.15	0.00289	0.0298	-0.20089	-0.65511	0.05245	146.13	0.00838	0.0201	-0.04277	0.00417	0.00788	9.94	0.00252	0.0692	-0.92783	0.11819	-0.08506	16	0.06717	-0.17682	0.00191	-0.16213	0.13868	0.13976	-0.03424	-0.13216	0.07021	0.06957	-0.02931	-0.02433	-0.03213	-0.01028	-0.05415	-0.03262	0.07498	-0.03791	-0.00353	-0.01799	-0.00652	-0.07949	-0.02213	-0.02331	0.02628	-0.01956	0.02986	-0.0259	-0.00034	0.07967	-0.02917	0.00387	255.94	726139766	737344563	1000	/scratch.global/lanej/1000G/ngs_dose/1000G_highcov/crams/HG00707.cram	9ab0a0e8,a23ef9ed,7f3b4c3c	184ab16e		14	0.997511	0.998759	0.999354	0.99975	2.057	0.986	0.968	967.149	124.194	scan	M	CHS	EAS	M	0.999568	0.999818	0.997697	NA	0.28	1.189	1.0396	523.9929	515.4248	619.6709	150.0349	9.9227	2.0012	879.4262	104.3954	517.9974	515.0404	605.5431	150.3087	9.7061	2.0033	901.6616	94.9119	891.3321	1.0038	0.9526	32.5189	M	2504	
HG00708	scan	0.1.0+fae1124	36.501	150	429	450	0.0887	0.9547	1.2762	0.0596	0.0423		1.991	43.2252	755.4973	1.938	0.0033	present	439.477	439.48	428.41	431.02	0.171	483.57	0.0514	448.77	577.45	447.94	521.49	374.53	481.01	469.91	618.88	354.99	460.82	371.11	472.33	338.64	431.05	437.07	472.07	117.987	NA	117.99	118.78	0.0714	152.18	0.0271	108.43	138.74	98.42	128.54	9.772	9.77	9.91	9.9	0.1194	9.84	0.0544	16.842	1.4916	46.2916	51.1531	11.5952	149.7203	0.2564	3.2879	0.7076	0.9144	0.2265	449.77	0.00364	0.0376	-0.67067	-0.25354	-0.30097	116.8	0.0082	0.0196	-0.023	0.01738	0.0187	9.76	0.00283	0.0776	-0.76176	0.06472	0.39411	16	0.01629	-0.00657	0.06349	-0.04646	0.05466	0.06885	-0.06149	0.1071	-0.00771	0.05212	-0.04838	0.11197	-0.04751	0.03721	-0.05499	-0.06819	-0.09036	0.03591	0.03365	-0.07546	0.06963	0.02471	-0.09626	-0.03516	0.04777	-0.0498	-0.06115	-0.03678	0.03118	0.00253	0.10613	-0.05204	238.91	738972542	749755179	1000	/scratch.global/lanej/1000G/ngs_dose/1000G_highcov/crams/HG00708.cram	9ab0a0e8,a23ef9ed,7f3b4c3c	184ab16e		14	0.997587	0.998536	0.999592	0.999808	2.023	1.887	0.133	749.087	53.698	scan	F	CHS	EAS	F	0.999704	0.999847	0.998056	NA	0.1	1.1595	0.9959	409.1181	400.1205	470.7874	118.3715	9.8047	1.9913	723.6198	31.5131	394.9677	389.1796	449.5717	125.0452	9.7759	1.9949	727.3303	46.3186	704.4274	1.928	0.1106	32.1994	F	2504	
HG00709	scan	0.1.0+fae1124	38.961	150	438	450	0.0689	0.9528	1.342	0.0519	0.0448		1.9916	59.2276	728.3157	0.9831	0.964	present	476.344	476.34	466.2	477.45	0.1969	542.59	0.0487	483.41	691.7	500.93	597.77	389.69	544.96	469.06	680.84	374.87	533.04	398.4	541.53	337.72	481.89	478.86	522.34	164.15	NA	164.15	161.41	0.0784	226.44	0.0218	150.1	208.21	143.03	200.58	9.651	9.65	9.76	9.83	0.1293	9.65	0.0397	13.9809	17.2381	46.3581	76.1207	9.8093	143.9639	0.2537	2.8314	0.6936	0.8584	0.4195	493.42	0.00314	0.0324	-0.86363	-0.04826	-0.16939	162.86	0.00386	0.0092	0.01153	-0.00396	0.03283	9.66	0.00254	0.0698	-0.9438	0.17789	0.06075	16	0.09452	0.02765	0.02837	-0.11528	0.02407	0.06689	-0.08918	0.09707	-0.06668	0.00373	-0.0752	-0.02045	-0.05183	0.07176	0.00048	-0.02637	0.0275	0.02047	-0.10278	0.00431	-0.01184	-0.00046	-0.00916	-0.06661	-0.19313	0.01464	0.05585	0.1288	0.03694	-0.02354	0.06218	-0.01046	278.02	774896668	785911589	1000	/scratch.global/lanej/1000G/ngs_dose/1000G_highcov/crams/HG00709.cram	9ab0a0e8,a23ef9ed,7f3b4c3c	184ab16e		14	0.997849	0.998665	0.999676	0.999879	2.034	0.971	0.931	713.541	74.771	scan	M	CHS	EAS	M	0.999698	0.999939	0.998135	NA	0.0	1.2115	1.0152	458.2276	443.254	553.3216	165.5147	9.7199	1.9933	723.7566	50.6463	493.894	480.3546	559.8657	170.8078	9.6332	1.9951	745.309	46.0784	671.5135	0.9946	0.9188	35.0485	M	698	
HG00717	scan	0.1.0+fae1124	35.329	150	424	400	0.1053	0.9583	1.2808	0.0586	0.0445		1.9801	114.9969	546.6771	1.9662	0.003	present	465.462	465.46	435.14	434.76	0.1935	486.96	0.056	423.56	515.16	447.94	524.0	302.23	348.53	376.33	470.09	334.5	405.7	346.04	428.63	300.51	359.64	458.14	497.26	176.567	NA	176.57	173.85	0.0884	224.97	0.0317	150.53	192.25	157.83	201.57	9.912	9.91	10.03	10.03	0.1216	9.97	0.0614	18.8222	1.2299	43.9079	56.6297	10.077	169.8424	0.2436	2.4876	0.5339	0.7897	0.2943	461.94	0.00429	0.0443	-0.40182	0.15087	0.45459	173.85	0.01323	0.0317	0.06259	0.02795	-0.01505	9.88	0.00272	0.0745	0.01366	0.67474	0.09141	16	0.04723	0.00648	-0.06357	-0.00821	0.04018	0.03514	0.02697	0.1445	0.03133	0.07432	-0.06393	0.1221	-0.03845	0.00385	0.07843	-0.02006	-0.03706	0.09062	0.05743	-0.01175	0.00344	-0.10767	-0.02179	-0.10806	-0.01817	0.02737	-0.00993	0.14436	-0.04642	-0.02771	-0.04325	-0.07007	594.29	720069028	730543269	1000	/scratch.global/lanej/1000G/ngs_dose/1000G_highcov/crams/HG00717.cram	9ab0a0e8,a23ef9ed,7f3b4c3c	184ab16e		14	0.997689	0.998247	0.999523	0.999748	2.065	1.892	0.139	524.221	137.347	scan	F	CHS	EAS	F	0.999691	0.999779	0.99778	NA	0.22	1.1343	0.9697	425.0274	428.0468	478.8481	175.1795	9.8167	1.979	614.9873	74.1532	466.6279	461.4263	526.9851	162.0075	9.962	1.9805	632.4066	78.7803	500.9868	1.9238	0.1144	30.7925	F	2504	
HG00728	scan	0.1.0+fae1124	36.047	150	419	400	0.0902	0.9626	1.25	0.0747	0.0486		1.9947	28.7823	711.758	0.9984	0.9817	present	318.666	318.67	309.14	313.75	0.1933	350.32	0.0516	306.3	415.84	343.48	395.17	257.94	337.56	337.35	460.28	260.35	352.11	276.12	353.19	231.35	310.34	316.69	340.02	255.382	NA	255.38	254.7	0.0725	329.62	0.0263	244.34	313.92	218.22	283.52	9.463	9.46	9.57	9.56	0.1212	9.48	0.0532	17.1626	19.4657	56.1542	80.5116	9.5154	147.7792	0.2197	2.9207	0.6151	0.7886	0.6255	326.24	0.00365	0.0377	-1.1955	-0.33682	-0.25462	253.33	0.00686	0.0164	-0.02893	0.00584	0.00112	9.44	0.00272	0.0745	-0.41744	0.49581	0.37722	16	-0.07124	0.11048	0.24006	-0.03823	0.19642	0.021	-0.03378	-0.1902	0.05849	-0.01641	0.00731	0.00631	0.01089	0.06948	-0.07155	-0.10236	-0.08211	0.00166	0.13505	0.00956	-0.05088	0.08515	0.15597	-0.07755	-0.03938	0.00223	-0.12845	-0.01581	0.00729	-0.01303	-0.01239	-0.08297	583.34	717189090	728666765	1000	/scratch.global/lanej/1000G/ngs_dose/1000G_highcov/crams/HG00728.cram	9ab0a0e8,a23ef9ed,7f3b4c3c	184ab16e		14	0.997562	0.999269	0.999719	0.999899	2.077	0.981	0.947	700.156	34.097	scan	M	CHS	EAS	M	0.999721	0.999933	0.997569	NA	-0.22	1.2113	1.0528	323.5843	317.3719	383.2965	264.1721	9.5772	1.9992	561.2135	33.8155	358.9861	354.2485	417.9501	223.4987	9.4904	1.9974	634.4477	26.6832	663.5596	1.0036	0.9398	31.605	M	2504	
HG00729	scan	0.1.0+fae1124	42.161	150	425	400	0.0766	0.9672	1.2125	0.0491	0.0466		2.0019	25.5886	866.8036	1.9343	0.0031	present	378.906	378.91	361.96	366.74	0.1908	397.96	0.0458	357.79	435.52	396.01	446.42	296.25	345.13	395.22	489.79	299.28	364.94	314.84	378.17	272.78	325.51	371.87	396.03	137.768	NA	137.77	136.8	0.0808	168.38	0.0231	135.22	164.08	117.75	144.68	9.851	9.85	9.94	9.93	0.108	9.89	0.0463	18.8286	1.2097	44.2737	54.0561	11.0165	155.6023	0.2339	2.6578	0.4583	0.8685	0.4393	385.65	0.00406	0.0419	-0.77895	0.02759	-0.23489	136.64	0.00613	0.0147	0.00247	-0.00551	0.00065	9.78	0.00265	0.0728	-0.32343	0.38152	0.21267	16	0.07299	0.07217	0.04361	-0.12677	0.04234	-0.1125	-0.02356	0.03325	-0.06881	-0.00543	-0.03931	0.04921	0.01773	-0.01159	-0.01909	-0.02696	-0.08188	-0.05359	-0.05867	-0.08583	-0.0496	0.03326	-0.00072	0.01257	-0.0702	0.07838	0.13185	-0.03971	0.03113	0.00049	0.00881	0.02651	204.72	852385966	864748843	1000	/scratch.global/lanej/1000G/ngs_dose/1000G_highcov/crams/HG00729.cram	9ab0a0e8,a23ef9ed,7f3b4c3c	184ab16e		14	0.997333	0.998697	0.999541	0.999906	2.037	1.889	0.135	854.776	29.857	scan	F	CHS	EAS	F	0.999615	0.999942	0.997462	NA	0.12	1.1576	1.0269	358.1053	352.0652	410.3792	140.4564	9.8213	2.0071	837.2455	35.2589	394.3274	387.1209	449.9596	130.1581	9.8197	2.0071	753.8151	42.1064	779.3641	1.9328	0.1128	37.5742	F	2504	
HG00731	scan	0.1.0+fae1124	35.717	150	415	400	0.1176	0.9625	1.2725	0.0528	0.0403		1.9973	54.8843	769.8586	0.9912	0.9847	present	323.559	323.56	316.44	320.68	0.1676	357.05	0.0569	323.8	426.23	339.79	392.96	276.38	337.77	331.17	444.16	271.9	356.64	280.18	354.81	250.28	318.53	322.82	347.98	162.491	NA	162.49	161.84	0.0726	210.15	0.0354	154.2	198.9	142.56	185.31	9.832	9.83	9.89	9.87	0.1047	9.8	0.071	23.3216	12.8539	55.9338	70.9369	12.0783	147.0414	0.2437	3.2713	0.847	0.8017	0.7961	331.88	0.00427	0.0441	0.23226	-0.13253	-0.44619	160.81	0.00939	0.0225	-0.0155	0.0274	-0.0194	9.73	0.00255	0.0699	0.3013	0.423	0.05057	16	-0.12471	-0.00827	0.02262	-0.09067	0.11741	-0.00656	-0.04213	-0.15623	-0.06556	-0.04581	0.0087	0.00204	0.06157	-0.0319	0.0718	-0.04619	-0.0124	-0.01008	0.06859	0.02385	-0.05631	-0.03406	0.01666	0.06729	0.07395	-0.01806	0.04653	-0.16652	0.0218	0.04844	0.04719	0.015	583.85	713843458	725193220	1000	/scratch.global/lanej/1000G/ngs_dose/1000G_highcov/crams/HG00731.cram	9ab0a0e8,a23ef9ed,7f3b4c3c	184ab16e		14	0.997768	0.999206	0.999517	0.999804	2.061	0.991	0.82	775.073	69.686	scan	M	PUR	AMR	M	0.999679	0.999871	0.997762	NA	0.07	1.184	1.0238	331.2262	323.9415	388.9346	170.4195	9.805	2.0006	746.9522	92.2315	346.3321	341.389	404.7804	153.3574	9.8008	2.0002	711.4745	85.4365	731.4909	1.0094	0.8262	30.5524	M	2504	
HG00732	scan	0.1.0+fae1124	35.928	150	438	450	0.0862	0.9684	1.223	0.0598	0.0452		1.9977	62.1561	839.7919	1.6118	0.0025	present	711.826	711.83	679.92	681.31	0.1913	740.51	0.054	676.72	773.9	712.6	810.83	542.19	622.79	630.24	742.59	549.46	637.26	557.86	666.23	499.46	564.49	704.72	749.09	188.741	NA	188.74	185.5	0.0729	230.49	0.0249	166.89	203.07	170.54	209.6	9.678	9.68	9.74	9.8	0.1221	9.67	0.0539	18.7489	1.7191	43.2923	66.0936	13.3896	148.2305	0.2322	3.0705	0.5998	0.7973	0.3578	716.9	0.00353	0.0364	-0.32839	0.21748	0.13606	187.16	0.01371	0.0328	0.02216	0.04186	0.02683	9.63	0.00282	0.0774	0.83342	-1.17313	-0.77587	16	0.06223	0.00948	-0.00229	-0.07518	-0.00622	0.07821	-0.06592	0.06193	-0.09034	-0.01104	0.0233	0.05709	-0.12116	0.01119	0.05428	0.12569	0.06768	0.04027	-0.07796	-0.0833	-0.04524	0.01609	0.06064	0.02039	0.0076	0.00248	-0.02025	0.09396	-0.05305	0.04331	-0.06685	0.03876	270.38	727401006	739756625	1000	/scratch.global/lanej/1000G/ngs_dose/1000G_highcov/crams/HG00732.cram	9ab0a0e8,a23ef9ed,7f3b4c3c	184ab16e		14	0.997556	0.998196	0.999438	0.999677	2.079	1.558	0.164	811.788	73.361	scan	F	PUR	AMR	F	0.999668	0.99982	0.99752	NA	-0.03	1.131	0.994	690.3991	682.2673	798.1744	183.4225	9.6101	1.9972	967.1993	68.7267	697.8138	688.6337	801.9286	180.2005	9.6814	1.9997	836.3262	52.4012	760.6238	1.5826	0.1314	31.9472	F	2504	chrX 1.61 (mosaic X loss?)
HG00733	scan	0.1.0+fae1124	36.773	150	440	450	0.0746	0.9489	1.3193	0.0608	0.0466		1.9997	37.0124	1067.5884	1.9147	0.0013	present	564.982	564.98	548.57	546.44	0.1709	641.07	0.0502	554.59	791.62	583.94	701.02	458.39	645.93	568.37	823.75	451.38	644.33	473.07	639.1	413.46	586.81	564.48	619.71	193.697	NA	193.7	192.21	0.0737	263.68	0.0253	178.96	242.62	167.71	232.13	9.701	9.7	9.85	9.86	0.1105	9.76	0.045	19.0748	2.7603	48.487	59.7893	11.0647	148.7904	0.2492	3.0782	0.8211	0.8146	0.7283	577.27	0.00257	0.0265	0.01231	-0.02724	-0.19773	191.82	0.00867	0.0208	-0.02897	0.00162	0.01414	9.7	0.00275	0.0754	0.19076	0.05413	-0.43003	16	0.06186	0.15532	0.17976	-0.12451	0.05922	-0.08993	-0.07972	0.01408	0.06122	0.14642	-0.01396	-0.03493	0.02457	-0.01919	0.0057	0.14276	2e-05	-0.14638	-0.05505	0.0492	0.00827	0.09888	0.02207	-0.09308	-0.02831	0.00769	0.02988	-0.09665	0.0462	0.02755	-0.01032	0.01471	820.2	748721980	760306994	1000	/scratch.global/lanej/1000G/ngs_dose/1000G_highcov/crams/HG00733.cram	9ab0a0e8,a23ef9ed,7f3b4c3c	184ab16e		14	0.997523	0.998882	0.999136	0.999586	2.052	1.881	0.148	1062.09	47.908	scan	F	PUR	AMR	F	0.99934	0.999659	0.997526	NA	0.04	1.2144	1.0116	545.5101	533.1472	657.2406	189.429	9.7666	2.0035	1040.6359	50.3371	488.7401	480.9308	559.9315	198.9344	9.7174	2.0046	1028.4671	41.3072	981.3512	1.9148	0.1236	33.1716	F	698	
HG00734	scan	0.1.0+fae1124	37.694	150	436	450	0.1015	0.979	1.1664	0.0582	0.0409		1.9915	54.6714	704.4196	1.948	0.0026	present	404.468	404.47	385.82	385.17	0.1889	405.21	0.0546	363.95	384.85	400.58	434.22	295.22	313.39	380.59	410.2	293.67	313.42	313.55	350.34	259.5	273.12	402.86	418.35	146.32	NA	146.32	146.56	0.0924	167.37	0.0299	129.32	148.19	128.37	147.15	9.703	9.7	9.78	9.79	0.1138	9.75	0.0608	22.1495	1.7805	51.5917	55.0143	9.2371	138.9787	0.2332	2.7547	0.4829	0.7949	0.3762	402.23	0.00291	0.03	0.2388	0.0244	0.28044	146.54	0.01546	0.037	0.03756	-0.01157	-0.03053	9.59	0.00257	0.0705	0.11373	0.2712	-0.0973	16	-0.06923	-0.06457	-0.12076	-0.06192	0.01535	-0.01263	-0.14658	0.10864	-0.08454	-0.06822	-0.04354	0.09154	0.02043	0.07275	-0.05044	0.02168	0.0613	-0.03339	-0.03806	0.0315	0.07717	-0.01003	-0.06877	-0.00679	0.05544	0.07946	0.04339	-0.01191	-0.08349	-0.01312	0.08322	-0.01551	260.45	760836342	771538351	1000	/scratch.global/lanej/1000G/ngs_dose/1000G_highcov/crams/HG00734.cram	9ab0a0e8,a23ef9ed,7f3b4c3c	184ab16e		14	0.997369	0.998673	0.99955	0.999915	2.052	1.893	0.131	686.132	61.696	scan	F	PUR	AMR	F	0.999664	0.999938	0.997423	NA	-0.07	1.0795	0.9959	375.2124	376.1612	411.7897	147.0344	9.537	1.9944	700.1917	50.7626	411.079	409.9985	471.2556	154.2472	9.6182	1.9946	764.5555	65.9424	646.4888	1.9438	0.1096	32.6876	F	2504	
HG00735	scan	0.1.0+fae1124	36.0	150	445	450	0.0686	0.9758	1.2188	0.0735	0.0429		1.9934	26.3343	602.3806	1.9195	0.0024	present	343.642	343.64	329.02	329.44	0.1908	354.86	0.0395	337.2	386.49	345.91	383.29	253.28	290.38	309.07	364.61	253.68	294.17	268.93	318.1	233.68	264.97	340.59	358.1	134.052	NA	134.05	133.53	0.0892	162.17	0.0225	122.11	147.0	116.9	142.89	9.393	9.39	9.54	9.56	0.12	9.48	0.0406	23.6159	1.6815	41.2188	52.7903	10.3994	147.0414	0.237	2.0892	0.4332	0.8637	0.4563	345.74	0.00356	0.0367	-0.11846	0.20018	0.32506	132.35	0.0099	0.0237	0.00385	-0.03821	0.04617	9.39	0.0027	0.0741	-0.27671	-0.78206	0.29369	16	-0.00141	0.11921	0.17666	-0.04557	0.07414	0.01846	-0.10781	0.04451	-0.0752	0.00073	0.09085	-0.01287	0.04405	-0.07746	0.05626	0.02528	0.09741	-0.0096	-0.0215	0.04316	-0.06768	-0.0553	0.08717	-0.04257	-0.12758	-0.01015	0.02471	0.04004	0.02502	-0.05126	0.05719	0.02569	255.5	725263410	735548373	1000	/scratch.global/lanej/1000G/ngs_dose/1000G_highcov/crams/HG00735.cram	9ab0a0e8,a23ef9ed,7f3b4c3c	184ab16e		14	0.99735	0.999182	0.999568	1.0	2.023	1.874	0.134	588.944	30.468	scan	F	PUR	AMR	F	0.999767	1.0	0.997551	NA	-0.27	1.1086	1.0005	328.5681	327.9788	361.6827	134.9584	9.5527	1.9954	640.5064	48.0864	330.8392	329.5896	369.3232	133.2978	9.5721	1.9954	594.127	32.4988	560.6155	1.9234	0.1086	32.3902	F	698	
HG00736	scan	0.1.0+fae1124	35.96	150	440	450	0.0619	0.9797	1.1578	0.0649	0.0487		1.9903	29.6162	762.4577	0.9843	0.9662	present	310.292	310.29	293.16	294.62	0.2089	307.51	0.0355	292.42	314.51	309.23	334.43	230.05	248.54	283.87	315.24	222.44	242.81	240.94	271.6	203.94	216.35	303.7	313.44	116.453	NA	116.45	114.84	0.0994	134.09	0.0202	111.95	128.31	96.54	111.9	9.593	9.59	9.64	9.62	0.1079	9.59	0.0364	21.1082	10.0484	41.0354	68.1605	10.0738	131.6532	0.2296	2.8509	0.8865	0.7652	0.4042	305.78	0.00486	0.0501	0.01763	0.3556	0.20846	115.09	0.01621	0.0388	0.02906	-0.05422	0.00626	9.5	0.00268	0.0734	0.52396	-0.29387	-0.39751	16	0.16016	-0.05774	-0.03957	-0.07133	-0.02911	0.0332	0.14466	-0.11017	0.08703	-0.01586	0.09133	-0.06314	0.11225	0.12327	-0.04811	0.15564	0.02539	0.00358	-0.01332	0.01908	0.02708	-0.07905	-0.01973	0.05275	-0.09407	-0.00118	0.03181	-0.01395	0.01556	0.14393	-0.08978	-0.00587	382.82	711090934	721767302	1000	/scratch.global/lanej/1000G/ngs_dose/1000G_highcov/crams/HG00736.cram	9ab0a0e8,a23ef9ed,7f3b4c3c	184ab16e		14	0.997041	0.998814	0.999562	0.999806	2.028	0.981	0.747	738.747	34.19	scan	M	PUR	AMR	M	0.999636	0.999974	0.997394	NA	-0.16	1.0937	1.0113	339.6914	342.8655	376.8134	107.6442	9.4082	1.9924	724.0791	33.3	315.5064	317.3306	357.0539	127.5687	9.4857	1.9927	751.1096	25.3433	689.2813	1.0072	0.7428	32.4458	M	2504	
HG00737	scan	0.1.0+fae1124	37.441	150	438	450	0.0989	0.9653	1.2392	0.065	0.0403		1.9982	11.9381	629.5016	1.9383	0.0025	present	417.141	417.14	403.45	408.4	0.173	450.26	0.0543	411.15	530.45	425.75	484.8	337.09	432.42	436.38	568.89	327.55	423.66	343.64	429.97	294.57	380.12	414.86	442.49	184.765	NA	184.77	184.93	0.0791	234.0	0.0282	174.89	219.7	161.88	208.26	9.546	9.55	9.64	9.61	0.1123	9.57	0.0601	17.9101	1.4193	49.0019	59.2469	9.8699	146.8336	0.2662	3.8821	0.5133	0.8631	0.5554	421.69	0.00252	0.0259	-0.14047	-0.31905	-0.00989	184.17	0.00774	0.0185	-0.01181	-0.00169	-0.00736	9.46	0.0027	0.0741	0.54516	0.06028	0.13471	16	-0.06722	0.06679	0.12013	-0.00841	0.01963	0.04387	-0.04806	0.0695	-0.05167	0.05761	0.0251	0.0477	-0.00474	0.03843	0.04379	-0.03821	0.13867	-0.01011	-0.06015	0.10277	-0.05814	0.09276	-0.06353	-0.08275	0.06283	0.07736	-0.03065	-0.00974	-0.0139	0.00153	0.10083	0.0022	227.99	754945296	766377463	1000	/scratch.global/lanej/1000G/ngs_dose/1000G_highcov/crams/HG00737.cram	9ab0a0e8,a23ef9ed,7f3b4c3c	184ab16e		14	0.997747	0.998732	0.999619	0.999786	2.046	1.871	0.138	625.836	13.972	scan	F	PUR	AMR	F	0.99958	0.999816	0.997695	NA	-0.2	1.1497	1.0096	397.992	395.398	452.4884	186.5498	9.5717	1.9977	637.915	10.6316	391.4492	389.1338	443.5079	172.5359	9.714	1.9982	693.9955	18.2551	595.7933	1.9164	0.116	32.5806	F	2504	
HG00738	scan	0.1.0+fae1124	38.717	150	447	450	0.0823	0.9635	1.2511	0.0582	0.0493		1.9973	37.3842	696.071	0.9784	0.9582	present	407.317	407.32	387.72	391.14	0.1697	434.74	0.0482	388.2	508.21	415.22	475.05	314.71	407.32	380.13	508.1	298.79	392.38	319.04	405.96	279.68	364.49	402.3	429.46	166.238	NA	166.24	163.91	0.0894	214.97	0.0262	146.6	188.75	136.27	179.35	9.706	9.71	9.86	9.89	0.1153	9.78	0.0469	23.9705	10.6966	41.58	64.1067	8.6626	126.384	0.2411	2.5618	0.8087	0.7957	0.6102	404.86	0.00285	0.0294	0.05304	-0.24867	0.33914	163.56	0.00955	0.0229	-0.05041	-0.04711	0.02013	9.71	0.0026	0.0714	0.05908	-0.04047	-0.39521	16	0.19849	0.05773	0.03572	0.10569	-0.04521	-0.10689	-0.00221	-0.02154	-0.02119	-0.01761	0.04267	-0.14255	0.1733	0.08267	0.00873	-0.00454	-0.06312	-0.04408	-0.06082	0.0364	0.04817	0.10965	-0.02958	0.01807	-0.00569	-0.07475	-0.02417	-0.03675	0.0489	-0.07772	-0.03682	-0.03045	1035.34	765826632	776424670	1000	/scratch.global/lanej/1000G/ngs_dose/1000G_highcov/crams/HG00738.cram	9ab0a0e8,a23ef9ed,7f3b4c3c	184ab16e		14	0.998105	0.999129	0.999625	0.999936	2.051	0.972	0.741	689.1	44.39	scan	M	PUR	AMR	M	0.999715	0.999964	0.998042	NA	0.05	1.1734	1.0256	421.1366	425.0099	489.6813	162.0879	9.6916	2.0002	677.5129	35.6269	386.0518	389.5312	446.0999	166.3537	9.6703	2.001	715.2069	38.0766	648.3021	0.9978	0.744	34.275	M	698	
HG00739	scan	0.1.0+fae1124	37.321	150	435	450	0.0603	0.9849	1.1689	0.0634	0.0412		1.9976	18.1216	835.7129	0.9915	0.9341	present	477.517	477.52	457.46	457.88	0.2033	480.35	0.0399	451.13	491.77	492.05	530.22	354.92	389.61	447.38	504.06	348.69	386.57	380.73	432.42	335.98	360.6	473.33	487.52	334.308	NA	334.31	324.82	0.094	387.5	0.0201	317.23	364.3	294.66	344.58	9.726	9.73	9.75	9.75	0.1124	9.68	0.0357	14.5	7.8591	44.7111	65.0185	9.4619	140.4898	0.2309	3.2506	0.8405	0.8257	0.4455	480.4	0.00438	0.0451	-0.22581	0.27389	0.2517	327.66	0.01243	0.0297	0.07746	0.00644	0.00246	9.51	0.00254	0.0697	1.10454	0.24202	-0.10621	16	-0.14488	0.06812	0.1446	-0.02795	-0.0106	0.04707	0.04037	-0.02922	0.10871	0.06191	0.01478	-0.01037	0.04273	-0.00537	-0.02342	0.10822	0.07342	0.00205	-0.0561	0.06136	0.00862	0.07278	-0.0255	0.02975	-0.03178	0.02626	0.09279	-0.01901	0.03434	-0.03158	-0.02091	-0.09056	197.75	739344270	750588938	1000	/scratch.global/lanej/1000G/ngs_dose/1000G_highcov/crams/HG00739.cram	9ab0a0e8,a23ef9ed,7f3b4c3c	184ab16e		14	0.996805	0.999067	0.999605	0.999889	2.045	0.982	0.692	810.704	19.802	scan	M	PUR	AMR	M	0.999778	0.999943	0.996915	NA	-0.15	1.1037	1.0243	494.0356	490.593	546.4256	315.3682	9.6268	1.9965	811.4157	21.4591	483.7826	477.3914	552.6564	336.831	9.6319	1.9967	850.4895	20.3607	749.1623	1.0048	0.6842	33.7948	M	2504	
HG00740	scan	0.1.0+fae1124	36.546	150	425	400	0.0951	0.9666	1.2232	0.052	0.0413		1.9957	73.676	686.1159	1.9421	0.0025	present	446.088	446.09	433.44	432.55	0.151	481.38	0.0534	430.53	548.48	461.09	520.33	352.78	436.18	451.59	581.51	356.68	455.81	377.34	464.25	333.96	419.39	446.66	475.78	151.939	NA	151.94	151.25	0.0724	189.25	0.0241	142.38	175.5	126.94	159.25	8.657	8.66	8.78	8.78	0.1134	8.72	0.0547	18.0465	1.2599	51.2447	70.2232	10.7254	144.2764	0.2362	1.756	0.6318	0.7912	0.6284	453.7	0.00247	0.0255	-0.07903	-0.36881	-0.04854	150.67	0.01267	0.0303	-0.05446	-0.00893	0.01835	8.61	0.00279	0.0765	-0.20195	-0.46056	-0.36063	16	-0.12581	-0.05605	-0.12937	0.00906	-0.01363	0.09797	-0.00044	0.03129	-0.07174	0.00733	-0.01068	-0.03207	-0.01974	0.08956	0.02846	-0.05332	-0.01064	-0.07665	-0.03027	-0.00785	-0.13782	0.05143	0.0382	-0.05537	0.00793	0.08363	0.0255	-0.04044	0.0284	-0.0213	0.05862	0.01748	251.8	741323776	753481382	1000	/scratch.global/lanej/1000G/ngs_dose/1000G_highcov/crams/HG00740.cram	9ab0a0e8,a23ef9ed,7f3b4c3c	184ab16e		14	0.997963	0.998874	0.999594	0.999807	2.048	1.894	0.149	658.719	86.776	scan	F	PUR	AMR	F	0.999659	0.999901	0.997921	NA	-1.05	1.1469	1.0163	451.6017	445.2654	519.1802	151.3587	8.6031	1.9932	686.0829	49.6496	426.6555	423.267	486.219	156.6061	8.5485	1.9969	654.2134	52.0957	623.2206	1.9374	0.1238	31.9926	F	2504	DJ -1.05 copies
HG00741	scan	0.1.0+fae1124	38.197	150	444	450	0.0992	0.9724	1.2135	0.0635	0.0454		2.0001	60.541	753.9107	1.9279	0.0014	present	476.556	476.56	464.2	469.35	0.1471	511.11	0.0548	477.61	598.98	486.77	545.63	406.59	504.63	497.52	635.18	385.42	484.25	405.1	494.55	363.59	452.6	474.24	501.59	253.269	NA	253.27	251.22	0.0718	312.21	0.0254	231.18	284.31	219.12	273.6	9.755	9.76	9.88	9.87	0.1141	9.81	0.0566	14.781	1.0107	52.8514	67.5505	10.1468	148.8666	0.2415	2.6301	0.8181	0.8738	0.876	483.28	0.00328	0.0338	-0.01571	-0.44579	-0.13835	251.22	0.00342	0.0082	-0.0212	0.01086	0.00698	9.68	0.00288	0.079	1.16165	-0.17429	-0.4112	16	0.06482	0.05555	0.06245	-0.01703	0.03572	0.04248	-0.15903	0.12133	0.08931	0.07407	-0.01832	-0.05115	0.0438	0.0289	-0.04545	0.04428	0.01463	-0.01034	0.06665	0.11453	0.00681	0.0581	0.06437	-0.01807	0.00158	-0.03687	0.01601	-0.04205	0.00677	-0.02546	-0.05547	0.08986	469.59	772975246	784974721	1000	/scratch.global/lanej/1000G/ngs_dose/1000G_highcov/crams/HG00741.cram	9ab0a0e8,a23ef9ed,7f3b4c3c	184ab16e		14	0.997913	0.999255	0.999638	0.999843	2.056	1.884	0.143	726.747	70.407	scan	F	PUR	AMR	F	0.999809	0.999874	0.997745	NA	0.02	1.129	1.0072	454.5677	448.7981	511.1385	248.0123	9.7146	2.0022	734.1314	49.7652	438.8292	435.6722	500.6922	244.9199	9.7396	1.9994	706.038	50.5599	684.0939	1.927	0.1192	33.3979	F	698	
HG00742	scan	0.1.0+fae1124	40.092	150	440	450	0.0762	0.9888	1.1272	0.0664	0.0439		2.002	49.8607	614.6171	0.999	0.9752	present	382.346	382.35	363.63	363.2	0.2219	371.95	0.0408	345.25	329.9	374.78	399.66	258.06	252.79	316.75	315.83	255.3	251.31	284.73	303.9	229.68	215.08	381.58	391.42	133.559	NA	133.56	130.01	0.1061	146.44	0.0252	112.16	121.52	119.04	130.7	9.554	9.55	9.62	9.65	0.1133	9.59	0.0444	15.1289	10.9155	47.8694	61.4359	12.0021	134.0985	0.2409	2.737	0.5585	0.8726	0.2947	383.19	0.00402	0.0415	0.08362	0.66742	0.40501	131.2	0.0232	0.0555	0.11323	-0.0102	0.01136	9.47	0.00245	0.0673	0.74446	-0.63399	-0.38106	16	0.07077	-0.02229	-0.01746	-0.11328	0.134	0.11162	-0.11043	0.04193	-0.06105	-0.01071	-0.03735	0.02367	0.03531	-0.03412	0.00712	0.05101	-0.0496	-0.06882	-0.01706	-0.00934	0.0116	0.0215	-0.00444	0.0141	0.00613	-0.00881	0.02373	-0.01699	0.04751	0.09684	-0.01923	0.01838	601.36	795999320	807461955	1000	/scratch.global/lanej/1000G/ngs_dose/1000G_highcov/crams/HG00742.cram	9ab0a0e8,a23ef9ed,7f3b4c3c	184ab16e		14	0.997342	0.998525	0.999557	0.999909	2.045	0.986	0.756	597.093	54.291	scan	M	PUR	AMR	M	0.999731	0.999955	0.997697	NA	-0.19	1.043	0.9781	361.232	359.7462	380.0534	133.8119	9.4906	2.0038	644.2312	67.0532	375.8034	370.8122	430.1094	161.9049	9.4628	2.0008	653.4063	81.0203	562.1132	1.008	0.7486	35.8531	M	2504	
HG00743	scan	0.1.0+fae1124	33.436	150	431	450	0.0927	0.9599	1.2889	0.0742	0.0442		1.9945	33.3514	768.5287	1.928	0.003	present	315.968	315.97	303.29	304.64	0.1793	344.75	0.0501	300.14	403.55	324.98	376.98	255.68	338.96	311.45	422.06	246.02	329.43	260.91	335.66	221.85	297.4	312.66	337.66	180.484	NA	180.48	179.35	0.0845	234.12	0.032	165.77	215.34	150.84	197.99	9.567	9.57	9.72	9.78	0.1281	9.64	0.0534	15.9358	1.2276	55.7944	53.7608	9.9917	133.1416	0.2365	3.212	0.5884	0.8204	0.5944	318.56	0.0022	0.0227	-0.20222	-0.15249	0.04155	179.1	0.00695	0.0166	-0.01767	-0.02103	0.00734	9.6	0.00288	0.0789	-0.90164	-0.02305	-0.08584	16	-0.10771	0.11083	0.10152	0.06599	-0.03949	0.00058	-0.11764	0.00033	0.07021	0.02258	0.0788	0.02806	-0.06774	-0.04526	-4e-05	-0.05122	-0.08684	-0.02185	-0.10182	-0.05415	-0.09897	-0.08082	-0.03118	-0.028	-0.00397	-0.03096	-0.02858	0.10988	0.01775	-0.03299	0.03033	-0.05154	225.41	672974194	682034738	1000	/scratch.global/lanej/1000G/ngs_dose/1000G_highcov/crams/HG00743.cram	9ab0a0e8,a23ef9ed,7f3b4c3c	184ab16e		14	0.997665	0.998977	0.99959	0.999898	2.024	1.868	0.128	758.437	39.945	scan	F	PUR	AMR	F	0.999642	0.999928	0.997805	NA	-0.06	1.1834	1.0202	308.6433	307.4338	361.3651	181.4344	9.6902	1.9968	773.2084	32.3631	291.6314	291.6153	330.9131	168.1713	9.7582	1.9973	736.3551	42.7045	717.3881	1.918	0.1078	29.3006	F	2504	
HG00759	scan	0.1.0+fae1124	36.075	150	435	450	0.1045	0.9791	1.1432	0.0625	0.0412		2.0161	251.2584	887.7787	1.9322	0.0025	present	509.553	509.55	484.49	482.67	0.1865	507.62	0.0551	450.49	468.15	503.33	546.24	373.19	395.13	471.87	507.0	362.62	385.97	399.97	444.78	330.82	339.48	505.73	524.97	110.093	NA	110.09	109.25	0.0973	125.2	0.027	103.96	116.42	91.58	104.93	9.778	9.78	9.85	9.82	0.1179	9.81	0.0623	21.6545	1.6484	47.3556	45.7968	10.4533	147.8015	0.2478	2.8422	0.7359	0.7777	0.1587	510.34	0.00323	0.0333	-0.20864	0.08673	0.27387	109.36	0.01203	0.0288	0.0379	-0.04124	0.01482	9.67	0.0028	0.0768	-0.28127	0.25743	0.00973	16	-0.18619	0.00405	-0.00344	-0.0487	-0.12417	-0.08352	0.05724	-0.08142	0.04007	0.09189	-0.0709	0.0236	-0.00683	-0.09279	-0.01187	-0.07549	0.00168	0.00545	0.07188	0.01811	0.00084	0.0614	-0.10179	0.00612	0.0398	0.05623	-0.05797	0.13569	0.03019	0.0855	-0.05783	0.03213	215.02	735011040	744297118	1000	/scratch.global/lanej/1000G/ngs_dose/1000G_highcov/crams/HG00759.cram	9ab0a0e8,a23ef9ed,7f3b4c3c	184ab16e		14	0.997484	0.997581	0.999549	0.999882	2.037	1.887	0.127	869.919	298.649	scan	F	CDX	EAS	F	0.99968	0.999882	0.998057	NA	0.01	1.0703	0.9863	507.0613	507.671	534.2245	112.2322	9.7565	2.0169	851.9001	267.5795	495.2989	488.6626	559.1229	115.4189	9.7023	2.0145	862.6567	231.246	809.9734	1.9296	0.1068	31.2821	F	2504	
HG00766	scan	0.1.0+fae1124	36.876	150	441	450	0.0842	0.9709	1.1923	0.0836	0.0503		1.9969	120.0607	752.3924	1.9241	0.0023	present	403.071	403.07	382.64	384.38	0.1957	413.08	0.0468	375.67	425.53	402.88	450.92	303.88	346.71	371.65	432.7	298.6	343.42	317.89	373.07	273.78	307.03	396.75	418.71	127.847	NA	127.85	126.59	0.0898	153.01	0.0231	114.25	135.54	113.23	136.68	9.921	9.92	10.03	10.06	0.1137	9.98	0.0482	18.6301	1.4581	42.7487	49.8386	10.5236	153.7744	0.2406	3.3171	0.5252	0.7677	0.2646	402.21	0.00368	0.0379	-0.71299	-0.02188	0.24712	126.51	0.00799	0.0191	0.0412	9e-05	0.01323	9.88	0.00266	0.073	0.21489	0.26348	-0.01314	16	0.27174	-0.05731	-0.10271	-0.03055	-0.14326	0.00351	0.21342	-0.05274	0.05943	-0.01844	0.02289	-0.01762	-0.00413	0.00187	-0.03593	0.02247	-0.00896	-0.02376	0.01053	-0.03357	-0.12076	-0.02918	-0.03937	0.00579	-0.05679	-0.05163	-0.02399	0.05726	0.05222	-0.06624	-0.01051	-0.00057	337.71	747102928	756896297	1000	/scratch.global/lanej/1000G/ngs_dose/1000G_highcov/crams/HG00766.cram	9ab0a0e8,a23ef9ed,7f3b4c3c	184ab16e		14	0.997602	0.998331	0.999544	0.999976	2.033	1.88	0.125	732.981	145.239	scan	F	CDX	EAS	F	0.999749	0.999977	0.997782	NA	0.22	1.1211	1.0017	431.0172	430.3973	485.1464	121.7076	9.777	1.998	787.2077	114.9601	414.5677	415.1992	473.3951	138.9981	9.7369	1.998	772.0858	114.5771	687.0096	1.9226	0.104	32.696	F	2504	
HG00844	scan	0.1.0+fae1124	35.188	150	420	400	0.0792	0.9702	1.2163	0.0741	0.0399		1.9944	150.6555	722.4747	0.981	0.9792	present	521.03	521.03	499.04	499.76	0.2044	540.66	0.049	488.72	564.74	536.26	598.54	363.53	398.86	490.89	585.66	386.22	451.31	415.52	488.72	346.16	387.55	519.24	549.56	238.648	NA	238.65	230.96	0.0928	288.31	0.0251	205.23	244.01	212.4	258.46	9.617	9.62	9.7	9.75	0.1198	9.65	0.0465	14.0691	19.2398	54.0954	72.4799	8.9086	137.4113	0.2186	2.7409	0.4912	0.7601	0.5329	528.87	0.00381	0.0393	-1.04825	-0.02792	0.31382	235.2	0.01129	0.027	0.06998	0.00282	0.00474	9.55	0.00274	0.0751	-0.22745	0.30337	0.11645	16	-0.10698	-0.0709	-0.07559	-0.10722	0.1509	0.08376	-0.06393	-0.11408	0.05916	0.08012	0.07534	-0.03721	0.03875	0.01167	-0.01723	0.06262	-0.07049	0.1059	-0.0172	0.04766	0.06004	-0.00134	0.02817	-0.05921	0.05179	-0.05785	0.00475	0.07506	-0.02528	-0.04716	-0.15049	0.01905	452.98	703917938	714465330	1000	/scratch.global/lanej/1000G/ngs_dose/1000G_highcov/crams/HG00844.cram	9ab0a0e8,a23ef9ed,7f3b4c3c	184ab16e		14	0.997184	0.99841	0.999552	0.999842	2.073	0.982	0.953	713.169	168.547	scan	M	CDX	EAS	M	0.999735	0.999891	0.9974	NA	-0.11	1.1317	1.014	532.4137	524.0986	603.9244	236.0435	9.5019	1.9962	660.5162	180.7048	528.0989	517.3291	612.5461	231.4406	9.4546	1.996	712.7805	124.7291	668.4821	1.0022	0.937	31.2923	M	2504	
HG00851	scan	0.1.0+fae1124	41.015	150	427	450	0.0771	0.9735	1.2447	0.0657	0.0341		1.9851	16.0189	906.5265	1.9501	0.0029	present	665.71	665.71	642.78	640.09	0.1944	703.86	0.0565	639.01	789.52	697.63	783.69	546.42	668.42	664.29	844.52	523.97	651.29	554.17	683.48	504.31	616.02	659.96	693.64	179.227	NA	179.23	178.42	0.0775	225.37	0.025	171.54	215.34	161.29	205.65	9.76	9.76	9.81	9.83	0.1143	9.72	0.0465	20.5272	1.2666	47.3018	51.6804	9.8399	152.2712	0.2441	2.5703	0.6318	0.806	0.8108	677.09	0.0026	0.0268	0.1393	0.33826	-0.25276	176.38	0.00763	0.0183	0.03106	0.03534	0.02665	9.69	0.00272	0.0747	0.22802	0.69431	-0.29947	16	-0.31617	-0.05179	-0.04931	-0.20539	-0.03915	-0.16081	0.09547	-0.02317	0.01728	-0.01796	0.01158	-0.0588	0.02573	0.02658	-0.04974	-0.05007	0.03586	0.12583	-0.04417	0.01217	0.07425	-0.05945	-0.13106	0.04401	0.01838	0.0185	0.02108	0.00167	-0.05507	0.01272	0.10708	-0.04531	413.61	829019120	840407775	1000	/scratch.global/lanej/1000G/ngs_dose/1000G_highcov/crams/HG00851.cram	9ab0a0e8,a23ef9ed,7f3b4c3c	184ab16e		14	0.997162	0.9987	0.999559	0.999812	2.021	1.897	0.125	888.412	19.807	scan	F	CDX	EAS	F	0.999715	0.999838	0.997336	NA	0.03	1.1574	1.0303	676.8079	668.7461	773.0276	176.7222	9.7769	1.9873	758.8425	24.0106	668.4406	664.4279	761.5387	174.6922	9.6848	1.989	773.0096	16.3384	818.5047	1.9438	0.1062	36.5482	F	2504	
HG00864	scan	0.1.0+fae1124	37.903	150	433	450	0.1082	0.9713	1.2162	0.0682	0.0365		2.0033	31.6659	714.5131	1.7427	0.0028	present	531.08	531.08	508.58	504.43	0.1932	553.3	0.0585	497.73	597.46	547.21	608.99	389.36	468.94	498.29	607.13	387.94	469.73	427.6	512.43	363.5	434.01	527.42	554.92	129.687	NA	129.69	125.8	0.0786	157.49	0.0419	116.59	140.25	104.5	128.22	9.639	9.64	9.77	9.75	0.1075	9.71	0.066	14.0227	1.4618	38.5006	54.7158	7.2544	146.224	0.2488	3.3048	0.6988	0.6941	0.2904	539.13	0.00262	0.027	-0.67979	0.17348	-0.01904	129.32	0.01348	0.0323	-0.06583	-0.01419	-0.04251	9.58	0.00261	0.0717	-0.15676	-0.19432	0.34632	16	-0.11813	-0.02053	-0.02401	-0.08063	-0.03247	0.03193	-0.02328	0.04258	-0.03713	-0.04544	0.02385	0.06403	0.0122	-0.1114	0.0333	-0.01251	0.06501	0.02261	-0.07202	0.00434	-0.00437	-0.15504	0.00913	0.02911	0.09024	0.00177	-0.08389	-0.01893	0.07255	-0.02337	-0.02036	-0.03367	245.53	758202006	768553244	1000	/scratch.global/lanej/1000G/ngs_dose/1000G_highcov/crams/HG00864.cram	9ab0a0e8,a23ef9ed,7f3b4c3c	184ab16e		14	0.997638	0.998914	0.999565	0.999911	2.009	1.691	0.123	701.947	37.273	scan	F	CDX	EAS	F	0.99978	0.999931	0.997925	NA	-0.08	1.1296	1.015	522.8994	516.0045	591.7183	131.7077	9.6744	2.0043	783.1949	50.1304	551.3794	545.0184	632.3634	130.6408	9.5614	2.0026	712.2285	57.0743	664.3378	1.7372	0.1042	32.6377	F	2504	chrX 1.74 (mosaic X loss?)
HG00867	scan	0.1.0+fae1124	37.426	150	436	450	0.0911	0.9895	1.1142	0.0589	0.047		1.9998	44.8109	879.0285	1.9348	0.0028	present	441.534	441.53	416.48	409.21	0.2159	423.31	0.0476	395.87	372.56	428.27	452.78	292.01	280.63	353.52	344.31	300.65	289.76	324.34	339.85	276.24	255.68	436.9	446.86	107.197	NA	107.2	104.17	0.1072	115.11	0.0182	95.85	102.44	96.1	102.89	9.615	9.62	9.8	9.85	0.129	9.78	0.0537	17.5728	1.1305	48.1046	49.8528	10.2594	160.827	0.219	3.3601	0.3489	0.738	0.4165	438.21	0.00605	0.0624	-0.30367	0.49625	0.55828	105.7	0.02458	0.0588	0.11953	-0.00781	0.00194	9.67	0.00263	0.0722	-1.48569	-0.49377	0.3965	16	0.08087	0.01228	0.04833	0.04391	0.04625	-0.01655	-0.08729	-0.00645	-0.05672	-0.02638	-0.10269	-0.00146	-0.01903	0.06767	-0.03226	0.01736	-0.03463	-0.02131	0.01587	0.0286	-0.01065	0.04974	0.10239	-0.02401	-0.0221	0.00879	0.03519	-0.02651	-0.02154	-0.01803	0.04177	-0.13759	203.99	759745922	770565923	1000	/scratch.global/lanej/1000G/ngs_dose/1000G_highcov/crams/HG00867.cram	9ab0a0e8,a23ef9ed,7f3b4c3c	184ab16e		14	0.997516	0.998762	0.999366	0.999627	2.049	1.885	0.138	861.468	50.331	scan	F	CDX	EAS	F	0.999572	0.999804	0.997816	NA	0.01	1.0332	0.9773	424.6965	426.5362	442.7181	106.2018	9.6428	2.0002	854.8005	35.9364	495.083	491.9427	566.7998	105.9553	9.6808	1.9998	809.5252	34.5532	797.4682	1.9194	0.113	33.0725	F	2504	
HG00879	scan	0.1.0+fae1124	34.086	150	430	450	0.0905	0.9637	1.2622	0.0666	0.0525		1.9883	34.0857	880.2768	1.9021	0.003	present	423.035	423.04	410.6	416.29	0.1658	466.24	0.0517	407.52	547.71	442.98	513.25	346.01	454.58	434.8	588.87	335.16	446.43	355.86	457.06	296.37	398.96	422.34	455.77	139.978	NA	139.98	139.54	0.0765	182.19	0.0275	134.13	176.2	125.23	165.03	9.763	9.76	9.86	9.82	0.1192	9.77	0.053	15.7059	1.2286	39.0428	42.5994	9.2256	133.7822	0.2397	2.868	0.4801	0.7879	0.6651	430.52	0.00302	0.0311	-0.51	-0.48173	0.02099	138.83	0.01207	0.0289	0.02006	0.03345	0.02285	9.68	0.00283	0.0776	0.50526	0.91413	0.29484	16	0.24993	0.15355	0.18545	-0.02551	0.03397	-0.03401	0.00101	-0.00778	0.02018	-0.01407	0.0317	-0.01283	0.00413	0.03177	-0.16511	-0.10318	0.06683	0.1736	0.00259	0.08883	0.05065	0.00517	-0.01976	0.03898	0.05662	-0.00051	0.01996	-0.04723	-0.05944	0.06931	0.00884	-0.06468	279.06	679002214	687766908	1000	/scratch.global/lanej/1000G/ngs_dose/1000G_highcov/crams/HG00879.cram	9ab0a0e8,a23ef9ed,7f3b4c3c	184ab16e		14	0.997254	0.99914	0.999543	0.999914	1.994	1.833	0.117	871.571	41.033	scan	F	CDX	EAS	F	0.999641	0.999914	0.997644	NA	0.02	1.1922	1.0289	414.7212	408.7339	484.4372	139.7991	9.777	1.9946	739.9459	37.7522	410.2352	406.7453	467.4291	156.7088	9.7839	1.9981	647.9792	43.3802	814.3199	1.897	0.1	29.6267	F	2504	
HG00881	scan	0.1.0+fae1124	39.754	150	424	400	0.108	0.965	1.2579	0.0524	0.0471		1.9916	52.6346	852.3663	0.9828	0.9593	present	332.343	332.34	319.69	326.17	0.1602	357.13	0.0517	318.06	406.28	341.86	389.85	249.37	309.89	335.82	431.5	257.59	329.14	277.87	344.11	240.58	303.09	329.87	353.55	177.98	NA	177.98	178.13	0.0781	222.61	0.0312	173.17	215.53	155.5	195.3	9.541	9.54	9.65	9.68	0.1205	9.58	0.0605	18.3558	11.2561	41.1937	66.665	8.2725	138.3084	0.2372	3.2322	0.5754	0.6475	0.2263	334.85	0.00298	0.0307	0.06786	-0.35811	-0.00496	176.05	0.00468	0.0112	-0.01012	0.02076	-0.03436	9.52	0.00259	0.071	-1.01073	-0.21927	0.03637	16	-0.16927	0.12904	0.23999	0.10263	0.05227	-0.04215	-0.04736	-0.18919	0.00752	-0.00938	-0.05872	0.07086	-0.00259	0.07221	0.041	-0.04284	0.01868	0.05287	-0.07337	-0.11139	-0.01243	0.01739	-0.04507	0.06053	-0.03945	-0.08246	0.07102	-0.04951	0.09505	0.03144	0.02581	0.17194	438.53	786581760	797869103	1000	/scratch.global/lanej/1000G/ngs_dose/1000G_highcov/crams/HG00881.cram	9ab0a0e8,a23ef9ed,7f3b4c3c	184ab16e		14	0.997463	0.998162	0.9996	0.999879	2.019	0.979	0.766	851.91	63.848	scan	M	CDX	EAS	M	0.999729	0.999893	0.997694	NA	-0.14	1.1643	1.0209	338.1863	336.0396	389.8457	182.2614	9.635	1.9929	787.723	46.6868	345.2386	341.2918	394.6804	175.1411	9.545	1.993	822.1651	30.5726	792.5145	1.0036	0.776	34.0976	M	2504	
HG00956	scan	0.1.0+fae1124	37.198	150	423	400	0.0873	0.9703	1.2514	0.0517	0.0451		2.0064	44.9315	834.4972	1.9474	0.0025	present	440.077	440.08	421.62	423.61	0.1855	469.41	0.0519	423.4	545.82	464.01	528.12	332.24	408.49	444.26	581.37	346.15	444.88	366.47	457.92	319.58	405.42	433.67	461.49	115.068	NA	115.07	115.49	0.0784	146.41	0.0242	111.44	141.3	97.57	124.84	9.564	9.56	9.71	9.79	0.1511	9.62	0.0534	15.485	1.7884	48.4779	50.1202	9.4061	158.3014	0.2708	3.0569	0.713	0.7385	0.822	447.91	0.00287	0.0296	-0.5284	0.07385	-0.03816	114.49	0.00389	0.0093	0.00274	0.00738	-0.01577	9.62	0.00279	0.0765	-2.34545	-0.64408	0.54496	16	0.07135	-0.05312	-0.11992	-0.25951	-0.00123	-0.09063	0.02709	-0.05817	-0.01605	-0.03465	-0.05393	-0.09854	0.00999	0.06886	0.0127	-0.10033	0.0325	0.10733	-0.02453	0.0261	-0.02342	-0.04616	0.0682	0.09288	0.02724	0.09858	0.03722	0.03945	-0.02965	0.01158	0.00322	0.0135	360.14	750342218	760384377	1000	/scratch.global/lanej/1000G/ngs_dose/1000G_highcov/crams/HG00956.cram	9ab0a0e8,a23ef9ed,7f3b4c3c	184ab16e		14	0.997717	0.998768	0.999692	0.999926	2.059	1.888	0.129	812.259	53.482	scan	F	CDX	EAS	F	0.999689	0.999922	0.998013	NA	-0.04	1.1791	1.0359	438.0653	432.6228	506.3275	119.7448	9.6146	2.0133	744.7384	54.3405	453.0736	446.7953	522.7165	113.25	9.5736	2.0144	816.5731	47.2448	760.8861	1.9352	0.1086	32.7731	F	2504	
HG00978	scan	0.1.0+fae1124	41.423	150	420	400	0.0856	0.9677	1.2721	0.0515	0.0441		1.9831	17.9671	1077.2423	1.946	0.0024	present	530.074	530.07	507.56	511.39	0.1957	567.73	0.0566	508.05	667.93	560.45	638.87	408.4	515.11	525.42	699.81	421.94	554.73	448.59	567.89	387.81	501.34	520.86	554.19	219.285	NA	219.29	218.19	0.0605	281.96	0.0283	206.88	263.77	195.91	253.71	9.821	9.82	9.85	9.84	0.108	9.74	0.0495	16.1393	2.0235	46.7769	52.3221	8.4623	149.9699	0.2585	3.4227	0.4917	0.7864	0.5048	541.12	0.00309	0.0318	-1.06824	0.05398	-0.29084	217.45	0.00721	0.0173	-0.01938	0.04878	0.00856	9.67	0.00254	0.0698	-0.09371	-0.38842	0.14769	16	-0.07575	0.01283	0.02909	-0.26499	0.05358	-0.32985	0.05403	-0.14191	-0.05063	-0.12899	-0.06094	-0.0907	-0.02365	-0.05908	-0.11062	-0.07904	-0.0433	-0.04452	-0.02853	0.03765	-0.01797	0.01773	0.0623	0.01268	0.06843	-0.054	0.08138	-0.04218	-0.04703	-0.02014	0.02667	-0.03647	335.33	833075794	844703443	1000	/scratch.global/lanej/1000G/ngs_dose/1000G_highcov/crams/HG00978.cram	9ab0a0e8,a23ef9ed,7f3b4c3c	184ab16e		14	0.997519	0.998669	0.99957	0.999702	2.051	1.884	0.127	1052.202	21.499	scan	F	CDX	EAS	F	0.999602	0.999763	0.997658	NA	0.01	1.1806	1.0357	528.3336	518.5952	614.3761	227.1984	9.734	1.9913	844.406	49.277	527.6644	522.3601	602.5303	226.338	9.6038	1.9934	898.5912	37.4918	958.0649	1.9384	0.1064	36.4332	F	2504	
HG00982	scan	0.1.0+fae1124	44.978	150	421	400	0.2302	1.0056	1.0293	0.0779	0.0544		1.9919	29.8091	825.8851	0.997	0.9834	present	504.015	504.02	476.01	477.5	0.1988	466.28	0.1025	458.0	404.76	503.11	503.96	349.16	305.83	505.43	459.02	380.26	338.83	391.82	378.48	329.89	289.92	493.39	492.48	150.537	NA	150.54	148.91	0.0896	148.5	0.0472	139.0	137.0	136.26	134.2	9.818	9.82	9.9	9.92	0.1157	9.9	0.1421	18.0641	16.7203	50.2814	70.2681	11.367	151.5704	0.2673	2.5795	0.5802	0.847	0.4114	496.08	0.00382	0.0394	-0.11406	0.06132	0.01962	148.9	0.01077	0.0258	0.05313	0.01676	-0.01346	9.72	0.00268	0.0734	0.16288	0.20399	-0.24913	16	0.3338	-0.05046	0.0583	-0.12426	0.09353	0.12671	-0.01413	-0.14876	-0.03833	-0.06237	-0.00148	-0.00612	0.01477	-0.08404	0.08215	-0.05669	-0.00205	-0.03215	0.09617	-0.01094	0.01047	-0.09128	-0.06259	0.05204	-0.01191	0.0121	0.08286	0.08651	-0.03828	0.03852	0.08424	-0.05749	510.59	900729834	914218517	1000	/scratch.global/lanej/1000G/ngs_dose/1000G_highcov/crams/HG00982.cram	9ab0a0e8,a23ef9ed,7f3b4c3c	184ab16e		14	0.997222	0.998778	0.999475	0.99972	2.062	0.993	0.903	812.806	30.441	scan	M	CDX	EAS	M	0.999768	0.999748	0.99725	NA	0.06	1.0159	1.0142	496.0546	504.7207	499.394	158.2722	9.7576	1.9963	897.3566	48.9677	478.3153	485.2244	536.6179	156.8957	9.6833	1.9945	1015.3323	38.8392	755.6553	1.0076	0.955	33.8396	M	2504	
HG01028	scan	0.1.0+fae1124	56.069	150	431	450	0.0882	0.9699	1.2406	0.0654	0.0263		2.0076	88.4996	936.421	1.0049	0.9922	present	563.425	563.42	543.79	548.56	0.1533	601.81	0.0617	550.71	709.24	582.83	655.56	459.53	586.17	561.28	741.26	442.53	573.04	475.19	594.92	425.94	542.62	557.03	587.69	138.835	NA	138.83	138.73	0.0801	176.11	0.0247	134.05	168.97	120.64	155.62	9.773	9.77	9.8	9.86	0.1078	9.71	0.05	17.6742	19.731	42.854	88.228	10.7607	167.525	0.2567	3.1824	0.5748	0.738	1.0873	569.02	0.00293	0.0302	-0.15975	-0.29519	-0.18384	136.9	0.00965	0.0231	0.00723	0.01846	-0.00344	9.66	0.00226	0.0621	-0.47764	0.20615	-0.0007	16	-0.58261	-0.1754	-0.12587	-0.19386	0.1433	-0.0085	-0.11003	-0.18326	0.03236	0.01314	-0.02	-0.01823	0.05376	-0.003	0.13527	0.00213	0.00553	0.07579	0.05717	0.00383	0.03268	0.06108	-0.00296	-0.01966	-0.00624	-0.01294	0.02704	-0.0463	-0.00113	0.00826	0.00176	-0.0478	652.79	1123867992	1144703635	1000	/scratch.global/lanej/1000G/ngs_dose/1000G_highcov/crams/HG01028.cram	9ab0a0e8,a23ef9ed,7f3b4c3c	184ab16e		14	0.99729	0.999267	0.999462	0.999756	2.01	1.0	0.995	916.269	105.241	scan	M	CDX	EAS	M	0.999558	0.999777	0.99734	NA	0.0	1.1521	1.0243	570.5221	567.2319	655.1291	145.3689	9.7027	2.0081	864.2833	132.1147	542.6824	542.9874	622.5714	135.6576	9.6772	2.0072	872.2802	90.6255	818.3408	1.0186	0.9624	49.4189	M	2504	
HG01029	scan	0.1.0+fae1124	48.473	150	434	450	0.1046	0.9714	1.2465	0.0579	0.0371		1.9962	16.381	1040.3048	1.943	0.0022	present	354.622	354.62	341.08	346.71	0.1869	371.77	0.0556	326.43	392.58	365.91	411.43	273.03	326.51	332.77	409.46	260.65	315.37	280.68	341.72	232.42	277.31	355.41	373.86	152.423	NA	152.42	150.81	0.0818	189.45	0.0293	136.69	169.83	134.78	169.19	9.795	9.79	9.81	9.77	0.1193	9.73	0.0607	18.4059	1.5151	62.7173	54.8169	15.6323	132.9656	0.2855	2.5217	0.5397	0.9234	0.1096	358.18	0.0027	0.0279	-0.0766	0.01539	0.22215	150.81	0.00737	0.0176	0.03664	0.02271	-0.0023	9.66	0.00244	0.0669	-0.07056	0.74167	0.11612	16	-0.15264	-0.12697	-0.21971	-0.14944	-0.05625	-0.01035	-0.03496	0.05803	-0.05858	-0.0431	0.01057	-0.02248	0.00037	0.10024	-0.03771	0.03677	0.08787	0.01405	0.01582	-0.06205	-0.02944	0.01075	-0.01326	-0.00418	0.05468	-0.03162	0.02912	-0.02626	-0.028	-0.07893	0.02962	0.07143	361.37	976704460	990512275	1000	/scratch.global/lanej/1000G/ngs_dose/1000G_highcov/crams/HG01029.cram	9ab0a0e8,a23ef9ed,7f3b4c3c	184ab16e		14	0.997469	0.997131	0.999564	0.99984	2.064	1.887	0.157	1017.637	17.503	scan	F	CDX	EAS	F	0.999831	0.999849	0.997652	NA	0.0	1.1487	1.0216	354.5415	350.6946	413.4522	148.1432	9.595	1.9977	993.2983	16.1053	375.0096	371.3168	434.11	155.8478	9.5393	1.9969	1070.8368	18.5926	912.4904	1.944	0.1346	41.7816	F	2504	
HG01031	scan	0.1.0+fae1124	37.86	150	408	400	0.0829	0.9674	1.1957	0.0792	0.0429		1.9991	31.5058	646.3491	0.985	0.9818	present	524.681	524.68	504.02	512.86	0.1765	550.49	0.0524	507.49	606.65	544.59	608.76	393.54	461.8	566.8	683.0	417.23	498.67	447.46	528.97	376.03	446.76	516.44	547.85	142.783	NA	142.78	141.66	0.0768	170.63	0.0207	129.25	154.04	124.39	149.11	9.596	9.6	9.77	9.81	0.1294	9.73	0.0479	13.3304	15.92	48.9162	76.7474	10.0374	147.1734	0.2387	3.1531	0.5684	0.8388	0.4403	532.06	0.00338	0.0349	-0.61252	-0.18766	-0.17749	141.66	0.0059	0.0141	0.01194	0.02054	0.00869	9.67	0.00283	0.0776	-1.25126	-0.89375	0.35677	16	-0.02648	-0.02581	-0.04636	-0.10287	0.2323	0.12206	-0.07325	-0.17362	0.03357	0.08858	0.06575	-0.01851	0.03521	-0.02998	-0.00227	-0.0244	0.04086	0.00157	-0.08568	-0.08007	0.00016	0.0263	-0.02835	-0.02031	-0.04198	-0.02577	-0.02561	-0.00303	0.06865	-0.07446	-0.0161	0.00862	409.92	752630294	763919988	1000	/scratch.global/lanej/1000G/ngs_dose/1000G_highcov/crams/HG01031.cram	9ab0a0e8,a23ef9ed,7f3b4c3c	184ab16e		14	0.997522	0.998702	0.999702	0.999876	2.039	0.981	0.947	638.004	36.5	scan	M	CDX	EAS	M	0.999737	0.999895	0.997707	NA	0.01	1.1442	1.0235	525.0564	518.5589	594.4724	148.2624	9.6476	2.0026	584.7268	40.2295	511.7249	505.4741	588.8815	142.8036	9.6498	2.002	676.8442	39.8129	600.4561	1.0032	0.9344	33.3923	M	2504	
HG01046	scan	0.1.0+fae1124	37.645	150	436	450	0.0949	0.9681	1.2545	0.0623	0.042		1.9931	149.4355	679.7877	1.9753	0.0025	present	513.386	513.39	488.82	487.96	0.1871	538.55	0.0536	487.15	600.68	525.54	594.88	386.79	473.94	479.62	604.12	380.06	470.99	408.46	502.68	351.98	429.8	505.86	536.42	143.951	NA	143.95	141.81	0.0887	179.99	0.0271	130.45	162.89	125.44	158.43	9.945	9.95	9.99	9.99	0.1172	9.9	0.0575	16.3983	1.5365	37.785	45.3384	10.7581	147.4744	0.2742	2.8824	0.6984	0.7856	0.3119	516.15	0.00276	0.0285	-0.19665	0.15374	0.20097	143.08	0.01447	0.0346	0.05418	0.00113	0.01528	9.83	0.00258	0.0707	0.35313	0.52837	0.34145	16	-0.00551	-0.03959	-0.09895	-0.18258	-0.11353	-0.03648	0.02075	0.04557	0.02255	0.05907	0.02072	0.05711	-0.00999	0.00782	0.06583	-0.00143	-0.00571	0.08118	0.05042	0.08398	-0.01873	-0.00495	-0.08077	0.07046	0.06712	0.02438	0.05079	-0.0267	0.01787	0.01091	-0.07461	-0.06139	465.71	761551558	771366212	1000	/scratch.global/lanej/1000G/ngs_dose/1000G_highcov/crams/HG01046.cram	9ab0a0e8,a23ef9ed,7f3b4c3c	184ab16e		14	0.997642	0.998837	0.999562	0.999882	1.984	1.908	0.124	664.276	172.609	scan	F	CDX	EAS	F	0.99976	0.999937	0.997788	NA	0.17	1.1525	1.0182	497.5008	495.8197	568.1278	144.2405	9.8215	1.9969	722.6419	154.6918	497.661	497.0563	568.2465	145.5913	9.7995	1.9953	627.9701	193.065	629.3045	1.957	0.105	32.9491	F	2504	
HG01047	scan	0.1.0+fae1124	37.104	150	434	450	0.1101	0.9702	1.2072	0.0674	0.0437		1.9974	24.9465	595.6801	0.9909	0.968	present	300.041	300.04	284.88	280.12	0.1912	308.14	0.0533	266.09	300.77	298.28	335.94	211.0	240.63	271.52	313.82	210.62	241.37	230.69	270.82	189.37	212.05	298.72	316.13	125.725	NA	125.73	124.02	0.0835	150.23	0.0361	106.7	126.62	105.42	126.6	8.557	8.56	8.68	8.76	0.1343	8.63	0.0647	19.5937	10.8983	41.437	71.8428	11.1875	138.0068	0.2373	2.2866	0.7505	0.9047	0.3162	299.54	0.00398	0.0411	-0.32113	-0.02008	0.58572	124.22	0.00656	0.0157	-0.01429	-0.01248	-0.00854	8.59	0.00296	0.0811	0.22575	-1.89606	-0.29677	16	0.03292	-0.03759	0.063	-0.03236	0.01135	0.11719	-0.02709	0.00339	-0.0185	-0.05931	-0.01325	0.0467	-0.09099	-0.00688	0.0503	0.0576	-0.00586	-0.01105	-0.0329	-0.02652	-0.05873	0.00125	-0.04283	-0.01006	-0.05014	0.0509	-0.03355	0.04394	0.01663	0.0323	-0.01304	0.12858	374.48	736889710	748301815	1000	/scratch.global/lanej/1000G/ngs_dose/1000G_highcov/crams/HG01047.cram	9ab0a0e8,a23ef9ed,7f3b4c3c	184ab16e		14	0.997583	0.998043	0.999545	0.999952	2.007	0.988	0.771	588.488	28.864	scan	M	PUR	AMR	M	0.999663	0.999952	0.997663	NA	-1.07	1.1215	0.9958	297.1602	296.8598	338.2144	123.3576	8.6193	1.9956	662.4884	26.9074	312.1909	309.9811	357.0443	125.6113	8.6795	1.9965	607.7884	41.2584	560.8545	1.0098	0.7734	31.9649	M	2504	DJ -1.07 copies
HG01048	scan	0.1.0+fae1124	48.179	150	425	400	0.1037	0.9672	1.2251	0.0608	0.0388		2.0015	38.8914	633.9155	0.9855	0.9828	present	678.706	678.71	656.97	657.76	0.1642	725.37	0.0694	668.36	838.47	698.01	785.93	552.16	663.78	706.96	895.87	553.83	690.4	577.65	704.07	522.57	647.38	672.33	714.27	117.534	NA	117.53	117.22	0.0733	145.41	0.0296	102.2	126.78	102.19	126.81	10.417	10.42	10.44	10.45	0.1087	10.37	0.0618	13.9403	11.1	41.6867	80.9011	11.0139	136.6645	0.2538	2.9817	0.5611	0.9236	0.3821	685.74	0.00271	0.028	0.12676	-0.20778	-0.17748	116.86	0.00741	0.0177	-0.01812	0.01098	0.01028	10.28	0.00289	0.0794	1.34438	-0.55818	1.10429	16	-0.17324	-0.10485	0.0376	-0.06612	0.05583	0.09198	-0.02618	0.02579	0.03136	0.01304	-0.0059	-0.0095	0.04393	-0.00578	0.02926	0.07593	0.02802	0.05393	-0.01596	0.04423	0.00294	-0.00365	0.0366	0.02673	0.02077	0.04198	-0.0027	0.01758	0.01738	0.02137	0.01168	0.07501	507.34	959134242	974485217	1000	/scratch.global/lanej/1000G/ngs_dose/1000G_highcov/crams/HG01048.cram	9ab0a0e8,a23ef9ed,7f3b4c3c	184ab16e		14	0.997609	0.998702	0.999658	0.999943	2.039	0.993	0.822	631.175	46.712	scan	M	PUR	AMR	M	0.99963	0.99994	0.997696	NA	0.62	1.1461	1.0179	683.5715	676.4062	790.3375	115.0943	10.3496	1.9981	644.2679	45.4106	678.7849	675.4143	771.0965	119.8772	10.3867	1.9974	681.6021	43.5506	589.4945	1.016	0.819	41.7095	M	2504	
HG01049	scan	0.1.0+fae1124	44.17	150	424	400	0.0908	0.9612	1.2627	0.0498	0.0422		2.0028	24.2397	595.9562	1.9365	0.0025	present	375.218	375.22	362.04	362.0	0.165	408.68	0.0524	362.9	481.41	388.43	445.52	292.62	375.29	386.72	514.24	303.83	399.0	314.57	398.36	280.4	370.11	372.66	400.71	233.832	NA	233.83	233.36	0.0687	299.11	0.0298	204.81	263.39	200.34	256.98	9.572	9.57	9.71	9.66	0.1085	9.63	0.0553	25.1485	1.5189	56.6488	58.4982	9.3865	145.0954	0.2334	2.2848	0.5289	0.7963	0.4056	378.85	0.00245	0.0252	0.02634	-0.188	-0.13132	231.99	0.01055	0.0252	-0.0582	0.01711	-0.01429	9.55	0.00245	0.0673	-0.08086	-0.8923	-0.05198	16	-0.03555	-0.01364	-0.03045	-0.07142	-0.01932	-0.00785	0.14937	0.03077	-0.0271	-0.03664	-0.05008	0.0166	-0.04376	-0.03426	0.04545	0.01463	0.04424	-0.01808	-0.0013	0.09452	-0.01903	0.00369	-0.01559	0.07611	0.0145	-0.03345	-0.0808	0.01786	-0.06209	-0.03205	0.10711	-0.18558	460.0	894618654	908480137	1000	/scratch.global/lanej/1000G/ngs_dose/1000G_highcov/crams/HG01049.cram	9ab0a0e8,a23ef9ed,7f3b4c3c	184ab16e		14	0.997699	0.99844	0.999561	0.999869	2.074	1.872	0.136	594.721	29.86	scan	F	PUR	AMR	F	0.99952	0.999897	0.997806	NA	-0.11	1.176	1.0253	378.4706	374.4796	446.4468	229.8901	9.5733	2.0006	639.744	28.8097	376.348	375.8771	429.9801	231.506	9.6235	2.0024	666.4111	29.2104	557.8001	1.9118	0.1128	38.8424	F	2504	
HG01050	scan	0.1.0+fae1124	34.511	150	433	450	0.0665	0.9674	1.2286	0.0662	0.0497		1.9977	45.7526	482.2432	1.9469	0.0017	present	528.758	528.76	509.23	502.72	0.1874	563.13	0.0445	501.14	617.26	543.64	617.13	409.01	501.7	486.8	615.35	396.09	492.3	428.77	528.53	375.46	459.39	527.4	561.96	121.85	NA	121.85	121.09	0.0814	153.13	0.02	106.39	132.65	105.57	134.8	9.693	9.69	9.78	9.78	0.1144	9.71	0.0412	18.7316	1.021	52.929	57.7463	10.5065	148.9575	0.2397	2.8554	0.5076	0.79	0.3883	535.55	0.00313	0.0323	-0.19277	0.18272	0.1567	121.06	0.00563	0.0135	0.01129	-0.00758	0.02301	9.62	0.00272	0.0746	0.60794	-0.43713	-0.16109	16	0.13547	0.001	-0.10697	-0.00972	-0.06694	-0.06363	0.00028	0.05599	0.02325	0.03875	0.01935	-0.02534	0.03753	-0.01623	0.1593	-0.00533	0.04491	0.00224	-0.0209	0.18079	-0.08914	-0.06798	0.0131	-0.00587	0.06672	0.09621	-0.02521	-0.02904	0.04267	-0.10078	-0.07553	-0.00412	217.25	698408614	708364827	1000	/scratch.global/lanej/1000G/ngs_dose/1000G_highcov/crams/HG01050.cram	9ab0a0e8,a23ef9ed,7f3b4c3c	184ab16e		14	0.997379	0.998783	0.999621	0.999823	2.086	1.899	0.136	476.536	54.821	scan	F	PUR	AMR	F	0.999771	0.999893	0.997421	NA	-0.04	1.1523	1.0151	524.2889	519.2024	597.1696	123.0478	9.5431	1.9999	569.1232	40.6749	506.5895	497.4407	575.0719	126.7521	9.7192	2.0009	544.0558	53.7122	457.7349	1.9434	0.1116	31.2022	F	698	
HG01051	scan	0.1.0+fae1124	33.945	150	432	450	0.0864	0.963	1.2346	0.0672	0.0506		1.9986	46.4225	865.1718	0.9906	0.9866	present	492.613	492.61	484.12	487.98	0.1471	540.0	0.0491	485.23	613.48	504.74	575.28	423.43	529.62	516.2	662.6	406.36	514.05	422.0	522.22	375.48	472.5	496.26	532.15	180.174	NA	180.17	181.07	0.0724	225.67	0.0308	166.27	208.22	153.07	193.96	9.678	9.68	9.83	9.81	0.1161	9.77	0.0496	14.247	9.6503	48.6105	64.0928	11.063	148.1147	0.2253	2.5527	0.6978	0.8873	0.5623	505.53	0.00434	0.0448	0.20924	-0.51773	-0.04151	179.73	0.01321	0.0316	-0.06716	-0.00259	-0.00314	9.67	0.00268	0.0736	0.55624	-0.76337	-0.41733	16	0.25461	-0.06273	-0.05959	-0.07488	0.07322	0.05043	0.0441	-0.01027	-0.01599	0.01122	-0.01597	-0.0219	-0.0175	-0.01699	-0.05136	-0.06273	0.11119	0.05164	-0.12691	-0.0447	-0.04438	-0.02664	-0.04176	-0.01931	0.0977	-0.03889	-0.1963	-0.04208	-0.01445	0.05583	0.01145	0.00973	195.35	677003214	687104102	1000	/scratch.global/lanej/1000G/ngs_dose/1000G_highcov/crams/HG01051.cram	9ab0a0e8,a23ef9ed,7f3b4c3c	184ab16e		14	0.99774	0.999026	0.999517	0.999843	2.039	0.982	0.743	866.319	55.75	scan	M	PUR	AMR	M	0.999588	0.999911	0.99783	NA	0.01	1.138	0.9984	491.5421	478.8743	555.7479	182.6006	9.6081	2.0004	836.9933	46.3855	504.6022	494.6284	564.52	169.0557	9.6176	1.9998	724.3522	47.6062	810.712	0.998	0.7428	30.1022	M	2504	
HG01052	scan	0.1.0+fae1124	38.478	150	426	450	0.1198	0.9674	1.1986	0.068	0.0452		1.9924	42.6631	988.2368	1.9213	0.0027	present	534.981	534.98	520.56	521.79	0.1799	564.2	0.0611	518.53	597.47	550.45	613.91	431.54	495.1	531.11	628.26	423.77	492.05	432.82	510.78	384.3	438.33	537.26	568.25	237.271	NA	237.27	236.22	0.0759	285.64	0.0317	199.64	240.76	203.9	247.17	10.346	10.35	10.43	10.41	0.1057	10.38	0.0737	18.1435	1.1044	47.6424	56.8463	10.7571	150.6019	0.2513	3.2164	0.6325	0.8899	0.6075	543.82	0.00234	0.0241	0.04015	0.04383	-0.10342	235.78	0.00978	0.0234	-0.03133	0.02083	-0.03295	10.25	0.00302	0.0827	0.82939	-0.08118	0.71855	16	0.00152	0.09932	0.1359	-0.07686	-0.02464	-0.11767	-0.03584	0.03437	0.07653	-0.01642	0.00598	0.07644	-0.0316	0.04669	-0.0052	-0.05793	0.00048	0.0028	0.04681	0.09301	0.02485	-0.00979	0.05655	0.06284	0.06212	-0.03331	-0.02248	0.00189	0.05384	-0.12096	-0.09342	-0.04223	422.8	780754146	792813770	1000	/scratch.global/lanej/1000G/ngs_dose/1000G_highcov/crams/HG01052.cram	9ab0a0e8,a23ef9ed,7f3b4c3c	184ab16e		14	0.997364	0.999026	0.999329	0.99972	2.057	1.896	0.144	995.576	50.716	scan	F	PUR	AMR	F	0.999544	0.999772	0.997487	NA	0.59	1.1289	1.0122	512.5513	505.9041	567.6471	239.2879	10.3265	1.9981	933.8917	43.1091	459.588	454.9293	516.0881	234.3483	10.2214	1.9994	853.5952	40.5026	917.3568	1.9364	0.1218	32.814	F	2504	
HG01053	scan	0.1.0+fae1124	37.514	150	445	450	0.0975	0.983	1.1692	0.0598	0.0396		2.0158	31.4594	716.1329	1.4802	0.0019	present	475.399	475.4	468.43	467.92	0.1487	502.77	0.0547	473.05	573.55	489.96	531.49	406.36	488.13	512.22	625.37	396.47	479.93	408.92	479.07	363.87	440.4	479.37	496.46	189.871	NA	189.87	189.34	0.0643	223.76	0.0297	184.0	216.24	158.54	188.98	9.745	9.74	9.83	9.8	0.1063	9.77	0.0585	16.8173	1.4146	51.7891	61.4045	9.6842	142.9854	0.2435	2.828	0.594	0.8592	0.3553	487.81	0.00431	0.0445	-0.02621	-0.53455	-0.1008	190.56	0.01171	0.028	-0.09371	0.00839	-0.0033	9.64	0.00257	0.0705	0.63657	-0.45591	-0.34764	16	-0.30688	-0.01251	-0.13344	0.14032	-0.08013	0.06917	0.08857	0.09558	-0.02049	-0.00248	-0.00581	0.00672	-0.00843	0.0382	0.04623	0.03597	0.14601	0.04981	-0.04656	-0.10462	-0.04006	-0.07009	0.05279	0.02999	-0.01926	0.0338	-0.00518	-0.00414	-0.03571	-0.0336	-0.03034	-0.08746	361.43	748905132	760261528	1000	/scratch.global/lanej/1000G/ngs_dose/1000G_highcov/crams/HG01053.cram	9ab0a0e8,a23ef9ed,7f3b4c3c	184ab16e		14	0.998052	0.99847	0.999692	0.999968	2.026	1.452	0.143	715.855	36.517	scan	F	PUR	AMR	F	0.999767	0.999968	0.998256	NA	-0.02	1.0895	1.0044	502.5707	489.5962	556.3677	182.7667	9.6344	2.0086	787.5028	20.7106	487.9392	481.0379	552.9142	178.0949	9.6509	2.0084	695.268	16.8364	674.0085	1.4864	0.1206	32.8164	F	698	chrX 1.48 (mosaic X loss?)
HG01054	scan	0.1.0+fae1124	33.563	150	432	450	0.0773	0.9586	1.2953	0.0687	0.0509		1.987	351.237	1131.5052	0.9987	0.9847	present	391.798	391.8	381.64	382.47	0.1838	431.13	0.0445	393.34	511.1	404.29	469.1	331.55	426.81	392.79	523.14	321.8	420.15	328.04	420.95	298.85	383.91	390.53	421.15	161.014	NA	161.01	159.22	0.0839	210.04	0.027	148.92	193.97	137.04	181.03	9.164	9.16	9.29	9.29	0.1251	9.21	0.047	23.1116	13.2622	42.4121	78.0653	9.8545	154.8866	0.2398	3.7644	0.5646	0.8074	0.6526	401.23	0.00299	0.0308	-0.18603	0.05549	-0.31533	159.22	0.00604	0.0145	-0.02432	-0.01742	-0.00204	9.12	0.00371	0.1017	0.17954	0.07567	-1.60963	16	0.29559	-0.07627	-0.05246	-0.04757	0.0721	0.10708	-0.02879	-0.07884	0.02943	0.02267	0.03527	0.02475	-0.03442	0.07338	0.03801	-0.08821	0.04374	0.13696	-0.02128	-0.01055	0.02661	-0.11569	-0.21273	-0.00515	0.02482	-0.06028	-0.00533	-0.0342	0.07929	0.0641	0.10539	-0.08594	202.2	680430470	692863545	1000	/scratch.global/lanej/1000G/ngs_dose/1000G_highcov/crams/HG01054.cram	9ab0a0e8,a23ef9ed,7f3b4c3c	184ab16e		14	0.997486	0.998747	0.999334	0.999792	2.044	0.99	0.77	1115.831	447.155	scan	M	PUR	AMR	M	0.999459	0.999826	0.997927	NA	-0.54	1.1692	1.0076	393.7518	385.0384	454.7047	164.8573	9.0185	1.9908	1131.9833	247.6933	400.6839	393.4144	452.6934	140.683	9.0608	1.99	982.2297	171.3506	1028.697	1.0044	0.7598	30.0858	M	2504	
HG01055	scan	0.1.0+fae1124	36.875	150	431	450	0.0917	0.963	1.2806	0.0809	0.0489		1.9993	64.6818	615.2457	1.8928	0.0027	present	299.287	299.29	287.19	288.97	0.1787	322.97	0.0466	291.3	377.26	309.14	357.25	249.37	319.51	305.61	401.9	236.29	306.14	249.17	315.86	221.22	284.66	293.95	315.89	288.337	NA	288.34	285.53	0.0758	370.17	0.0267	265.55	341.04	251.63	326.62	9.673	9.67	9.76	9.74	0.1229	9.69	0.0536	21.5695	1.8421	50.5663	53.5283	10.1142	143.732	0.248	2.8208	0.5547	0.8749	0.4831	301.53	0.00286	0.0295	0.05053	0.08956	-0.35585	284.54	0.00286	0.0068	-0.0095	0.00728	0.00155	9.59	0.00312	0.0856	0.7685	-0.79896	-0.34336	16	0.07379	0.13852	0.06578	0.0233	-0.05827	0.05027	0.0626	0.02573	0.09304	0.00585	-0.02266	0.04282	0.05917	0.0115	-0.05647	0.07572	-0.04297	0.06439	-0.05724	-0.11493	-0.01981	-0.06118	0.0291	-0.07362	0.05688	-0.01116	-0.08008	-0.01026	-0.0478	0.02349	-0.05512	0.00944	300.99	743411504	754452043	1000	/scratch.global/lanej/1000G/ngs_dose/1000G_highcov/crams/HG01055.cram	9ab0a0e8,a23ef9ed,7f3b4c3c	184ab16e		14	0.997911	0.998692	0.999624	0.999922	2.028	1.833	0.138	607.245	78.464	scan	F	PUR	AMR	F	0.999786	0.999951	0.997932	NA	-0.07	1.1848	1.0252	306.9473	303.7241	365.1114	274.0671	9.6425	2.0015	630.9898	62.953	299.7019	298.4158	345.5443	271.6985	9.7593	1.9989	748.4631	80.0635	579.253	1.8794	0.1146	32.2979	F	2504	
HG01056	scan	0.1.0+fae1124	39.269	150	446	450	0.088	0.9656	1.2528	0.0608	0.0434		2.0084	97.6341	589.478	0.9936	0.9856	present	412.542	412.54	402.63	405.0	0.1592	454.6	0.0521	413.64	566.18	429.66	493.41	357.0	482.42	444.17	611.01	343.66	468.8	357.86	459.78	316.21	433.47	409.92	436.91	243.278	NA	243.28	246.25	0.0677	314.27	0.0286	223.41	286.94	205.5	270.17	9.215	9.21	9.27	9.25	0.124	9.18	0.0545	26.3994	12.5447	49.8422	74.2254	9.859	142.0088	0.2546	3.2834	0.5367	0.8584	0.592	420.22	0.00414	0.0427	0.01461	-0.28827	-0.32176	243.71	0.01086	0.026	-0.08344	0.00214	0.00242	9.08	0.00349	0.0958	0.18803	-0.09137	-1.64512	16	-0.01176	-0.00798	-0.017	-0.05483	-0.04912	-0.12707	0.00803	0.03909	0.08708	0.02355	0.04739	-0.01866	0.01266	-0.02161	0.05129	-0.13345	-0.0735	0.02691	-0.06675	0.02212	0.02973	0.03393	0.02644	-0.00336	0.1306	-0.06059	0.05726	0.01021	-0.05606	0.02544	-0.0384	-0.02271	386.96	783112194	796024928	1000	/scratch.global/lanej/1000G/ngs_dose/1000G_highcov/crams/HG01056.cram	9ab0a0e8,a23ef9ed,7f3b4c3c	184ab16e		14	0.997899	0.999325	0.999654	0.999902	2.05	0.983	0.771	574.299	116.894	scan	M	PUR	AMR	M	0.999753	0.99991	0.99783	NA	-0.58	1.1742	1.0225	403.1537	398.9916	459.3041	251.5494	9.0971	2.0121	577.3904	95.4226	412.7386	409.5182	473.034	224.6153	9.155	2.009	702.0462	89.6777	548.3251	1.0058	0.7728	34.7016	M	698	
HG01058	scan	0.1.0+fae1124	38.745	150	438	450	0.1105	0.9685	1.2276	0.0527	0.0428		1.9859	29.5448	589.2181	1.9423	0.0027	present	470.201	470.2	449.41	454.74	0.2042	491.38	0.0575	436.03	522.25	467.7	525.04	368.31	441.61	460.42	559.66	354.22	427.19	378.56	454.72	313.69	373.39	466.02	493.66	183.629	NA	183.63	181.94	0.0806	223.53	0.0309	177.58	214.94	160.8	197.36	9.749	9.75	9.78	9.8	0.1154	9.72	0.0625	18.5114	1.6758	55.227	51.5348	13.4931	138.7043	0.2356	2.651	0.5358	0.8802	0.3221	470.22	0.0024	0.0247	0.5318	0.31758	-0.34471	181.99	0.00731	0.0175	0.01167	0.00532	0.02196	9.61	0.00277	0.076	1.40802	-0.02915	-0.59868	16	-0.00774	-0.0625	-0.03971	-0.09286	-0.04834	-0.00156	0.05951	0.00412	-0.00258	0.02965	0.03402	0.008	-0.03496	-0.0239	-0.01358	-0.02621	0.05104	0.04191	-0.03768	0.02706	-0.04038	-0.04186	-0.04221	-0.01264	0.01187	0.03519	-0.01037	-0.02085	0.05002	0.03186	0.02845	-0.03326	284.51	781835922	792517273	1000	/scratch.global/lanej/1000G/ngs_dose/1000G_highcov/crams/HG01058.cram	9ab0a0e8,a23ef9ed,7f3b4c3c	184ab16e		14	0.997807	0.997914	0.999589	0.999876	2.054	1.889	0.132	580.017	35.139	scan	F	PUR	AMR	F	0.999719	0.999902	0.997949	NA	-0.05	1.1166	0.9946	464.8692	465.4489	516.821	181.5833	9.6193	1.9861	584.2657	32.5387	474.8296	473.2466	537.7057	193.0324	9.5488	1.9855	661.9675	39.7634	551.7998	1.9356	0.1128	33.3525	F	2504	
HG01060	scan	0.1.0+fae1124	38.728	150	435	450	0.0822	0.9905	1.1283	0.0714	0.0426		2.002	32.5161	1177.5076	0.9878	0.978	present	386.69	386.69	370.13	371.21	0.2368	377.11	0.0427	344.69	332.93	387.66	407.93	249.48	247.68	304.28	305.98	249.17	248.22	285.67	304.54	232.06	219.76	390.22	397.75	150.961	NA	150.96	147.12	0.0924	164.98	0.0239	134.41	144.24	132.79	145.8	10.269	10.27	10.36	10.31	0.1067	10.32	0.0468	21.4613	11.1443	55.1799	61.9261	11.6534	151.8955	0.2336	3.4165	0.5514	0.8947	0.4127	390.12	0.00426	0.0439	0.29067	0.83185	0.21032	149.48	0.01326	0.0317	0.05146	-0.00495	-0.01827	10.2	0.00298	0.0817	0.27103	-0.11357	1.06921	16	-0.09478	0.03978	0.03104	-0.16716	-0.0659	-0.12038	0.1128	-0.2348	0.0645	-0.02445	-0.02633	-0.00638	0.0409	-0.01706	-0.01272	-0.07215	0.05532	0.05026	0.00662	-0.01099	0.03238	-0.08108	0.02335	-0.01399	0.03201	-0.04221	-0.01177	0.0757	-0.0336	0.01842	-0.02227	0.02499	273.07	773587236	785342047	1000	/scratch.global/lanej/1000G/ngs_dose/1000G_highcov/crams/HG01060.cram	9ab0a0e8,a23ef9ed,7f3b4c3c	184ab16e		14	0.997401	0.99843	0.999218	0.999749	2.046	0.988	0.765	1167.831	35.663	scan	M	PUR	AMR	M	0.999498	0.999762	0.997663	NA	0.54	1.0457	0.9937	408.9456	406.5551	419.0252	155.1793	10.2979	2.009	1033.036	52.5708	383.631	377.7428	434.7428	171.1506	10.1639	2.005	923.4542	55.9193	1048.8688	1.0054	0.7582	34.4733	M	2504	
HG01061	scan	0.1.0+fae1124	36.958	150	434	450	0.087	0.9697	1.2002	0.0677	0.051		1.992	46.7833	508.4205	1.881	0.0053	present	458.747	458.75	437.08	436.56	0.194	472.48	0.0489	420.57	478.07	448.91	503.06	346.88	394.24	381.17	442.56	340.74	390.17	353.31	412.56	324.17	364.01	456.24	482.61	190.201	NA	190.2	186.51	0.0902	225.33	0.0281	163.25	194.0	168.89	200.26	9.892	9.89	10.04	10.1	0.1037	10.0	0.0519	20.7722	1.1749	50.4302	64.7392	10.9904	155.089	0.2356	3.1639	0.5498	0.9094	0.5717	460.66	0.00364	0.0375	-0.11865	0.28826	0.16999	190.42	0.01057	0.0253	0.05505	-0.00892	0.01514	9.89	0.00265	0.0727	-0.08125	-0.55778	-0.20851	16	0.28733	0.00778	-0.05108	-0.03022	-0.00777	0.01677	-0.08968	0.07958	-0.01167	-0.03921	-0.03323	-0.04712	-0.07696	0.02599	0.01128	0.03435	0.04018	-0.00511	0.05663	0.13942	0.07945	-0.01342	-0.01462	-0.00837	0.03289	-0.00752	0.04312	0.00411	0.08327	-0.03511	-0.0508	-0.00761	269.96	751829110	763584037	1000	/scratch.global/lanej/1000G/ngs_dose/1000G_highcov/crams/HG01061.cram	9ab0a0e8,a23ef9ed,7f3b4c3c	184ab16e		14	0.997358	0.998291	0.999421	0.999695	2.083	1.845	0.15	478.711	55.08	scan	F	PUR	AMR	F	0.999584	0.999769	0.997574	NA	0.23	1.092	0.9745	441.8136	439.0122	486.2476	189.6096	9.8007	1.9947	553.405	40.2624	446.1743	443.6359	507.0282	194.1427	9.6354	1.9945	581.9889	76.1661	457.821	1.877	0.1224	32.8487	F	2504	
HG01062	scan	0.1.0+fae1124	35.969	150	446	450	0.0987	0.9678	1.2294	0.0755	0.0441		1.9913	77.6052	601.5299	1.9546	0.002	present	524.049	524.05	508.93	512.3	0.156	567.96	0.0555	500.23	659.07	531.61	601.22	430.22	559.74	542.09	722.9	420.13	552.82	443.59	554.67	402.67	527.68	524.23	556.98	152.789	NA	152.79	152.06	0.066	191.9	0.0267	141.6	177.32	131.86	168.0	9.663	9.66	9.8	9.77	0.1161	9.72	0.0599	17.7044	1.0709	48.6894	51.7439	11.686	145.7019	0.2367	2.9994	0.4993	0.8214	0.8353	531.14	0.00315	0.0325	0.10341	-0.43142	-0.13447	152.04	0.00507	0.0121	-0.0313	0.0215	0.00593	9.64	0.00281	0.0772	-0.94798	-0.62791	0.24115	16	0.01498	0.00747	0.01757	-0.08736	0.00879	0.04142	-0.07753	0.10141	-0.00467	0.04767	0.00566	-0.04088	-0.01466	-0.04526	-0.0867	0.00848	0.0354	0.05305	0.02811	-0.01635	0.10046	0.09497	0.023	0.01269	-0.16687	-0.00542	-0.01706	0.01652	-0.02689	-0.04443	0.01841	-0.02353	334.15	725271326	735032220	1000	/scratch.global/lanej/1000G/ngs_dose/1000G_highcov/crams/HG01062.cram	9ab0a0e8,a23ef9ed,7f3b4c3c	184ab16e		14	0.997605	0.999112	0.999596	0.999923	2.035	1.88	0.129	593.902	93.076	scan	F	PUR	AMR	F	0.999739	0.999921	0.998034	NA	-0.02	1.1319	1.0009	501.4002	495.3286	567.2357	150.8168	9.708	1.9921	577.9772	90.1146	470.4519	467.043	526.5809	146.8686	9.706	1.9947	576.7314	85.6482	570.8196	1.9288	0.1102	31.376	F	698	
HG01063	scan	0.1.0+fae1124	37.912	150	430	450	0.1111	0.983	1.1432	0.0785	0.0432		2.0021	26.4571	611.63	0.99	0.977	present	462.536	462.54	443.81	445.8	0.2205	462.79	0.0585	433.03	449.38	455.42	488.59	352.28	370.32	444.12	473.51	343.2	362.64	365.62	403.43	299.57	308.16	460.78	476.29	191.173	NA	191.17	190.89	0.0843	215.79	0.0316	177.91	198.93	174.02	197.65	9.543	9.54	9.73	9.75	0.1243	9.69	0.0675	24.0919	10.0473	54.457	61.5192	11.0581	135.8218	0.2488	3.3664	0.7538	0.845	0.2813	464.32	0.00222	0.0229	0.48942	0.60684	-0.38396	189.06	0.00796	0.0191	0.0458	0.02921	-0.02058	9.59	0.00273	0.0748	-1.48017	-0.43265	0.41438	16	-0.03056	-0.14159	-0.06065	-0.0146	0.01766	0.02977	0.04646	-0.0976	-0.04111	-0.02172	-0.04269	0.02327	-0.0505	0.06266	-0.00497	-0.01144	0.0242	-0.01845	0.03968	0.13875	0.01178	0.06687	0.01714	-0.05002	0.00128	-0.01426	-0.0135	-0.05226	-0.03929	0.06779	0.00161	-0.00738	299.48	753177102	764154500	1000	/scratch.global/lanej/1000G/ngs_dose/1000G_highcov/crams/HG01063.cram	9ab0a0e8,a23ef9ed,7f3b4c3c	184ab16e		14	0.997466	0.998119	0.999529	0.999787	2.051	0.994	0.774	594.042	29.124	scan	M	PUR	AMR	M	0.999669	0.999953	0.99759	NA	-0.07	1.0523	0.9808	473.6621	470.4561	503.3052	189.4198	9.5176	2.0	590.0288	21.7522	451.8084	445.5607	513.6146	198.5915	9.597	2.0031	700.8647	35.9308	559.2517	1.0172	0.7822	32.5771	M	2504	
HG01064	scan	0.1.0+fae1124	37.752	150	427	450	0.1161	0.9809	1.1748	0.0663	0.04		2.0021	75.811	585.0544	1.9451	0.0026	present	551.965	551.96	523.88	527.24	0.1804	552.16	0.0604	486.69	515.83	546.06	595.52	403.98	434.55	517.79	569.45	401.09	434.67	430.26	485.72	359.86	373.73	547.14	569.36	98.165	NA	98.16	97.93	0.1012	113.11	0.0358	89.15	101.56	84.6	97.97	10.324	10.32	10.33	10.37	0.1202	10.28	0.0694	20.4386	1.1931	45.7798	55.9735	9.5181	131.8375	0.2319	3.0915	0.55	0.8313	0.2018	547.66	0.00254	0.0262	0.13	-0.07994	0.26334	96.77	0.01452	0.0348	0.05821	-0.04081	0.01035	10.17	0.00322	0.0884	0.88648	-0.49619	0.88184	16	-0.06721	-0.05192	-0.11386	-0.14381	0.02762	-0.01194	-0.05593	0.00765	-0.16398	-0.08041	-0.07341	0.05637	0.04045	-0.10571	0.0413	0.02964	-0.04717	0.04765	-0.08622	0.07814	-0.01253	0.04449	0.01991	0.01508	0.07227	-0.03021	0.01704	0.02072	-0.02781	0.02928	0.08949	-0.05886	600.51	761457458	772567810	1000	/scratch.global/lanej/1000G/ngs_dose/1000G_highcov/crams/HG01064.cram	9ab0a0e8,a23ef9ed,7f3b4c3c	184ab16e		14	0.997674	0.997799	0.999523	0.999812	2.032	1.898	0.134	567.943	84.779	scan	F	PUR	AMR	F	0.999683	0.999837	0.997578	NA	0.51	1.0874	0.9971	523.2594	526.1506	576.9422	100.5372	10.2041	2.0044	646.6067	145.3779	531.5055	532.4103	606.7253	103.3111	10.2721	2.0069	629.6642	150.1597	540.6251	1.9496	0.1132	32.1708	F	2504	
HG01066	scan	0.1.0+fae1124	38.792	150	422	400	0.1248	0.9694	1.1658	0.0581	0.0498		1.9913	89.3261	921.1767	0.9843	0.8375	present	453.958	453.96	440.63	441.02	0.1724	472.95	0.06	439.5	499.71	467.67	516.95	356.08	388.95	458.84	532.38	361.43	411.71	377.59	433.0	336.99	376.44	453.72	477.33	101.202	NA	101.2	101.52	0.07	118.34	0.0282	90.24	105.18	87.44	102.56	9.778	9.78	9.89	9.92	0.1098	9.85	0.0736	20.1885	8.3809	50.379	60.1933	11.2418	147.7794	0.2385	3.1612	0.7594	0.7895	0.439	459.12	0.00225	0.0232	0.11273	-0.1579	-0.20857	100.41	0.00679	0.0162	-0.03114	0.01649	0.00626	9.72	0.0028	0.0769	0.32063	0.18556	-0.03749	16	0.2453	0.06268	0.09818	0.02639	0.04506	0.00686	0.05554	-0.05999	0.02315	0.02271	0.04041	-0.03211	0.05225	-0.0222	0.01192	-0.10331	0.05262	-0.01371	-0.12132	0.00821	-0.06334	0.11684	-0.0534	0.14939	0.03219	-0.03219	-0.04109	0.06693	0.0244	0.03297	-0.03569	-0.06463	679.68	775925966	787105916	1000	/scratch.global/lanej/1000G/ngs_dose/1000G_highcov/crams/HG01066.cram	9ab0a0e8,a23ef9ed,7f3b4c3c	184ab16e		14	0.997579	0.998738	0.999387	0.999796	2.031	0.988	0.604	911.356	103.699	scan	M	PUR	AMR	M	0.999689	0.999783	0.99775	NA	0.06	1.126	1.0186	457.4234	454.3436	502.8693	103.2652	9.7563	1.9942	904.3205	93.4632	435.6582	430.5675	495.8738	96.0527	9.6769	1.9962	907.4184	48.6878	841.0442	1.0032	0.6076	33.0119	M	2504	chrY 0.84 (mosaic Y loss?)
HG01067	scan	0.1.0+fae1124	36.874	150	435	450	0.0932	0.9686	1.2298	0.0653	0.0413		1.9976	46.1858	566.1337	1.9329	0.0029	present	447.124	447.12	429.66	429.8	0.202	473.08	0.0489	423.66	517.91	465.74	524.86	357.57	435.66	437.03	546.3	340.95	420.19	367.77	450.42	317.38	386.24	442.64	470.15	181.839	NA	181.84	181.29	0.0734	227.17	0.0278	173.62	215.28	158.81	201.44	9.583	9.58	9.73	9.8	0.1184	9.67	0.0555	19.3591	1.4056	55.7329	56.3536	11.4435	143.396	0.2429	2.3407	0.4174	0.8556	0.372	452.71	0.0022	0.0227	0.43934	0.39622	-0.36257	180.46	0.00269	0.0064	-0.02163	0.00762	0.00702	9.59	0.00278	0.0763	-0.85511	-1.2599	-0.13526	16	0.04812	-0.20345	0.01414	0.00377	-0.03265	-0.05917	-0.00618	0.04349	0.06716	-0.00237	0.05049	0.07049	0.00744	0.02169	0.02927	-0.0118	0.0046	-0.10102	0.00323	-0.00713	-0.04639	-0.05275	0.00468	0.04653	-0.05187	-0.10568	0.0175	-0.04596	0.00949	-0.10416	-0.00323	-0.00203	409.87	746254984	756328767	1000	/scratch.global/lanej/1000G/ngs_dose/1000G_highcov/crams/HG01067.cram	9ab0a0e8,a23ef9ed,7f3b4c3c	184ab16e		14	0.99769	0.998933	0.999642	0.999936	2.077	1.895	0.132	553.655	54.46	scan	F	PUR	AMR	F	0.999741	0.999951	0.998017	NA	-0.07	1.1594	1.0288	443.9697	438.389	514.1259	178.4251	9.5059	1.9962	583.1332	38.6242	426.5175	419.6179	484.3074	178.6322	9.7044	1.9963	677.9047	57.1743	527.6194	1.939	0.1114	32.3356	F	2504	
HG01068	scan	0.1.0+fae1124	38.098	150	443	450	0.0713	0.9546	1.3263	0.0527	0.0509		1.9854	106.798	624.8507	1.8931	0.0018	present	455.593	455.59	434.09	442.76	0.2092	500.4	0.0451	441.4	609.0	456.88	542.36	353.38	481.87	415.95	584.07	340.61	470.55	361.05	480.73	319.21	437.53	449.66	489.24	161.457	NA	161.46	162.74	0.0841	217.81	0.0202	137.64	185.21	137.57	188.39	9.755	9.76	9.96	9.95	0.1124	9.86	0.0409	20.0496	1.7333	64.8878	50.9638	10.806	143.7687	0.2432	2.3052	0.6945	0.8127	0.5098	457.18	0.00241	0.0249	0.32607	0.54778	-0.29558	161.51	0.00399	0.0096	0.00015	-0.02849	0.03001	9.79	0.00262	0.0718	-0.65116	-0.31986	-0.27038	16	0.22821	-0.1891	0.02007	0.00176	-0.13592	-0.07133	-0.00101	0.00948	0.07589	0.08321	0.06708	-0.06367	0.12757	0.02892	0.01158	-0.03734	-0.04927	0.05434	-0.01573	0.05635	-0.01384	0.02046	-0.11357	-0.0259	-0.10263	-0.02026	-0.0837	0.07669	0.07126	0.03638	-0.07793	0.01184	434.66	773317124	783195849	1000	/scratch.global/lanej/1000G/ngs_dose/1000G_highcov/crams/HG01068.cram	9ab0a0e8,a23ef9ed,7f3b4c3c	184ab16e		14	0.997852	0.999116	0.999627	0.999903	2.085	1.836	0.126	612.478	132.591	scan	F	PUR	AMR	F	0.999765	0.999919	0.998155	NA	0.13	1.1863	0.9993	463.6426	463.724	541.5683	159.9242	9.733	1.9861	620.3835	85.5926	445.1723	440.8011	500.7294	155.9157	9.7707	1.9855	737.8476	88.9665	576.5874	1.8754	0.1048	34.3699	F	698	
HG01069	scan	0.1.0+fae1124	56.277	150	419	400	0.0936	0.9567	1.2698	0.0438	0.0481		1.9958	88.7425	749.9255	0.9899	0.9876	present	629.616	629.62	618.3	621.09	0.1553	702.39	0.0686	626.4	829.46	659.98	767.24	527.12	666.95	676.5	908.33	526.62	696.49	543.47	693.73	505.6	657.78	632.66	685.67	86.765	NA	86.77	87.85	0.0745	112.6	0.037	78.33	101.07	67.88	88.66	9.609	9.61	9.8	9.86	0.1168	9.72	0.0565	24.3988	9.2275	48.5679	68.9574	10.7244	144.3778	0.2341	3.6844	0.6283	0.8124	0.4669	642.52	0.00295	0.0304	0.02295	-0.37575	-0.31443	87.01	0.01782	0.0427	-0.132	-0.02899	-0.0037	9.68	0.00221	0.0607	-1.17158	-0.31083	0.3421	16	0.17218	0.01087	0.00915	-0.09318	0.01784	0.06643	0.0076	-0.05966	0.06735	0.10744	-0.0189	0.0697	0.0125	0.04199	0.00435	0.036	0.01114	-0.02016	0.00266	-0.05194	0.02064	-0.02814	-0.04244	0.03087	0.02881	-0.07192	0.01707	0.01133	-0.04693	0.05469	-0.03566	0.06308	262.12	1126448690	1144112592	1000	/scratch.global/lanej/1000G/ngs_dose/1000G_highcov/crams/HG01069.cram	9ab0a0e8,a23ef9ed,7f3b4c3c	184ab16e		14	0.997899	0.998646	0.999594	0.999916	2.025	0.989	0.731	746.904	108.864	scan	M	PUR	AMR	M	0.999689	0.999942	0.997919	NA	0.02	1.1941	1.0272	630.8044	616.5463	748.8511	87.2958	9.6352	1.9994	750.3176	73.7019	605.8102	595.1596	695.8942	89.4813	9.5705	1.9984	707.2825	56.0899	680.9127	1.0088	0.728	49.3686	M	2504	
HG01070	scan	0.1.0+fae1124	35.386	150	421	400	0.1017	0.9654	1.2224	0.064	0.044		1.9995	70.8058	660.3438	1.9206	0.0023	present	514.679	514.68	492.98	499.8	0.164	548.65	0.0533	483.39	609.69	513.03	586.65	379.33	462.73	514.01	651.61	396.9	497.05	424.37	519.43	366.38	458.09	511.18	547.54	117.141	NA	117.14	116.99	0.0821	145.0	0.026	104.36	129.88	104.98	130.15	9.654	9.65	9.81	9.82	0.1228	9.74	0.0581	16.9258	1.8593	37.1627	51.9286	10.351	139.0884	0.2369	3.3639	0.7482	0.8181	0.2873	513.48	0.00329	0.0339	0.21558	-0.3979	-0.06832	116.32	0.00643	0.0154	0.01061	0.01389	0.00569	9.62	0.00277	0.076	-0.76027	0.37991	-0.03076	16	-0.02468	-0.03352	-0.04831	0.02891	0.03907	0.035	-0.06511	0.02796	-0.09418	-0.04697	0.04785	0.07627	0.01501	-0.06894	0.04064	-0.09177	-0.06204	-0.00725	-0.04062	-0.02077	-0.11897	0.0352	0.0259	0.08169	-0.08289	-0.04391	-0.02129	-0.01491	-0.05803	-0.06443	0.00268	-0.03952	351.08	713313680	722588680	1000	/scratch.global/lanej/1000G/ngs_dose/1000G_highcov/crams/HG01070.cram	9ab0a0e8,a23ef9ed,7f3b4c3c	184ab16e		14	0.997762	0.998978	0.999607	0.99987	1.991	1.877	0.126	649.342	86.306	scan	F	PUR	AMR	F	0.999701	0.999889	0.997721	NA	-0.04	1.1425	0.9991	490.0342	492.6303	558.0991	121.153	9.6403	2.0004	712.2964	83.1471	514.9723	514.5434	579.5422	125.7015	9.5793	1.9993	665.2752	90.1263	615.562	1.9248	0.1076	30.6537	F	2504	
HG01071	scan	0.1.0+fae1124	38.248	150	444	450	0.0987	0.9752	1.2196	0.0587	0.0441		1.9896	72.6496	679.9685	1.9303	0.0015	present	606.663	606.66	596.32	598.39	0.148	655.05	0.0575	587.95	737.02	624.93	697.76	511.61	638.84	632.58	805.11	496.89	626.12	516.53	632.47	468.37	584.97	613.58	646.56	136.046	NA	136.05	135.74	0.07	168.66	0.0269	125.76	154.52	114.89	144.6	9.605	9.61	9.74	9.68	0.1184	9.66	0.0582	22.1662	2.6882	47.0594	54.6913	9.4739	136.5729	0.2215	3.5109	0.6254	0.8438	0.3512	619.82	0.00343	0.0354	0.06321	-0.56235	-0.13435	134.89	0.01733	0.0415	-0.07465	-0.00382	0.02656	9.58	0.00265	0.0728	-0.5565	0.49142	0.05752	16	-0.0548	0.05882	0.13609	0.01561	-0.08993	-0.1	-0.05206	0.03386	0.07002	0.11346	0.06239	-0.01622	0.07169	-0.12028	0.08056	-0.07706	-0.06037	0.04986	-0.01558	0.07	0.09346	0.06034	0.10527	0.00368	0.04927	-0.02384	-0.00078	-0.02145	-0.1134	-0.04734	-0.05438	-0.10565	348.53	771056516	781921318	1000	/scratch.global/lanej/1000G/ngs_dose/1000G_highcov/crams/HG01071.cram	9ab0a0e8,a23ef9ed,7f3b4c3c	184ab16e		14	0.997668	0.998831	0.999485	0.999834	1.999	1.879	0.127	669.475	83.975	scan	F	PUR	AMR	F	0.999702	0.999853	0.997605	NA	-0.08	1.1257	1.0082	594.372	586.8046	648.9021	139.0113	9.7174	1.9912	714.6867	87.033	555.9229	547.1059	626.1798	134.9212	9.6296	1.992	638.0729	105.1507	636.0705	1.9312	0.108	33.3057	F	698	
HG01072	scan	0.1.0+fae1124	33.026	150	429	450	0.0857	0.9647	1.2505	0.0712	0.0465		2.009	42.5	796.8547	0.9942	0.9805	present	524.256	524.26	506.78	519.41	0.1896	568.21	0.0499	528.77	683.28	537.57	620.38	443.01	566.74	549.01	725.61	423.74	549.93	442.4	561.22	395.64	508.27	516.26	552.57	193.587	NA	193.59	193.29	0.0763	249.69	0.0293	188.82	242.72	169.77	222.41	9.667	9.67	9.83	9.83	0.1175	9.75	0.0512	17.9909	11.2501	45.1315	57.3842	8.8669	133.7153	0.2503	2.9874	0.8152	0.8282	0.4121	529.42	0.00361	0.0373	0.39945	0.18221	-0.55786	191.88	0.00612	0.0146	0.00011	0.02699	-0.00502	9.68	0.00286	0.0786	-0.72743	-0.01902	-0.05644	16	0.04493	-0.12655	-0.10137	-0.08923	0.20135	0.08972	-0.0683	-0.09987	0.05763	0.11313	-0.08615	0.06081	0.0163	-0.02423	0.03778	0.01265	-0.10579	0.04821	-0.0208	-0.10956	-0.00332	0.08846	-0.06239	0.07845	-0.09982	0.00937	0.04674	-0.05866	-0.03243	-0.13348	-0.09457	0.13269	217.32	654196944	663862236	1000	/scratch.global/lanej/1000G/ngs_dose/1000G_highcov/crams/HG01072.cram	9ab0a0e8,a23ef9ed,7f3b4c3c	184ab16e		14	0.997502	0.998479	0.999557	0.999903	2.038	0.986	0.725	791.177	49.458	scan	M	PUR	AMR	M	0.999763	0.999917	0.997621	NA	0.02	1.1718	1.0154	504.8872	498.1741	590.4039	199.9822	9.554	2.0101	788.6509	36.5807	483.5354	479.871	547.8036	195.3639	9.6981	2.0123	731.2312	34.9523	745.1134	1.0106	0.7318	29.0513	M	2504	
HG01073	scan	0.1.0+fae1124	39.54	150	439	450	0.0983	0.973	1.2012	0.0601	0.0441		1.9925	146.3356	636.7796	1.8176	0.003	present	629.825	629.83	604.61	604.19	0.1738	662.83	0.0601	582.6	712.94	629.81	707.9	494.86	606.18	618.76	772.74	474.8	586.92	514.15	623.2	446.51	543.55	627.12	662.83	136.047	NA	136.05	136.72	0.0773	167.04	0.0274	126.3	152.96	118.25	147.53	9.772	9.77	9.8	9.79	0.113	9.73	0.0573	15.4983	1.3485	37.3113	60.6551	10.1912	139.5685	0.2289	2.6914	0.4996	0.8105	0.5308	635.91	0.00191	0.0197	0.07863	-0.05457	-0.00555	135.03	0.00551	0.0132	0.00968	0.01919	-0.02171	9.61	0.00273	0.0749	1.11222	0.05063	-0.57937	16	-0.01396	0.01672	0.06837	0.02136	0.01137	-0.06785	-0.02291	-0.05209	-0.03951	-0.0108	-0.06071	0.02313	-0.05445	0.00323	0.04947	-0.14536	-0.009	0.04697	-0.06229	0.02762	0.084	-0.00033	0.03573	-0.01872	0.00905	-0.05869	0.01273	0.03902	0.0175	0.01437	-0.01552	0.03759	289.03	795229688	807269716	1000	/scratch.global/lanej/1000G/ngs_dose/1000G_highcov/crams/HG01073.cram	9ab0a0e8,a23ef9ed,7f3b4c3c	184ab16e		14	0.997671	0.998535	0.99968	0.999636	1.989	1.753	0.14	631.675	172.947	scan	F	PUR	AMR	F	0.999703	0.99964	0.997646	NA	-0.05	1.1132	0.9904	609.1429	606.1363	665.3413	142.465	9.6568	1.9937	621.1945	126.1466	616.7413	612.9223	693.5171	138.7883	9.7055	1.9948	604.184	192.25	598.7074	1.8032	0.1162	34.3938	F	2504	chrX 1.82 (mosaic X loss?)
HG01074	scan	0.1.0+fae1124	37.516	150	448	450	0.0823	0.9643	1.2506	0.0581	0.0448		1.9871	42.0138	669.7164	0.9778	0.9754	present	477.969	477.97	464.36	470.46	0.1605	519.66	0.0487	471.95	610.25	485.81	556.3	403.83	517.54	493.1	645.48	385.53	498.93	400.55	502.56	364.04	469.16	476.22	509.38	156.957	NA	156.96	155.37	0.0735	199.01	0.027	143.93	181.84	136.47	175.32	9.72	9.72	9.87	9.9	0.1101	9.8	0.0481	16.0334	11.1025	48.4417	65.1646	10.6929	136.5301	0.245	2.4654	0.5762	0.8494	0.6035	489.46	0.00477	0.0492	0.22734	-0.14516	-0.32771	155.77	0.00664	0.0159	-0.01867	0.01007	0.02831	9.71	0.00256	0.0703	0.26599	-0.08889	-0.45383	16	0.08941	-0.03729	-0.07366	-0.11525	0.07614	-0.02779	-0.12071	0.169	0.05449	0.12921	0.06307	-0.10534	-0.01217	-0.04816	-0.02046	0.03253	0.06919	-0.02929	0.02973	-0.08294	-0.06362	-0.03426	0.00834	-0.0561	-0.0328	0.03819	-0.03162	-0.0718	-0.03043	0.04451	0.0035	-0.03347	246.74	742899500	753829466	1000	/scratch.global/lanej/1000G/ngs_dose/1000G_highcov/crams/HG01074.cram	9ab0a0e8,a23ef9ed,7f3b4c3c	184ab16e		14	0.997849	0.998998	0.999606	0.999356	2.032	0.979	0.746	660.512	50.966	scan	M	PUR	AMR	M	0.999785	0.999407	0.997942	NA	0.05	1.1366	0.9925	446.5476	437.293	502.9131	154.4549	9.6532	1.9884	662.0723	43.6712	449.1529	440.3334	505.8119	166.357	9.5676	1.9887	640.2462	42.5428	627.2524	1.0042	0.7512	33.2833	M	698	
HG01075	scan	0.1.0+fae1124	39.292	150	413	400	0.0798	0.9648	1.2443	0.0573	0.0411		1.9973	24.0946	629.5302	0.9956	0.9744	present	412.911	412.91	399.96	412.21	0.2049	448.04	0.0478	414.77	537.51	435.34	495.43	342.21	424.38	449.79	589.08	347.9	450.1	362.83	451.78	317.03	403.24	405.51	434.99	153.08	NA	153.08	152.72	0.0687	193.23	0.0216	144.75	181.87	133.36	169.26	9.611	9.61	9.75	9.84	0.127	9.68	0.0458	19.3676	10.0756	53.3697	80.5642	9.7496	140.8679	0.2449	2.5413	0.4915	0.8936	0.2994	420.73	0.00434	0.0447	-0.37069	0.24541	-0.87229	152.41	0.01065	0.0255	-0.023	0.03212	-0.0021	9.64	0.00252	0.0691	-1.46584	-0.43046	0.50836	16	-0.09257	-0.02179	0.01424	-0.09624	0.00425	0.03849	0.0337	-0.16165	0.05708	0.04075	0.01114	0.04564	0.02536	-0.04315	-0.00527	-0.01056	-0.04086	0.04983	0.01437	0.01777	0.09229	0.03697	0.05732	-0.04067	0.02894	-0.02733	-0.0141	-0.0782	0.0037	-0.06655	-0.04632	-0.0224	316.72	782591124	796265177	1000	/scratch.global/lanej/1000G/ngs_dose/1000G_highcov/crams/HG01075.cram	9ab0a0e8,a23ef9ed,7f3b4c3c	184ab16e		14	0.997732	0.998888	0.999638	0.99993	2.011	0.988	0.798	620.808	29.633	scan	M	PUR	AMR	M	0.999513	0.999928	0.997815	NA	-0.02	1.1775	1.0347	430.5384	422.6168	503.6711	155.6129	9.6917	2.0	600.1373	31.4163	395.7178	391.2237	458.8478	146.2266	9.7458	1.998	662.5148	27.0469	587.2059	1.0084	0.7886	34.9247	M	2504	
HG01077	scan	0.1.0+fae1124	36.809	150	426	450	0.1024	0.9588	1.2891	0.0622	0.0517		1.9996	22.4371	665.2468	1.9194	0.0033	present	430.921	430.92	407.48	406.45	0.202	456.46	0.0535	395.2	483.51	430.63	503.2	303.87	373.79	378.97	473.91	309.47	383.17	329.77	412.69	277.56	336.41	426.06	461.0	144.09	NA	144.09	141.44	0.0826	183.73	0.0293	137.24	173.76	126.48	162.53	9.526	9.53	9.63	9.66	0.1128	9.57	0.0587	12.601	1.0506	39.874	62.5623	10.6423	131.4921	0.2241	2.9642	0.5196	0.7382	0.3689	431.58	0.00417	0.043	-0.25006	0.45781	0.1205	142.23	0.00888	0.0212	0.04442	0.02054	-3e-05	9.48	0.00274	0.0752	-0.29406	-0.24917	-0.11511	16	0.18495	0.1117	0.18919	-0.03098	0.02031	-0.02587	-0.06745	0.09019	0.02366	-0.04798	-0.02117	0.06073	-0.00027	-0.01835	-0.17853	0.02908	-0.07387	-0.02985	-0.11294	-0.00057	-0.05451	0.04623	0.03801	-0.00782	-0.01171	0.00239	0.03128	0.09567	0.0114	0.1104	-0.01018	-0.04826	391.21	739702574	751297610	1000	/scratch.global/lanej/1000G/ngs_dose/1000G_highcov/crams/HG01077.cram	9ab0a0e8,a23ef9ed,7f3b4c3c	184ab16e		14	0.997648	0.998227	0.999518	0.999921	2.009	1.854	0.149	661.377	27.374	scan	F	PUR	AMR	F	0.999636	0.999938	0.997796	NA	-0.18	1.1659	0.9978	406.1399	404.1943	475.2213	139.0462	9.5645	2.004	613.8471	28.8844	432.7234	427.1725	498.9281	137.5647	9.5726	2.0023	776.4738	29.6486	628.6986	1.9044	0.1238	31.841	F	2504	
HG01079	scan	0.1.0+fae1124	36.485	150	442	450	0.0941	0.9691	1.285	0.0632	0.043		1.9923	20.7042	766.8644	0.989	0.9796	present	599.08	599.08	571.27	570.59	0.2081	638.26	0.0544	557.74	704.32	608.14	703.32	445.01	557.83	559.89	720.95	437.1	554.17	475.97	600.9	414.01	519.64	593.96	636.07	148.35	NA	148.35	148.42	0.0762	190.87	0.0243	128.26	164.94	128.42	167.04	9.925	9.93	9.92	9.91	0.1142	9.83	0.0559	26.7512	11.0444	63.2131	64.9818	10.6663	138.9871	0.2555	2.7161	0.7024	0.8503	0.499	603.77	0.00262	0.027	0.22638	0.55699	-0.09092	147.6	0.0058	0.0139	-0.00957	-0.00716	0.03222	9.74	0.00267	0.0732	0.39074	0.33771	0.14127	16	0.00743	-0.04243	-0.09135	-0.08905	-0.04875	0.06916	0.20526	-0.08243	0.13454	0.04625	0.06554	-0.02125	-0.00304	-0.1029	-0.01809	0.00967	-0.05373	-0.04071	0.03938	0.05309	0.09152	-0.05613	0.01277	0.02666	-0.024	-0.02554	0.00194	-0.0604	-0.06595	-0.03071	0.03364	0.01884	319.09	726459464	737586277	1000	/scratch.global/lanej/1000G/ngs_dose/1000G_highcov/crams/HG01079.cram	9ab0a0e8,a23ef9ed,7f3b4c3c	184ab16e		14	0.997718	0.998682	0.99964	1.0	2.083	0.974	0.769	743.996	24.734	scan	M	PUR	AMR	M	0.99978	1.0	0.997884	NA	0.08	1.1649	1.0072	640.7823	635.7686	742.3549	144.4485	9.7341	1.9922	778.6527	26.9191	620.4088	616.6593	703.5464	147.1036	9.674	1.9933	667.2385	19.2666	702.6416	0.9948	0.7712	32.0295	M	2504	
HG01080	scan	0.1.0+fae1124	38.277	150	432	450	0.0815	0.9649	1.2341	0.0685	0.0387		1.9992	20.4858	725.5457	1.9432	0.0026	present	575.641	575.64	555.11	563.03	0.1917	616.26	0.0525	544.8	701.3	588.17	665.42	477.24	601.36	613.17	792.74	462.26	589.13	490.83	606.98	426.17	548.86	569.46	604.97	138.533	NA	138.53	138.09	0.0733	173.05	0.0244	127.27	160.67	121.04	152.54	9.653	9.65	9.75	9.74	0.1164	9.69	0.0489	19.2014	0.8984	55.0318	56.7132	11.4488	140.9174	0.2432	3.1846	0.8413	0.8495	0.4502	581.3	0.00287	0.0295	0.4476	0.25818	-0.51737	138.09	0.0045	0.0108	-0.00558	0.01426	0.01505	9.59	0.00261	0.0716	-0.37206	0.25088	0.34113	16	-0.11886	0.06639	0.01426	-0.08468	0.03497	0.02944	-0.02821	0.03135	-0.04005	0.02499	-0.02325	0.09116	-0.07062	0.01478	0.02112	-0.02775	-0.04551	-0.03787	0.07073	0.05457	-0.01638	0.01159	-0.04354	-0.1173	0.00131	0.00695	0.00548	-0.04353	-0.03552	0.05398	-0.01405	-0.05878	290.21	773247122	784909004	1000	/scratch.global/lanej/1000G/ngs_dose/1000G_highcov/crams/HG01080.cram	9ab0a0e8,a23ef9ed,7f3b4c3c	184ab16e		14	0.997645	0.998978	0.999574	0.999859	2.061	1.895	0.134	698.956	24.331	scan	F	PUR	AMR	F	0.9996	0.999877	0.997825	NA	-0.07	1.1447	1.0118	545.5844	540.8887	621.7136	140.9764	9.6522	2.0007	728.7108	20.1868	549.125	549.0361	626.3794	139.4118	9.5792	2.0007	734.0845	30.4469	658.2635	1.9418	0.1126	33.907	F	2504	
HG01081	scan	0.1.0+fae1124	37.846	150	445	450	0.0723	0.9536	1.3227	0.0592	0.0474		2.0	10.6085	619.1118	1.9188	0.0016	present	639.103	639.1	604.77	610.23	0.2046	698.2	0.0514	598.61	838.33	648.15	767.78	494.32	678.65	607.16	857.53	478.44	665.37	517.25	688.31	439.41	614.47	625.67	680.4	132.18	NA	132.18	131.48	0.076	177.8	0.0216	122.93	166.15	114.63	156.32	9.68	9.68	9.82	9.83	0.1158	9.71	0.0432	24.5403	1.7294	64.7672	54.3887	11.9131	137.7662	0.2515	3.1746	0.5423	0.8187	0.2704	639.13	0.00245	0.0253	0.17917	0.51878	-0.28924	131.29	0.00545	0.013	-0.01853	-0.00548	0.00926	9.66	0.00282	0.0774	-0.46913	0.08779	0.24548	16	0.06659	0.07472	0.09268	0.00819	-0.14425	-0.01685	0.13087	0.06706	0.06447	0.05342	0.02444	-0.00618	-0.0335	-0.04375	-0.00377	0.03519	-0.03119	-0.00335	-0.00809	0.01639	-0.00602	-0.04332	0.09395	0.07261	-0.05394	-0.05586	-0.03012	0.00496	-0.01656	-0.02079	0.14552	-0.09819	221.78	765889576	776485864	1000	/scratch.global/lanej/1000G/ngs_dose/1000G_highcov/crams/HG01081.cram	9ab0a0e8,a23ef9ed,7f3b4c3c	184ab16e		14	0.997847	0.99822	0.99958	0.99996	2.099	1.864	0.132	587.816	12.688	scan	F	PUR	AMR	F	0.999671	0.999962	0.997727	NA	0.0	1.2013	1.0141	645.87	646.1506	772.1521	125.9933	9.7313	1.9984	662.3171	10.5671	594.7504	597.814	674.611	131.7347	9.7169	2.0022	643.5269	13.9476	562.843	1.908	0.11	34.0148	F	698	
HG01082	scan	0.1.0+fae1124	38.735	150	415	400	0.1204	0.9658	1.2259	0.0498	0.047		1.9938	38.4593	696.8141	0.9791	0.9762	present	374.956	374.96	356.98	362.83	0.1659	399.54	0.0583	348.86	449.95	381.18	436.35	277.06	342.98	384.86	500.78	287.09	368.45	311.16	386.01	260.48	331.61	369.41	396.23	155.15	NA	155.15	155.39	0.0764	194.91	0.0321	140.71	176.74	132.76	167.5	9.749	9.75	9.9	9.92	0.1111	9.83	0.0727	11.8313	10.7318	68.8432	74.3129	8.6347	137.3573	0.2357	2.2399	0.4813	0.919	0.4093	372.62	0.00296	0.0305	0.30508	-0.26855	0.05755	154.74	0.00633	0.0151	-0.04033	-0.00899	-0.02177	9.74	0.00273	0.0748	0.23172	-0.19853	-0.09475	16	0.08425	-0.00906	-0.00272	0.01502	0.12802	0.1377	-0.00401	-0.09739	-0.00091	0.0607	0.03697	0.02008	0.04065	-0.05311	-0.03377	-0.02203	0.01246	0.03569	0.01684	0.00726	-0.03355	0.00174	-0.06515	0.10537	-0.00251	0.05474	-0.03896	0.08264	-0.04805	-0.16559	-0.0119	0.06627	206.72	768842068	781247274	1000	/scratch.global/lanej/1000G/ngs_dose/1000G_highcov/crams/HG01082.cram	9ab0a0e8,a23ef9ed,7f3b4c3c	184ab16e		14	0.997833	0.998454	0.999582	0.999876	2.03	0.972	0.766	688.496	46.235	scan	M	PUR	AMR	M	0.999675	0.999903	0.997846	NA	0.08	1.171	1.023	372.1893	374.2823	434.6473	157.7128	9.7335	1.9943	681.4121	41.8987	382.5949	383.971	442.804	142.2856	9.7086	1.994	795.1099	27.027	651.0388	0.9932	0.7754	32.8633	M	2504	
HG01083	scan	0.1.0+fae1124	43.127	150	429	450	0.0767	0.9545	1.3009	0.0583	0.0552		1.9943	34.9094	818.4713	1.9126	0.003	present	338.353	338.35	333.33	336.34	0.1699	383.02	0.045	343.51	470.53	361.07	426.84	290.12	388.6	338.25	469.21	277.8	377.88	288.93	379.84	255.58	349.41	340.64	370.57	183.188	NA	183.19	185.37	0.0855	244.13	0.0302	170.1	228.44	148.1	200.06	8.98	8.98	9.05	9.06	0.1155	8.97	0.0435	16.9901	2.1367	53.565	49.1485	13.2872	138.6117	0.2241	2.8251	0.4576	0.8048	0.5946	348.06	0.00407	0.042	-0.34976	-0.36064	-0.09981	185.24	0.008	0.0192	-0.09869	-0.06474	-0.00961	8.84	0.00276	0.0758	0.85626	0.34391	0.12934	16	0.31308	0.1641	0.1819	0.05222	0.03029	-0.12697	0.00885	-0.09772	-0.0596	-0.09912	-0.01107	-0.00318	-0.03629	-0.08138	0.04699	-0.00521	0.12044	-0.08155	-0.08499	-0.03441	0.03452	-0.01467	-0.00542	0.01738	-0.01064	0.04642	-0.03084	0.00266	0.04163	-0.07881	-0.01316	0.00189	318.23	867792328	879893191	1000	/scratch.global/lanej/1000G/ngs_dose/1000G_highcov/crams/HG01083.cram	9ab0a0e8,a23ef9ed,7f3b4c3c	184ab16e		14	0.997232	0.99841	0.999256	0.999721	2.062	1.861	0.129	802.194	43.08	scan	F	PUR	AMR	F	0.999311	0.999765	0.997327	NA	-0.82	1.2263	1.0374	345.6986	335.594	421.6744	190.5007	8.8642	1.999	888.3919	56.7586	319.0424	312.1237	370.6494	183.4223	8.7941	1.9987	814.4805	45.6736	746.6082	1.9136	0.1082	38.294	F	2504	DJ -0.82 copies
HG01084	scan	0.1.0+fae1124	38.613	150	452	450	0.0828	0.9675	1.243	0.0656	0.0438		1.9949	83.4154	654.0775	1.935	0.0019	present	383.635	383.63	368.56	370.59	0.201	408.19	0.0473	375.68	476.59	394.52	447.89	300.51	376.87	376.68	489.47	292.58	372.55	310.47	387.53	270.27	340.06	379.79	402.45	140.304	NA	140.3	138.22	0.0856	177.99	0.024	127.78	161.76	116.0	149.38	9.643	9.64	9.74	9.73	0.1133	9.66	0.0471	11.5723	2.515	66.0364	50.7879	10.274	131.8684	0.2272	2.3979	0.5145	0.8277	0.3411	388.56	0.00213	0.022	0.02341	0.38542	-0.18283	140.52	0.00983	0.0235	-0.0457	-0.05203	0.00119	9.58	0.00272	0.0746	0.48134	-0.30824	-0.23964	16	-0.05269	-0.00873	-0.03048	0.01183	-0.03218	0.03036	-0.04502	0.07609	0.05269	-0.02269	0.02457	-0.02003	0.14001	-0.00135	-0.09055	-0.06241	0.00534	-0.02774	-0.06772	0.00855	0.01807	0.14026	0.01588	-0.00947	0.10811	0.04277	-0.03559	-0.05594	-0.01185	-0.01299	0.01365	0.02349	398.18	776102916	785917358	1000	/scratch.global/lanej/1000G/ngs_dose/1000G_highcov/crams/HG01084.cram	9ab0a0e8,a23ef9ed,7f3b4c3c	184ab16e		14	0.997881	0.99832	0.99964	0.999922	2.016	1.873	0.122	642.019	98.795	scan	F	PUR	AMR	F	0.999776	0.999943	0.997822	NA	-0.08	1.1527	1.0153	384.0292	380.6848	439.4397	140.2179	9.6507	1.9973	612.0992	84.8836	383.2062	380.3409	435.1485	142.4257	9.5992	1.9951	658.7554	67.5076	608.3094	1.9304	0.1026	34.1266	F	698	
HG01085	scan	0.1.0+fae1124	35.861	150	435	450	0.0781	0.9909	1.0939	0.0695	0.0444		2.0078	108.1086	723.073	0.9832	0.9884	present	279.801	279.8	264.01	264.34	0.2355	264.8	0.037	259.86	240.58	277.96	288.85	190.52	180.59	233.66	226.49	190.76	182.08	209.68	218.21	169.02	153.59	274.98	277.44	216.683	NA	216.68	213.67	0.0989	232.54	0.0237	206.78	219.52	186.42	200.66	8.696	8.7	8.78	8.8	0.1178	8.74	0.0447	17.0994	10.8115	45.5254	63.9491	9.3862	127.451	0.2333	2.7847	0.7412	0.81	0.3494	281.55	0.00587	0.0605	-0.75076	0.819	0.05769	215.54	0.0054	0.0129	0.05463	-0.04169	-0.008	8.65	0.0027	0.0741	0.39834	0.19644	-0.26911	16	0.04031	-0.06999	0.02273	0.02507	0.02674	-0.00686	0.07477	-0.09362	0.01517	-0.06777	-0.01958	0.00815	0.07434	-0.01794	-0.08833	0.00824	-0.09463	0.02099	-0.0803	0.04899	0.09706	-0.00937	-0.00249	0.03298	-0.02761	0.03308	0.03834	-0.06214	0.0355	-0.03064	-0.06426	-0.04472	251.94	710516468	720828917	1000	/scratch.global/lanej/1000G/ngs_dose/1000G_highcov/crams/HG01085.cram	9ab0a0e8,a23ef9ed,7f3b4c3c	184ab16e		14	0.997195	0.998539	0.999525	0.999888	2.012	0.987	0.751	701.087	114.759	scan	M	PUR	AMR	M	0.999757	0.999903	0.997355	NA	-1.01	1.0259	0.9872	293.5637	290.7415	303.5507	213.0408	8.6415	2.0079	677.0439	135.0328	281.3053	276.1659	321.3725	266.2807	8.6616	2.0079	735.2294	149.0635	656.8631	1.0122	0.7506	31.8114	M	2504	DJ -1.01 copies
HG01086	scan	0.1.0+fae1124	37.242	150	434	450	0.0984	0.9688	1.2254	0.0631	0.0428		2.0001	66.2097	689.6251	1.9442	0.0024	present	426.393	426.39	406.59	408.7	0.1953	448.88	0.0537	387.7	486.66	435.34	489.89	311.3	388.79	398.65	506.47	301.43	379.45	333.65	409.18	269.86	337.52	425.41	451.07	151.154	NA	151.15	148.97	0.0847	187.44	0.0318	138.93	171.58	130.68	163.87	9.5	9.5	9.67	9.71	0.1199	9.6	0.0588	17.7743	1.4587	46.3075	68.7208	11.4345	134.8605	0.2438	2.5909	0.4891	0.8282	0.499	430.62	0.00331	0.0341	-0.14425	0.20333	0.20365	150.08	0.00496	0.0119	0.03114	-0.00075	0.00804	9.51	0.00287	0.0787	-1.04576	-0.97415	0.09866	16	-0.25821	0.10345	0.1878	-0.01571	-0.00067	-0.00383	0.01417	-0.0112	0.00798	-0.06631	0.00341	0.07867	-0.00518	-0.0023	-0.04044	0.00646	0.01603	-0.00878	0.0083	-0.01592	0.06008	0.07805	-0.05404	0.05092	0.05959	0.1079	0.00666	-0.0036	-0.09288	-0.01843	0.03027	-0.07057	1076.07	748780046	761832164	1000	/scratch.global/lanej/1000G/ngs_dose/1000G_highcov/crams/HG01086.cram	9ab0a0e8,a23ef9ed,7f3b4c3c	184ab16e		14	0.997874	0.998886	0.999583	0.999904	1.997	1.868	0.161	672.128	77.682	scan	F	PUR	AMR	F	0.999632	0.999901	0.997895	NA	-0.15	1.1376	1.011	427.9799	424.2222	487.2555	148.9292	9.7008	2.0003	653.1177	91.7805	451.0267	448.3608	515.0436	147.2468	9.5568	1.9974	622.8087	83.1388	636.7396	1.9244	0.1332	32.301	F	2504	
HG01087	scan	0.1.0+fae1124	35.613	150	439	450	0.0748	0.9738	1.19	0.0677	0.043		2.0059	20.0247	857.5007	1.9472	0.0066	present	343.036	343.04	325.41	329.86	0.2203	349.69	0.0411	314.23	362.08	353.62	391.15	260.42	300.56	313.39	370.03	249.62	290.71	272.36	318.87	226.59	258.13	337.39	353.08	197.191	NA	197.19	194.13	0.0824	234.27	0.0214	176.25	208.07	172.75	207.0	9.586	9.59	9.73	9.72	0.1138	9.67	0.0436	14.6863	1.6264	52.9547	59.353	11.5011	137.7284	0.2438	2.7526	0.6056	0.8837	0.6203	348.23	0.00356	0.0367	-0.71269	0.60779	-0.28351	195.86	0.00352	0.0084	0.01776	-0.00921	0.02467	9.57	0.00272	0.0747	-0.18368	-0.46144	0.59828	16	-0.04616	-0.0177	-0.00642	-0.19262	-0.03053	-0.08294	0.11313	0.04155	0.05563	0.06492	0.04162	-0.10176	0.08827	-0.02615	-0.02406	-0.01771	-0.01006	-0.04883	0.10542	0.02463	0.08216	-0.01738	-0.05745	-0.02401	-0.08316	-0.09375	-0.05666	-0.07647	-0.14681	0.03832	-0.03395	0.04598	311.14	718116422	728346781	1000	/scratch.global/lanej/1000G/ngs_dose/1000G_highcov/crams/HG01087.cram	9ab0a0e8,a23ef9ed,7f3b4c3c	184ab16e		14	0.997483	0.999174	0.999554	0.999936	2.019	1.893	0.147	841.853	22.746	scan	F	PUR	AMR	F	0.999618	0.99997	0.997496	NA	-0.09	1.1233	1.0155	345.5047	342.2646	380.2253	194.1944	9.6551	2.0079	783.1085	29.7747	329.0225	323.5512	378.3183	193.6801	9.6886	2.0081	699.7223	25.1369	781.2129	1.9426	0.1212	31.8346	F	698	
HG01088	scan	0.1.0+fae1124	39.257	150	419	400	0.1041	0.9699	1.24	0.0677	0.0365		2.0053	25.7057	1166.7757	0.9963	0.9823	present	313.054	313.05	299.01	301.14	0.1804	326.49	0.0521	288.82	347.12	318.43	356.34	221.68	254.3	289.13	356.01	236.16	285.52	250.05	300.69	213.13	249.99	311.89	329.92	118.553	NA	118.55	119.0	0.0832	145.89	0.0247	114.43	139.24	103.47	128.15	11.096	11.1	11.27	11.14	0.1287	11.18	0.0588	18.7573	16.5966	46.1569	88.4599	11.4075	121.4059	0.2655	2.6859	0.3807	0.9438	0.1941	314.73	0.0026	0.0268	-0.31184	-0.06877	0.16277	117.82	0.012	0.0287	0.02777	0.01977	0.00061	10.96	0.00358	0.0981	-0.25423	-0.6117	0.24732	16	-0.2416	-0.13794	-0.09209	-0.21927	0.17077	0.13149	-0.02853	-0.12066	0.13352	0.04947	0.07325	0.03337	0.06112	-0.01759	-0.06494	0.07534	-0.04057	0.02278	-0.01496	0.01096	0.07647	-0.10605	0.00774	0.03277	0.00242	-0.00443	-0.04828	0.05885	0.04531	-0.05656	0.10105	-0.08824	357.91	780634164	794317751	1000	/scratch.global/lanej/1000G/ngs_dose/1000G_highcov/crams/HG01088.cram	9ab0a0e8,a23ef9ed,7f3b4c3c	184ab16e		14	0.99808	0.997351	0.999594	0.99993	1.997	0.986	0.914	1137.857	30.247	scan	M	PUR	AMR	M	0.999719	1.0	0.997927	NA	1.3	1.1322	1.0118	318.0303	315.737	361.9396	117.6211	10.9523	2.0078	1021.1336	39.5507	294.2971	291.8967	336.5591	129.5073	10.7117	2.0062	1012.752	23.1994	1024.8563	1.0106	0.9144	33.8387	M	2504	DJ +1.30 copies
HG01089	scan	0.1.0+fae1124	49.443	150	429	450	0.0967	0.9682	1.256	0.0638	0.044		2.0007	62.2676	690.6159	1.8095	0.0023	present	416.65	416.65	400.9	404.9	0.2057	442.06	0.0556	406.64	499.27	434.41	494.82	328.41	401.64	402.83	507.98	319.45	395.5	336.84	415.71	288.37	349.35	412.9	438.34	161.272	NA	161.27	159.7	0.0819	202.29	0.0292	144.6	180.69	139.73	177.09	10.825	10.83	10.91	10.95	0.127	10.82	0.0578	21.0975	2.2126	45.8528	51.1248	11.3984	138.2154	0.2538	2.2872	0.6699	0.95	0.449	425.75	0.00223	0.023	-0.61869	0.39594	-0.25111	159.92	0.00765	0.0183	0.02718	0.02425	-0.01035	10.78	0.00398	0.1091	1.3093	-0.05131	2.0281	16	-0.08765	0.02329	0.0265	0.20896	-0.11636	0.07808	0.11416	-0.02664	0.06665	-0.03273	0.00685	0.00756	0.00272	-0.06906	-0.03199	0.06532	0.04674	-0.01779	0.0601	-0.06108	0.00557	0.01477	-0.00924	-0.02666	-0.09618	0.00526	-0.03769	-0.06466	-0.02558	-0.02295	0.00922	0.02749	764.57	995533522	1009574133	1000	/scratch.global/lanej/1000G/ngs_dose/1000G_highcov/crams/HG01089.cram	9ab0a0e8,a23ef9ed,7f3b4c3c	184ab16e		14	0.997693	0.998465	0.999624	0.999826	2.029	1.753	0.134	674.773	74.266	scan	F	PUR	AMR	F	0.999801	0.99982	0.997968	NA	1.12	1.1622	1.0203	461.7433	450.1157	546.6181	151.6964	10.8111	1.9952	759.2182	56.1129	444.8064	434.6839	516.3651	162.6915	10.7332	1.9958	713.6883	45.627	625.1681	1.7982	0.1128	43.1191	F	2504	chrX 1.81 (mosaic X loss?); DJ +1.12 copies
HG01092	scan	0.1.0+fae1124	34.597	150	431	450	0.0847	0.985	1.1478	0.0629	0.0529		1.9855	40.2185	787.8492	1.903	0.0036	present	374.613	374.61	356.76	353.19	0.2281	366.45	0.0419	340.01	329.96	381.58	406.41	252.68	250.63	317.99	320.26	263.98	262.97	283.36	305.32	225.06	215.08	372.78	383.19	167.803	NA	167.8	163.51	0.0992	186.08	0.0267	143.22	157.3	149.97	166.68	9.781	9.78	9.9	9.96	0.1165	9.87	0.0487	18.7129	2.1523	40.9629	47.3071	12.7357	134.1903	0.2288	2.8406	0.5223	0.8203	0.3384	377.05	0.00655	0.0675	-0.51445	0.76096	0.24065	163.51	0.01985	0.0475	0.10134	0.03104	-0.02167	9.75	0.00277	0.076	0.20448	0.04863	-0.02206	16	0.22776	0.14942	0.15937	0.01374	-0.06216	-0.06912	0.06185	-0.04795	0.021	-0.01377	-0.00294	-0.08817	-0.04461	0.0472	-0.13074	0.05692	0.01471	0.00042	0.0387	0.01257	0.06156	0.03876	-0.01729	-0.02174	0.12072	-0.03284	0.18535	0.01433	-0.00632	0.07946	0.00636	-0.11505	223.81	695614266	705019394	1000	/scratch.global/lanej/1000G/ngs_dose/1000G_highcov/crams/HG01092.cram	9ab0a0e8,a23ef9ed,7f3b4c3c	184ab16e		14	0.997523	0.998228	0.999484	0.999896	2.024	1.86	0.126	783.489	44.275	scan	F	PUR	AMR	F	0.999784	0.999917	0.997649	NA	0.09	1.0779	1.012	388.1922	384.5451	419.4219	156.6259	9.7865	1.9882	714.1675	43.5784	392.9487	384.7872	453.056	181.124	9.8417	1.989	758.0265	56.9567	730.7137	1.9104	0.1048	30.5056	F	2504	
HG01094	scan	0.1.0+fae1124	37.166	150	431	450	0.0932	0.9617	1.2656	0.067	0.0445		1.9921	88.6295	746.955	0.9809	0.978	present	543.176	543.18	520.06	521.61	0.1922	578.91	0.0551	517.03	642.13	556.77	640.59	410.5	508.86	532.89	674.7	411.79	515.14	438.95	547.18	380.93	470.32	537.46	575.65	197.835	NA	197.84	194.2	0.09	251.1	0.0274	176.03	222.3	167.53	215.0	9.717	9.72	9.83	9.79	0.1167	9.75	0.055	18.5223	9.5649	52.2523	76.7891	9.6194	133.9366	0.2816	3.5459	0.7046	0.8338	0.1989	547.62	0.0021	0.0217	-0.2416	0.16638	0.04177	195.94	0.01184	0.0283	0.04103	-0.00648	-0.00083	9.65	0.00247	0.0678	0.4995	-0.18855	-0.23082	16	-0.00049	-0.12184	-0.01236	-0.09684	-0.06794	-0.00968	0.16681	-0.06273	0.02928	0.08896	0.02711	0.06286	0.00059	0.07906	-0.03592	0.09013	0.14549	0.02459	0.00082	0.03146	-0.00678	-0.09882	0.13691	-0.08447	0.09642	-0.0677	-0.02965	-0.17181	-0.07929	0.06223	-0.01035	0.07394	304.79	740545322	752398533	1000	/scratch.global/lanej/1000G/ngs_dose/1000G_highcov/crams/HG01094.cram	9ab0a0e8,a23ef9ed,7f3b4c3c	184ab16e		14	0.997546	0.998091	0.999645	0.999971	2.049	0.979	0.829	732.601	109.116	scan	M	PUR	AMR	M	0.999722	0.99997	0.997736	NA	-0.01	1.1698	1.0167	568.4581	561.0255	670.0779	186.7046	9.5832	1.9903	711.8659	79.0721	550.4487	545.6374	628.419	182.8698	9.6228	1.9934	708.5139	48.4084	692.0353	1.0024	0.8286	32.564	M	2504	
HG01095	scan	0.1.0+fae1124	35.271	150	423	400	0.1044	0.9663	1.2443	0.059	0.0348		2.0044	163.318	884.4376	1.9542	0.0026	present	405.627	405.63	386.98	394.51	0.1808	431.32	0.0527	388.41	488.37	407.85	467.2	306.25	370.13	398.28	508.75	310.54	390.62	332.76	411.07	297.71	368.41	399.47	428.5	212.014	NA	212.01	208.16	0.0791	266.69	0.027	191.75	240.03	191.42	242.01	9.623	9.62	9.74	9.76	0.1211	9.67	0.0602	21.9221	1.4466	37.5763	68.8354	9.6653	135.6755	0.2356	2.0947	0.5327	0.6862	0.6314	406.88	0.00317	0.0327	0.23735	-0.00809	-0.20737	208.32	0.00492	0.0118	0.04	0.03244	0.01586	9.61	0.00283	0.0775	-0.13423	0.6066	-0.41266	16	-0.32669	-0.06535	-0.13463	-0.01413	-0.03545	-0.05199	-0.06751	0.03648	-0.00451	0.06261	-0.002	0.0332	-0.01894	-0.04777	-0.03951	-0.0581	-0.02584	0.14493	-0.10453	0.04668	-0.01575	-0.01422	0.04257	0.04625	0.07208	-0.04296	0.09347	-0.06221	0.04465	-0.01861	-0.01886	0.0797	182.89	715803602	727723863	1000	/scratch.global/lanej/1000G/ngs_dose/1000G_highcov/crams/HG01095.cram	9ab0a0e8,a23ef9ed,7f3b4c3c	184ab16e		14	0.997339	0.998868	0.999571	0.999801	1.994	1.911	0.146	876.575	208.845	scan	F	PUR	AMR	F	0.999813	0.999868	0.997298	NA	-0.05	1.1483	1.0024	388.4537	388.1675	445.0424	211.3659	9.6141	2.0038	838.4664	150.4409	395.425	392.4188	449.3264	203.7569	9.527	2.0041	785.5526	160.4206	821.126	1.9592	0.122	30.4812	F	2504	
HG01096	scan	0.1.0+fae1124	38.672	150	436	450	0.0843	0.9636	1.2553	0.0604	0.0427		2.0086	137.644	925.0447	1.0018	0.9789	present	555.288	555.29	531.88	536.57	0.1759	597.71	0.0542	538.85	704.46	561.72	645.77	450.08	583.62	522.22	689.81	429.81	562.62	450.42	571.85	391.43	512.94	548.34	587.4	238.4	NA	238.4	232.47	0.0732	307.37	0.0257	208.86	267.48	208.78	273.79	9.783	9.78	9.99	10.02	0.1147	9.9	0.0504	16.4899	9.9862	49.027	80.8497	9.203	130.4844	0.2812	3.0151	0.6401	0.7247	0.5184	555.6	0.00183	0.0189	-0.02323	-0.0293	-0.08864	234.98	0.0062	0.0148	-0.00553	0.01383	0.01402	9.85	0.00264	0.0725	-0.48392	0.03272	-0.94386	16	-0.00654	-0.11349	-0.32376	0.17151	-0.05275	-0.1535	0.04464	-0.04662	0.09423	0.10216	0.0897	-0.00431	0.04004	0.01464	-0.11975	-0.00195	0.07189	0.09532	0.05692	0.00229	-0.06869	0.02921	0.00475	-0.0459	0.03894	-0.02782	0.09265	-0.03798	-0.01463	0.01016	0.00606	0.00753	231.12	774000948	786123932	1000	/scratch.global/lanej/1000G/ngs_dose/1000G_highcov/crams/HG01096.cram	9ab0a0e8,a23ef9ed,7f3b4c3c	184ab16e		14	0.997565	0.998791	0.999525	0.999753	2.031	0.993	0.83	916.258	170.185	scan	M	PUR	AMR	M	0.999757	0.999874	0.997445	NA	0.19	1.1623	1.011	574.1336	571.0808	671.3663	226.5551	9.5271	2.0095	850.8946	79.4531	478.8379	478.6004	547.2892	232.5947	9.4772	2.0095	717.9939	60.2403	847.6028	1.0156	0.8258	34.3223	M	698	
HG01097	scan	0.1.0+fae1124	36.394	150	438	450	0.1032	0.965	1.228	0.0627	0.0532		2.0025	20.0714	603.1081	0.9805	0.9638	present	360.206	360.21	343.55	341.78	0.2036	377.56	0.0528	343.51	413.39	368.91	419.85	273.04	327.94	348.11	427.6	266.2	322.82	286.68	349.4	241.11	288.9	355.24	377.57	145.021	NA	145.02	143.32	0.0825	180.34	0.0341	137.14	169.98	124.42	156.33	9.49	9.49	9.64	9.72	0.1272	9.56	0.0602	15.2647	9.2813	38.9808	72.2203	11.5577	141.1419	0.2434	2.8027	0.4551	0.739	0.348	362.2	0.00235	0.0242	0.14489	0.46034	-0.129	144.22	0.00356	0.0085	0.00414	-0.01381	0.01547	9.52	0.00271	0.0743	-0.37779	-1.14936	-0.21683	16	0.23282	0.03847	0.00663	0.00809	0.0323	0.05261	0.05845	-0.02732	-0.03306	-0.04656	-0.07692	0.03508	0.0085	-0.03354	-0.02197	0.03007	-0.04516	-0.09859	0.029	0.10286	-0.07753	-0.01666	0.10181	0.08524	0.01073	-0.11627	0.02034	0.12295	-0.03147	-0.03372	-0.06096	-0.1196	320.26	721611902	732710075	1000	/scratch.global/lanej/1000G/ngs_dose/1000G_highcov/crams/HG01097.cram	9ab0a0e8,a23ef9ed,7f3b4c3c	184ab16e		14	0.997548	0.99871	0.999637	0.999919	2.039	0.98	0.753	595.132	23.817	scan	M	PUR	AMR	M	0.999803	0.999931	0.997682	NA	-0.14	1.1592	1.0185	362.2303	358.4717	423.6072	144.1752	9.4947	2.0037	643.9874	22.2349	356.0953	353.697	413.9914	147.3265	9.6228	2.0066	697.0388	32.9467	566.8649	1.0018	0.7604	31.5862	M	2504	
HG01098	scan	0.1.0+fae1124	37.341	150	417	400	0.0829	0.9678	1.2218	0.0551	0.0512		1.9966	165.3456	743.2161	1.9286	0.0033	present	392.391	392.39	379.21	379.26	0.1782	418.94	0.048	390.32	480.4	411.06	465.55	308.49	368.27	398.0	498.38	311.12	382.82	326.27	397.75	290.02	354.59	388.82	414.66	189.081	NA	189.08	187.15	0.0787	234.82	0.0308	172.85	213.54	162.73	203.28	9.768	9.77	9.84	9.85	0.1078	9.78	0.051	15.9822	2.9002	43.9349	52.7542	12.807	146.3546	0.2435	3.036	0.6765	0.9231	0.8641	396.72	0.00265	0.0273	-0.03406	-0.02876	-0.18621	187.13	0.00214	0.0051	-0.01575	-0.00615	0.00356	9.67	0.00257	0.0705	0.43161	-0.01406	-0.16943	16	0.31616	0.03785	-0.0319	-0.0191	-0.11376	-0.03279	0.05922	-0.05486	0.00495	-0.05053	-0.04106	-0.03387	-0.01185	0.09187	0.00174	-0.03845	-0.064	-0.00255	-0.04641	-0.02262	-0.07005	-0.03071	-0.0413	0.0943	-0.01528	0.05449	-0.01379	0.01291	0.09344	-0.08511	-0.06615	-0.00932	218.33	759235022	769970403	1000	/scratch.global/lanej/1000G/ngs_dose/1000G_highcov/crams/HG01098.cram	9ab0a0e8,a23ef9ed,7f3b4c3c	184ab16e		14	0.997478	0.998916	0.999584	0.999863	2.045	1.868	0.134	726.445	201.865	scan	F	PUR	AMR	F	0.999676	0.999926	0.997645	NA	0.01	1.1735	1.0361	406.52	401.8959	474.5622	187.5403	9.608	2.0016	753.9797	129.0244	375.8155	371.3684	431.955	170.9286	9.6883	2.0024	747.4514	108.1355	677.4257	1.9082	0.1112	33.0673	F	2504	
HG01099	scan	0.1.0+fae1124	41.328	150	443	450	0.0771	0.9594	1.31	0.0643	0.0435		1.9945	101.8379	574.8908	0.9824	0.9734	present	371.688	371.69	362.58	365.48	0.1945	416.47	0.0465	379.67	543.36	394.52	457.88	323.85	454.01	385.61	553.29	308.76	437.86	320.64	425.79	289.07	414.2	368.07	395.97	168.528	NA	168.53	168.59	0.0583	225.25	0.0255	155.87	208.63	144.91	196.96	9.82	9.82	9.96	9.97	0.1092	9.85	0.0467	19.2597	10.0539	38.8027	67.1075	13.2757	137.1957	0.2571	3.0446	0.5884	0.866	0.6743	377.64	0.00321	0.0331	0.3554	0.22031	-0.65255	167.51	0.0163	0.039	-0.07648	0.04101	0.00249	9.79	0.00239	0.0655	-0.14846	-0.44044	-0.365	16	0.14897	-0.06892	-0.05868	-0.01547	0.0036	-0.03219	0.00716	0.01593	0.02933	0.06971	-0.01726	-0.06875	0.02013	0.06989	0.07712	0.03944	0.01137	-0.06821	-0.1025	0.02786	0.04589	-0.00159	-0.00814	-0.05271	-0.00659	-0.01477	0.04153	0.076	-0.01452	0.0331	0.08016	-0.01642	288.59	820634198	832271273	1000	/scratch.global/lanej/1000G/ngs_dose/1000G_highcov/crams/HG01099.cram	9ab0a0e8,a23ef9ed,7f3b4c3c	184ab16e		14	0.998057	0.998992	0.999646	0.999856	2.021	0.974	0.756	559.731	124.901	scan	M	PUR	AMR	M	0.999874	0.999869	0.998269	NA	0.13	1.2125	1.0447	375.153	369.1417	453.3963	166.0688	9.6757	1.9941	599.6983	73.7558	360.1205	357.6749	415.5929	163.1882	9.7661	1.9976	617.3189	73.3573	529.5453	0.9978	0.7598	36.8787	M	698	
HG01100	scan	0.1.0+fae1124	38.477	150	458	450	0.0684	0.9662	1.2836	0.0613	0.0471		1.9873	48.659	555.2026	1.9164	0.0016	present	370.756	370.76	353.89	354.93	0.1966	398.59	0.0419	355.12	469.33	384.62	441.96	293.83	382.33	348.82	472.18	278.96	369.17	293.87	377.62	262.35	343.38	365.82	391.63	118.552	NA	118.55	116.89	0.081	154.71	0.0232	104.39	136.13	100.31	133.03	10.044	10.04	10.17	10.14	0.1129	10.07	0.0405	23.9064	1.8727	56.3438	65.2695	10.1591	142.4345	0.2474	2.5339	0.5397	0.7883	0.4948	372.3	0.00269	0.0277	-0.1311	0.2914	-0.09006	117.38	0.00715	0.0171	-0.04857	-0.02953	0.00417	10.02	0.00294	0.0805	0.36991	-1.12354	0.91388	16	0.12989	0.01012	-0.02075	-0.07019	-0.10162	-0.14598	0.0736	-0.03366	-0.02566	-0.09941	-0.00152	-0.18129	0.06012	0.03119	0.00377	0.06425	0.09749	0.04874	-0.11575	-0.02064	-0.05124	0.06007	-0.05841	-0.01135	-0.05843	-0.00741	-0.12584	0.03274	-0.03811	0.0164	0.03271	0.01305	528.82	775682920	787639466	1000	/scratch.global/lanej/1000G/ngs_dose/1000G_highcov/crams/HG01100.cram	9ab0a0e8,a23ef9ed,7f3b4c3c	184ab16e		14	0.997849	0.999211	0.999613	0.99991	2.038	1.86	0.142	541.511	58.384	scan	F	PUR	AMR	F	0.999771	0.999907	0.997909	NA	0.36	1.1871	1.0331	394.3819	392.8299	470.1846	114.4875	10.0174	1.9901	550.7036	73.2634	350.029	350.6735	401.1086	130.8019	10.1793	1.992	599.2505	78.8808	519.3041	1.912	0.1172	34.6333	F	698	
HG01101	scan	0.1.0+fae1124	39.145	150	426	450	0.0715	0.9469	1.3463	0.0663	0.0392		1.9997	276.1831	1029.886	0.9907	0.9675	present	302.597	302.6	295.31	299.16	0.1949	348.11	0.0433	300.12	438.66	316.04	382.9	247.96	355.2	280.71	418.49	243.0	354.17	252.87	348.28	228.93	331.25	304.03	335.05	181.799	NA	181.8	181.88	0.0747	252.46	0.0284	170.52	237.27	150.21	211.96	9.716	9.72	9.84	9.87	0.1094	9.74	0.0408	16.0603	10.8564	35.4137	76.2261	11.3761	151.4398	0.2515	2.5089	0.7688	0.9351	0.752	310.19	0.00328	0.0338	0.2026	0.12566	-0.21514	182.34	0.01636	0.0392	-0.08212	-0.01859	-0.01741	9.69	0.00279	0.0765	0.49735	-0.04012	0.15107	16	-0.10211	-0.00183	0.16025	-0.01101	0.13132	0.07537	-0.102	-0.06285	0.04124	0.06554	-0.05234	-0.02117	-0.0026	0.04404	0.04183	-0.00249	0.0931	-0.04618	0.00216	0.0244	0.06886	0.03783	0.00426	0.02292	-0.0069	-0.01458	0.03769	0.06457	0.01448	-0.03991	0.01444	0.07428	222.09	783824596	796682107	1000	/scratch.global/lanej/1000G/ngs_dose/1000G_highcov/crams/HG01101.cram	9ab0a0e8,a23ef9ed,7f3b4c3c	184ab16e		14	0.997492	0.999226	0.9993	0.999797	2.013	0.979	0.755	1008.694	367.313	scan	M	PUR	AMR	M	0.999375	0.999846	0.997736	NA	0.03	1.2344	1.0189	301.1496	294.4262	368.727	186.6135	9.7758	1.9983	969.1798	239.1178	315.1897	310.1603	361.5326	170.7356	9.5567	1.9987	843.5699	128.8403	923.4982	1.0014	0.75	35.0116	M	2504	
HG01102	scan	0.1.0+fae1124	40.396	150	413	400	0.0886	0.958	1.2671	0.0547	0.0455		2.0059	64.0308	759.8843	1.9411	0.0025	present	458.846	458.85	443.59	450.88	0.1532	501.84	0.0509	435.19	572.17	467.69	540.02	365.67	461.01	472.7	627.49	373.35	490.04	390.75	493.9	350.36	452.4	456.95	493.95	190.269	NA	190.27	189.29	0.0667	243.66	0.0277	176.85	225.47	164.57	211.84	9.907	9.91	10.01	10.0	0.116	9.94	0.0507	19.3675	1.047	55.7704	59.4581	9.3888	160.3353	0.2486	3.8193	0.6218	0.8207	0.4128	464.74	0.00427	0.044	0.1485	-0.39865	-0.25882	188.24	0.00663	0.0159	-0.02924	0.043	-0.01318	9.84	0.00246	0.0674	0.19835	0.64638	0.11167	16	0.18309	-0.05043	-0.09503	-0.06015	-0.04467	-0.00211	0.0157	0.03964	-0.039	0.02801	-0.00672	0.08633	-0.04976	-0.00811	0.04039	-0.01574	0.04062	0.01743	0.01665	-0.04385	-0.02527	0.00027	0.01442	0.07847	-0.00791	-0.0596	-0.02	-0.12745	0.08117	0.04233	0.03832	0.01438	353.39	820541034	833235352	1000	/scratch.global/lanej/1000G/ngs_dose/1000G_highcov/crams/HG01102.cram	9ab0a0e8,a23ef9ed,7f3b4c3c	184ab16e		14	0.9982	0.998787	0.999616	0.999918	2.068	1.891	0.145	744.803	78.992	scan	F	PUR	AMR	F	0.999715	0.999942	0.998082	NA	0.18	1.162	1.0063	444.267	437.8434	516.0787	190.3222	9.7465	2.0079	839.2135	55.7771	432.0716	427.8271	492.4077	185.5086	9.7701	2.0088	759.8712	48.5203	692.7327	1.929	0.1212	35.6561	F	2504	
HG01103	scan	0.1.0+fae1124	36.506	150	451	450	0.0904	0.9641	1.256	0.0704	0.039		1.9726	47.2606	530.6754	1.9373	0.0013	present	405.194	405.19	396.31	397.51	0.1792	443.24	0.0504	402.96	532.3	417.22	473.54	335.92	438.88	427.15	567.03	325.57	428.79	340.61	429.46	299.81	396.18	407.14	433.07	160.245	NA	160.24	162.86	0.074	203.8	0.0269	149.67	189.83	132.41	170.71	9.699	9.7	9.78	9.77	0.1134	9.7	0.0537	14.8998	1.2926	51.1262	63.4827	12.0515	145.5018	0.2565	3.4547	0.7122	0.8736	0.5473	412.49	0.0031	0.032	0.13917	-0.19553	-0.13784	160.17	0.021	0.0503	-0.10579	-0.02851	0.0238	9.59	0.00256	0.0703	0.37127	0.33131	0.21536	16	-0.28925	-0.01867	0.04554	-0.01054	0.07427	0.09816	-0.46777	0.36379	1.66148	-1.10345	-0.19145	0.01182	0.05646	-0.03605	0.11568	0.04752	-0.03228	-0.04194	-0.03047	0.02159	-0.05577	0.04782	-0.00052	0.01257	0.04041	-0.0027	-0.01086	0.00356	0.0178	0.01141	-0.00132	0.00596	325.36	732544448	743758484	1000	/scratch.global/lanej/1000G/ngs_dose/1000G_highcov/crams/HG01103.cram	9ab0a0e8,a23ef9ed,7f3b4c3c	184ab16e		14	0.997995	0.999062	0.999574	0.999946	2.035	1.897	0.155	522.024	56.558	scan	F	PUR	AMR	F	0.999625	0.999963	0.997835	NA	-0.07	1.148	1.0115	443.4843	437.831	510.8396	153.3429	9.6347	1.9951	671.2449	54.0154	451.0257	447.2021	513.2095	174.0989	9.7179	1.9991	780.2092	43.2992	505.2318	1.956	0.1306	31.993	F	698	
HG01104	scan	0.1.0+fae1124	34.492	150	419	400	0.0798	0.9607	1.2446	0.0585	0.04		1.9916	17.1547	635.8062	0.9882	0.9753	present	431.639	431.64	418.89	427.4	0.15	470.39	0.0435	414.84	539.35	437.31	499.49	332.19	419.41	419.23	547.43	345.37	446.4	357.93	447.26	326.15	421.28	433.84	466.03	218.741	NA	218.74	216.42	0.0675	276.25	0.0253	202.33	255.88	192.23	243.65	9.833	9.83	9.98	10.01	0.1136	9.92	0.0455	18.5773	16.216	42.0223	81.3245	9.4409	141.5099	0.239	3.3651	0.6059	0.8926	0.376	434.7	0.00432	0.0445	0.47296	-0.56084	0.03263	216.04	0.00981	0.0235	-0.03363	0.0412	-0.0242	9.83	0.00265	0.0728	0.00134	0.52289	-0.34899	16	-0.09294	-0.14575	-0.02803	0.09243	0.14987	0.0709	-0.13309	-0.14462	0.00384	0.13837	0.03048	0.0477	0.07718	-0.08793	0.02255	-0.07542	-0.03125	-0.03699	-0.04859	0.00809	0.07802	-0.02997	-0.08264	0.06681	0.058	0.01503	-0.0369	0.0583	0.04709	0.13301	-0.00628	-0.03909	205.44	688042932	699022531	1000	/scratch.global/lanej/1000G/ngs_dose/1000G_highcov/crams/HG01104.cram	9ab0a0e8,a23ef9ed,7f3b4c3c	184ab16e		14	0.997629	0.998863	0.999546	0.999874	2.026	0.988	0.922	630.413	20.199	scan	M	PUR	AMR	M	0.999703	0.999899	0.997966	NA	0.17	1.149	1.006	423.3818	421.0242	482.0091	228.3772	9.7762	1.9902	615.1763	15.3227	412.5676	409.4428	471.6777	185.67	9.8097	1.9887	728.1014	18.2113	600.3203	1.0056	0.9132	30.7255	M	2504	
HG01105	scan	0.1.0+fae1124	46.21	150	432	450	0.0727	0.9604	1.3013	0.0529	0.0399		1.9949	54.7175	793.5666	1.9398	0.0023	present	580.024	580.02	560.29	558.12	0.1733	642.87	0.0522	562.99	778.23	604.61	709.33	480.83	654.11	592.85	833.02	459.4	634.08	487.93	643.29	437.12	600.75	574.77	622.4	222.102	NA	222.1	220.96	0.0739	295.96	0.0294	214.4	285.39	187.43	253.88	9.774	9.77	9.89	9.92	0.103	9.79	0.0429	20.5651	3.0388	42.001	58.2233	10.1396	146.3026	0.2492	2.7139	0.549	0.8532	0.4878	589.34	0.00247	0.0255	0.05855	-0.00258	-0.21464	219.77	0.0139	0.0333	-0.05842	-0.00205	-0.01653	9.75	0.0023	0.063	-0.13495	-0.49467	-0.08196	16	0.03817	-0.04174	-0.06581	-0.11724	-0.03093	0.00142	0.06936	-0.04798	0.02111	-0.01015	0.01004	0.05348	-0.01864	-0.01075	0.08989	-0.04715	-0.00841	0.03898	-0.0367	-0.01001	-0.04731	0.07305	-0.05177	-0.0041	-0.00136	-0.07859	0.01576	0.00236	-0.01139	-0.00249	-0.04126	-0.01881	324.56	935477914	949502495	1000	/scratch.global/lanej/1000G/ngs_dose/1000G_highcov/crams/HG01105.cram	9ab0a0e8,a23ef9ed,7f3b4c3c	184ab16e		14	0.997653	0.998764	0.999476	0.999775	2.049	1.88	0.14	775.118	70.752	scan	F	PUR	AMR	F	0.999578	0.999806	0.997954	NA	0.09	1.2036	1.0259	585.6133	577.4845	697.5214	225.7255	9.7369	1.9978	846.3029	60.3111	552.2203	547.0785	634.5906	222.1987	9.6903	1.9984	737.1758	40.2636	717.1988	1.9252	0.1166	41.3551	F	2504	
HG01106	scan	0.1.0+fae1124	38.411	150	446	450	0.0778	0.9647	1.2861	0.0695	0.0451		2.0027	37.417	702.8327	0.996	0.9834	present	556.944	556.94	536.37	530.62	0.1785	604.97	0.0507	533.43	712.12	579.54	667.97	440.41	579.47	515.18	706.78	421.11	563.92	448.09	580.81	402.01	529.85	555.52	593.63	221.542	NA	221.54	221.22	0.0786	291.62	0.0258	203.04	267.11	189.72	253.61	9.79	9.79	9.91	9.94	0.1154	9.8	0.0461	15.2207	16.6526	40.8887	75.4006	9.3394	129.88	0.2342	3.0313	0.5427	0.8398	0.433	562.58	0.00305	0.0314	-0.21887	-0.01614	0.16458	218.69	0.00813	0.0195	-0.01516	0.00795	-0.02414	9.75	0.00263	0.0722	0.03703	-0.05334	-0.35114	16	0.05029	0.01566	-0.08722	0.00284	0.03173	-0.03372	-0.07208	0.02295	-0.08849	0.02387	0.00743	-0.03936	0.02601	0.02677	0.01993	0.02857	0.01943	-0.11049	0.00452	-0.07395	0.03079	0.04926	-0.04647	-0.01022	0.00149	-0.01364	0.00247	0.01689	-0.08469	0.02335	-0.01914	-0.04527	229.66	761723196	773181423	1000	/scratch.global/lanej/1000G/ngs_dose/1000G_highcov/crams/HG01106.cram	9ab0a0e8,a23ef9ed,7f3b4c3c	184ab16e		14	0.99769	0.999116	0.999583	0.999952	2.015	0.977	0.896	694.207	44.18	scan	M	PUR	AMR	M	0.999614	0.99995	0.997957	NA	0.09	1.1873	1.0301	546.1971	540.412	651.4797	220.0285	9.6852	2.0042	720.7197	36.6204	523.7856	520.0638	602.9854	211.8488	9.7493	2.0064	718.8701	45.7938	656.8509	1.0032	0.8922	34.2081	M	698	
HG01107	scan	0.1.0+fae1124	40.372	150	402	400	0.1267	0.9533	1.2658	0.0667	0.041		1.9993	37.4041	705.508	0.9956	0.9717	present	369.98	369.98	356.41	364.49	0.2051	406.68	0.0637	365.6	484.17	381.22	444.73	298.6	379.54	392.45	524.17	305.9	403.18	318.81	405.69	280.47	366.44	363.5	396.51	136.917	NA	136.92	137.6	0.0596	176.45	0.039	129.37	166.6	115.66	149.71	10.452	10.45	10.57	10.61	0.135	10.5	0.0788	16.6194	11.9079	47.4872	59.1957	10.8696	132.4568	0.2416	3.3076	0.5762	0.8556	0.5069	375.81	0.00425	0.0438	0.58617	0.38685	-0.76534	135.36	0.0049	0.0117	-0.05128	0.04228	0.01552	10.53	0.00393	0.1078	0.41783	-2.1675	1.36365	16	-0.13775	-0.06676	0.03196	-0.08768	0.06077	0.10139	0.09028	-0.18863	0.09613	0.07271	0.0253	0.03331	0.03064	0.01159	-0.01233	-0.02802	0.05506	-0.05822	0.02557	0.01248	-0.00587	-0.07064	-0.07159	-0.06541	0.01637	0.08297	1e-05	0.04369	-0.05581	0.03323	0.03022	-0.0846	209.32	797210674	808507653	1000	/scratch.global/lanej/1000G/ngs_dose/1000G_highcov/crams/HG01107.cram	9ab0a0e8,a23ef9ed,7f3b4c3c	184ab16e		14	0.997827	0.998671	0.999592	0.999944	2.014	0.974	0.739	705.826	47.814	scan	M	PUR	AMR	M	0.999754	0.999942	0.997895	NA	0.87	1.1834	1.0144	391.8543	386.202	458.9125	137.0477	10.5826	1.9996	632.6325	39.6978	375.995	372.0837	429.8455	144.2145	10.5654	1.9999	654.4026	62.9642	663.1558	1.0004	0.7574	33.8279	M	2504	DJ +0.87 copies
HG01108	scan	0.1.0+fae1124	36.677	150	429	450	0.0732	0.9795	1.1458	0.0627	0.038		2.0052	63.9994	472.0904	1.9509	0.0029	present	487.879	487.88	470.41	464.77	0.2033	493.2	0.0452	460.79	495.03	504.98	542.04	356.3	385.96	460.89	506.91	344.76	375.7	384.26	429.76	314.05	334.87	488.83	505.0	261.549	NA	261.55	256.58	0.0962	298.43	0.0219	224.3	253.89	235.48	270.65	9.661	9.66	9.69	9.67	0.1135	9.65	0.0445	20.4451	1.5208	39.9801	54.0949	10.3671	142.2779	0.2376	2.6448	0.8051	0.954	0.317	493.27	0.00427	0.044	-0.24278	0.24957	0.33633	256.93	0.01708	0.0409	0.07399	0.00493	-0.01648	9.51	0.00274	0.0751	0.5313	0.46953	0.32804	16	-0.18639	-0.00594	-0.02911	0.00256	-0.03376	0.09867	0.0171	0.10364	-0.07149	-0.09844	0.05825	-0.04973	0.03554	0.04901	-0.01127	0.06974	0.03124	0.02455	-0.03369	0.01146	-0.04924	0.00073	-0.01418	-0.00555	0.00821	-0.11688	0.003	0.06939	-0.0012	0.01835	-0.03411	0.05671	387.39	739535500	750174023	1000	/scratch.global/lanej/1000G/ngs_dose/1000G_highcov/crams/HG01108.cram	9ab0a0e8,a23ef9ed,7f3b4c3c	184ab16e		14	0.996871	0.998475	0.999592	0.999915	2.025	1.876	0.132	435.07	72.535	scan	F	PUR	AMR	F	0.999729	0.99995	0.997412	NA	-0.15	1.0989	1.0237	506.258	501.0683	567.3007	246.0452	9.5999	2.0019	490.4928	76.1857	518.3387	511.2021	589.6088	253.1488	9.6338	2.0056	579.6056	104.8197	418.3405	1.9254	0.1094	32.7097	F	2504	
HG01109	scan	0.1.0+fae1124	38.86	150	445	450	0.1046	0.97	1.1897	0.064	0.0515		1.9953	36.6723	533.2498	0.9869	0.966	present	497.706	497.71	486.59	490.86	0.1739	534.03	0.0574	502.84	628.44	515.56	575.02	420.61	518.91	530.81	673.7	406.66	508.17	430.7	522.33	383.49	478.0	495.55	522.84	235.403	NA	235.4	233.16	0.071	288.78	0.0301	212.0	259.7	198.79	247.45	9.451	9.45	9.62	9.65	0.1193	9.56	0.0644	22.9266	11.3223	37.3468	63.9573	10.5327	131.6652	0.2394	2.5789	0.8396	0.9126	0.3908	507.49	0.0039	0.0403	0.28456	0.01769	-0.4374	233.96	0.00977	0.0234	-0.04596	-0.00312	0.00661	9.48	0.00267	0.0734	-0.54594	-0.98552	-0.08217	16	0.15541	0.08073	0.17882	-0.02474	0.02212	-0.02667	-0.01789	0.03704	0.07559	0.11209	-0.01278	0.05113	-0.03554	-0.09618	-0.02737	0.04682	0.07727	-0.07521	-0.01953	-0.00549	-0.024	-0.00176	-0.00599	0.03185	-0.04081	-0.04676	-0.02604	-0.02541	0.0553	0.06109	-0.0019	-0.0792	230.1	768120696	779237196	1000	/scratch.global/lanej/1000G/ngs_dose/1000G_highcov/crams/HG01109.cram	9ab0a0e8,a23ef9ed,7f3b4c3c	184ab16e		14	0.997671	0.998994	0.999655	0.999917	2.013	0.974	0.739	518.565	43.521	scan	M	PUR	AMR	M	0.999729	0.999928	0.99799	NA	-0.18	1.1331	1.0159	478.2338	468.1797	537.2533	232.218	9.5264	1.9963	548.2462	41.576	439.9229	433.8562	500.5447	221.0401	9.6635	1.9978	602.3265	47.0925	498.5633	1.0012	0.7524	33.5766	M	698	
HG01110	scan	0.1.0+fae1124	41.203	150	433	450	0.0641	0.9702	1.1799	0.0592	0.0485		1.9973	67.8167	549.2468	0.9847	0.97	present	528.771	528.77	503.73	496.34	0.2034	537.82	0.0435	477.26	518.33	536.43	592.1	386.05	424.1	488.17	551.03	373.11	414.05	401.08	461.2	350.87	374.51	526.73	553.7	210.262	NA	210.26	209.06	0.0977	247.32	0.0208	187.2	217.56	183.83	218.17	9.483	9.48	9.54	9.58	0.1109	9.51	0.0373	15.3458	8.7944	41.5462	66.2147	12.6509	149.9456	0.2118	1.7589	0.4038	0.7649	0.6619	527.46	0.00552	0.0569	-0.10794	0.36681	0.33124	209.06	0.01108	0.0265	0.06149	-0.01624	-0.04176	9.38	0.00244	0.0671	0.4571	0.03036	-0.0117	16	-0.02323	0.11916	0.2043	0.05387	0.00947	0.22785	-0.04498	-0.00889	-0.05019	-0.04722	0.03827	-0.05587	0.08242	-0.00498	-0.15956	0.03632	0.00458	0.08001	0.02223	-0.01658	0.00918	0.0585	-0.05774	0.05994	0.01496	-0.03912	-0.03486	-0.02577	0.06743	0.00717	-0.01731	0.01747	359.34	819703110	831907267	1000	/scratch.global/lanej/1000G/ngs_dose/1000G_highcov/crams/HG01110.cram	9ab0a0e8,a23ef9ed,7f3b4c3c	184ab16e		14	0.99672	0.99878	0.999573	0.999869	2.019	0.983	0.777	535.025	76.79	scan	M	PUR	AMR	M	0.999699	0.999933	0.996942	NA	-0.28	1.1225	1.017	546.1793	547.8514	620.6686	202.7301	9.6203	1.9963	507.3156	93.0429	533.9317	531.9074	606.9187	208.0355	9.5995	1.997	548.0806	92.4528	506.6111	1.0038	0.7668	37.2199	M	2504	
HG01111	scan	0.1.0+fae1124	33.65	150	431	450	0.0721	0.9721	1.1993	0.0745	0.0539		1.9987	15.733	743.8802	1.9247	0.0041	present	566.353	566.35	546.39	549.54	0.1849	589.89	0.0463	523.49	594.27	570.96	638.62	422.44	482.18	517.89	603.75	418.45	481.64	446.35	524.83	373.79	420.36	570.08	601.37	155.535	NA	155.54	155.66	0.1017	186.62	0.0263	141.6	168.68	130.56	157.98	10.417	10.42	10.5	10.5	0.1203	10.46	0.0428	20.9964	1.491	52.8379	55.8885	10.2074	155.3639	0.2333	2.4903	0.6527	0.8823	0.4788	573.17	0.0026	0.0268	-0.10225	-0.00204	0.36646	153.43	0.01441	0.0345	0.03118	-0.06454	0.0309	10.34	0.00316	0.0867	1.09342	-0.76332	0.5106	16	0.30359	0.06127	0.05372	-0.09593	0.07303	-0.01904	-0.0514	-0.01421	-0.0568	-0.05855	0.01481	-0.00542	0.02431	0.00932	0.00449	-0.00677	-0.03593	0.05084	0.09422	0.08895	0.02974	0.12053	0.08796	0.08022	-0.01048	0.00591	0.0023	0.00252	-0.06282	0.01676	-0.014	-0.00927	240.38	682147128	691775298	1000	/scratch.global/lanej/1000G/ngs_dose/1000G_highcov/crams/HG01111.cram	9ab0a0e8,a23ef9ed,7f3b4c3c	184ab16e		14	0.997456	0.9986	0.999634	0.999936	2.034	1.869	0.131	726.587	17.92	scan	F	PUR	AMR	F	0.999721	0.999936	0.9976	NA	0.68	1.1142	0.9961	551.3594	544.8156	610.9974	157.328	10.3375	2.0051	754.3371	22.0037	540.1787	532.0363	613.9683	161.2157	10.4004	2.003	820.6941	31.7408	681.9934	1.9066	0.1058	30.2515	F	2504	
HG01112	scan	0.1.0+fae1124	37.336	150	427	450	0.0863	0.9628	1.2681	0.0628	0.0502		1.994	34.1716	827.0728	0.9833	0.973	present	393.551	393.55	380.45	384.23	0.1594	428.05	0.0463	367.48	480.09	400.05	458.74	324.16	418.96	402.37	531.33	309.3	403.86	326.89	414.64	284.28	371.3	393.44	422.44	139.187	NA	139.19	139.26	0.0808	179.12	0.0237	135.61	174.04	120.43	157.27	9.864	9.86	9.95	9.97	0.134	9.88	0.0484	19.4489	10.9415	45.8107	71.1027	9.085	121.2992	0.2398	2.776	0.5738	0.8656	0.3538	397.1	0.00304	0.0314	0.16868	-0.32264	-0.08002	137.38	0.00389	0.0093	0.00044	0.01283	-0.02645	9.82	0.00251	0.0688	-0.06064	0.2697	-0.74414	16	0.32342	-0.08691	-0.0968	-0.08991	0.08942	0.02748	-0.05105	-0.02163	-0.06591	-0.11311	0.05483	-0.09318	0.0078	-0.08462	0.03747	-0.0055	0.18051	0.01709	-0.00951	-0.05745	-0.07896	0.14837	-0.07117	-0.11662	-0.04228	0.0595	-0.0588	-0.02316	0.02722	0.0623	0.00197	-0.00808	246.39	737014188	748586987	1000	/scratch.global/lanej/1000G/ngs_dose/1000G_highcov/crams/HG01112.cram	9ab0a0e8,a23ef9ed,7f3b4c3c	184ab16e		14	0.997827	0.998859	0.999571	0.99992	2.005	0.97	0.75	805.495	39.595	scan	M	CLM	AMR	M	0.99966	0.999914	0.998175	NA	0.16	1.1552	1.0074	393.3072	389.8169	456.3994	141.2169	9.7406	1.9978	904.5117	58.9321	400.389	396.9328	453.7247	146.6643	9.7604	1.9975	852.4715	62.6122	752.509	0.9962	0.7546	32.7869	M	2504	
HG01113	scan	0.1.0+fae1124	37.4	150	436	450	0.0984	0.9521	1.317	0.0657	0.076		1.9917	35.479	1118.7644	1.901	0.0027	present	469.563	469.56	447.71	447.41	0.1954	513.16	0.0557	437.29	577.85	476.04	564.66	357.24	468.14	421.8	569.31	341.88	453.6	367.88	480.01	320.11	419.15	466.63	509.91	90.552	NA	90.55	91.3	0.0807	120.0	0.0302	85.82	113.58	79.66	106.81	10.708	10.71	10.91	10.92	0.1223	10.82	0.0546	15.5258	1.8999	53.3147	42.2854	8.8092	125.8632	0.2326	2.9697	0.483	0.9291	0.5504	471.4	0.00332	0.0343	-0.07436	0.17674	0.13106	88.74	0.00583	0.014	0.00299	0.00279	0.04559	10.7	0.00269	0.0739	-0.34352	0.32908	0.77718	16	0.81888	-0.11218	-0.15122	-0.01882	-0.05181	-0.02107	0.13979	-0.12495	0.11453	-0.00994	0.05779	-0.08541	0.06555	0.10854	-0.1725	-0.07425	0.07049	-0.11663	0.04006	-0.01477	0.01162	0.07052	-0.1143	-0.00762	0.02856	0.05187	-0.03442	-0.01209	0.09863	0.02084	-0.00259	0.06019	259.56	752282748	761494643	1000	/scratch.global/lanej/1000G/ngs_dose/1000G_highcov/crams/HG01113.cram	9ab0a0e8,a23ef9ed,7f3b4c3c	184ab16e		14	0.997626	0.998915	0.999513	0.999881	2.051	1.834	0.111	1090.707	43.363	scan	F	CLM	AMR	F	0.999747	0.999934	0.997665	NA	1.04	1.1978	1.0098	500.9582	496.9497	593.6581	86.9617	10.3737	2.0007	992.3162	23.6805	489.9538	484.3645	562.095	92.7412	10.3474	2.0023	923.9843	25.1439	985.9093	1.8842	0.094	32.5244	F	2504	DJ +1.04 copies
HG01114	scan	0.1.0+fae1124	36.386	150	450	450	0.0876	0.9663	1.2256	0.08	0.052		2.01	36.6057	660.2513	1.9247	0.0024	present	430.653	430.65	419.35	421.7	0.1652	470.03	0.0484	425.14	554.68	438.59	502.46	363.08	465.82	466.1	612.82	352.72	457.58	367.5	458.18	323.22	421.04	429.08	459.7	155.901	NA	155.9	156.11	0.0728	195.55	0.0272	141.31	177.93	134.33	170.39	9.631	9.63	9.83	9.89	0.1357	9.76	0.0506	22.0785	1.4675	58.8045	51.1856	9.3594	146.276	0.2491	3.4985	0.6689	0.8456	0.8336	438.18	0.00367	0.0379	0.21539	-0.17081	-0.39341	154.47	0.01531	0.0367	-0.06208	-0.00948	0.02209	9.69	0.0027	0.074	-1.15806	-0.17764	0.01735	16	0.2824	0.13199	0.10619	-0.00776	-0.08191	0.03869	0.10147	0.03752	-0.00087	0.02015	0.09904	-0.10835	-0.03765	-0.10603	-0.03024	-0.07575	0.14769	0.01399	-0.01435	-0.04574	0.08799	-0.03002	0.05449	0.00116	-0.11188	0.04987	0.12083	0.04508	-0.02899	-0.0237	-0.06455	-0.00872	234.91	736724964	746409255	1000	/scratch.global/lanej/1000G/ngs_dose/1000G_highcov/crams/HG01114.cram	9ab0a0e8,a23ef9ed,7f3b4c3c	184ab16e		14	0.99775	0.999137	0.999641	0.99985	2.058	1.861	0.121	656.963	43.86	scan	F	CLM	AMR	F	0.999805	0.999923	0.997923	NA	0.03	1.1467	1.0009	439.0675	434.078	493.8581	153.7467	9.8115	2.0115	686.7922	49.1052	399.173	394.8782	454.4343	160.7727	9.7536	2.0113	772.3901	58.7979	622.3613	1.8996	0.102	32.3226	F	698	
HG01119	scan	0.1.0+fae1124	36.641	150	427	450	0.0868	0.9629	1.2448	0.0622	0.0477		1.9973	68.5273	816.1648	1.9401	0.002	present	462.451	462.45	454.79	456.31	0.1604	509.92	0.0502	440.77	573.49	474.12	541.96	378.87	485.86	477.69	629.18	365.39	474.0	392.6	491.98	335.75	434.38	470.5	504.24	200.821	NA	200.82	198.43	0.0828	253.78	0.024	180.8	229.41	172.35	219.94	9.759	9.76	9.91	9.93	0.112	9.84	0.052	15.5899	1.1636	44.5932	72.0905	10.9916	148.8477	0.247	4.3381	0.5535	0.8575	0.6085	468.54	0.00408	0.0421	-0.46091	-1.30246	0.29801	200.17	0.00491	0.0117	0.01662	0.00428	-0.01413	9.71	0.00257	0.0704	0.28811	0.29268	-0.08136	16	0.13935	-0.00206	-0.02387	-0.11369	-0.01658	-0.09143	0.03619	0.0404	0.0609	0.05451	0.07705	-0.01966	-0.02045	-0.11601	-0.01302	-0.04642	-0.01029	-0.00807	0.06856	-0.00316	-0.06519	-0.03279	0.06433	-0.02422	0.15106	-0.033	-0.03089	0.08158	0.0283	-0.10993	-0.09845	0.09482	316.91	741369628	752961867	1000	/scratch.global/lanej/1000G/ngs_dose/1000G_highcov/crams/HG01119.cram	9ab0a0e8,a23ef9ed,7f3b4c3c	184ab16e		14	0.997803	0.999188	0.999624	0.999957	2.035	1.883	0.147	807.707	84.719	scan	F	CLM	AMR	F	0.99971	0.99997	0.997848	NA	0.05	1.1567	1.0119	447.9147	443.5126	508.6088	202.3013	9.699	2.0011	821.9019	96.5979	439.4369	434.0923	499.7029	207.8857	9.7559	1.9996	834.416	75.845	757.1725	1.9302	0.1226	32.3175	F	2504	
HG01121	scan	0.1.0+fae1124	36.501	150	443	450	0.1108	0.9686	1.2394	0.0639	0.0367		2.0069	94.5818	946.3198	0.9983	0.9991	present	451.964	451.96	439.82	443.77	0.1823	483.46	0.0576	426.99	519.43	455.3	516.17	357.55	435.31	412.93	512.42	342.39	420.23	365.38	446.07	311.74	376.18	457.73	485.53	187.097	NA	187.1	183.26	0.0959	231.88	0.0355	173.38	213.36	166.19	208.1	9.924	9.92	9.91	9.9	0.1065	9.83	0.0663	11.6577	11.2021	41.0569	69.6856	9.7197	138.7919	0.248	3.6973	0.6369	0.9428	0.2063	457.12	0.00263	0.0271	0.38647	-0.09788	-0.07593	184.86	0.0064	0.0153	0.048	-0.02123	-0.01787	9.7	0.00292	0.0802	0.93441	-0.0508	-0.54844	16	-0.31733	-0.1811	-0.26595	0.0317	0.14346	-0.1383	-0.17795	-0.14568	-0.06285	-0.07645	0.02448	-0.00266	-0.02011	0.01903	0.05705	-0.01806	0.03076	-0.03405	0.12614	0.00703	0.07598	-0.08342	0.0019	0.02997	-0.01733	0.04893	-0.07747	-0.05029	0.06857	-0.03481	-0.04231	0.01691	212.37	724747222	736152000	1000	/scratch.global/lanej/1000G/ngs_dose/1000G_highcov/crams/HG01121.cram	9ab0a0e8,a23ef9ed,7f3b4c3c	184ab16e		14	0.99777	0.997829	0.999426	0.999905	2.017	0.989	0.783	932.787	113.978	scan	M	CLM	AMR	M	0.999458	0.999936	0.997783	NA	0.04	1.1292	0.996	452.6062	446.7646	518.3089	193.7922	9.4931	2.0085	900.154	100.2268	463.2333	456.6033	535.5063	183.2923	9.4878	2.0073	939.6921	98.4441	861.5942	1.0132	0.792	31.363	M	2504	
HG01122	scan	0.1.0+fae1124	46.729	150	428	450	0.1343	0.9844	1.1494	0.0709	0.0374		2.0064	31.7115	764.3952	1.9576	0.0022	present	341.577	341.58	330.56	328.43	0.1735	347.15	0.0634	331.16	364.79	344.66	369.37	271.6	300.84	345.87	387.76	264.62	294.61	277.6	312.7	237.13	259.9	340.93	351.08	244.627	NA	244.63	244.04	0.0744	280.17	0.0347	217.21	246.78	213.79	246.87	9.665	9.66	9.8	9.79	0.1183	9.76	0.081	14.4815	1.1786	29.7135	48.7807	10.3404	146.2237	0.2251	2.9316	0.6065	0.8663	0.2126	344.7	0.00186	0.0192	-0.01885	-0.23804	-0.02614	242.74	0.00329	0.0079	0.00135	0.02481	-0.02034	9.61	0.00252	0.069	-0.90773	-0.21155	0.48263	16	-0.13209	-0.16086	-0.15207	-0.12937	-0.08324	-0.01387	-0.01336	-0.02122	-0.01445	-0.03835	0.05683	-0.07204	-0.00553	-0.00644	0.00339	-0.03016	0.07216	0.02573	-0.11004	-0.06359	0.0376	0.05663	0.03431	-0.04387	0.03674	0.08992	0.04793	-0.01532	-0.10024	-0.03327	-0.0354	0.04302	355.9	938922052	950802994	1000	/scratch.global/lanej/1000G/ngs_dose/1000G_highcov/crams/HG01122.cram	9ab0a0e8,a23ef9ed,7f3b4c3c	184ab16e		14	0.997883	0.996725	0.999555	0.999949	1.986	1.907	0.124	761.769	36.191	scan	F	CLM	AMR	F	0.999751	0.999955	0.997931	NA	-0.05	1.0716	0.9999	350.0887	348.0476	375.8531	244.0072	9.6041	2.0073	745.8231	39.5771	330.5109	327.9038	370.2735	245.4682	9.6051	2.008	785.0687	36.2654	701.7776	1.9604	0.1068	38.9736	F	2504	
HG01124	scan	0.1.0+fae1124	37.668	150	439	450	0.1024	0.9711	1.2001	0.0848	0.0516		2.0027	15.3493	738.8053	0.9924	0.9582	present	332.071	332.07	316.63	315.9	0.2174	340.39	0.0497	306.63	334.04	324.35	364.37	241.98	268.21	305.2	342.25	237.9	264.72	257.58	298.13	216.9	233.35	330.32	349.62	158.175	NA	158.17	155.74	0.0924	186.82	0.0307	145.81	169.96	141.97	168.63	9.547	9.55	9.63	9.63	0.1088	9.59	0.0614	18.1271	9.1028	45.3266	69.4991	9.5876	136.6273	0.2531	2.8537	0.696	0.8236	0.7244	333.27	0.00257	0.0265	0.34209	0.61542	-0.0943	157.1	0.01313	0.0314	0.06529	0.00284	-0.01859	9.47	0.0025	0.0687	0.62694	0.4195	0.34284	16	-0.01322	0.20787	0.31523	0.12786	-0.02387	-0.0113	0.0986	-0.18255	0.0537	0.02683	-0.0924	0.04943	-0.08038	0.10282	0.00188	0.02022	0.10278	-0.03517	-0.07476	0.03842	0.03647	0.06793	0.04544	-0.02326	0.03387	-0.03618	-0.15115	-0.02183	-0.00825	-0.03469	0.0251	0.1207	273.68	744912670	755951714	1000	/scratch.global/lanej/1000G/ngs_dose/1000G_highcov/crams/HG01124.cram	9ab0a0e8,a23ef9ed,7f3b4c3c	184ab16e		14	0.997625	0.998719	0.999482	0.999905	2.029	0.975	0.745	722.955	17.897	scan	M	CLM	AMR	M	0.999593	0.999956	0.997696	NA	-0.19	1.0933	0.9732	348.8845	346.7561	379.4445	155.1042	9.5823	2.0018	692.6225	10.8682	347.5795	341.4479	393.3305	167.2368	9.677	2.0029	662.8777	11.0277	677.6381	0.9994	0.7524	32.6193	M	2504	
HG01125	scan	0.1.0+fae1124	37.13	150	419	400	0.0867	0.9694	1.2128	0.061	0.0441		1.9999	11.6481	731.5888	1.9219	0.0029	present	465.875	465.88	450.09	450.83	0.1742	494.4	0.0511	468.91	569.08	484.91	545.34	365.29	432.21	480.47	596.01	376.5	459.74	382.81	463.38	345.29	415.67	461.42	490.07	112.458	NA	112.46	112.06	0.0778	138.87	0.0284	96.6	117.64	98.26	122.38	9.988	9.99	10.07	10.04	0.1229	10.01	0.0482	15.2344	1.4296	52.2686	65.2278	10.4871	142.8391	0.2478	2.391	0.6165	0.8824	0.5288	473.35	0.00309	0.0318	-0.49213	-0.23174	-0.00546	112.06	0.00862	0.0206	0.01037	0.01446	0.00135	9.88	0.00343	0.094	0.86507	0.33774	1.42989	16	-0.20594	0.16686	0.15861	-0.03052	-0.04661	0.00806	0.10005	0.00528	0.01041	0.00016	0.00496	0.033	0.03397	0.09043	-0.0019	-0.02017	0.02564	-0.0098	-0.12115	-0.02594	0.05437	-0.1378	-0.06094	-0.08042	-0.02763	-0.0485	0.06053	-0.07523	0.05595	0.00473	-0.03665	-0.02916	195.16	750462404	762156495	1000	/scratch.global/lanej/1000G/ngs_dose/1000G_highcov/crams/HG01125.cram	9ab0a0e8,a23ef9ed,7f3b4c3c	184ab16e		14	0.997591	0.999095	0.999668	0.999974	2.06	1.879	0.146	721.873	13.959	scan	F	CLM	AMR	F	0.999721	0.999973	0.997697	NA	0.22	1.1521	1.0244	477.2287	471.6757	543.1275	110.6071	10.0821	2.0005	683.4174	11.7829	446.696	441.169	507.3477	111.8675	10.1819	2.0011	699.6214	18.6599	677.0194	1.9238	0.12	32.6865	F	2504	
HG01126	scan	0.1.0+fae1124	37.075	150	444	450	0.0916	0.97	1.2232	0.0597	0.0468		1.9942	94.492	710.3189	0.9978	0.9804	present	471.718	471.72	455.91	454.76	0.1585	508.44	0.0502	452.8	594.8	481.54	545.73	389.57	506.31	483.85	641.03	372.34	488.66	397.42	497.61	350.88	461.31	468.66	497.57	133.741	NA	133.74	134.27	0.0717	168.88	0.027	126.24	158.44	117.02	150.29	10.305	10.31	10.38	10.37	0.1152	10.3	0.0533	19.9272	9.679	55.4096	73.3369	8.8914	143.8605	0.2477	2.483	0.7573	0.8028	1.0301	476.28	0.00291	0.03	0.04122	-0.2781	-0.21877	132.81	0.00689	0.0165	-0.02525	-0.00026	0.03899	10.23	0.00321	0.0881	1.00601	0.10479	1.37789	16	0.17124	0.01289	0.01405	-0.00287	-0.04737	-0.01389	0.03731	-0.00621	-0.01442	-0.01161	-0.01929	-0.06622	0.07359	-0.01295	0.03292	-0.02916	-0.09998	-0.09375	-0.04118	-0.03636	0.03599	0.0509	0.0079	0.02742	0.05078	0.05079	-0.09602	0.02155	-0.0026	0.01044	-0.13364	0.03251	362.64	737171622	748225341	1000	/scratch.global/lanej/1000G/ngs_dose/1000G_highcov/crams/HG01126.cram	9ab0a0e8,a23ef9ed,7f3b4c3c	184ab16e		14	0.997913	0.999316	0.999597	0.999893	2.063	0.982	0.756	696.849	113.847	scan	M	CLM	AMR	M	0.999737	0.999918	0.998156	NA	0.57	1.1458	1.011	480.6531	477.1869	546.0102	134.1109	10.2584	1.9958	741.5644	102.2605	402.5686	402.7512	456.8782	145.2461	10.3022	1.9976	776.4704	99.5566	657.1021	1.0066	0.7618	32.6044	M	698	
HG01130	scan	0.1.0+fae1124	36.828	150	438	450	0.0824	0.9642	1.2334	0.0718	0.0456		2.0088	53.7928	747.2854	0.9776	0.9801	present	520.155	520.16	498.81	499.18	0.1705	553.05	0.0513	474.09	604.12	521.03	589.25	412.54	520.4	520.92	675.9	391.96	500.52	423.62	525.09	374.26	473.28	518.34	550.28	199.613	NA	199.61	199.68	0.0857	250.07	0.0261	181.46	226.79	172.57	219.0	9.724	9.72	9.79	9.78	0.1132	9.72	0.0479	13.6235	15.0378	51.3938	70.5571	11.2402	148.0872	0.255	2.7803	0.6201	0.8386	0.6523	525.69	0.00272	0.028	0.15897	-0.02314	0.00512	198.81	0.00271	0.0065	0.02411	-0.00436	-0.0225	9.57	0.00282	0.0773	1.41822	0.68768	-0.04391	16	0.06212	-0.04175	0.0785	-0.0167	0.04809	0.14646	0.0078	-0.06358	0.09029	0.01743	-0.05013	-0.01934	0.02623	0.13402	0.07365	-0.03827	-0.03414	-0.00707	0.01209	-0.03961	0.08206	0.10442	-0.0096	0.04792	-0.07144	-0.11636	0.01372	0.06879	0.03309	-0.00481	-0.08751	-0.04189	210.01	732796458	743666974	1000	/scratch.global/lanej/1000G/ngs_dose/1000G_highcov/crams/HG01130.cram	9ab0a0e8,a23ef9ed,7f3b4c3c	184ab16e		14	0.997534	0.999093	0.999664	0.999884	2.058	0.987	0.888	734.336	64.298	scan	M	CLM	AMR	M	0.99969	0.99991	0.99784	NA	-0.09	1.1209	0.9911	534.5258	530.4154	592.5651	201.2579	9.6015	2.0084	733.0952	33.5947	493.3035	490.9884	551.9769	210.1292	9.6316	2.0103	776.5271	48.1773	690.0236	1.0088	0.8862	32.6304	M	2504	
HG01131	scan	0.1.0+fae1124	37.696	150	442	450	0.0935	0.963	1.2661	0.0602	0.0445		2.0084	84.6472	520.3126	1.9473	0.0026	present	471.547	471.55	451.9	455.74	0.1825	499.22	0.0552	445.57	538.54	471.13	538.97	363.63	440.64	417.0	520.7	356.38	437.05	365.29	452.4	338.03	402.67	470.59	501.95	211.428	NA	211.43	208.42	0.0871	267.62	0.0338	188.92	237.16	181.72	232.67	9.732	9.73	9.84	9.82	0.1083	9.77	0.0544	16.9874	1.2198	43.4441	60.3572	11.4017	142.0147	0.2454	2.9295	0.6721	0.7998	0.4572	472.83	0.0029	0.0299	-0.09815	-0.16286	0.38135	209.95	0.00617	0.0148	-0.00074	-0.0346	0.00469	9.68	0.00256	0.0701	0.23639	-0.07968	-0.21655	16	0.04404	-0.07265	-0.07607	-0.01208	-0.11417	0.05165	0.07108	-0.01227	-0.01115	-0.0035	0.02101	0.00858	0.0333	0.07015	0.07511	0.03641	-0.00153	0.01556	-0.07655	0.04559	0.05542	-0.00354	-0.04769	-0.04823	0.00121	0.03423	-0.0627	0.05265	-0.03838	0.04273	0.00216	-0.03326	376.09	760170106	771795212	1000	/scratch.global/lanej/1000G/ngs_dose/1000G_highcov/crams/HG01131.cram	9ab0a0e8,a23ef9ed,7f3b4c3c	184ab16e		14	0.99762	0.998933	0.999594	0.999947	2.011	1.89	0.142	481.314	100.319	scan	F	CLM	AMR	F	0.999701	0.999957	0.997842	NA	0.02	1.1399	0.9964	492.2625	490.6408	564.7167	206.0297	9.642	2.0076	571.7598	69.6004	507.295	504.3032	576.6318	214.7403	9.6029	2.009	612.641	102.0348	462.3909	1.9412	0.1186	33.0306	F	2504	
HG01133	scan	0.1.0+fae1124	38.261	150	441	450	0.0726	0.9604	1.2597	0.0647	0.0632		1.9953	76.7565	751.6832	0.9935	0.9881	present	411.457	411.46	395.33	400.4	0.1847	447.37	0.0416	388.63	501.65	415.09	484.74	332.46	423.78	398.53	527.38	316.9	410.36	338.64	430.99	301.54	385.67	408.26	442.41	186.135	NA	186.13	185.21	0.0772	240.62	0.021	173.56	224.57	160.74	210.49	9.697	9.7	9.87	9.91	0.1239	9.79	0.0425	14.7281	8.19	56.0065	61.1107	10.9834	146.595	0.243	3.0686	0.5467	0.8139	0.3665	414.48	0.00267	0.0275	0.45129	0.15031	-0.31499	184.45	0.00688	0.0165	-0.00554	-0.00148	0.01576	9.75	0.00262	0.072	-1.30058	-0.22275	-0.01084	16	0.63411	-0.05772	-0.13126	-0.16998	0.02252	0.01146	-0.00627	-0.01286	0.03878	0.03204	-0.06944	-0.07282	0.04991	0.15001	0.08458	0.01064	-0.01991	-0.00124	-0.07689	-0.0045	0.02572	0.00907	-0.01565	-0.03268	0.05166	0.11601	-0.09279	0.04175	0.00928	-0.00845	0.08424	0.00604	376.93	762130568	773189463	1000	/scratch.global/lanej/1000G/ngs_dose/1000G_highcov/crams/HG01133.cram	9ab0a0e8,a23ef9ed,7f3b4c3c	184ab16e		14	0.997883	0.998723	0.999525	0.999855	2.069	0.98	0.671	732.408	96.485	scan	M	CLM	AMR	M	0.999774	0.999876	0.997834	NA	0.09	1.1695	1.0015	404.6737	401.1025	467.7074	188.2213	9.5366	2.0035	796.1188	51.5204	398.2489	395.17	451.9154	189.7709	9.5536	2.0049	701.0982	45.4201	680.5685	0.999	0.6674	34.4368	M	2504	
HG01134	scan	0.1.0+fae1124	41.452	150	428	450	0.1215	0.9733	1.1949	0.0799	0.0424		1.9932	49.5759	667.7418	1.9519	0.003	present	404.282	404.28	393.89	395.33	0.181	425.25	0.0626	394.93	463.31	405.25	446.61	344.23	401.96	413.71	495.36	328.68	387.87	338.73	400.03	299.72	349.46	404.66	424.44	175.66	NA	175.66	177.02	0.0725	211.14	0.0337	153.62	184.26	153.29	186.17	9.68	9.68	9.78	9.8	0.1154	9.72	0.0704	23.3702	2.0935	52.53	48.671	10.1749	150.1401	0.2302	2.7491	0.6143	0.7873	0.4415	409.02	0.00248	0.0256	0.39142	0.08351	-0.43567	175.0	0.00324	0.0077	-0.02289	0.02684	-0.01531	9.61	0.00265	0.0726	-0.73895	0.23958	-0.19292	16	0.04355	-0.10291	-0.11316	-0.01783	0.01969	-0.01319	-0.06422	-0.01808	-0.01207	-0.02856	-0.0384	-0.01271	-0.02586	0.09388	0.12574	0.014	-0.02904	-0.01309	-0.00747	-0.06488	0.0235	0.02237	-0.02888	0.0861	0.0415	0.06338	0.02832	0.01373	-0.00988	-0.05821	0.00927	-0.02481	218.56	842803868	854391858	1000	/scratch.global/lanej/1000G/ngs_dose/1000G_highcov/crams/HG01134.cram	9ab0a0e8,a23ef9ed,7f3b4c3c	184ab16e		14	0.997902	0.998843	0.999503	0.999847	2.049	1.917	0.125	653.196	56.583	scan	F	CLM	AMR	F	0.999673	0.999892	0.998244	NA	-0.05	1.0919	0.9908	404.3721	399.4288	443.6364	177.9514	9.4841	1.9938	722.2347	35.968	395.3317	391.8697	442.8286	167.6205	9.5172	1.9936	708.4198	54.2061	609.6669	1.9552	0.1066	35.4428	F	2504	
HG01135	scan	0.1.0+fae1124	38.276	150	446	450	0.1	0.9745	1.2002	0.0622	0.0428		1.9863	113.8558	852.8727	0.9858	0.9737	present	466.111	466.11	454.89	459.68	0.1755	496.41	0.0527	457.41	570.29	479.33	530.48	390.27	481.74	487.02	614.22	379.58	473.14	395.75	477.11	353.37	438.78	466.36	488.95	134.716	NA	134.72	135.46	0.0681	163.69	0.0261	122.74	148.76	117.67	144.74	9.513	9.51	9.64	9.6	0.1178	9.58	0.0578	15.9097	7.7982	51.0306	57.5193	11.673	141.4673	0.2366	2.7688	0.4165	0.7657	0.4262	475.82	0.00356	0.0367	0.46848	0.05998	-0.49043	134.22	0.01159	0.0278	-0.02287	0.0119	0.04463	9.46	0.00278	0.0761	-0.57451	-0.06764	-0.0814	16	0.0057	0.00586	-0.08087	-0.02825	0.01857	0.01199	-0.07026	0.09151	-0.0062	0.05128	0.04983	0.00359	0.00115	-0.00236	-0.05809	-0.04255	0.03671	0.01481	-0.10031	-0.01957	-0.01201	-0.05882	0.00413	0.09816	-0.00487	0.09141	0.10512	-0.00718	0.02278	0.03209	0.01222	0.09656	192.66	759651104	769779116	1000	/scratch.global/lanej/1000G/ngs_dose/1000G_highcov/crams/HG01135.cram	9ab0a0e8,a23ef9ed,7f3b4c3c	184ab16e		14	0.998094	0.998633	0.999551	0.999744	2.049	0.989	0.662	840.011	136.513	scan	M	CLM	AMR	M	0.999775	0.999785	0.998213	NA	-0.2	1.1149	1.0074	448.6831	440.5009	497.4036	134.6723	9.441	1.9884	823.7685	103.0834	449.6707	443.6161	507.5468	127.6673	9.4971	1.987	830.1382	101.1355	782.472	1.0148	0.6718	33.3461	M	698	
HG01136	scan	0.1.0+fae1124	39.513	150	432	450	0.0876	0.9629	1.2527	0.0702	0.0479		1.9949	112.2003	694.0083	0.9859	0.9767	present	438.691	438.69	424.25	428.5	0.1607	472.09	0.0512	437.29	546.78	438.45	502.91	375.33	464.7	429.18	548.28	354.22	444.43	361.63	450.58	327.36	406.78	434.98	465.3	218.255	NA	218.25	216.89	0.0671	276.94	0.026	202.31	256.78	187.56	240.87	10.651	10.65	10.72	10.7	0.1153	10.64	0.052	17.3893	10.7072	55.9833	68.4823	10.1476	149.0353	0.2338	2.5994	0.7009	0.9101	0.6809	441.9	0.00248	0.0256	0.06036	-0.27	-0.12683	216.65	0.00619	0.0148	-0.04628	0.01768	0.00599	10.55	0.00284	0.0779	0.75355	-0.69518	0.0359	16	0.23243	-0.08472	-0.16193	0.08256	0.0077	-0.01904	0.01632	-0.11751	-0.0158	-0.00795	-0.01987	0.05931	-0.00539	0.06083	-0.04	-0.04293	-0.04522	-0.05094	-0.16394	-0.06453	0.05811	0.0274	0.04248	-0.04202	-0.09708	0.01393	-0.04031	-0.03214	0.06285	0.00384	-0.00433	0.03236	261.08	790858814	802983423	1000	/scratch.global/lanej/1000G/ngs_dose/1000G_highcov/crams/HG01136.cram	9ab0a0e8,a23ef9ed,7f3b4c3c	184ab16e		14	0.997793	0.998871	0.999593	0.999927	2.07	0.993	0.761	678.312	137.096	scan	M	CLM	AMR	M	0.999635	0.99995	0.997934	NA	0.89	1.1381	0.9922	448.5595	443.015	513.4921	219.2013	10.3125	1.9978	684.1477	73.1895	429.5538	426.5867	485.8183	236.9517	10.3614	1.9978	709.6116	84.3811	637.3383	1.0124	0.7568	34.9887	M	2504	DJ +0.89 copies
HG01137	scan	0.1.0+fae1124	37.554	150	417	400	0.1195	0.9693	1.2022	0.0589	0.0436	chr12	2.0226	66.7437	895.0512	1.505	0.0025	present	468.46	468.46	449.83	451.78	0.1585	494.83	0.0614	446.58	549.97	475.57	536.03	356.68	417.83	470.15	587.31	362.3	445.2	394.29	473.73	345.31	416.25	463.38	492.8	181.607	NA	181.61	179.63	0.0815	221.73	0.0308	167.65	204.35	162.23	198.82	9.587	9.59	9.69	9.69	0.1092	9.64	0.0697	13.5284	1.5165	46.8707	57.9662	11.3664	143.1237	0.2499	2.7238	0.8244	0.8755	0.5726	469.81	0.00295	0.0304	-0.13024	-0.38217	-0.042	179.64	0.00948	0.0227	0.03354	0.02144	-0.00326	9.52	0.00273	0.0748	0.00065	-0.78683	-0.06054	16	-0.00136	-0.70718	0.47113	-0.01594	-0.03839	-0.0448	0.09893	0.14466	0.02046	0.06539	-0.03919	0.12404	-0.00202	0.04069	-0.01883	-0.06332	0.05221	-0.04996	0.01971	0.02404	0.0158	-0.0493	0.03975	0.03579	-0.02324	-0.02312	0.02025	0.05258	0.03024	0.06373	0.06452	-0.0777	215.25	756745328	767478396	1000	/scratch.global/lanej/1000G/ngs_dose/1000G_highcov/crams/HG01137.cram	9ab0a0e8,a23ef9ed,7f3b4c3c	184ab16e		14	0.997532	0.998936	0.99959	0.999936	2.033	1.466	0.14	889.579	80.088	scan	F	CLM	AMR	F	0.999667	0.999934	0.997914	NA	-0.14	1.141	1.0123	446.3181	445.4623	507.5386	171.7262	9.6031	2.0038	819.7443	45.6244	415.0896	411.5577	475.6543	155.4917	9.5357	2.0027	849.8838	53.5916	820.6577	1.4894	0.1188	32.1618	F	2504	aneuploid: chr12; chrX 1.50 (mosaic X loss?)
HG01138	scan	0.1.0+fae1124	36.742	150	446	450	0.0851	0.9624	1.2557	0.0612	0.0534		1.9975	58.9776	771.9595	0.9815	0.9506	present	461.166	461.17	447.45	449.81	0.162	505.21	0.0502	453.51	604.33	473.04	542.94	381.73	504.17	477.43	640.47	371.92	495.09	393.49	498.95	347.77	462.63	458.05	492.1	192.605	NA	192.61	192.06	0.0781	245.5	0.0238	162.93	206.58	167.23	216.14	9.663	9.66	9.87	9.89	0.1186	9.79	0.0493	14.8603	10.9662	55.5886	71.4944	11.6389	146.5069	0.2619	2.4471	0.6481	0.8807	0.5596	467.99	0.00325	0.0335	0.07644	-0.16259	-0.24594	192.03	0.00408	0.0098	-0.00893	-0.01379	0.02527	9.7	0.00276	0.0756	-0.03684	-0.8828	-0.18947	16	0.24169	0.09102	0.06918	-0.06906	-0.0536	-0.00042	0.04245	0.07559	0.05068	0.16625	0.05805	-0.05754	0.07351	-0.07302	0.01329	0.02204	-0.04997	-0.20325	0.00317	0.04331	-0.11381	-0.01345	0.00689	0.00983	0.06623	-0.02015	0.00135	0.00399	0.02052	-0.05072	0.00867	-0.05018	298.12	731650276	742484900	1000	/scratch.global/lanej/1000G/ngs_dose/1000G_highcov/crams/HG01138.cram	9ab0a0e8,a23ef9ed,7f3b4c3c	184ab16e		14	0.997816	0.998874	0.999549	0.999882	2.076	0.979	0.76	751.317	72.774	scan	M	CLM	AMR	M	0.999495	0.999896	0.99793	NA	0.04	1.1602	1.0108	452.8343	447.7539	514.6855	190.0704	9.7553	1.9998	813.2485	66.9086	421.9086	417.6863	474.9818	216.6646	9.7901	2.0025	846.8939	66.1063	708.4238	1.0002	0.76	32.6325	M	698	
HG01139	scan	0.1.0+fae1124	38.512	150	437	450	0.1041	0.973	1.22	0.0655	0.0356		2.0049	26.0084	684.4338	0.9923	0.9732	present	405.302	405.3	394.68	391.31	0.1957	427.06	0.0567	378.76	438.27	408.13	457.36	302.62	349.81	350.38	418.83	304.84	357.04	319.97	382.04	285.51	325.9	412.8	434.32	166.045	NA	166.04	162.77	0.0816	202.65	0.0274	147.97	179.94	148.56	183.08	9.644	9.64	9.76	9.83	0.1254	9.69	0.0626	17.8733	9.2013	40.1205	63.0101	9.0497	131.1849	0.2292	2.5234	0.5658	0.7981	0.4557	408.59	0.00281	0.029	-0.86165	-0.83254	0.77496	163.99	0.00796	0.0191	0.03308	0.0229	-0.00069	9.68	0.00271	0.0745	-0.58683	-1.25494	-0.66101	16	-0.26035	-0.0717	-0.08909	-0.03064	0.10741	-0.0183	-0.05828	-0.03587	-0.05889	-0.0041	0.0214	0.04115	0.06747	0.03684	0.0332	0.08585	-0.01876	0.01054	0.08032	-0.01598	-0.018	0.12964	-0.00468	0.04036	-0.00467	0.05097	-0.038	0.05316	-0.04502	0.04651	0.0427	0.01231	264.55	759708562	770971755	1000	/scratch.global/lanej/1000G/ngs_dose/1000G_highcov/crams/HG01139.cram	9ab0a0e8,a23ef9ed,7f3b4c3c	184ab16e		14	0.997638	0.998342	0.999599	0.999897	2.015	0.98	0.747	667.416	30.147	scan	M	CLM	AMR	M	0.999669	0.999892	0.997615	NA	0.02	1.1194	0.9989	405.6143	401.2432	460.9207	163.8485	9.6333	2.0043	675.9093	31.2335	390.542	386.6293	445.0938	158.6739	9.7233	2.0045	715.3228	24.7027	632.5053	1.0074	0.7586	33.2161	M	2504	
HG01140	scan	0.1.0+fae1124	40.684	150	440	450	0.1111	0.9766	1.1748	0.067	0.0463		2.0022	29.3578	591.3132	1.7915	0.0029	present	437.616	437.62	415.97	415.96	0.1927	439.34	0.0574	402.22	428.53	434.82	474.28	312.2	338.6	405.14	444.11	304.39	331.41	337.09	381.35	268.16	282.72	434.01	452.32	206.582	NA	206.58	203.21	0.0968	238.96	0.0304	186.81	212.81	187.04	218.07	9.705	9.7	9.78	9.75	0.1178	9.74	0.0654	17.4129	1.9515	49.9092	46.6474	10.125	150.41	0.2205	2.6837	0.7079	0.8335	0.3178	436.07	0.00315	0.0325	0.01446	0.07943	0.32651	204.99	0.01551	0.0371	0.07736	-0.0102	-0.01191	9.62	0.0026	0.0712	0.10583	0.60758	0.28657	16	0.13583	-0.08766	-0.03085	-0.0296	-0.14935	-0.13624	0.21623	-0.14091	-0.06206	-0.06653	0.01373	0.01792	-0.00734	0.0226	0.01073	0.06382	-0.00829	-0.02208	0.0228	0.03231	0.00699	0.04065	-0.01113	0.00907	0.085	0.05564	-0.05181	0.00601	0.05386	0.08361	-0.14394	-0.00275	277.42	819903480	830406845	1000	/scratch.global/lanej/1000G/ngs_dose/1000G_highcov/crams/HG01140.cram	9ab0a0e8,a23ef9ed,7f3b4c3c	184ab16e		14	0.997452	0.998639	0.999553	0.99989	2.035	1.764	0.119	580.064	33.224	scan	F	CLM	AMR	F	0.999694	0.999956	0.997424	NA	-0.04	1.0876	0.9971	473.9156	472.8859	522.0775	198.6485	9.531	2.0023	613.5751	37.5272	440.584	436.9534	500.7814	213.4622	9.6792	2.003	660.8426	33.0114	548.0182	1.8016	0.1002	35.1248	F	2504	chrX 1.79 (mosaic X loss?)
HG01141	scan	0.1.0+fae1124	36.034	150	441	450	0.0708	0.9847	1.157	0.0681	0.0458		1.9994	24.4968	622.597	1.9504	0.0018	present	467.602	467.6	446.91	450.61	0.1957	472.05	0.0452	452.32	501.25	458.79	495.8	343.58	381.96	392.29	448.79	335.19	376.82	361.46	412.41	322.08	351.8	464.67	480.7	203.433	NA	203.43	205.32	0.0834	236.45	0.0189	184.52	212.96	172.67	202.55	9.565	9.57	9.73	9.73	0.1287	9.67	0.0413	15.751	1.5647	32.2723	45.2237	9.4019	131.4401	0.2201	2.4613	0.5751	0.7565	0.4273	468.96	0.00398	0.0411	-0.21329	0.20328	0.23465	200.68	0.00995	0.0238	0.00381	-0.02157	0.0514	9.57	0.00294	0.0808	-1.12464	-0.39147	-0.71804	16	0.05392	-0.0649	-0.05712	0.11715	-0.01997	-0.04604	0.04426	-0.01401	0.01286	-0.04258	-0.01798	-0.04035	0.01629	-0.01058	0.02677	-0.02248	-0.06206	0.0243	0.05416	0.02796	-0.17778	-0.01703	-0.02145	0.04796	-0.12579	0.01923	-0.02721	0.0778	-0.12363	0.01869	0.02801	0.10159	374.31	723704890	732824342	1000	/scratch.global/lanej/1000G/ngs_dose/1000G_highcov/crams/HG01141.cram	9ab0a0e8,a23ef9ed,7f3b4c3c	184ab16e		14	0.997434	0.999175	0.999513	0.999859	1.999	1.884	0.119	594.129	27.095	scan	F	CLM	AMR	F	0.999636	0.999853	0.997595	NA	-0.09	1.0572	0.9783	480.1944	478.5419	509.1157	199.7263	9.4909	1.9974	653.0576	20.6794	493.3497	489.2427	555.5258	197.75	9.415	1.9974	691.7645	22.9532	561.0163	1.9352	0.0996	32.3288	F	698	
HG01142	scan	0.1.0+fae1124	40.427	150	431	450	0.1253	0.9746	1.1998	0.0681	0.0348		1.9959	58.3757	801.9546	0.9854	0.9866	present	570.221	570.22	543.56	549.61	0.2028	584.17	0.0689	527.68	602.63	562.32	622.57	423.47	485.14	547.0	643.98	427.66	495.07	457.27	536.49	406.03	456.55	564.08	591.19	149.575	NA	149.58	144.46	0.0925	178.56	0.039	137.55	163.11	133.34	160.49	9.727	9.73	9.85	9.87	0.1169	9.79	0.0744	15.0402	9.064	42.6755	75.2552	11.1936	137.4326	0.2527	3.18	0.6383	0.8742	0.2338	572.99	0.00245	0.0252	0.17036	0.35609	-0.11361	148.27	0.02089	0.05	0.06242	-0.00272	0.01671	9.69	0.00255	0.0699	-0.95061	0.00153	0.06774	16	-0.24661	-0.11613	-0.20729	-0.15437	0.1078	0.02739	-0.09258	-0.04201	0.00833	0.03921	-0.02048	-0.01256	-0.1062	0.02434	-0.11254	0.04421	-0.01462	0.03416	-0.00728	0.03255	-0.04956	-0.03132	0.03507	-0.05729	-0.08509	-0.10395	-0.02318	0.01357	-0.154	-0.033	0.00243	0.02238	266.19	803771504	816396334	1000	/scratch.global/lanej/1000G/ngs_dose/1000G_highcov/crams/HG01142.cram	9ab0a0e8,a23ef9ed,7f3b4c3c	184ab16e		14	0.997575	0.998544	0.999584	0.999963	2.018	0.987	0.772	793.284	67.76	scan	M	CLM	AMR	M	0.999746	0.99996	0.997738	NA	0.03	1.0865	0.9814	552.8875	548.0235	610.46	147.7993	9.5887	1.9968	691.5462	58.5383	562.9076	559.6175	628.329	147.9439	9.5687	1.9964	765.631	45.4616	740.1327	1.0104	0.7848	34.2213	M	2504	
HG01148	scan	0.1.0+fae1124	36.295	150	437	450	0.1037	0.9605	1.2443	0.0732	0.0574		2.0034	66.3693	765.713	0.9936	0.9712	present	492.341	492.34	466.33	465.38	0.204	513.34	0.0559	438.82	507.8	474.07	545.76	339.47	394.86	413.16	494.4	346.87	407.75	371.35	450.46	316.83	361.29	491.04	527.0	249.736	NA	249.74	248.76	0.0896	310.16	0.0268	211.34	261.53	220.41	275.41	9.833	9.83	9.96	9.96	0.1201	9.9	0.0633	17.7661	9.8593	52.8638	54.8759	11.6026	136.3956	0.2501	2.7726	0.6847	0.8007	0.2868	493.74	0.00381	0.0393	0.18243	0.32953	0.45019	248.76	0.00962	0.023	0.04005	-0.0002	-0.0192	9.78	0.00274	0.0751	-0.20856	-0.03488	-0.32829	16	0.34185	-0.06345	-0.11339	0.12427	0.02142	0.08252	-0.00905	-0.04378	-0.03169	-0.05229	0.04066	-0.00208	-0.05195	0.09512	-0.14927	0.06883	-0.05047	0.04583	-0.02782	0.02541	-0.02106	-0.01463	0.11018	-0.0041	-0.01096	-0.02235	-0.04348	0.04163	-0.13129	-0.05142	0.02545	0.04171	268.79	721357290	730729510	1000	/scratch.global/lanej/1000G/ngs_dose/1000G_highcov/crams/HG01148.cram	9ab0a0e8,a23ef9ed,7f3b4c3c	184ab16e		14	0.997787	0.998435	0.99949	0.999857	2.062	0.98	0.742	752.53	78.738	scan	M	CLM	AMR	M	0.999614	0.999876	0.997559	NA	0.12	1.1054	0.9602	511.7741	505.5033	582.3016	236.9808	9.5555	2.004	745.4834	44.6013	538.6362	529.7924	602.6974	250.4273	9.4964	2.0033	685.169	40.4368	706.7723	1.0024	0.7496	31.4831	M	2504	
HG01149	scan	0.1.0+fae1124	64.151	150	434	450	0.0824	0.9676	1.2471	0.0512	0.0444		1.9839	62.0636	821.8747	1.9342	0.0026	present	352.308	352.31	345.68	347.11	0.1772	381.61	0.0519	355.24	445.32	368.53	416.03	293.59	362.89	364.42	468.61	280.43	352.29	296.08	366.79	265.7	329.21	354.25	375.22	150.046	NA	150.05	150.47	0.0675	188.92	0.0242	132.29	167.04	133.32	169.85	9.701	9.7	9.83	9.85	0.1017	9.75	0.0479	21.7158	1.5765	44.0859	56.4718	11.2231	148.601	0.2472	3.0094	0.6178	0.8314	0.4613	361.07	0.00259	0.0267	-0.22536	-0.25267	-0.0926	149.1	0.00612	0.0146	-0.01509	0.0436	-0.00385	9.7	0.00221	0.0606	0.60331	-0.42395	0.31632	16	0.17053	-0.02402	0.00244	-0.03461	-0.06005	0.02112	0.04682	-0.0029	-0.05643	-0.0056	-0.06268	0.03088	-0.03536	-0.01035	0.03923	-0.06993	0.05191	0.00022	0.04516	-0.00509	0.003	0.00081	-0.05228	0.0139	-0.01067	0.00756	0.00666	-0.01025	0.02136	-0.02187	-0.01698	-0.0348	514.86	1296430494	1316496926	1000	/scratch.global/lanej/1000G/ngs_dose/1000G_highcov/crams/HG01149.cram	9ab0a0e8,a23ef9ed,7f3b4c3c	184ab16e		14	0.997537	0.998711	0.999407	0.999835	2.031	1.886	0.142	811.938	74.998	scan	F	CLM	AMR	F	0.999591	0.999907	0.997835	NA	0.04	1.1522	1.0207	352.8137	344.5762	403.7969	152.7236	9.7126	1.9846	878.6018	56.0363	348.1598	342.074	396.5737	150.0145	9.5282	1.9864	742.6458	48.5968	721.6685	1.9346	0.1176	56.7636	F	2504	
HG01150	scan	0.1.0+fae1124	38.783	150	455	450	0.0791	0.9608	1.2615	0.0658	0.0672		1.9788	80.3546	931.6337	1.8965	0.0019	present	422.346	422.35	402.65	402.99	0.2048	451.89	0.0493	385.3	488.91	420.85	487.37	325.09	411.64	399.42	519.61	313.35	401.47	335.81	423.78	287.52	361.62	419.63	451.6	208.389	NA	208.39	205.87	0.0824	267.18	0.0231	199.62	253.41	179.0	233.02	9.518	9.52	9.73	9.76	0.1136	9.65	0.0474	18.8147	1.6356	53.0268	50.4461	13.2109	143.2343	0.2593	2.552	0.5748	0.773	0.6462	423.59	0.00379	0.0391	-0.60489	-0.02084	0.26641	207.37	0.0037	0.0089	-0.00464	-0.02138	0.00626	9.58	0.00267	0.0733	-0.00883	-0.68285	-0.09192	16	0.57561	0.2638	0.32691	0.08912	-0.06001	0.08371	0.00531	-0.03687	0.05251	0.08207	-0.07345	-0.12225	0.02161	0.15044	-0.04468	0.04802	0.03349	0.05146	0.01643	-0.11162	-0.01426	-0.01164	-0.00068	0.08102	-0.03209	-0.04188	-0.07018	-0.08184	0.03458	-0.08687	-0.03878	-0.02673	267.27	783883038	794504381	1000	/scratch.global/lanej/1000G/ngs_dose/1000G_highcov/crams/HG01150.cram	9ab0a0e8,a23ef9ed,7f3b4c3c	184ab16e		14	0.997773	0.998932	0.999492	0.999884	2.068	1.834	0.132	917.665	98.174	scan	F	CLM	AMR	F	0.999541	0.999885	0.997794	NA	-0.08	1.1506	0.9935	432.5679	431.0105	491.4717	201.2361	9.6639	1.9823	908.6839	48.0106	400.9994	398.4236	450.4665	213.8038	9.5012	1.984	739.3139	35.4705	847.8804	1.8796	0.1104	34.6151	F	698	
HG01161	scan	0.1.0+fae1124	37.203	150	431	450	0.086	0.9674	1.2546	0.071	0.0409		2.0036	11.2914	671.8982	0.9858	0.9745	present	434.646	434.65	421.34	427.29	0.1763	470.99	0.0487	416.89	538.94	440.68	504.33	357.1	455.09	448.58	586.78	349.85	451.1	366.61	460.7	314.41	405.8	433.6	463.12	189.571	NA	189.57	190.16	0.07	241.49	0.0263	176.53	225.3	166.11	214.32	9.635	9.63	9.73	9.73	0.1162	9.65	0.0506	14.4908	16.3546	56.9645	77.979	10.4825	144.4379	0.2388	3.1987	0.6316	0.7816	0.3791	438.18	0.00335	0.0345	0.37572	-0.21229	-0.26002	188.12	0.01129	0.027	-0.03277	0.02445	0.00619	9.6	0.00249	0.0682	0.56077	-0.66381	-0.44269	16	0.01954	-0.08731	0.00255	-0.07462	0.11772	0.06666	0.03975	-0.14025	0.05983	0.03103	0.01759	0.04722	0.01904	-0.03993	0.04378	0.01034	0.00763	0.07242	0.0163	-0.06683	0.05744	-0.07672	0.01589	0.02601	-0.08311	-0.03086	-0.0438	0.02995	-0.01483	0.02365	0.07856	-0.01065	322.82	740861202	752574943	1000	/scratch.global/lanej/1000G/ngs_dose/1000G_highcov/crams/HG01161.cram	9ab0a0e8,a23ef9ed,7f3b4c3c	184ab16e		14	0.997659	0.998359	0.999534	0.999866	2.058	0.983	0.871	662.977	13.367	scan	M	PUR	AMR	M	0.999729	0.999905	0.99782	NA	-0.06	1.151	1.0057	443.2545	439.0528	508.403	192.1191	9.5674	2.0044	672.2758	13.8385	405.8154	403.2041	459.9275	204.9428	9.7057	2.006	712.3542	18.5095	623.7291	1.0034	0.867	32.8501	M	2504	
HG01162	scan	0.1.0+fae1124	34.242	150	425	400	0.0744	0.9618	1.2895	0.053	0.0438		1.9956	114.572	618.6428	1.9378	0.0027	present	574.943	574.94	561.21	567.34	0.16	641.81	0.0478	566.19	780.95	595.96	691.72	437.33	587.52	595.66	825.35	460.49	632.32	486.01	635.45	443.57	609.57	579.26	625.1	161.899	NA	161.9	159.8	0.0756	213.81	0.0254	151.83	199.58	134.61	179.0	9.619	9.62	9.72	9.72	0.1193	9.62	0.0438	16.4932	0.9044	57.2362	47.677	9.5495	130.346	0.2295	2.7712	0.6787	0.844	0.5263	586.94	0.00328	0.0338	0.11776	-0.34314	-0.1018	161.2	0.01259	0.0301	-0.0682	-0.01266	-0.0331	9.54	0.00273	0.075	-0.22331	-0.04294	-0.00202	16	0.04489	-0.00881	-0.07171	-0.0452	-0.05569	0.05813	0.07999	0.00582	-0.06451	-0.07073	0.02145	0.04773	0.02614	0.04904	-0.02059	-0.07771	-0.06298	-0.03649	0.00674	-0.03994	-0.028	-0.00595	-0.12282	-0.06093	0.08764	0.02671	0.03468	-0.06062	-0.07765	-0.01223	-0.03177	-0.01232	284.12	689562724	698415541	1000	/scratch.global/lanej/1000G/ngs_dose/1000G_highcov/crams/HG01162.cram	9ab0a0e8,a23ef9ed,7f3b4c3c	184ab16e		14	0.997741	0.998887	0.999652	0.999982	2.046	1.867	0.117	602.394	139.941	scan	F	PUR	AMR	F	0.999671	1.0	0.997817	NA	-0.12	1.1785	1.0154	590.3008	579.3028	694.1554	162.3928	9.5677	1.9978	619.4495	114.0697	604.9372	593.3734	677.2204	168.7391	9.6432	1.9984	654.3054	95.7228	577.0143	1.921	0.098	30.4314	F	2504	
HG01164	scan	0.1.0+fae1124	36.178	150	425	400	0.0748	0.9639	1.2709	0.0635	0.0387		1.983	18.4018	649.5358	1.0016	0.9756	present	508.759	508.76	493.34	496.46	0.1605	556.06	0.0463	493.73	654.55	527.73	605.31	388.24	494.24	534.14	711.53	402.61	530.03	423.37	536.06	364.49	477.0	509.64	547.07	216.114	NA	216.11	213.88	0.0769	276.82	0.0221	209.14	268.5	193.06	248.1	9.748	9.75	9.84	9.86	0.1072	9.76	0.0449	16.7491	12.7303	35.673	96.8739	12.2633	129.3862	0.2616	3.5493	0.4856	0.8827	0.3735	516.29	0.00305	0.0315	-0.00279	-0.42656	0.0769	213.67	0.00711	0.017	0.01497	0.04293	-0.01207	9.68	0.00257	0.0706	0.40229	-0.43876	-0.38481	16	-0.11166	-0.13817	-0.06793	-0.13767	0.05966	-0.02699	0.09228	-0.16981	0.04097	-0.0308	-0.00165	0.02257	0.07477	-0.07143	0.04269	0.04886	-0.08237	-0.05873	0.01541	-0.02699	-0.00956	0.05698	-0.04174	-0.01344	0.05427	-0.04549	0.06197	0.11281	0.04401	-0.00761	-0.03039	-0.06831	316.37	717772810	732826761	1000	/scratch.global/lanej/1000G/ngs_dose/1000G_highcov/crams/HG01164.cram	9ab0a0e8,a23ef9ed,7f3b4c3c	184ab16e		14	0.997584	0.999205	0.999581	0.999947	1.974	0.983	0.873	636.467	21.795	scan	M	PUR	AMR	M	0.999691	0.999944	0.997846	NA	0.02	1.1724	1.0222	540.1355	530.919	635.7286	216.7722	9.6546	1.9843	646.0753	32.9036	522.8623	519.9242	596.0049	203.6137	9.6378	1.9864	632.1564	18.8287	603.1815	1.0074	0.86	32.1431	M	2504	
HG01167	scan	0.1.0+fae1124	51.848	150	420	400	0.0767	0.9588	1.2543	0.0595	0.0423		1.998	92.6319	683.5694	0.9919	0.9848	present	398.738	398.74	389.07	392.08	0.149	440.16	0.0484	395.96	524.1	406.41	468.75	321.58	406.66	422.41	564.19	319.68	420.82	336.79	426.17	309.39	403.39	400.17	431.97	267.461	NA	267.46	269.42	0.0708	342.91	0.0295	253.95	325.3	220.87	284.55	9.793	9.79	9.89	9.92	0.0991	9.82	0.045	16.635	14.8096	49.2522	91.8613	9.7924	143.4789	0.2634	2.7674	0.5423	0.8787	0.2286	407.08	0.00499	0.0515	0.09243	-0.69372	-0.03095	268.8	0.00681	0.0163	-0.092	-0.01824	-0.00938	9.73	0.00215	0.059	0.52131	0.31288	0.19114	16	0.0368	-0.05063	0.02243	-0.06198	0.09094	0.16512	0.01785	-0.11802	0.08517	0.06543	-0.05488	0.09526	-0.03597	0.06679	-0.04704	-0.03007	-0.03875	-0.07169	-0.06726	0.054	0.02652	-0.06287	-0.00415	0.01688	-0.05908	-0.01671	0.06187	0.05145	0.03641	0.01194	0.02048	0.03921	277.34	1038939038	1058768610	1000	/scratch.global/lanej/1000G/ngs_dose/1000G_highcov/crams/HG01167.cram	9ab0a0e8,a23ef9ed,7f3b4c3c	184ab16e		14	0.99784	0.998309	0.9996	0.999887	2.055	0.985	0.892	669.526	114.717	scan	M	PUR	AMR	M	0.999654	0.999944	0.997958	NA	0.07	1.1515	0.9984	404.5557	395.3026	464.2567	272.3503	9.7126	1.999	627.5143	64.873	410.3878	403.5941	459.7512	250.1546	9.7103	1.9968	684.7739	60.6439	618.6913	1.0016	0.867	46.3619	M	2504	
HG01168	scan	0.1.0+fae1124	35.746	150	437	450	0.0918	0.9664	1.2674	0.0695	0.0439	chr12	2.0025	17.0156	532.6982	1.9144	0.0031	present	410.533	410.53	388.54	391.58	0.2119	431.79	0.0494	381.3	478.14	399.78	457.45	303.29	379.71	351.24	450.12	291.85	369.0	312.06	389.17	280.02	347.53	406.67	433.78	280.374	NA	280.37	276.85	0.0792	354.49	0.0254	255.35	320.26	248.3	317.8	9.695	9.69	9.78	9.84	0.1153	9.7	0.0536	15.0308	2.4495	39.8469	54.1822	14.7842	137.312	0.239	2.8044	0.5228	0.8655	0.4562	410.73	0.00306	0.0316	0.38938	0.55773	-0.01995	278.67	0.00583	0.014	0.02555	0.03252	-0.00503	9.62	0.00282	0.0773	0.57063	-0.23856	-0.8386	16	0.01802	-0.21786	0.08716	0.06833	-0.00952	-0.03468	-0.09767	0.0756	-0.07313	-0.00309	0.03276	0.03292	0.0904	0.00827	0.05204	0.08186	-0.10679	-0.00626	-0.0227	-0.03627	0.02506	0.00637	-0.0803	-0.00369	-0.02594	0.0041	-0.03613	0.07828	-0.03268	0.05607	0.02867	-0.00606	244.39	720131654	730655196	1000	/scratch.global/lanej/1000G/ngs_dose/1000G_highcov/crams/HG01168.cram	9ab0a0e8,a23ef9ed,7f3b4c3c	184ab16e		14	0.997624	0.998337	0.999494	0.999863	2.013	1.854	0.142	514.313	19.949	scan	F	PUR	AMR	F	0.999622	0.999911	0.997731	NA	-0.04	1.1137	0.9733	402.5634	401.4722	455.4358	273.0014	9.588	1.9976	582.095	17.3883	468.9196	466.0187	520.7188	242.904	9.6888	1.9963	656.8713	16.6571	494.0891	1.8984	0.1184	31.4253	F	2504	aneuploid: chr12
HG01169	scan	0.1.0+fae1124	34.533	150	443	450	0.0724	0.975	1.2036	0.0578	0.0415		1.9959	18.1691	603.4444	1.9393	0.0019	present	444.904	444.9	421.69	423.28	0.2074	455.12	0.0437	414.16	484.86	446.96	493.29	323.77	380.92	388.69	469.81	311.64	370.83	342.68	408.08	292.11	337.65	439.68	460.29	242.044	NA	242.04	237.47	0.0906	293.81	0.0189	222.53	266.18	206.94	255.06	9.701	9.7	9.86	9.88	0.1197	9.79	0.0424	17.5919	1.9114	47.005	68.7894	10.1355	142.7736	0.2504	2.3668	0.5389	0.849	0.4274	443.39	0.00446	0.046	-0.08963	0.3296	0.19	239.59	0.01123	0.0269	0.01668	-0.03892	0.01231	9.72	0.00275	0.0755	-1.10077	-0.37971	-0.39837	16	-0.10751	0.07655	-0.02026	-0.023	0.05571	-0.17156	-0.06108	0.01673	-0.03936	-0.112	0.05373	-0.09798	0.0199	-0.0594	0.03505	0.04251	0.04048	-0.10766	0.03792	0.03887	-0.02617	-0.00231	-0.08884	0.04902	0.00051	0.02541	-0.0752	0.00577	-0.03139	0.04117	0.04314	-0.07122	194.87	698704366	709640998	1000	/scratch.global/lanej/1000G/ngs_dose/1000G_highcov/crams/HG01169.cram	9ab0a0e8,a23ef9ed,7f3b4c3c	184ab16e		14	0.997754	0.998719	0.999433	0.999802	2.031	1.89	0.15	602.824	20.993	scan	F	PUR	AMR	F	0.999656	0.999822	0.997835	NA	0.06	1.1125	1.0081	437.7715	440.0137	488.5285	241.0014	9.7354	1.999	613.0174	34.535	432.8652	432.5833	489.047	226.8034	9.9145	1.9979	610.1645	32.3733	573.0163	1.933	0.1204	31.0499	F	698	
HG01170	scan	0.1.0+fae1124	33.701	150	432	450	0.0839	0.9624	1.2796	0.0637	0.0517		1.9871	31.9917	447.1621	0.993	0.9848	present	572.654	572.65	555.32	568.76	0.1637	625.74	0.0514	562.6	741.75	591.15	680.32	471.96	611.42	584.71	787.76	458.03	603.38	484.77	620.75	427.64	559.04	568.91	610.11	172.148	NA	172.15	172.1	0.0773	223.68	0.0231	161.78	210.62	149.03	196.55	9.74	9.74	9.87	9.85	0.1189	9.78	0.0468	21.6841	10.0439	57.4451	71.7016	11.7846	137.7459	0.2456	3.0006	0.6464	0.8305	0.3882	582.67	0.00278	0.0286	0.00465	-0.1809	-0.17623	170.77	0.0086	0.0206	0.00201	0.00048	0.02981	9.74	0.0026	0.0712	-0.59963	0.04904	0.01924	16	0.24194	-0.04233	-0.08106	-0.04492	0.05227	0.0604	0.08681	-0.09438	-0.07758	-0.12942	0.00218	-0.02821	0.02083	-0.0746	0.17403	-0.0316	-0.02479	-0.05343	-0.07831	-0.03009	-0.02815	0.00425	0.10055	-0.0319	0.10865	-0.03556	-0.00955	-0.07182	-0.0607	-0.05342	0.08611	-0.0033	269.74	671789868	682384951	1000	/scratch.global/lanej/1000G/ngs_dose/1000G_highcov/crams/HG01170.cram	9ab0a0e8,a23ef9ed,7f3b4c3c	184ab16e		14	0.99782	0.998617	0.99959	0.999823	2.062	0.981	0.773	434.653	38.679	scan	M	PUR	AMR	M	0.999724	0.999855	0.997947	NA	0.08	1.1676	1.0146	600.9162	591.1693	701.0496	178.5322	9.7038	1.9888	543.1492	49.3995	580.6546	572.7433	660.6664	168.9625	9.8669	1.9896	524.7155	53.3772	419.9911	1.0004	0.7716	29.8889	M	2504	
HG01171	scan	0.1.0+fae1124	38.553	150	434	450	0.0948	0.9746	1.2093	0.0658	0.0494		1.9994	59.7882	684.2393	1.9326	0.0019	present	528.798	528.8	509.88	509.43	0.1844	546.79	0.0532	488.32	551.02	528.71	586.65	409.22	464.19	494.04	568.16	401.52	457.96	415.93	486.44	355.75	399.48	531.53	556.89	134.072	NA	134.07	132.15	0.0783	160.22	0.0218	123.41	146.76	120.55	145.05	10.727	10.73	10.91	10.89	0.1332	10.84	0.0556	16.5432	1.7917	38.2268	55.4576	10.463	129.5419	0.2527	3.3251	0.5903	0.898	0.4799	531.76	0.0026	0.0268	0.12375	-0.01528	0.19007	134.5	0.00501	0.012	0.01781	-0.00087	0.05783	10.72	0.00421	0.1154	0.0853	-0.15297	2.41421	16	0.20886	-0.08247	-0.07658	-0.0797	-0.00363	-0.01169	0.00846	-0.00131	-0.01084	-0.05595	-0.06264	0.03492	0.01828	0.07166	0.00583	0.00669	0.10283	-0.05069	0.02348	0.07127	0.03281	0.13344	-0.03951	0.05941	0.04521	0.04905	-0.08684	0.14593	-0.12328	-0.01668	-0.08649	0.03282	267.98	776192472	787065601	1000	/scratch.global/lanej/1000G/ngs_dose/1000G_highcov/crams/HG01171.cram	9ab0a0e8,a23ef9ed,7f3b4c3c	184ab16e		14	0.997689	0.998291	0.999535	0.999827	1.983	1.87	0.138	664.874	69.46	scan	F	PUR	AMR	F	0.99961	0.999843	0.998136	NA	1.06	1.1032	0.9943	524.0581	519.5042	580.9563	135.1531	10.611	2.0027	699.9658	53.3749	537.0587	531.8235	611.1545	124.5508	10.7123	2.004	818.3705	68.4221	625.4059	1.9206	0.116	33.6035	F	2504	DJ +1.06 copies
HG01172	scan	0.1.0+fae1124	36.57	150	442	450	0.0843	0.9635	1.2412	0.0639	0.0497		2.0145	69.2429	656.8627	0.9903	0.9797	present	735.87	735.87	711.53	719.64	0.1618	801.08	0.0581	716.94	938.43	745.32	856.93	610.37	794.4	780.47	1022.6	592.47	774.75	621.48	780.48	545.16	716.74	729.55	784.62	122.195	NA	122.2	123.36	0.0728	154.66	0.0245	116.72	146.51	102.5	131.62	10.656	10.66	10.99	10.95	0.1451	10.91	0.0486	17.5041	9.4332	36.0367	69.9187	12.6989	125.919	0.2573	3.574	0.5941	0.9802	0.4157	743.62	0.00397	0.0409	0.09389	-0.34816	-0.23697	121.95	0.00365	0.0087	-0.03523	-0.00642	0.02902	10.85	0.00478	0.1311	-0.56731	-0.44634	2.73652	16	0.14834	-0.00881	0.00115	-0.06742	0.02013	-0.04006	-0.05574	0.05702	0.21331	0.32309	0.04051	-0.01595	-0.05884	-0.11997	-0.00101	-0.01715	0.0044	-0.03607	0.02602	-0.02775	-0.03175	0.03107	-0.05524	-0.03813	0.01908	0.05228	-0.02473	-0.08794	-0.0252	-0.02279	0.03975	0.06204	185.15	727510196	738283551	1000	/scratch.global/lanej/1000G/ngs_dose/1000G_highcov/crams/HG01172.cram	9ab0a0e8,a23ef9ed,7f3b4c3c	184ab16e		14	0.99786	0.998705	0.999614	0.999787	1.997	0.979	0.769	643.079	79.111	scan	M	PUR	AMR	M	0.999702	0.999861	0.998123	NA	1.19	1.1524	1.0023	677.7916	672.6194	757.1242	122.8293	10.7584	2.016	649.1852	49.0916	629.3649	621.6368	717.8134	132.193	10.7587	2.015	650.8733	46.9878	609.9678	1.0014	0.7704	32.4532	M	698	DJ +1.19 copies
HG01173	scan	0.1.0+fae1124	35.902	150	424	400	0.1012	0.963	1.2312	0.0492	0.0482		1.9887	25.6324	655.3014	0.9803	0.9665	present	364.073	364.07	348.44	355.2	0.1845	389.11	0.0497	339.25	432.45	364.6	415.97	257.94	319.9	362.89	466.32	271.01	345.01	298.73	369.27	252.55	319.01	362.66	388.74	133.313	NA	133.31	133.87	0.0678	166.83	0.0268	127.67	159.27	114.72	144.24	8.706	8.71	8.77	8.77	0.119	8.71	0.0617	12.8467	10.831	45.1885	73.6347	9.1675	135.8483	0.2188	2.5862	0.7151	0.783	0.6509	364.52	0.00302	0.0311	0.36076	-0.03355	-0.12472	132.47	0.01471	0.0352	-0.04826	0.02487	-0.01606	8.63	0.0029	0.0794	0.35604	0.49923	0.402	16	0.14751	0.09516	0.15807	-0.00777	0.09025	0.11564	-0.04592	-0.08122	0.0574	0.03135	-0.02738	0.01654	0.0328	0.02412	0.00172	0.00878	0.02541	-0.06111	0.05438	-0.0665	0.01323	0.04014	-0.05879	0.00397	0.06232	0.04119	0.00754	0.15222	0.02813	0.04577	0.02599	0.03751	211.72	709750304	720473229	1000	/scratch.global/lanej/1000G/ngs_dose/1000G_highcov/crams/HG01173.cram	9ab0a0e8,a23ef9ed,7f3b4c3c	184ab16e		14	0.997336	0.998744	0.999584	0.999911	2.033	0.979	0.755	647.067	30.02	scan	M	PUR	AMR	M	0.999632	0.999932	0.997243	NA	-1.03	1.1411	1.0002	361.5448	361.08	409.4394	134.5455	8.695	1.9915	644.4961	25.0824	338.327	337.3282	377.401	144.3546	8.689	1.9902	631.9803	27.7693	614.6633	1.0032	0.7626	31.1002	M	2504	DJ -1.03 copies
HG01174	scan	0.1.0+fae1124	37.002	150	439	450	0.1024	0.9585	1.2739	0.0738	0.0438		1.9882	53.1324	878.7842	1.9415	0.0031	present	265.667	265.67	253.46	255.37	0.1833	282.12	0.0486	249.94	301.38	266.34	308.32	199.75	241.06	233.1	289.45	193.97	236.68	204.63	253.66	179.64	213.69	264.19	284.73	233.764	NA	233.76	230.31	0.0844	295.83	0.0354	216.58	273.07	195.67	249.65	9.835	9.84	9.91	9.96	0.117	9.85	0.0616	19.2983	1.9975	53.584	58.8593	12.9036	149.965	0.2429	2.4877	0.5903	0.8389	0.2972	265.96	0.003	0.0309	-0.11766	-0.0023	0.3867	232.32	0.00516	0.0123	-0.01311	-0.02851	-0.00345	9.79	0.00286	0.0784	0.41616	-0.41722	-0.44876	16	-0.01881	0.08256	0.04154	-0.10793	-0.06382	-0.15654	0.08548	-0.0997	0.03265	-0.01095	0.02236	-0.07354	0.01311	-0.00395	0.0298	0.028	-0.08335	-0.04922	0.03118	0.07105	0.01802	-0.00177	-0.02714	0.06109	0.08204	0.01211	0.05273	0.11114	-0.05327	-0.00806	0.03562	0.00971	292.02	748957600	760321421	1000	/scratch.global/lanej/1000G/ngs_dose/1000G_highcov/crams/HG01174.cram	9ab0a0e8,a23ef9ed,7f3b4c3c	184ab16e		14	0.997741	0.998815	0.999416	0.999854	2.016	1.876	0.148	876.792	65.496	scan	F	PUR	AMR	F	0.999484	0.999872	0.997763	NA	0.13	1.1593	1.0014	274.3752	274.5444	314.7922	232.0897	9.8353	1.9925	845.5761	81.4577	267.3338	266.5676	305.0275	230.2131	9.8033	1.9939	861.2302	87.365	821.2974	1.9176	0.1234	32.2272	F	2504	
HG01175	scan	0.1.0+fae1124	35.815	150	448	450	0.094	0.9722	1.1969	0.0679	0.0465		1.9935	46.6312	633.8991	1.9372	0.0017	present	353.542	353.54	349.34	351.21	0.1653	385.83	0.0502	358.68	459.99	368.39	413.71	306.48	386.08	378.43	489.01	290.41	370.26	305.08	374.37	266.56	342.56	356.87	377.12	163.752	NA	163.75	163.77	0.0686	202.97	0.0264	148.56	184.61	139.91	175.9	9.796	9.8	9.94	9.96	0.1191	9.87	0.0574	17.3488	1.6177	53.7022	53.9826	11.8527	148.4175	0.2305	2.8711	0.7207	0.8896	0.6505	363.99	0.00391	0.0403	0.02226	-0.33507	-0.30364	162.35	0.01162	0.0278	-0.05356	0.01258	-0.00975	9.79	0.00265	0.0727	0.14014	0.49941	0.26049	16	0.1289	0.01323	0.03103	-0.07234	0.02957	0.07924	-0.01791	0.09042	-0.01375	0.04932	-0.01022	-0.06288	-0.04371	-0.04388	0.06166	0.06343	-0.0076	-0.05692	0.00969	0.05738	0.09225	0.04747	0.03242	0.02377	0.00551	0.0668	-0.06031	-0.02408	-0.14659	0.05123	0.04981	-0.08273	346.38	722492324	731720503	1000	/scratch.global/lanej/1000G/ngs_dose/1000G_highcov/crams/HG01175.cram	9ab0a0e8,a23ef9ed,7f3b4c3c	184ab16e		14	0.997916	0.999002	0.999566	0.999871	2.048	1.882	0.131	627.087	55.754	scan	F	PUR	AMR	F	0.999635	0.999927	0.997856	NA	0.13	1.1366	1.0121	350.1712	340.2426	398.6396	160.9553	9.8214	1.9919	706.0235	51.4075	359.6764	352.0372	411.3049	168.1626	9.8026	1.9932	692.1153	50.1489	598.2126	1.928	0.1126	31.4428	F	698	
HG01176	scan	0.1.0+fae1124	49.721	150	437	450	0.0809	0.9758	1.1764	0.0626	0.0411		2.0051	49.5178	672.3393	0.9846	0.9766	present	596.18	596.18	572.63	574.76	0.18	610.82	0.0565	554.44	614.37	583.95	641.92	422.92	472.71	562.58	638.96	432.07	486.06	463.75	533.52	395.74	435.01	598.57	626.29	216.068	NA	216.07	208.83	0.0944	253.53	0.0263	194.87	226.38	191.27	226.41	9.633	9.63	9.75	9.75	0.111	9.71	0.047	11.809	11.2886	48.1469	62.9443	11.9639	141.2447	0.2326	2.4601	0.6957	0.7949	0.5049	598.68	0.00293	0.0302	-0.25558	-0.32506	0.51947	213.92	0.01676	0.0401	0.07373	-0.00396	-0.00913	9.6	0.00223	0.061	-0.07624	-0.2902	-0.01459	16	-0.0892	-0.01028	-0.03434	-0.08225	0.00379	0.0356	0.05419	0.00458	0.09815	0.01974	-0.00701	0.02353	-0.04004	-0.01491	-0.04192	0.03548	0.00449	-0.01089	-0.0287	0.07102	-0.00164	0.00876	0.06301	-0.02948	-0.00135	-0.0315	-0.01242	0.05694	-0.11052	0.01784	0.0025	0.00542	252.56	987908534	1002555648	1000	/scratch.global/lanej/1000G/ngs_dose/1000G_highcov/crams/HG01176.cram	9ab0a0e8,a23ef9ed,7f3b4c3c	184ab16e		14	0.997586	0.998755	0.999595	0.999778	2.048	0.981	0.786	642.79	57.108	scan	M	PUR	AMR	M	0.99972	0.999926	0.997716	NA	-0.06	1.0722	0.9754	596.743	593.292	641.3955	209.6129	9.6045	2.0054	654.7919	51.4116	575.5699	570.4503	639.8523	230.7266	9.5584	2.0035	624.3759	59.4604	595.462	1.0028	0.7774	44.1943	M	2504	
HG01177	scan	0.1.0+fae1124	40.395	150	438	450	0.0755	0.9748	1.2229	0.0612	0.0396		2.0055	115.3425	622.1509	1.9585	0.0022	present	429.959	429.96	411.57	416.74	0.2057	442.79	0.0447	388.1	433.15	426.93	476.16	304.76	344.73	394.7	452.44	307.97	350.06	333.47	391.26	282.33	311.65	431.27	454.29	162.041	NA	162.04	157.44	0.0913	194.38	0.0247	149.01	176.76	142.03	171.57	9.658	9.66	9.76	9.78	0.106	9.71	0.0431	20.4199	0.9011	50.2391	48.8692	11.6274	139.1944	0.2239	2.6849	0.7244	0.812	0.6883	431.27	0.00302	0.0311	0.36262	0.29158	0.2245	160.07	0.01016	0.0243	0.04522	-0.01244	-0.00423	9.58	0.00252	0.0691	-0.18839	-0.4351	-0.00057	16	-0.05749	-0.06902	-0.0969	-0.14791	0.01772	0.01259	-0.11442	0.08316	-0.02819	-0.00282	-0.02105	0.04914	-0.00516	-0.0544	-0.05504	-0.00407	0.06699	0.10639	0.03655	0.06168	-0.00144	0.05644	0.01405	0.12329	0.01552	-0.07326	-0.08158	0.03104	-0.03202	-0.05732	-0.05163	-0.05682	541.65	818670012	829994266	1000	/scratch.global/lanej/1000G/ngs_dose/1000G_highcov/crams/HG01177.cram	9ab0a0e8,a23ef9ed,7f3b4c3c	184ab16e		14	0.997618	0.998507	0.999516	0.999898	2.041	1.909	0.129	612.989	135.807	scan	F	PUR	AMR	F	0.999628	0.999951	0.997619	NA	-0.08	1.1041	0.9899	399.8896	398.526	443.4991	162.7655	9.59	2.0086	617.062	147.1916	428.9196	424.7812	486.0327	166.5264	9.5067	2.005	647.5201	163.4363	578.8507	1.9564	0.1058	36.1082	F	2504	
HG01178	scan	0.1.0+fae1124	38.034	150	449	450	0.0921	0.9702	1.2173	0.054	0.0445		1.9882	84.4507	922.8942	0.986	0.9693	present	492.922	492.92	475.95	482.26	0.1529	527.62	0.0526	469.04	607.71	497.75	559.49	403.32	516.97	488.43	644.48	393.24	510.97	410.77	512.45	372.83	481.6	490.69	518.58	228.832	NA	228.83	230.98	0.0699	289.13	0.0272	210.14	263.45	195.16	251.46	9.488	9.49	9.72	9.76	0.1271	9.64	0.0507	13.0753	11.3252	54.4576	61.8375	13.2115	124.3484	0.2377	2.823	0.8486	0.7868	0.8096	495.41	0.0034	0.0351	0.25735	-0.39235	-0.09836	227.64	0.00292	0.007	-0.03394	0.00561	0.01241	9.63	0.00277	0.0759	-1.54375	-0.56546	-0.32374	16	-0.07369	-0.12026	-0.17475	-0.09509	-0.05105	-0.02675	-0.09535	0.09042	-0.06679	-0.00857	0.07386	-0.09896	0.03933	0.04854	-0.02408	-0.01975	0.03994	-0.09166	-0.03547	-0.10366	-0.04652	0.02492	-0.02276	0.02774	-0.05638	0.08018	-0.18679	0.03496	0.00329	0.09208	-0.04665	-0.03223	240.52	753241502	763640649	1000	/scratch.global/lanej/1000G/ngs_dose/1000G_highcov/crams/HG01178.cram	9ab0a0e8,a23ef9ed,7f3b4c3c	184ab16e		14	0.998	0.999185	0.999554	0.999708	2.048	0.985	0.77	917.88	100.82	scan	M	PUR	AMR	M	0.999688	0.99979	0.998103	NA	-0.03	1.1293	1.0047	482.9989	482.4712	546.7685	226.9686	9.5968	1.9897	886.6401	87.989	461.1018	463.4285	521.0698	233.1542	9.5649	1.9893	854.1855	86.9763	852.8642	1.0124	0.779	33.3242	M	698	
HG01182	scan	0.1.0+fae1124	38.392	150	435	450	0.1069	0.9817	1.1463	0.0616	0.0342		1.9969	19.2589	689.5258	0.9941	0.9914	present	491.461	491.46	472.31	478.75	0.1918	490.74	0.0571	475.0	477.95	491.84	529.16	369.0	378.72	476.82	500.15	364.23	376.3	389.66	426.27	323.45	317.7	488.09	505.14	157.471	NA	157.47	155.44	0.0859	175.98	0.033	144.01	158.94	136.15	152.57	9.697	9.7	9.72	9.73	0.1103	9.68	0.0608	15.8054	11.8231	46.6257	83.3827	10.9153	135.7437	0.2477	3.6202	0.4764	0.8803	0.5202	492.55	0.00266	0.0275	0.00499	0.23548	0.068	155.85	0.00873	0.0209	0.0113	-0.01717	0.00169	9.53	0.00278	0.0762	0.71234	0.5203	0.01637	16	-0.21247	-0.01887	0.00958	0.01214	-0.01893	0.12878	0.01331	-0.03517	0.01366	-0.04351	0.03179	-0.00053	-0.04543	-0.06116	-0.01788	0.11105	-0.04725	0.01952	-0.08183	-0.00985	0.04687	0.0114	0.019	-0.01016	0.0018	0.08142	0.04171	0.07762	-0.01351	0.02871	-0.05819	-0.07003	378.83	765018146	778725039	1000	/scratch.global/lanej/1000G/ngs_dose/1000G_highcov/crams/HG01182.cram	9ab0a0e8,a23ef9ed,7f3b4c3c	184ab16e		14	0.99742	0.998729	0.99957	0.999822	2.005	0.98	0.819	683.426	21.349	scan	M	PUR	AMR	M	0.99966	0.999835	0.997319	NA	-0.13	1.0743	0.9986	515.3842	512.4474	567.2475	150.2909	9.6011	1.9931	729.9739	25.7015	498.1359	492.4471	573.5909	171.0865	9.6623	1.9937	723.4998	33.9294	642.9881	0.9982	0.8132	33.2788	M	2504	
HG01183	scan	0.1.0+fae1124	41.769	150	432	450	0.0692	0.9591	1.3048	0.0589	0.0494		1.9973	45.1354	856.6775	1.9482	0.0026	present	511.007	511.01	505.02	506.9	0.1616	578.71	0.0476	493.89	677.89	532.4	624.42	415.82	563.18	507.63	708.95	406.88	558.3	428.48	561.42	378.09	513.16	523.64	567.39	189.772	NA	189.77	189.41	0.0705	250.21	0.0245	176.88	233.14	163.15	217.74	9.545	9.54	9.67	9.67	0.1107	9.58	0.0405	21.5388	1.4941	53.9403	51.8714	8.8907	153.2269	0.2304	2.7244	0.7665	0.7737	0.4194	524.42	0.00272	0.028	-0.32766	-0.89851	0.25035	187.11	0.0031	0.0074	-0.03494	0.02659	-0.02027	9.48	0.00246	0.0674	-0.5235	0.31541	-0.11275	16	0.14533	0.03067	0.01247	-0.06226	0.06319	-0.09666	-0.06492	0.01036	-0.08052	-0.05714	-0.06928	0.1143	0.01285	-0.02502	0.06047	-0.06794	-0.01552	0.00128	0.01044	-0.02975	-0.07391	-0.04007	-0.06279	0.05059	0.11876	0.0064	-0.07974	0.07077	-0.02621	-0.00499	0.02219	0.00516	268.17	847542830	860127465	1000	/scratch.global/lanej/1000G/ngs_dose/1000G_highcov/crams/HG01183.cram	9ab0a0e8,a23ef9ed,7f3b4c3c	184ab16e		14	0.997663	0.999047	0.99934	0.999693	2.051	1.879	0.131	840.285	56.125	scan	F	PUR	AMR	F	0.999466	0.999737	0.997905	NA	-0.18	1.1907	1.0152	482.7323	470.4277	569.4114	198.1362	9.4635	2.0028	909.8909	54.3343	492.1052	482.7219	559.5602	191.2211	9.4119	2.0004	860.3311	43.1999	779.0145	1.9156	0.1078	37.6705	F	2504	
HG01184	scan	0.1.0+fae1124	38.398	150	456	450	0.0745	0.9588	1.2961	0.0638	0.0433		1.993	41.7633	761.6969	1.9464	0.0025	present	553.203	553.2	535.63	532.75	0.184	610.0	0.0513	518.42	697.21	564.7	660.23	420.64	558.57	534.93	730.41	405.99	545.89	440.04	572.99	373.81	500.71	559.95	604.78	191.892	NA	191.89	189.68	0.0857	253.44	0.0261	169.01	223.14	162.92	218.21	9.667	9.67	9.91	9.95	0.1154	9.82	0.0446	17.0925	2.0267	48.4425	61.5496	10.5007	141.736	0.2403	2.8447	0.5742	0.7707	0.418	559.18	0.00281	0.029	-0.45221	-0.41601	0.41667	189.1	0.00865	0.0207	-0.02639	-0.03593	0.00348	9.75	0.00258	0.0708	-0.70988	-0.14246	-0.01381	16	0.01541	0.04011	-0.05177	-0.11544	0.08993	-0.00441	-0.04938	0.14332	0.00765	0.17592	0.01034	0.00265	0.02405	-0.06709	0.00601	0.10043	-0.0554	0.01389	-0.0476	-0.0145	-0.08389	-0.05932	0.00257	-0.03287	0.05273	-0.03417	-0.02314	0.04485	0.04774	0.0054	-0.00301	0.03764	302.26	776786432	789264953	1000	/scratch.global/lanej/1000G/ngs_dose/1000G_highcov/crams/HG01184.cram	9ab0a0e8,a23ef9ed,7f3b4c3c	184ab16e		14	0.997741	0.998499	0.999569	0.99989	2.028	1.872	0.151	753.005	48.701	scan	F	PUR	AMR	F	0.999675	0.999927	0.997828	NA	0.09	1.1807	1.0099	510.6064	504.5268	601.353	186.7676	9.7217	1.9934	795.5082	47.1493	512.0044	506.659	582.3581	193.4985	9.7108	1.9957	777.5702	33.5026	708.7652	1.9144	0.124	34.4967	F	698	
HG01187	scan	0.1.0+fae1124	37.24	150	437	450	0.0784	0.9822	1.1368	0.063	0.0463		2.0019	68.7709	755.7828	0.9901	0.9593	present	423.733	423.73	402.21	401.62	0.1915	419.27	0.0434	392.79	415.1	424.8	454.85	299.72	319.12	384.65	418.48	293.11	314.46	325.59	360.09	265.97	276.96	418.98	431.45	195.526	NA	195.53	191.46	0.0897	220.06	0.0253	178.51	199.95	171.87	194.17	9.631	9.63	9.69	9.68	0.1068	9.64	0.0457	16.1874	9.2442	56.3549	56.4702	10.5242	139.9403	0.2524	2.6105	0.6577	0.8018	0.2167	419.54	0.00341	0.0351	0.27323	0.00442	0.57276	194.03	0.00888	0.0213	0.0496	-0.00261	-0.00779	9.54	0.00257	0.0706	0.37895	0.27284	-0.06284	16	-0.15854	0.2208	0.22902	0.01602	0.00735	-0.06162	0.0649	-0.1803	0.10526	0.0468	-0.00297	0.05031	-0.05201	-0.05173	-0.01192	0.05612	0.12817	-0.01388	-0.07703	0.00854	0.07054	-0.09972	-0.00627	-0.04308	-0.11938	-0.0576	-0.00022	0.03619	-0.03956	-0.00172	0.02711	0.03907	365.22	738611864	748421064	1000	/scratch.global/lanej/1000G/ngs_dose/1000G_highcov/crams/HG01187.cram	9ab0a0e8,a23ef9ed,7f3b4c3c	184ab16e		14	0.99696	0.997051	0.999563	0.999902	1.997	0.984	0.755	734.287	76.003	scan	M	PUR	AMR	M	0.999762	0.999934	0.9973	NA	-0.12	1.0842	1.0125	432.1622	435.7874	465.0646	193.1705	9.6716	2.0042	714.5193	93.9403	450.531	452.4003	510.3611	194.1894	9.6606	2.0055	664.2552	65.0226	685.8152	1.008	0.7586	33.1129	M	2504	
HG01188	scan	0.1.0+fae1124	36.548	150	433	450	0.1037	0.9667	1.2482	0.058	0.0433		1.9911	85.0648	623.8787	1.9649	0.002	present	676.191	676.19	642.98	642.4	0.1909	707.7	0.0613	629.21	768.03	691.5	783.57	509.79	618.43	638.89	799.77	489.17	600.97	540.05	662.23	462.73	558.17	666.44	707.5	254.056	NA	254.06	251.24	0.0798	316.83	0.0267	226.33	281.88	223.6	281.64	9.679	9.68	9.82	9.79	0.1123	9.75	0.0616	19.6376	2.0551	44.4115	45.5641	10.1078	141.7305	0.2329	2.1377	0.69	0.8066	0.6783	679.57	0.00262	0.027	-0.2485	0.26517	0.04243	252.22	0.00651	0.0156	0.02025	0.0158	-0.01715	9.62	0.00267	0.0734	-0.22231	-0.14921	0.05611	16	0.00608	-0.05002	-0.17081	-0.15302	-0.00547	0.04169	0.03156	0.11139	-0.01383	0.02194	0.0048	0.06644	-0.03067	0.0528	-0.00408	-0.03981	-0.07344	-0.02138	0.05197	0.00739	0.11907	0.00948	0.0158	0.00622	-0.03839	-0.09011	0.00457	0.03768	0.10602	0.02077	-0.00798	0.00794	257.3	736557008	746058568	1000	/scratch.global/lanej/1000G/ngs_dose/1000G_highcov/crams/HG01188.cram	9ab0a0e8,a23ef9ed,7f3b4c3c	184ab16e		14	0.997721	0.998817	0.999654	0.999942	2.037	1.888	0.12	607.815	101.526	scan	F	PUR	AMR	F	0.999713	0.999941	0.998037	NA	-0.04	1.153	1.0176	640.3257	637.8033	735.4971	253.0685	9.5686	1.9934	629.0077	71.4624	679.1797	674.8217	780.8616	263.3751	9.6005	1.9937	632.852	89.1379	581.8581	1.9408	0.1018	31.6043	F	2504	
HG01189	scan	0.1.0+fae1124	37.571	150	447	450	0.0997	0.9652	1.2363	0.0749	0.0482		1.9971	61.3387	730.2997	0.9915	0.9708	present	583.707	583.71	564.37	570.21	0.1489	630.66	0.0582	562.13	735.54	595.71	675.76	487.86	624.78	610.45	804.98	477.42	619.2	495.52	617.06	436.81	569.48	578.51	617.39	340.068	NA	340.07	335.6	0.0727	426.04	0.0286	310.75	392.86	295.45	373.69	9.673	9.67	9.83	9.83	0.1154	9.77	0.0603	19.9858	9.4112	52.7804	60.9704	10.3371	134.0779	0.2521	2.5537	0.6211	0.8368	0.4619	591.33	0.00309	0.0319	0.00165	-0.37694	-0.13783	337.49	0.00348	0.0083	-0.03199	0.00332	-0.00044	9.67	0.0027	0.0741	0.14548	0.4336	0.08641	16	0.11891	0.17179	0.24762	-0.03143	0.03168	-0.02692	-0.06604	0.06725	0.12014	0.08207	0.0488	-0.02269	0.01368	-0.03372	-0.00397	-0.01369	-0.01264	0.00728	-0.08507	-0.06014	0.03051	0.06876	-0.02688	-0.14481	-0.02706	0.05839	0.1099	-0.00902	-0.0448	0.14311	0.01459	-0.01783	212.85	746874720	756821547	1000	/scratch.global/lanej/1000G/ngs_dose/1000G_highcov/crams/HG01189.cram	9ab0a0e8,a23ef9ed,7f3b4c3c	184ab16e		14	0.997737	0.998271	0.999639	0.999908	2.018	0.975	0.757	716.697	74.199	scan	M	PUR	AMR	M	0.999577	0.99995	0.997829	NA	0.01	1.1428	1.0074	556.6085	552.3193	620.0912	338.6251	9.8122	2.0009	712.1768	69.6052	519.3733	514.9417	586.8294	324.6858	9.744	1.9994	781.429	66.7207	678.3082	0.9964	0.7668	32.8409	M	698	
HG01190	scan	0.1.0+fae1124	37.927	150	439	450	0.101	0.9633	1.2552	0.0808	0.0507		2.0003	30.9344	733.8348	0.9888	0.9593	present	442.615	442.62	423.78	425.99	0.2057	469.76	0.0533	409.67	507.98	450.7	513.0	333.27	412.37	401.24	509.93	322.86	404.08	349.91	435.39	308.06	378.92	441.61	470.76	227.222	NA	227.22	222.14	0.076	288.45	0.0294	197.27	248.85	200.58	258.01	9.831	9.83	9.96	9.97	0.1097	9.88	0.0605	22.7655	10.4043	49.0073	54.5321	7.8311	141.7433	0.2245	2.9374	0.7047	0.7919	0.3499	445.06	0.00385	0.0397	0.15987	0.48512	-0.02583	225.61	0.00841	0.0201	0.02401	0.01406	0.03003	9.8	0.00247	0.0677	0.12595	0.14036	-0.24937	16	0.13429	0.13078	0.12279	0.07927	-0.00151	-0.05273	0.18	-0.1883	0.03983	-0.07849	-0.02277	-0.06253	0.04674	0.02476	0.05152	0.01738	-0.04466	0.07522	-0.02842	0.0172	-0.01643	-0.03335	0.07631	0.00027	0.0342	0.11372	0.02682	0.097	0.01387	0.02023	-0.04019	-0.03142	305.27	752081496	762431212	1000	/scratch.global/lanej/1000G/ngs_dose/1000G_highcov/crams/HG01190.cram	9ab0a0e8,a23ef9ed,7f3b4c3c	184ab16e		14	0.997863	0.998411	0.99953	0.999902	2.049	0.978	0.651	729.342	37.088	scan	M	PUR	AMR	M	0.999648	0.999912	0.997762	NA	0.14	1.1527	1.0127	488.2467	485.1034	559.8264	224.42	9.8292	2.0017	740.2752	37.1943	446.7117	444.4922	509.0471	227.3207	10.021	2.0038	852.9825	50.0632	689.4878	1.0004	0.6594	33.03	M	2504	
HG01191	scan	0.1.0+fae1124	38.738	150	435	450	0.0925	0.9867	1.105	0.0822	0.0482		2.0137	62.7749	1093.3106	1.865	0.0034	present	484.478	484.48	456.8	453.28	0.2195	466.08	0.048	430.16	407.92	469.78	497.65	302.74	293.74	383.52	381.38	323.06	315.7	362.77	383.32	280.53	259.23	479.75	491.92	153.342	NA	153.34	148.39	0.1121	166.14	0.0231	135.65	145.44	133.65	144.84	9.894	9.89	9.91	9.88	0.1139	9.88	0.0538	23.8103	1.4477	39.3953	54.65	7.6602	152.9464	0.2111	2.2932	0.6594	0.7732	0.3529	486.88	0.0045	0.0464	-0.19889	0.65608	0.49521	151.8	0.01866	0.0447	0.11093	-0.02822	-0.02057	9.75	0.00263	0.0722	1.16836	-0.26641	-0.68212	16	0.12391	0.03965	0.10742	-0.01747	-0.043	-0.12047	0.13061	-0.12529	0.02065	-0.06972	-0.05776	0.03325	0.00031	0.04857	-0.04321	-0.07796	-0.0366	-0.04361	0.04633	0.09273	-0.05506	0.02572	-0.09057	-0.08616	0.00896	-0.03512	0.09828	-0.0203	-0.01641	0.00495	-0.04751	0.07387	262.65	783711396	794338200	1000	/scratch.global/lanej/1000G/ngs_dose/1000G_highcov/crams/HG01191.cram	9ab0a0e8,a23ef9ed,7f3b4c3c	184ab16e		14	0.997197	0.9984	0.999339	0.999668	2.021	1.825	0.117	1073.057	69.8	scan	F	PUR	AMR	F	0.999511	0.9997	0.997372	NA	0.09	1.0221	0.9649	498.6379	496.0859	503.3547	153.6688	9.7733	2.0175	995.5511	65.8051	485.2051	477.8871	536.7219	149.2155	9.8175	2.0165	874.4887	90.0604	968.1032	1.868	0.0958	34.0266	F	2504	
HG01192	scan	0.1.0+fae1124	35.304	150	442	450	0.0624	0.9696	1.2337	0.0683	0.0416		1.9959	29.7523	684.5741	1.0029	0.9778	present	454.051	454.05	432.51	432.45	0.2057	470.52	0.0404	441.05	527.87	462.77	516.4	334.17	396.95	421.57	517.22	333.91	402.12	356.34	432.22	308.28	366.98	447.39	470.31	158.52	NA	158.52	154.26	0.0904	196.98	0.0166	143.64	178.28	133.17	167.69	9.751	9.75	9.86	9.83	0.112	9.78	0.0376	25.6133	10.7918	45.6062	64.6205	6.6663	136.7475	0.2177	2.0841	0.8192	0.7911	0.2667	456.15	0.00424	0.0437	-0.2764	0.47806	-0.01139	155.63	0.01079	0.0258	0.02466	-0.02335	0.01022	9.69	0.00262	0.072	0.40245	0.04184	-0.13844	16	-0.05485	0.0999	-0.03374	-0.06295	-0.11036	-0.10543	0.15208	-0.0078	0.02827	0.04382	0.07435	-0.14581	0.03662	-0.01961	0.00905	0.04437	-0.05179	-0.05492	-0.06832	0.03746	-0.00293	0.0644	0.07759	-0.00489	-0.04231	-0.03952	-0.02249	0.07636	-0.04353	0.02555	0.00563	0.08448	352.64	699638112	709609520	1000	/scratch.global/lanej/1000G/ngs_dose/1000G_highcov/crams/HG01192.cram	9ab0a0e8,a23ef9ed,7f3b4c3c	184ab16e		14	0.997576	0.997877	0.999609	0.999923	2.031	0.981	0.664	662.606	34.221	scan	M	PUR	AMR	M	0.999498	0.999918	0.997539	NA	0.03	1.1321	1.0145	478.4917	477.886	536.8596	150.5232	9.7411	1.9969	674.0774	40.8927	461.5152	461.075	523.9619	163.0779	9.7795	1.9969	705.6999	39.2671	625.6182	1.007	0.6626	31.9348	M	698	
HG01197	scan	0.1.0+fae1124	36.038	150	437	450	0.0797	0.9908	1.0983	0.0838	0.038		1.9982	49.5618	624.6178	0.9982	0.9773	present	418.05	418.05	395.48	386.71	0.2158	396.54	0.0406	363.74	338.99	415.85	429.68	268.64	256.57	337.24	325.1	277.03	265.16	308.77	319.56	233.7	215.05	416.15	419.72	191.848	NA	191.85	187.08	0.1047	203.97	0.0266	175.46	184.3	163.05	173.78	10.316	10.32	10.37	10.36	0.1184	10.33	0.0432	16.5818	15.5467	50.3839	76.0843	12.5252	145.0736	0.2377	3.3962	0.4875	0.9306	0.3105	416.47	0.00613	0.0632	-0.32388	0.40432	0.69084	187.9	0.01714	0.041	0.05144	-0.04926	-0.02833	10.19	0.00318	0.0871	0.9688	0.0053	1.13428	16	-0.21719	-0.05427	-0.05704	-0.03692	0.11816	0.16899	-0.07534	-0.04639	-0.0707	-0.11765	0.02183	-0.01104	0.04141	0.05059	-0.01639	0.16584	-0.01863	0.02981	0.04247	0.0734	-0.05945	-0.04025	0.04385	0.02858	-0.02699	0.02176	0.02929	-0.0468	0.05273	0.03517	-0.04959	0.01438	267.08	717687694	729361163	1000	/scratch.global/lanej/1000G/ngs_dose/1000G_highcov/crams/HG01197.cram	9ab0a0e8,a23ef9ed,7f3b4c3c	184ab16e		14	0.997692	0.998223	0.999514	0.999946	2.044	0.998	0.863	608.524	54.053	scan	M	PUR	AMR	M	0.999694	0.999943	0.997577	NA	0.53	1.0317	0.9985	434.1944	433.3279	465.0975	182.3524	10.2109	1.9963	633.9849	71.8778	429.1486	426.1585	489.4293	216.6476	10.3997	1.9947	658.1392	67.6549	573.8735	1.02	0.8554	32.0559	M	2504	
HG01198	scan	0.1.0+fae1124	37.741	150	444	450	0.1124	0.9699	1.2308	0.0706	0.0395		1.9949	56.1742	1023.8165	1.9333	0.0025	present	411.875	411.88	388.97	390.78	0.215	422.67	0.0581	379.07	432.54	419.26	475.29	307.91	356.72	372.29	441.75	302.92	354.1	321.93	385.52	281.49	314.86	403.41	427.31	188.432	NA	188.43	186.98	0.0802	230.3	0.0335	178.71	214.46	160.17	197.91	9.876	9.88	9.93	9.93	0.1132	9.86	0.0661	21.1085	1.3942	43.052	56.2595	11.956	144.9435	0.2486	3.4034	0.7406	0.8354	0.4068	411.76	0.00396	0.0408	-0.17906	0.62122	0.00213	186.98	0.01119	0.0268	-0.02233	-0.00742	-0.01549	9.77	0.0027	0.0741	0.70522	0.84514	-0.08739	16	-0.06273	-0.04537	0.07612	-0.01982	-0.08874	-0.08028	0.04701	-0.0415	0.04643	-0.05859	-0.01441	-0.06391	-0.03004	0.00886	0.07841	0.04655	0.08602	0.05145	-0.00465	-0.05769	0.03984	0.02713	-0.03078	0.00507	0.0441	-0.09019	0.03842	-0.06013	0.18544	-0.05252	-0.03572	-0.05007	181.63	763217158	774239642	1000	/scratch.global/lanej/1000G/ngs_dose/1000G_highcov/crams/HG01198.cram	9ab0a0e8,a23ef9ed,7f3b4c3c	184ab16e		14	0.997583	0.998509	0.999397	0.999816	2.035	1.874	0.14	1009.891	68.332	scan	F	PUR	AMR	F	0.999546	0.999841	0.997772	NA	0.11	1.1543	1.0182	427.9143	428.3055	495.201	184.0367	9.8086	1.9934	1072.8845	64.7579	397.9545	395.7872	463.3418	184.0913	9.7867	1.9968	955.5553	46.5897	926.9804	1.919	0.1172	32.4431	F	2504	
HG01199	scan	0.1.0+fae1124	39.011	150	437	450	0.083	0.9625	1.295	0.0609	0.0414		1.9894	26.715	672.9122	0.9902	0.9787	present	376.911	376.91	361.68	361.21	0.1766	410.24	0.0485	356.31	481.52	390.9	453.27	298.22	396.63	366.26	505.29	287.0	387.75	306.32	399.15	266.82	357.36	374.28	401.7	250.015	NA	250.01	253.18	0.0813	330.3	0.0337	227.41	300.99	201.43	269.91	9.771	9.77	9.89	9.87	0.1087	9.79	0.0484	19.8617	15.5648	42.7775	79.327	13.8133	138.7741	0.2403	3.0076	0.6023	0.8574	0.3147	380.38	0.00234	0.0241	-0.21745	-0.10508	0.17595	248.05	0.01807	0.0432	-0.11411	-0.04494	0.01493	9.71	0.00255	0.0699	0.52733	0.52222	-0.07724	16	-0.01182	-0.02803	-0.10075	-0.12505	0.0153	0.0615	-0.06965	0.07533	0.00249	0.08505	0.05506	-0.08369	0.02497	0.03532	-0.10623	0.02286	-0.00951	-0.02078	-0.13077	-0.08325	-0.00189	-0.02018	0.07438	0.01549	0.05824	-0.05265	-0.03412	0.0703	-0.01078	-0.04369	0.01608	-0.00181	192.87	774224646	786764643	1000	/scratch.global/lanej/1000G/ngs_dose/1000G_highcov/crams/HG01199.cram	9ab0a0e8,a23ef9ed,7f3b4c3c	184ab16e		14	0.99775	0.998327	0.999531	0.999938	2.015	0.978	0.854	667.105	33.105	scan	M	PUR	AMR	M	0.999756	0.999944	0.997748	NA	0.05	1.1916	1.0277	367.4201	364.6305	437.9144	243.389	9.7094	1.9914	606.9153	26.7057	359.0108	357.4922	411.4972	248.3747	9.7156	1.9913	669.8045	26.2362	628.2619	1.0036	0.8502	34.5363	M	698	
HG01200	scan	0.1.0+fae1124	37.352	150	435	450	0.0936	0.9697	1.2276	0.0751	0.042		2.0111	54.8956	638.13	0.9877	0.9881	present	666.01	666.01	645.71	643.99	0.1757	709.05	0.0602	642.75	784.89	686.91	776.83	517.49	628.6	636.45	799.15	504.93	621.71	539.51	659.83	474.78	572.58	668.24	707.29	188.615	NA	188.61	187.06	0.0914	234.45	0.0302	177.69	220.07	170.24	214.07	9.698	9.7	9.77	9.77	0.1131	9.69	0.0528	20.7191	15.799	43.6918	75.0832	10.3835	141.1876	0.2504	3.1282	0.5503	0.8678	0.3624	678.08	0.00226	0.0233	-0.13641	-0.08504	0.2538	189.13	0.01408	0.0337	0.07054	-0.01133	0.02237	9.61	0.00258	0.0708	-0.21326	0.08868	-0.02751	16	-0.15063	0.01357	0.12307	-0.10809	0.08067	-0.0403	0.0254	-0.18368	-0.00701	0.01128	-0.03751	-0.09669	-0.01393	0.1083	0.08754	0.03341	0.01275	-0.04992	0.05784	0.10935	0.02426	0.05035	-0.03281	0.08743	-0.007	-0.00383	0.03854	0.06702	-0.03784	-0.14226	-0.04877	-0.0263	274.06	743410044	754742315	1000	/scratch.global/lanej/1000G/ngs_dose/1000G_highcov/crams/HG01200.cram	9ab0a0e8,a23ef9ed,7f3b4c3c	184ab16e		14	0.997716	0.998674	0.999665	0.999878	2.009	0.978	0.849	630.967	64.922	scan	M	PUR	AMR	M	0.999685	0.999889	0.997835	NA	-0.05	1.1456	1.013	701.6407	690.5857	798.1195	192.2523	9.6822	2.0113	576.7445	63.4417	667.806	657.1067	759.1269	208.9961	9.7058	2.0136	627.519	40.8303	601.6207	1.0002	0.8542	32.7117	M	2504	
HG01204	scan	0.1.0+fae1124	34.458	150	421	400	0.0815	0.9612	1.2203	0.0615	0.0437		2.0032	30.2946	890.0627	0.991	0.9746	present	293.488	293.49	282.39	288.11	0.1739	313.3	0.0421	284.64	359.32	292.92	330.81	229.18	273.64	294.89	377.21	233.5	293.56	243.47	296.86	221.7	273.52	291.05	311.03	246.695	NA	246.7	246.6	0.0721	305.55	0.0232	222.91	275.81	213.2	265.13	7.765	7.76	7.85	7.82	0.1124	7.8	0.0467	12.1794	9.9336	55.1906	72.1325	9.9976	145.8854	0.2254	3.2085	0.6877	0.7786	0.4362	292.96	0.00385	0.0397	0.80669	-0.17315	-0.15108	244.91	0.00414	0.0099	-0.01558	0.02806	-0.02295	7.68	0.00293	0.0804	0.72887	0.06022	0.1961	16	-0.12706	-0.16091	-0.09883	0.01315	-0.10185	0.18547	0.22483	-0.00117	0.11177	0.04313	-0.04735	0.01422	0.04615	0.16969	0.02739	-0.07402	0.03967	-0.0149	-0.06483	-0.0078	-0.02493	0.0016	-0.03526	0.04398	-0.02644	-0.02884	-0.06877	0.06524	-0.00729	-0.02899	0.01282	0.03255	293.64	682829146	693494777	1000	/scratch.global/lanej/1000G/ngs_dose/1000G_highcov/crams/HG01204.cram	9ab0a0e8,a23ef9ed,7f3b4c3c	184ab16e		14	0.997685	0.998958	0.999639	0.999949	2.006	0.993	0.819	873.41	39.604	scan	M	PUR	AMR	M	0.999775	0.999976	0.997811	NA	-1.98	1.1292	0.9999	313.7085	315.1649	351.9454	237.4472	7.6783	1.9973	862.7288	12.8153	320.4464	322.9511	358.9341	226.7708	7.7562	1.9992	738.7831	14.6914	813.1883	1.017	0.8196	30.5027	M	2504	DJ -1.98 copies
HG01205	scan	0.1.0+fae1124	41.968	150	419	400	0.0862	0.9623	1.2343	0.0434	0.0454		2.0034	32.2846	798.0513	1.8414	0.0027	present	490.635	490.63	471.98	482.28	0.1801	528.73	0.0527	482.51	612.68	501.45	574.71	383.64	476.24	520.65	669.12	389.0	494.45	413.45	513.26	360.1	454.79	483.97	520.93	148.56	NA	148.56	149.14	0.0812	186.91	0.0288	143.8	179.42	126.31	159.99	10.331	10.33	10.4	10.43	0.1174	10.34	0.0517	16.7372	2.4914	65.5181	68.9423	9.7061	142.6716	0.2314	2.8325	0.7029	0.8319	0.5774	493.83	0.00343	0.0353	0.33076	0.01566	-0.36704	147.8	0.00764	0.0183	-0.04731	-0.02393	-0.02172	10.26	0.00301	0.0825	1.86637	-1.22307	0.53479	16	0.07651	-0.02668	0.09389	0.00096	0.02676	0.10484	-0.04347	0.11445	-0.00814	0.06174	-0.022	0.08795	-0.05023	0.05978	0.03667	-0.02926	-0.03016	-0.01429	-0.01507	-0.05807	0.05639	-0.03388	0.02856	0.06699	0.0541	0.06836	0.07944	-0.01281	-0.03247	0.06238	-0.02501	0.00219	324.9	850138072	864476101	1000	/scratch.global/lanej/1000G/ngs_dose/1000G_highcov/crams/HG01205.cram	9ab0a0e8,a23ef9ed,7f3b4c3c	184ab16e		14	0.998033	0.999025	0.999631	0.999898	2.1	1.784	0.152	790.103	39.233	scan	F	PUR	AMR	F	0.999668	0.999912	0.997967	NA	0.6	1.1638	1.0154	459.7713	457.3367	532.3626	148.0645	10.2915	2.0012	840.84	20.6668	482.2491	480.7704	555.9249	144.0232	10.2344	2.0011	741.5284	21.8613	730.0728	1.82	0.1238	37.1542	F	2504	chrX 1.84 (mosaic X loss?)
HG01206	scan	0.1.0+fae1124	35.881	150	445	450	0.0646	0.9718	1.2284	0.0785	0.0422		1.9884	19.2036	679.0182	0.9938	0.9822	present	319.607	319.61	302.89	304.2	0.226	329.81	0.0403	298.21	360.03	326.63	364.01	235.14	282.07	295.94	364.04	230.61	279.68	251.17	304.02	208.98	251.39	314.49	330.55	171.472	NA	171.47	169.08	0.0855	211.76	0.0185	156.49	192.8	146.72	183.46	7.823	7.82	7.84	7.85	0.1221	7.78	0.0388	11.7752	10.2174	65.6688	70.1464	10.1103	133.8652	0.2154	2.2128	0.4382	0.6786	0.3756	318.55	0.00409	0.0421	0.15174	0.69197	0.03392	171.17	0.00348	0.0083	0.03007	-0.02246	0.03279	7.69	0.00309	0.0848	1.30387	0.05457	-0.19844	16	-0.08626	-0.1072	-0.05976	-0.16314	-0.07501	-0.02511	-0.00937	0.02321	0.04244	0.05723	0.06244	-0.0227	-0.00409	-0.10331	-0.03249	0.05213	0.07032	-0.00993	0.06663	0.07008	0.03312	-0.04862	-0.05604	0.01218	-0.03075	0.05613	0.00281	-0.03981	-0.02846	0.03413	-0.02462	0.02161	346.65	710340844	720773342	1000	/scratch.global/lanej/1000G/ngs_dose/1000G_highcov/crams/HG01206.cram	9ab0a0e8,a23ef9ed,7f3b4c3c	184ab16e		14	0.996877	0.998765	0.999473	0.999842	2.031	0.987	0.786	670.568	21.803	scan	M	PUR	AMR	M	0.999574	0.999854	0.997316	NA	-1.97	1.1427	1.0254	314.0798	315.2333	359.6267	168.7242	7.7102	1.9893	680.9872	29.8221	312.4835	313.6527	361.1445	163.2896	7.7934	1.9902	734.963	18.0984	632.1463	1.0122	0.7814	32.4044	M	698	DJ -1.97 copies
HG01241	scan	0.1.0+fae1124	37.887	150	428	450	0.067	0.9855	1.1531	0.0594	0.0382		1.9921	54.4887	823.9993	0.994	0.9719	present	512.381	512.38	485.47	474.67	0.2016	510.22	0.0422	454.97	505.1	531.96	570.01	370.93	415.42	459.87	521.33	368.61	415.12	406.33	460.98	332.47	367.03	505.19	519.38	219.976	NA	219.98	215.69	0.0863	253.98	0.0229	212.71	242.14	188.64	220.41	9.456	9.46	9.51	9.49	0.1239	9.45	0.0408	16.719	7.1643	42.0598	62.0489	11.8463	135.888	0.2651	2.846	0.5535	0.8009	0.9724	512.58	0.00437	0.045	-0.20022	0.25962	0.26431	217.66	0.00415	0.0099	0.02804	-0.00797	-0.00315	9.34	0.00259	0.0711	-0.33447	-0.01243	-0.15434	16	-0.40109	0.08678	0.08598	-0.1147	0.09866	-0.05178	-0.09426	-0.0733	0.01734	0.04097	0.02875	-0.09356	-0.04344	0.01504	-0.13134	-0.05103	-0.01113	-0.00636	0.02425	-0.03041	-0.03634	0.00821	0.04828	-0.09887	-0.08703	0.03419	-0.03307	0.00875	-0.20085	-0.08236	-0.10862	0.06364	336.55	748848494	759380970	1000	/scratch.global/lanej/1000G/ngs_dose/1000G_highcov/crams/HG01241.cram	9ab0a0e8,a23ef9ed,7f3b4c3c	184ab16e		14	0.996733	0.998808	0.999578	0.999847	2.017	0.983	0.695	793.779	60.377	scan	M	PUR	AMR	M	0.999682	0.999855	0.997039	NA	-0.32	1.112	1.0378	496.7753	499.3398	545.7135	221.0028	9.5034	1.9943	624.385	75.4374	526.5678	526.1749	604.85	201.1535	9.5193	1.9946	607.6114	55.1386	733.4741	1.009	0.6956	33.9531	M	2504	
HG01242	scan	0.1.0+fae1124	36.834	150	427	450	0.0918	0.9577	1.2843	0.0549	0.056		1.9943	13.3141	660.9697	1.9258	0.0024	present	413.072	413.07	393.3	392.92	0.2058	441.39	0.0526	383.68	487.19	421.19	488.43	306.27	388.41	393.82	512.3	303.45	388.95	329.77	418.21	277.58	348.64	408.6	439.3	242.625	NA	242.62	236.24	0.0858	312.8	0.0263	221.22	283.27	210.29	274.31	9.532	9.53	9.67	9.69	0.1165	9.59	0.0573	17.0547	0.8093	38.1617	58.1764	10.7267	149.1722	0.2486	2.4646	0.5495	0.8162	0.4055	415.36	0.00357	0.0369	-0.28498	0.30991	0.08586	239.45	0.00802	0.0192	0.03732	0.01016	-0.00759	9.52	0.00285	0.0782	0.70605	-0.80794	-0.2246	16	0.34012	0.05882	0.00881	0.02432	-0.01491	0.19257	0.04435	0.11368	-0.14765	-0.14413	0.06201	-0.01772	0.02068	-0.18973	0.12162	0.02733	0.06028	-0.03886	-0.00349	-0.05938	0.16716	-0.05399	0.06571	-0.07141	0.09649	-0.07483	0.02936	-0.03691	-0.0603	0.06434	-0.02167	0.0896	291.05	739693026	750092833	1000	/scratch.global/lanej/1000G/ngs_dose/1000G_highcov/crams/HG01242.cram	9ab0a0e8,a23ef9ed,7f3b4c3c	184ab16e		14	0.997601	0.999175	0.999554	0.999884	2.005	1.854	0.137	640.48	15.687	scan	F	PUR	AMR	F	0.999605	0.999913	0.997587	NA	-0.14	1.1759	1.014	415.1147	413.1194	494.2202	241.2558	9.6142	1.9931	926.1098	26.3169	431.1262	427.0279	490.2069	241.307	9.5528	1.991	791.7413	29.5135	608.3418	1.9048	0.116	32.2447	F	2504	
HG01243	scan	0.1.0+fae1124	36.301	150	438	450	0.0676	0.9773	1.1958	0.0785	0.0434		1.9955	22.3061	1080.6293	0.9899	0.9759	present	514.339	514.34	491.01	488.96	0.2021	529.24	0.0465	480.7	570.38	526.01	579.1	382.08	451.15	447.4	535.85	386.43	459.35	409.04	483.38	336.92	400.04	509.86	532.37	294.664	NA	294.66	290.23	0.0892	353.83	0.0246	253.74	303.96	252.27	306.03	9.821	9.82	10.05	10.07	0.1219	9.98	0.0412	14.8786	6.2766	37.8224	69.7699	12.644	129.5206	0.2546	2.5533	0.4795	0.8005	0.4129	518.11	0.00375	0.0387	-0.28406	0.2947	0.22674	292.82	0.00875	0.0209	0.02003	-0.02835	0.01319	9.88	0.0028	0.0769	-0.97779	-0.45008	-0.87441	16	-0.05627	-0.1253	-0.23525	0.11417	0.06567	-0.11657	-0.10806	0.00701	-0.01213	0.04771	0.00778	-0.107	0.07365	-0.02974	-0.11406	0.0628	0.03212	0.01603	0.09846	0.05348	-0.02851	-0.03471	-0.04742	0.02557	0.02195	0.07437	-0.03967	0.08697	-0.03727	-0.07689	-0.00206	-0.09569	242.35	718788932	729260890	1000	/scratch.global/lanej/1000G/ngs_dose/1000G_highcov/crams/HG01243.cram	9ab0a0e8,a23ef9ed,7f3b4c3c	184ab16e		14	0.997316	0.998977	0.999564	0.999938	1.996	0.98	0.699	1042.178	25.32	scan	M	PUR	AMR	M	0.999584	0.999946	0.997251	NA	0.22	1.1177	1.0152	515.6962	509.5075	586.8676	286.4123	9.6628	1.9946	998.2729	20.0532	488.5411	485.7815	563.3178	303.3662	9.6319	1.995	982.4184	15.7073	949.3741	1.0056	0.6962	32.6379	M	698	
HG01247	scan	0.1.0+fae1124	36.782	150	437	450	0.0823	0.9614	1.2811	0.0572	0.041		1.9908	117.0948	609.7302	0.9886	0.9761	present	463.995	463.99	447.43	448.59	0.1651	503.96	0.0466	447.91	591.58	476.2	549.57	368.86	481.55	455.99	610.36	359.74	474.94	382.08	488.41	333.6	438.64	461.44	494.31	142.425	NA	142.43	144.84	0.0876	184.2	0.0299	132.01	170.47	113.08	148.23	9.538	9.54	9.63	9.62	0.1091	9.54	0.0472	23.3023	11.9208	73.2126	78.4898	9.7837	133.2864	0.2565	2.682	0.6158	0.8465	0.555	469.21	0.00197	0.0204	-0.05	-0.21125	0.02699	143.4	0.00619	0.0148	-0.09645	-0.06598	-0.02491	9.47	0.00259	0.0709	-0.10524	-0.52185	-0.02513	16	-0.045	-0.13519	-0.10566	-0.12579	0.12444	0.02759	-0.07707	-0.02656	0.02117	-0.03631	0.02271	-0.03592	0.07625	0.01882	0.04941	-0.12152	-0.03433	0.021	-0.00592	-0.04664	-0.03588	0.02727	0.03356	-0.01532	0.09419	-0.06246	-0.08477	0.11397	0.03845	-0.01824	0.04506	0.09141	300.08	735587902	747902926	1000	/scratch.global/lanej/1000G/ngs_dose/1000G_highcov/crams/HG01247.cram	9ab0a0e8,a23ef9ed,7f3b4c3c	184ab16e		14	0.997711	0.998954	0.999642	0.999941	2.041	0.98	0.814	599.86	143.506	scan	M	PUR	AMR	M	0.999752	0.999937	0.997903	NA	-0.19	1.1713	1.0149	452.6162	450.5487	520.9088	151.7598	9.4608	1.9944	573.3566	131.6163	448.1381	442.712	515.1407	143.0907	9.519	1.9944	678.5216	155.5224	573.8376	1.0004	0.8096	32.7089	M	2504	
HG01248	scan	0.1.0+fae1124	48.965	150	428	450	0.0999	0.9649	1.2251	0.0546	0.0434		1.9841	31.1243	543.5058	1.8944	0.0026	present	389.83	389.83	380.17	381.14	0.1558	423.13	0.0566	385.65	485.21	396.74	453.98	319.7	400.88	404.65	520.17	314.94	399.28	327.75	406.24	291.55	364.06	390.31	417.3	144.303	NA	144.3	142.57	0.069	181.05	0.0311	130.96	162.97	128.03	162.89	10.466	10.47	10.61	10.62	0.111	10.54	0.0611	21.9936	1.9698	40.0556	67.8141	11.4425	167.0956	0.2241	3.0362	0.6759	0.8314	0.4308	398.28	0.00436	0.045	0.03985	-0.29167	-0.15872	143.27	0.01188	0.0284	-0.02225	0.04251	-0.01585	10.45	0.00292	0.08	0.47835	-0.94246	0.84657	16	0.10131	-0.039	-0.11636	-0.1074	-0.0278	-0.01955	0.04318	0.0272	0.06173	0.05741	-0.00245	0.12888	0.00669	0.02941	0.00963	0.00231	-0.11062	0.00906	-0.08139	-0.02803	-0.07017	0.06826	-0.02405	-0.00737	0.07174	-0.09611	-0.02052	0.00179	-0.08393	0.07138	0.10191	-0.05665	274.99	993300908	1009823616	1000	/scratch.global/lanej/1000G/ngs_dose/1000G_highcov/crams/HG01248.cram	9ab0a0e8,a23ef9ed,7f3b4c3c	184ab16e		14	0.997969	0.998899	0.999616	0.999925	2.031	1.844	0.151	543.114	36.895	scan	F	PUR	AMR	F	0.999756	0.999938	0.997898	NA	0.79	1.1399	0.9961	382.7652	373.7673	434.0849	143.483	10.3363	1.9883	561.7257	25.8311	387.7007	380.3731	440.3748	136.6385	10.3945	1.9849	559.5319	26.7931	508.8048	1.8788	0.1252	42.8374	F	2504	DJ +0.79 copies
HG01249	scan	0.1.0+fae1124	34.728	150	433	450	0.0654	0.9682	1.2168	0.0643	0.0508		2.0095	21.4881	768.0992	1.9312	0.0018	present	496.449	496.45	475.38	471.7	0.1886	522.13	0.0435	468.9	572.72	498.6	561.69	366.56	448.38	434.63	544.91	359.12	444.15	385.25	471.02	325.33	394.35	496.22	525.31	133.598	NA	133.6	132.06	0.0847	166.25	0.0197	123.92	152.21	112.49	142.28	9.773	9.77	9.93	9.96	0.1306	9.86	0.0363	15.1875	1.5135	50.8762	53.7775	9.1982	144.7329	0.2171	2.2877	0.7082	0.7562	0.5062	500.87	0.00402	0.0415	-0.50658	0.0199	0.44124	133.24	0.00717	0.0172	0.01176	-0.02669	0.03151	9.76	0.00265	0.0726	-0.21463	0.58649	-0.44782	16	0.15924	0.06139	0.01523	0.04968	-0.05068	-0.01711	-0.07572	0.02332	-0.082	-0.05406	0.06143	-0.05206	0.01429	-0.13615	-0.15869	0.09816	-0.03122	-0.07619	0.02452	0.09111	-0.05451	0.0552	0.04243	-0.08483	-0.01426	0.00447	-0.01131	-0.05081	0.0438	-0.06428	0.07474	0.02621	297.5	702513604	711871348	1000	/scratch.global/lanej/1000G/ngs_dose/1000G_highcov/crams/HG01249.cram	9ab0a0e8,a23ef9ed,7f3b4c3c	184ab16e		14	0.997308	0.998565	0.999549	0.999907	2.035	1.866	0.125	751.098	24.795	scan	F	PUR	AMR	F	0.999619	0.99991	0.997647	NA	0.1	1.1214	0.9955	502.7963	495.7469	577.143	128.7524	9.7773	2.0115	785.5814	39.0313	519.0864	514.1993	581.9551	119.386	9.7813	2.0087	823.0741	19.429	702.7677	1.9056	0.101	31.4557	F	698	
HG01250	scan	0.1.0+fae1124	41.833	150	428	450	0.0819	0.9613	1.2653	0.0675	0.0433		2.0135	9.8749	896.66	0.9931	0.968	present	423.964	423.96	410.46	414.24	0.1686	461.22	0.0487	406.26	521.55	426.1	490.82	350.14	447.89	436.63	569.88	339.39	438.11	356.8	448.58	309.57	394.69	422.5	454.84	226.405	NA	226.4	226.32	0.0774	287.54	0.0249	217.64	273.95	189.55	244.08	9.7	9.7	9.77	9.81	0.1037	9.71	0.0486	22.096	12.5213	43.1785	79.2005	11.3363	156.0016	0.2507	2.704	0.7409	0.8781	0.5045	425.14	0.00348	0.0359	0.36955	-0.29016	-0.24854	224.19	0.00586	0.014	-0.01974	-0.0025	-0.00727	9.61	0.00263	0.0721	0.49919	0.23355	0.05841	16	-0.07088	0.04952	0.0877	-0.15585	0.10649	0.04153	-0.00361	-0.05838	0.08143	0.08527	0.04336	0.04545	0.03439	-0.01234	0.02904	-0.02306	-0.00287	0.01826	0.01486	0.03351	-0.08666	0.01166	0.03055	-0.00258	0.02757	-0.01293	0.06363	0.02001	0.05706	0.0072	-0.08036	0.05087	300.35	834477356	848446597	1000	/scratch.global/lanej/1000G/ngs_dose/1000G_highcov/crams/HG01250.cram	9ab0a0e8,a23ef9ed,7f3b4c3c	184ab16e		14	0.997933	0.999142	0.99967	0.999933	2.032	0.987	0.831	884.209	11.659	scan	M	CLM	AMR	M	0.999766	0.999951	0.997835	NA	-0.05	1.1545	1.0023	409.7302	410.1781	463.2133	230.5848	9.7041	2.0174	842.2995	12.7342	412.4167	412.7629	466.5267	226.8928	9.6743	2.0131	764.1877	10.2784	812.0657	1.0066	0.8212	37.2118	M	2504	
HG01251	scan	0.1.0+fae1124	36.006	150	434	450	0.0996	0.9695	1.2394	0.0694	0.0349		1.9896	28.4039	763.1915	1.9568	0.0029	present	643.511	643.51	624.36	624.42	0.1803	683.4	0.0589	602.82	731.14	658.44	741.02	501.14	606.59	603.04	744.93	481.02	587.6	514.93	628.83	453.84	549.02	650.1	686.24	144.092	NA	144.09	142.0	0.0807	179.67	0.0233	133.41	165.31	124.97	157.9	9.689	9.69	9.75	9.75	0.1158	9.68	0.0589	15.1367	1.7777	47.0237	67.1381	12.7211	131.5705	0.2424	3.3861	0.5515	0.8237	0.5166	653.28	0.00213	0.0219	0.08061	-0.07273	0.2363	142.12	0.00489	0.0117	0.01909	0.0024	0.02796	9.58	0.00259	0.0712	0.36306	0.02386	-0.31747	16	-0.39577	-0.02145	-0.14697	0.09222	-0.00366	0.02442	0.03066	0.00471	-0.07004	-0.05447	-0.01439	0.05255	0.05718	-0.01005	0.04429	0.00368	0.00214	-0.04639	-0.01963	0.06366	0.05784	-0.09418	-0.08711	0.02225	-0.05367	-0.05838	0.00986	-0.02182	0.00011	-0.03738	0.05325	-0.0117	382.21	726874748	738459229	1000	/scratch.global/lanej/1000G/ngs_dose/1000G_highcov/crams/HG01251.cram	9ab0a0e8,a23ef9ed,7f3b4c3c	184ab16e		14	0.997803	0.998881	0.999681	0.999917	2.033	1.901	0.152	744.841	33.308	scan	F	CLM	AMR	F	0.999821	0.999931	0.997833	NA	-0.08	1.1343	1.0079	666.54	656.4735	766.8379	142.0822	9.5994	1.9859	806.2579	28.4943	610.7745	604.9272	689.9807	141.7492	9.6193	1.9879	650.002	23.3344	705.111	1.9536	0.1266	31.2658	F	2504	
HG01252	scan	0.1.0+fae1124	39.079	150	446	450	0.0722	0.9602	1.2787	0.0601	0.0428		1.9886	55.5175	769.2656	0.9848	0.9761	present	561.252	561.25	541.46	546.84	0.184	611.76	0.0487	541.26	707.18	571.62	668.69	449.66	582.47	554.5	741.02	435.45	571.65	456.94	587.33	409.58	530.7	559.29	602.06	235.503	NA	235.5	238.2	0.0818	307.36	0.0203	217.44	282.97	198.89	263.09	9.657	9.66	9.77	9.8	0.1134	9.68	0.043	19.3957	11.6213	36.2735	67.3711	11.4765	134.5844	0.2522	3.2575	0.5752	0.8524	0.5684	568.18	0.00246	0.0254	0.14323	0.11011	-0.12724	234.51	0.00527	0.0126	-0.01611	-0.03366	0.05146	9.64	0.00257	0.0705	0.2	-0.21784	-0.36314	16	-0.01136	-0.00274	-0.00937	-0.07234	0.05439	0.00383	-0.0773	0.06148	0.06293	0.1048	-0.00667	0.02659	0.0266	-0.02113	-0.0005	0.02016	-0.028	0.01691	0.00723	-0.05362	-0.04007	0.03553	-0.05576	-0.07647	0.07816	0.07179	-0.07756	0.03282	0.03149	-0.0898	-0.02159	-0.08447	229.26	775024752	786385250	1000	/scratch.global/lanej/1000G/ngs_dose/1000G_highcov/crams/HG01252.cram	9ab0a0e8,a23ef9ed,7f3b4c3c	184ab16e		14	0.997894	0.999075	0.999612	0.9999	2.012	0.978	0.786	758.686	68.413	scan	M	CLM	AMR	M	0.999758	0.999898	0.997825	NA	-0.02	1.1769	1.0061	532.7598	526.5817	622.1543	236.0462	9.6326	1.9904	764.7997	52.7979	488.4601	484.4726	555.8669	249.9344	9.5254	1.993	741.2756	37.0851	708.1304	1.0038	0.7844	35.0069	M	698	
HG01253	scan	0.1.0+fae1124	37.753	150	405	400	0.0795	0.9572	1.2684	0.0522	0.0522		1.9937	92.9058	699.4583	0.9963	0.9725	present	428.689	428.69	414.12	419.8	0.1505	471.49	0.0462	415.46	555.7	432.72	503.03	348.43	441.85	426.64	574.53	346.64	459.44	365.29	465.29	326.94	429.45	425.43	461.93	173.53	NA	173.53	175.57	0.0665	223.96	0.0243	150.09	194.69	151.56	196.12	9.705	9.71	9.85	9.87	0.1111	9.78	0.0454	14.0841	9.5347	63.6297	81.1538	10.72	145.1606	0.2518	3.2805	0.5852	0.831	0.7166	431.06	0.0043	0.0443	0.34742	-0.42455	-0.19612	172.22	0.00496	0.0119	-0.04317	0.03205	-0.00727	9.68	0.0028	0.0767	0.50219	0.09852	0.11129	16	0.29399	-0.01062	0.03626	-0.10652	0.06795	0.14502	-0.12477	-0.0144	-0.02219	0.00674	0.00017	0.01811	0.01806	0.03335	0.01919	-0.0588	-0.08122	0.07625	0.03317	-0.02233	0.00852	0.00171	0.00227	-0.06993	0.03752	0.06609	0.0609	-0.0066	-0.00562	-0.04129	0.00342	-0.05205	252.04	755021636	768104981	1000	/scratch.global/lanej/1000G/ngs_dose/1000G_highcov/crams/HG01253.cram	9ab0a0e8,a23ef9ed,7f3b4c3c	184ab16e		14	0.997684	0.999013	0.999616	0.999842	2.082	0.98	0.805	684.365	117.407	scan	M	CLM	AMR	M	0.999816	0.999902	0.997527	NA	0.02	1.167	1.0039	409.0684	407.7745	472.5246	179.8021	9.7023	1.9991	713.4739	90.0294	408.0821	405.2114	460.8974	162.7722	9.7828	1.9975	646.4836	62.8323	637.8831	0.9974	0.7946	33.6053	M	2504	
HG01254	scan	0.1.0+fae1124	42.444	150	437	450	0.0622	0.9762	1.1915	0.0529	0.0492		2.0064	33.6934	651.3621	1.8795	0.0025	present	385.306	385.31	364.29	364.01	0.2076	388.84	0.0374	355.15	399.84	393.45	431.54	274.42	308.61	336.68	390.54	262.97	299.41	297.79	346.7	248.41	276.77	379.28	395.56	140.976	NA	140.98	141.25	0.1116	167.94	0.0211	135.55	161.01	119.65	143.94	9.421	9.42	9.55	9.57	0.1175	9.49	0.0351	20.2456	2.085	43.3973	48.0187	11.9048	146.2592	0.2398	2.3631	0.575	0.7555	0.4216	385.74	0.00441	0.0454	-0.14436	0.54328	0.185	141.17	0.01372	0.0329	0.06602	-0.09056	-0.00051	9.37	0.00252	0.0691	-0.81398	-0.134	0.10531	16	0.1321	-0.00353	0.06102	-0.00308	-0.02675	-0.01671	0.02356	-0.00515	-0.0185	-0.0397	-0.00351	-0.05901	-0.00145	0.04809	0.02354	0.03733	-0.02532	-0.05219	-0.0209	-0.03855	-0.00533	-0.0186	-0.07845	0.02862	0.00702	0.02181	0.03383	0.04955	-0.03105	-0.00414	0.01259	-0.06816	388.53	850777836	862006371	1000	/scratch.global/lanej/1000G/ngs_dose/1000G_highcov/crams/HG01254.cram	9ab0a0e8,a23ef9ed,7f3b4c3c	184ab16e		14	0.997225	0.99866	0.999562	0.999925	2.018	1.834	0.128	634.775	38.311	scan	F	CLM	AMR	F	0.999704	0.999936	0.99724	NA	-0.29	1.1187	1.02	391.6789	391.0335	439.7658	138.9417	9.372	2.0063	668.8892	34.3715	395.4429	393.2903	451.7268	152.0498	9.4549	2.0044	677.3102	45.7201	592.9256	1.889	0.1052	38.2119	F	2504	
HG01255	scan	0.1.0+fae1124	39.071	150	438	450	0.0671	0.9631	1.2951	0.0727	0.0482		1.999	128.2677	809.7498	0.9863	0.9667	present	375.552	375.55	359.91	356.69	0.1857	407.63	0.0434	365.88	490.82	387.97	451.66	304.79	403.35	378.54	515.17	293.34	393.25	305.89	398.24	270.72	362.88	369.96	396.81	166.118	NA	166.12	167.15	0.0774	220.09	0.0227	143.56	189.96	139.75	188.21	9.575	9.58	9.69	9.7	0.118	9.58	0.0404	15.1693	9.5175	49.614	69.857	11.0792	141.5333	0.2506	2.6042	0.6974	0.7406	0.5252	379.82	0.00272	0.028	-0.18791	0.10501	-0.09731	164.84	0.01587	0.038	-0.06775	-0.01438	0.0001	9.51	0.00248	0.0681	-0.49903	-0.30512	-0.26073	16	0.09792	0.04773	-0.05593	-0.07749	0.0141	0.00551	-0.0743	0.05981	-0.00913	0.02699	0.0318	-0.14975	0.08933	0.11485	0.0532	0.00687	-0.03805	-0.06685	0.00732	0.02166	0.09787	-0.02352	-0.07459	-0.09014	0.03075	-0.0708	-0.02445	0.09027	-0.00285	-0.01682	0.15251	-0.0247	408.43	777193106	788675334	1000	/scratch.global/lanej/1000G/ngs_dose/1000G_highcov/crams/HG01255.cram	9ab0a0e8,a23ef9ed,7f3b4c3c	184ab16e		14	0.997387	0.998882	0.99962	0.999907	2.031	0.975	0.77	780.631	158.078	scan	M	CLM	AMR	M	0.999824	0.999952	0.997285	NA	-0.15	1.1891	1.0215	373.7073	371.4662	439.6014	165.4119	9.512	2.0027	796.1519	115.1085	367.4065	364.9243	419.6958	168.9	9.4684	2.0017	801.6759	79.3197	719.6287	0.9996	0.7658	35.1555	M	698	
HG01256	scan	0.1.0+fae1124	40.398	150	425	400	0.0791	0.96	1.2319	0.0559	0.0482		1.9899	24.2135	764.2114	0.9982	0.9737	present	295.328	295.33	287.05	290.31	0.1524	322.07	0.0424	277.06	356.64	302.83	345.35	227.17	286.45	305.05	395.86	233.64	301.92	250.6	311.15	219.83	280.19	297.26	319.75	147.928	NA	147.93	148.51	0.0683	185.28	0.0235	138.22	170.95	128.45	162.12	9.674	9.67	9.76	9.78	0.1096	9.7	0.0479	17.9763	8.5217	47.7681	66.2516	9.5971	137.7002	0.2391	2.4873	0.7187	0.841	0.6327	297.35	0.00383	0.0395	-0.20029	-0.78894	0.11282	146.93	0.00694	0.0166	-0.0166	0.03161	0.00247	9.61	0.00255	0.0699	0.43673	0.12618	-0.21443	16	0.1836	-0.0308	-0.03344	-0.07001	-0.03484	0.05019	0.06845	-0.08567	0.02938	0.01959	0.066	0.06945	0.01514	0.02492	0.00292	-0.10735	-0.04198	0.00075	-0.00034	0.00867	-0.02902	0.09086	-0.05782	0.02701	0.09031	0.04355	0.0782	0.09081	-0.0747	0.02394	0.06375	-0.04089	452.01	799084864	810228764	1000	/scratch.global/lanej/1000G/ngs_dose/1000G_highcov/crams/HG01256.cram	9ab0a0e8,a23ef9ed,7f3b4c3c	184ab16e		14	0.997933	0.998435	0.999523	0.999875	2.017	0.993	0.768	748.714	28.285	scan	M	CLM	AMR	M	0.999692	0.99998	0.998036	NA	-0.05	1.1614	1.0184	298.2026	296.9925	340.3322	150.9048	9.5886	1.9947	752.2295	22.366	282.5623	281.38	324.5557	152.7233	9.6009	1.9917	690.9072	23.1082	693.7644	1.0192	0.769	35.8106	M	2504	
HG01257	scan	0.1.0+fae1124	37.043	150	432	450	0.1017	0.966	1.259	0.0654	0.0446		2.0047	24.1416	723.5146	1.8881	0.003	present	708.303	708.3	675.8	674.52	0.1917	752.25	0.0628	662.84	832.4	716.22	821.6	520.91	647.55	689.42	880.71	516.53	650.13	560.96	702.72	477.35	599.9	702.9	750.98	185.299	NA	185.3	180.42	0.0846	237.39	0.0296	164.79	210.73	162.37	211.25	9.844	9.84	9.97	9.94	0.1092	9.88	0.0627	13.3319	1.5934	52.6684	48.2263	12.3547	144.8529	0.2477	2.9737	0.7371	0.8923	0.3133	711.23	0.00233	0.024	-0.07321	0.1337	0.20817	181.7	0.00466	0.0111	0.03907	0.01084	-0.00045	9.76	0.00255	0.0701	-0.12202	-0.06499	0.36553	16	-0.06162	-0.01623	-0.02974	-0.06183	-0.11204	-0.05654	0.1221	-0.06204	0.1487	0.04817	0.0181	0.00342	-0.08255	-0.00283	-0.01046	0.17837	-0.0411	0.05809	0.05498	-0.04599	-0.07316	-0.02915	0.0998	0.05523	0.00519	0.05924	-0.01315	0.03656	0.02209	0.01095	-0.01663	0.0339	287.36	748278216	757971227	1000	/scratch.global/lanej/1000G/ngs_dose/1000G_highcov/crams/HG01257.cram	9ab0a0e8,a23ef9ed,7f3b4c3c	184ab16e		14	0.997838	0.998998	0.999708	0.999924	2.064	1.839	0.128	702.213	28.047	scan	F	CLM	AMR	F	0.99975	0.999951	0.99807	NA	0.1	1.1552	1.007	753.2886	744.8969	884.6018	169.9132	9.68	2.004	746.3043	25.2699	679.5291	677.9207	771.5873	185.6415	9.7148	2.0058	689.2356	26.1892	663.8741	1.88	0.109	32.2644	F	2504	
HG01258	scan	0.1.0+fae1124	38.751	150	443	450	0.076	0.964	1.2679	0.057	0.0418		1.9966	89.5432	761.236	0.9886	0.98	present	543.929	543.93	521.18	523.96	0.1756	587.9	0.0505	524.36	700.03	552.15	639.17	419.41	551.45	520.33	705.89	414.23	552.19	441.25	566.61	388.32	515.55	538.64	576.41	147.703	NA	147.7	148.63	0.0684	191.79	0.0214	135.42	176.05	131.62	173.28	9.768	9.77	9.88	9.9	0.1086	9.78	0.0458	13.9683	9.0094	51.8251	61.1451	11.5624	139.5185	0.2535	2.77	0.6693	0.8641	0.3085	548.03	0.00219	0.0226	-0.34391	-0.13628	0.10968	145.88	0.01041	0.0249	-0.01478	0.02087	0.04239	9.72	0.00256	0.0703	0.23426	-0.11565	-0.38092	16	0.03937	-0.02017	-0.08597	-0.05234	-0.06145	-0.01687	0.06127	0.04309	0.05791	0.08665	0.03116	-0.09952	0.0249	0.05143	-0.00568	0.01812	0.09872	0.10204	0.03218	0.07426	0.033	-0.02934	-0.03356	-0.05902	0.0317	0.02987	-0.01797	0.03037	0.00918	-0.04838	0.00303	0.11122	205.37	768199232	777621699	1000	/scratch.global/lanej/1000G/ngs_dose/1000G_highcov/crams/HG01258.cram	9ab0a0e8,a23ef9ed,7f3b4c3c	184ab16e		14	0.997975	0.998216	0.999642	0.999946	2.065	0.977	0.754	749.066	109.831	scan	M	CLM	AMR	M	0.999767	0.999946	0.998157	NA	0.06	1.1663	1.0075	552.5893	549.5805	639.8927	141.9906	9.6777	1.9967	740.4569	72.3748	505.9639	503.7775	570.3008	142.5651	9.5817	1.9961	729.2915	63.5802	702.6091	1.0036	0.7594	34.5559	M	698	
HG01259	scan	0.1.0+fae1124	37.995	150	441	450	0.0857	0.9814	1.147	0.0686	0.0645		1.9887	33.0618	837.3014	0.9844	0.9723	present	445.74	445.74	416.72	419.66	0.2283	429.97	0.0449	389.59	381.04	424.49	456.47	285.03	286.62	334.13	340.15	292.92	295.59	316.73	344.32	256.75	247.14	440.45	453.99	157.664	NA	157.66	151.2	0.1042	176.31	0.0204	137.8	151.44	137.05	154.05	10.365	10.36	10.57	10.58	0.1186	10.53	0.0504	19.6196	11.0467	45.7544	64.416	9.655	142.894	0.2308	2.7459	0.6197	0.8151	0.5534	441.96	0.00499	0.0515	0.29543	0.68008	0.58351	152.95	0.01447	0.0346	0.10632	-0.00232	0.00751	10.34	0.003	0.0822	0.37584	0.3526	1.17655	16	0.6897	-0.11004	-0.16455	-0.08396	0.03353	0.02192	-0.00831	-0.04346	0.01381	-0.08385	-0.02749	-0.01611	0.05888	0.05719	-0.0278	0.04781	0.0696	-0.00686	-0.02099	0.08236	0.10411	0.03493	0.04292	0.00809	0.0684	-0.10026	-0.05145	-0.04306	-0.00722	0.08657	-0.01594	0.02368	387.46	754587394	765267317	1000	/scratch.global/lanej/1000G/ngs_dose/1000G_highcov/crams/HG01259.cram	9ab0a0e8,a23ef9ed,7f3b4c3c	184ab16e		14	0.997409	0.998961	0.999482	0.999821	2.014	0.992	0.749	821.499	36.935	scan	M	CLM	AMR	M	0.999646	0.999879	0.997492	NA	0.68	1.0328	0.9605	444.7078	445.1244	464.1542	153.0646	10.0583	1.9968	899.383	31.507	477.0057	472.2559	533.4104	158.0316	10.0855	1.997	857.6813	24.1295	750.7103	1.0148	0.7464	33.6008	M	2504	
HG01260	scan	0.1.0+fae1124	41.944	150	430	450	0.0956	0.965	1.2458	0.0686	0.0512		1.9979	34.9783	599.8637	1.9444	0.0026	present	566.587	566.59	546.72	545.16	0.1698	608.19	0.0599	558.06	710.09	581.51	662.04	472.36	597.07	592.15	764.58	454.54	580.27	477.22	595.35	424.17	538.43	559.0	595.56	159.955	NA	159.96	159.49	0.0686	202.48	0.0294	141.6	178.24	137.49	176.58	9.534	9.53	9.7	9.72	0.1165	9.63	0.0563	22.3894	1.5841	62.6914	62.1691	11.2027	139.1637	0.241	2.7685	0.4057	0.8701	0.4327	572.96	0.00243	0.025	0.13743	0.02061	-0.2699	158.57	0.00739	0.0177	-0.04101	0.02001	-0.00122	9.52	0.00272	0.0747	-0.73321	-0.02136	0.09489	16	0.28237	-0.03194	-0.0807	-0.09266	-0.00047	0.02257	-0.06318	-0.00304	-0.09658	-0.06736	-0.03586	-0.01466	0.07842	0.02691	-0.01558	0.02425	0.04266	-0.01339	-0.10698	0.0727	0.0327	-0.02829	0.03195	-0.12246	-0.01104	0.10096	-0.08705	0.04927	0.01778	-0.0905	-0.01846	0.02626	218.68	852398186	865468918	1000	/scratch.global/lanej/1000G/ngs_dose/1000G_highcov/crams/HG01260.cram	9ab0a0e8,a23ef9ed,7f3b4c3c	184ab16e		14	0.99804	0.998789	0.999648	0.999858	2.084	1.89	0.143	574.928	42.638	scan	F	CLM	AMR	F	0.999709	0.999875	0.998322	NA	-0.14	1.1555	1.0149	563.6173	555.9393	656.828	160.9624	9.4705	2.0032	625.0011	43.0136	536.257	531.6918	612.5022	168.6128	9.5194	2.0012	662.3174	50.4839	540.7171	1.9292	0.1196	36.8137	F	2504	
HG01261	scan	0.1.0+fae1124	38.491	150	449	450	0.0702	0.9557	1.3305	0.0691	0.0435		2.0015	12.4753	657.6376	0.9995	0.9795	present	520.915	520.92	497.27	497.03	0.1958	572.16	0.0483	501.04	695.07	540.06	636.94	412.41	561.5	505.54	712.37	394.36	544.99	419.54	558.08	360.27	496.63	513.26	556.79	146.189	NA	146.19	144.35	0.0789	197.03	0.0195	119.18	161.33	127.13	173.68	9.713	9.71	9.88	9.92	0.1236	9.77	0.0408	19.1851	12.091	55.3305	86.0508	12.8995	145.183	0.2675	3.2206	0.6819	0.8513	0.3913	524.62	0.00251	0.0259	0.13247	0.31761	-0.06368	144.88	0.00431	0.0103	-0.00197	0.0009	-0.00092	9.69	0.00267	0.0732	-0.41817	0.13122	0.33582	16	0.03371	-0.04841	-0.12081	-0.17863	-0.0378	-0.02311	-0.04073	0.04624	-0.01796	-0.00788	0.02892	-0.06385	0.0014	-0.04818	0.08647	-0.06875	0.03839	0.0118	-0.11661	-0.00756	-0.04032	0.05833	-0.0163	-0.04439	-0.05143	0.07665	-0.02638	-0.02247	0.01877	0.10656	-0.07427	0.03767	479.31	767396514	780460712	1000	/scratch.global/lanej/1000G/ngs_dose/1000G_highcov/crams/HG01261.cram	9ab0a0e8,a23ef9ed,7f3b4c3c	184ab16e		14	0.997843	0.999024	0.999638	0.999841	2.023	0.988	0.809	627.287	14.727	scan	M	CLM	AMR	M	0.999691	0.999836	0.998147	NA	0.03	1.2141	1.0294	502.4196	502.0668	600.82	150.6983	9.7133	2.0056	697.38	16.5982	510.8459	508.3541	585.8212	145.4337	9.6422	2.0036	731.653	13.7384	597.3458	1.01	0.7964	34.7344	M	698	
HG01269	scan	0.1.0+fae1124	38.114	150	419	400	0.0952	0.9658	1.2799	0.0496	0.0378		2.0001	36.078	868.4805	1.9381	0.003	present	314.245	314.25	303.19	303.19	0.1726	340.3	0.0492	305.13	398.76	328.85	379.07	236.26	291.02	292.43	387.68	238.76	311.19	256.83	324.22	226.09	287.51	313.83	336.28	90.781	NA	90.78	90.52	0.0711	116.73	0.0323	88.08	113.03	78.24	101.03	9.619	9.62	9.59	9.59	0.108	9.5	0.0546	16.2572	1.1485	61.6327	53.8879	10.9429	141.7783	0.2481	2.9172	0.6622	0.8262	0.3682	319.52	0.00214	0.0221	-0.256	-0.08269	0.16435	89.73	0.00482	0.0115	-0.02366	0.01669	0.03015	9.37	0.00264	0.0723	1.57495	-0.05556	-0.38954	16	-0.40972	0.09073	0.07853	0.13351	-0.06444	-0.00438	0.02222	-0.03636	-0.03872	-0.06594	0.09549	0.07532	-0.01966	0.00692	-0.11566	0.02168	-0.04071	0.09699	0.03953	0.08855	-0.07193	-0.00912	-0.13618	-0.03731	-0.03412	0.00714	-0.02572	-0.04448	0.01399	-0.03955	-0.0022	-0.05289	282.29	767570422	778589493	1000	/scratch.global/lanej/1000G/ngs_dose/1000G_highcov/crams/HG01269.cram	9ab0a0e8,a23ef9ed,7f3b4c3c	184ab16e		14	0.997376	0.997363	0.999591	0.99973	2.026	1.894	0.133	861.068	45.146	scan	F	CLM	AMR	F	0.999742	0.99978	0.997609	NA	-0.29	1.1864	1.0292	332.482	326.6715	400.9061	86.28	9.4943	1.9977	799.7913	42.6552	322.2016	319.0742	371.5193	93.9873	9.5079	1.9979	804.3283	39.5131	802.5692	1.9478	0.1132	33.1953	F	2504	
HG01271	scan	0.1.0+fae1124	39.713	150	438	450	0.107	0.9638	1.2715	0.0617	0.0519		1.9948	245.8347	862.1649	0.9824	0.9671	present	547.653	547.65	518.4	519.39	0.1829	572.07	0.0587	499.58	580.34	516.76	599.18	388.97	455.4	460.69	553.72	396.27	468.4	407.32	498.52	364.82	416.97	545.27	585.75	204.184	NA	204.18	200.54	0.0871	255.88	0.0282	188.41	234.63	179.46	226.32	10.392	10.39	10.61	10.62	0.1199	10.54	0.0645	24.4992	12.9189	56.9855	76.6474	9.9561	133.3254	0.247	3.0813	0.7235	0.8155	0.3572	544.95	0.00357	0.0368	0.00496	-0.08296	0.59891	202.58	0.01219	0.0292	0.04186	0.01037	-0.01886	10.45	0.00291	0.0798	0.49457	-1.11278	0.53048	16	0.26081	-0.02839	-0.03512	0.14438	0.09751	0.07493	-0.11987	-0.09782	0.04738	0.11145	-0.00878	0.04833	-0.12562	0.01473	-0.07429	0.07329	0.03061	0.09543	0.00158	-0.02523	-0.00635	-0.00991	-0.0207	0.00745	-0.13157	-0.03685	0.0167	0.04494	-0.08246	0.00681	0.10427	0.05761	297.82	801873232	816234535	1000	/scratch.global/lanej/1000G/ngs_dose/1000G_highcov/crams/HG01271.cram	9ab0a0e8,a23ef9ed,7f3b4c3c	184ab16e		14	0.997695	0.998926	0.999506	0.999829	2.066	0.989	0.791	839.175	296.597	scan	M	CLM	AMR	M	0.999673	0.999878	0.997787	NA	0.79	1.0995	0.9483	534.6229	532.2648	597.9297	199.7739	10.2053	1.9947	864.018	136.9147	530.5347	526.2419	587.365	205.8504	10.0792	1.9953	808.5326	90.0334	780.6202	1.0042	0.785	34.5729	M	2504	DJ +0.79 copies
HG01272	scan	0.1.0+fae1124	36.87	150	424	400	0.0994	0.9682	1.2558	0.056	0.0653		2.0061	55.971	698.4817	1.8988	0.0033	present	394.573	394.57	385.87	386.92	0.2352	428.2	0.0553	332.13	412.45	357.29	406.29	249.66	305.1	328.29	415.19	268.99	334.99	278.52	345.36	250.0	310.68	421.12	449.5	318.083	NA	318.08	313.14	0.0778	401.94	0.0333	276.41	345.64	283.73	361.27	9.404	9.4	9.56	9.57	0.1196	9.49	0.0588	22.4212	1.4456	40.3253	53.0235	9.1262	138.2504	0.2202	2.4923	0.7246	0.7617	0.6979	360.26	0.00713	0.0736	1.11631	-0.78481	1.05404	313.14	0.00388	0.0093	0.03152	0.03189	0.00625	9.43	0.00274	0.0751	-0.48856	-0.41883	-0.38519	16	0.6067	0.03643	0.03076	0.18349	0.03378	-0.01822	-0.09115	-0.02757	-0.14808	-0.1887	-0.04534	0.07547	0.09159	-0.06673	-0.10879	0.05025	0.01046	-0.03041	0.00666	0.05286	0.06113	-0.00087	-0.08872	-0.04781	-0.05821	0.01983	-0.02669	-0.01847	0.04571	-0.04968	-0.06317	0.03283	204.9	743800766	755139009	1000	/scratch.global/lanej/1000G/ngs_dose/1000G_highcov/crams/HG01272.cram	9ab0a0e8,a23ef9ed,7f3b4c3c	184ab16e		14	0.997769	0.99902	0.999559	0.99991	2.037	1.845	0.133	690.484	67.943	scan	F	CLM	AMR	F	0.999617	0.999915	0.99798	NA	-0.23	1.1278	0.9918	358.948	388.9111	416.3067	313.8563	9.2979	2.0115	790.0613	75.3225	355.8943	386.5362	399.25	285.7177	9.3902	2.0087	871.8953	117.9947	648.3474	1.89	0.1116	32.105	F	2504	
HG01273	scan	0.1.0+fae1124	37.96	150	451	450	0.0697	0.9613	1.3045	0.053	0.0459		2.0116	45.6183	792.704	0.9996	0.9746	present	486.821	486.82	466.9	465.27	0.1834	533.19	0.0465	476.72	649.47	492.62	576.31	374.85	505.66	462.81	643.47	361.24	493.97	384.79	506.04	349.89	473.21	483.94	522.31	185.469	NA	185.47	185.27	0.076	247.22	0.022	166.0	219.86	161.53	219.07	10.109	10.11	10.26	10.24	0.1139	10.16	0.04	19.5277	13.409	59.927	83.1303	10.1827	133.5966	0.2499	2.768	0.5547	0.8367	0.537	492.7	0.00241	0.0249	-0.29845	-0.03277	0.23649	183.58	0.00572	0.0137	-0.0283	-0.00248	0.00793	10.1	0.00293	0.0803	0.69629	-0.34074	0.92288	16	0.06704	0.03306	0.02161	0.1543	-0.0336	0.02722	-0.04337	0.01645	0.00271	-0.04991	0.01381	-0.10323	0.02577	-0.06372	-0.0016	0.03679	0.06446	-0.03748	0.0613	-0.02011	-0.01835	-0.03844	-0.01956	0.1224	-0.09895	0.00138	-0.01551	-0.02812	-0.08685	0.03327	0.03567	-0.00246	305.17	756329832	769858839	1000	/scratch.global/lanej/1000G/ngs_dose/1000G_highcov/crams/HG01273.cram	9ab0a0e8,a23ef9ed,7f3b4c3c	184ab16e		14	0.997893	0.999042	0.999567	0.999872	2.058	0.977	0.798	780.391	54.922	scan	M	CLM	AMR	M	0.999601	0.999865	0.997824	NA	0.44	1.1697	0.9998	507.5311	501.3264	599.8256	180.1963	10.1144	2.0096	861.393	48.3851	496.1959	493.2768	560.7767	167.4494	10.0888	2.0103	875.7778	31.1605	731.3151	0.9992	0.7866	34.2271	M	698	
HG01274	scan	0.1.0+fae1124	37.852	150	438	450	0.0954	0.9604	1.2557	0.0483	0.0415		1.9959	29.4633	820.783	0.9882	0.9708	present	433.739	433.74	421.46	429.9	0.1585	479.02	0.0517	408.1	557.75	440.45	508.03	351.91	472.52	415.35	577.2	337.28	459.73	357.29	460.52	318.55	431.61	437.68	470.86	188.934	NA	188.93	188.54	0.0764	244.75	0.0344	176.57	229.05	152.69	200.64	9.961	9.96	10.08	10.12	0.1059	10.0	0.0545	13.1462	9.9916	50.2932	68.6414	9.7522	134.9085	0.2354	3.3789	0.5876	0.9428	0.5386	434.76	0.00381	0.0392	0.78259	-0.48162	0.11937	187.56	0.01799	0.0431	-0.10958	-0.02847	0.01229	9.89	0.00263	0.0722	0.65921	0.36545	-0.42738	16	-0.07287	0.04607	-0.05967	-0.10655	0.08116	-0.05753	-0.16656	0.07018	0.12418	0.15495	-0.08562	-0.0588	-0.01845	-0.13687	-0.04752	0.08419	-0.05981	0.09839	-0.00094	-0.02442	0.01886	0.01569	0.03478	-0.01671	-0.01169	-0.11757	0.03438	-0.06948	0.06071	-0.06915	0.00396	-0.06655	202.06	748797024	759857393	1000	/scratch.global/lanej/1000G/ngs_dose/1000G_highcov/crams/HG01274.cram	9ab0a0e8,a23ef9ed,7f3b4c3c	184ab16e		14	0.997612	0.998659	0.999517	0.999841	2.033	0.978	0.795	824.01	36.144	scan	M	CLM	AMR	M	0.999696	0.999852	0.997892	NA	0.23	1.1685	1.0131	397.0878	395.4806	462.592	188.9487	9.8665	1.9986	803.1168	34.4183	377.0873	378.4283	425.0869	190.3855	9.8063	1.9981	697.0057	38.5366	774.5585	1.0042	0.8004	33.0801	M	698	
HG01275	scan	0.1.0+fae1124	37.07	150	446	450	0.1133	0.9702	1.1869	0.0732	0.0533		1.998	170.2937	706.9826	1.9141	0.0029	present	388.673	388.67	374.44	374.76	0.2163	401.22	0.0557	368.29	405.31	394.49	438.13	289.36	321.25	359.71	408.74	281.86	315.63	305.04	352.61	256.66	278.5	389.29	409.88	194.922	NA	194.92	190.22	0.0903	230.04	0.0296	177.66	207.99	167.01	198.44	9.737	9.74	9.86	9.86	0.1159	9.82	0.068	15.096	1.7542	48.1784	47.9428	9.3161	149.2533	0.2236	3.188	0.7301	0.9269	0.3097	395.99	0.00334	0.0344	-0.49267	0.4976	0.03403	193.06	0.00838	0.0201	0.03899	-0.00939	-0.01203	9.7	0.0027	0.074	0.33374	0.29102	-0.04042	16	0.04985	0.10885	0.27584	0.22382	-0.08669	0.06724	0.12137	-0.00752	-0.03221	-0.02025	-0.02279	0.0129	-0.01718	0.01146	0.01388	0.02225	-0.01301	-0.01342	-0.03102	0.00763	-0.01507	0.00651	-0.06192	0.07043	-0.07971	0.04147	-0.03361	0.05692	0.02268	0.04186	0.04909	0.03444	357.98	751518394	761118368	1000	/scratch.global/lanej/1000G/ngs_dose/1000G_highcov/crams/HG01275.cram	9ab0a0e8,a23ef9ed,7f3b4c3c	184ab16e		14	0.997601	0.998444	0.99954	0.999922	2.042	1.865	0.122	698.657	193.598	scan	F	CLM	AMR	F	0.999653	0.999954	0.997741	NA	0.04	1.1064	0.9962	415.7132	407.6675	462.5036	185.7165	9.8438	1.9913	766.0313	137.6587	407.2659	397.9362	470.2291	184.468	9.8437	1.9969	772.0545	140.4893	657.9822	1.907	0.1028	31.9257	F	2504	
HG01276	scan	0.1.0+fae1124	34.378	150	437	450	0.0688	0.9772	1.1952	0.0744	0.0434		1.9982	19.3352	662.7675	1.9488	0.0021	present	371.83	371.83	358.56	359.73	0.1934	386.93	0.0423	355.32	409.38	374.77	416.91	281.27	325.99	336.42	402.46	271.76	318.94	292.2	346.89	256.7	290.74	372.97	391.57	172.995	NA	172.99	170.53	0.0904	209.63	0.0242	156.35	187.27	137.43	168.52	9.989	9.99	10.05	10.03	0.1093	9.98	0.0409	13.4873	1.2731	44.2678	53.6835	10.0882	146.68	0.2314	2.9821	0.5681	0.9123	0.4789	375.27	0.00317	0.0327	-0.12532	0.03233	0.44119	174.27	0.01136	0.0272	-0.05986	-0.07547	0.00966	9.87	0.0028	0.0769	0.34458	0.03004	-0.31776	16	-0.01637	-0.04507	-0.06237	0.04084	-0.0709	-0.03753	0.06241	0.02568	-0.02226	0.00422	0.12391	-0.09995	0.04815	0.08196	0.01052	0.03096	0.07189	-0.03562	0.10827	-0.03934	-0.02698	0.02082	-0.03406	-0.00958	0.12887	0.11922	-0.02024	0.1078	0.00087	0.02212	0.01171	-0.0053	226.91	693838466	703215304	1000	/scratch.global/lanej/1000G/ngs_dose/1000G_highcov/crams/HG01276.cram	9ab0a0e8,a23ef9ed,7f3b4c3c	184ab16e		14	0.99738	0.998866	0.999454	0.999796	2.023	1.886	0.132	649.309	21.432	scan	F	CLM	AMR	F	0.99964	0.99985	0.997597	NA	0.21	1.111	0.9987	392.1422	389.374	436.878	167.3948	9.8252	1.9966	657.5183	17.6839	378.4992	376.0697	428.6556	186.7444	9.7549	1.9985	609.2513	21.4801	610.1627	1.9306	0.1092	30.975	F	698	
HG01277	scan	0.1.0+fae1124	36.166	150	434	450	0.0951	0.9571	1.3057	0.0729	0.0456		1.986	23.0726	676.4659	0.9865	0.9725	present	528.932	528.93	503.39	508.86	0.2029	570.78	0.0563	495.91	650.49	540.08	633.57	392.72	513.48	503.96	678.43	385.85	511.06	417.07	542.98	361.52	470.36	523.43	564.49	123.776	NA	123.78	122.31	0.0883	164.29	0.0248	117.18	153.96	104.01	140.46	9.888	9.89	9.94	9.92	0.1098	9.84	0.057	18.2966	11.7393	55.1333	54.4416	10.5729	143.7651	0.2617	2.8929	0.6995	0.9114	0.325	529.62	0.00317	0.0327	0.0477	0.34443	0.05712	123.4	0.00799	0.0191	0.03084	-0.01171	0.00618	9.76	0.00264	0.0725	0.64238	0.61208	-0.00847	16	-0.06614	0.01011	0.05089	-0.12961	0.16307	0.04834	-0.03251	-0.074	-0.00601	0.07275	-0.03836	-0.00269	0.03453	0.05254	0.01506	0.02985	-0.0393	-0.02146	-0.0571	0.02233	-0.03045	-0.0361	-0.04732	0.01612	0.02601	-0.01732	0.00273	0.08023	-0.02705	0.05002	-0.0122	-0.00151	200.15	716301598	725873894	1000	/scratch.global/lanej/1000G/ngs_dose/1000G_highcov/crams/HG01277.cram	9ab0a0e8,a23ef9ed,7f3b4c3c	184ab16e		14	0.997801	0.998411	0.999591	0.999842	2.064	0.986	0.767	663.667	27.592	scan	M	CLM	AMR	M	0.99979	0.999863	0.997977	NA	0.1	1.1963	1.0198	513.1341	512.5216	610.1931	126.0113	9.7974	1.9875	619.4207	25.679	556.6114	554.0545	637.6496	127.354	9.8495	1.9878	798.2136	44.6381	635.1389	1.011	0.7758	31.5553	M	2504	
HG01278	scan	0.1.0+fae1124	37.172	150	445	450	0.066	0.9567	1.3268	0.0608	0.05		2.016	38.9706	781.5543	1.9489	0.0019	present	504.425	504.42	488.78	493.69	0.1868	559.84	0.0471	490.87	666.12	506.24	597.43	391.49	523.47	474.42	658.51	377.46	512.9	400.55	530.23	348.56	469.23	508.91	551.43	182.594	NA	182.59	183.99	0.0799	245.96	0.0187	169.35	228.08	150.27	205.64	9.521	9.52	9.68	9.7	0.1215	9.58	0.0393	18.3337	1.1319	38.4233	55.3848	9.0712	149.4649	0.2284	2.4712	0.5197	0.7893	0.5896	507.37	0.00257	0.0265	-0.41903	-0.67777	0.49859	181.28	0.00622	0.0149	-0.026	-0.01908	0.01766	9.51	0.00267	0.0731	0.23138	0.06081	0.34643	16	0.18043	0.03981	-0.00369	-0.09911	-0.04744	-0.01587	0.00577	0.05826	0.08084	0.03185	0.02286	-0.04691	0.04132	0.01886	0.03548	-0.06287	0.04662	-0.07889	0.0097	-0.02771	0.01732	0.02666	0.01643	-0.01935	-0.0393	-0.0864	-0.02961	-0.0269	0.02848	-0.0176	-0.05074	-0.00888	192.96	748438076	758820229	1000	/scratch.global/lanej/1000G/ngs_dose/1000G_highcov/crams/HG01278.cram	9ab0a0e8,a23ef9ed,7f3b4c3c	184ab16e		14	0.997682	0.999034	0.999643	0.999898	2.002	1.876	0.123	765.835	47.68	scan	F	CLM	AMR	F	0.999586	0.999923	0.997794	NA	-0.15	1.1775	0.9978	491.8361	491.7225	566.0391	183.87	9.5348	2.021	791.0726	37.048	498.2372	498.636	557.5669	181.2697	9.5556	2.0191	858.331	35.683	719.4273	1.9254	0.102	33.5603	F	698	
HG01279	scan	0.1.0+fae1124	34.706	150	444	450	0.0727	0.9776	1.202	0.0614	0.0453		2.0125	48.4471	669.6869	1.9419	0.002	present	515.805	515.81	494.17	494.99	0.1994	528.26	0.0455	460.79	521.66	520.94	573.99	380.43	433.96	482.86	560.47	367.49	422.14	402.17	470.79	344.65	386.82	517.51	539.5	149.951	NA	149.95	148.88	0.0927	179.34	0.0194	129.67	153.69	130.07	156.97	9.749	9.75	9.8	9.81	0.1181	9.74	0.0424	16.7226	1.2886	49.3143	41.7626	10.2737	153.6608	0.2468	3.0778	0.5895	0.8359	0.3534	519.71	0.00408	0.0421	-0.18025	0.18905	0.23948	148.19	0.01244	0.0298	0.02495	-0.03102	0.0116	9.6	0.00269	0.0739	0.92787	0.2687	-0.10457	16	-0.05957	0.05834	0.09232	-0.06093	0.01536	-0.04061	0.00607	0.0464	-0.02918	-0.04036	0.02229	0.02823	0.0454	-0.03804	0.06113	0.14113	-0.0191	0.01162	-0.00143	-0.02869	0.0173	-0.02811	-0.02397	-0.06292	-0.00739	0.04133	0.08599	0.01902	-0.02948	-0.08945	-0.07852	-0.10058	291.32	700693788	708622438	1000	/scratch.global/lanej/1000G/ngs_dose/1000G_highcov/crams/HG01279.cram	9ab0a0e8,a23ef9ed,7f3b4c3c	184ab16e		14	0.997411	0.998359	0.99956	0.999871	2.038	1.895	0.113	661.288	54.895	scan	F	CLM	AMR	F	0.999653	0.99998	0.997538	NA	-0.06	1.1044	1.0024	514.9743	509.7934	575.5487	144.7626	9.6703	2.0127	741.1424	82.7224	557.9547	553.3062	636.326	136.213	9.8209	2.0127	729.8035	64.9748	625.2826	1.9418	0.0944	31.1459	F	698	
HG01280	scan	0.1.0+fae1124	38.32	150	421	400	0.0936	0.9638	1.2696	0.055	0.0362		1.9956	16.0947	844.4369	0.9847	0.9618	present	450.175	450.18	430.78	432.14	0.1974	485.34	0.0554	425.0	566.39	459.36	527.48	328.43	415.13	426.62	573.81	345.23	457.14	361.86	459.92	323.74	423.0	448.15	480.17	125.877	NA	125.88	127.13	0.076	162.55	0.028	114.23	147.81	107.98	139.98	9.434	9.43	9.48	9.48	0.1079	9.39	0.0561	20.1784	12.1816	49.5284	76.3573	10.5194	140.9895	0.2439	2.9214	0.6696	0.8281	0.424	455.7	0.0037	0.0381	-0.15816	0.29508	0.09367	125.41	0.01046	0.025	-0.00478	0.02503	0.00289	9.34	0.00256	0.0702	0.56733	-0.56175	-0.0672	16	-0.60642	-0.01772	0.08545	0.06365	0.09965	0.13979	-0.02653	-0.00476	-0.0148	-0.09441	0.07021	-0.05873	0.04389	0.06181	-0.01128	0.01727	0.00317	0.06515	-0.00215	0.00392	0.02823	0.06992	-0.09045	0.1162	-0.03872	0.07047	-0.02855	0.13503	-0.01112	0.01099	0.08415	0.01576	226.85	758472662	771313713	1000	/scratch.global/lanej/1000G/ngs_dose/1000G_highcov/crams/HG01280.cram	9ab0a0e8,a23ef9ed,7f3b4c3c	184ab16e		14	0.997678	0.998649	0.999583	0.999936	2.037	0.976	0.789	843.698	19.616	scan	M	CLM	AMR	M	0.999556	0.999929	0.99788	NA	-0.32	1.1575	1.008	476.53	473.0212	558.592	122.4865	9.546	1.9887	762.7542	19.4558	441.7486	440.6973	507.9672	132.7245	9.4919	1.9919	716.3689	29.9296	788.2062	1.0026	0.7924	33.3933	M	2504	
HG01281	scan	0.1.0+fae1124	38.326	150	453	450	0.101	0.9683	1.2369	0.0661	0.0509		2.0071	33.8754	654.6456	1.9349	0.0028	present	420.505	420.51	394.33	397.19	0.2229	434.55	0.0558	366.24	430.38	392.13	449.95	282.88	334.68	352.21	422.16	283.93	337.82	308.18	373.77	262.26	307.15	417.74	447.77	139.994	NA	139.99	139.05	0.0925	173.56	0.0257	124.15	152.64	126.67	158.5	9.713	9.71	9.82	9.83	0.1201	9.76	0.0594	20.9786	1.5131	61.2719	48.866	9.1719	143.9412	0.2214	1.8396	0.6532	0.7588	0.3707	416.27	0.0051	0.0526	0.33118	0.40555	0.4314	139.13	0.01359	0.0325	0.06554	-0.0122	0.03604	9.66	0.00281	0.0771	0.05563	0.76349	-0.10885	16	0.30805	-0.02255	-0.06973	0.1018	-0.0886	-0.02408	0.0168	-0.03428	0.06275	-0.07051	-0.0049	-0.0166	0.05265	0.00227	0.03108	0.04671	0.17051	-0.04791	-0.01988	0.0876	0.09711	-0.02218	-0.09272	-0.01624	0.01475	-0.00944	0.08086	0.00433	-0.00919	-0.07419	-0.00313	0.0254	232.95	776455522	786744127	1000	/scratch.global/lanej/1000G/ngs_dose/1000G_highcov/crams/HG01281.cram	9ab0a0e8,a23ef9ed,7f3b4c3c	184ab16e		14	0.997487	0.998177	0.999512	0.999859	2.086	1.882	0.127	636.906	40.325	scan	F	CLM	AMR	F	0.999446	0.999921	0.997632	NA	0.0	1.0809	0.942	435.7553	438.397	475.358	136.8177	9.5245	2.0099	742.4174	29.5028	438.7083	437.615	482.1172	140.7585	9.5959	2.0066	833.6148	40.2426	601.546	1.92	0.1056	33.5405	F	2504	
HG01284	scan	0.1.0+fae1124	36.778	150	432	450	0.0987	0.9712	1.2647	0.0607	0.0473		1.9994	25.0002	616.2144	1.9063	0.003	present	541.718	541.72	514.95	517.08	0.2073	572.07	0.0557	494.42	624.93	553.91	632.81	404.19	505.24	498.1	642.19	381.2	482.71	426.0	533.17	365.95	459.17	537.08	571.66	206.441	NA	206.44	201.5	0.0811	262.82	0.0281	184.39	235.25	184.98	238.04	9.647	9.65	9.71	9.71	0.1104	9.62	0.0581	15.699	2.3281	46.338	60.8252	11.2458	149.646	0.2321	3.1119	0.6115	0.8366	0.5981	544.88	0.00313	0.0322	0.23875	0.49516	0.00835	203.8	0.00671	0.0161	0.04382	0.01929	0.01481	9.54	0.00259	0.0712	0.35814	0.20239	-0.27895	16	-0.03417	0.09106	0.16406	-0.01847	-3e-05	-0.12781	0.0945	-0.06619	-0.02488	-0.04658	-0.02869	-0.00818	0.00478	-0.03	0.03853	0.15969	0.00784	-0.12763	-0.01166	-0.02538	0.07214	0.06959	0.08094	0.05713	0.00292	-0.02039	-0.01625	0.08899	0.12155	-0.0126	-0.02432	0.00303	196.16	742122716	753766330	1000	/scratch.global/lanej/1000G/ngs_dose/1000G_highcov/crams/HG01284.cram	9ab0a0e8,a23ef9ed,7f3b4c3c	184ab16e		14	0.997545	0.999075	0.999611	0.999945	2.029	1.845	0.145	604.112	29.361	scan	F	CLM	AMR	F	0.999695	0.999961	0.997719	NA	-0.12	1.1614	1.0166	563.083	556.8896	662.704	197.2191	9.5957	1.9986	646.386	43.3115	524.7349	522.8558	603.5331	205.7309	9.6845	2.0029	634.4828	33.6436	577.9131	1.8882	0.1196	32.1039	F	2504	
HG01286	scan	0.1.0+fae1124	41.14	150	446	450	0.1377	0.9803	1.1588	0.0645	0.0423		1.9963	163.3893	820.2003	0.9875	0.9833	present	397.529	397.53	378.69	381.78	0.1998	399.44	0.0656	363.35	397.31	397.27	430.77	288.82	316.11	350.04	391.89	279.41	308.49	303.18	342.88	253.82	275.14	395.94	410.38	219.464	NA	219.46	218.5	0.0826	252.92	0.0465	196.96	226.64	183.95	213.26	9.64	9.64	9.81	9.89	0.1474	9.75	0.0805	21.5386	11.6192	43.0197	65.5132	11.346	140.8546	0.2346	2.3467	0.6908	0.8325	0.513	397.04	0.00305	0.0314	0.2886	0.27686	0.23707	216.84	0.01176	0.0282	-0.01961	-0.0242	-0.00654	9.7	0.00282	0.0775	-2.03524	-0.2124	0.73787	16	0.06142	-0.01981	-0.02757	-0.09201	0.02597	0.08699	0.03297	-0.04127	-0.05293	0.0665	-0.04989	0.04362	-0.03974	0.12799	0.03582	-0.01141	-0.01052	0.01226	0.04493	0.03674	-0.02319	-0.11402	-0.07613	-0.00376	-0.06392	-0.00977	0.04845	-0.04858	0.00527	0.04499	-0.04259	0.01419	293.6	818376970	830370473	1000	/scratch.global/lanej/1000G/ngs_dose/1000G_highcov/crams/HG01286.cram	9ab0a0e8,a23ef9ed,7f3b4c3c	184ab16e		14	0.997836	0.998428	0.999646	0.999974	2.027	0.995	0.771	803.181	188.157	scan	M	PUR	AMR	M	0.9996	0.999986	0.997822	NA	0.04	1.085	1.0006	388.8813	389.0967	420.8035	219.1708	9.6722	1.9968	804.3577	111.6181	421.6648	420.9991	482.413	200.1723	9.5877	1.9957	758.6435	81.4716	749.8408	1.0222	0.789	34.2972	M	2504	
HG01302	scan	0.1.0+fae1124	36.938	150	424	400	0.071	0.9632	1.2439	0.0604	0.0481		1.9951	10.5856	763.0506	0.9986	0.9764	present	579.658	579.66	559.48	571.39	0.1824	623.88	0.0484	563.27	710.66	594.08	678.99	460.59	554.76	617.08	793.49	470.24	595.13	486.63	601.53	430.81	531.68	574.54	616.45	169.648	NA	169.65	168.45	0.0864	213.69	0.0222	160.07	199.63	148.35	188.14	9.783	9.78	9.91	9.98	0.1135	9.85	0.044	23.6211	10.6166	56.7071	77.7036	9.9333	148.0058	0.2558	3.5976	0.4415	0.797	0.5294	586.6	0.00247	0.0255	0.27715	0.10146	-0.38029	168.64	0.00364	0.0087	0.03085	0.00304	0.00482	9.78	0.00261	0.0717	0.50931	-0.27236	0.09371	16	0.13952	-0.0231	0.00225	0.02505	0.04747	0.14845	-0.03171	0.06862	-0.00539	-0.01226	0.00651	0.02312	-0.04107	-0.03819	0.00575	-0.08312	0.08815	-0.03056	-0.00291	-0.09805	0.12813	0.01303	-0.00164	0.03719	-0.16483	-0.02392	-0.05205	0.06515	0.01865	0.03695	-0.03276	-0.03643	205.41	737686600	750105361	1000	/scratch.global/lanej/1000G/ngs_dose/1000G_highcov/crams/HG01302.cram	9ab0a0e8,a23ef9ed,7f3b4c3c	184ab16e		14	0.997462	0.999081	0.999628	0.999898	2.093	0.975	0.872	745.032	12.695	scan	M	PUR	AMR	M	0.999698	0.9999	0.997547	NA	0.12	1.1575	1.0128	561.653	556.369	646.8917	171.8199	9.8037	1.9943	814.5779	9.0234	601.1425	596.2935	684.4819	153.703	9.8729	1.9963	803.4748	9.3669	697.2402	0.9944	0.8606	33.165	M	2504	
HG01303	scan	0.1.0+fae1124	34.141	150	434	450	0.0679	0.9878	1.1356	0.0643	0.0372	chr5,chr12	2.0665	65.0902	747.1811	1.9593	0.0031	present	347.773	347.77	335.74	343.53	0.2155	347.96	0.0375	334.38	362.39	361.38	383.14	262.34	285.25	336.02	368.06	248.53	271.14	279.55	309.67	227.95	246.92	347.24	353.28	220.087	NA	220.09	214.66	0.0971	247.88	0.0211	197.0	220.73	192.64	218.47	9.672	9.67	9.67	9.67	0.11	9.61	0.0391	24.2275	1.2587	42.0949	42.6189	11.8077	147.8283	0.2581	2.8377	0.8355	0.8235	0.2712	353.48	0.0044	0.0453	-0.45523	0.35645	0.00083	217.64	0.01226	0.0294	0.06367	-0.0202	-0.00412	9.49	0.00274	0.0752	0.82102	0.00563	0.16724	16	-0.20499	-1.13177	0.71737	0.13132	-0.20015	0.04963	-0.02677	-0.00023	-0.0902	-0.13617	-0.15006	-0.87639	-1.00491	-0.09364	-0.00039	0.00733	-0.14293	0.00474	-0.11553	0.01444	0.05674	-0.00451	-0.09509	-0.13896	0.19558	-0.03476	-0.01699	-0.00362	0.08014	-0.05078	0.06036	0.01251	290.93	704386226	713082317	1000	/scratch.global/lanej/1000G/ngs_dose/1000G_highcov/crams/HG01303.cram	9ab0a0e8,a23ef9ed,7f3b4c3c	184ab16e		14	0.99707	0.998637	0.999524	0.999953	2.011	1.902	0.121	726.444	73.052	scan	F	PUR	AMR	F	0.999583	0.999968	0.997208	NA	-0.17	1.0839	1.0223	396.6576	392.3216	453.9751	190.5645	9.6764	2.0142	651.0315	39.0946	460.5799	457.8411	522.9956	164.948	9.7182	1.9997	713.8469	71.495	671.6721	1.9052	0.0994	31.4081	F	2504	aneuploid: chr5,chr12; held-out autosomal 2.067
HG01305	scan	0.1.0+fae1124	37.426	150	415	400	0.0925	0.965	1.2913	0.0671	0.0409		2.0045	20.2948	756.6332	0.9923	0.9744	present	423.655	423.66	407.47	414.02	0.1814	456.56	0.0532	404.43	523.24	439.06	504.96	316.38	384.62	405.14	532.41	325.23	418.5	344.74	434.18	296.84	374.39	422.43	452.87	207.767	NA	207.77	204.81	0.0786	267.1	0.0298	197.69	254.58	183.74	236.91	11.002	11.0	11.01	11.02	0.1312	10.91	0.054	18.521	11.6481	59.0603	59.1381	9.0409	146.3118	0.2342	3.077	0.501	0.8735	0.5564	428.14	0.00257	0.0265	-0.22945	-0.12045	0.03106	205.47	0.00572	0.0137	0.02637	0.0249	-0.00413	10.87	0.00432	0.1186	1.81334	0.33114	2.1609	16	-0.02531	-0.20868	-0.00493	0.01718	0.11067	0.09329	-0.02527	-0.09912	0.04099	-0.00321	0.08033	-0.07706	0.07982	0.07396	-0.05654	-0.03799	-0.05298	0.03856	0.00384	-0.08726	-0.0154	-0.01811	-0.04599	-0.02743	-0.06336	0.08318	0.00412	0.03991	-0.08546	0.04116	0.02678	0.0526	338.78	744103364	753784386	1000	/scratch.global/lanej/1000G/ngs_dose/1000G_highcov/crams/HG01305.cram	9ab0a0e8,a23ef9ed,7f3b4c3c	184ab16e		14	0.997496	0.998863	0.999625	0.999893	2.043	0.977	0.789	740.996	24.512	scan	M	PUR	AMR	M	0.999648	0.999918	0.997546	NA	1.21	1.1794	1.0255	445.3571	441.5221	525.2398	204.7152	10.825	2.0024	656.7803	18.273	437.2505	433.5166	502.5819	210.8503	10.7446	2.0041	722.4104	18.4221	689.7639	0.9982	0.7932	32.7575	M	2504	DJ +1.21 copies
HG01308	scan	0.1.0+fae1124	36.828	150	429	450	0.0689	0.9883	1.1289	0.0626	0.061		2.003	98.4939	693.9534	0.986	0.975	present	675.317	675.32	647.99	645.42	0.2145	672.0	0.0462	620.96	649.14	690.31	735.32	504.42	534.29	628.12	675.31	488.36	520.14	542.17	596.3	457.45	472.93	672.2	689.23	204.771	NA	204.77	204.29	0.0867	229.65	0.0241	183.09	203.0	168.11	189.82	9.995	9.99	10.13	10.16	0.1265	10.08	0.0404	17.032	11.9978	43.2579	58.5476	8.97	131.6705	0.2205	2.6733	0.4609	0.7655	0.2576	679.64	0.00444	0.0458	-0.00094	0.64978	-0.18057	203.65	0.00817	0.0195	-0.03402	-0.05061	-0.00245	9.93	0.0028	0.0769	-0.26113	0.73434	-0.60148	16	0.42944	0.04162	0.07202	0.28702	0.12624	-0.02156	-0.07718	-0.12743	0.03918	0.01037	0.04383	-0.09009	0.09801	-0.09655	-0.0705	0.1304	-0.03259	-0.06131	0.0304	0.05617	-0.02008	-0.08587	0.0072	0.08756	-0.00834	0.04505	0.05901	-0.04551	0.09568	-0.07242	0.0271	-0.02557	260.62	733657346	743792099	1000	/scratch.global/lanej/1000G/ngs_dose/1000G_highcov/crams/HG01308.cram	9ab0a0e8,a23ef9ed,7f3b4c3c	184ab16e		14	0.997073	0.998451	0.999555	0.999653	2.042	0.982	0.707	674.095	108.032	scan	M	PUR	AMR	M	0.999645	0.999707	0.997299	NA	0.27	1.0819	1.0157	714.7637	703.9536	787.4558	198.1309	9.7461	2.0034	731.4182	108.535	648.1569	634.0123	752.3513	214.5215	9.7919	2.0041	785.1358	112.8057	630.4218	1.0018	0.7032	33.1582	M	2504	
HG01311	scan	0.1.0+fae1124	38.767	150	448	450	0.1019	0.9639	1.2361	0.0645	0.0425		1.9997	19.1545	672.4081	0.9798	0.9837	present	572.632	572.63	537.82	532.8	0.2003	592.74	0.0565	517.01	618.4	564.51	644.45	407.69	488.58	517.07	632.19	409.33	494.9	437.75	534.38	376.13	448.2	562.01	600.12	152.429	NA	152.43	150.6	0.076	190.16	0.0278	139.85	173.04	136.57	172.52	9.711	9.71	9.76	9.79	0.1119	9.7	0.0579	17.7604	14.1802	61.1965	68.2113	12.1061	141.1869	0.2467	3.2472	0.6563	0.8707	0.322	567.57	0.00359	0.0371	-0.08798	0.37183	0.02358	150.8	0.00382	0.0091	0.01454	0.02138	0.01294	9.58	0.00281	0.077	1.00042	0.11038	-0.33481	16	-0.07399	0.06198	0.03458	0.03109	0.15997	-0.03425	-0.07957	-0.07398	-0.03612	-0.08522	0.00156	-0.10168	0.03547	-0.03687	-0.04678	0.02606	-0.0182	-0.02875	0.03523	-0.03601	-0.00879	0.1305	-0.02436	-0.01238	0.0155	0.04445	0.09744	0.01663	-0.013	-0.0409	-0.082	0.0626	310.15	769169898	780801311	1000	/scratch.global/lanej/1000G/ngs_dose/1000G_highcov/crams/HG01311.cram	9ab0a0e8,a23ef9ed,7f3b4c3c	184ab16e		14	0.997721	0.998575	0.999611	0.999964	2.043	0.982	0.797	662.95	22.565	scan	M	PUR	AMR	M	0.999675	0.999961	0.99794	NA	-0.08	1.1355	0.9946	569.6672	574.5198	651.2502	152.5529	9.6104	2.0011	622.5014	30.3776	583.5687	583.7332	663.2324	162.8328	9.6216	1.9988	740.0932	45.5868	628.1113	1.0056	0.8028	33.7101	M	2504	
HG01312	scan	0.1.0+fae1124	37.609	150	445	450	0.1077	0.9702	1.2141	0.0627	0.0388		1.9951	13.2608	699.4358	1.9561	0.0022	present	444.58	444.58	421.28	416.09	0.189	455.6	0.0553	410.35	467.3	438.66	492.35	325.51	373.37	388.61	459.09	314.69	365.2	339.35	403.81	295.35	331.54	439.87	463.87	177.712	NA	177.71	173.74	0.0905	216.58	0.0305	164.31	197.98	152.62	188.22	9.647	9.65	9.73	9.75	0.1072	9.67	0.0643	18.3442	1.9106	53.7457	54.8115	10.7355	130.2502	0.253	3.0714	0.6204	0.8863	0.1934	443.94	0.00314	0.0323	0.1081	0.13072	0.39761	176.38	0.01047	0.0251	0.03826	-0.02168	-0.00821	9.57	0.0027	0.074	0.65576	-0.06102	-0.11664	16	-0.29762	0.05093	0.11661	0.01297	-0.01574	-0.06515	-0.00225	0.03049	-0.04378	-0.12513	0.09432	-0.04494	0.00027	-0.12897	0.03073	-0.02202	0.01044	-0.05642	-0.11634	-0.05148	0.12624	-0.03424	-0.00708	0.05479	-0.11636	0.02063	-0.01666	-0.03441	0.03082	0.04703	0.02828	0.07469	303.87	754651354	765023122	1000	/scratch.global/lanej/1000G/ngs_dose/1000G_highcov/crams/HG01312.cram	9ab0a0e8,a23ef9ed,7f3b4c3c	184ab16e		14	0.997753	0.997961	0.999587	0.999803	2.019	1.884	0.135	685.658	14.912	scan	F	PUR	AMR	F	0.999712	0.999865	0.997927	NA	-0.09	1.109	0.9881	445.7094	448.9219	493.8942	177.0606	9.7707	1.9934	723.9185	28.6049	426.5464	425.9241	480.5654	182.619	9.7275	1.9917	723.9295	39.3673	649.6837	1.9434	0.114	32.2955	F	2504	
HG01323	scan	0.1.0+fae1124	37.722	150	428	450	0.0759	0.9698	1.2334	0.0638	0.0484		1.9854	46.9898	559.1843	1.9108	0.0027	present	511.943	511.94	499.46	503.38	0.1738	551.16	0.0477	482.45	612.49	532.97	597.78	409.99	515.69	506.54	653.2	405.69	516.01	429.97	530.38	387.19	488.81	516.24	545.46	123.044	NA	123.04	121.63	0.0792	153.47	0.0252	108.6	134.88	107.27	135.69	10.317	10.32	10.27	10.2	0.1246	10.19	0.0452	20.0549	1.7443	48.66	49.9179	11.4008	144.7141	0.2398	3.0865	0.5884	0.9338	0.8009	521.63	0.00222	0.0229	0.04049	-0.13053	-0.22153	122.69	0.00158	0.0038	-0.01494	-0.00554	-0.02359	10.04	0.00321	0.0881	2.15811	-0.31636	0.59604	16	0.14001	-0.00188	0.00393	-0.00963	-0.08945	-0.01253	0.04764	-0.07832	-0.01666	-0.02262	-0.05088	0.0063	-0.02636	0.11659	0.05072	-0.06279	0.02409	-0.09459	0.17421	0.06197	0.01623	0.0207	0.03033	-0.05121	0.02706	0.08328	0.03632	-0.00424	-0.02645	0.03622	0.01315	0.04222	369.67	759446836	769355624	1000	/scratch.global/lanej/1000G/ngs_dose/1000G_highcov/crams/HG01323.cram	9ab0a0e8,a23ef9ed,7f3b4c3c	184ab16e		14	0.997716	0.999031	0.999605	0.999723	2.021	1.867	0.123	546.281	52.456	scan	F	PUR	AMR	F	0.999734	0.99974	0.997577	NA	0.38	1.146	1.0217	530.4844	521.2272	603.2033	124.6236	10.0157	1.9878	561.5718	32.484	487.0692	479.561	559.3725	131.6652	10.0456	1.9881	589.4482	46.4242	518.9481	1.918	0.1036	33.5674	F	2504	
HG01325	scan	0.1.0+fae1124	38.016	150	435	450	0.0986	0.958	1.2791	0.0692	0.0505		1.9973	162.7493	882.3167	0.9956	0.9775	present	465.844	465.84	435.69	439.39	0.2217	485.95	0.0544	422.06	500.85	454.87	533.35	336.5	402.62	414.96	508.42	332.15	401.24	351.9	437.88	300.65	353.22	455.21	492.74	130.714	NA	130.71	126.44	0.0952	166.9	0.0225	114.19	144.26	113.54	146.61	9.722	9.72	9.89	9.94	0.1232	9.82	0.0548	13.7788	9.4399	42.7879	71.146	8.9527	124.6139	0.2139	2.9017	0.693	0.7872	0.3951	458.08	0.00407	0.0419	0.26512	0.63338	0.01013	128.49	0.01628	0.039	0.07047	-0.00633	0.00591	9.78	0.00279	0.0765	-0.8144	-0.00756	-0.33264	16	0.11689	-0.07879	-0.09762	-0.05335	0.06188	0.00016	0.02621	-0.04131	0.12253	0.1461	0.04828	-0.06477	-0.05242	-0.02884	-0.09593	-0.04192	0.03377	-0.09672	-0.03185	-0.02004	0.0355	-0.00366	0.04635	0.00642	0.01105	0.00847	-0.04895	0.02342	0.01632	-0.03434	0.02082	0.08082	273.37	755725284	766866825	1000	/scratch.global/lanej/1000G/ngs_dose/1000G_highcov/crams/HG01325.cram	9ab0a0e8,a23ef9ed,7f3b4c3c	184ab16e		14	0.997585	0.999055	0.999494	0.999852	2.015	0.974	0.766	878.176	199.834	scan	M	PUR	AMR	M	0.999626	0.999847	0.997634	NA	0.12	1.1643	0.993	449.0727	456.8505	515.9623	127.8706	9.6566	1.9985	780.516	130.1997	453.0049	453.514	518.7368	137.0953	9.5758	1.9968	763.0782	121.8291	817.4281	0.9982	0.7724	33.0402	M	2504	
HG01326	scan	0.1.0+fae1124	37.83	150	436	450	0.0992	0.9746	1.185	0.0749	0.0408		1.9963	77.2062	558.4411	1.9553	0.0031	present	515.752	515.75	496.87	495.2	0.1955	527.06	0.0551	497.79	526.98	517.64	571.75	390.92	420.0	495.78	545.02	376.88	408.06	409.66	466.09	352.48	366.24	514.19	538.95	161.017	NA	161.02	157.06	0.0922	187.49	0.0271	141.81	163.52	141.3	165.3	9.598	9.6	9.75	9.79	0.1166	9.71	0.059	12.5491	1.976	52.7303	54.8288	10.6653	139.5873	0.243	3.675	0.6402	0.8965	0.5906	519.47	0.00251	0.0258	0.0617	0.30006	0.0234	158.1	0.00736	0.0176	0.07036	0.01405	-0.01212	9.6	0.00267	0.0732	-0.37354	-0.11231	0.32411	16	-0.23157	0.02476	0.04866	-0.02987	0.0083	0.05512	-0.00233	0.12251	0.02571	0.0546	-0.05436	0.08647	-0.12365	-0.00131	-0.02979	-0.00183	-0.00144	-0.0827	0.10708	0.09051	0.09514	0.04514	0.01255	0.03289	-0.03832	0.10623	-0.04875	0.06441	0.03839	-0.0054	-0.01786	0.0272	224.98	764429260	775871219	1000	/scratch.global/lanej/1000G/ngs_dose/1000G_highcov/crams/HG01326.cram	9ab0a0e8,a23ef9ed,7f3b4c3c	184ab16e		14	0.997581	0.998644	0.999565	0.999962	1.998	1.907	0.141	548.653	89.12	scan	F	PUR	AMR	F	0.999696	0.999957	0.997499	NA	-0.06	1.1006	0.9965	484.8633	481.3669	534.6783	155.717	9.6803	1.9926	554.452	60.0973	534.351	525.8482	613.9323	155.9672	9.6786	1.9942	562.3069	112.7642	523.2437	1.9564	0.1166	32.9292	F	2504	
HG01334	scan	0.1.0+fae1124	37.981	150	422	400	0.1105	0.9649	1.2512	0.0552	0.0349		2.0045	15.0678	714.5266	0.9992	0.9763	present	388.951	388.95	374.64	379.8	0.1936	416.12	0.0607	362.09	454.82	401.51	457.85	278.45	337.23	365.89	467.65	295.42	370.2	311.89	386.81	271.76	338.67	391.14	417.41	155.01	NA	155.01	154.76	0.0832	196.09	0.0349	136.7	172.35	135.88	172.82	9.701	9.7	9.77	9.74	0.1106	9.68	0.0619	20.7529	10.2039	44.5099	62.1734	11.1335	141.4593	0.2536	2.6222	0.7693	0.8602	0.2803	393.42	0.00244	0.0252	0.05288	-0.01727	0.28377	152.99	0.00972	0.0233	0.02343	0.01767	-0.02623	9.6	0.00278	0.0763	0.1115	0.27328	-0.16263	16	-0.24341	-0.11597	-0.04732	-0.02108	0.14962	0.04176	-0.0165	-0.04936	-0.01565	-0.00811	0.07498	0.02812	0.04494	-0.06268	-0.05188	-0.01894	-0.05791	0.03702	-0.00789	-0.02558	0.01337	-0.00859	-0.02195	0.08756	-0.01539	-0.00712	0.00456	-0.02197	-0.05681	-0.02541	-0.06297	-0.01871	201.94	753725560	765387461	1000	/scratch.global/lanej/1000G/ngs_dose/1000G_highcov/crams/HG01334.cram	9ab0a0e8,a23ef9ed,7f3b4c3c	184ab16e		14	0.997665	0.998598	0.999553	0.999892	1.978	0.988	0.741	709.037	17.283	scan	M	GBR	EUR	M	0.999488	0.99989	0.997732	NA	-0.06	1.1638	1.0206	390.0541	385.8149	455.8211	154.5326	9.6117	2.0027	657.6176	21.5063	390.5439	387.2483	448.2858	153.6857	9.638	2.0015	632.2465	26.7643	668.9091	1.0102	0.747	32.6673	M	2504	
HG01341	scan	0.1.0+fae1124	37.86	150	447	450	0.1026	0.9721	1.2066	0.0601	0.0439		1.9997	116.3191	732.9367	0.9993	0.9764	present	462.258	462.26	438.48	439.35	0.1839	473.04	0.054	428.24	482.17	448.61	504.07	327.66	373.4	411.68	475.18	329.22	377.16	352.16	414.69	294.34	329.24	458.54	483.61	176.428	NA	176.43	173.16	0.0878	212.45	0.0307	160.42	190.81	155.42	188.91	9.681	9.68	9.79	9.76	0.1123	9.73	0.0591	20.8043	9.9199	51.0874	62.3428	10.8426	143.6778	0.2333	3.2729	0.464	0.838	0.4709	460.54	0.002	0.0207	-0.12193	-0.07991	0.43436	174.06	0.00534	0.0128	0.04498	0.00463	0.00787	9.61	0.00245	0.0671	0.43565	-0.32671	-0.0988	16	-0.05352	-0.04526	-0.00195	0.01737	0.08956	0.12709	-0.08814	-0.0175	-0.04256	-0.00569	-0.00884	-0.05006	-0.02272	0.02788	-0.03874	-0.01012	-0.03949	0.1213	-0.01922	-0.02632	0.05023	0.04603	0.03073	0.02089	-0.01903	-0.02092	0.00313	0.11192	-0.05621	-0.01471	0.01077	0.03034	380.29	752988476	763952689	1000	/scratch.global/lanej/1000G/ngs_dose/1000G_highcov/crams/HG01341.cram	9ab0a0e8,a23ef9ed,7f3b4c3c	184ab16e		14	0.997592	0.998572	0.999611	0.999834	2.027	0.986	0.755	723.574	134.657	scan	M	CLM	AMR	M	0.999712	0.999847	0.997624	NA	-0.05	1.0945	0.9741	455.1377	457.0059	502.0542	175.0056	9.6345	1.9978	699.0962	105.3969	464.4788	463.2257	526.3731	195.0048	9.6032	1.9978	748.5206	95.5167	679.9463	1.01	0.7602	32.8899	M	2504	
HG01342	scan	0.1.0+fae1124	35.386	150	430	450	0.1006	0.9599	1.2748	0.0634	0.0398		1.9893	57.3213	530.5291	1.9433	0.0028	present	317.067	317.07	299.14	300.36	0.1941	340.01	0.0505	287.76	377.65	311.47	366.78	240.29	313.04	277.68	368.68	233.02	306.24	246.94	316.73	206.56	270.56	312.42	338.85	183.351	NA	183.35	183.17	0.0778	238.13	0.0306	165.77	214.83	161.9	212.66	9.695	9.69	9.8	9.83	0.1217	9.71	0.0603	22.7989	1.6248	40.1647	57.0822	10.927	153.5078	0.2578	2.654	0.6414	0.9241	0.376	313.45	0.00317	0.0327	0.04525	0.00617	-0.1008	180.99	0.00738	0.0177	0.01808	0.03324	-0.01711	9.65	0.00295	0.0808	-0.07614	0.21346	-0.04749	16	-0.24561	-0.00454	0.14643	0.00687	0.03878	-0.07558	-0.09001	-0.02741	-0.06671	0.07217	-0.04674	0.11885	-0.06143	-0.05123	0.04374	0.04388	-0.01774	-0.04234	0.10826	0.05443	0.0458	0.00383	0.06457	-0.01133	-0.03805	0.06758	-0.1089	0.07817	0.02259	-0.00277	-0.03113	0.03698	204.65	716072646	727037674	1000	/scratch.global/lanej/1000G/ngs_dose/1000G_highcov/crams/HG01342.cram	9ab0a0e8,a23ef9ed,7f3b4c3c	184ab16e		14	0.997582	0.998424	0.999319	0.999873	2.018	1.899	0.15	515.989	67.338	scan	F	CLM	AMR	F	0.999502	0.999902	0.997834	NA	-0.01	1.1701	0.9937	294.5719	297.3482	346.2301	184.0572	9.7187	1.9867	540.8272	64.8546	318.7818	319.9645	364.2683	180.1211	9.7131	1.9885	595.8509	61.8405	495.7846	1.942	0.126	30.8023	F	2504	
HG01343	scan	0.1.0+fae1124	37.543	150	448	450	0.0734	0.9638	1.264	0.0623	0.0381		2.0094	61.3995	706.866	1.9517	0.0017	present	370.362	370.36	353.96	355.2	0.1907	399.2	0.0424	351.1	473.89	380.15	438.29	285.35	378.28	349.37	479.5	274.26	369.17	298.27	384.3	259.16	347.73	366.81	391.41	236.282	NA	236.28	230.67	0.0853	307.71	0.0265	207.49	270.89	206.1	272.36	9.63	9.63	9.73	9.73	0.1192	9.63	0.0441	18.6585	1.4192	45.6937	52.7981	9.7148	145.558	0.261	3.0225	0.6701	0.8301	0.5483	372.71	0.00252	0.026	-0.05797	0.21489	0.01255	233.13	0.01286	0.0308	0.01888	-0.01112	0.00384	9.58	0.00269	0.0737	-0.08785	-0.33996	0.23385	16	-0.18864	-0.03487	-0.061	-0.04005	0.00122	0.07371	-0.00795	0.15118	-0.0032	0.03468	0.05409	-0.05716	0.01834	0.03102	0.08135	0.05621	0.01878	-0.0305	0.07418	-0.08478	-0.007	0.05358	0.02664	0.01149	-0.01227	-0.05739	0.0164	0.02483	-0.03945	0.08349	0.00911	0.00409	268.58	755572224	765757626	1000	/scratch.global/lanej/1000G/ngs_dose/1000G_highcov/crams/HG01343.cram	9ab0a0e8,a23ef9ed,7f3b4c3c	184ab16e		14	0.99784	0.998974	0.999624	0.999954	1.998	1.892	0.134	699.048	77.473	scan	F	CLM	AMR	F	0.999762	0.999962	0.998027	NA	-0.08	1.176	1.02	365.1178	364.0806	430.9326	226.9977	9.6226	2.0054	763.6256	57.5329	364.3197	365.1028	417.7148	225.3481	9.6525	2.0077	757.7356	38.33	661.0554	1.9468	0.112	33.563	F	698	
HG01344	scan	0.1.0+fae1124	38.76	150	430	450	0.0846	0.965	1.239	0.0722	0.0447		2.0013	60.1633	1411.1545	0.9951	0.9901	present	513.925	513.93	501.97	506.77	0.1954	550.02	0.0508	456.02	541.26	499.82	563.01	381.79	454.19	459.64	553.31	376.1	449.64	400.43	480.97	348.93	411.98	530.73	564.8	89.79	NA	89.79	88.97	0.0894	109.53	0.0233	84.46	102.48	79.54	97.76	9.711	9.71	9.95	9.95	0.1317	9.89	0.0506	19.4389	12.5631	59.8674	79.8815	11.0836	140.2313	0.255	3.0898	0.5623	0.8514	0.4704	506.06	0.00367	0.0378	0.84998	-0.05736	0.44263	89.74	0.00524	0.0125	0.03925	-0.00803	-0.01296	9.79	0.00269	0.0738	-1.51368	0.36625	0.29833	16	0.11529	-0.11007	-0.10307	-0.17689	0.09802	0.04511	-0.09517	-0.04516	-0.04636	0.00974	-0.04329	0.09476	-0.04271	0.12059	0.00514	0.05105	0.02329	0.04059	0.06379	0.0376	-0.02935	-0.1007	-0.01501	0.08727	0.07719	0.01671	0.06027	0.00705	-0.00064	-0.00372	-0.01127	0.01252	370.32	779278122	792976280	1000	/scratch.global/lanej/1000G/ngs_dose/1000G_highcov/crams/HG01344.cram	9ab0a0e8,a23ef9ed,7f3b4c3c	184ab16e		14	0.997776	0.99851	0.999274	0.999779	2.07	0.994	0.809	1388.386	71.529	scan	M	CLM	AMR	M	0.999566	0.9998	0.997735	NA	0.13	1.1125	0.9877	480.4261	485.298	540.3939	91.2754	9.654	2.0057	1375.3526	51.9003	469.1014	476.5433	527.0154	90.5967	9.5564	2.0075	1139.4851	39.336	1224.2561	1.0106	0.7986	34.5142	M	2504	
HG01345	scan	0.1.0+fae1124	36.801	150	422	400	0.096	0.9638	1.2666	0.0553	0.0433		1.996	33.5987	854.9073	1.9329	0.0032	present	368.899	368.9	351.97	354.59	0.2024	393.69	0.0505	353.97	453.99	381.11	436.89	274.59	331.85	334.83	437.27	282.94	362.3	299.8	374.54	259.25	323.85	363.8	390.25	198.647	NA	198.65	196.65	0.0846	253.32	0.0329	177.84	225.97	166.07	212.82	9.736	9.74	9.89	9.92	0.1178	9.81	0.0566	17.1006	1.2908	52.734	56.6456	14.4892	135.1067	0.2472	2.5543	0.7939	0.8672	0.4658	372.98	0.00241	0.0248	-0.30924	0.41752	-0.2404	196.65	0.01068	0.0256	-0.00642	-0.01763	-0.02226	9.74	0.00259	0.0712	-0.62891	0.37228	-0.22692	16	-0.02787	0.01662	-0.06732	0.112	-0.0709	0.06479	0.01786	0.05614	-0.02729	-0.02396	0.00293	0.07447	-0.00803	0.04649	-0.03604	0.00438	-0.00777	0.04206	-0.06503	-0.04343	-0.05381	0.02479	-0.06476	0.06625	0.05323	-0.00554	-0.10504	0.04053	0.05562	0.06055	0.07264	-0.0105	359.97	741860606	752680381	1000	/scratch.global/lanej/1000G/ngs_dose/1000G_highcov/crams/HG01345.cram	9ab0a0e8,a23ef9ed,7f3b4c3c	184ab16e		14	0.997596	0.998446	0.999611	0.999885	2.006	1.88	0.143	847.496	41.394	scan	F	CLM	AMR	F	0.999705	0.999945	0.997638	NA	0.08	1.1713	1.0218	374.2308	369.2195	444.0042	191.7424	9.7086	1.9946	900.0531	23.4014	389.2761	383.8964	450.9797	196.3925	9.7514	1.9968	868.0906	30.0197	784.4578	1.93	0.1196	32.0846	F	2504	
HG01346	scan	0.1.0+fae1124	37.906	150	447	450	0.0796	0.9675	1.2618	0.0553	0.0457		2.0021	17.6294	770.553	1.9351	0.0013	present	456.121	456.12	435.8	438.94	0.1872	487.34	0.0484	435.2	565.55	454.57	521.17	363.07	465.16	423.79	560.7	346.33	449.93	363.4	459.88	318.28	411.1	451.63	481.5	137.425	NA	137.43	135.03	0.085	176.37	0.0271	123.39	158.6	113.78	147.94	9.74	9.74	9.9	9.94	0.1274	9.81	0.0449	16.127	1.863	51.3968	57.7078	12.6115	131.3653	0.2473	2.8211	0.7023	0.8242	0.466	461.38	0.00345	0.0356	-0.37696	0.18519	-0.00881	136.39	0.01573	0.0376	-0.04552	-0.049	0.02848	9.78	0.00293	0.0804	-1.33158	0.06512	-0.60849	16	-0.14628	0.00702	-0.05661	0.32331	0.1054	-0.10898	-0.18826	-0.00036	0.00469	0.00983	0.06441	-0.15408	-0.08068	-0.04561	-0.00858	-0.02038	0.03322	0.01191	0.01955	-0.09244	-0.11121	0.02936	-0.00264	0.03396	-0.02661	0.03878	-0.00016	-0.02379	0.00122	0.00527	-0.04647	0.01161	320.62	762966046	773965522	1000	/scratch.global/lanej/1000G/ngs_dose/1000G_highcov/crams/HG01346.cram	9ab0a0e8,a23ef9ed,7f3b4c3c	184ab16e		14	0.997883	0.998815	0.999638	0.99998	2.001	1.883	0.141	748.637	20.906	scan	F	CLM	AMR	F	0.99968	0.999978	0.998049	NA	0.12	1.1296	0.9852	455.7613	451.0744	518.5817	136.1371	9.6432	1.9976	756.3285	12.3413	462.6461	458.7983	512.8087	135.1098	9.6967	1.998	743.525	15.3398	703.6858	1.9346	0.1174	33.7122	F	698	
HG01347	scan	0.1.0+fae1124	36.951	150	437	450	0.0864	0.9653	1.2524	0.0607	0.0467		1.9907	15.3533	590.7273	0.9937	0.9728	present	721.199	721.2	700.46	714.2	0.1845	785.35	0.0634	715.17	941.01	746.51	854.28	608.48	793.45	755.08	1002.58	594.49	782.06	622.93	786.67	542.16	712.14	714.09	762.24	141.634	NA	141.63	143.14	0.0659	180.39	0.026	133.35	169.04	120.57	155.74	9.704	9.7	9.79	9.8	0.1112	9.71	0.0497	19.6222	9.3726	41.3896	73.5642	10.4279	146.5414	0.2396	2.6154	0.4519	0.8355	0.4094	734.18	0.00434	0.0448	-0.03675	-0.15481	-0.40612	141.26	0.00745	0.0178	-0.05356	0.01791	0.0185	9.6	0.00271	0.0742	0.95066	0.0168	-0.31736	16	-0.00875	0.11119	0.16786	-0.04651	0.08172	-0.12817	-0.01066	0.00831	0.04668	0.10298	0.03768	-0.00521	0.02414	-0.0381	0.08915	-0.04523	-0.03125	-0.02108	-0.0384	-0.14347	0.05544	-0.0219	0.00559	-0.00843	0.03552	-0.04144	-0.09443	0.07015	-0.11972	-0.01975	-0.07587	0.00854	230.51	735581112	747326530	1000	/scratch.global/lanej/1000G/ngs_dose/1000G_highcov/crams/HG01347.cram	9ab0a0e8,a23ef9ed,7f3b4c3c	184ab16e		14	0.997386	0.998805	0.99953	0.99992	2.009	0.98	0.775	581.404	17.984	scan	M	CLM	AMR	M	0.999376	0.999936	0.997424	NA	-0.06	1.1636	1.0168	688.4438	680.4677	776.7117	145.8103	9.6824	1.9931	581.75	18.505	677.5475	669.4183	774.8235	137.3782	9.734	1.994	643.9003	23.693	556.243	1.001	0.7746	32.7102	M	698	
HG01348	scan	0.1.0+fae1124	40.304	150	446	450	0.1191	0.9752	1.2021	0.0689	0.0391		2.0084	31.6958	622.1631	1.8901	0.0033	present	656.192	656.19	625.5	626.33	0.2197	665.83	0.0667	613.05	678.67	651.58	717.02	474.26	527.82	576.83	654.08	478.16	535.7	509.02	586.6	425.08	464.96	651.56	679.86	170.759	NA	170.76	164.9	0.0858	200.47	0.0401	141.75	165.84	142.69	168.22	9.819	9.82	9.94	9.94	0.1093	9.88	0.0702	14.3139	1.4627	53.5846	58.7498	9.0717	144.0972	0.243	2.087	0.6006	0.8836	0.3593	659.2	0.00351	0.0362	-0.07294	0.48344	0.11351	169.32	0.0174	0.0417	-0.04655	-0.01666	-0.05681	9.77	0.00256	0.0701	0.08616	0.31079	-0.59882	16	-0.11067	-0.14003	-0.18477	0.09154	0.01072	-0.01013	-0.12556	-0.03806	-0.0958	-0.03703	-0.03843	0.0711	0.03379	-0.04671	-0.03403	0.01795	-0.12975	-0.00249	0.02051	-0.0466	0.02249	0.0496	0.08333	0.04959	0.06309	0.01244	0.12472	0.07269	0.06881	-0.02625	-0.04491	0.00749	414.54	815553280	827238739	1000	/scratch.global/lanej/1000G/ngs_dose/1000G_highcov/crams/HG01348.cram	9ab0a0e8,a23ef9ed,7f3b4c3c	184ab16e		14	0.997664	0.998701	0.999621	0.999934	2.07	1.842	0.137	617.571	35.717	scan	F	CLM	AMR	F	0.999578	0.999936	0.997556	NA	0.11	1.0877	0.9884	650.3817	643.9235	724.4151	171.8378	9.6456	2.0078	647.9658	30.734	640.6333	634.5142	729.8466	170.9075	9.6104	2.0075	612.8123	37.3214	585.9194	1.8808	0.1154	34.5161	F	2504	
HG01349	scan	0.1.0+fae1124	37.38	150	443	450	0.089	0.9696	1.2198	0.0573	0.044		2.0011	32.0208	641.6784	1.8397	0.0018	present	765.066	765.07	746.29	757.27	0.1815	832.23	0.066	773.41	1003.31	768.96	873.77	644.88	830.67	801.69	1055.44	638.89	831.42	652.7	812.81	589.89	761.22	762.08	811.6	126.159	NA	126.16	127.78	0.083	158.09	0.0306	116.42	144.78	101.37	128.95	9.902	9.9	9.97	9.99	0.1168	9.9	0.0528	13.3961	1.0636	39.7638	61.0195	10.227	147.7003	0.2491	2.5021	0.5372	0.8858	0.4172	783.79	0.00392	0.0404	-0.13587	-0.16376	-0.2819	125.91	0.02177	0.0521	-0.12899	-0.04381	0.00478	9.75	0.00275	0.0755	1.58322	0.12886	-0.40195	16	-0.04305	-0.01486	-0.0429	0.09577	0.02191	0.08401	-0.11637	0.12253	0.02109	-0.02858	-0.01684	0.01816	0.06737	-0.09616	0.03285	-0.08989	0.02804	0.08476	-0.02658	-0.04961	-0.07329	0.00654	0.12069	0.01447	0.03734	-0.0038	0.02156	-0.05093	-0.02819	0.02115	-0.04802	0.04905	306.7	754749084	766244065	1000	/scratch.global/lanej/1000G/ngs_dose/1000G_highcov/crams/HG01349.cram	9ab0a0e8,a23ef9ed,7f3b4c3c	184ab16e		14	0.997645	0.998971	0.999607	0.999842	2.02	1.777	0.144	642.59	39.414	scan	F	CLM	AMR	F	0.999399	0.999881	0.997576	NA	0.09	1.1148	0.9811	742.5602	728.1484	822.6579	129.8573	9.805	2.0006	710.2243	29.6245	700.9154	690.1712	789.2891	129.8336	9.6404	2.0013	683.6969	36.4071	609.965	1.8136	0.1202	33.0956	F	698	chrX 1.84 (mosaic X loss?)
HG01350	scan	0.1.0+fae1124	37.086	150	424	400	0.1003	0.9572	1.2724	0.055	0.0584		1.9857	243.8398	582.239	0.9786	0.9753	present	397.911	397.91	377.84	378.74	0.1905	422.92	0.053	367.17	461.54	392.04	453.56	284.19	338.12	358.86	460.6	298.38	374.24	311.93	388.68	281.13	346.03	394.98	425.81	57.785	NA	57.79	57.81	0.0815	73.69	0.0242	48.78	62.13	51.84	66.37	10.081	10.08	10.22	10.22	0.1175	10.14	0.0603	17.3461	10.4291	56.2731	62.1527	10.3171	135.7485	0.2642	3.1102	0.5498	0.8331	0.4641	399.52	0.00258	0.0266	0.01713	0.28932	0.11165	57.4	0.01259	0.0301	0.0327	0.013	0.03761	10.04	0.00267	0.0731	0.5095	0.64971	-0.35375	16	0.46631	-0.07824	0.01742	0.06365	0.0413	0.1657	-0.06674	-0.06557	0.02299	0.02385	-0.04903	0.03416	-0.16547	-0.01969	-0.02176	-0.02215	-0.03811	-0.05491	0.04652	-0.05835	-0.09814	-0.08093	-0.09578	0.05473	-0.02419	0.00115	-0.07828	0.00745	-0.05444	0.13383	-0.09959	-0.08908	286.07	742566394	753412897	1000	/scratch.global/lanej/1000G/ngs_dose/1000G_highcov/crams/HG01350.cram	9ab0a0e8,a23ef9ed,7f3b4c3c	184ab16e		14	0.997533	0.998776	0.999518	0.999804	2.06	0.974	0.73	550.879	298.591	scan	M	CLM	AMR	M	0.999706	0.99981	0.997718	NA	0.38	1.1353	0.9813	390.0425	386.3346	446.2833	58.1024	9.8938	1.9857	633.1519	151.5247	409.5994	407.1463	457.2418	61.1456	9.744	1.9878	668.7945	172.1364	527.3894	0.9932	0.7358	32.317	M	2504	
HG01351	scan	0.1.0+fae1124	35.088	150	440	450	0.0581	0.9867	1.1505	0.062	0.0454		2.0017	78.992	676.1516	1.9483	0.0029	present	423.462	423.46	404.08	407.76	0.2092	423.12	0.0367	404.22	444.25	436.31	466.46	316.71	350.29	402.0	448.19	303.64	337.19	335.75	378.58	280.18	308.02	417.67	428.56	188.03	NA	188.03	185.09	0.1064	216.41	0.0196	181.61	206.91	161.78	188.17	9.671	9.67	9.72	9.72	0.1157	9.66	0.0346	21.5011	2.0505	53.9689	55.3052	10.2321	150.521	0.2409	3.3995	0.5556	0.8131	0.2919	422.68	0.00458	0.0473	-0.15312	0.42741	-0.05153	186.34	0.02565	0.0614	0.08192	-0.04784	0.00188	9.57	0.00267	0.0733	0.22091	0.03313	-0.35282	16	-0.04112	0.0117	-0.03792	0.13223	-0.07976	0.04362	0.18828	0.01591	-0.02244	-0.0366	0.14246	-0.02681	0.0875	0.00661	-0.02815	-0.00427	0.05116	0.03148	-0.0542	0.06192	-0.08461	-0.0018	0.11493	-0.01451	0.05371	0.08932	0.00082	0.03732	-0.00658	0.02363	-0.01617	0.04201	289.28	712446454	722550761	1000	/scratch.global/lanej/1000G/ngs_dose/1000G_highcov/crams/HG01351.cram	9ab0a0e8,a23ef9ed,7f3b4c3c	184ab16e		14	0.997159	0.998717	0.999611	0.999947	2.04	1.905	0.133	658.616	88.785	scan	F	CLM	AMR	F	0.999733	1.0	0.997312	NA	-0.09	1.1036	1.0322	456.3121	457.8729	505.6488	177.6269	9.5915	1.9982	695.5719	82.4489	460.5617	458.6287	533.945	202.1185	9.6329	1.9985	738.7295	76.6938	617.9921	1.9454	0.108	32.0228	F	2504	
HG01352	scan	0.1.0+fae1124	36.225	150	445	450	0.0587	0.9762	1.2127	0.0509	0.0448		2.0017	94.5549	565.727	1.9302	0.002	present	355.583	355.58	339.54	342.94	0.2303	366.18	0.0382	336.61	385.93	351.72	391.44	249.43	289.54	311.79	371.52	247.82	290.78	271.27	323.42	231.94	261.87	355.16	372.59	123.102	NA	123.1	123.64	0.0918	150.21	0.018	106.2	127.04	101.06	125.26	9.78	9.78	9.85	9.87	0.1178	9.78	0.0356	21.0317	1.5945	51.4409	57.7656	9.052	148.5821	0.2462	3.1698	0.5666	0.8112	0.4711	356.53	0.0067	0.069	-0.01558	0.74786	0.09276	122.59	0.01295	0.031	0.00245	-0.0446	0.01208	9.66	0.00264	0.0725	0.86133	0.2804	0.0061	16	-0.04177	-0.03053	0.01561	-0.00442	-0.06415	0.03656	0.02263	0.0098	-0.0049	-0.04785	0.01595	-0.05951	0.01292	-0.0701	-0.03903	0.04661	-0.01687	-0.03268	0.02954	0.05423	0.03543	0.08807	-0.06287	0.04788	-0.0513	-0.05126	0.04116	-0.07793	0.02396	-0.02793	0.07604	0.0065	399.1	733363112	743845245	1000	/scratch.global/lanej/1000G/ngs_dose/1000G_highcov/crams/HG01352.cram	9ab0a0e8,a23ef9ed,7f3b4c3c	184ab16e		14	0.997416	0.9987	0.999496	0.999852	2.03	1.87	0.137	559.336	106.926	scan	F	CLM	AMR	F	0.999632	0.999894	0.997546	NA	0.0	1.0979	0.9865	366.8877	365.6998	407.421	119.605	9.7316	2.0	583.6251	131.1811	375.672	372.3613	424.0357	132.8019	9.7262	1.9982	622.0488	111.0895	532.296	1.915	0.1102	33.0114	F	698	
HG01353	scan	0.1.0+fae1124	51.492	150	429	450	0.0756	0.9667	1.2543	0.0632	0.0369		1.985	14.2284	639.1333	0.9914	0.9801	present	459.64	459.64	449.78	450.92	0.1482	497.31	0.0519	452.3	578.19	478.04	537.94	386.29	486.89	474.03	612.75	368.7	469.84	389.88	483.35	350.1	445.52	461.44	487.9	282.812	NA	282.81	282.46	0.0766	354.54	0.031	255.29	320.9	236.06	299.18	9.726	9.73	9.78	9.78	0.1096	9.7	0.044	17.7457	8.9261	38.4188	76.6672	9.7002	141.4083	0.2581	3.6001	0.6808	0.7995	0.2618	471.25	0.0041	0.0423	0.02544	-0.51064	-0.04001	281.35	0.00403	0.0097	-0.05282	-0.01642	-0.00149	9.6	0.00231	0.0632	0.20094	0.68142	0.13649	16	-0.06358	-0.10691	-0.09859	-0.10503	0.10312	0.04163	-0.06508	-0.1255	-0.06279	-0.09087	-0.05189	0.01476	-0.01164	-0.07411	0.04907	-0.02187	-0.02733	-0.01745	-0.04669	-0.02054	0.01562	-0.04498	0.01568	-0.02637	0.03002	0.07075	0.00918	0.02441	-0.02039	-0.05564	-0.06801	0.01948	490.59	1018404490	1035505429	1000	/scratch.global/lanej/1000G/ngs_dose/1000G_highcov/crams/HG01353.cram	9ab0a0e8,a23ef9ed,7f3b4c3c	184ab16e		14	0.997735	0.998308	0.999572	0.999846	1.984	0.986	0.762	627.95	16.729	scan	M	CLM	AMR	M	0.999676	0.999841	0.998046	NA	-0.06	1.1415	1.0144	467.132	455.1164	537.3543	296.5174	9.5866	1.9871	658.6241	22.235	445.2435	436.6704	505.2413	289.5566	9.5854	1.9873	709.5488	27.6706	578.6993	1.0116	0.7566	45.8085	M	2504	
HG01354	scan	0.1.0+fae1124	40.001	150	432	450	0.078	0.9685	1.2337	0.0858	0.041		1.9984	12.3758	645.9357	1.9396	0.0029	present	407.909	407.91	394.88	397.58	0.1869	434.81	0.0473	389.08	477.1	420.99	473.0	335.39	406.42	403.26	505.34	313.27	384.96	330.5	403.55	298.06	362.74	407.96	433.55	119.415	NA	119.42	118.61	0.0733	148.42	0.0274	114.6	142.8	104.79	131.7	9.651	9.65	9.66	9.72	0.1253	9.6	0.0454	13.34	2.0348	41.8412	53.4591	15.2105	145.302	0.2721	3.3209	0.6297	0.8877	0.43	411.15	0.00231	0.0238	0.53326	0.05893	-0.05333	118.4	0.0052	0.0124	-0.00266	0.01983	0.00836	9.53	0.0027	0.0739	1.83619	-1.32604	-0.69991	16	-0.14887	0.03872	0.0638	-0.08204	-0.06449	-0.05254	0.09805	0.03645	-0.00464	-0.04933	-0.02906	-0.04237	0.00385	-0.04075	0.12723	-0.02529	-0.03165	-0.01091	-0.06158	-0.00342	0.05638	-0.05218	0.04937	0.07332	-0.04561	-0.04571	-0.00489	0.02803	0.01996	0.01405	-0.0215	0.00218	304.12	805321264	816587507	1000	/scratch.global/lanej/1000G/ngs_dose/1000G_highcov/crams/HG01354.cram	9ab0a0e8,a23ef9ed,7f3b4c3c	184ab16e		14	0.997445	0.998635	0.999547	0.999955	2.027	1.886	0.14	638.625	14.188	scan	F	CLM	AMR	F	0.999743	0.999975	0.99772	NA	-0.13	1.1504	1.0239	411.0224	410.0927	467.2325	119.8209	9.6778	1.9972	702.3585	17.1634	420.6127	419.0939	479.212	115.5348	9.6896	2.0001	689.7322	20.6251	603.2805	1.9348	0.117	35.5599	F	2504	
HG01355	scan	0.1.0+fae1124	37.982	150	440	450	0.0729	0.9653	1.2536	0.0517	0.042		1.9968	138.0872	758.711	1.9493	0.0019	present	403.571	403.57	387.2	389.78	0.1745	431.82	0.0455	385.24	501.16	411.13	469.52	320.1	412.13	368.51	489.07	301.38	393.23	320.26	405.06	281.22	363.2	401.81	426.67	197.906	NA	197.91	198.03	0.0768	253.67	0.0239	179.62	229.53	171.47	223.02	9.848	9.85	9.88	9.88	0.119	9.78	0.0409	14.8071	1.8265	40.3287	59.8392	13.6553	134.4044	0.2818	3.6344	0.622	0.8034	0.4793	403.66	0.00236	0.0244	0.30536	-0.15917	0.26211	196.79	0.00326	0.0078	-0.0062	0.00049	0.02609	9.69	0.00261	0.0716	0.88095	0.33405	-0.44825	16	-0.11772	0.03438	0.04948	0.05059	-0.12851	0.04212	0.09182	0.07016	0.03459	0.02141	-0.01973	-0.07626	0.0481	0.08412	0.01421	0.01123	0.04783	-0.11471	0.01642	0.06721	-0.07931	-0.03366	-0.01136	0.1167	-0.0366	0.01507	-0.00381	0.01244	-0.04701	0.00553	-0.04304	-0.04176	269.98	766701712	778148164	1000	/scratch.global/lanej/1000G/ngs_dose/1000G_highcov/crams/HG01355.cram	9ab0a0e8,a23ef9ed,7f3b4c3c	184ab16e		14	0.997531	0.998567	0.999616	0.99982	1.998	1.877	0.148	737.484	165.041	scan	F	CLM	AMR	F	0.999804	0.999889	0.997563	NA	0.03	1.1632	1.0185	418.656	419.9882	485.7996	189.1705	9.7956	1.993	762.1683	100.105	398.8199	400.7094	456.9082	200.1086	9.7367	1.9934	727.3858	87.7868	694.0753	1.9292	0.1224	33.984	F	698	
HG01356	scan	0.1.0+fae1124	38.513	150	432	450	0.0855	0.9735	1.2116	0.0773	0.0399		2.0069	37.168	660.6813	0.9898	0.9859	present	511.567	511.57	489.13	487.5	0.2027	526.41	0.0499	472.97	536.69	510.04	569.2	383.03	436.18	466.9	543.76	373.11	428.57	399.12	469.88	339.71	381.61	510.01	535.74	290.778	NA	290.78	291.04	0.0808	349.67	0.0274	251.77	301.61	243.57	294.89	9.5	9.5	9.63	9.62	0.1173	9.56	0.051	17.7392	10.7229	42.0569	77.8658	9.6215	144.8568	0.2433	3.521	0.5715	0.8188	0.5385	512.16	0.00325	0.0335	0.1643	0.34935	0.06322	289.01	0.00983	0.0235	-0.03867	-0.023	0.00421	9.45	0.00252	0.0691	-0.31037	0.17399	0.33604	16	-0.15616	0.04634	0.12878	-0.01046	0.1236	0.14727	-0.05636	0.00465	-0.01668	-0.01549	-0.00353	-0.0339	-0.0641	-0.01255	-0.05032	0.10457	0.0271	0.04132	0.05402	-0.05615	-0.04853	0.03204	0.0259	0.05496	-0.0447	0.00444	-0.03217	-0.03026	0.0646	-0.00013	0.04669	0.01743	271.91	766541046	779624738	1000	/scratch.global/lanej/1000G/ngs_dose/1000G_highcov/crams/HG01356.cram	9ab0a0e8,a23ef9ed,7f3b4c3c	184ab16e		14	0.997752	0.998587	0.999588	0.99995	2.032	0.986	0.79	644.777	43.83	scan	M	CLM	AMR	M	0.999697	0.999948	0.997684	NA	-0.21	1.1114	0.9959	508.7912	506.8865	575.9562	281.259	9.5628	2.0031	643.6226	47.0144	539.0949	536.7652	609.7058	290.8339	9.6305	2.0065	678.076	54.4219	605.6426	1.007	0.782	34.0395	M	2504	
HG01357	scan	0.1.0+fae1124	34.216	150	438	450	0.057	0.9813	1.1785	0.079	0.0465	chr12	2.0445	73.5426	951.8115	1.9368	0.0036	present	496.562	496.56	476.36	478.93	0.2313	504.91	0.0403	469.46	531.65	515.98	560.08	375.96	425.7	456.32	524.78	360.73	411.15	397.29	457.17	332.69	375.38	493.09	509.84	139.694	NA	139.69	136.19	0.1039	163.58	0.0166	126.83	148.0	126.19	148.97	9.722	9.72	9.82	9.83	0.1295	9.75	0.0336	15.4454	1.8124	53.1853	47.8093	12.0993	128.7812	0.2402	2.5216	0.5231	0.816	0.2126	501.7	0.00552	0.0569	-0.22229	0.55153	0.10025	137.99	0.02131	0.051	0.10203	-0.0149	0.00469	9.64	0.00302	0.0829	0.82152	-0.06362	-0.49114	16	0.06921	-1.50447	1.10027	0.18692	-0.01513	-0.25706	-0.05677	0.08686	-0.00814	0.0372	-0.00223	0.16524	0.25103	0.09034	-0.03489	0.15266	0.02537	0.07899	0.0098	-0.0463	-0.10865	-0.13635	0.0147	0.03077	-0.0464	0.05491	0.08278	-0.09251	-0.08139	0.02456	-0.03413	0.0332	321.45	702636170	711784073	1000	/scratch.global/lanej/1000G/ngs_dose/1000G_highcov/crams/HG01357.cram	9ab0a0e8,a23ef9ed,7f3b4c3c	184ab16e		14	0.996806	0.997955	0.999508	0.999785	2.023	1.879	0.129	922.489	82.651	scan	F	CLM	AMR	F	0.999585	0.999828	0.997017	NA	-0.02	1.1164	1.0285	504.3393	495.0515	581.7172	121.9992	9.6925	2.0074	806.5916	62.843	478.3767	468.6619	551.9563	130.0599	9.6847	2.0068	830.6032	43.6999	841.9675	1.8942	0.1044	31.6227	F	2504	aneuploid: chr12
HG01358	scan	0.1.0+fae1124	39.817	150	444	450	0.1031	0.9702	1.2044	0.0636	0.0526		1.9928	14.6725	1026.296	0.9836	0.9685	present	528.542	528.54	515.6	516.62	0.1618	568.16	0.0582	509.14	648.03	533.21	596.07	439.9	555.11	546.04	698.09	420.45	534.13	444.92	541.39	385.28	490.11	531.75	561.66	216.924	NA	216.92	215.79	0.0718	265.05	0.0338	204.42	248.79	181.42	224.32	9.69	9.69	9.81	9.85	0.1164	9.75	0.06	15.7137	10.7258	58.9881	68.4782	10.8153	131.2117	0.2491	3.2265	0.5234	0.74	0.5646	534.71	0.00344	0.0355	0.24533	-0.42211	-0.20662	216.73	0.00351	0.0084	-0.05923	-0.01418	0.00395	9.65	0.00253	0.0694	0.70305	0.23795	-0.44595	16	0.29138	0.00397	0.01976	-0.03082	0.09508	0.14283	-0.15524	0.1264	0.06896	-0.00607	0.01766	-0.03433	-0.02496	0.10227	-0.06297	-0.07632	-0.02397	-0.11188	-0.02468	-0.04587	-0.06548	-0.16868	0.00452	0.01871	-0.09206	-0.01677	0.06894	0.02169	0.00379	0.04224	-0.06423	-0.14449	318.68	790427010	802248754	1000	/scratch.global/lanej/1000G/ngs_dose/1000G_highcov/crams/HG01358.cram	9ab0a0e8,a23ef9ed,7f3b4c3c	184ab16e		14	0.99796	0.999137	0.999553	0.999848	2.06	0.975	0.766	1020.672	17.791	scan	M	CLM	AMR	M	0.999756	0.99988	0.997936	NA	-0.01	1.1148	0.9972	495.863	491.7822	547.0274	218.6413	9.626	1.9967	975.2833	9.2786	485.0933	481.6069	543.112	223.8722	9.552	1.9945	942.9482	10.5957	927.577	0.9986	0.7722	34.6066	M	698	
HG01359	scan	0.1.0+fae1124	36.589	150	435	450	0.1021	0.9578	1.2573	0.0601	0.06		2.0016	82.3585	713.0214	0.9857	0.9803	present	490.992	490.99	469.1	468.12	0.2145	524.98	0.0555	445.86	550.27	466.64	543.08	367.65	454.55	440.41	555.84	351.52	438.27	373.82	465.36	312.49	381.94	493.9	533.32	192.702	NA	192.7	189.06	0.0821	243.57	0.0268	178.94	224.82	174.03	221.89	10.146	10.15	10.29	10.27	0.1252	10.21	0.0575	10.6686	11.0783	38.9969	71.146	11.8132	129.0099	0.2295	2.6418	0.4834	0.8444	0.4102	473.96	0.00235	0.0243	1.6734	-0.31672	0.62063	190.69	0.00932	0.0223	0.04796	0.02711	0.00814	10.08	0.00254	0.0698	-0.14333	0.45487	-0.31895	16	0.49403	-0.04303	-0.10704	0.28524	0.14821	-0.03937	-0.09249	-0.02048	-0.04368	-0.06683	0.05325	0.01	0.00541	-0.04856	0.06555	-0.00465	0.1207	-0.03037	0.04543	-0.00937	-0.02891	-0.02862	-0.06175	-0.08792	-0.01571	-0.10965	0.02154	0.05762	-0.0202	-0.03889	0.03734	0.04137	239.74	728466468	739883573	1000	/scratch.global/lanej/1000G/ngs_dose/1000G_highcov/crams/HG01359.cram	9ab0a0e8,a23ef9ed,7f3b4c3c	184ab16e		14	0.997862	0.998934	0.999294	0.99985	2.037	0.975	0.749	695.72	100.008	scan	M	CLM	AMR	M	0.999407	0.99986	0.99793	NA	0.42	1.1458	0.9846	466.543	480.5801	540.4136	194.0494	9.7623	2.0026	852.7348	62.098	498.0523	508.0107	567.2434	190.1624	9.6614	2.0012	867.7653	75.6934	653.1178	0.9936	0.7504	31.8468	M	2504	
HG01360	scan	0.1.0+fae1124	36.71	150	410	400	0.097	0.959	1.286	0.0576	0.0567		2.0007	62.2332	669.5912	1.9044	0.0029	present	466.977	466.98	448.68	451.64	0.185	506.37	0.056	448.28	574.21	474.66	552.21	338.13	424.08	454.89	592.91	365.15	470.24	375.77	477.14	337.11	428.68	465.93	503.64	171.481	NA	171.48	168.89	0.0758	221.76	0.025	157.03	200.54	150.29	195.88	9.802	9.8	9.95	9.97	0.1146	9.86	0.057	22.1696	1.3827	62.4193	53.2815	9.3877	145.1616	0.2558	3.3845	0.6057	0.8029	0.4683	471.7	0.00214	0.0221	0.14538	0.0799	0.05664	170.27	0.00504	0.0121	0.00722	0.01582	0.01001	9.77	0.0026	0.0713	0.07219	0.25484	0.2098	16	0.46953	0.02055	-0.04599	0.02599	-0.16938	0.04598	0.24434	-0.03111	0.02817	-0.12337	0.05039	0.03918	-0.0444	-0.06296	-0.01845	0.02627	0.0652	0.03155	-0.02528	-0.08289	0.09313	0.02272	0.04496	-0.06126	-0.04221	0.02223	0.01592	-0.07625	0.08805	-0.0204	0.06687	-0.08092	175.54	745081132	756236645	1000	/scratch.global/lanej/1000G/ngs_dose/1000G_highcov/crams/HG01360.cram	9ab0a0e8,a23ef9ed,7f3b4c3c	184ab16e		14	0.99788	0.999028	0.999617	0.999885	2.098	1.839	0.135	657.11	75.091	scan	F	CLM	AMR	F	0.999719	0.999913	0.99796	NA	0.11	1.1707	1.0063	509.0271	501.1853	602.3162	163.4744	9.6876	2.0029	796.211	74.2607	459.6498	455.9783	517.6006	166.7986	9.614	2.0036	718.7722	61.1707	620.1657	1.8752	0.1128	32.1139	F	2504	
HG01361	scan	0.1.0+fae1124	39.066	150	441	450	0.0701	0.9604	1.3116	0.0677	0.0496		1.9937	106.7034	827.1777	1.9301	0.0017	present	397.596	397.6	389.55	389.16	0.1859	443.68	0.0448	372.54	505.69	389.98	456.43	308.41	410.27	372.49	510.73	292.42	394.3	310.15	406.23	278.19	377.59	410.73	442.57	145.852	NA	145.85	144.79	0.0812	194.22	0.0209	126.09	169.1	121.4	163.76	10.012	10.01	10.12	10.16	0.1184	10.01	0.04	15.4574	1.242	50.5418	59.1131	9.7685	139.2136	0.2511	3.5124	0.4298	0.8541	0.8251	394.65	0.00361	0.0372	1.08171	-0.67619	0.83558	145.7	0.00873	0.0209	-0.02184	-0.02556	0.00958	9.96	0.00254	0.0698	0.38549	0.90426	0.19895	16	0.21248	0.02201	-0.10419	0.0198	-0.20509	0.11208	0.09878	0.01723	0.12478	0.05348	-0.05372	-0.07816	0.06856	0.09393	-0.04146	0.0278	-0.00988	0.05547	-0.07345	-0.04745	0.04385	0.05491	-0.00893	-0.04543	-0.02737	-0.15536	-0.00255	-0.05119	0.01924	-0.02507	0.00487	-0.06641	303.25	788251762	799323222	1000	/scratch.global/lanej/1000G/ngs_dose/1000G_highcov/crams/HG01361.cram	9ab0a0e8,a23ef9ed,7f3b4c3c	184ab16e		14	0.997829	0.99903	0.999575	0.999877	2.039	1.872	0.134	808.661	135.862	scan	F	CLM	AMR	F	0.999618	0.99989	0.997703	NA	0.3	1.1565	0.9882	420.5168	423.2993	486.476	139.3519	9.9235	1.9952	852.2827	59.096	391.706	396.4672	434.0189	135.673	9.867	1.9956	875.1408	44.6343	752.4438	1.9234	0.1112	35.0425	F	698	
HG01362	scan	0.1.0+fae1124	35.779	150	438	450	0.0952	0.9598	1.254	0.0595	0.0439		2.0083	124.2006	537.877	0.9959	0.9742	present	422.713	422.71	403.34	404.99	0.1798	449.16	0.0501	389.85	472.78	411.25	478.69	332.08	399.46	379.13	471.62	315.11	383.93	331.24	407.75	282.15	337.69	420.53	453.52	192.488	NA	192.49	190.96	0.0845	240.61	0.029	178.59	224.21	172.64	216.96	9.9	9.9	10.02	10.06	0.1052	9.95	0.0563	22.9346	9.8377	42.0863	71.3906	9.6469	139.6849	0.2319	2.24	0.6361	0.8383	0.8791	420.71	0.00361	0.0373	0.25502	-0.06555	0.03814	190.99	0.00723	0.0173	0.03616	0.01708	-0.01629	9.84	0.00261	0.0716	0.19812	0.02378	-0.24407	16	-0.11239	-0.01043	-0.18001	0.26273	0.02	-0.05584	0.00369	-0.02898	0.04191	0.06904	0.0135	-0.02235	-0.05997	-0.01126	0.1444	0.00612	0.00767	-0.05518	0.03455	-0.03428	0.12964	0.04711	0.03353	-0.07155	0.04726	0.06456	0.04479	0.05183	0.07002	-0.07223	-0.04332	0.00523	240.07	714854210	725663550	1000	/scratch.global/lanej/1000G/ngs_dose/1000G_highcov/crams/HG01362.cram	9ab0a0e8,a23ef9ed,7f3b4c3c	184ab16e		14	0.997842	0.999428	0.999363	0.999767	2.052	0.985	0.821	521.252	141.998	scan	M	CLM	AMR	M	0.999477	0.99987	0.997879	NA	0.18	1.1378	0.9775	427.7914	429.3429	488.6586	190.7969	9.6308	2.0034	619.3985	64.8628	444.8478	439.6614	512.1411	199.6115	9.7054	2.0012	747.7804	51.4883	496.3698	1.0034	0.8226	31.415	M	2504	
HG01363	scan	0.1.0+fae1124	36.065	150	444	450	0.1089	0.9601	1.2448	0.0617	0.0497		1.9981	44.8849	767.1002	1.9371	0.0029	present	465.783	465.78	446.17	449.0	0.1846	496.93	0.0587	427.77	527.49	461.8	530.6	355.65	434.68	446.87	565.15	345.23	427.97	371.07	459.74	311.95	381.54	465.03	499.83	149.915	NA	149.91	149.67	0.0873	189.33	0.031	135.27	170.86	133.91	171.1	9.854	9.85	9.93	9.92	0.1124	9.87	0.065	18.0127	1.3835	42.387	62.287	12.5431	134.4724	0.2343	2.397	0.6885	0.792	0.3882	468.86	0.00305	0.0315	0.03516	-0.01213	0.14071	147.96	0.00701	0.0168	0.03269	0.01719	-0.0122	9.77	0.0026	0.0714	0.93354	-0.21845	-0.42575	16	0.19375	-0.09016	-0.08818	0.09614	-0.14049	0.06419	0.18396	-0.02851	0.03006	-0.07445	-0.05296	0.03321	0.00869	0.01822	-0.07976	-0.05002	0.00598	-0.00235	-0.03443	0.00852	-0.05674	0.00635	-0.01224	-0.04362	0.0187	-0.08266	-0.07134	-0.01911	-0.09774	-0.13938	0.01237	0.03493	257.29	728094614	740057001	1000	/scratch.global/lanej/1000G/ngs_dose/1000G_highcov/crams/HG01363.cram	9ab0a0e8,a23ef9ed,7f3b4c3c	184ab16e		14	0.99739	0.998803	0.999382	0.999941	2.022	1.869	0.148	748.562	54.457	scan	F	CLM	AMR	F	0.999373	0.99996	0.997361	NA	0.11	1.1317	0.9849	499.8765	494.7559	570.7792	143.6727	9.6981	1.9964	789.866	31.5856	546.4873	538.6313	620.1555	153.3993	9.6057	1.9936	758.0834	29.8566	706.6446	1.9152	0.124	31.1094	F	2504	
HG01365	scan	0.1.0+fae1124	38.757	150	448	450	0.0835	0.9725	1.2078	0.0624	0.0398		1.996	114.9691	600.5517	0.9899	0.9762	present	448.238	448.24	431.62	433.14	0.1944	469.68	0.0486	429.52	519.95	455.15	505.23	348.12	421.09	443.93	548.49	341.87	417.62	361.58	435.92	316.48	381.45	446.45	468.77	191.756	NA	191.76	190.6	0.0865	235.09	0.0282	179.72	217.82	165.44	206.14	9.697	9.7	9.84	9.92	0.1204	9.77	0.0498	26.4827	10.8841	68.6501	62.7774	12.695	150.079	0.2513	3.2001	0.6694	0.895	0.3948	451.5	0.00199	0.0205	0.15097	0.06603	0.0223	191.53	0.00266	0.0064	-0.00943	-0.02499	-0.01744	9.68	0.00258	0.0708	-0.98758	-0.18636	0.28027	16	-0.09196	-0.07007	-0.08573	-0.04216	-0.02268	0.07748	0.14737	-0.13632	0.09076	-0.09355	0.03206	0.02011	-0.02338	0.01543	-0.0721	-0.0556	0.04267	0.03603	0.02856	0.01362	-0.04983	-0.013	0.01731	-0.02249	-0.01621	-0.01181	0.05791	-0.02607	0.04022	0.00144	-0.02677	0.06141	294.95	775061564	786848601	1000	/scratch.global/lanej/1000G/ngs_dose/1000G_highcov/crams/HG01365.cram	9ab0a0e8,a23ef9ed,7f3b4c3c	184ab16e		14	0.997955	0.998518	0.99958	0.999897	2.073	0.988	0.787	592.117	133.052	scan	M	CLM	AMR	M	0.999525	0.999911	0.997731	NA	0.02	1.119	1.0081	485.0936	481.3699	544.0716	189.8532	9.6765	1.9971	552.4244	124.0879	456.4495	454.7798	516.9563	183.4518	9.7074	1.9953	594.7696	93.7892	562.5085	1.0084	0.7848	34.4511	M	2504	
HG01366	scan	0.1.0+fae1124	36.877	150	407	400	0.1094	0.9544	1.2913	0.0506	0.0446		2.0119	21.9756	716.6691	1.2832	0.0023	present	532.605	532.6	517.19	524.5	0.1465	586.82	0.0607	517.26	672.67	533.2	620.97	430.4	539.06	536.84	705.97	450.85	583.4	452.75	575.29	409.36	527.05	531.85	577.91	113.866	NA	113.87	114.22	0.0732	146.97	0.0323	108.14	139.6	93.08	120.58	10.106	10.11	10.21	10.25	0.1114	10.14	0.064	20.0563	1.1078	45.6058	58.3833	10.0836	136.157	0.2288	3.8221	0.8033	0.8487	0.4221	536.06	0.00377	0.0389	0.28205	-0.61004	-0.0426	113.78	0.01375	0.0329	-0.08698	-0.01358	-0.02353	10.03	0.00272	0.0746	0.32656	-0.03276	-0.85327	16	-0.01062	-0.07622	-0.17365	0.25924	-0.0406	-0.02005	0.01048	-0.06166	0.02644	0.02521	0.00502	0.00642	-0.04621	-0.04869	-0.00419	-0.09115	-0.02669	-0.01293	0.03472	-0.01839	-0.1097	0.10297	0.03302	0.02996	0.03567	-0.04313	0.02243	0.05598	-0.00454	0.04929	-0.07766	-0.02293	276.69	734444908	745422108	1000	/scratch.global/lanej/1000G/ngs_dose/1000G_highcov/crams/HG01366.cram	9ab0a0e8,a23ef9ed,7f3b4c3c	184ab16e		14	0.998055	0.9989	0.99967	0.999951	2.034	1.246	0.13	704.924	26.778	scan	F	CLM	AMR	F	0.999812	0.999947	0.998219	NA	0.37	1.1584	0.9947	548.6068	544.4713	637.1945	114.6481	9.8525	2.0087	750.6451	12.2499	557.6244	553.5199	638.8232	113.8834	9.7691	2.0092	670.1626	15.7395	661.1088	1.2718	0.11	31.7994	F	2504	chrX 1.28 (mosaic X loss?)
HG01367	scan	0.1.0+fae1124	35.259	150	444	450	0.0633	0.9702	1.221	0.0641	0.0475		1.9913	262.5357	815.5334	1.914	0.0016	present	514.018	514.02	483.76	476.91	0.2071	529.83	0.0432	466.19	572.89	519.47	581.6	373.96	457.72	434.68	544.55	367.36	454.16	397.65	483.35	341.6	416.55	504.72	532.34	162.17	NA	162.17	158.81	0.0872	199.73	0.0227	151.27	185.32	136.62	170.25	9.327	9.33	9.51	9.53	0.1232	9.45	0.0365	16.66	1.0324	50.0512	51.6674	11.1693	140.0831	0.2371	3.4538	0.7567	0.8468	0.5338	509.49	0.00503	0.0518	-0.27963	0.37051	0.23669	160.23	0.00746	0.0178	-0.00295	-0.03539	0.01426	9.37	0.00261	0.0715	-0.86564	-0.57194	-0.23088	16	-0.1399	0.09571	0.17807	0.30856	0.02451	0.04799	-0.02889	-0.00753	0.01956	0.0403	0.0335	-0.18375	0.04807	0.10736	0.03764	-0.04474	-0.04026	-0.09008	0.0203	0.06967	-0.02051	-0.0216	0.0671	0.04411	-0.0547	0.04436	0.12714	0.11334	-0.03415	-0.04376	0.0434	0.09192	243.11	714533490	723987652	1000	/scratch.global/lanej/1000G/ngs_dose/1000G_highcov/crams/HG01367.cram	9ab0a0e8,a23ef9ed,7f3b4c3c	184ab16e		14	0.997256	0.99906	0.999573	0.999943	2.009	1.865	0.125	797.347	299.856	scan	F	CLM	AMR	F	0.999642	0.999982	0.997427	NA	-0.29	1.1415	1.0196	534.5008	542.9664	604.5628	156.9321	9.4645	1.9842	773.7141	142.3899	506.4341	510.8758	580.0718	167.4265	9.4122	1.9888	652.5386	123.5242	743.5672	1.9184	0.103	31.8398	F	698	
HG01369	scan	0.1.0+fae1124	42.481	150	436	450	0.1059	0.9748	1.2257	0.069	0.0401		1.9925	33.5554	577.082	1.9311	0.0024	present	417.019	417.02	405.61	408.92	0.1722	447.51	0.0616	408.43	514.75	431.02	484.68	342.83	425.56	428.0	547.64	327.81	412.33	348.23	428.23	302.43	379.8	416.96	441.41	342.322	NA	342.32	340.37	0.0779	426.89	0.0357	323.14	404.23	306.03	386.37	9.885	9.88	9.96	9.98	0.109	9.89	0.0599	22.9752	0.9039	46.3297	67.1245	10.6767	157.96	0.2466	2.6129	0.5429	0.8672	0.5501	421.72	0.00397	0.0409	0.19656	-0.34799	-0.10404	338.53	0.00563	0.0135	0.02722	0.02838	-0.01017	9.78	0.00246	0.0673	0.06062	0.50121	0.2401	16	0.05382	-0.03171	-0.11768	-0.10904	-0.02834	-0.07959	-0.0224	-0.016	-0.08225	-0.02274	-0.01416	0.04325	0.04465	0.03061	0.0732	-0.07895	0.02235	-0.01113	-0.11158	-0.04326	-0.06279	0.00043	0.03361	0.01605	-0.01315	0.10753	-0.04328	0.04508	-0.00782	0.05995	-0.03442	0.00843	243.12	859766394	874573678	1000	/scratch.global/lanej/1000G/ngs_dose/1000G_highcov/crams/HG01369.cram	9ab0a0e8,a23ef9ed,7f3b4c3c	184ab16e		14	0.997343	0.999097	0.999525	0.999838	1.988	1.893	0.153	571.988	39.573	scan	F	CLM	AMR	F	0.999506	0.999848	0.997269	NA	0.12	1.1493	1.0221	405.2306	401.8668	460.469	354.9676	9.7432	1.9979	594.6834	36.0659	400.5755	397.5709	459.003	322.4393	9.81	1.9944	560.7597	38.7687	539.5835	1.9364	0.1278	36.7892	F	2504	
HG01372	scan	0.1.0+fae1124	37.324	150	436	450	0.0788	0.9682	1.2413	0.0675	0.0442		1.9835	18.4186	619.5727	1.9347	0.0021	present	461.519	461.52	448.68	448.81	0.1694	498.29	0.0461	447.86	574.17	473.33	536.5	365.69	464.29	455.62	593.94	363.72	467.08	383.68	477.95	334.28	425.33	462.93	491.54	159.932	NA	159.93	160.26	0.0703	201.37	0.0234	144.66	181.98	139.87	178.12	9.774	9.77	9.91	9.91	0.1088	9.83	0.0448	21.0271	1.9625	40.6979	46.8045	9.0592	139.676	0.2378	2.8939	0.6839	0.8074	0.3654	471.24	0.00204	0.0211	0.06202	-0.09761	-0.02464	159.2	0.00454	0.0109	-0.01567	0.015	0.02536	9.74	0.00245	0.0673	0.0416	0.20188	-0.22422	16	-0.02837	-0.07555	-0.12889	-0.03765	-0.07489	-0.02525	0.06934	0.0117	-0.00197	0.0478	0.04792	0.0536	0.03358	-0.05441	0.01183	-0.02498	0.10903	-0.00164	-0.06329	-0.05798	-0.09458	0.01357	-0.09928	0.00261	0.02345	-0.00023	-0.03535	-0.05815	0.00475	-0.00578	-0.02676	0.07776	236.47	749083140	758646576	1000	/scratch.global/lanej/1000G/ngs_dose/1000G_highcov/crams/HG01372.cram	9ab0a0e8,a23ef9ed,7f3b4c3c	184ab16e		14	0.997408	0.99851	0.999561	0.999911	2.029	1.88	0.12	612.647	22.007	scan	F	CLM	AMR	F	0.999727	0.999944	0.997749	NA	0.08	1.1385	1.0044	468.3623	458.9572	531.361	159.348	9.6951	1.984	649.8517	19.4267	463.2058	457.408	522.5506	159.6969	9.7903	1.9845	671.2635	32.1694	581.4056	1.9336	0.1002	33.129	F	2504	
HG01374	scan	0.1.0+fae1124	39.205	150	439	450	0.1012	0.9681	1.2295	0.0704	0.0388		1.9972	14.1275	920.5486	0.9924	0.9773	present	549.231	549.23	526.75	527.3	0.1851	571.54	0.0574	526.07	602.22	550.9	619.55	417.22	479.99	498.83	592.13	405.98	472.7	433.08	518.16	374.51	421.99	546.45	577.91	140.383	NA	140.38	139.91	0.0973	172.1	0.0301	126.86	154.42	121.83	150.76	9.728	9.73	9.81	9.82	0.1227	9.75	0.056	18.234	11.1458	47.7344	59.2097	12.7582	140.2455	0.2475	2.6874	0.5868	0.8506	0.3591	548.36	0.00241	0.0248	0.43174	0.10303	0.25555	141.16	0.00644	0.0154	0.051	-0.05593	0.04486	9.66	0.00277	0.0761	-0.69652	0.0153	0.01662	16	-0.13968	-0.0214	0.01237	-0.20533	0.10835	-0.09214	-0.04422	-0.13319	-0.08831	-0.06763	0.01826	-0.10907	-0.04057	0.00739	0.02511	0.0542	0.01134	-0.07605	-0.03156	0.05981	0.03125	0.06886	0.02012	0.06391	-0.04171	0.02972	-0.01178	-0.0009	0.02592	0.04681	0.01457	0.07392	271.0	777103704	787627689	1000	/scratch.global/lanej/1000G/ngs_dose/1000G_highcov/crams/HG01374.cram	9ab0a0e8,a23ef9ed,7f3b4c3c	184ab16e		14	0.99777	0.998649	0.999487	0.999644	2.031	0.989	0.77	923.255	16.364	scan	M	CLM	AMR	M	0.999505	0.999715	0.998047	NA	0.0	1.1298	1.0046	549.3196	550.5216	623.4054	144.2687	9.7039	2.0002	838.5299	29.4242	526.5917	528.2115	595.7929	153.4883	9.6409	1.9975	800.5722	29.4333	855.2043	1.0138	0.7772	34.0468	M	2504	
HG01375	scan	0.1.0+fae1124	36.398	150	439	450	0.1022	0.9723	1.2066	0.0636	0.0462		1.9995	62.8942	618.409	1.9263	0.0021	present	559.501	559.5	541.87	544.09	0.2004	579.23	0.0568	511.42	557.2	549.76	612.74	420.07	463.25	542.39	604.71	413.89	458.26	438.52	506.94	365.84	396.13	567.06	596.05	179.394	NA	179.39	177.05	0.0936	212.41	0.0352	163.57	192.05	155.45	185.18	9.594	9.59	9.64	9.64	0.1134	9.6	0.0607	15.9016	1.4969	39.716	48.1654	10.2378	146.5237	0.2342	3.0737	0.4591	0.7952	0.2893	561.29	0.00306	0.0316	0.4316	-0.02745	0.21598	176.92	0.00744	0.0178	0.03461	-0.02425	-0.00904	9.5	0.00257	0.0705	0.52015	0.5464	0.02291	16	-0.05391	0.12406	0.09109	0.02635	0.02095	0.05968	0.00067	-0.04233	-0.06955	-0.06642	-0.03681	0.0949	-0.05925	0.06124	-0.01179	0.04714	-0.07906	-0.13066	-0.06877	0.02701	-0.00464	-0.03716	-0.02325	0.07733	-0.05645	-0.00265	-0.04938	-0.01773	-0.02572	-0.1091	0.08084	-0.06717	238.66	733351566	743567224	1000	/scratch.global/lanej/1000G/ngs_dose/1000G_highcov/crams/HG01375.cram	9ab0a0e8,a23ef9ed,7f3b4c3c	184ab16e		14	0.997646	0.998061	0.999489	0.99981	2.001	1.885	0.133	604.652	71.822	scan	F	CLM	AMR	F	0.999662	0.999855	0.997603	NA	-0.16	1.0917	0.9795	560.0746	556.1199	620.0072	175.6127	9.5612	2.0002	629.9261	63.2588	557.573	551.6952	628.6537	183.6169	9.6773	2.0013	708.613	85.7352	576.2666	1.935	0.1102	31.5652	F	2504	
HG01376	scan	0.1.0+fae1124	37.547	150	438	450	0.1042	0.9777	1.1922	0.0682	0.0359		1.9956	39.2619	873.5497	1.9743	0.0014	present	603.054	603.05	597.91	601.13	0.1586	650.27	0.0618	583.33	737.28	622.93	683.98	519.94	650.89	601.97	770.55	502.34	635.68	515.45	624.25	468.44	590.64	616.72	641.41	150.364	NA	150.36	147.8	0.0787	183.62	0.0343	133.5	161.72	126.98	157.81	9.892	9.89	9.97	9.96	0.1117	9.88	0.0602	16.5111	0.972	43.7723	44.8072	10.3688	141.5985	0.2416	3.2201	0.5307	0.8145	0.4894	614.62	0.00442	0.0456	0.35233	-0.70785	-0.06044	147.8	0.01787	0.0428	-0.04437	-0.00761	-0.00513	9.81	0.00264	0.0725	-0.41564	0.28341	-0.52114	16	-0.33867	-0.07382	-0.22488	0.14606	0.00777	0.00989	-0.10104	0.10936	-0.11189	-0.01089	0.02684	-0.06718	-0.01466	0.03988	0.11863	-0.05343	0.0194	0.00637	-0.10229	0.0119	0.02205	0.04163	-0.00294	-0.0242	-0.05727	-0.05793	-0.01449	0.06348	0.09726	0.13704	-0.09114	-0.01819	241.32	757241388	766281805	1000	/scratch.global/lanej/1000G/ngs_dose/1000G_highcov/crams/HG01376.cram	9ab0a0e8,a23ef9ed,7f3b4c3c	184ab16e		14	0.998107	0.999118	0.999574	0.999845	1.993	1.932	0.118	866.743	47.235	scan	F	CLM	AMR	F	0.999665	0.99986	0.998079	NA	0.15	1.1129	1.0135	599.2826	590.9457	671.6599	149.7786	9.7501	1.99	954.842	25.4026	604.9915	598.6845	683.9278	136.2078	9.8799	1.99	884.1668	24.7579	809.6289	1.9838	0.1016	32.512	F	698	
HG01377	scan	0.1.0+fae1124	40.207	150	445	450	0.1144	0.967	1.2527	0.052	0.0368		2.0063	40.3622	982.265	0.9934	0.9626	present	416.253	416.25	388.28	382.0	0.2029	426.66	0.0561	366.59	442.12	408.8	464.67	298.94	359.36	364.49	446.0	293.3	355.1	316.19	384.16	264.14	316.56	406.7	432.33	255.723	NA	255.72	250.36	0.089	315.39	0.0288	223.67	275.78	226.23	280.82	10.057	10.06	10.1	10.08	0.1199	10.03	0.0694	13.0462	7.1287	47.4426	71.454	12.6935	133.9965	0.2418	3.8015	0.7428	0.8884	0.679	410.96	0.00358	0.0369	0.13556	0.48641	0.14237	252.74	0.0094	0.0225	0.05098	0.00651	-0.00643	9.94	0.00333	0.0913	0.22435	-1.43301	1.13324	16	-0.39875	0.05812	0.08574	-0.09837	0.04746	0.00381	0.01641	0.01939	0.01722	0.06531	0.00097	0.00463	-0.05347	0.03523	-0.1001	-0.02401	-0.02953	-0.02891	0.03919	-0.02013	0.03303	0.02042	0.00897	0.07387	-0.01834	-0.0116	0.0025	-0.01699	-0.09809	0.01207	-0.0283	-0.03073	353.4	794629054	806338278	1000	/scratch.global/lanej/1000G/ngs_dose/1000G_highcov/crams/HG01377.cram	9ab0a0e8,a23ef9ed,7f3b4c3c	184ab16e		14	0.997714	0.999002	0.999643	0.999884	2.03	0.992	0.741	960.799	47.995	scan	M	CLM	AMR	M	0.999601	0.999957	0.997713	NA	0.28	1.1307	0.9947	396.215	402.6661	444.7863	249.9608	10.1083	2.0047	812.8474	43.1949	428.3027	431.6545	483.536	258.7842	10.0881	2.0043	853.1234	41.3173	884.0279	1.022	0.7548	34.2863	M	2504	
HG01378	scan	0.1.0+fae1124	49.807	150	429	450	0.0832	0.9659	1.2227	0.0599	0.039		2.0018	26.5212	942.3281	1.9352	0.003	present	518.289	518.29	517.33	515.77	0.207	564.07	0.0585	486.38	558.78	511.13	577.37	403.16	463.55	490.45	576.38	389.5	451.48	402.27	477.0	355.34	404.02	545.57	581.31	129.954	NA	129.95	130.67	0.087	156.95	0.0261	118.13	142.75	113.6	137.73	9.72	9.72	9.81	9.88	0.1085	9.77	0.0502	16.4693	1.66	48.007	57.104	12.0108	126.2895	0.2496	2.7353	0.6019	0.8565	0.8884	517.84	0.00541	0.0557	0.52545	-0.14163	0.57478	128.94	0.00519	0.0124	0.01712	-0.00563	-0.00886	9.66	0.00246	0.0675	0.70535	0.64992	-0.67274	16	-0.10781	-0.00767	-0.10282	0.05187	-0.02598	-0.107	-0.04117	0.0661	0.11487	0.16766	0.0236	-0.00535	-0.04464	-0.03328	-0.10166	0.02519	0.00559	-0.06364	0.0438	0.00234	-0.05073	0.01073	-0.02385	-0.02697	0.02091	0.0039	0.017	0.01925	-0.03717	-0.12212	-0.02322	0.04509	347.37	1009675864	1024511891	1000	/scratch.global/lanej/1000G/ngs_dose/1000G_highcov/crams/HG01378.cram	9ab0a0e8,a23ef9ed,7f3b4c3c	184ab16e		14	0.997149	0.998901	0.99948	0.999914	2.07	1.885	0.139	912.419	30.096	scan	F	CLM	AMR	F	0.999614	0.999969	0.997531	NA	0.0	1.115	0.987	494.9568	494.5263	550.4138	125.079	9.5442	2.0014	871.8947	18.2149	510.33	509.6999	563.4436	126.3803	9.5455	2.0027	805.1071	21.6273	819.1319	1.9272	0.1156	44.1355	F	2504	
HG01379	scan	0.1.0+fae1124	38.24	150	454	450	0.0704	0.9592	1.3033	0.0499	0.0529		2.0044	155.2498	763.1626	1.8989	0.0022	present	553.445	553.45	538.7	545.79	0.2059	612.08	0.0501	530.35	703.74	546.19	640.02	417.84	550.61	487.7	668.61	405.12	542.78	424.91	555.7	388.22	507.19	566.43	610.82	214.669	NA	214.67	215.38	0.0798	285.5	0.0207	194.97	257.16	187.87	254.11	10.023	10.02	10.13	10.13	0.115	10.03	0.0431	18.9498	1.8312	57.873	57.4373	12.4218	132.4933	0.2393	2.9687	0.639	0.8048	0.5983	550.77	0.00468	0.0482	0.42676	0.18864	0.34092	212.5	0.00401	0.0096	0.0004	-0.01222	0.03357	10.0	0.00287	0.0788	0.80051	-1.03215	0.44258	16	0.22301	0.10383	0.03407	-0.04096	0.01621	-0.06661	-0.08892	0.03327	-0.00708	-0.07085	-0.0892	-0.06687	0.01091	0.10538	-0.03149	0.02704	-0.10633	-0.04786	-0.02414	0.02818	0.0373	-0.03709	0.02361	-0.00296	-0.08665	0.0268	-0.01159	-0.06588	-0.08699	-0.05411	0.00407	0.03995	286.92	775493016	786367775	1000	/scratch.global/lanej/1000G/ngs_dose/1000G_highcov/crams/HG01379.cram	9ab0a0e8,a23ef9ed,7f3b4c3c	184ab16e		14	0.997786	0.998789	0.999457	0.999902	2.105	1.847	0.13	732.861	188.774	scan	F	CLM	AMR	F	0.999653	0.999902	0.997805	NA	0.34	1.162	0.9917	533.3759	535.234	620.4886	212.7118	9.9775	2.0101	736.4927	142.3376	511.6785	514.9324	570.9733	214.3124	9.9236	2.0085	727.4172	99.4843	678.5569	1.8966	0.1088	34.3673	F	698	
HG01383	scan	0.1.0+fae1124	39.027	150	443	450	0.0883	0.9762	1.2281	0.0638	0.0379		2.0006	46.4978	702.1903	1.0006	0.9838	present	467.754	467.75	447.43	443.57	0.1985	477.85	0.0486	438.51	485.22	463.16	511.55	351.09	394.19	413.14	471.94	347.85	392.84	360.77	420.84	316.99	344.56	466.23	487.59	181.163	NA	181.16	180.81	0.0769	215.81	0.0248	155.31	182.8	158.01	189.38	9.883	9.88	10.02	10.02	0.1106	9.95	0.0511	14.3747	10.8831	42.7789	72.2629	10.854	123.069	0.2237	3.7436	0.6924	0.8373	0.1781	471.88	0.00363	0.0374	0.12276	0.45367	0.10339	178.96	0.00568	0.0136	0.00636	0.02141	0.02366	9.84	0.0026	0.0714	-0.17717	0.07618	-0.55974	16	-0.22716	-0.13493	-0.20359	0.24566	0.20649	0.01484	-0.15952	-0.02984	-0.09536	-0.0227	0.00389	0.0393	-0.04306	-0.06385	-0.06975	0.05772	0.06575	-0.00981	0.0188	0.0612	0.04006	0.00105	-0.01208	0.01368	-0.02356	0.04282	-0.00939	-0.04166	-0.00768	-0.0657	-0.02643	-0.01928	349.71	774720778	786869039	1000	/scratch.global/lanej/1000G/ngs_dose/1000G_highcov/crams/HG01383.cram	9ab0a0e8,a23ef9ed,7f3b4c3c	184ab16e		14	0.997728	0.997493	0.999507	0.999762	2.024	0.987	0.767	688.056	52.505	scan	M	CLM	AMR	M	0.999722	0.999807	0.997774	NA	0.18	1.0841	0.9815	461.7627	453.8916	519.0371	178.2095	9.62	1.9949	704.5293	38.9145	456.5526	449.2684	516.1134	180.046	9.7654	1.9978	701.8514	50.6173	648.2689	1.0102	0.7656	34.3269	M	2504	
HG01384	scan	0.1.0+fae1124	35.989	150	429	450	0.0625	0.9851	1.1553	0.0645	0.0549		1.9933	21.8935	720.996	1.9121	0.0031	present	297.807	297.81	284.54	286.91	0.1771	296.78	0.0349	278.98	298.27	295.05	317.19	221.74	240.19	256.11	282.31	216.68	236.21	229.51	257.41	199.4	210.2	296.46	304.13	130.299	NA	130.3	125.69	0.0961	149.02	0.0164	122.18	138.04	117.25	135.08	9.938	9.94	10.07	10.04	0.1122	10.01	0.0362	15.1629	1.0713	53.2805	40.9496	10.2743	129.0457	0.2257	2.7975	0.4881	0.8512	0.2379	296.86	0.00346	0.0357	-0.28956	-0.4228	0.51184	126.55	0.01329	0.0318	0.08924	0.01861	0.03944	9.91	0.00263	0.072	-0.1134	0.26326	-0.56108	16	0.35555	0.03272	0.04061	0.22519	0.08469	-0.06944	-0.06758	-0.01784	-0.01047	-0.07226	0.01033	-0.00445	-0.01656	-0.12396	-0.02487	0.02737	0.00279	0.01131	0.12399	0.09969	0.01067	-0.05962	-0.07812	-0.03942	0.15381	-0.08134	0.01962	0.09567	-0.04999	0.07446	-0.11438	0.04059	304.4	723328246	732067543	1000	/scratch.global/lanej/1000G/ngs_dose/1000G_highcov/crams/HG01384.cram	9ab0a0e8,a23ef9ed,7f3b4c3c	184ab16e		14	0.997091	0.998709	0.999495	0.999801	2.059	1.865	0.112	703.805	23.76	scan	F	CLM	AMR	F	0.999775	0.999816	0.997183	NA	0.25	1.0685	0.9939	293.3125	292.5446	317.1028	126.5619	9.7647	1.9939	806.5684	24.415	295.8499	294.0248	331.0873	136.1267	9.7718	1.9931	749.1692	30.0766	656.5034	1.9152	0.0936	32.5092	F	2504	
HG01385	scan	0.1.0+fae1124	35.456	150	451	450	0.0597	0.9709	1.2324	0.0728	0.0417		1.9905	52.4533	751.8167	1.9484	0.0025	present	465.655	465.65	435.79	432.03	0.2243	475.13	0.0402	420.16	493.91	448.87	506.25	317.17	374.13	384.95	463.79	319.42	380.01	339.71	409.2	282.02	328.46	459.16	485.85	165.745	NA	165.75	164.82	0.0966	203.69	0.0197	144.27	176.16	143.01	177.35	10.071	10.07	10.15	10.17	0.1131	10.08	0.0344	17.6533	1.5848	48.233	65.0598	14.4159	137.0179	0.2346	3.4883	0.4946	0.8926	0.3276	458.82	0.00564	0.0582	0.00941	0.72051	0.3143	165.73	0.00658	0.0158	0.06423	-0.03546	0.04434	9.95	0.00291	0.0798	0.56209	0.25057	-0.73513	16	-0.09262	-0.0771	-0.26268	0.14182	0.0491	-0.00063	-0.14165	0.06193	-0.01863	0.01346	0.02802	-0.00766	-0.06897	0.02551	-0.02399	0.09077	0.05668	-0.12458	-0.01328	0.09574	-0.13084	0.01645	0.04762	-0.03072	-0.05349	-0.07465	-0.0358	0.00017	0.10584	0.0002	0.05702	0.02017	302.9	720955822	731952731	1000	/scratch.global/lanej/1000G/ngs_dose/1000G_highcov/crams/HG01385.cram	9ab0a0e8,a23ef9ed,7f3b4c3c	184ab16e		14	0.99736	0.998736	0.999325	0.999833	2.041	1.906	0.146	746.239	63.366	scan	F	CLM	AMR	F	0.999633	0.999849	0.997518	NA	0.29	1.1034	0.9783	449.0355	452.8642	509.9714	161.0439	9.706	1.9884	794.8477	33.6588	436.5084	439.2833	492.939	169.5904	9.8022	1.9885	728.5365	34.4425	701.8529	1.947	0.1174	32.3469	F	698	
HG01389	scan	0.1.0+fae1124	35.264	150	435	450	0.0824	0.9887	1.1095	0.0806	0.0473		1.9802	12.7493	622.894	0.993	0.9718	present	529.625	529.62	505.15	504.38	0.2171	515.35	0.0463	467.43	442.67	511.75	542.86	340.28	331.78	436.33	430.7	359.35	351.4	390.47	412.81	310.93	288.88	532.88	546.22	159.083	NA	159.08	154.1	0.0999	172.55	0.0175	144.06	153.81	137.35	149.28	9.753	9.75	9.78	9.75	0.1137	9.75	0.0491	18.6867	10.7944	58.9009	59.4073	10.2773	137.5616	0.2417	3.1974	0.6847	0.7984	0.8214	531.02	0.00457	0.0471	-0.27171	0.24945	0.5875	157.8	0.01469	0.0352	0.06745	-0.03273	0.00556	9.6	0.00249	0.0683	0.33759	-0.11091	0.08491	16	0.12216	-0.04652	-0.08673	-0.13534	0.03437	-0.0456	0.01627	-0.17407	0.0035	-0.04584	-0.01207	-0.01074	0.12097	0.11778	-0.03324	0.0457	-0.07583	-0.05405	-0.05613	-0.01252	0.08098	-0.00925	-0.00637	0.00452	0.07707	0.10513	0.0617	-0.01759	0.10959	-0.11913	0.03519	-0.02016	354.06	700593002	710321968	1000	/scratch.global/lanej/1000G/ngs_dose/1000G_highcov/crams/HG01389.cram	9ab0a0e8,a23ef9ed,7f3b4c3c	184ab16e		14	0.99733	0.998572	0.999433	0.999781	2.056	0.99	0.74	587.37	13.644	scan	M	CLM	AMR	M	0.999668	0.999774	0.997437	NA	-0.06	1.0223	0.9637	554.7029	551.3152	569.048	159.0386	9.5099	1.9875	560.504	15.4135	543.1878	530.0228	604.6461	163.7702	9.7165	1.9858	777.8912	25.8647	554.7228	1.0104	0.7408	31.2935	M	2504	
HG01390	scan	0.1.0+fae1124	39.157	150	445	450	0.1156	0.969	1.2292	0.0686	0.0422		1.9875	9.3091	646.4209	1.9357	0.0026	present	440.458	440.46	417.0	416.19	0.1935	453.14	0.0589	403.0	473.25	440.25	493.67	310.26	364.46	378.93	453.2	306.21	362.4	340.42	407.18	286.82	334.98	435.74	459.75	222.397	NA	222.4	220.34	0.0849	271.07	0.0355	205.14	249.0	197.69	243.09	9.615	9.62	9.66	9.69	0.1153	9.6	0.0689	16.0854	1.3169	49.6314	52.1413	10.8643	140.4732	0.2439	2.7652	0.7	0.8806	0.3172	441.5	0.00365	0.0376	-0.22478	0.26356	0.27044	220.11	0.00849	0.0203	0.0384	0.01797	-0.01316	9.49	0.00267	0.0732	0.31969	0.63307	0.11272	16	-0.13437	-0.00927	-0.0466	0.01763	-0.14728	-0.06225	0.12305	-0.02745	0.02739	-0.10834	0.08392	0.00146	0.06042	0.02558	-0.14663	-0.08945	-0.18721	0.1326	-0.04064	-0.01308	-0.05735	0.02393	0.04228	-0.04483	-0.037	-0.01305	0.03748	0.00974	-0.09384	-0.07273	-0.00744	0.07764	292.68	787740404	798651482	1000	/scratch.global/lanej/1000G/ngs_dose/1000G_highcov/crams/HG01390.cram	9ab0a0e8,a23ef9ed,7f3b4c3c	184ab16e		14	0.997495	0.998456	0.99961	0.999937	2.042	1.886	0.128	633.209	10.42	scan	F	CLM	AMR	F	0.999725	0.999933	0.997816	NA	-0.17	1.1182	0.9972	467.2787	467.4507	521.1567	214.6609	9.552	1.9899	566.8741	10.8997	449.395	445.6717	508.4499	198.7462	9.6655	1.9864	586.8958	10.8915	600.8559	1.9366	0.1086	33.4921	F	2504	
HG01391	scan	0.1.0+fae1124	37.619	150	444	450	0.0881	0.9732	1.2164	0.0611	0.0454		1.9837	25.9019	602.4306	1.9281	0.0012	present	535.38	535.38	523.75	531.21	0.1686	575.5	0.054	524.66	661.95	552.0	612.33	452.65	564.54	549.81	705.08	432.72	546.35	452.36	551.59	408.81	512.22	537.84	567.01	167.652	NA	167.65	167.38	0.0654	206.3	0.0237	155.92	191.24	144.82	180.76	9.783	9.78	9.96	9.94	0.1121	9.88	0.0524	17.9806	1.1583	58.5005	54.9106	10.7187	138.2866	0.248	2.8237	0.7439	0.8455	0.6522	543.35	0.00345	0.0356	-0.16181	-0.39624	-0.27965	167.29	0.0119	0.0285	-0.04975	0.0219	0.01416	9.79	0.00255	0.0699	0.37055	0.02861	-0.36835	16	0.14351	0.01879	-0.018	-0.00362	-0.12745	-0.04981	0.03813	-0.05665	0.02941	-0.00225	0.02739	-0.04676	0.05882	-0.00435	0.0041	-0.06599	0.06668	-0.02387	0.02849	-0.02979	-0.02763	0.09487	-0.05122	0.00323	-0.08757	0.00706	0.05349	-0.06554	-0.05625	-0.05015	-0.01871	-0.00383	281.85	758429572	768519140	1000	/scratch.global/lanej/1000G/ngs_dose/1000G_highcov/crams/HG01391.cram	9ab0a0e8,a23ef9ed,7f3b4c3c	184ab16e		14	0.997822	0.998658	0.999583	0.999879	2.065	1.868	0.121	583.97	29.059	scan	F	CLM	AMR	F	0.999703	0.999911	0.997956	NA	0.13	1.127	1.0159	557.849	551.5763	620.0031	169.2358	9.8034	1.9878	604.7534	26.3625	489.6059	484.3966	558.1958	185.4845	9.7935	1.9848	655.6113	29.8201	555.201	1.9142	0.103	33.2259	F	698	
HG01392	scan	0.1.0+fae1124	38.147	150	430	450	0.0833	0.9725	1.2224	0.0651	0.0454		1.9999	78.8678	674.5486	0.9853	0.9847	present	526.912	526.91	506.18	510.62	0.1933	546.69	0.0488	504.67	562.49	524.57	590.44	403.75	457.85	497.06	578.35	395.67	452.98	412.56	488.81	369.69	403.44	525.28	555.21	284.236	NA	284.24	283.69	0.0789	344.83	0.0312	262.4	312.37	237.24	291.02	9.55	9.55	9.72	9.78	0.1259	9.65	0.0457	15.5668	10.8378	49.3054	75.7831	9.5446	140.7438	0.2174	3.5887	0.8465	0.7518	0.4925	527.68	0.00257	0.0265	0.28231	0.06787	0.19578	283.24	0.0078	0.0187	-0.03709	-0.02932	0.01685	9.62	0.00262	0.0718	-0.95069	-0.38852	0.07892	16	0.02759	0.00412	-0.03744	-0.04037	0.05535	0.14545	-0.01333	-0.08029	0.02341	0.01749	0.08781	-0.04105	0.04773	-0.00053	-0.13589	0.06138	-0.033	0.04741	-0.00605	0.05984	0.00069	-0.05206	-0.05764	-0.0195	-0.0878	0.02545	0.03322	-0.08385	0.0742	0.09087	0.0297	0.05773	449.96	758481214	770725536	1000	/scratch.global/lanej/1000G/ngs_dose/1000G_highcov/crams/HG01392.cram	9ab0a0e8,a23ef9ed,7f3b4c3c	184ab16e		14	0.997655	0.998576	0.999528	0.999888	2.013	0.978	0.78	668.463	91.534	scan	M	PUR	AMR	M	0.999653	0.999916	0.997801	NA	-0.04	1.1189	0.9941	547.5253	545.3188	619.7598	275.8549	9.6284	2.0019	613.7161	99.5429	509.9395	510.2034	573.7297	287.9787	9.7197	2.0009	699.9768	92.1845	629.4745	0.9998	0.7762	33.7259	M	2504	
HG01393	scan	0.1.0+fae1124	34.204	150	427	450	0.0869	0.9606	1.2402	0.0684	0.0461		2.0034	38.6248	706.2552	1.9263	0.0023	present	511.404	511.4	494.44	495.98	0.171	549.64	0.0486	464.13	585.54	497.47	567.72	410.66	514.04	516.52	662.39	399.76	505.71	417.83	517.46	369.19	462.96	515.52	550.23	157.748	NA	157.75	157.85	0.0746	197.64	0.0251	142.26	177.7	136.12	172.57	9.475	9.47	9.62	9.68	0.1251	9.56	0.0506	11.9078	1.5132	44.5361	58.6666	9.7973	142.5067	0.2348	2.7891	0.7145	0.7925	0.5591	502.46	0.00411	0.0424	1.14715	-0.68025	0.25918	156.59	0.00694	0.0166	-0.01182	0.01871	-0.00605	9.49	0.00319	0.0876	-0.325	0.44369	0.29112	16	0.09672	0.05256	-0.02218	-0.01866	-0.00222	0.01762	-0.06265	0.06362	0.00839	0.03285	0.01214	0.08708	2e-05	-0.00254	0.10963	0.01348	0.07444	-0.03906	0.03923	-0.01309	-0.03829	0.05457	0.07096	-0.0046	0.06938	0.04614	-0.0335	0.07154	-0.06645	-0.03129	0.06177	0.09418	261.84	690130110	699491757	1000	/scratch.global/lanej/1000G/ngs_dose/1000G_highcov/crams/HG01393.cram	9ab0a0e8,a23ef9ed,7f3b4c3c	184ab16e		14	0.997864	0.999236	0.999592	0.999901	2.037	1.87	0.13	688.337	48.748	scan	F	PUR	AMR	F	0.99973	0.999918	0.997889	NA	-0.17	1.1299	0.9901	475.7542	484.4446	534.8882	159.3793	9.4614	2.0063	815.6591	34.4712	485.1228	494.4158	546.2492	147.5707	9.5518	2.0066	720.9419	30.774	652.25	1.9134	0.1086	30.1882	F	2504	
HG01395	scan	0.1.0+fae1124	39.686	150	448	450	0.1063	0.9715	1.2066	0.061	0.0373		1.9981	40.4575	836.5419	0.9963	0.9764	present	521.004	521.0	497.49	493.42	0.1854	534.6	0.0566	470.2	533.41	511.88	567.97	375.54	425.24	453.53	525.88	368.93	421.22	401.87	468.3	331.65	371.19	521.72	548.08	223.619	NA	223.62	218.78	0.0902	264.74	0.0277	200.83	239.02	198.24	234.77	10.392	10.39	10.45	10.44	0.1085	10.38	0.0633	20.1084	11.0381	44.5308	63.9546	8.4384	136.9842	0.2574	2.9145	0.5971	0.838	0.4449	523.43	0.00289	0.0298	-0.07219	0.00786	0.35529	219.66	0.00911	0.0218	0.06675	0.0091	0.01372	10.24	0.00273	0.075	1.06627	-0.43549	0.50304	16	-0.34078	0.03861	0.01208	0.13453	-0.01891	0.04362	0.10226	-0.12942	0.03825	0.02131	0.02815	0.06078	0.01619	0.03982	-0.03045	0.05982	-0.08584	0.01811	0.04143	-0.0646	0.02403	0.04013	0.02563	-0.02923	-0.05463	0.03042	0.07761	-0.00387	-0.07197	-0.05204	0.02057	-0.00665	221.72	787861126	799670542	1000	/scratch.global/lanej/1000G/ngs_dose/1000G_highcov/crams/HG01395.cram	9ab0a0e8,a23ef9ed,7f3b4c3c	184ab16e		14	0.997877	0.998954	0.999606	0.999949	2.005	0.987	0.779	829.626	46.975	scan	M	PUR	AMR	M	0.999741	0.999951	0.997979	NA	0.58	1.0851	0.9779	564.234	559.7829	620.4003	211.9105	10.2681	1.9942	798.54	34.7923	513.2795	508.1392	574.5791	247.5888	10.2462	1.9926	743.0905	45.992	772.096	1.011	0.7854	34.3249	M	2504	
HG01396	scan	0.1.0+fae1124	37.866	150	431	450	0.0866	0.9725	1.2195	0.0608	0.0435		2.0032	25.288	627.4638	1.9492	0.0028	present	399.742	399.74	383.2	386.54	0.2197	413.0	0.0483	386.54	435.57	398.95	446.4	301.65	342.5	355.09	415.25	297.44	341.64	310.78	368.59	268.32	298.05	397.73	418.58	185.692	NA	185.69	182.46	0.0859	226.02	0.0293	159.23	191.89	155.66	191.52	9.784	9.78	9.88	9.89	0.1048	9.81	0.0506	19.9057	1.2106	47.1468	55.6744	9.5643	139.7388	0.209	3.3508	0.6615	0.8083	0.2648	403.57	0.00331	0.0341	0.0304	0.4681	0.13009	186.83	0.00277	0.0066	-0.00404	-0.0395	0.01164	9.72	0.00243	0.0668	0.40427	0.09736	-0.22634	16	-0.12945	0.06804	0.0742	0.06236	-0.05242	-0.03491	0.09843	-0.03529	-0.05335	-0.09828	0.03605	0.03546	0.02115	-0.01685	-0.06977	0.10042	-0.08335	0.00287	0.0051	-0.07194	0.04126	0.01971	-0.0424	0.00911	0.09086	0.03661	-0.08417	-0.01284	-0.04824	0.09981	-0.08867	0.10585	346.65	764416554	775551160	1000	/scratch.global/lanej/1000G/ngs_dose/1000G_highcov/crams/HG01396.cram	9ab0a0e8,a23ef9ed,7f3b4c3c	184ab16e		14	0.997574	0.997775	0.99945	0.999781	2.039	1.896	0.136	615.284	29.471	scan	F	PUR	AMR	F	0.999577	0.999828	0.997956	NA	0.06	1.1061	0.9886	425.6866	419.6195	481.1382	178.1914	9.7881	2.0017	630.2868	38.2627	434.889	431.012	490.5365	182.3389	9.7619	2.005	617.6722	37.5054	579.0318	1.9438	0.1116	33.348	F	2504	
HG01398	scan	0.1.0+fae1124	38.275	150	430	450	0.1038	0.9597	1.3025	0.0747	0.0491		2.0085	18.8494	958.5312	0.9905	0.9784	present	558.103	558.1	533.74	539.34	0.1948	598.52	0.0567	532.16	660.59	563.09	658.11	418.89	522.28	503.31	650.19	415.68	525.62	437.99	558.41	385.29	468.95	554.65	597.5	152.56	NA	152.56	149.2	0.0718	198.91	0.0297	139.79	179.81	137.24	181.53	9.528	9.53	9.66	9.71	0.1201	9.58	0.0614	15.5857	11.7336	50.0171	79.6474	9.5128	155.3383	0.2329	2.6986	0.6278	0.8325	0.4764	561.88	0.00247	0.0254	0.2642	0.36995	0.01634	150.39	0.01003	0.024	0.0208	0.04398	0.00222	9.56	0.00263	0.0722	-0.62576	-1.09051	-0.08338	16	0.02799	0.0416	0.27309	0.0042	0.07903	-0.00821	-0.11248	-0.15519	-0.0641	0.02188	-0.03105	0.01025	-0.01173	0.06383	0.07784	0.06752	0.05967	0.07038	-0.01618	0.01112	0.03877	-0.00127	-0.01675	-0.08868	0.05774	-0.02524	-0.07407	0.02726	-0.01556	0.05021	0.11414	0.07018	333.77	766173936	779175656	1000	/scratch.global/lanej/1000G/ngs_dose/1000G_highcov/crams/HG01398.cram	9ab0a0e8,a23ef9ed,7f3b4c3c	184ab16e		14	0.997513	0.999046	0.999391	0.999701	2.067	0.984	0.775	952.951	22.879	scan	M	PUR	AMR	M	0.99947	0.999777	0.997586	NA	-0.1	1.1713	1.0022	558.9549	554.4378	655.6806	153.582	9.6438	2.0089	947.727	21.2641	546.0089	541.7869	615.8562	147.2116	9.668	2.0107	818.5287	19.6819	882.9933	0.9982	0.7706	33.4017	M	2504	
HG01402	scan	0.1.0+fae1124	37.506	150	407	400	0.1074	0.9605	1.2772	0.0741	0.0388		1.9946	185.9397	1291.1892	0.9818	0.9659	present	717.576	717.58	689.23	700.95	0.173	774.03	0.0647	686.78	879.32	731.74	850.38	540.02	658.3	709.66	921.72	566.63	723.38	590.84	741.28	485.59	609.21	712.94	768.0	201.142	NA	201.14	199.1	0.0766	257.02	0.0266	193.31	247.0	179.05	229.51	9.951	9.95	10.02	9.98	0.1088	9.93	0.0624	18.638	17.1764	37.707	96.2255	9.0349	128.725	0.2503	2.4622	0.8684	0.8883	0.639	720.82	0.00213	0.0219	-0.04453	-0.30071	0.00885	200.34	0.00741	0.0177	0.02485	0.03526	-0.02078	9.84	0.00272	0.0747	0.15904	0.29327	-0.3378	16	-0.36793	-0.17174	-0.14542	-0.05877	0.23359	0.01758	-0.13053	-0.1164	0.16718	0.14022	0.09452	-0.10167	0.02898	-0.07222	-0.18335	-0.07029	0.03241	0.08341	-0.05968	0.10435	0.03712	0.11524	0.09509	-0.05141	-0.09762	-0.08069	0.07443	-0.14191	-0.01639	0.04852	-0.02532	0.03178	328.7	751918036	765214570	1000	/scratch.global/lanej/1000G/ngs_dose/1000G_highcov/crams/HG01402.cram	9ab0a0e8,a23ef9ed,7f3b4c3c	184ab16e		14	0.997694	0.998821	0.99964	0.999931	1.989	0.986	0.955	1254.12	238.287	scan	M	PUR	AMR	M	0.999712	0.999985	0.99789	NA	0.18	1.1797	1.0151	704.8659	704.0435	822.1643	203.9941	9.7776	1.995	940.8759	204.9935	648.9581	641.8924	746.57	196.9976	9.6682	1.9965	975.5677	197.1205	1120.8351	1.0102	0.953	32.1731	M	2504	
HG01403	scan	0.1.0+fae1124	35.277	150	442	450	0.0648	0.9853	1.1518	0.0721	0.0378		2.0018	34.489	745.7128	1.939	0.0032	present	445.551	445.55	424.6	421.7	0.2128	444.59	0.0385	411.46	443.85	457.68	491.93	325.28	352.19	405.76	452.53	314.63	344.46	347.36	391.15	295.03	313.43	441.35	454.38	130.158	NA	130.16	127.18	0.105	149.7	0.0153	122.32	140.15	113.46	131.34	9.637	9.64	9.7	9.69	0.1194	9.64	0.0382	10.7233	0.9132	52.9453	52.8126	12.8683	139.3251	0.2135	2.5351	0.6266	0.8073	0.4652	442.95	0.00474	0.0489	0.10364	0.49312	0.1165	128.7	0.01444	0.0346	0.08747	-0.02542	-0.00419	9.52	0.00266	0.073	-0.26097	0.51236	0.42318	16	-0.19034	-0.04177	0.00627	-0.11641	0.01212	-0.08661	-0.06756	0.13903	0.02054	0.01974	0.04183	-0.02534	0.1063	0.03163	-0.06813	-0.01938	-0.02156	0.0498	0.05667	0.02769	0.07564	-0.13863	-0.03573	0.05564	0.06	0.02647	0.02673	0.07204	0.01284	0.0275	-0.09548	0.0237	352.18	709030318	718632825	1000	/scratch.global/lanej/1000G/ngs_dose/1000G_highcov/crams/HG01403.cram	9ab0a0e8,a23ef9ed,7f3b4c3c	184ab16e		14	0.996785	0.998685	0.999582	0.999924	2.034	1.886	0.131	726.339	38.055	scan	F	PUR	AMR	F	0.999807	0.999923	0.997198	NA	-0.14	1.1106	1.0333	417.0775	421.5986	458.5135	127.7152	9.6015	2.0037	661.2973	41.8166	426.9378	425.5325	496.7607	129.5747	9.7049	2.0004	763.7195	54.2542	678.9078	1.9388	0.1084	31.7319	F	2504	
HG01405	scan	0.1.0+fae1124	38.783	150	450	450	0.0994	0.9659	1.2634	0.0629	0.0433		1.9983	23.203	785.8061	0.9921	0.9574	present	446.847	446.85	425.24	424.99	0.2051	470.36	0.052	424.69	509.21	447.5	515.2	329.44	395.91	401.25	499.86	321.03	391.42	343.59	426.51	297.84	351.75	442.7	473.44	218.02	NA	218.02	211.16	0.0941	277.56	0.0331	200.39	252.79	186.46	240.59	10.676	10.68	10.65	10.71	0.1375	10.56	0.059	20.9473	11.2089	47.3619	76.2423	11.3122	134.5319	0.2527	2.6579	0.6312	0.9381	0.5304	452.93	0.00373	0.0384	-0.57953	0.37318	0.09252	216.86	0.01112	0.0266	0.04481	-0.03587	0.00205	10.55	0.00455	0.1249	2.14919	-0.29404	2.42567	16	-0.39867	0.13294	0.2482	-0.01107	0.05405	-0.03401	-0.06134	-0.10896	-0.03304	-0.02744	-0.06606	-0.01434	-0.04957	0.06269	0.10035	-0.10698	0.08006	-0.02719	0.06506	-0.03095	-0.05775	-0.01315	0.08724	0.13193	0.00534	-0.05892	-0.04725	0.00474	-0.00233	0.01729	0.04177	0.05718	311.46	768808674	781319532	1000	/scratch.global/lanej/1000G/ngs_dose/1000G_highcov/crams/HG01405.cram	9ab0a0e8,a23ef9ed,7f3b4c3c	184ab16e		14	0.997831	0.99826	0.999572	0.999926	2.032	0.972	0.769	777.196	27.615	scan	M	PUR	AMR	M	0.999622	0.99995	0.997846	NA	0.89	1.1375	0.988	443.2489	441.0941	493.6054	229.1847	10.836	1.9978	714.0306	24.69	516.2742	509.4982	582.5781	228.3028	10.608	1.9972	688.8287	17.6929	734.3977	0.9966	0.7712	33.7378	M	2504	DJ +0.89 copies
HG01412	scan	0.1.0+fae1124	37.519	150	442	450	0.1067	0.9796	1.1916	0.0724	0.0394		2.0025	67.9942	697.415	0.9951	0.9786	present	395.663	395.66	380.2	376.5	0.1874	401.81	0.0549	359.51	383.19	398.91	436.63	295.86	320.16	379.83	417.17	285.69	310.68	308.33	349.86	254.88	267.81	396.77	413.64	94.702	NA	94.7	94.3	0.0974	109.8	0.0321	84.24	96.59	80.61	93.96	9.663	9.66	9.71	9.7	0.1139	9.67	0.0639	21.2787	9.1211	43.1894	70.0253	9.5841	136.4901	0.2472	2.5565	0.8595	0.8203	0.3901	398.18	0.00281	0.0289	-0.06234	0.07214	0.32749	92.99	0.00919	0.022	0.03286	-0.01674	-0.02703	9.56	0.00258	0.0707	-0.06611	0.02616	0.1862	16	-0.0865	0.00768	-0.01064	-0.09509	0.08698	0.08014	0.01238	-0.11521	-0.01695	0.07712	-0.05356	0.07567	-0.08927	-0.0377	0.00037	0.04637	0.05862	-0.03273	0.02637	0.0004	0.02629	0.07594	-0.06033	0.00354	0.02062	-0.00584	0.02941	0.01346	0.082	-0.01294	0.07983	-0.16241	351.53	746765364	758115379	1000	/scratch.global/lanej/1000G/ngs_dose/1000G_highcov/crams/HG01412.cram	9ab0a0e8,a23ef9ed,7f3b4c3c	184ab16e		14	0.997311	0.99859	0.999575	0.999968	2.026	0.987	0.751	671.627	80.612	scan	M	PUR	AMR	M	0.999659	0.999968	0.997206	NA	-0.1	1.0966	1.0018	390.3538	386.2381	430.7988	94.3829	9.5588	2.0024	691.8139	75.1118	393.5393	386.5067	452.5593	94.7263	9.615	2.0036	669.0599	48.615	635.4628	1.0082	0.7562	32.4539	M	2504	
HG01413	scan	0.1.0+fae1124	38.168	150	448	450	0.1106	0.9733	1.2348	0.0637	0.0342		1.9945	29.5464	696.4055	0.9917	0.992	present	413.241	413.24	390.78	389.77	0.2153	421.11	0.0556	388.08	434.92	408.32	456.6	302.37	341.74	371.26	431.77	300.98	343.76	317.7	376.73	286.25	315.32	405.97	427.64	183.369	NA	183.37	182.52	0.0874	223.16	0.0369	171.72	207.5	154.69	189.65	10.396	10.4	10.44	10.43	0.1205	10.37	0.0668	20.3862	12.1971	47.7291	82.6275	9.4997	139.619	0.2567	3.3227	0.6807	0.8246	0.3367	411.23	0.00355	0.0366	0.17211	0.6214	-0.05214	182.58	0.00486	0.0116	-0.0071	-0.0442	0.01396	10.27	0.00303	0.0831	0.9331	-0.32959	1.05159	16	-0.37194	-0.15984	-0.13203	-0.01246	0.02932	0.11051	-0.02034	0.00519	-0.00489	-0.03758	0.01448	0.00693	-0.04467	-0.05933	0.06083	0.02803	0.07847	0.08057	-0.02136	-0.07764	-0.04884	-0.01816	0.06665	0.01367	0.01692	0.02297	0.00958	0.02787	-0.004	-0.08841	-0.04776	0.02807	415.98	759302812	772253012	1000	/scratch.global/lanej/1000G/ngs_dose/1000G_highcov/crams/HG01413.cram	9ab0a0e8,a23ef9ed,7f3b4c3c	184ab16e		14	0.997866	0.99861	0.999586	0.999953	1.999	0.992	0.802	687.208	35.094	scan	M	PUR	AMR	M	0.999584	0.999951	0.99798	NA	0.61	1.1103	0.9929	415.659	417.7522	469.5456	182.1227	10.2858	1.9888	747.0082	33.0181	416.4496	417.3426	474.842	191.2678	10.2148	1.9912	684.7355	40.6612	651.4501	1.0154	0.8062	32.8742	M	2504	
HG01414	scan	0.1.0+fae1124	36.383	150	446	450	0.0709	0.9623	1.2686	0.0625	0.0381	chr12	2.0025	26.9495	826.2283	1.9558	0.0027	present	362.363	362.36	349.24	350.42	0.1681	392.64	0.0405	351.13	461.86	366.3	421.8	287.76	377.6	353.89	472.92	277.98	368.06	293.24	374.61	257.38	337.25	361.22	386.14	272.681	NA	272.68	270.77	0.0846	352.66	0.0318	258.14	329.83	222.63	292.89	10.199	10.2	10.39	10.36	0.117	10.29	0.0416	19.9424	1.6396	38.1675	58.3672	9.5511	137.3849	0.2248	3.1316	0.6638	0.8631	0.3685	366.03	0.00198	0.0204	0.12344	-0.12275	-0.04998	272.57	0.00464	0.0111	-0.0643	-0.05171	-0.00644	10.2	0.00287	0.0788	-0.17034	-0.57154	0.97604	16	-0.13814	-0.36013	0.01145	0.0219	-0.12967	-0.06126	0.11812	-0.04095	0.13269	-0.01036	0.02963	-0.02265	0.09173	0.03492	-0.04566	0.0417	-0.00174	0.00302	0.08355	-0.02977	-0.061	0.04021	-0.04527	-0.08769	-0.06287	0.08722	0.03265	0.05667	0.01224	-0.00392	0.04635	-0.07092	387.43	732760280	743973532	1000	/scratch.global/lanej/1000G/ngs_dose/1000G_highcov/crams/HG01414.cram	9ab0a0e8,a23ef9ed,7f3b4c3c	184ab16e		14	0.997801	0.998342	0.999624	0.999938	2.006	1.892	0.138	806.311	33.423	scan	F	PUR	AMR	F	0.999749	0.999945	0.997941	NA	0.54	1.1524	1.0007	397.3593	392.6568	462.497	257.3231	10.1416	1.996	771.2105	23.8053	360.1844	358.6617	408.3781	264.4161	10.1184	1.9959	723.7182	22.9524	747.5882	1.9412	0.114	32.6501	F	2504	aneuploid: chr12
HG01431	scan	0.1.0+fae1124	37.006	150	431	450	0.101	0.9726	1.2401	0.0778	0.0444		1.9851	12.8069	896.6534	0.9836	0.9612	present	422.995	423.0	411.12	418.45	0.185	449.21	0.0575	406.96	486.96	417.29	470.91	322.75	383.12	377.26	463.55	316.26	380.27	334.41	403.96	295.62	347.68	428.69	453.43	176.053	NA	176.05	172.63	0.0729	215.7	0.0307	164.5	202.51	155.34	191.14	10.046	10.05	10.1	10.1	0.108	10.02	0.0606	18.586	19.5183	55.2967	82.5613	10.632	127.1172	0.2392	3.3559	0.5612	0.8572	0.3805	426.46	0.00254	0.0262	0.24194	-0.2895	0.51809	174.51	0.00558	0.0134	-0.00441	0.03194	-0.0055	9.89	0.00279	0.0764	0.81176	0.17539	-0.79338	16	-0.1242	0.04475	-0.00721	0.31801	0.21196	-0.19673	-0.06616	-0.36403	0.07526	0.01004	-0.00344	-0.06118	-0.06313	-0.07791	0.01691	-0.09531	-0.04457	0.00496	0.05351	-0.02471	-0.02322	0.00469	0.0331	0.12264	-0.07946	0.00276	-0.11088	0.01175	-0.02597	0.03651	-0.0067	-0.05906	377.49	739945608	753148758	1000	/scratch.global/lanej/1000G/ngs_dose/1000G_highcov/crams/HG01431.cram	9ab0a0e8,a23ef9ed,7f3b4c3c	184ab16e		14	0.997635	0.999054	0.999563	0.999765	2.06	0.981	0.98	878.554	14.826	scan	M	CLM	AMR	M	0.999645	0.99983	0.99791	NA	0.23	1.1042	0.9785	446.8969	442.5982	488.8949	185.154	9.7006	1.9857	793.7063	10.9404	445.1558	440.3199	500.6736	169.722	9.5389	1.9858	715.15	5.4743	816.2976	0.9984	0.9768	32.2914	M	2504	
HG01432	scan	0.1.0+fae1124	33.742	150	444	450	0.1002	0.9613	1.2518	0.0637	0.0404		2.0041	139.7062	661.9037	1.9606	0.0028	present	344.648	344.65	332.73	335.72	0.1788	369.45	0.049	327.01	404.53	345.16	396.11	266.83	329.52	337.29	428.67	251.83	314.63	273.18	338.41	229.27	279.66	346.38	370.35	199.945	NA	199.95	199.62	0.0826	251.1	0.0327	192.89	240.59	171.36	217.58	9.665	9.66	9.64	9.6	0.1195	9.56	0.059	19.5219	1.4689	53.7353	70.6009	10.8738	157.0868	0.2603	2.8676	0.5392	0.8972	0.6867	348.28	0.00277	0.0286	-0.04948	-0.20261	0.10798	198.5	0.00472	0.0113	0.00402	-0.00275	-0.01259	9.48	0.00318	0.0873	0.80371	0.59238	0.61372	16	-0.16581	-0.06278	-0.0131	-0.08052	-0.0482	0.14218	-0.05703	0.00106	-0.04052	-0.06055	-0.01116	-0.05061	-0.03178	0.09872	-0.06065	-0.04531	0.04676	-0.10625	0.01815	0.00997	0.05071	0.05469	-0.01231	0.10878	-0.10754	0.04586	0.05781	-0.01335	-0.0405	-0.09236	-0.02006	-0.08974	326.78	685581730	697418507	1000	/scratch.global/lanej/1000G/ngs_dose/1000G_highcov/crams/HG01432.cram	9ab0a0e8,a23ef9ed,7f3b4c3c	184ab16e		14	0.997599	0.999289	0.99947	0.999969	2.071	1.889	0.163	647.069	170.949	scan	F	CLM	AMR	F	0.999481	1.0	0.997827	NA	-0.18	1.1373	0.991	351.0713	348.5475	401.7854	198.0675	9.5934	2.0036	604.7102	124.9025	372.9266	366.534	427.523	188.5062	9.6508	2.0013	768.8319	101.9299	618.8725	1.9308	0.1346	29.4376	F	2504	
HG01433	scan	0.1.0+fae1124	40.025	150	444	450	0.0728	0.9598	1.2914	0.0572	0.0408		2.0069	23.4391	756.2783	1.0045	0.9768	present	546.549	546.55	526.4	532.97	0.1823	595.71	0.0516	526.06	706.8	551.85	639.95	425.05	562.24	525.07	716.06	411.49	551.73	436.71	565.28	373.4	499.39	546.71	586.21	190.205	NA	190.21	187.91	0.0758	249.37	0.0236	170.72	223.96	164.13	218.36	9.795	9.79	9.9	9.89	0.1143	9.8	0.0428	14.9257	20.125	59.4386	85.6665	12.1513	146.4319	0.2555	3.2728	0.6598	0.8737	0.3265	551.22	0.00223	0.023	-0.0774	-0.19913	0.37826	187.91	0.00362	0.0087	-0.00629	0.01106	0.00932	9.74	0.00255	0.0701	0.40502	-0.32283	-0.17281	16	-0.12674	-0.03614	-0.04821	0.07804	-0.06574	0.04985	-0.01965	0.04035	-0.02725	0.02832	0.04402	-0.04709	-0.00664	0.02439	0.05397	0.00916	0.03927	-0.0407	-0.01254	0.00998	-0.05065	0.05438	0.03322	-0.12324	-0.00887	-0.02843	-0.03655	0.04746	-0.06407	0.04863	-0.10164	0.01948	246.26	801190426	814892148	1000	/scratch.global/lanej/1000G/ngs_dose/1000G_highcov/crams/HG01433.cram	9ab0a0e8,a23ef9ed,7f3b4c3c	184ab16e		14	0.997504	0.998638	0.999618	0.999866	2.093	0.977	1.003	742.745	27.97	scan	M	CLM	AMR	M	0.999671	0.999905	0.997856	NA	0.08	1.161	1.0011	557.7769	554.3202	650.8039	185.0391	9.7494	2.0032	806.1726	18.383	553.3003	552.263	625.0236	185.6142	9.7222	2.0048	810.9959	18.8342	693.5934	0.9964	0.982	36.049	M	698	
HG01435	scan	0.1.0+fae1124	38.002	150	427	450	0.1065	0.9812	1.1818	0.0594	0.033		1.9969	12.7811	705.1018	1.9671	0.0029	present	416.857	416.86	399.96	403.9	0.1839	423.8	0.0547	403.83	446.46	417.99	458.04	316.87	351.86	392.31	446.4	323.56	362.76	332.83	383.69	295.0	323.04	412.93	428.29	78.854	NA	78.85	77.36	0.0828	93.01	0.0308	70.7	82.89	66.02	78.56	9.671	9.67	9.75	9.8	0.1237	9.68	0.0623	12.1534	1.6121	53.9728	56.9617	11.4767	134.2406	0.2597	2.7398	0.6274	0.8484	0.5327	418.27	0.0021	0.0217	-0.09047	0.09256	0.02073	78.91	0.01164	0.0279	-0.00356	-0.01317	0.01584	9.6	0.00268	0.0736	-0.92277	0.01318	-0.08664	16	-0.68162	-0.10564	-0.19358	0.1395	0.0176	0.06968	0.00073	0.00915	-0.10186	-0.12217	0.04843	-0.02771	-0.02609	-0.06034	-0.08171	0.02062	0.02933	0.01806	0.04506	-0.0558	-0.00575	0.04177	-0.02829	0.06547	0.02457	0.05992	-0.03114	0.06226	0.08839	0.05269	-0.00826	-0.00792	226.87	761790176	772910534	1000	/scratch.global/lanej/1000G/ngs_dose/1000G_highcov/crams/HG01435.cram	9ab0a0e8,a23ef9ed,7f3b4c3c	184ab16e		14	0.997748	0.999007	0.999585	0.999886	2.015	1.924	0.14	694.681	14.054	scan	F	CLM	AMR	F	0.999679	0.999924	0.997932	NA	-0.06	1.0951	0.9993	439.7371	437.851	498.5771	76.4411	9.6535	1.9881	676.6928	16.0034	425.1381	425.1593	486.5429	75.9895	9.675	1.9884	703.6155	19.9368	656.0447	1.9864	0.1184	32.5807	F	2504	
HG01437	scan	0.1.0+fae1124	38.2	150	443	450	0.1111	0.9637	1.2797	0.0767	0.0436		2.0152	61.4066	542.0487	0.9978	0.9779	present	491.99	491.99	470.79	481.14	0.18	519.63	0.0589	454.09	539.59	475.64	546.53	355.55	425.24	436.77	531.3	359.44	432.63	369.16	452.52	323.73	380.23	495.13	529.92	192.694	NA	192.69	193.0	0.073	240.75	0.0265	177.24	219.89	170.32	214.24	8.766	8.77	8.88	8.9	0.1162	8.82	0.0665	16.8637	14.7968	58.5331	74.6445	12.209	154.1519	0.2402	2.7576	0.5346	0.8945	0.346	488.59	0.0027	0.0278	0.47247	-0.24828	0.60741	191.08	0.00834	0.02	0.00348	0.01741	0.03227	8.75	0.00281	0.0772	0.50844	-0.06121	0.1794	16	0.03371	-0.16518	-0.02185	-0.06872	0.02786	0.09603	0.05372	-0.0797	0.1106	0.10082	-0.03056	0.05706	-0.02882	-0.02731	0.10289	0.0614	-0.12354	0.06993	0.04966	-0.0149	0.05333	-0.11175	-0.00034	-0.03243	-0.11617	-0.05979	-0.05682	0.16403	-0.03063	-0.039	0.04177	-0.02962	235.1	768055744	779297614	1000	/scratch.global/lanej/1000G/ngs_dose/1000G_highcov/crams/HG01437.cram	9ab0a0e8,a23ef9ed,7f3b4c3c	184ab16e		14	0.997436	0.998659	0.999601	0.999942	2.066	0.99	0.919	525.225	74.135	scan	M	CLM	AMR	M	0.999717	0.999943	0.997718	NA	-0.91	1.1186	0.9735	493.2599	495.1425	552.585	190.9609	8.6795	2.0124	594.2608	51.6306	513.9749	511.9805	576.5297	169.136	8.771	2.0139	632.0792	55.8126	500.6604	1.0026	0.917	33.1923	M	2504	DJ -0.91 copies
HG01438	scan	0.1.0+fae1124	39.39	150	439	450	0.1116	0.9706	1.2227	0.0635	0.0431		1.9967	36.6617	658.9723	1.8591	0.0028	present	350.909	350.91	336.95	340.59	0.1961	366.27	0.0564	330.74	384.3	348.4	393.29	263.59	307.94	319.93	382.68	256.36	302.17	275.51	329.12	240.6	275.35	350.92	371.0	233.727	NA	233.73	231.14	0.0861	283.88	0.0312	208.74	251.64	203.57	249.06	9.815	9.81	9.93	9.95	0.1147	9.86	0.0641	16.0929	1.7978	43.3749	50.2034	11.6709	133.404	0.2368	2.5387	0.5213	0.8438	0.6507	351.59	0.00254	0.0262	0.07102	0.15011	0.03269	231.04	0.00927	0.0222	0.03875	0.00991	-0.00864	9.77	0.00264	0.0724	0.05484	0.38736	-0.19156	16	-0.07838	-0.04798	-0.08586	-0.00701	-0.15386	-0.03857	0.04575	-0.01861	-0.01239	-0.03074	0.07779	-0.02907	-0.00726	0.03895	-0.02364	-0.00938	-0.01017	-0.08399	0.02487	0.02878	0.06762	0.04361	-0.05953	0.08619	-0.00773	0.03162	-0.01859	0.01243	-0.04118	0.03582	-0.02089	0.03397	315.24	790710202	801281704	1000	/scratch.global/lanej/1000G/ngs_dose/1000G_highcov/crams/HG01438.cram	9ab0a0e8,a23ef9ed,7f3b4c3c	184ab16e		14	0.997751	0.998934	0.999458	0.999773	2.02	1.799	0.13	645.773	43.367	scan	F	CLM	AMR	F	0.999658	0.999803	0.997759	NA	0.11	1.1186	0.9909	365.8535	365.6347	410.9727	225.8708	9.7614	1.9974	651.2231	36.2063	349.8425	348.1302	398.8877	243.0008	9.7988	1.9972	756.9968	46.4634	611.038	1.846	0.1106	33.8126	F	2504	
HG01439	scan	0.1.0+fae1124	38.078	150	435	450	0.0758	0.967	1.269	0.0708	0.0363		2.0012	36.8709	720.4164	1.9558	0.0014	present	503.682	503.68	495.9	498.28	0.1676	548.92	0.0496	481.72	622.78	514.13	579.48	410.75	523.84	487.99	641.68	392.37	507.06	409.7	514.96	374.83	481.35	516.52	544.46	219.036	NA	219.04	217.43	0.0733	279.28	0.0201	189.36	241.55	189.42	244.79	9.711	9.71	9.74	9.71	0.1173	9.64	0.0461	16.7012	1.575	51.9929	51.4307	12.227	137.3293	0.253	2.4557	0.5344	0.7759	0.467	512.45	0.00262	0.027	0.48201	-0.48298	0.32358	217.92	0.00593	0.0142	-0.00321	0.01801	0.01263	9.55	0.00265	0.0728	0.26421	0.13693	-0.37793	16	-0.29489	0.01894	-0.01893	0.12112	-0.0031	0.07728	-0.04398	0.00799	-0.11456	-0.13647	0.06876	-0.10673	0.0971	-0.08002	0.00274	-0.0142	0.00958	-0.09087	-0.06528	-0.05734	-0.03244	0.03229	0.00306	0.19239	-0.02648	0.01853	-0.01087	0.02969	-0.04826	0.17132	-0.03965	0.01294	379.8	765060402	774491133	1000	/scratch.global/lanej/1000G/ngs_dose/1000G_highcov/crams/HG01439.cram	9ab0a0e8,a23ef9ed,7f3b4c3c	184ab16e		14	0.997891	0.998805	0.999625	0.999887	2.033	1.889	0.125	706.351	43.546	scan	F	CLM	AMR	F	0.999627	0.9999	0.998249	NA	-0.11	1.1308	1.0033	536.6192	529.8156	614.8888	217.9735	9.7088	1.9977	750.5122	60.7423	515.1615	512.14	577.8084	215.5092	9.6997	1.9962	859.2582	55.3932	667.3076	1.9454	0.1062	33.8867	F	698	
HG01440	scan	0.1.0+fae1124	38.341	150	431	450	0.1117	0.971	1.2291	0.0636	0.0348		1.9893	19.6391	765.6315	0.9928	0.9728	present	377.525	377.52	366.33	368.05	0.1866	400.84	0.0563	367.91	445.81	385.49	434.64	287.74	345.78	360.86	450.7	284.25	346.96	299.9	366.19	262.24	313.74	380.13	401.2	142.151	NA	142.15	141.07	0.0824	176.98	0.0355	137.29	170.89	121.2	152.6	8.521	8.52	8.61	8.61	0.1195	8.54	0.0675	15.1294	10.6171	51.095	66.4733	9.6271	134.362	0.243	3.2978	0.6169	0.7498	0.4177	383.78	0.00236	0.0243	-0.0866	0.03751	0.10123	142.25	0.0045	0.0108	0.0242	-0.01451	0.04465	8.46	0.00294	0.0807	-0.46601	0.00134	0.12725	16	-0.39531	-0.03104	0.0228	-0.00214	0.01561	0.024	-0.06297	-0.0321	-0.0261	-0.02309	0.00757	-0.01745	-0.04045	0.02796	0.0747	-0.00685	-0.09317	-0.02601	0.10255	0.0292	0.00669	0.01188	0.00039	-0.08677	-0.03578	0.0182	-0.0028	-0.00247	-0.02556	0.0289	0.02489	0.06022	429.13	755931736	767104506	1000	/scratch.global/lanej/1000G/ngs_dose/1000G_highcov/crams/HG01440.cram	9ab0a0e8,a23ef9ed,7f3b4c3c	184ab16e		14	0.997512	0.998887	0.999515	0.999921	2.013	0.982	0.772	760.29	23.376	scan	M	CLM	AMR	M	0.999544	0.999944	0.99777	NA	-1.2	1.1325	1.0045	383.8601	379.0111	436.0765	143.9341	8.5499	1.9861	757.7472	20.272	371.4036	366.5796	419.4065	140.6334	8.6013	1.9876	662.6578	18.3536	720.8504	1.0106	0.7844	32.7355	M	2504	DJ -1.20 copies
HG01441	scan	0.1.0+fae1124	37.351	150	450	450	0.11	0.9672	1.2485	0.0638	0.0502		1.9849	68.7994	590.961	1.9325	0.0027	present	521.021	521.02	491.04	491.13	0.2071	539.13	0.0574	464.18	554.26	510.18	579.55	372.42	444.13	446.38	549.7	360.03	434.66	392.42	478.69	332.34	390.45	516.17	548.73	145.234	NA	145.23	141.96	0.0937	180.55	0.0284	126.43	156.78	128.55	161.06	9.724	9.72	9.89	9.93	0.1226	9.82	0.0656	14.0499	0.881	44.4456	56.3815	13.1029	138.8323	0.235	2.6003	0.4233	0.8228	0.3318	519.86	0.00343	0.0354	0.30076	0.51386	0.22296	144.55	0.01309	0.0313	0.05428	-0.02077	0.00605	9.75	0.00272	0.0747	-0.85846	0.01844	-0.38135	16	0.11342	-0.00911	-0.0771	0.1481	0.04561	-0.02687	-0.12152	-0.00927	-0.07162	-0.07844	-0.07101	0.05029	0.00462	-0.07381	-0.03026	0.05257	-0.08158	0.04674	0.03154	0.05932	0.08789	0.06375	0.03618	0.02282	-0.05144	-0.01819	-0.00494	-0.00639	0.01006	0.06356	0.03467	0.06156	251.08	754605906	765371570	1000	/scratch.global/lanej/1000G/ngs_dose/1000G_highcov/crams/HG01441.cram	9ab0a0e8,a23ef9ed,7f3b4c3c	184ab16e		14	0.997639	0.998318	0.999539	0.999881	2.029	1.874	0.141	576.153	81.337	scan	F	CLM	AMR	F	0.999616	0.999959	0.997738	NA	0.09	1.1148	0.9814	508.5181	505.8985	580.7009	145.6022	9.6297	1.9856	652.1727	71.1902	542.0914	540.6462	602.5143	149.3175	9.6919	1.9872	629.0416	94.0796	552.6013	1.9194	0.1172	32.2399	F	2504	
HG01443	scan	0.1.0+fae1124	35.655	150	437	450	0.0949	0.9579	1.2679	0.0676	0.0425		1.9998	24.5688	778.9736	1.0005	0.9806	present	357.776	357.78	341.74	347.4	0.1923	381.74	0.0469	332.7	411.42	352.3	406.7	277.13	341.94	339.72	427.2	259.72	323.06	280.02	348.34	232.91	286.63	356.27	383.88	172.145	NA	172.15	171.79	0.0839	217.97	0.0238	162.91	205.64	156.34	199.84	9.507	9.51	9.63	9.65	0.125	9.57	0.0566	21.5772	11.9979	54.5928	86.2288	9.2503	150.6017	0.2498	2.4996	0.5784	0.8185	0.5176	357.66	0.00278	0.0287	0.32848	0.21995	-0.11358	170.15	0.01142	0.0273	0.0251	0.01922	-0.02905	9.49	0.00279	0.0765	-0.6528	-0.03569	0.42026	16	-0.24055	0.01824	0.12997	0.15532	-0.06206	0.14297	0.1327	-0.1094	-0.0049	-0.0339	-0.06571	-0.02794	0.01545	-0.0691	0.04038	-0.00981	0.01438	-0.07098	0.00638	-0.07318	0.01658	-0.01006	-0.06813	0.11256	0.00273	-0.01368	0.02182	0.03877	0.082	-0.04592	0.00337	0.01641	322.9	710034834	722166441	1000	/scratch.global/lanej/1000G/ngs_dose/1000G_highcov/crams/HG01443.cram	9ab0a0e8,a23ef9ed,7f3b4c3c	184ab16e		14	0.997859	0.99873	0.999453	1.0	2.031	0.983	0.782	771.995	29.574	scan	M	CLM	AMR	M	0.999556	1.0	0.997791	NA	-0.17	1.1371	0.985	389.4224	389.9746	445.8265	168.5898	9.673	1.9919	828.0739	25.4411	377.0403	376.8149	423.3551	188.1434	9.7051	1.9951	863.758	34.9985	728.734	1.0036	0.7822	31.2444	M	2504	
HG01444	scan	0.1.0+fae1124	36.935	150	429	450	0.1034	0.9646	1.2391	0.0719	0.0512		1.9967	25.8245	495.1332	1.9292	0.0047	present	553.468	553.47	525.87	530.42	0.1736	583.31	0.058	513.35	620.45	523.9	603.55	430.44	519.6	490.07	608.48	417.44	509.48	426.78	523.25	382.23	455.91	548.95	589.62	225.763	NA	225.76	222.24	0.0728	281.24	0.0281	197.28	245.14	203.96	255.98	10.443	10.44	10.57	10.58	0.1126	10.5	0.0625	17.7455	1.3416	44.4653	55.2313	11.5256	145.0227	0.2467	2.8804	0.5851	0.8822	0.7573	551.62	0.00322	0.0332	0.22699	-0.09429	0.15482	222.58	0.00808	0.0193	0.02744	0.04919	0.00304	10.39	0.00302	0.0827	0.46577	0.09182	0.86268	16	0.21069	0.03203	-0.04371	0.19624	-0.0675	-0.00927	0.11522	-0.06555	-0.03114	-0.08289	0.0067	0.12715	-0.00176	-0.01154	0.04438	0.12208	0.03891	0.0773	0.02309	0.04621	0.00717	0.04148	-0.06903	0.12237	0.08849	0.06905	0.06244	0.00154	-0.02909	0.01372	-0.07033	-0.0038	276.09	748484004	759554574	1000	/scratch.global/lanej/1000G/ngs_dose/1000G_highcov/crams/HG01444.cram	9ab0a0e8,a23ef9ed,7f3b4c3c	184ab16e		14	0.997868	0.998919	0.999352	0.999794	2.054	1.883	0.134	457.565	29.877	scan	F	CLM	AMR	F	0.999427	0.999827	0.997606	NA	0.73	1.0941	0.9497	586.9219	582.7518	660.3949	213.991	10.2199	1.9957	606.2889	23.44	579.3373	575.5733	653.772	195.6545	10.1271	1.9945	775.8447	22.2728	436.7838	1.9196	0.1138	32.1727	F	2504	
HG01447	scan	0.1.0+fae1124	39.675	150	438	450	0.1126	0.972	1.2062	0.0588	0.0409		1.9914	41.1523	584.0453	1.9298	0.0024	present	344.139	344.14	323.52	322.44	0.2097	348.25	0.0558	310.68	349.18	334.01	373.86	247.02	280.11	282.51	324.63	236.34	269.28	256.46	299.65	218.97	243.78	339.32	357.44	192.613	NA	192.61	184.07	0.0889	229.16	0.0329	171.59	202.8	171.36	204.86	9.673	9.67	9.84	9.86	0.1194	9.78	0.0672	23.1301	1.5147	39.9658	47.0156	12.0883	134.6266	0.2296	2.8957	0.5819	0.9021	0.7597	340.93	0.004	0.0412	-0.07464	0.44236	0.18907	190.59	0.01455	0.0348	0.06521	0.00706	0.01823	9.7	0.00282	0.0773	-0.49444	-1.29599	-0.57521	16	0.03396	-0.05336	-0.09163	0.15157	0.01456	-0.07333	-0.05729	0.03667	0.00274	-0.00088	-0.075	0.03719	0.01348	-0.04347	-0.02561	0.00457	-0.1067	0.03642	-0.0344	-0.07115	0.02704	0.00083	0.03891	0.03927	-0.03131	-0.02401	-0.05558	0.0123	0.01354	0.01627	-0.01524	0.08065	319.23	799350754	809292565	1000	/scratch.global/lanej/1000G/ngs_dose/1000G_highcov/crams/HG01447.cram	9ab0a0e8,a23ef9ed,7f3b4c3c	184ab16e		14	0.997639	0.99884	0.999465	0.999809	2.02	1.881	0.117	568.247	47.857	scan	F	CLM	AMR	F	0.999625	0.999865	0.997726	NA	0.04	1.0966	0.9797	330.9855	332.6422	366.7049	190.4741	9.568	1.9901	613.3337	30.9733	328.9201	328.1957	375.4586	196.9915	9.6452	1.9927	726.2165	52.5729	539.2288	1.9298	0.0998	34.0362	F	2504	
HG01455	scan	0.1.0+fae1124	35.977	150	449	450	0.1001	0.9509	1.292	0.0569	0.0431		1.9931	23.2165	601.3901	0.9894	0.9771	present	399.612	399.61	374.03	377.3	0.2065	426.45	0.0526	346.86	441.22	367.55	439.22	288.59	365.35	319.64	418.16	279.31	358.15	289.23	370.76	262.25	328.69	397.06	434.99	217.351	NA	217.35	217.03	0.081	282.94	0.0318	199.5	259.67	192.59	252.57	9.359	9.36	9.58	9.63	0.1328	9.51	0.0599	13.4623	12.7963	48.348	70.5967	13.0602	137.9586	0.2252	2.2927	0.6358	0.8243	0.3939	386.0	0.00502	0.0518	1.01159	-0.11537	0.58993	215.66	0.00399	0.0095	0.01291	-0.00336	0.00144	9.47	0.00298	0.0817	-1.70145	-0.89758	-0.14699	16	-0.28372	0.10019	0.04472	0.04883	0.10121	0.01493	-0.03205	-0.10342	0.06012	0.15213	-0.02604	0.01554	-0.05006	0.02152	0.18692	0.01236	0.01505	-0.02102	-0.00914	0.13316	0.02064	0.13853	0.03794	-0.01	-0.06783	-0.0072	0.12248	-0.03301	-0.01694	0.04452	-0.02052	0.07244	185.09	715874478	726899781	1000	/scratch.global/lanej/1000G/ngs_dose/1000G_highcov/crams/HG01455.cram	9ab0a0e8,a23ef9ed,7f3b4c3c	184ab16e		14	0.997677	0.998474	0.999257	0.999816	2.041	0.986	0.764	559.258	28.463	scan	M	CLM	AMR	M	0.999259	0.999825	0.99797	NA	-0.19	1.1379	0.9522	379.116	393.6768	425.1808	222.7807	9.4913	1.9909	631.2899	16.6337	421.484	430.7561	474.366	196.1856	9.4414	1.9897	843.1342	14.2231	531.0709	1.0052	0.7672	31.4383	M	2504	
HG01456	scan	0.1.0+fae1124	38.048	150	441	450	0.1377	0.9676	1.1999	0.0653	0.0478		1.994	34.3568	484.8544	1.9144	0.0021	present	341.626	341.63	319.39	321.66	0.2087	347.59	0.0638	292.18	341.92	304.17	342.94	243.88	285.62	264.45	316.03	240.02	283.34	250.26	297.22	224.04	259.83	338.93	358.81	190.351	NA	190.35	185.94	0.0877	229.38	0.0344	182.3	219.04	165.9	201.15	10.087	10.09	10.22	10.25	0.1129	10.16	0.0828	16.876	1.5565	48.3312	48.4167	11.5472	136.0543	0.2252	1.9769	0.5174	0.8353	0.4651	337.87	0.00535	0.0551	0.37204	0.46762	0.15702	189.07	0.01047	0.0251	0.05096	-0.00269	0.02121	10.04	0.0027	0.074	-0.2157	0.15008	-0.14616	16	0.16506	-0.07292	-0.1332	0.04034	-0.03352	-0.07093	-0.01503	-0.02518	0.00218	-0.04793	-0.05232	0.01101	-0.01584	0.0374	0.07721	-0.02484	-0.12001	-0.05452	-0.04889	0.01673	0.06277	0.05062	0.01488	-0.10334	-0.13841	0.07116	-0.0093	0.01704	-0.0068	0.01395	-0.04849	0.13341	468.46	766882954	777260380	1000	/scratch.global/lanej/1000G/ngs_dose/1000G_highcov/crams/HG01456.cram	9ab0a0e8,a23ef9ed,7f3b4c3c	184ab16e		14	0.997775	0.998984	0.99936	0.999847	2.046	1.857	0.127	435.91	39.647	scan	F	CLM	AMR	F	0.999441	0.999858	0.997522	NA	0.38	1.015	0.9003	336.1327	339.2448	341.8518	192.4861	9.8752	1.9961	529.6089	25.372	375.0832	375.8112	398.826	167.0606	9.7516	1.9933	703.6923	21.2215	415.0729	1.9004	0.1098	31.8686	F	2504	
HG01457	scan	0.1.0+fae1124	35.247	150	441	450	0.0651	0.9798	1.1902	0.0576	0.0351		2.0212	102.0222	1117.49	0.9994	0.9753	present	395.505	395.5	373.83	373.85	0.2055	400.32	0.0395	348.77	409.68	390.91	428.04	277.66	324.91	328.29	392.66	274.71	324.53	298.28	351.28	259.37	303.29	393.65	408.4	175.545	NA	175.55	175.53	0.0856	210.3	0.0229	159.48	190.32	147.91	179.19	9.671	9.67	9.78	9.78	0.1107	9.71	0.0388	14.7271	12.713	49.2364	68.6028	11.5594	142.209	0.2185	1.9717	0.5088	0.7486	0.4812	393.52	0.00531	0.0548	0.38245	0.34835	0.50727	174.69	0.00848	0.0203	0.00392	-0.02305	0.00711	9.62	0.00257	0.0705	-0.48301	0.07465	-0.13608	16	-0.57558	-0.01472	-0.1748	0.14833	-0.08839	0.0846	0.00367	0.03297	-0.00198	0.06287	0.06909	-0.03032	0.0156	0.00049	-0.01323	0.08365	0.00748	-0.03845	-0.03767	-0.02324	-0.03524	-0.02024	-0.04819	-0.05149	0.012	-0.0109	0.00793	0.05585	-0.07028	0.04699	0.01991	0.0783	256.91	702634420	713296507	1000	/scratch.global/lanej/1000G/ngs_dose/1000G_highcov/crams/HG01457.cram	9ab0a0e8,a23ef9ed,7f3b4c3c	184ab16e		14	0.997556	0.998931	0.999561	0.99991	2.045	0.995	0.779	1104.663	115.574	scan	M	CLM	AMR	M	0.999729	0.999909	0.997518	NA	-0.04	1.0877	0.9934	414.9027	416.9495	461.62	165.8208	9.6478	2.0137	1137.5931	79.9303	421.9491	425.0922	474.6028	164.9898	9.6831	2.0116	988.093	90.8882	1005.6981	1.0186	0.7726	31.8693	M	698	
HG01459	scan	0.1.0+fae1124	36.455	150	444	450	0.101	0.9613	1.2521	0.0556	0.0508		2.0142	31.8257	891.7496	1.9394	0.0028	present	474.728	474.73	452.7	455.33	0.171	501.38	0.055	437.11	525.83	464.14	533.92	366.83	442.09	455.61	564.1	349.42	425.56	373.11	458.41	320.82	380.58	471.86	506.05	170.923	NA	170.92	171.43	0.086	213.78	0.0335	160.15	199.15	147.77	186.42	9.896	9.9	9.98	9.98	0.1136	9.92	0.0582	14.8877	1.4804	46.9474	68.0384	8.5188	128.7626	0.2489	3.1	0.4892	0.8081	0.8322	472.76	0.00286	0.0295	0.18854	-0.24804	0.24233	168.59	0.00692	0.0166	0.00504	-0.00521	-0.02551	9.77	0.00278	0.0763	0.74712	0.49758	-0.58215	16	0.2104	-0.14177	-0.20031	0.2191	-0.09666	0.14872	0.01227	0.01286	0.05519	-0.05123	-0.02973	0.03521	-0.07779	0.09466	-0.10145	-0.13065	0.11891	-0.09877	0.08418	-0.11705	-0.01152	-0.09606	-0.00265	-0.00115	0.03977	0.06352	0.10498	-0.11996	-0.13248	-0.00175	0.01054	0.05853	300.25	735945756	748549393	1000	/scratch.global/lanej/1000G/ngs_dose/1000G_highcov/crams/HG01459.cram	9ab0a0e8,a23ef9ed,7f3b4c3c	184ab16e		14	0.997759	0.998856	0.999421	0.999897	2.028	1.871	0.151	869.228	38.703	scan	F	CLM	AMR	F	0.999583	0.999965	0.997979	NA	0.11	1.1294	0.9818	485.3943	486.2231	553.6263	166.0879	9.5767	2.0122	896.5339	10.8529	507.4025	506.3074	579.5437	166.3243	9.5353	2.0111	763.635	7.5964	806.3934	1.9158	0.1248	31.7458	F	2504	
HG01461	scan	0.1.0+fae1124	37.887	150	424	400	0.1061	0.9689	1.2113	0.0567	0.0422		2.0068	30.3184	750.348	0.9936	0.9723	present	570.36	570.36	543.86	545.95	0.1937	597.26	0.0646	518.29	638.08	591.94	664.39	398.24	468.64	552.08	691.16	424.18	523.27	461.62	556.59	392.03	472.22	566.61	600.83	167.458	NA	167.46	164.98	0.084	205.6	0.039	157.62	192.26	137.2	169.38	10.314	10.31	10.37	10.33	0.1192	10.3	0.0601	15.6219	10.9547	32.3699	69.5544	12.3239	148.3268	0.2434	3.8793	0.5895	0.8786	0.4144	580.32	0.00396	0.0409	-0.51292	0.0091	0.4439	167.91	0.0109	0.0261	-0.05069	-0.04888	-0.0165	10.23	0.00321	0.0881	1.25386	-1.24853	0.71216	16	-0.04028	-0.04853	0.00286	-0.17541	0.21665	0.04312	-0.08548	-0.07285	0.00435	-0.11372	-0.01593	0.00785	-0.05524	-0.02174	0.04849	0.00041	0.05874	0.00725	0.02849	0.08214	0.09809	-0.08864	0.0912	-0.01876	-0.03836	0.01353	-0.01702	-0.01562	-0.00354	0.09687	-0.05062	0.03172	272.31	751586380	763067740	1000	/scratch.global/lanej/1000G/ngs_dose/1000G_highcov/crams/HG01461.cram	9ab0a0e8,a23ef9ed,7f3b4c3c	184ab16e		14	0.997827	0.99905	0.999659	0.99988	1.994	0.988	0.772	746.445	35.996	scan	M	CLM	AMR	M	0.999563	0.999893	0.998061	NA	0.57	1.1449	1.02	557.5323	547.9509	639.5112	175.3844	10.2423	2.0103	736.0574	50.7683	594.3911	585.4476	684.0909	181.7553	10.3536	2.0097	768.346	48.9669	702.5384	1.0116	0.7792	32.7009	M	2504	
HG01462	scan	0.1.0+fae1124	37.729	150	426	450	0.0975	0.9663	1.253	0.0615	0.0378		1.9951	42.2487	742.3658	1.9449	0.0022	present	421.591	421.59	406.39	411.02	0.2035	448.89	0.0557	410.61	509.95	431.72	490.99	313.75	387.98	391.12	500.57	314.52	394.71	337.09	420.82	300.26	369.48	420.98	446.18	194.93	NA	194.93	190.39	0.0838	248.79	0.0275	173.55	219.78	171.55	222.61	9.636	9.64	9.65	9.63	0.1065	9.56	0.0567	20.6072	2.1215	46.2438	65.4149	9.6781	140.2225	0.25	2.9893	0.6782	0.8325	0.3881	428.27	0.00329	0.0339	-0.21207	0.25904	0.11947	192.09	0.00667	0.016	0.04404	0.01274	0.01797	9.45	0.00277	0.0759	0.54362	0.24951	0.4491	16	-0.26752	-0.07074	-0.08329	-0.10236	-0.05228	0.03144	-0.02687	0.10417	-0.01609	-0.05036	0.00678	0.00118	-0.02406	0.03498	-0.01296	-0.01305	-0.00387	-0.09301	-0.00534	-0.08873	-0.02159	0.04603	-0.0329	0.10051	0.00092	-0.17706	0.12038	0.0572	-0.02506	-0.02037	-0.09834	0.11184	325.69	760861998	773004447	1000	/scratch.global/lanej/1000G/ngs_dose/1000G_highcov/crams/HG01462.cram	9ab0a0e8,a23ef9ed,7f3b4c3c	184ab16e		14	0.997581	0.999027	0.999568	0.999929	2.016	1.9	0.143	723.145	51.188	scan	F	CLM	AMR	F	0.999708	0.999928	0.997509	NA	-0.21	1.1464	1.0081	417.2399	411.9019	481.0903	190.186	9.52	1.9941	729.3801	43.9629	415.5279	410.3957	469.9966	202.2819	9.5493	1.9934	785.7407	44.9973	682.9511	1.9528	0.1194	32.8236	F	2504	
HG01463	scan	0.1.0+fae1124	36.9	150	444	450	0.078	0.968	1.2476	0.0664	0.0466		2.0	32.0408	589.9135	1.9388	0.0017	present	503.596	503.6	487.13	491.96	0.1711	544.41	0.0515	487.52	636.6	519.95	593.34	400.74	516.81	468.86	620.86	387.73	506.38	408.53	516.32	348.45	455.07	503.9	536.41	232.697	NA	232.7	230.19	0.0758	298.51	0.0287	208.14	265.69	197.02	257.42	10.375	10.37	10.48	10.44	0.1174	10.39	0.0455	20.6449	1.6994	37.4237	61.1183	11.1662	147.502	0.2428	3.4887	0.6584	0.8557	0.4951	509.91	0.00262	0.027	-0.35388	-0.32585	0.32996	229.44	0.01331	0.0318	-0.05423	-0.01309	0.01533	10.29	0.00303	0.0831	0.8954	-0.93573	0.74415	16	0.07251	0.06506	-0.03289	0.05052	0.08506	-0.02131	-0.10023	0.03372	-0.08344	-0.03736	-0.03186	-0.09456	0.07943	-0.03492	0.05084	0.04979	0.0092	0.04015	-0.01538	0.06303	0.01129	0.02367	-0.04811	0.04167	0.00182	-0.01018	0.03865	-0.02063	0.10746	-0.07033	0.06317	-0.0661	403.08	743951660	754964260	1000	/scratch.global/lanej/1000G/ngs_dose/1000G_highcov/crams/HG01463.cram	9ab0a0e8,a23ef9ed,7f3b4c3c	184ab16e		14	0.997763	0.998843	0.999648	0.999927	2.006	1.884	0.135	577.045	38.698	scan	F	CLM	AMR	F	0.999664	0.999948	0.99759	NA	0.63	1.1636	1.0197	498.6873	492.4252	584.1543	232.6229	10.2781	2.001	637.6927	40.2686	490.9512	485.6796	565.5775	212.5563	10.334	2.0	730.3998	37.8343	545.7838	1.9346	0.1126	32.8559	F	698	
HG01464	scan	0.1.0+fae1124	38.561	150	421	400	0.1058	0.9665	1.2357	0.0501	0.0506		2.0068	49.8535	694.4279	0.9913	0.9797	present	668.342	668.34	637.5	640.4	0.2017	708.63	0.065	615.49	772.63	686.74	785.31	476.7	576.63	634.5	810.4	518.38	649.07	540.63	669.29	461.3	574.28	663.16	708.63	235.221	NA	235.22	231.75	0.0843	297.4	0.0336	214.77	271.2	207.01	263.03	9.778	9.78	9.86	9.87	0.1084	9.78	0.063	18.9713	10.0789	64.1233	61.7435	11.5671	128.1192	0.244	3.2452	0.5364	0.9008	0.32	680.86	0.00272	0.0281	-0.74079	0.28197	-0.10881	232.3	0.01	0.0239	0.04185	0.01926	-0.01216	9.68	0.00285	0.0781	0.61617	0.55482	-0.50259	16	0.12689	-0.02331	-0.14374	0.08918	0.08639	-0.11126	0.0262	-0.17839	0.01681	0.01701	-0.04727	-0.00452	-0.01909	-0.01294	-0.029	0.07631	-0.06114	0.04255	0.00745	-0.0407	-0.05119	0.08313	-0.00055	-0.03739	-0.13965	-0.07852	-0.05278	-0.0346	-0.01294	-0.03982	-0.03668	-0.03238	345.94	768979358	780684441	1000	/scratch.global/lanej/1000G/ngs_dose/1000G_highcov/crams/HG01464.cram	9ab0a0e8,a23ef9ed,7f3b4c3c	184ab16e		14	0.997568	0.997913	0.999582	0.999918	2.078	0.98	0.74	674.12	57.796	scan	M	CLM	AMR	M	0.999671	0.99994	0.997648	NA	0.02	1.1534	1.0086	703.3173	684.157	823.2368	231.5809	9.4377	2.0086	682.9745	45.8407	654.5247	640.4958	756.0326	247.2898	9.5027	2.0099	733.0225	54.005	632.6178	0.9998	0.7454	33.408	M	2504	
HG01465	scan	0.1.0+fae1124	35.648	150	435	450	0.0969	0.9628	1.277	0.065	0.0455		1.9826	17.9752	539.0005	1.9622	0.0032	present	553.935	553.93	523.64	526.84	0.2219	582.82	0.0574	507.53	624.7	548.68	631.02	411.4	507.09	510.03	643.29	409.62	509.72	433.38	540.03	391.26	476.66	544.88	584.54	177.939	NA	177.94	176.64	0.0791	225.86	0.0302	147.72	185.99	157.79	202.57	9.842	9.84	9.93	9.91	0.1074	9.86	0.0589	16.9864	1.9525	52.3378	56.8701	11.7531	156.9182	0.2549	2.7236	0.4848	0.8961	0.6998	552.05	0.00279	0.0288	0.28647	0.47916	-0.06978	176.64	0.00306	0.0073	0.01669	0.02019	-0.00484	9.76	0.00252	0.0692	0.39915	0.13974	-0.06072	16	-0.0228	-0.07553	-0.0778	-0.13368	0.04647	-0.07226	-0.04131	0.01418	0.04272	0.11058	0.004	0.10388	-0.1057	0.00613	0.05003	-0.0717	0.0237	0.00887	0.06563	0.00457	0.04755	0.10737	0.01205	0.0036	0.04315	0.00455	0.02512	0.00567	-0.00177	0.06303	0.05609	0.08183	248.57	725177100	735616556	1000	/scratch.global/lanej/1000G/ngs_dose/1000G_highcov/crams/HG01465.cram	9ab0a0e8,a23ef9ed,7f3b4c3c	184ab16e		14	0.997738	0.999015	0.999582	0.999934	2.053	1.911	0.141	528.047	21.933	scan	F	CLM	AMR	F	0.999747	0.999949	0.998069	NA	0.1	1.143	0.9939	503.2287	505.7915	565.3179	183.2339	9.666	1.9854	529.6787	14.1518	522.3512	523.3318	595.3026	165.2761	9.6113	1.9859	625.5455	14.6465	506.3325	1.9434	0.1178	31.3988	F	2504	
HG01466	scan	0.1.0+fae1124	35.412	150	442	450	0.0744	0.9686	1.2304	0.0698	0.0455		1.9999	58.4082	703.4466	1.9364	0.0017	present	653.827	653.83	617.99	617.76	0.2179	674.15	0.0511	617.98	732.83	658.16	739.86	471.63	562.04	596.15	725.34	468.01	562.64	510.96	616.98	433.44	509.14	641.13	677.55	210.366	NA	210.37	206.9	0.0894	258.82	0.0228	200.78	244.15	183.36	228.43	9.794	9.79	9.85	9.83	0.1101	9.78	0.0442	17.086	1.7563	49.8765	54.1365	11.4677	146.4717	0.2539	2.8559	0.4868	0.8695	0.3534	653.29	0.00407	0.0419	-0.06781	0.56844	0.0698	208.75	0.01096	0.0262	0.04878	-0.01203	0.02086	9.67	0.00266	0.073	0.99339	0.25371	-0.04125	16	0.01118	0.03021	-0.03068	-0.0875	0.03522	-0.08211	-0.02462	0.08607	-0.00595	-0.01093	-0.07256	-0.08917	-0.00431	0.06887	-0.01283	0.08476	0.03657	0.10412	0.19994	-0.04506	-0.0411	0.12767	0.15539	0.06079	-0.05202	0.04805	-0.01425	-0.11839	-0.01209	-0.01379	-0.01184	-0.07328	320.56	717368080	726870671	1000	/scratch.global/lanej/1000G/ngs_dose/1000G_highcov/crams/HG01466.cram	9ab0a0e8,a23ef9ed,7f3b4c3c	184ab16e		14	0.997251	0.99877	0.999577	0.999898	2.042	1.884	0.134	693.653	68.522	scan	F	CLM	AMR	F	0.999587	0.999929	0.997243	NA	0.01	1.1325	1.0075	631.8478	631.2339	720.3001	204.0989	9.6398	2.0009	682.4434	59.1173	673.7421	673.1002	770.8198	206.4443	9.8065	2.0014	854.8717	70.9341	654.4382	1.9272	0.1102	31.7783	F	698	
HG01468	scan	0.1.0+fae1124	37.624	150	432	450	0.0954	0.9596	1.2773	0.0721	0.0467		1.9966	53.8682	807.0975	1.915	0.0036	present	455.071	455.07	434.35	438.54	0.1876	486.04	0.0592	431.16	528.68	446.88	521.64	368.32	447.79	423.59	534.71	353.5	435.86	363.08	453.0	319.53	385.26	449.4	485.86	234.736	NA	234.74	229.8	0.0773	298.05	0.032	215.56	275.41	210.34	268.23	9.822	9.82	9.96	10.0	0.1123	9.89	0.0548	14.6114	2.203	50.5692	65.2388	11.9153	130.9138	0.2128	2.7231	0.5632	0.8002	0.503	455.53	0.00333	0.0344	0.03462	-0.15505	0.10417	232.78	0.00866	0.0207	0.0134	0.02828	-0.02103	9.77	0.00269	0.0737	-0.048	-0.13513	-0.74862	16	0.02608	0.06402	-0.04457	0.2481	0.08408	-0.22864	-0.10714	-0.18432	0.06937	0.10468	-0.08706	0.06569	-0.11445	-0.0253	0.04155	0.04554	0.05203	-0.0153	0.02269	-0.00944	0.00593	0.01293	-0.13771	0.0648	0.08221	0.0563	0.05732	0.06305	-0.02035	-0.02964	-0.06986	0.02644	241.78	764627588	776517799	1000	/scratch.global/lanej/1000G/ngs_dose/1000G_highcov/crams/HG01468.cram	9ab0a0e8,a23ef9ed,7f3b4c3c	184ab16e		14	0.997565	0.999051	0.999354	0.999809	2.045	1.845	0.147	784.516	64.91	scan	F	CLM	AMR	F	0.999246	0.999838	0.99776	NA	0.11	1.1451	0.981	445.933	441.7293	513.1474	237.7772	9.4947	1.9979	821.6308	31.1317	499.695	491.1	574.7274	225.3762	9.4806	1.9978	893.6079	22.7526	723.3743	1.878	0.1204	33.0356	F	2504	
HG01474	scan	0.1.0+fae1124	35.532	150	440	450	0.1082	0.9568	1.2888	0.0698	0.0462		2.0057	35.9809	759.3601	1.9048	0.0028	present	397.301	397.3	377.16	381.86	0.1746	428.04	0.0541	362.79	466.73	389.36	460.76	306.29	393.33	350.11	461.45	289.72	376.23	307.26	394.78	257.44	328.27	394.65	428.56	145.256	NA	145.26	143.56	0.0775	189.67	0.0327	137.82	178.49	133.89	177.19	9.546	9.55	9.78	9.85	0.132	9.7	0.0649	16.1664	1.0062	39.2371	66.9913	10.8972	144.4148	0.2385	2.8975	0.5976	0.8176	0.4414	394.57	0.00339	0.035	0.07224	-0.26157	0.29542	142.16	0.00963	0.0231	0.04139	0.05783	-0.01846	9.67	0.00299	0.0821	-1.0792	-1.03729	-0.71544	16	-0.01241	0.05087	-0.01312	0.19046	0.13346	-0.10375	-0.17218	-0.02936	-0.05848	-0.02357	-0.09358	0.15686	-0.10817	-0.04666	0.13958	0.05236	-0.01713	0.061	-0.07349	-0.12333	0.12629	-0.15235	-0.15998	-0.00803	-0.03218	0.02322	0.04293	-0.06627	-0.05334	-0.02266	-0.07533	0.0554	435.88	719452510	731439430	1000	/scratch.global/lanej/1000G/ngs_dose/1000G_highcov/crams/HG01474.cram	9ab0a0e8,a23ef9ed,7f3b4c3c	184ab16e		14	0.99793	0.99881	0.999301	0.999901	2.006	1.85	0.156	737.382	44.153	scan	F	CLM	AMR	F	0.999333	1.0	0.99801	NA	0.01	1.1678	0.9868	366.1258	366.0418	434.2563	147.7627	9.5041	2.0054	911.3476	28.0115	394.9525	393.1994	454.3191	166.2283	9.5406	2.0064	911.4625	42.106	690.754	1.8876	0.13	30.7904	F	2504	
HG01479	scan	0.1.0+fae1124	38.038	150	440	450	0.1157	0.967	1.237	0.0586	0.0416		2.0015	35.4052	608.9251	0.9984	0.9768	present	538.49	538.49	515.25	517.9	0.1755	569.08	0.0626	497.08	608.91	533.03	606.37	412.68	503.07	530.84	661.81	398.62	490.52	432.33	528.59	349.0	424.65	536.09	571.58	161.094	NA	161.09	160.23	0.0874	199.85	0.0329	150.27	186.13	144.21	180.52	9.817	9.82	9.83	9.84	0.112	9.76	0.0686	18.1731	11.0023	46.0875	76.1434	14.5943	146.3995	0.251	3.0111	0.6117	0.8037	0.548	540.2	0.00247	0.0254	0.1472	-0.11339	0.13509	160.51	0.01538	0.0368	0.05525	0.02023	-0.01874	9.61	0.00269	0.0738	1.05313	0.47029	-0.07965	16	-0.09763	-0.09462	-0.05984	0.00786	-0.01561	0.13497	0.11283	-0.10519	-0.01555	-0.07846	-0.07548	0.02193	0.0156	0.0307	-0.00906	-0.03024	0.04139	-0.08071	0.00557	-0.02754	0.02761	0.00735	0.02688	0.0409	0.0428	-0.10256	0.00753	0.01984	-0.01546	-0.01917	-0.18939	0.03908	298.86	756585196	769336602	1000	/scratch.global/lanej/1000G/ngs_dose/1000G_highcov/crams/HG01479.cram	9ab0a0e8,a23ef9ed,7f3b4c3c	184ab16e		14	0.997667	0.998864	0.999401	0.999912	2.039	0.987	0.797	589.252	41.834	scan	M	CLM	AMR	M	0.999452	0.999932	0.997657	NA	-0.05	1.1225	0.9867	573.2131	570.446	650.257	160.6917	9.6376	1.9988	605.8955	32.4287	546.3393	543.8141	615.4541	158.704	9.6038	2.0002	637.5294	29.1711	561.6003	1.0082	0.8032	32.5915	M	2504	
HG01485	scan	0.1.0+fae1124	37.798	150	442	450	0.0948	0.9607	1.2886	0.0704	0.0391		2.0	18.3652	728.6276	0.9914	0.9761	present	372.343	372.34	353.97	360.43	0.1971	397.03	0.048	338.55	424.31	352.97	412.16	278.56	347.8	312.51	401.76	268.36	338.84	280.36	353.33	238.09	293.82	372.88	401.96	148.338	NA	148.34	147.3	0.089	189.64	0.029	137.54	175.72	133.71	172.07	9.766	9.77	9.84	9.89	0.1184	9.75	0.0556	17.663	10.7669	45.9181	79.8624	11.7504	131.6952	0.2452	3.0536	0.7763	0.8412	0.321	370.62	0.00445	0.0459	0.31018	0.01159	0.22725	147.3	0.00694	0.0166	0.05486	0.01113	-0.01499	9.7	0.00275	0.0754	0.86624	-0.50751	-1.00617	16	-0.20759	-0.03592	-0.11302	0.17085	0.03318	-0.11265	0.01289	-0.23146	0.00675	-0.07865	-0.09784	0.02111	0.01957	-0.03901	0.09043	0.02918	-0.09398	-0.08585	0.01989	-0.02521	0.00718	0.00246	0.09806	-0.0078	-0.02221	-0.02802	-0.05997	-0.0652	0.07932	-0.07199	-0.01841	0.02181	248.83	752218342	765261101	1000	/scratch.global/lanej/1000G/ngs_dose/1000G_highcov/crams/HG01485.cram	9ab0a0e8,a23ef9ed,7f3b4c3c	184ab16e		14	0.997515	0.998313	0.999364	0.999813	2.041	0.99	0.835	698.059	21.915	scan	M	CLM	AMR	M	0.999449	0.999885	0.997747	NA	0.04	1.1121	0.9524	396.5454	396.2717	447.5985	151.1525	9.5748	1.9991	770.0672	18.3098	378.7908	377.1564	422.1762	154.2817	9.4857	1.9975	847.7589	19.8215	657.1113	1.0102	0.8316	33.1639	M	2504	
HG01486	scan	0.1.0+fae1124	36.275	150	437	450	0.0996	0.9591	1.2863	0.0714	0.0465		1.9989	76.0888	752.2073	1.9514	0.0029	present	354.035	354.03	337.98	342.94	0.1794	380.17	0.0507	324.58	415.12	349.27	406.43	271.68	346.15	324.89	420.68	259.88	333.54	275.26	348.96	234.92	299.6	353.68	380.94	154.783	NA	154.78	152.36	0.0798	199.3	0.0292	136.77	175.49	135.24	175.95	10.478	10.48	10.5	10.58	0.1256	10.41	0.0567	18.3864	2.006	57.8145	58.4435	12.1973	132.1625	0.2292	3.7929	0.382	0.8508	0.5721	353.94	0.00251	0.0259	0.17789	-0.10838	0.12113	153.48	0.00639	0.0153	0.009	0.00933	-0.00895	10.34	0.00301	0.0826	1.80388	-1.40952	-0.12343	16	0.04712	-0.09351	-0.07761	0.07776	-0.0331	-0.01621	0.10757	-0.02926	-0.04246	-0.07513	0.00502	-0.00708	0.01622	0.07151	0.00674	-0.02546	-0.107	-0.15208	0.10117	-0.04643	-0.01996	-0.05537	-0.04997	0.04279	-0.01101	0.07051	0.01888	-0.02653	-0.07746	0.04882	-0.02017	0.04467	316.09	733347056	744037311	1000	/scratch.global/lanej/1000G/ngs_dose/1000G_highcov/crams/HG01486.cram	9ab0a0e8,a23ef9ed,7f3b4c3c	184ab16e		14	0.99773	0.999181	0.999316	0.999834	2.034	1.898	0.138	737.051	92.713	scan	F	CLM	AMR	F	0.999223	0.999922	0.997805	NA	0.68	1.1483	0.9868	369.1592	368.7685	427.0832	151.1003	10.2494	1.9968	761.1293	61.3056	366.6394	364.2929	416.0326	160.5138	10.1251	2.0006	791.4025	44.8552	696.7395	1.9488	0.1154	31.5154	F	2504	
HG01488	scan	0.1.0+fae1124	38.85	150	444	450	0.1132	0.9692	1.2123	0.0725	0.0437		2.005	21.1786	654.2317	0.9944	0.9697	present	439.682	439.68	412.38	413.17	0.2138	447.34	0.0556	405.67	471.75	432.41	484.68	320.19	371.37	390.56	465.8	310.51	364.12	338.21	402.0	283.84	326.72	429.11	452.97	213.04	NA	213.04	208.43	0.0896	258.01	0.0282	186.75	225.95	190.25	232.21	9.37	9.37	9.49	9.53	0.1141	9.43	0.0666	20.7849	10.9306	60.0106	72.258	12.4097	146.726	0.2396	2.2681	0.4266	0.8379	0.3721	436.96	0.00282	0.0291	0.33349	0.691	-0.0274	211.91	0.01177	0.0282	0.05619	0.0001	-0.00889	9.34	0.00282	0.0775	-0.37519	-0.77203	-0.33812	16	0.13064	-0.05402	-0.10544	-0.06184	-0.03564	-0.02481	0.08461	-0.13606	-0.02246	-0.01589	0.02732	-0.00058	0.00948	0.02698	0.00862	0.12023	0.04586	-0.01951	0.04043	0.02849	-0.00565	-0.00774	0.06303	-0.02213	0.02732	-0.00358	-0.10042	0.01098	0.06738	-0.02933	0.06093	-0.07495	385.03	774046722	786122435	1000	/scratch.global/lanej/1000G/ngs_dose/1000G_highcov/crams/HG01488.cram	9ab0a0e8,a23ef9ed,7f3b4c3c	184ab16e		14	0.997653	0.998732	0.999549	0.999813	2.053	0.987	0.769	638.511	24.276	scan	M	CLM	AMR	M	0.999638	0.999864	0.997972	NA	-0.32	1.1092	0.9896	463.9634	463.6667	523.8337	206.7444	9.2157	2.0072	679.6924	25.9543	436.9753	435.3478	494.896	215.7711	9.3308	2.0067	726.7652	28.0226	600.2937	1.007	0.7732	33.4671	M	2504	
HG01489	scan	0.1.0+fae1124	34.777	150	425	400	0.105	0.9639	1.2986	0.0543	0.044		1.9914	12.7365	711.439	1.9319	0.0028	present	388.744	388.74	365.62	367.76	0.1839	411.0	0.0545	362.77	465.37	391.26	455.08	275.03	335.57	365.71	477.21	287.46	368.3	303.56	383.62	262.32	329.27	380.55	409.86	220.212	NA	220.21	214.88	0.081	284.13	0.0337	198.72	255.86	197.84	256.22	9.933	9.93	9.99	9.99	0.108	9.9	0.0641	18.0172	1.8539	47.1255	45.3869	11.5691	133.8394	0.2546	2.3747	0.6246	0.9266	0.2187	385.26	0.00258	0.0267	0.11145	0.06833	0.1682	217.26	0.01217	0.0291	0.03936	0.0188	0.0109	9.81	0.00283	0.0778	0.84451	0.49923	0.10721	16	0.03989	-0.06163	-0.11272	-0.30473	-0.03014	-0.20568	0.13628	-0.06282	0.02916	0.01694	-0.01117	0.01195	-0.00567	-0.15066	-0.04735	-0.02969	-0.02691	-0.04329	0.01495	0.00624	0.08163	-0.03662	0.03475	-0.12828	0.01085	-0.02344	-0.00937	0.09981	-0.07754	0.05591	-0.04677	0.016	299.54	698386280	707289809	1000	/scratch.global/lanej/1000G/ngs_dose/1000G_highcov/crams/HG01489.cram	9ab0a0e8,a23ef9ed,7f3b4c3c	184ab16e		14	0.997729	0.998531	0.99964	0.999919	2.057	1.879	0.125	707.346	15.497	scan	F	CLM	AMR	F	0.999717	0.999955	0.997785	NA	0.15	1.1812	1.0156	373.1679	376.5328	434.0407	222.9434	9.7902	1.9981	665.9711	29.0379	385.2538	387.9464	435.5747	229.2451	9.8046	1.9987	768.7975	42.8211	675.2471	1.9334	0.1068	29.9481	F	2504	
HG01490	scan	0.1.0+fae1124	34.662	150	442	450	0.0631	0.9722	1.2278	0.0736	0.0382		1.9911	93.5467	563.557	1.9588	0.0019	present	396.704	396.7	374.64	371.45	0.1843	406.64	0.0384	352.23	416.4	392.59	437.39	292.57	345.24	331.69	402.97	281.55	336.1	302.95	363.75	268.18	313.05	392.83	413.19	202.12	NA	202.12	200.58	0.0829	247.3	0.019	187.54	228.66	175.18	216.37	9.719	9.72	9.81	9.8	0.1068	9.74	0.0366	20.0185	1.3301	57.2246	60.3746	13.2289	166.6575	0.236	2.3074	0.5704	0.8064	0.22	394.73	0.00429	0.0442	0.09161	0.06099	0.53896	200.85	0.00579	0.0139	0.0226	-0.00882	0.03188	9.67	0.00264	0.0725	0.34554	-0.29193	-0.42189	16	-0.14484	-0.08087	-0.17138	-0.12529	-0.11056	-0.12973	0.0805	-0.04245	0.04568	0.12199	-0.05027	-0.02916	-0.02223	0.01634	0.06301	0.14754	-0.08616	-0.05067	-0.10273	0.07767	0.02548	0.00607	0.05424	-0.05114	-0.12904	0.11605	-0.05962	-0.02781	-0.09341	-0.05498	-0.03722	0.05647	340.06	707751586	718575905	1000	/scratch.global/lanej/1000G/ngs_dose/1000G_highcov/crams/HG01490.cram	9ab0a0e8,a23ef9ed,7f3b4c3c	184ab16e		14	0.997312	0.998346	0.999494	0.999969	2.096	1.923	0.148	550.007	108.526	scan	F	CLM	AMR	F	0.999597	0.999985	0.997634	NA	0.01	1.1081	0.9946	402.9485	403.0108	450.9835	194.4514	9.5463	1.9904	585.1627	88.5236	384.8953	384.6241	436.7995	194.4675	9.7739	1.9906	688.089	96.4328	521.2809	1.9556	0.1194	31.6623	F	698	
HG01491	scan	0.1.0+fae1124	53.182	150	415	400	0.1006	0.9624	1.2862	0.0533	0.0483		1.9905	29.2247	644.9177	0.9836	0.9749	present	527.659	527.66	508.19	513.51	0.1808	574.34	0.0645	504.12	658.86	538.22	627.3	390.88	484.64	479.29	638.6	401.83	523.62	424.69	542.74	369.23	474.19	528.97	570.76	264.651	NA	264.65	260.25	0.071	345.79	0.0284	245.41	319.73	233.65	307.0	9.626	9.63	9.76	9.8	0.1134	9.67	0.0556	16.7596	9.9557	50.1812	71.5098	9.554	138.1897	0.2486	3.0341	0.7594	0.7794	0.5505	527.65	0.00268	0.0276	0.17817	-0.18384	0.0655	260.83	0.00548	0.0131	0.00234	0.02894	0.01322	9.61	0.00245	0.0671	-0.53745	0.14309	-0.5994	16	0.21404	0.01026	-0.06177	0.00776	0.13144	-0.04893	-0.10817	-0.16981	-0.00091	-0.0086	0.01842	-0.05844	0.10645	-0.01312	0.0758	-0.02677	-0.02258	-0.00311	-0.06035	-0.0122	0.03718	0.0131	0.00612	-0.01441	0.03171	0.03227	-0.04346	0.00255	-0.03442	-0.02603	-0.02556	-0.03257	463.81	1055515312	1070335613	1000	/scratch.global/lanej/1000G/ngs_dose/1000G_highcov/crams/HG01491.cram	9ab0a0e8,a23ef9ed,7f3b4c3c	184ab16e		14	0.997662	0.998734	0.999529	0.999855	2.075	0.976	0.735	620.425	35.23	scan	M	CLM	AMR	M	0.999668	0.999887	0.997818	NA	-0.05	1.1889	1.02	529.1036	529.5694	622.4175	276.2257	9.5038	1.9974	650.3406	35.5921	496.4858	495.1184	573.0546	283.1408	9.4258	1.9954	705.8434	32.3858	569.1977	0.999	0.7384	46.1235	M	2504	
HG01492	scan	0.1.0+fae1124	37.223	150	442	450	0.1072	0.9608	1.2696	0.0737	0.0447		2.0029	48.0852	529.9752	1.9576	0.0026	present	464.971	464.97	441.05	445.45	0.1933	488.23	0.0564	421.99	497.24	453.45	525.08	339.53	400.01	398.53	481.79	339.13	403.34	350.51	428.57	297.15	345.94	462.66	498.12	210.365	NA	210.37	206.45	0.0867	262.64	0.0291	185.84	232.43	191.55	240.1	9.828	9.83	9.92	9.92	0.1161	9.86	0.0629	17.6793	1.9619	40.9243	62.7997	13.858	147.8899	0.2567	2.9679	0.5449	0.8654	0.4221	459.91	0.00355	0.0366	0.56891	0.07935	0.52355	207.07	0.01644	0.0394	0.06676	0.02721	0.01144	9.73	0.00291	0.0799	0.30365	0.4195	-0.0515	16	0.03417	-0.01005	-0.02999	-0.04498	-0.03368	0.05829	0.00652	0.03023	-0.03807	0.12997	-0.03207	0.05011	-0.02102	-0.05995	0.06862	0.1073	-0.06507	-0.04375	-0.0106	0.00657	-0.03582	0.00985	0.13863	0.0231	-0.04124	-0.00843	-0.00166	-0.0301	0.00149	0.18649	-0.0866	0.00113	341.24	755893548	767716890	1000	/scratch.global/lanej/1000G/ngs_dose/1000G_highcov/crams/HG01492.cram	9ab0a0e8,a23ef9ed,7f3b4c3c	184ab16e		14	0.997568	0.998744	0.9995	0.999849	2.015	1.907	0.158	513.164	58.683	scan	F	CLM	AMR	F	0.999619	0.999905	0.99766	NA	0.07	1.1417	0.986	446.7485	449.9243	514.6962	204.7463	9.7092	2.0007	610.7317	47.26	441.3953	439.4139	504.6095	209.0618	9.7336	2.0015	663.8311	37.5754	485.5204	1.9444	0.1312	32.3404	F	2504	
HG01493	scan	0.1.0+fae1124	35.984	150	434	450	0.0788	0.9801	1.1861	0.0719	0.0447		1.9971	60.5125	623.2321	1.9565	0.0019	present	483.332	483.33	467.12	469.8	0.2027	499.43	0.0492	464.5	535.58	490.76	536.88	363.04	420.36	418.54	496.71	353.39	413.14	385.73	450.62	323.39	366.94	485.37	504.68	257.751	NA	257.75	254.83	0.0806	305.27	0.0226	222.34	260.78	222.31	265.78	9.664	9.66	9.76	9.78	0.1144	9.69	0.0454	17.8116	1.4227	42.434	55.6853	10.699	133.9361	0.2442	3.3367	0.8015	0.7562	0.6024	484.19	0.00347	0.0357	0.28861	0.15793	0.06164	257.04	0.00621	0.0149	0.01274	-0.00356	0.01926	9.62	0.00249	0.0684	-0.07253	0.07668	-0.62078	16	0.10768	-0.09805	-0.20769	0.01875	-0.00914	-0.12898	-0.06041	0.00317	-0.05643	-0.04609	-0.03471	-0.11722	0.07672	0.10835	-0.04965	0.03477	-0.09401	-0.02176	-0.04304	-0.04655	0.00254	-0.04747	-0.02181	0.01084	-0.00559	-0.09619	0.02224	0.0015	-0.13488	0.11863	-0.00924	-0.03232	477.01	725920030	734927633	1000	/scratch.global/lanej/1000G/ngs_dose/1000G_highcov/crams/HG01493.cram	9ab0a0e8,a23ef9ed,7f3b4c3c	184ab16e		14	0.996982	0.998715	0.999451	0.999903	2.026	1.89	0.119	609.005	68.987	scan	F	CLM	AMR	F	0.999506	0.999938	0.99731	NA	-0.04	1.1088	1.0136	488.7602	486.4381	548.9128	253.6703	9.4328	1.9996	586.237	49.4809	447.0567	443.7924	511.6681	269.5032	9.6162	2.0024	704.923	66.6759	568.0715	1.9408	0.0996	31.9543	F	698	
HG01494	scan	0.1.0+fae1124	37.546	150	450	450	0.0975	0.9607	1.2634	0.0643	0.0456		2.005	12.4793	540.662	0.9958	0.9734	present	420.29	420.29	399.25	401.11	0.2025	439.58	0.0525	385.08	452.6	414.65	475.63	295.74	347.05	363.81	439.09	295.84	350.75	319.2	388.37	267.14	309.78	418.6	448.13	142.267	NA	142.27	139.13	0.0925	176.75	0.025	131.66	164.12	129.05	160.87	9.691	9.69	9.82	9.83	0.1145	9.75	0.0567	16.0382	13.1845	43.8578	81.7462	11.493	147.6455	0.2352	2.5673	0.6563	0.8501	0.6443	420.9	0.00409	0.0422	-0.46256	0.14978	0.40849	140.36	0.01768	0.0423	0.07299	0.00524	0.0258	9.66	0.00266	0.0729	0.3377	0.42605	0.27854	16	0.07685	-0.07851	-0.0358	-0.04388	0.05689	-0.009	0.01437	-0.12211	0.01203	-0.00213	-0.01443	-0.06851	0.06807	0.00412	0.00206	-0.02974	-0.04802	-0.12382	0.10324	0.07035	-0.01984	0.08356	-0.05457	-0.07333	-0.05782	-0.00425	-0.10019	0.0818	-0.04401	0.03496	-0.0643	-0.01764	393.71	746464598	759009058	1000	/scratch.global/lanej/1000G/ngs_dose/1000G_highcov/crams/HG01494.cram	9ab0a0e8,a23ef9ed,7f3b4c3c	184ab16e		14	0.9975	0.999207	0.999552	0.999919	2.027	0.986	0.884	524.489	14.665	scan	M	CLM	AMR	M	0.999586	0.999937	0.99773	NA	0.0	1.13	0.9852	430.6774	430.4033	483.6979	143.5064	9.6247	2.007	509.7721	14.1447	417.7838	413.3182	478.6755	154.0013	9.5658	2.0041	626.9559	19.4957	500.2307	1.0072	0.8826	32.8611	M	2504	
HG01495	scan	0.1.0+fae1124	35.643	150	437	450	0.0992	0.9531	1.2961	0.0819	0.0711		2.0008	31.7544	874.8724	1.8947	0.0034	present	332.269	332.27	319.06	323.75	0.1826	365.36	0.0496	310.47	402.87	312.5	373.31	253.31	327.71	266.0	353.62	242.5	317.33	252.65	327.41	233.15	299.72	335.87	368.06	165.303	NA	165.3	164.6	0.0831	217.77	0.0354	156.13	204.7	141.4	188.43	10.998	11.0	11.28	11.31	0.1213	11.19	0.0604	20.2688	1.0993	46.4056	53.6259	8.0647	126.4628	0.2288	2.0974	0.6778	0.8436	0.9363	333.84	0.00378	0.039	0.13844	-0.2635	0.18352	162.72	0.01071	0.0256	-0.02639	-0.00838	-0.01276	11.11	0.00273	0.075	-0.46382	-0.94655	-0.03991	16	0.91172	-0.07969	-0.31436	0.16861	0.04091	-0.28165	-0.12844	-0.10311	0.08885	0.01207	-0.08667	0.08416	-0.08493	0.16559	-0.01066	0.03792	0.11034	-0.06723	0.03861	-0.03395	0.00336	-0.11353	0.01907	-0.0308	-0.02481	0.10259	-0.01038	0.04852	0.07746	0.02086	0.03509	0.04534	388.8	719028898	729143835	1000	/scratch.global/lanej/1000G/ngs_dose/1000G_highcov/crams/HG01495.cram	9ab0a0e8,a23ef9ed,7f3b4c3c	184ab16e		14	0.998115	0.999143	0.999305	0.999879	2.042	1.819	0.123	857.317	40.653	scan	F	CLM	AMR	F	0.999329	0.999909	0.998	NA	1.45	1.1182	0.9361	319.4117	312.9817	360.802	164.405	10.348	2.0128	937.2464	9.9982	339.8794	333.8078	379.705	172.2398	10.2074	2.013	785.5582	9.861	780.4975	1.8592	0.103	31.0772	F	2504	DJ +1.45 copies
HG01496	scan	0.1.0+fae1124	34.9	150	442	450	0.0668	0.9729	1.2083	0.067	0.0478		1.9902	29.0806	514.3485	1.9281	0.0024	present	380.892	380.89	362.21	361.75	0.1987	392.28	0.0404	358.67	419.43	372.76	415.68	284.19	332.8	337.11	406.54	280.76	332.64	295.68	352.52	257.36	296.68	377.08	396.55	130.714	NA	130.71	131.0	0.0769	158.65	0.0198	113.87	137.19	112.45	137.92	9.669	9.67	9.81	9.84	0.1282	9.74	0.0394	19.0429	1.6445	61.9667	60.7601	10.583	159.9658	0.2373	2.5663	0.69	0.7488	0.7625	383.88	0.00409	0.0422	-0.71158	0.19478	0.24779	129.5	0.00349	0.0083	-0.00667	0.00525	0.03686	9.66	0.00267	0.0733	-0.76106	0.37512	0.17431	16	0.1361	-0.01449	-0.05763	-0.07542	-0.02131	0.00059	-0.00708	0.02	-0.04269	-0.00633	0.01244	-0.05458	0.06162	0.08304	0.11698	0.00702	-0.07827	0.10504	0.15381	0.02785	0.07102	0.00478	-0.04765	-0.03918	-0.0997	0.00862	-0.08737	-0.05165	-0.05059	0.01532	-0.10771	-0.03675	270.51	708616490	718328666	1000	/scratch.global/lanej/1000G/ngs_dose/1000G_highcov/crams/HG01496.cram	9ab0a0e8,a23ef9ed,7f3b4c3c	184ab16e		14	0.997627	0.999086	0.999559	0.999782	2.096	1.893	0.135	497.109	32.862	scan	F	CLM	AMR	F	0.999753	0.999878	0.997932	NA	0.0	1.0828	0.971	381.7223	379.8277	410.8393	131.0736	9.6331	1.9927	555.5297	27.5544	386.6078	382.642	428.3402	120.5715	9.5933	1.992	600.9788	24.2067	470.7351	1.9318	0.1106	31.6587	F	698	
HG01497	scan	0.1.0+fae1124	36.032	150	437	450	0.0972	0.9585	1.2799	0.0625	0.0454		1.9941	26.9888	689.6899	0.9933	0.9744	present	723.255	723.26	694.46	704.39	0.166	783.02	0.0591	673.3	852.05	690.27	811.85	558.18	707.64	652.34	845.86	543.23	695.17	566.66	720.32	483.26	605.18	727.06	786.38	152.549	NA	152.55	151.16	0.0858	197.0	0.0324	141.69	181.5	131.25	171.33	9.731	9.73	9.86	9.89	0.1182	9.77	0.0571	21.7975	11.4815	58.2918	75.9584	11.06	139.0384	0.2333	2.6666	0.6679	0.887	0.4306	716.62	0.00313	0.0323	0.50454	-0.49019	0.33463	151.16	0.00841	0.0201	-0.01243	-0.02416	-0.00177	9.71	0.00259	0.071	0.026	0.53108	0.20431	16	0.06957	-0.09174	-0.06909	-0.0369	-0.0043	0.05769	0.0171	-0.1529	-0.01065	-0.02887	0.0285	0.05786	-0.06599	0.02513	0.01125	-0.0418	0.0665	0.00472	-0.06314	-0.0373	-0.06888	0.05413	-0.07722	0.10144	-0.01159	0.11245	-0.03516	0.03896	0.04798	-0.10435	0.0767	-0.06471	446.82	719800828	732313491	1000	/scratch.global/lanej/1000G/ngs_dose/1000G_highcov/crams/HG01497.cram	9ab0a0e8,a23ef9ed,7f3b4c3c	184ab16e		14	0.997768	0.998501	0.999441	0.999906	2.073	0.975	0.802	660.82	32.903	scan	M	CLM	AMR	M	0.99943	0.999941	0.998047	NA	0.05	1.1329	0.9632	733.7701	739.317	833.806	154.3574	9.6359	1.9962	688.6038	25.4417	706.8428	705.9892	790.3758	169.0538	9.6007	1.9985	781.5997	21.2177	610.0077	0.9918	0.8004	31.556	M	2504	
HG01498	scan	0.1.0+fae1124	35.55	150	431	450	0.0994	0.963	1.2924	0.0617	0.0461		1.9971	32.1706	631.8149	1.9435	0.0027	present	351.532	351.53	337.47	340.14	0.2033	376.22	0.052	334.59	422.88	354.9	408.04	260.19	327.42	310.6	403.2	252.3	321.52	272.93	345.31	237.87	296.65	352.43	376.11	208.929	NA	208.93	205.38	0.0772	269.14	0.0294	185.74	238.31	185.32	241.46	9.455	9.46	9.57	9.56	0.1065	9.48	0.0602	24.3567	1.9166	60.347	49.6295	11.4129	145.6628	0.2301	2.9748	0.4781	0.8068	0.4736	344.01	0.00284	0.0293	1.23883	-0.1616	0.56697	207.19	0.00869	0.0208	0.03837	0.03186	0.01191	9.4	0.00263	0.072	0.20262	0.15954	-0.02376	16	0.1273	-0.07751	-0.19457	-0.18872	-0.04528	-0.00901	-0.07355	0.02421	-0.06421	-0.09396	0.00582	-0.04004	0.09868	0.09126	0.01566	0.03211	0.03274	-0.01829	-0.07471	0.02736	0.03578	-0.02083	0.02027	0.0785	-0.08353	-0.02835	-0.01757	-0.01031	0.01637	0.08199	-0.10096	-0.11331	453.52	718473324	728703515	1000	/scratch.global/lanej/1000G/ngs_dose/1000G_highcov/crams/HG01498.cram	9ab0a0e8,a23ef9ed,7f3b4c3c	184ab16e		14	0.997354	0.999035	0.999508	0.999916	2.004	1.89	0.132	614.28	38.091	scan	F	CLM	AMR	F	0.999565	0.999928	0.997462	NA	-0.26	1.1861	1.0317	341.5896	349.0216	408.3481	209.2004	9.3364	2.0042	644.0168	40.1617	358.7376	365.8636	418.8786	197.3095	9.4272	2.0026	733.8947	46.3121	582.8664	1.9362	0.111	30.9896	F	2504	
HG01499	scan	0.1.0+fae1124	33.049	150	429	450	0.1638	0.982	1.1238	0.0894	0.0616		1.9938	34.8165	700.7226	0.9923	0.9804	present	566.113	566.11	552.56	548.45	0.1851	572.07	0.0828	547.79	542.86	564.42	605.09	468.66	472.66	568.37	580.83	441.02	446.68	437.73	472.69	412.74	405.15	572.76	592.67	173.618	NA	173.62	170.9	0.0814	192.3	0.0439	142.88	156.86	154.53	171.78	10.221	10.22	10.36	10.34	0.1236	10.33	0.0978	21.9416	10.701	51.7091	67.6929	10.6847	121.414	0.2449	2.8402	0.4389	0.8889	0.5958	563.06	0.00518	0.0534	0.87383	-0.54472	0.6082	172.76	0.01365	0.0327	-0.01768	0.02647	-0.05241	10.14	0.00322	0.0884	-0.17379	0.25856	-0.79157	16	0.38079	-0.15764	-0.30516	0.31653	-0.00993	-0.22989	-0.1645	-0.07506	0.1673	0.03614	0.01719	-0.2315	-0.06108	0.02658	0.03281	0.14482	-0.05191	-0.00859	0.01853	0.01922	0.06263	0.05757	0.03258	0.11332	0.0179	0.05135	-0.11928	0.0547	-0.08727	0.1264	0.04014	0.00217	238.99	662004706	672145185	1000	/scratch.global/lanej/1000G/ngs_dose/1000G_highcov/crams/HG01499.cram	9ab0a0e8,a23ef9ed,7f3b4c3c	184ab16e		14	0.99771	0.999127	0.999665	0.999853	2.013	0.986	0.763	678.995	38.069	scan	M	CLM	AMR	M	0.99973	0.999937	0.997652	NA	0.48	1.0746	1.0024	594.7029	592.2325	654.6765	165.2281	9.5919	1.9938	767.8637	15.3711	492.0894	493.8813	566.2158	176.272	9.7482	1.9959	796.079	38.277	632.1762	1.0004	0.7868	27.0488	M	698	
HG01500	scan	0.1.0+fae1124	36.246	150	441	450	0.118	0.9659	1.2813	0.0661	0.0388		2.0058	165.3706	724.4729	0.995	0.9944	present	462.438	462.44	446.33	448.88	0.2091	497.12	0.0611	423.06	534.7	468.98	536.7	354.38	447.81	452.24	581.42	344.7	439.02	374.73	470.76	309.93	389.53	465.48	496.71	144.371	NA	144.37	140.84	0.0823	184.34	0.0317	130.21	164.71	127.92	165.54	9.61	9.61	9.73	9.77	0.1226	9.64	0.0686	14.7136	10.5892	50.1238	80.8927	9.5617	133.4913	0.2394	2.2772	0.6113	0.8129	0.5285	468.66	0.00239	0.0247	0.41377	0.37713	-0.21901	143.61	0.00872	0.0209	0.02759	0.0262	-0.02326	9.57	0.00271	0.0742	-0.84575	-0.02473	0.07458	16	-0.31047	-0.18798	-0.05521	0.03686	-0.04681	0.12698	0.08157	-0.08244	-0.00359	-0.09108	-0.00198	0.01457	0.03711	0.09565	0.00821	0.02142	0.0199	0.02081	0.00154	0.06164	-0.02129	-0.02172	-0.03757	0.02887	0.01209	-0.12621	-0.13082	-0.07344	-0.02306	0.05347	-0.01966	0.0476	371.94	722303232	734895875	1000	/scratch.global/lanej/1000G/ngs_dose/1000G_highcov/crams/HG01500.cram	9ab0a0e8,a23ef9ed,7f3b4c3c	184ab16e		14	0.997916	0.998819	0.999363	0.99992	2.026	0.99	0.797	709.43	193.239	scan	M	IBS	EUR	M	0.999228	0.999979	0.997919	NA	-0.09	1.1452	1.0007	510.3607	502.9988	596.3152	139.6517	9.5992	1.9999	708.7388	141.1343	498.6756	491.7626	570.3409	140.2224	9.7245	1.9995	758.8115	124.3882	674.3824	1.0148	0.805	30.8841	M	2504	
HG01501	scan	0.1.0+fae1124	38.532	150	430	450	0.1153	0.9574	1.2525	0.0572	0.0498		1.9974	117.541	826.1472	1.9259	0.0028	present	560.758	560.76	538.46	545.84	0.1852	601.54	0.0633	530.21	642.47	546.17	638.15	439.75	532.28	519.55	648.6	423.7	518.9	448.27	554.29	401.63	479.02	559.09	604.98	173.575	NA	173.58	173.22	0.0871	218.04	0.0335	166.95	209.28	149.15	188.59	10.238	10.24	10.39	10.46	0.1156	10.32	0.0661	15.5413	1.7068	42.6368	53.2677	10.5807	125.9769	0.2145	2.517	0.4302	0.8535	0.3542	559.41	0.0031	0.0319	0.52105	-0.03688	-0.20447	171.2	0.00687	0.0164	0.01279	-0.00549	-0.011	10.22	0.00287	0.0788	0.47633	0.23985	-0.94643	16	0.07999	0.09476	-0.06352	0.23103	0.1171	-0.26028	-0.04816	-0.13995	0.04218	0.07704	-0.0427	0.04933	-0.08375	-0.05464	0.06752	0.01654	0.04732	-0.01804	0.06063	0.03224	-0.11625	-0.03648	-0.01952	-0.01503	0.04469	0.07795	0.05419	0.05157	0.05661	-0.0317	0.04083	0.02432	265.18	778974546	790023942	1000	/scratch.global/lanej/1000G/ngs_dose/1000G_highcov/crams/HG01501.cram	9ab0a0e8,a23ef9ed,7f3b4c3c	184ab16e		14	0.99786	0.998291	0.999269	0.999745	2.001	1.853	0.13	801.7	140.762	scan	F	IBS	EUR	F	0.99941	0.999821	0.997949	NA	0.56	1.1408	0.9763	543.117	541.0777	618.0577	175.852	9.9383	1.9993	863.3009	83.8466	551.1556	548.0246	629.3487	209.0746	9.7914	2.0006	738.9953	78.6114	747.3472	1.899	0.1104	32.9448	F	2504	
HG01502	scan	0.1.0+fae1124	39.049	150	429	450	0.0786	0.9657	1.2575	0.0679	0.0403		2.0065	207.9101	567.5426	0.9895	0.9844	present	543.057	543.06	523.29	525.55	0.1937	585.9	0.0512	512.39	669.23	549.84	630.4	431.5	556.7	505.52	671.66	424.95	555.3	446.37	564.8	384.24	498.37	541.95	578.12	143.905	NA	143.9	143.06	0.0771	184.16	0.0236	124.16	158.88	120.69	156.42	9.702	9.7	9.84	9.86	0.1192	9.76	0.0423	14.9764	10.119	54.1459	74.4337	12.4611	135.8884	0.2513	2.2389	0.4579	0.8293	0.5796	548.41	0.00237	0.0244	0.29174	0.27891	-0.31769	143.66	0.00737	0.0176	-0.02386	-0.01822	0.01698	9.7	0.0025	0.0687	-0.34289	-0.28037	-0.44337	16	-0.19423	0.06466	0.06189	0.1196	-0.00491	-0.11584	-0.10999	-0.06157	0.05054	0.02809	0.05241	0.04668	-0.00305	0.05768	0.10144	0.05331	0.07301	0.04004	-0.07131	0.06964	0.02168	-0.01202	0.02871	-0.01716	-0.00013	-0.00164	0.03696	-0.09312	-0.04659	-0.03159	-0.04647	-0.02175	310.01	783053818	795614729	1000	/scratch.global/lanej/1000G/ngs_dose/1000G_highcov/crams/HG01502.cram	9ab0a0e8,a23ef9ed,7f3b4c3c	184ab16e		14	0.998173	0.998663	0.999581	0.999758	2.055	0.988	0.79	559.024	242.702	scan	M	IBS	EUR	M	0.999753	0.999792	0.998145	NA	0.04	1.1495	1.0026	547.3117	541.9894	629.1528	143.8052	9.6645	2.0075	588.3611	170.4041	545.1084	542.7903	622.6328	137.3416	9.6297	2.0032	663.4324	182.2519	529.2929	1.0076	0.7824	34.9152	M	698	
HG01503	scan	0.1.0+fae1124	36.508	150	446	450	0.105	0.9502	1.3257	0.0592	0.0431		1.9838	92.2001	896.3291	0.984	0.968	present	533.674	533.67	509.33	512.37	0.2238	590.69	0.059	491.22	662.92	524.45	634.44	405.62	544.11	506.16	698.85	392.04	532.44	419.33	557.65	359.93	481.4	532.65	586.7	191.708	NA	191.71	191.94	0.0834	258.78	0.0358	185.72	249.48	165.61	226.54	9.504	9.5	9.67	9.7	0.1126	9.58	0.0596	18.3272	10.2415	64.4999	69.5	10.2498	132.9401	0.2185	3.7232	0.5714	0.7813	0.138	532.07	0.00312	0.0321	0.68286	0.5193	-0.38909	190.25	0.00644	0.0154	0.00497	-0.01473	-0.01349	9.5	0.00285	0.0781	0.02254	0.06197	-0.43893	16	-0.03875	0.07337	-0.05891	0.0215	0.09357	-0.14549	-0.01377	-0.17634	-0.02972	-0.02493	-0.10547	0.02057	0.02261	-0.05815	0.08758	0.00665	-0.03765	-0.14719	-0.03735	0.0344	-0.03395	-0.08737	0.03372	0.06224	0.02987	0.02236	-0.03034	-0.03514	0.01954	-0.02003	0.10868	-0.0144	311.24	727279812	738383318	1000	/scratch.global/lanej/1000G/ngs_dose/1000G_highcov/crams/HG01503.cram	9ab0a0e8,a23ef9ed,7f3b4c3c	184ab16e		14	0.997675	0.995714	0.999308	0.999731	2.11	0.981	0.75	876.176	114.727	scan	M	IBS	EUR	M	0.999232	0.999791	0.99758	NA	-0.16	1.1924	0.9857	530.8539	530.8772	631.9538	200.3381	9.4271	1.9877	926.5273	118.3874	553.0421	550.1259	625.6608	193.6814	9.4762	1.9888	864.6093	128.3792	826.244	1.005	0.7572	31.5633	M	2504	
HG01504	scan	0.1.0+fae1124	35.696	150	443	450	0.098	0.957	1.2778	0.0566	0.0416		1.9921	72.2213	674.4911	1.9688	0.0034	present	547.01	547.01	522.2	526.61	0.1937	591.05	0.055	502.22	643.75	539.09	635.38	425.16	540.28	518.46	675.71	405.16	520.42	432.2	549.99	361.42	461.01	544.78	591.03	127.993	NA	127.99	127.41	0.0885	165.4	0.0255	111.73	144.56	115.27	150.38	9.774	9.77	9.88	9.9	0.1167	9.8	0.0576	18.3314	2.5135	48.9782	57.6894	9.6273	154.1968	0.2338	2.5797	0.5166	0.896	0.3199	544.97	0.0026	0.0268	0.43979	0.05382	-0.00722	127.46	0.01576	0.0377	0.03751	-0.01077	0.03495	9.72	0.00282	0.0773	-0.46785	0.16345	0.03918	16	-0.18081	0.02364	0.03406	0.05711	-0.10028	-0.01319	0.03298	-0.0353	0.11243	0.05948	-0.03331	0.06944	-0.0528	-0.0368	0.12274	-6e-05	-0.10735	-0.00962	0.06643	0.04319	0.12165	-0.09831	0.00106	-0.0201	-0.04616	0.0561	0.03646	0.0207	0.04668	-0.06599	0.0335	0.02334	301.13	725422402	736304035	1000	/scratch.global/lanej/1000G/ngs_dose/1000G_highcov/crams/HG01504.cram	9ab0a0e8,a23ef9ed,7f3b4c3c	184ab16e		14	0.997805	0.998454	0.999394	0.999797	2.053	1.901	0.144	665.026	86.213	scan	F	IBS	EUR	F	0.999309	0.999812	0.997749	NA	0.06	1.1659	0.9892	548.4218	551.1609	634.9005	128.0874	9.7531	1.9903	754.486	55.5691	594.4882	590.5185	678.2135	126.9413	9.8109	1.9907	777.6749	65.1519	631.9008	1.9388	0.1196	31.2875	F	2504	
HG01505	scan	0.1.0+fae1124	35.434	150	422	400	0.1672	0.9844	1.1394	0.0515	0.0398		1.9934	110.7158	852.6647	0.9885	0.9761	present	587.237	587.24	571.44	569.93	0.2365	598.0	0.0865	579.43	623.13	620.5	669.15	481.36	496.9	621.13	690.81	474.45	516.51	478.4	531.57	446.29	468.62	586.41	605.47	184.567	NA	184.57	179.11	0.0809	210.47	0.0515	174.46	195.74	155.5	178.59	9.781	9.78	9.87	9.87	0.1218	9.82	0.1003	12.5457	11.3395	58.92	64.9898	9.8979	135.7806	0.2391	3.0194	0.5291	0.7871	0.9117	598.39	0.00459	0.0473	0.63373	0.82421	-0.71803	180.91	0.01541	0.0369	-0.05233	0.00078	-0.04821	9.7	0.00312	0.0855	-0.65006	0.28457	-0.32719	16	-0.3875	0.0322	-0.13765	0.09736	0.03361	-0.31739	-0.11097	-0.06591	-0.02093	-0.08444	0.10699	-0.25998	0.03117	-0.01325	-0.007	-0.07264	0.09546	0.1207	-0.0089	0.02663	0.00062	-0.02516	-0.08735	0.06196	-0.11225	-0.12403	0.05446	0.14574	0.02981	0.06789	-0.05829	-0.0437	299.94	705557626	715055965	1000	/scratch.global/lanej/1000G/ngs_dose/1000G_highcov/crams/HG01505.cram	9ab0a0e8,a23ef9ed,7f3b4c3c	184ab16e		14	0.997765	0.999092	0.999646	0.999857	2.073	0.991	0.754	850.786	122.521	scan	M	IBS	EUR	M	0.999758	0.99987	0.997751	NA	0.04	1.1183	1.0369	611.8949	605.367	677.8316	184.4654	9.6659	1.9955	723.4122	158.6326	559.3444	556.688	638.2925	142.2717	9.5895	1.9963	681.5305	141.3499	801.9765	1.0162	0.786	28.5972	M	698	
HG01506	scan	0.1.0+fae1124	36.409	150	443	450	0.1049	0.9618	1.2691	0.0687	0.0352	chr11	2.015	110.1911	983.1949	1.0044	0.9777	present	502.073	502.07	478.96	484.33	0.1882	532.95	0.0548	465.52	573.2	492.74	569.84	395.11	483.79	491.83	623.14	372.65	462.43	398.69	496.49	347.7	421.85	497.86	533.89	148.522	NA	148.52	145.07	0.0966	188.14	0.0285	129.52	163.97	133.7	170.84	9.6	9.6	9.64	9.64	0.109	9.57	0.062	17.483	10.8999	53.2674	70.5516	9.6274	132.8961	0.2364	2.1907	0.4714	0.832	0.4112	502.63	0.00261	0.0269	0.39404	0.16934	-0.05523	146.34	0.01375	0.0329	0.0738	-0.00557	-0.00833	9.47	0.0027	0.0741	1.00089	0.67784	-0.18239	16	-0.57275	-0.05749	-0.06334	0.2164	0.44318	-0.14023	0.37072	0.16619	0.0943	0.02027	-0.1435	-0.04027	-0.09483	0.16127	-0.09286	-0.05253	0.33559	0.05619	0.07831	0.10615	0.15318	0.10653	-0.01609	-0.00915	-0.10903	-0.01492	0.10965	0.05074	0.16349	0.09957	-0.02566	-0.04678	433.92	728044520	739103233	1000	/scratch.global/lanej/1000G/ngs_dose/1000G_highcov/crams/HG01506.cram	9ab0a0e8,a23ef9ed,7f3b4c3c	184ab16e		14	0.997623	0.998921	0.999409	0.999922	2.04	0.977	0.779	959.965	132.773	scan	M	IBS	EUR	M	0.999514	0.999919	0.997708	NA	-0.19	1.1337	0.9803	485.4888	483.8991	549.3729	136.794	9.3149	1.9977	735.6295	44.6797	348.4368	347.2537	394.5	157.0831	9.2124	1.9981	730.5301	28.5783	887.0516	0.995	0.782	31.6594	M	2504	aneuploid: chr11
HG01507	scan	0.1.0+fae1124	36.179	150	443	450	0.1079	0.9603	1.286	0.0657	0.0418		2.0087	335.4717	863.4616	1.9323	0.0024	present	523.036	523.04	500.18	504.67	0.1893	560.48	0.0575	477.53	599.26	514.04	596.95	400.52	502.08	503.4	643.91	380.95	481.73	407.95	514.45	333.61	416.18	523.63	563.61	218.553	NA	218.55	218.79	0.0882	280.7	0.0353	213.43	272.48	185.06	240.4	9.641	9.64	9.66	9.64	0.117	9.58	0.0619	17.5331	1.811	47.2614	53.7039	9.3076	133.6683	0.2383	2.5467	0.7081	0.8253	0.3317	521.57	0.00266	0.0275	0.41301	0.03674	0.033	217.45	0.00638	0.0153	-0.01155	-0.03009	-0.01278	9.5	0.00286	0.0785	0.94532	0.59491	-0.38669	16	-0.52225	-0.01123	0.27578	0.23636	0.01662	-0.14406	0.04613	-0.06511	0.06025	-0.03374	0.01282	0.12867	-0.06235	0.06979	0.02501	-0.09366	0.07791	0.01073	0.06291	-0.00688	-0.02024	-0.01028	0.07125	-0.02803	-0.01219	-0.09541	-0.17706	0.0069	-0.05526	-0.01146	0.01419	-0.01827	175.56	733832368	744254284	1000	/scratch.global/lanej/1000G/ngs_dose/1000G_highcov/crams/HG01507.cram	9ab0a0e8,a23ef9ed,7f3b4c3c	184ab16e		14	0.997696	0.998698	0.999409	0.999895	2.025	1.884	0.132	853.42	403.062	scan	F	IBS	EUR	F	0.99943	0.999904	0.998029	NA	-0.16	1.1445	0.9856	525.453	528.753	595.9039	216.4626	9.6174	2.0014	770.1737	232.1916	577.6357	579.2554	654.0218	209.8756	9.5703	2.0016	669.8883	185.5333	803.7414	1.943	0.112	31.055	F	2504	
HG01508	scan	0.1.0+fae1124	40.183	150	432	450	0.0792	0.9657	1.2782	0.0487	0.0433		1.9927	248.569	810.701	0.9885	0.9559	present	475.962	475.96	469.4	469.7	0.1515	535.37	0.0516	484.88	675.58	499.61	580.77	433.74	592.49	525.57	739.72	402.29	557.29	418.0	548.52	389.38	542.3	476.48	511.36	243.302	NA	243.3	243.06	0.0751	322.56	0.0307	219.25	291.17	197.68	266.58	9.919	9.92	9.95	9.91	0.1102	9.84	0.0469	20.3018	10.7684	54.789	69.9942	11.1969	148.5161	0.2631	2.805	0.6419	0.8427	0.1862	487.01	0.00446	0.046	0.11255	-0.48944	-0.36746	242.03	0.01915	0.0458	-0.11419	-0.01583	-0.0191	9.78	0.00269	0.0739	1.16267	0.4122	-0.12492	16	-0.14217	0.21177	0.17383	-0.0268	-0.00904	-0.1384	0.03734	-0.02987	0.09336	0.06851	-0.02827	-0.04016	-0.06383	0.12278	0.09651	-0.03915	0.0743	0.04032	0.05185	0.00841	-0.063	-0.11184	-0.02188	-0.06881	0.00013	-0.0787	-0.01735	-0.01475	-0.05926	0.02985	0.00458	-0.09723	303.95	806925786	819046118	1000	/scratch.global/lanej/1000G/ngs_dose/1000G_highcov/crams/HG01508.cram	9ab0a0e8,a23ef9ed,7f3b4c3c	184ab16e		14	0.997901	0.998549	0.999719	0.999928	2.07	0.999	0.775	792.655	306.145	scan	M	IBS	EUR	M	0.999824	0.999926	0.997984	NA	0.12	1.1925	1.0259	475.8743	468.0189	551.3133	244.6322	9.8826	1.9952	752.5626	185.7378	500.2073	495.0958	563.338	216.5504	9.8528	1.9932	760.1763	110.8182	742.9482	1.0216	0.7724	35.8861	M	698	
HG01509	scan	0.1.0+fae1124	34.347	150	444	450	0.0988	0.9585	1.2503	0.0622	0.043		2.0094	174.4837	879.1166	0.9975	0.9612	present	373.893	373.89	356.04	360.08	0.1892	398.17	0.0504	345.85	424.96	363.06	423.58	282.56	348.29	360.78	453.73	268.5	333.88	291.14	363.34	243.71	297.85	371.83	401.23	164.804	NA	164.8	162.59	0.092	209.8	0.0283	152.43	192.33	151.93	195.73	9.65	9.65	9.73	9.68	0.1107	9.65	0.057	17.699	12.6947	56.6793	76.3075	12.495	138.8552	0.2419	2.4015	0.5362	0.8364	0.3898	371.07	0.00267	0.0275	0.35899	-0.0359	0.03633	160.81	0.01677	0.0401	0.07972	0.03093	0.00652	9.55	0.00284	0.078	0.75811	0.02721	0.09925	16	-0.26982	0.00037	0.069	0.0788	0.0709	0.1237	0.03677	0.01309	-0.0455	0.05037	0.0176	0.02237	0.00406	0.03448	0.0608	-0.04804	0.04499	0.02036	-0.02205	-0.00493	0.09667	0.07638	0.02996	-0.02533	-0.03756	-0.02469	-0.07538	0.05842	0.10359	-0.03069	-0.08455	0.06	381.1	687033404	697695709	1000	/scratch.global/lanej/1000G/ngs_dose/1000G_highcov/crams/HG01509.cram	9ab0a0e8,a23ef9ed,7f3b4c3c	184ab16e		14	0.997829	0.998807	0.9994	0.999889	2.054	0.98	0.826	878.445	206.836	scan	M	IBS	EUR	M	0.999382	0.999958	0.997824	NA	-0.11	1.1415	0.9784	368.3022	372.7051	418.3559	161.622	9.6609	2.0031	880.3763	137.5701	414.969	416.1803	466.5167	162.4101	9.6628	2.0032	825.2078	93.8874	824.3686	1.0006	0.8306	29.9799	M	2504	
HG01510	scan	0.1.0+fae1124	34.948	150	439	450	0.1157	0.9711	1.2287	0.0707	0.0408		1.9949	147.2156	780.0043	1.9441	0.0031	present	295.22	295.22	282.6	282.57	0.2045	310.57	0.0541	280.97	339.27	294.89	335.27	233.65	280.34	276.79	344.8	220.54	268.6	233.71	285.66	187.22	222.96	293.11	311.24	162.915	NA	162.91	163.2	0.0896	202.94	0.0421	158.3	197.09	138.55	174.32	9.633	9.63	9.66	9.62	0.1065	9.58	0.0685	16.3747	1.0538	50.2902	53.8883	10.5574	142.538	0.2422	2.9776	0.7273	0.8324	0.2528	297.32	0.00238	0.0245	0.31735	0.49585	-0.27398	160.55	0.00767	0.0184	-0.00535	-0.03614	0.01515	9.46	0.0028	0.0767	0.64205	-0.53117	-0.39252	16	-0.2091	-0.04071	0.01111	-0.04446	-0.05951	-0.07111	-0.02327	-0.01854	-0.02178	-0.07986	0.0351	0.00151	0.05467	-0.06221	-0.03004	-0.05791	0.0283	0.01808	0.01681	-0.0346	-0.09019	0.05244	-0.0402	-0.00155	-0.00573	-0.0253	-0.06025	-0.01575	0.11386	0.04524	0.00416	-0.03501	254.09	705357250	715071164	1000	/scratch.global/lanej/1000G/ngs_dose/1000G_highcov/crams/HG01510.cram	9ab0a0e8,a23ef9ed,7f3b4c3c	184ab16e		14	0.997614	0.998388	0.999253	0.999962	2.013	1.883	0.131	782.1	172.621	scan	F	IBS	EUR	F	0.999292	0.999957	0.997716	NA	-0.2	1.1276	0.9918	297.3374	296.3815	334.1407	163.1985	9.571	1.9966	747.0508	233.8811	316.3132	314.2555	352.9545	161.5602	9.554	1.995	628.0601	283.636	740.6149	1.937	0.112	29.7995	F	2504	
HG01511	scan	0.1.0+fae1124	38.773	150	445	450	0.0804	0.9596	1.2782	0.0668	0.0471		2.0047	230.1691	721.1326	1.9221	0.0022	present	442.658	442.66	429.72	433.33	0.1658	491.14	0.0485	432.58	610.22	463.21	537.41	383.62	527.49	481.65	683.73	367.81	513.19	378.81	497.54	336.43	474.4	438.9	471.26	207.33	NA	207.33	204.15	0.0702	274.36	0.0286	192.53	257.04	173.59	232.98	9.804	9.8	9.91	9.93	0.1065	9.8	0.048	20.7739	1.4415	64.1221	60.4271	10.1778	152.754	0.2589	2.7528	0.4889	0.8251	0.5245	448.66	0.00322	0.0332	0.03091	-0.16897	-0.4012	205.97	0.01342	0.0321	-0.07709	-0.00577	-0.00751	9.77	0.00255	0.0699	0.45652	-0.2782	-0.20409	16	0.12297	0.096	0.10263	-0.06329	0.02295	-0.0458	0.01256	0.06268	-0.00661	0.01416	0.04527	-0.05612	0.05067	-0.06403	0.00607	-0.11429	-0.10318	0.04026	-0.03607	0.11965	-0.12508	0.02471	0.0021	-0.00885	0.05506	-0.09503	-0.00353	-0.10084	0.04933	-1e-05	-0.10544	0.0205	262.53	791299474	802296157	1000	/scratch.global/lanej/1000G/ngs_dose/1000G_highcov/crams/HG01511.cram	9ab0a0e8,a23ef9ed,7f3b4c3c	184ab16e		14	0.998237	0.999075	0.999707	0.99995	2.081	1.872	0.136	709.973	283.212	scan	F	IBS	EUR	F	0.999803	0.999947	0.998266	NA	0.11	1.1978	1.0324	425.7056	423.4195	495.4744	212.5845	9.9002	2.0082	705.6308	316.3355	435.1844	434.1831	498.0613	192.2176	9.8732	2.0076	786.2577	176.8152	670.5673	1.9122	0.1154	34.6518	F	698	
HG01512	scan	0.1.0+fae1124	34.929	150	437	450	0.1091	0.9608	1.258	0.0677	0.0556		1.9955	154.2654	714.6356	0.9882	0.9855	present	447.388	447.39	432.12	436.47	0.1849	482.45	0.0547	416.02	515.88	449.21	519.53	355.22	439.32	452.28	575.22	337.76	422.36	364.65	454.14	303.3	371.15	448.8	482.78	236.239	NA	236.24	235.68	0.0859	298.66	0.0351	215.8	272.27	205.44	261.75	9.141	9.14	9.26	9.3	0.1266	9.19	0.0619	20.6261	11.0316	56.1919	81.9713	10.3884	146.1016	0.2443	2.9913	0.7715	0.8158	0.2412	451.48	0.00294	0.0303	0.46524	0.01356	0.08068	234.89	0.00674	0.0161	0.00889	-0.01445	-0.00675	9.1	0.00362	0.0993	-0.07505	0.39889	-1.5531	16	0.40885	-0.00529	0.07455	-0.05309	-0.00056	0.15501	0.04102	-0.03221	0.02826	-0.05478	-0.06266	0.03423	-0.04419	0.00365	-0.00691	-0.01044	0.03896	-0.09937	0.00657	0.11526	0.06034	-0.06436	-0.09687	-0.11849	0.05459	0.08115	-0.00708	-0.01926	0.072	0.19926	0.06056	0.06435	338.65	699356496	711209771	1000	/scratch.global/lanej/1000G/ngs_dose/1000G_highcov/crams/HG01512.cram	9ab0a0e8,a23ef9ed,7f3b4c3c	184ab16e		14	0.997612	0.998192	0.999453	0.999885	2.062	0.977	0.82	696.815	185.336	scan	M	IBS	EUR	M	0.999421	0.999907	0.997593	NA	-0.56	1.1507	0.995	451.2896	445.9135	520.0922	236.2121	9.1006	1.9979	772.1613	144.9658	511.7001	505.519	579.9044	211.0669	9.0097	1.997	696.3002	84.8559	662.9089	0.997	0.8228	30.1883	M	2504	
HG01513	scan	0.1.0+fae1124	33.978	150	436	450	0.095	0.9575	1.2751	0.0678	0.0592		1.988	139.4981	629.5784	1.92	0.0023	present	493.553	493.55	475.84	480.42	0.1818	529.65	0.0525	463.96	568.18	493.98	568.15	391.12	476.23	501.12	624.87	378.63	465.38	403.25	498.55	338.02	410.64	492.75	530.05	252.432	NA	252.43	254.98	0.0818	317.53	0.0263	234.03	295.07	222.79	282.06	9.772	9.77	9.88	9.92	0.115	9.82	0.0562	20.6142	1.249	45.7077	58.9083	11.7216	152.2498	0.2318	2.674	0.5739	0.8402	0.3811	495.1	0.00264	0.0273	0.32278	-0.09952	-0.18655	251.65	0.00839	0.0201	0.00905	0.00895	-0.03178	9.71	0.00279	0.0765	0.09218	-0.43757	-0.21816	16	0.47653	0.01858	0.15397	0.02857	-0.05549	0.08046	0.06291	-0.00943	0.00799	-0.07612	-0.03477	0.08828	-0.0762	-0.04706	-0.09515	-0.0742	0.00163	0.08908	0.03894	-0.05486	-0.04974	-0.08966	0.01683	0.08489	-0.08212	-0.08153	-0.03293	0.00212	0.06421	-0.04739	-0.09421	0.03613	339.48	688869172	699420270	1000	/scratch.global/lanej/1000G/ngs_dose/1000G_highcov/crams/HG01513.cram	9ab0a0e8,a23ef9ed,7f3b4c3c	184ab16e		14	0.997697	0.998693	0.999459	0.999889	2.035	1.854	0.146	624.494	167.518	scan	F	IBS	EUR	F	0.999457	0.999949	0.997749	NA	0.05	1.1475	0.9977	487.7322	484.7555	558.599	252.0469	9.7303	1.9906	657.9426	135.3164	552.4904	548.301	629.079	242.0668	9.6308	1.9893	705.6013	128.0971	595.831	1.8972	0.1216	29.7586	F	2504	
HG01514	scan	0.1.0+fae1124	37.965	150	439	450	0.0786	0.9578	1.3127	0.0509	0.0612		1.9744	115.0794	633.1362	1.9207	0.0017	present	542.379	542.38	533.59	537.96	0.1675	613.6	0.0504	558.25	788.24	556.24	651.95	481.46	664.87	614.82	873.34	461.08	645.07	475.57	630.63	441.51	622.95	541.34	585.01	296.977	NA	296.98	297.02	0.0721	397.18	0.0256	255.95	344.21	249.38	338.35	9.268	9.27	9.38	9.38	0.1285	9.28	0.0462	23.7564	0.9438	52.8141	70.0179	10.3493	141.983	0.2548	2.6581	0.5394	0.8283	0.3923	552.57	0.00523	0.054	0.49094	-0.19265	-0.46543	299.21	0.0117	0.028	-0.07737	-0.00978	-0.01971	9.24	0.0032	0.0878	-0.15491	0.03904	-1.47795	16	0.54037	-0.00716	-0.06015	0.0147	-0.04618	0.02359	0.08361	0.00772	0.05589	0.01688	-0.05109	-0.09369	-0.02647	-0.07705	0.13414	-0.10943	-0.03319	-0.02924	0.04499	0.00369	-0.0282	0.02253	0.05152	0.04748	-0.01212	-0.05944	0.06598	-0.00773	-0.05684	-0.01429	-0.02253	-0.04442	313.81	770061072	782612328	1000	/scratch.global/lanej/1000G/ngs_dose/1000G_highcov/crams/HG01514.cram	9ab0a0e8,a23ef9ed,7f3b4c3c	184ab16e		14	0.998083	0.99879	0.999781	0.999965	2.034	1.859	0.149	631.303	141.986	scan	F	IBS	EUR	F	0.999838	0.99999	0.998274	NA	-0.42	1.1799	1.0066	546.5178	538.4195	629.8076	310.9123	9.1487	1.9767	760.7413	90.1038	551.337	546.8924	618.6168	295.1009	9.199	1.9782	732.3681	57.9128	602.7813	1.9022	0.1244	33.8982	F	698	
HG01515	scan	0.1.0+fae1124	36.103	150	445	450	0.1029	0.9531	1.357	0.0726	0.0529		1.9803	58.5991	775.4854	0.9843	0.9812	present	404.354	404.35	387.58	389.21	0.1769	449.75	0.0515	367.93	505.09	398.65	483.39	311.6	423.31	387.72	543.34	299.64	412.43	319.57	431.03	267.79	364.54	406.31	445.33	136.092	NA	136.09	136.08	0.0826	186.68	0.032	127.35	174.83	113.77	157.88	9.78	9.78	9.79	9.82	0.1091	9.68	0.0575	23.0048	12.0451	46.4735	74.5965	8.7465	133.7322	0.2377	2.169	0.5694	0.7825	0.6763	406.9	0.00351	0.0362	0.12814	-0.11563	0.12706	134.61	0.00513	0.0123	-0.01109	-0.00079	-0.00843	9.61	0.00278	0.0762	0.97264	0.42293	-0.11196	16	0.2369	-0.05412	0.04646	-0.48015	0.18678	-0.33384	0.03988	-0.27194	-0.01109	-0.07759	-0.1072	-0.11374	-0.06867	0.06604	-0.28464	-0.15759	0.04864	-0.10381	-0.03033	-0.10859	-0.0899	-0.04745	0.14166	0.14412	0.04278	0.12913	-0.05084	-0.07072	0.03889	0.10277	-0.05767	-0.07364	310.96	713494432	725660608	1000	/scratch.global/lanej/1000G/ngs_dose/1000G_highcov/crams/HG01515.cram	9ab0a0e8,a23ef9ed,7f3b4c3c	184ab16e		14	0.997875	0.999058	0.999322	0.999901	1.983	0.975	0.785	765.208	72.967	scan	M	IBS	EUR	M	0.999409	0.999919	0.997853	NA	-0.05	1.188	0.9797	384.5522	382.3308	443.1605	144.132	9.5855	1.9955	456.674	139.9842	389.164	388.2593	428.0345	159.1991	9.5986	2.0021	503.3933	177.1074	732.7218	1.0028	0.7924	31.1736	M	2504	
HG01516	scan	0.1.0+fae1124	37.962	150	440	450	0.1161	0.9648	1.2238	0.0591	0.0464		1.9995	30.2268	327.9386	1.9243	0.0022	present	221.985	221.98	208.63	211.98	0.2151	228.95	0.0526	196.1	230.43	195.3	222.52	159.7	187.83	170.76	205.31	149.77	177.57	155.21	186.12	140.21	162.64	222.34	237.48	244.317	NA	244.32	241.47	0.0863	297.2	0.0369	227.76	277.07	215.9	263.46	9.808	9.81	9.99	9.97	0.1218	9.94	0.0665	12.5041	1.7231	46.463	52.6277	13.0291	137.6929	0.2331	3.1029	0.8112	0.8517	0.5271	218.91	0.00664	0.0684	0.75359	0.34679	0.29557	241.48	0.00714	0.0171	0.0192	-0.01341	0.0075	9.81	0.00275	0.0754	-0.77353	0.22732	-0.1688	16	0.12368	-0.14067	-0.22563	0.08334	-0.0833	-0.10724	0.09034	-0.05294	0.09028	0.03768	0.007	0.01598	-0.06491	-0.05635	0.21814	0.08651	-0.0707	0.19452	-0.06119	-0.05675	0.04975	0.01323	0.03228	0.06676	-0.02675	0.05271	0.06862	-0.00978	0.02041	0.08885	0.00415	-0.03081	338.0	764516192	775099984	1000	/scratch.global/lanej/1000G/ngs_dose/1000G_highcov/crams/HG01516.cram	9ab0a0e8,a23ef9ed,7f3b4c3c	184ab16e		14	0.998023	0.99898	0.999198	0.999846	2.015	1.869	0.134	297.86	33.639	scan	F	IBS	EUR	F	0.999419	0.99984	0.998063	NA	0.15	1.0165	0.8921	227.2476	229.2915	233.0037	239.1275	9.5244	1.9973	426.7885	22.2004	254.3922	255.3037	273.0485	214.9767	9.5458	1.9968	579.3009	21.3549	287.3822	1.9114	0.1138	32.5296	F	2504	
HG01517	scan	0.1.0+fae1124	38.876	150	443	450	0.074	0.9639	1.2687	0.065	0.0546		1.9842	189.525	699.9916	1.9348	0.0022	present	255.295	255.3	242.14	243.03	0.1963	273.84	0.0406	246.64	330.72	249.15	289.06	197.66	261.46	210.92	286.35	189.02	253.01	198.88	255.97	170.09	227.44	251.7	269.94	174.79	NA	174.79	174.03	0.0911	227.46	0.0287	158.21	205.89	135.53	178.83	10.439	10.44	10.61	10.63	0.1166	10.5	0.0425	17.0855	2.0077	35.1539	50.872	11.6355	124.428	0.2334	2.4622	0.6536	0.7995	0.7558	255.88	0.00313	0.0323	0.18386	0.37319	-0.04377	175.55	0.01215	0.0291	-0.11126	-0.08598	-0.00324	10.43	0.00254	0.0698	-0.33429	0.27659	-0.80583	16	0.37439	-0.1475	-0.27965	0.32911	0.01022	-0.18353	-0.01729	-0.06019	0.07382	0.08005	0.08925	-0.04087	0.05929	0.00361	-0.02033	-0.0366	0.04227	0.06026	-0.017	0.04368	-0.02673	-0.02883	0.00523	0.03833	-0.0471	-0.03356	0.04757	-0.02884	0.02389	0.0405	-0.02207	0.02259	428.9	785421604	795679126	1000	/scratch.global/lanej/1000G/ngs_dose/1000G_highcov/crams/HG01517.cram	9ab0a0e8,a23ef9ed,7f3b4c3c	184ab16e		14	0.998085	0.999159	0.99963	0.999864	1.989	1.872	0.124	686.441	221.58	scan	F	IBS	EUR	F	0.999741	0.999908	0.998084	NA	0.77	1.1297	0.9737	262.2336	260.3454	296.4775	173.5973	9.9557	1.985	724.9032	86.3068	266.4698	265.6762	293.4855	174.2005	9.9836	1.9872	635.3415	60.3416	644.4317	1.9218	0.1034	34.7999	F	698	DJ +0.77 copies
HG01518	scan	0.1.0+fae1124	36.83	150	439	450	0.1096	0.9661	1.2198	0.065	0.0493		1.9861	113.1425	529.5626	0.9934	0.971	present	396.175	396.17	378.55	381.13	0.1888	417.89	0.0552	359.11	435.36	374.84	428.63	298.51	361.14	335.92	415.42	282.35	344.53	302.05	365.75	269.29	322.67	398.41	425.78	227.082	NA	227.08	225.87	0.0811	277.46	0.0368	205.87	251.04	197.13	242.27	9.901	9.9	10.07	10.07	0.1114	10.01	0.0657	18.0657	8.5491	42.4529	66.3843	11.0042	138.6741	0.2235	2.692	0.6754	0.8147	0.3558	395.55	0.00436	0.045	0.64722	0.12225	0.10273	225.87	0.00347	0.0083	-0.01096	-0.00814	-0.00824	9.93	0.00247	0.0677	0.18533	-0.19241	-0.56554	16	0.20707	-0.05156	-0.11343	0.13899	0.07636	0.06448	0.01293	-0.12343	0.03941	0.00072	0.02135	0.00733	-0.0787	0.07338	0.0936	0.0316	-0.01001	0.10715	0.01879	-0.01149	-0.03451	0.03201	-0.02583	0.07061	0.06127	0.06196	0.07563	0.02544	-0.03507	-0.01378	0.057	-0.00498	247.71	733409704	743827715	1000	/scratch.global/lanej/1000G/ngs_dose/1000G_highcov/crams/HG01518.cram	9ab0a0e8,a23ef9ed,7f3b4c3c	184ab16e		14	0.997976	0.998748	0.999272	0.999739	2.051	0.979	0.716	476.655	128.014	scan	M	IBS	EUR	M	0.999336	0.999758	0.998081	NA	0.27	1.0836	0.9476	410.7403	409.3818	449.6194	225.46	9.6929	1.9853	583.4355	65.6251	436.8589	434.7074	492.3182	229.9914	9.5842	1.9852	718.3677	56.3784	454.9756	0.9984	0.7234	31.7903	M	2504	
HG01519	scan	0.1.0+fae1124	36.44	150	422	400	0.0954	0.9658	1.2736	0.0532	0.0375		2.0056	103.5326	871.716	1.8655	0.004	present	356.878	356.88	345.35	350.12	0.193	385.22	0.0503	353.44	448.02	368.36	420.82	258.05	319.76	349.56	448.74	275.87	348.67	288.83	361.53	241.55	306.01	357.96	382.72	245.654	NA	245.65	243.61	0.0874	312.64	0.0265	212.55	269.7	213.74	273.4	9.587	9.59	9.61	9.59	0.1035	9.52	0.0569	16.065	2.2069	32.3072	56.8557	13.5684	141.4011	0.2519	2.3201	0.642	0.8755	0.4667	362.78	0.00254	0.0262	-0.20418	0.00065	0.01334	243.88	0.01135	0.0272	0.03737	0.00231	-0.02553	9.44	0.00268	0.0734	0.61054	0.04779	-0.05169	16	-0.55303	-0.04714	0.01925	0.11267	-0.21172	0.0556	0.11646	-0.1057	0.05151	-0.00346	0.05658	-0.04283	0.0345	-0.05694	-0.08143	0.02283	0.02026	-0.05529	-0.108	0.08465	-0.02254	-0.03583	-0.05666	-0.06764	-0.15576	-0.0136	0.0335	-0.0252	0.02342	-0.00319	-0.06954	0.05142	299.95	732673852	743430196	1000	/scratch.global/lanej/1000G/ngs_dose/1000G_highcov/crams/HG01519.cram	9ab0a0e8,a23ef9ed,7f3b4c3c	184ab16e		14	0.997656	0.998949	0.999618	0.999941	1.983	1.811	0.141	860.697	120.891	scan	F	IBS	EUR	F	0.99977	0.999951	0.998018	NA	-0.22	1.16	1.0154	408.7442	402.7965	480.611	231.8767	9.6224	1.9987	816.2256	119.8533	392.3688	388.8973	445.0547	237.9494	9.5804	2.0014	749.8694	115.0521	805.3555	1.864	0.1194	31.6833	F	2504	
HG01520	scan	0.1.0+fae1124	36.021	150	433	450	0.1525	0.9759	1.1435	0.0636	0.0585		1.9831	109.3325	316.5098	1.8943	0.0019	present	443.871	443.87	432.31	427.66	0.1935	452.92	0.0766	438.78	449.89	433.98	472.1	375.31	392.51	435.34	461.96	350.54	368.23	343.27	378.6	328.78	331.34	447.35	465.89	241.335	NA	241.34	242.19	0.0764	271.35	0.0365	212.16	235.37	213.2	240.6	9.868	9.87	10.02	10.04	0.1197	9.99	0.0948	14.5739	1.2539	32.4591	47.9134	12.5762	136.0569	0.2382	2.6529	0.7342	0.8293	0.535	452.36	0.00497	0.0512	-0.22011	0.01351	-0.02365	240.94	0.00604	0.0145	-0.00704	0.01293	0.00552	9.86	0.00307	0.0842	0.37498	-0.23421	-0.72682	16	0.39131	0.01946	-0.0586	0.15824	-0.03571	0.01752	0.01935	-0.04897	-0.00222	0.12957	0.03534	0.00198	-0.019	0.1045	0.13021	0.12894	-0.05476	-0.07052	-0.04813	-0.04202	-0.06926	-0.14993	-0.09637	-0.02119	-0.01349	-0.06657	0.06228	0.07424	-0.08494	-0.01971	-0.0623	0.02639	335.27	729539794	738588039	1000	/scratch.global/lanej/1000G/ngs_dose/1000G_highcov/crams/HG01520.cram	9ab0a0e8,a23ef9ed,7f3b4c3c	184ab16e		14	0.99768	0.998976	0.999602	0.999891	2.011	1.861	0.119	287.584	118.464	scan	F	IBS	EUR	F	0.999763	0.99993	0.997872	NA	0.2	1.0436	0.9594	465.155	453.4537	490.288	233.3928	9.6091	1.9823	379.5515	53.7893	463.1618	457.7817	508.8102	210.7767	9.6086	1.9842	630.2519	49.9594	277.4514	1.8984	0.1054	29.7632	F	698	
HG01521	scan	0.1.0+fae1124	35.497	150	442	450	0.1042	0.9583	1.3122	0.0597	0.0376		1.9952	75.4803	1054.3311	0.9975	0.9777	present	419.712	419.71	403.77	410.37	0.182	456.02	0.0537	384.16	490.37	414.28	486.26	328.63	419.91	387.29	506.18	313.38	404.17	328.51	421.2	288.91	364.62	422.89	457.18	235.015	NA	235.01	234.51	0.0798	306.42	0.0311	223.83	289.55	209.2	275.78	10.53	10.53	10.59	10.57	0.1146	10.49	0.0617	23.9475	11.3402	45.8941	70.2705	10.0022	121.0213	0.2401	2.2414	0.6712	0.8717	0.1728	417.82	0.00267	0.0275	0.70662	-0.17486	0.23393	233.08	0.00882	0.0211	-0.01245	0.00369	-0.00907	10.38	0.003	0.0823	0.79476	-0.88376	0.01362	16	-0.33654	-0.19609	-0.21424	0.2123	0.01355	-0.04249	0.03856	-0.15641	0.09755	0.02845	-0.17946	-0.01721	0.02144	-0.01603	-0.20185	-0.06028	0.02622	-0.04454	0.05797	-0.02531	0.0239	0.03723	-0.02886	-0.03101	0.10175	-0.01189	-0.00635	0.06444	0.13547	-0.01592	0.02898	0.0476	318.89	705082138	716485589	1000	/scratch.global/lanej/1000G/ngs_dose/1000G_highcov/crams/HG01521.cram	9ab0a0e8,a23ef9ed,7f3b4c3c	184ab16e		14	0.997936	0.997895	0.999335	0.999926	2.004	0.985	0.772	1049.598	92.305	scan	M	IBS	EUR	M	0.999195	0.999936	0.998006	NA	0.72	1.1638	0.9915	441.6302	440.8076	522.3446	230.5759	10.2139	1.9897	853.7433	40.4701	442.7892	441.3713	508.9034	236.6826	10.2184	1.9913	883.9399	38.4779	977.5574	1.0098	0.7798	30.6769	M	2504	
HG01522	scan	0.1.0+fae1124	36.548	150	445	450	0.1033	0.9644	1.2337	0.0598	0.0432		2.0001	194.6156	770.3017	1.9583	0.0024	present	427.022	427.02	416.19	420.06	0.181	456.83	0.0533	398.86	473.07	416.96	474.26	337.83	397.53	398.73	485.49	326.73	389.72	343.29	416.49	301.66	354.63	434.29	462.6	138.468	NA	138.47	138.16	0.0789	171.78	0.0315	128.81	160.55	119.12	148.88	10.469	10.47	10.52	10.49	0.1156	10.45	0.0611	18.8486	2.0711	62.974	59.943	9.4042	140.4959	0.259	3.5924	0.5825	0.8811	0.3281	425.87	0.00255	0.0263	0.99081	-0.39288	0.23337	136.88	0.01128	0.027	-0.04112	-0.00702	-0.00152	10.33	0.0029	0.0794	0.89047	-0.53503	0.51616	16	-0.05541	-0.08909	-0.11661	0.04987	-0.0217	0.16225	0.01258	0.0976	0.01158	0.05804	-0.03334	0.05344	-0.09331	0.15212	-0.01472	-0.01046	0.09862	-0.13557	0.01082	-0.04559	0.01021	-0.05996	0.11649	0.00677	0.01589	0.05242	-0.03498	0.01763	0.00666	-0.01512	0.02282	0.06349	441.88	744281120	755991093	1000	/scratch.global/lanej/1000G/ngs_dose/1000G_highcov/crams/HG01522.cram	9ab0a0e8,a23ef9ed,7f3b4c3c	184ab16e		14	0.997899	0.999104	0.999352	0.999873	2.073	1.897	0.141	761.538	225.085	scan	F	IBS	EUR	F	0.999358	0.99987	0.998185	NA	0.67	1.1136	0.9791	416.9564	417.3911	469.1316	132.7242	10.2372	1.9954	776.0652	77.7034	434.397	434.3975	487.6412	150.2122	10.1303	1.9973	625.5365	73.3173	715.3098	1.9388	0.1176	31.8037	F	2504	
HG01523	scan	0.1.0+fae1124	39.457	150	431	450	0.0755	0.9607	1.2861	0.0541	0.0529		2.0014	113.9665	396.63	0.9846	0.981	present	334.894	334.89	320.88	324.31	0.1812	364.17	0.0431	318.22	419.85	325.28	381.22	257.25	337.11	285.82	384.68	250.17	331.74	257.97	333.54	239.11	313.48	335.62	362.44	145.171	NA	145.17	144.78	0.0719	190.52	0.0244	134.54	175.64	121.21	161.39	10.557	10.56	10.72	10.73	0.1168	10.62	0.0447	21.292	11.4977	54.452	59.0061	8.2454	122.6399	0.2417	2.9421	0.6366	0.831	0.2648	334.55	0.00278	0.0287	0.52071	-0.03899	0.23411	143.13	0.00811	0.0194	-0.05425	-0.00628	0.03187	10.55	0.00272	0.0746	0.6992	-0.76493	0.24831	16	0.34276	-0.05676	-0.18909	0.03067	0.07217	-0.07964	-0.08288	0.04275	-0.01174	0.10143	-0.04964	-0.01733	-0.01735	0.02396	0.1525	0.04726	-0.11202	0.01007	0.06007	-0.00624	0.01543	0.01211	0.04851	-0.05212	-0.02548	0.03156	0.02804	-0.10933	-0.05503	-0.04225	0.07351	0.02458	358.3	785086262	795733136	1000	/scratch.global/lanej/1000G/ngs_dose/1000G_highcov/crams/HG01523.cram	9ab0a0e8,a23ef9ed,7f3b4c3c	184ab16e		14	0.998117	0.998262	0.99955	0.999893	2.057	0.978	0.717	353.726	140.394	scan	M	IBS	EUR	M	0.999654	0.99991	0.998295	NA	0.89	1.1395	0.9723	314.093	313.3098	357.5748	146.2419	10.2429	2.0033	468.8151	69.8216	373.5287	373.1835	423.5679	129.7209	10.0483	2.0025	534.059	47.8481	339.8584	0.9996	0.7168	35.3514	M	698	DJ +0.89 copies
HG01524	scan	0.1.0+fae1124	34.912	150	442	450	0.1028	0.9661	1.2251	0.0623	0.0381		1.9978	91.2337	728.0143	0.9988	0.9804	present	475.789	475.79	458.45	461.09	0.1955	504.02	0.0549	445.61	526.99	468.24	533.73	376.42	447.66	445.77	548.07	363.38	437.86	378.89	460.68	343.61	398.78	476.69	508.57	223.362	NA	223.36	221.34	0.0877	276.75	0.0279	214.66	262.43	199.37	250.23	9.83	9.83	9.98	9.97	0.1136	9.91	0.061	19.8182	11.1393	48.519	67.2899	10.5292	141.2736	0.2383	2.8514	0.728	0.8043	0.2489	472.5	0.0041	0.0423	1.03511	-0.04651	-0.03698	221.65	0.01133	0.0271	0.02443	0.00324	-0.02847	9.79	0.00262	0.0717	-0.09963	0.0655	-0.45655	16	-0.30058	-0.17243	-0.17325	0.19947	0.11201	-0.03114	-0.13307	-0.00769	0.07224	-0.04218	-0.02061	0.03306	-0.05458	0.0368	0.02947	-0.10275	0.08593	-0.05998	0.01848	-0.02694	-0.04041	-0.01829	0.00908	-0.0508	-0.01434	0.03544	0.11989	0.05857	-0.04486	-0.04599	0.02341	-0.11355	233.71	694185238	704203950	1000	/scratch.global/lanej/1000G/ngs_dose/1000G_highcov/crams/HG01524.cram	9ab0a0e8,a23ef9ed,7f3b4c3c	184ab16e		14	0.998053	0.998503	0.99937	0.999903	2.068	0.985	0.755	713.38	100.312	scan	M	IBS	EUR	M	0.999454	0.999902	0.998169	NA	0.13	1.1296	0.991	460.0469	463.6749	521.7634	227.3917	9.6215	1.9941	705.0228	47.0411	463.6637	466.2653	531.5896	230.2107	9.4969	1.992	671.2996	36.1673	671.7967	1.0076	0.763	30.3266	M	2504	
HG01525	scan	0.1.0+fae1124	39.341	150	443	450	0.1324	0.9727	1.2197	0.0692	0.0429		1.9892	28.3767	1077.8874	1.9261	0.0031	present	463.795	463.79	447.37	445.52	0.189	482.87	0.0654	434.87	495.62	469.07	521.84	357.65	407.3	429.8	502.13	351.33	404.24	373.2	441.42	323.51	366.52	464.21	489.07	219.179	NA	219.18	213.22	0.0778	265.95	0.0335	193.25	234.26	194.02	237.48	9.678	9.68	9.79	9.8	0.1133	9.73	0.0792	21.5999	1.9779	50.1816	51.9636	11.4365	143.2714	0.2476	2.7455	0.5099	0.8371	0.2866	468.38	0.00236	0.0243	-0.05572	0.08568	0.05831	217.75	0.00706	0.0169	0.0241	0.00638	0.02661	9.66	0.00261	0.0716	-0.58703	-0.433	0.12413	16	-0.13783	0.09935	0.12907	-0.0589	-0.00737	-0.12277	0.01703	-0.07464	-0.07838	-0.11323	0.02861	-0.02031	0.02201	0.05182	-0.00561	0.09787	0.0368	0.00717	0.04893	-0.003	-0.04344	-0.03402	-0.02213	-0.0338	0.03479	0.05522	-0.01936	-0.01117	0.08642	0.11658	0.05105	-0.02904	429.99	795230248	806631128	1000	/scratch.global/lanej/1000G/ngs_dose/1000G_highcov/crams/HG01525.cram	9ab0a0e8,a23ef9ed,7f3b4c3c	184ab16e		14	0.997697	0.998304	0.999422	0.99977	2.037	1.878	0.135	1075.686	31.646	scan	F	IBS	EUR	F	0.999595	0.999804	0.99783	NA	0.0	1.1141	1.0015	482.765	477.2277	544.0191	213.6714	9.7592	1.9916	1028.2441	51.2652	495.9312	491.8586	556.3729	202.3057	9.7202	1.9922	847.7005	39.601	989.344	1.9232	0.1154	33.0909	F	2504	
HG01526	scan	0.1.0+fae1124	46.606	150	426	450	0.1803	0.9848	1.1002	0.0862	0.0457		1.9978	204.0131	452.7194	1.0003	0.9946	present	574.373	574.37	554.61	546.34	0.205	568.77	0.0934	561.14	548.07	585.69	621.25	497.35	493.03	602.29	606.19	471.31	469.38	462.3	490.21	430.59	415.68	567.79	583.24	248.669	NA	248.67	250.76	0.0766	269.61	0.0431	218.46	235.72	219.2	237.8	9.711	9.71	9.84	9.86	0.122	9.81	0.1089	21.3909	10.4312	50.7207	63.74	10.5098	144.4473	0.2363	2.5512	0.7318	0.7894	0.5826	577.63	0.00398	0.041	0.17321	0.22643	-0.31639	246.24	0.00829	0.0198	-0.00495	0.03037	-0.02964	9.66	0.00266	0.0731	-0.71114	-0.40422	-0.4412	16	0.11186	-0.07816	-0.18429	0.04473	-0.06967	-0.07211	-0.11136	0.08702	8e-05	0.06747	0.02678	-0.05958	0.06274	-0.01393	0.06366	0.04914	-0.0256	0.0526	0.05973	0.05754	0.01742	-0.16296	-0.00045	0.03333	0.06462	-0.03108	-0.12368	-0.00399	-0.00062	-0.03927	-0.03151	0.00362	396.97	938503668	951254920	1000	/scratch.global/lanej/1000G/ngs_dose/1000G_highcov/crams/HG01526.cram	9ab0a0e8,a23ef9ed,7f3b4c3c	184ab16e		14	0.997789	0.999095	0.999628	0.999787	2.063	0.993	0.747	440.447	217.815	scan	M	IBS	EUR	M	0.9998	0.999855	0.99794	NA	0.0	1.0755	1.014	562.2713	558.8832	607.2817	244.9215	9.5058	1.999	509.0777	162.917	573.4103	571.8819	666.0321	209.0173	9.4336	1.998	600.5178	113.7934	413.9576	1.008	0.7726	37.4017	M	698	
HG01527	scan	0.1.0+fae1124	37.417	150	446	450	0.1069	0.9649	1.2542	0.0725	0.0401		2.0098	297.136	787.8324	0.9795	0.9727	present	415.949	415.95	401.02	406.04	0.1902	441.8	0.0556	391.96	470.78	402.63	460.89	320.89	384.83	375.17	461.72	310.89	376.61	327.07	399.54	295.56	350.7	418.54	446.27	191.455	NA	191.45	191.41	0.0853	237.74	0.0312	184.87	228.99	166.45	208.25	10.054	10.05	10.09	10.19	0.1174	10.02	0.0645	18.896	18.6863	43.643	79.0295	11.9679	137.3456	0.2522	2.5205	0.4644	0.9101	0.3984	414.17	0.00363	0.0375	0.77429	-0.04949	0.15588	188.38	0.00989	0.0237	0.01893	0.00236	-0.01454	9.94	0.0028	0.0767	1.29096	-0.70357	-1.348	16	-0.13405	-0.12037	-0.22134	0.26254	0.14914	-0.02695	-0.19292	-0.13929	0.09667	0.02749	0.00293	0.06634	-0.04753	0.00832	0.0315	-0.01198	-0.03413	-0.0087	0.00702	-0.01198	-0.03937	-0.00825	-0.08487	-0.02214	-0.02184	0.0713	0.10279	-0.00318	0.06029	-0.08909	-0.01542	0.0255	324.93	754041812	766100864	1000	/scratch.global/lanej/1000G/ngs_dose/1000G_highcov/crams/HG01527.cram	9ab0a0e8,a23ef9ed,7f3b4c3c	184ab16e		14	0.997817	0.998731	0.999379	0.999925	2.041	0.986	0.986	764.75	336.345	scan	M	IBS	EUR	M	0.999226	0.999937	0.997712	NA	0.28	1.1128	0.9721	412.0871	411.6604	464.6923	193.4569	9.6318	2.0093	797.0611	149.0504	421.8274	419.9321	477.4167	197.4813	9.5627	2.0055	724.9582	103.4272	717.5352	1.0044	0.9846	32.4601	M	2504	
HG01528	scan	0.1.0+fae1124	35.724	150	442	450	0.1004	0.9588	1.2806	0.0635	0.0391		2.0049	137.6657	873.1376	1.9519	0.0028	present	428.348	428.35	412.48	416.83	0.178	462.82	0.0532	399.12	493.09	421.3	491.83	332.41	410.36	408.6	519.32	316.89	395.8	336.43	422.8	288.73	352.34	430.75	466.07	230.629	NA	230.63	228.97	0.0863	295.42	0.0309	219.38	279.48	206.28	267.05	9.891	9.89	9.9	9.92	0.1172	9.83	0.0541	19.9014	2.158	44.0158	54.8542	12.2949	125.901	0.2489	2.878	0.4861	0.8267	0.2374	427.82	0.00299	0.0308	0.16898	-0.38805	0.20545	227.88	0.00689	0.0165	0.03328	0.00251	-0.01627	9.72	0.00274	0.0751	0.66275	0.55974	-0.81102	16	-0.21248	-0.10583	-0.14273	0.03563	-0.16812	0.06426	-0.00413	0.04212	-0.07128	-0.04446	0.00015	0.05845	-0.09287	0.09725	0.00296	0.09816	0.06441	-0.11418	-0.07947	-0.20183	-0.01775	-0.01629	0.17257	-0.01468	0.12618	0.02093	0.03151	0.05097	0.11436	-0.02873	-0.12652	-0.11028	247.9	723715694	734535550	1000	/scratch.global/lanej/1000G/ngs_dose/1000G_highcov/crams/HG01528.cram	9ab0a0e8,a23ef9ed,7f3b4c3c	184ab16e		14	0.997812	0.998112	0.99932	0.999911	2.016	1.894	0.139	851.277	166.519	scan	F	IBS	EUR	F	0.999286	0.999905	0.997574	NA	0.06	1.1496	0.9848	441.195	439.4193	524.5394	216.6953	9.661	2.0006	949.9839	95.1865	502.7622	500.8249	572.5321	241.465	9.5664	2.0006	909.0701	105.2794	801.4356	1.9406	0.1172	31.0836	F	2504	
HG01529	scan	0.1.0+fae1124	36.974	150	431	450	0.1608	0.9846	1.1169	0.0801	0.0454		2.0079	130.074	582.6522	0.9907	0.9871	present	381.548	381.55	373.31	374.45	0.1852	384.03	0.0787	373.02	375.78	400.72	422.35	326.45	333.57	390.79	404.23	302.16	309.91	305.11	327.5	288.43	287.12	383.98	393.52	253.901	NA	253.9	251.12	0.0937	277.88	0.0462	220.21	239.2	221.74	243.27	9.813	9.81	9.88	9.9	0.1164	9.86	0.0927	19.8104	18.9673	43.2223	69.233	12.3678	141.1154	0.2679	2.8987	0.5625	0.8539	0.3788	388.08	0.0049	0.0506	0.1011	-0.1291	0.05332	253.96	0.01891	0.0453	0.00851	-0.01039	-0.06895	9.75	0.00275	0.0755	0.13313	-0.02619	-0.62467	16	0.09423	-0.04821	-0.16309	0.11554	-0.00689	0.00473	-0.17218	0.06046	-0.09719	-0.05108	-0.0258	-0.11796	0.07359	0.13215	0.06685	0.07904	-0.01445	0.10606	0.0749	0.12522	-0.09024	0.04471	-0.05504	-0.019	-0.03293	-0.06879	-0.07355	-0.07578	-0.0528	0.06573	0.08127	0.01838	252.0	742548042	752267270	1000	/scratch.global/lanej/1000G/ngs_dose/1000G_highcov/crams/HG01529.cram	9ab0a0e8,a23ef9ed,7f3b4c3c	184ab16e		14	0.997801	0.998887	0.999617	0.999857	2.06	0.992	0.963	571.686	137.858	scan	M	IBS	EUR	M	0.999722	0.999961	0.997758	NA	0.09	1.0883	1.0326	389.4778	382.1891	432.8223	251.1983	9.6044	2.0079	637.1669	85.9659	402.169	400.6201	463.3016	220.1551	9.7025	2.0136	822.8649	81.4276	544.0979	1.0102	0.993	30.2727	M	698	
HG01530	scan	0.1.0+fae1124	36.363	150	446	450	0.1108	0.9547	1.2883	0.0595	0.0449		2.0221	87.1322	448.8592	0.9981	1.0008	present	471.97	471.97	445.68	445.85	0.2084	504.76	0.0588	418.75	530.32	456.21	536.53	357.55	451.84	417.15	540.93	342.1	436.78	362.84	460.45	326.13	407.83	467.29	508.8	199.555	NA	199.55	197.43	0.0847	256.81	0.0327	185.42	237.77	180.1	233.75	9.588	9.59	9.79	9.81	0.122	9.73	0.0639	18.0718	9.4813	52.3779	76.3069	9.0645	159.0418	0.2349	3.3946	0.7351	0.7582	0.1876	470.79	0.00468	0.0483	0.27004	0.44529	-0.03172	198.39	0.01212	0.029	0.02042	0.01666	-0.04247	9.65	0.00295	0.0808	-0.91586	-1.08891	-0.13856	16	0.01558	-0.02565	-0.04834	0.06279	0.01819	0.11752	-0.0003	0.05213	0.05281	0.12592	-0.03239	0.06733	-0.07841	-0.01871	0.14403	0.04378	-0.04136	-0.01447	0.06764	0.05793	0.00389	0.0452	0.05789	0.0017	0.02887	-0.05664	-0.03142	0.05939	0.03752	-0.08131	0.00524	0.09114	297.77	732108734	743207232	1000	/scratch.global/lanej/1000G/ngs_dose/1000G_highcov/crams/HG01530.cram	9ab0a0e8,a23ef9ed,7f3b4c3c	184ab16e		14	0.997811	0.997874	0.999405	0.999886	2.064	0.998	0.741	428.5	97.864	scan	M	IBS	EUR	M	0.999502	0.99994	0.997705	NA	-0.01	1.1396	0.969	454.9861	455.389	519.3868	198.0239	9.5729	2.0176	540.2239	51.1619	526.1248	516.4371	601.6872	149.2615	9.6951	2.0119	707.0459	47.596	407.4062	1.0086	0.7398	31.6884	M	2504	
HG01531	scan	0.1.0+fae1124	35.889	150	441	450	0.0987	0.9635	1.2302	0.0665	0.0515		2.0018	34.617	673.3724	1.9339	0.0023	present	334.993	334.99	319.48	323.5	0.2132	351.34	0.0506	317.69	378.3	328.91	374.88	258.12	307.18	305.05	372.09	250.13	300.68	265.19	321.94	235.36	278.03	331.35	353.41	133.923	NA	133.92	134.34	0.1084	165.78	0.0292	127.68	157.49	116.33	145.34	9.909	9.91	10.05	10.08	0.1167	9.99	0.0558	16.479	1.6183	47.585	58.2201	10.0248	140.6587	0.2228	1.9299	0.6726	0.7658	0.3153	334.79	0.00279	0.0287	0.66336	0.55925	-0.38048	132.8	0.01789	0.0428	0.0762	-0.06338	0.01414	9.87	0.00285	0.0783	-0.74541	-0.05545	-0.49719	16	0.25129	-0.11218	-0.19381	0.18614	-0.02799	-0.02313	-0.03632	-0.05363	-0.01461	0.04157	0.06105	0.19538	-0.01759	0.00589	0.00596	-0.02764	-0.02816	-0.07646	-0.04479	0.07261	-0.09402	0.05073	0.07165	-0.08262	0.01803	-0.00015	0.00538	-0.04737	0.00142	-0.07373	-0.09819	0.05273	334.02	727115492	738321179	1000	/scratch.global/lanej/1000G/ngs_dose/1000G_highcov/crams/HG01531.cram	9ab0a0e8,a23ef9ed,7f3b4c3c	184ab16e		14	0.997707	0.998878	0.999353	0.999843	2.04	1.883	0.141	646.683	39.458	scan	F	IBS	EUR	F	0.999373	0.999881	0.997881	NA	0.21	1.1197	0.9824	329.4822	327.3946	372.6543	133.8679	9.5694	2.0038	755.2022	19.1129	374.6587	372.2346	433.7587	126.8388	9.4419	1.9976	764.2273	18.0206	605.1655	1.9186	0.1176	31.461	F	2504	
HG01532	scan	0.1.0+fae1124	38.48	150	445	450	0.0737	0.9606	1.2989	0.0561	0.0393		1.9938	115.6827	848.6995	0.9866	0.7381	present	501.416	501.42	486.07	488.37	0.1716	556.55	0.0485	504.86	708.57	519.81	605.89	441.57	610.11	517.05	726.25	420.89	586.69	429.73	564.9	394.72	555.69	493.88	531.85	147.666	NA	147.67	150.45	0.0787	195.39	0.029	139.98	184.77	117.9	158.59	10.139	10.14	10.28	10.25	0.1094	10.17	0.041	15.744	8.497	54.3785	54.134	9.6676	145.518	0.2312	2.5368	0.9013	0.8382	0.354	506.56	0.0036	0.0371	0.19892	-0.10482	-0.4812	149.16	0.01892	0.0453	-0.1397	-0.04519	-0.00324	10.09	0.00266	0.0729	-0.22005	0.0004	-0.55842	16	-0.09765	-0.08993	-0.24196	0.07353	-0.02955	-0.19191	-0.03193	-0.02012	0.09562	0.18782	0.06257	-0.07042	0.00384	0.00652	0.0147	0.01254	0.02304	0.00164	-0.0843	0.02079	0.00784	-0.02354	0.04259	-0.03775	-0.06643	0.00851	-0.01479	-0.06464	-0.04913	-0.02041	0.02914	-0.00637	320.45	766231928	775728194	1000	/scratch.global/lanej/1000G/ngs_dose/1000G_highcov/crams/HG01532.cram	9ab0a0e8,a23ef9ed,7f3b4c3c	184ab16e		14	0.998063	0.999103	0.999641	0.999965	2.065	0.983	0.537	833.187	134.934	scan	M	IBS	EUR	M	0.999793	0.999966	0.998225	NA	0.43	1.1961	1.0262	500.9794	495.873	594.5614	147.5383	9.8364	1.994	812.4096	70.9996	491.7138	492.0746	569.026	148.2305	9.6875	1.9953	800.1925	55.6737	774.8748	1.005	0.5372	34.6243	M	698	chrY 0.74 (mosaic Y loss?)
HG01536	scan	0.1.0+fae1124	38.147	150	442	450	0.1444	0.967	1.2225	0.0692	0.042		2.0064	328.0801	829.9294	0.9964	0.9915	present	307.512	307.51	298.9	299.31	0.1885	328.08	0.0695	292.32	351.89	317.55	359.76	245.57	296.12	292.74	361.34	237.37	289.05	251.2	304.85	210.0	250.27	309.49	328.57	230.758	NA	230.76	228.03	0.0802	284.4	0.0395	209.51	255.75	207.83	259.24	10.02	10.02	10.11	10.11	0.1175	10.03	0.0818	23.7124	11.8636	46.6525	75.9191	14.3092	144.6822	0.2434	2.9507	0.8002	0.9572	0.1477	313.88	0.00235	0.0243	0.06806	0.05293	-0.10886	229.31	0.00593	0.0142	0.02755	0.01148	-0.00509	9.92	0.00272	0.0746	-0.35713	0.1291	-0.13865	16	-0.04533	-0.14243	-0.20805	-0.06709	-0.08053	0.04029	0.08725	-0.14821	0.15427	0.03362	0.03726	0.06779	-0.0001	-0.06532	0.04793	0.01151	-0.02384	-0.01919	-0.13077	0.04713	0.06547	0.01196	0.02198	-0.07504	0.10257	-0.05634	-0.06128	-0.03141	-0.11192	-0.05143	0.05163	0.01652	446.12	772416780	785398519	1000	/scratch.global/lanej/1000G/ngs_dose/1000G_highcov/crams/HG01536.cram	9ab0a0e8,a23ef9ed,7f3b4c3c	184ab16e		14	0.998059	0.997501	0.999341	0.999914	2.042	0.991	0.811	824.603	390.29	scan	M	IBS	EUR	M	0.999197	0.999913	0.998303	NA	0.26	1.1462	1.0117	331.8537	324.3256	380.8482	230.2258	9.7919	2.0087	887.0999	326.8341	323.3607	316.0982	378.7892	204.1037	9.6789	2.006	917.9968	202.952	772.1111	1.0056	0.8206	31.8786	M	2504	
HG01537	scan	0.1.0+fae1124	35.476	150	445	450	0.094	0.9635	1.2607	0.0717	0.0413		2.0073	103.6065	710.6613	1.9612	0.0027	present	372.013	372.01	358.56	360.11	0.1819	401.71	0.048	342.25	424.62	349.46	408.37	283.11	349.42	331.91	422.65	274.03	342.6	282.62	354.4	249.9	307.31	378.01	407.96	187.331	NA	187.33	187.19	0.0798	239.43	0.0265	169.84	216.65	167.43	216.33	10.092	10.09	10.2	10.24	0.1202	10.12	0.0536	20.1335	1.9234	47.9755	59.7513	8.0485	144.4382	0.231	2.6439	0.7012	0.8184	0.4893	367.72	0.00441	0.0455	0.94725	-0.47981	0.4636	186.38	0.00692	0.0166	0.01942	0.01733	-0.00694	10.08	0.00272	0.0747	-0.15707	0.45367	-0.82325	16	0.04159	-0.10676	-0.18626	0.26362	-0.0449	-0.02206	-0.04639	0.00895	-0.04742	0.05966	-0.04906	0.11336	-0.06889	0.07291	-0.02593	0.0058	0.00176	0.04402	-0.02672	0.02671	0.118	-0.07103	-0.07683	-0.00715	-0.03701	0.00471	-0.00927	0.00582	-0.0299	-0.02032	0.10745	-0.03001	281.26	721191426	731640591	1000	/scratch.global/lanej/1000G/ngs_dose/1000G_highcov/crams/HG01537.cram	9ab0a0e8,a23ef9ed,7f3b4c3c	184ab16e		14	0.997936	0.998889	0.99938	0.999827	2.054	1.872	0.136	685.017	119.924	scan	F	IBS	EUR	F	0.999336	0.999824	0.997919	NA	0.42	1.1105	0.9503	362.6357	363.9937	411.4347	182.8022	9.804	2.0033	757.0313	38.8303	409.8971	411.3513	455.8362	202.1097	9.7309	2.0028	692.1522	40.4208	650.0532	1.907	0.1132	31.2548	F	2504	
HG01538	scan	0.1.0+fae1124	40.523	150	441	450	0.093	0.9673	1.2536	0.0545	0.0542		1.9966	42.6293	650.7395	1.9193	0.0018	present	402.46	402.46	398.59	396.8	0.1559	449.09	0.0533	401.22	551.46	426.43	485.89	364.17	490.23	434.4	600.8	344.01	469.01	354.04	454.12	319.41	438.59	406.35	431.89	215.766	NA	215.77	215.94	0.0604	278.25	0.0283	200.61	259.56	189.07	247.53	9.963	9.96	10.09	10.06	0.1144	9.98	0.0536	18.9425	1.9066	46.2575	49.3119	11.524	140.5245	0.2354	2.5842	0.7384	0.8736	0.4941	412.56	0.00343	0.0354	-0.05889	-0.52155	-0.33892	213.9	0.00614	0.0147	-0.05171	0.03667	0.01742	9.9	0.00264	0.0724	-0.08074	0.2586	-0.48498	16	0.33495	-0.04161	-0.02411	0.22618	-0.09884	0.06725	0.05581	0.02341	-0.00213	-0.10399	0.09127	-0.04802	0.01001	0.00236	0.00087	-0.00567	-0.03589	-0.05252	0.06463	-0.10687	0.01208	0.04565	0.12166	-0.01757	-0.01699	-0.03495	0.0105	-0.04699	-0.06565	-0.00953	-0.00043	-0.05783	285.08	814693180	824866368	1000	/scratch.global/lanej/1000G/ngs_dose/1000G_highcov/crams/HG01538.cram	9ab0a0e8,a23ef9ed,7f3b4c3c	184ab16e		14	0.998152	0.998885	0.999692	0.999917	2.033	1.854	0.121	631.515	47.735	scan	F	IBS	EUR	F	0.999717	0.999926	0.998193	NA	0.24	1.1777	1.0336	439.3914	427.9432	523.9485	206.175	9.7985	1.9945	748.9595	32.8817	422.2873	417.4253	484.9443	197.0768	9.8001	1.9957	696.434	19.5356	597.0929	1.9042	0.1048	35.51	F	698	
HG01550	scan	0.1.0+fae1124	36.266	150	439	450	0.1003	0.9554	1.2831	0.0751	0.0423		2.0005	65.7735	677.485	0.9905	0.9649	present	444.907	444.91	428.93	429.45	0.1815	484.97	0.0527	421.83	534.97	434.75	511.23	352.05	443.88	441.3	571.89	334.49	426.71	356.32	453.82	305.63	385.51	446.09	484.24	167.268	NA	167.27	162.49	0.0924	217.3	0.0299	160.94	208.63	150.31	197.61	9.543	9.54	9.64	9.62	0.1139	9.56	0.0573	16.1874	11.5604	57.991	81.3782	11.2717	143.1725	0.2622	3.3092	0.4989	0.8311	0.4058	450.82	0.00285	0.0294	0.01478	-0.07527	-0.05532	165.29	0.01941	0.0465	0.08667	0.0263	0.00982	9.46	0.00272	0.0747	0.38884	0.04054	-0.16789	16	-0.30143	0.07623	0.2221	0.0752	0.09559	0.13531	-0.0714	-0.11691	-0.08055	-0.06516	-0.02689	0.01327	-0.02577	-0.00817	-0.00952	-0.0824	-0.01935	-0.08136	0.10013	-0.00483	-0.01695	0.1093	-0.10204	0.03153	-0.01748	0.02905	-0.07326	0.0347	0.04887	0.03311	-0.03429	-0.00088	293.05	722811820	735158927	1000	/scratch.global/lanej/1000G/ngs_dose/1000G_highcov/crams/HG01550.cram	9ab0a0e8,a23ef9ed,7f3b4c3c	184ab16e		14	0.997729	0.998792	0.999401	0.999915	2.063	0.981	0.807	657.606	82.255	scan	M	CLM	AMR	M	0.999479	0.999928	0.997904	NA	-0.2	1.134	0.9644	452.4465	448.4403	512.3047	171.4698	9.7046	1.9976	627.1362	79.1479	455.21	448.2401	504.9114	174.2004	9.7143	1.9989	741.3982	61.0574	626.8147	1.002	0.8062	31.5781	M	2504	
HG01551	scan	0.1.0+fae1124	37.09	150	429	450	0.1016	0.9645	1.2363	0.0702	0.0494		1.9835	34.8021	658.2688	1.9069	0.0023	present	425.064	425.06	408.09	408.9	0.1671	450.14	0.0566	386.71	463.68	416.43	476.05	330.33	393.88	375.5	463.57	324.78	392.41	332.8	404.77	303.06	357.37	426.54	456.12	180.685	NA	180.69	178.77	0.0855	223.13	0.0372	167.57	207.22	153.17	190.31	9.996	10.0	10.18	10.21	0.1093	10.12	0.0599	12.8957	1.9851	41.2644	49.818	8.7047	109.5688	0.2224	2.6889	0.461	0.859	0.6088	428.45	0.00297	0.0306	-0.03735	-0.31271	0.27778	177.49	0.00685	0.0164	0.0106	-0.01615	0.00974	10.0	0.00288	0.0791	-0.21899	-0.1214	-0.79593	16	0.32463	-0.14958	-0.23368	0.13588	0.11781	-0.37328	-0.14483	-0.15834	0.07213	0.06857	-0.09128	0.01525	-0.03472	0.0067	-0.0464	0.01545	-0.00148	0.00369	-0.04317	0.08908	0.10016	0.00252	0.04927	0.02918	-0.06773	0.03441	0.13332	0.03366	-0.04146	0.02108	0.09617	0.1081	308.32	742044594	752016112	1000	/scratch.global/lanej/1000G/ngs_dose/1000G_highcov/crams/HG01551.cram	9ab0a0e8,a23ef9ed,7f3b4c3c	184ab16e		14	0.997519	0.998754	0.999377	0.999725	1.998	1.849	0.121	611.736	40.562	scan	F	CLM	AMR	F	0.999327	0.999751	0.997699	NA	0.34	1.1111	0.9719	408.7407	401.1898	456.0055	182.6717	9.5014	1.9897	609.99	21.0023	386.8603	380.9846	442.4773	198.113	9.305	1.9924	757.8017	26.8979	578.6927	1.905	0.1024	32.0208	F	2504	
HG01552	scan	0.1.0+fae1124	35.236	150	443	450	0.0657	0.972	1.2344	0.0657	0.0493		2.0137	51.6559	575.6806	0.9834	0.9751	present	355.55	355.55	340.71	344.29	0.2007	372.59	0.0411	338.75	404.22	352.51	397.74	259.53	310.78	299.17	369.4	253.97	307.84	273.08	332.32	233.89	274.44	356.09	376.64	166.761	NA	166.76	165.34	0.0853	206.77	0.0222	156.29	191.74	138.62	173.95	9.639	9.64	9.82	9.86	0.1261	9.75	0.0388	18.6441	11.5287	58.4991	76.8989	11.3383	138.1174	0.2318	3.0483	0.4278	0.7643	0.4851	358.89	0.00493	0.0509	-0.8013	-0.13682	0.68352	166.03	0.00294	0.007	-0.01292	-0.03956	0.01363	9.65	0.00301	0.0827	-0.75692	-0.00968	-0.60544	16	0.12514	0.02938	0.04309	0.2093	0.0351	-0.07725	-0.168	0.00385	-0.03591	0.00085	0.03203	-0.07334	0.06445	0.02943	0.1369	0.09381	-0.00062	0.02255	-0.07608	0.07114	0.07174	-0.00126	-0.06303	0.0217	0.01578	0.0268	-0.11323	0.07166	-0.01874	-0.06007	0.06022	0.06589	406.78	703887222	715307347	1000	/scratch.global/lanej/1000G/ngs_dose/1000G_highcov/crams/HG01552.cram	9ab0a0e8,a23ef9ed,7f3b4c3c	184ab16e		14	0.997542	0.998965	0.999513	0.99989	2.054	0.981	0.787	561.991	59.577	scan	M	CLM	AMR	M	0.999679	0.999982	0.997925	NA	-0.01	1.1083	0.9822	358.3902	354.6176	400.7922	165.7074	9.5476	2.013	666.7936	42.6774	393.8469	388.2765	445.6829	154.5579	9.6812	2.0139	662.2353	54.4885	534.6717	0.9996	0.772	31.9908	M	698	
HG01556	scan	0.1.0+fae1124	34.74	150	430	450	0.0946	0.9665	1.242	0.0757	0.0447		1.9989	14.9035	663.0129	0.9918	0.9738	present	450.352	450.35	432.84	432.51	0.1895	475.57	0.0505	435.74	533.94	460.97	521.92	343.35	418.3	428.31	534.42	332.63	409.5	356.96	438.51	312.5	381.72	448.37	474.33	155.941	NA	155.94	154.22	0.0841	195.46	0.0298	137.09	171.5	136.25	172.79	9.46	9.46	9.62	9.7	0.13	9.53	0.056	20.1558	11.9687	51.969	70.9272	11.0266	146.0343	0.2498	2.5272	0.6561	0.8109	0.4399	456.37	0.0021	0.0216	0.05243	0.25834	0.10199	154.22	0.00634	0.0152	0.01644	-0.0005	-0.0078	9.48	0.00288	0.079	-0.59275	-1.08519	-0.13277	16	-0.12595	0.02161	0.05705	0.09687	-0.05293	0.16308	0.18402	-0.16047	0.00618	0.00483	0.00491	0.00631	0.00846	-0.06216	-0.01916	-0.02471	-0.06237	-0.06186	-0.05191	-0.07156	-0.01202	0.13902	0.0086	0.02756	-0.0011	0.02445	-0.05406	0.0203	0.08263	-0.03778	0.07356	-0.03173	272.53	690343080	701459037	1000	/scratch.global/lanej/1000G/ngs_dose/1000G_highcov/crams/HG01556.cram	9ab0a0e8,a23ef9ed,7f3b4c3c	184ab16e		14	0.997548	0.998731	0.999629	0.999863	2.065	0.978	0.805	653.747	17.466	scan	M	CLM	AMR	M	0.999711	0.999853	0.997463	NA	-0.18	1.1436	1.0101	500.5237	493.88	574.3081	152.4746	9.598	1.9942	670.001	15.9512	473.4496	468.4274	539.7664	149.3699	9.5235	1.9954	704.9029	15.4764	623.9412	1.0002	0.8088	30.3941	M	2504	
HG01565	scan	0.1.0+fae1124	44.601	150	432	450	0.0732	0.9605	1.2986	0.0625	0.0501		1.9791	47.9575	1057.2402	0.9943	0.9859	present	580.175	580.18	561.88	573.14	0.1534	641.35	0.0508	531.76	726.38	589.31	687.64	461.18	618.33	543.12	753.71	448.89	611.0	470.38	615.42	424.76	576.96	586.56	633.19	242.694	NA	242.69	242.42	0.0736	321.43	0.0254	230.41	306.18	211.01	283.52	9.885	9.89	10.04	10.07	0.1061	9.94	0.0456	20.1967	8.3916	50.6524	71.4674	11.1713	161.7521	0.2621	2.6126	0.6623	0.8687	0.6182	581.61	0.00262	0.027	0.40041	-0.62054	0.37105	241.07	0.00895	0.0214	-0.00969	0.02026	-0.02401	9.85	0.00249	0.0682	-0.34513	-0.10365	0.22943	16	0.25702	-0.04236	0.01836	-0.24602	0.07136	-0.06614	-0.03713	-0.06838	0.02077	-0.00195	-0.0468	-0.1035	0.0494	0.05269	-0.0632	-0.09075	-0.04353	-0.05965	0.03005	-0.00541	0.03754	-0.04523	-0.01966	0.02111	-0.02138	-0.05333	0.0309	0.01722	0.06632	0.04905	0.07677	-0.01088	470.35	889538974	903731963	1000	/scratch.global/lanej/1000G/ngs_dose/1000G_highcov/crams/HG01565.cram	9ab0a0e8,a23ef9ed,7f3b4c3c	184ab16e		14	0.99771	0.999087	0.999479	0.999785	2.016	0.986	0.741	1048.358	60.819	scan	M	PEL	AMR	M	0.99959	0.999843	0.997876	NA	0.19	1.1823	1.0132	558.2647	559.1641	644.5601	251.8557	9.8637	1.9873	887.0711	61.8826	553.976	558.1968	626.5724	244.3729	9.7164	1.9895	818.4239	60.1894	945.8439	1.0062	0.7352	39.9908	M	2504	
HG01566	scan	0.1.0+fae1124	38.714	150	437	450	0.1112	0.9789	1.1951	0.0713	0.0471		2.0021	22.1717	556.6901	1.9434	0.0026	present	866.404	866.4	818.58	814.13	0.1947	873.83	0.0682	785.87	857.75	840.06	933.98	618.39	680.23	770.84	868.72	613.88	681.14	660.71	762.63	514.25	553.18	856.33	898.54	206.795	NA	206.8	202.65	0.0929	244.01	0.032	176.46	207.21	188.75	223.79	9.788	9.79	9.9	9.88	0.1103	9.85	0.0637	25.5308	1.8391	63.7802	62.5331	11.2374	151.5948	0.2297	2.6308	0.5893	0.814	0.4739	859.09	0.00347	0.0357	0.06918	0.18905	0.19334	204.42	0.01819	0.0435	0.06801	0.00066	-0.0156	9.74	0.00252	0.0692	0.02363	0.16302	-0.04965	16	0.09167	-0.01939	-0.02203	0.05241	-0.10927	-0.15193	0.03929	-0.05517	-0.00068	-0.06841	0.05092	0.0744	-0.04662	-0.0414	0.01439	-0.03447	-0.07336	-0.05616	-0.00328	0.01167	0.03947	0.07428	0.00019	-0.11282	-0.12992	-0.03177	0.02482	0.01665	-0.05244	-0.08103	-0.02503	-0.06857	379.75	791537154	803990556	1000	/scratch.global/lanej/1000G/ngs_dose/1000G_highcov/crams/HG01566.cram	9ab0a0e8,a23ef9ed,7f3b4c3c	184ab16e		14	0.997456	0.998272	0.99957	0.999958	2.072	1.901	0.147	545.686	25.057	scan	F	PEL	AMR	F	0.999746	0.999985	0.997752	NA	0.08	1.0872	0.9778	866.2338	872.3081	941.6796	205.3242	9.6613	2.0051	590.851	24.6123	862.4735	854.9503	976.6381	185.6438	9.9044	2.0015	727.6351	33.417	513.5558	1.9292	0.1214	33.6319	F	2504	
HG01567	scan	0.1.0+fae1124	38.945	150	446	450	0.0816	0.9699	1.2032	0.0674	0.0383		2.0068	41.4475	640.9536	1.9716	0.0018	present	680.808	680.81	673.23	678.74	0.1461	745.37	0.057	669.42	886.16	708.62	793.92	603.64	785.52	735.22	971.73	570.56	748.55	596.22	737.76	520.06	690.92	689.22	725.01	205.344	NA	205.34	205.52	0.0629	254.84	0.0247	197.95	246.35	177.36	222.81	9.898	9.9	10.03	10.04	0.1104	9.94	0.0485	22.8567	1.7225	61.1101	61.3366	10.1494	147.7756	0.2536	2.8427	0.5317	0.8522	0.5168	699.33	0.00493	0.0508	0.06639	-0.65049	-0.24702	203.24	0.01548	0.0371	-0.0515	0.03096	0.02767	9.85	0.00256	0.0702	-0.41115	0.26849	-0.36907	16	-0.14018	-0.09243	-0.21937	0.10327	-0.07465	-0.02467	0.01792	-0.05714	0.03023	0.04788	0.05658	-0.05497	0.07366	-0.01476	0.03097	-0.03876	-0.02232	-0.05761	0.00867	-0.10055	-0.01762	-0.05553	0.02224	-0.03616	0.02265	-0.08534	-0.04556	0.11848	0.00945	-0.07648	0.09122	0.01773	403.09	791755640	803334893	1000	/scratch.global/lanej/1000G/ngs_dose/1000G_highcov/crams/HG01567.cram	9ab0a0e8,a23ef9ed,7f3b4c3c	184ab16e		14	0.99801	0.998934	0.99961	0.999892	2.046	1.911	0.136	636.41	50.858	scan	F	PEL	AMR	F	0.999859	0.999932	0.998282	NA	0.19	1.1353	1.0133	730.9559	713.1082	828.7235	203.581	9.7442	2.0059	653.3881	32.4004	699.0391	687.3159	795.5865	189.623	9.6523	2.0019	692.4438	25.2611	603.0939	1.95	0.115	34.8103	F	698	
HG01571	scan	0.1.0+fae1124	38.714	150	437	450	0.1052	0.9733	1.2029	0.0774	0.0361		1.9933	58.9173	725.5741	0.9939	0.9805	present	441.894	441.89	416.31	413.65	0.1802	445.71	0.0551	398.45	445.38	438.37	486.07	321.37	361.87	406.99	466.71	310.61	352.33	339.11	395.81	271.49	301.29	434.59	455.17	150.876	NA	150.88	149.27	0.0949	180.24	0.0323	148.77	176.22	129.79	156.5	9.873	9.87	9.95	9.95	0.1099	9.89	0.0614	14.9868	15.0328	78.0156	82.4417	12.566	139.6684	0.2572	2.5043	0.8704	0.9105	0.4064	436.35	0.00313	0.0322	-0.09626	-0.09111	0.43052	149.04	0.01234	0.0295	0.02531	-0.02865	-0.025	9.78	0.00254	0.0697	0.08143	0.44835	-0.47939	16	-0.25577	-0.06204	-0.10866	0.02902	0.19584	-0.00746	-0.17223	-0.07395	-0.04032	0.00303	0.04775	0.02714	0.00598	-0.04699	-0.07894	-0.01032	-0.01059	0.05298	-0.02969	0.00589	-0.04156	0.04693	0.03755	-0.04509	0.0128	0.07809	0.06694	0.03128	-0.06152	0.0825	-0.06586	-0.03212	370.85	777249036	791030881	1000	/scratch.global/lanej/1000G/ngs_dose/1000G_highcov/crams/HG01571.cram	9ab0a0e8,a23ef9ed,7f3b4c3c	184ab16e		14	0.997505	0.998383	0.999475	0.999809	2.09	0.989	0.9	713.374	67.854	scan	M	PEL	AMR	M	0.999717	0.999841	0.99767	NA	0.12	1.1139	1.0046	418.6437	423.2993	470.8888	153.2543	9.7131	1.9944	648.3114	72.2734	406.9238	408.1398	463.8928	162.5763	9.7545	1.9928	655.2331	67.3639	671.9515	1.004	0.8926	33.7421	M	2504	
HG01572	scan	0.1.0+fae1124	33.884	150	435	450	0.0799	0.9674	1.238	0.0668	0.0488		2.0117	71.1955	728.6459	1.9369	0.003	present	376.97	376.97	364.24	369.37	0.1609	403.34	0.0445	364.39	462.39	383.26	432.36	303.37	381.52	379.25	487.89	293.21	372.5	308.24	381.45	264.58	334.34	375.93	398.9	219.037	NA	219.04	217.26	0.0812	274.47	0.0262	195.77	244.89	191.21	242.51	9.487	9.49	9.67	9.66	0.1159	9.6	0.0468	18.2049	1.0987	66.5814	56.4555	12.5088	142.4312	0.2276	3.7407	0.9085	0.8114	0.587	379.33	0.0026	0.0268	-0.23805	-0.56488	0.16682	217.27	0.00548	0.0131	0.00739	0.00766	-0.00538	9.5	0.00266	0.073	-0.14259	-0.456	0.05097	16	0.08094	0.0497	0.08544	0.20454	-0.03902	0.10578	0.05774	-0.00161	-0.0414	1e-05	-0.08521	-0.01622	0.02444	-0.00496	-0.01027	-0.04291	-0.09717	-0.01111	0.00515	-0.0852	0.01866	0.07387	0.02255	0.12843	0.03383	0.06608	-0.00255	0.0729	-0.12068	-0.01169	-0.1115	-0.03332	215.82	686394354	696666227	1000	/scratch.global/lanej/1000G/ngs_dose/1000G_highcov/crams/HG01572.cram	9ab0a0e8,a23ef9ed,7f3b4c3c	184ab16e		14	0.997504	0.998834	0.999562	0.999899	2.048	1.88	0.14	725.862	85.535	scan	F	PEL	AMR	F	0.999793	0.999895	0.997997	NA	-0.16	1.1398	1.0104	388.4245	385.9179	443.9371	215.8171	9.5601	2.0068	771.2209	48.3509	426.0777	423.7433	486.5644	191.8148	9.5291	2.0069	776.718	31.2933	682.9483	1.9224	0.1168	30.1288	F	2504	
HG01573	scan	0.1.0+fae1124	35.223	150	448	450	0.0716	0.9588	1.3045	0.0596	0.062		1.9951	117.6694	801.77	1.9027	0.0024	present	396.499	396.5	389.02	391.16	0.1455	451.5	0.0442	409.36	588.54	415.61	491.58	356.17	501.16	429.12	623.34	328.13	468.58	343.7	461.59	306.28	439.57	394.74	429.33	206.805	NA	206.81	208.57	0.068	280.0	0.0258	197.88	268.63	170.95	235.45	9.639	9.64	9.82	9.8	0.1185	9.72	0.0437	14.6219	1.0161	71.8725	61.0309	11.7952	151.068	0.2368	2.8007	0.7602	0.8444	0.6296	403.77	0.00394	0.0407	-0.04147	-0.54557	-0.15883	203.88	0.02662	0.0637	-0.10363	0.01753	0.00158	9.64	0.00276	0.0758	0.11172	0.35178	0.21848	16	0.47121	0.06785	0.13841	0.07409	0.01459	0.16587	-0.12523	0.12367	-0.06054	0.04947	0.06643	-0.20075	0.08963	0.15302	0.00144	-0.18128	-0.0373	0.169	0.12259	0.00429	-0.00786	-0.07579	0.0195	0.01579	-0.04241	0.07124	-0.01148	-0.05685	-0.01018	-0.07975	0.08783	-0.00159	259.04	714801264	725493010	1000	/scratch.global/lanej/1000G/ngs_dose/1000G_highcov/crams/HG01573.cram	9ab0a0e8,a23ef9ed,7f3b4c3c	184ab16e		14	0.997906	0.999001	0.999746	0.999986	2.108	1.832	0.141	786.14	149.832	scan	F	PEL	AMR	F	0.999849	0.999985	0.998133	NA	-0.02	1.2175	1.0293	386.1852	384.0071	455.095	209.3113	9.7367	1.9972	765.6944	63.7148	435.0923	431.7012	496.6315	170.8118	9.488	1.9937	719.7276	36.3085	739.9736	1.8696	0.1176	31.792	F	698	
HG01577	scan	0.1.0+fae1124	36.849	150	438	450	0.0953	0.9703	1.1882	0.0747	0.0478		2.0077	22.9228	940.1405	0.989	0.9423	present	515.382	515.38	495.99	500.46	0.2105	533.97	0.0559	471.89	531.05	506.28	564.84	379.93	431.06	470.17	537.28	370.96	422.2	404.92	470.17	332.0	372.6	518.89	547.18	171.414	NA	171.41	167.98	0.0979	202.56	0.0249	167.08	195.72	153.7	182.95	9.285	9.28	9.43	9.42	0.1243	9.38	0.0585	14.3552	10.9986	41.217	74.573	11.5888	134.0126	0.2347	2.9408	0.5372	0.743	0.3079	518.75	0.0039	0.0402	0.23201	0.11075	0.36655	167.81	0.02097	0.0502	0.08478	0.0047	0.01422	9.27	0.00314	0.0862	-0.2488	-0.04127	-0.30541	16	-0.11967	0.12013	0.08822	0.38582	-0.05589	0.08595	0.1063	-0.11712	-0.01012	0.07039	-0.03643	-0.00088	-0.06322	0.10821	0.01679	0.05169	-0.03501	0.03311	-0.01424	-0.00458	0.09723	-0.04525	0.02899	-0.0235	-0.08053	-0.00997	-0.0298	0.07487	0.08591	-0.02915	0.02809	-0.02301	267.97	731873058	743539674	1000	/scratch.global/lanej/1000G/ngs_dose/1000G_highcov/crams/HG01577.cram	9ab0a0e8,a23ef9ed,7f3b4c3c	184ab16e		14	0.997173	0.998339	0.999599	0.999875	1.988	0.985	0.767	931.944	26.542	scan	M	PEL	AMR	M	0.999699	0.999907	0.997523	NA	-0.39	1.0888	0.976	567.7047	561.3925	628.2934	159.6192	9.2353	1.9987	975.9555	9.1707	567.6837	559.0309	652.1618	191.3169	9.1775	1.9991	887.002	9.895	859.3502	1.0068	0.768	32.2413	M	2504	
HG01578	scan	0.1.0+fae1124	38.87	150	431	450	0.0874	0.9809	1.1838	0.0651	0.042		2.0046	63.6552	776.9889	1.9485	0.0032	present	338.826	338.83	326.84	328.82	0.192	346.55	0.0458	325.33	358.06	339.74	373.27	260.48	289.39	305.66	344.48	263.19	294.06	269.49	309.64	234.07	255.72	338.71	351.98	135.496	NA	135.5	133.83	0.0774	158.99	0.0324	123.75	143.86	111.86	132.3	9.831	9.83	9.93	9.94	0.1167	9.87	0.0529	12.5185	2.0538	54.8267	60.7353	8.8831	144.9977	0.2386	2.6293	0.6993	0.8209	0.4342	345.31	0.00245	0.0252	-0.52789	0.15512	-0.06412	135.11	0.01376	0.0329	-0.06173	-0.02332	0.02059	9.78	0.00274	0.0753	-0.03726	0.52921	-0.27945	16	-0.21941	-0.04026	-0.13442	0.32462	-0.05162	-0.04385	0.00634	-0.00657	0.00858	-0.08163	-0.00481	0.03094	0.08134	-0.03759	-0.01064	0.07731	0.0037	-0.04886	-0.06604	0.03604	-0.01858	0.01042	-0.01085	-0.03098	-0.06816	0.0348	-0.01441	-0.07809	-0.03242	-0.02366	0.02784	-0.14555	271.36	788048166	799662559	1000	/scratch.global/lanej/1000G/ngs_dose/1000G_highcov/crams/HG01578.cram	9ab0a0e8,a23ef9ed,7f3b4c3c	184ab16e		14	0.99787	0.998738	0.999602	0.999935	2.041	1.892	0.137	762.299	73.043	scan	F	PEL	AMR	F	0.999637	0.999934	0.997864	NA	0.12	1.081	0.9839	368.6906	359.5339	410.6323	129.6389	9.6593	1.9993	860.6012	50.2773	340.4193	332.8641	389.5101	138.3818	9.6226	1.9987	743.5025	41.4461	711.9268	1.9316	0.1118	34.3541	F	2504	
HG01579	scan	0.1.0+fae1124	41.022	150	442	450	0.1263	0.9834	1.1492	0.0643	0.0336		2.002	15.4616	756.6594	0.9929	0.9754	present	496.0	496.0	484.99	490.44	0.1561	524.59	0.0693	467.64	592.92	509.73	553.42	406.91	508.92	501.39	643.76	394.52	499.27	421.28	500.89	368.1	463.07	501.19	518.68	139.005	NA	139.0	139.76	0.0695	164.89	0.0338	126.89	150.21	111.71	134.24	9.61	9.61	9.69	9.7	0.1096	9.62	0.076	12.3605	11.2741	49.1908	75.4123	9.5669	136.6326	0.2373	2.8012	0.6629	0.764	0.4599	501.64	0.00326	0.0336	0.04361	-0.72027	0.13163	138.24	0.02017	0.0483	-0.07755	-0.00558	0.00278	9.55	0.00251	0.0689	0.28046	-0.00305	-0.44457	16	-0.30372	-0.02164	-0.07557	0.04083	-0.0185	-0.07117	0.05815	0.03415	-0.01675	-0.03947	0.03418	-0.01137	0.05972	-0.04635	0.01285	-0.06233	0.01125	-0.02269	-0.05357	-0.0288	0.05098	0.04357	-0.10478	-0.04811	0.0756	0.06247	0.01192	-0.03025	-0.01461	0.00387	-0.00365	-0.02678	300.01	810736432	822829842	1000	/scratch.global/lanej/1000G/ngs_dose/1000G_highcov/crams/HG01579.cram	9ab0a0e8,a23ef9ed,7f3b4c3c	184ab16e		14	0.997982	0.999024	0.9996	0.999842	1.988	0.989	0.776	752.187	17.49	scan	M	PEL	AMR	M	0.999621	0.999878	0.998023	NA	-0.11	1.1032	1.0161	503.4363	499.9612	552.7266	138.8518	9.6057	2.0	746.9901	18.4718	442.0824	443.1878	501.0748	139.0763	9.5954	1.9997	721.2339	19.6711	708.6892	1.0154	0.7922	34.6633	M	698	
HG01583	scan	0.1.0+fae1124	40.562	150	405	400	0.1183	0.9651	1.242	0.0617	0.0441		1.9875	44.9387	676.3902	0.9981	0.9838	present	612.797	612.8	588.49	605.44	0.1774	653.88	0.0675	564.34	712.17	617.75	705.43	448.77	542.78	583.66	749.17	474.3	599.67	499.34	617.02	429.61	532.0	613.31	654.61	203.654	NA	203.65	200.17	0.0757	256.26	0.0337	189.9	237.12	179.77	227.6	9.676	9.68	9.76	9.74	0.1031	9.68	0.0688	24.5917	7.6574	41.7736	64.5001	9.9124	143.7773	0.2503	2.9911	0.7147	0.9242	1.1892	611.46	0.00277	0.0286	0.68126	-0.10283	0.04734	201.96	0.00463	0.0111	0.02327	0.02427	0.01924	9.6	0.00264	0.0725	-0.29897	-0.28353	-0.45895	16	0.0583	-0.12359	-0.05363	0.05136	0.09471	0.04774	-0.07727	-0.11834	-0.07262	-0.04477	-0.0517	0.07059	-0.0194	0.06223	-0.00015	-0.00515	-0.1398	0.00187	-0.07391	-0.00181	0.08444	0.07106	-0.03973	0.03978	-0.08744	-0.07057	0.09026	-0.01639	0.02765	-0.06954	-0.04692	0.04536	384.82	807731958	820313195	1000	/scratch.global/lanej/1000G/ngs_dose/1000G_highcov/crams/HG01583.cram	9ab0a0e8,a23ef9ed,7f3b4c3c	184ab16e		14	0.99799	0.999101	0.999616	0.99991	2.018	0.984	0.745	665.304	54.067	scan	M	PJL	SAS	M	0.999767	0.999921	0.997933	NA	-0.06	1.1537	1.0103	609.2217	607.4924	713.4014	206.6623	9.4811	1.9875	670.6631	35.7911	572.9157	572.1963	655.5917	213.5224	9.4916	1.9913	622.5747	36.2422	624.9723	1.0042	0.7558	34.5334	M	2504	
HG01586	scan	0.1.0+fae1124	36.457	150	432	450	0.1019	0.9813	1.247	0.1462	0.0376		1.9962	34.4691	640.0411	0.9953	0.9777	present	562.015	562.02	525.61	531.33	0.1826	556.73	0.0666	503.68	544.44	548.96	603.18	408.38	442.23	533.98	581.07	389.8	422.23	424.49	485.18	334.27	359.91	548.73	572.2	210.327	NA	210.33	210.75	0.0993	245.85	0.041	198.0	233.87	188.41	219.07	9.725	9.72	9.76	9.71	0.114	9.7	0.0614	16.7408	12.6221	53.0441	80.7422	9.7487	143.5238	0.2403	2.9788	0.5683	0.7369	0.5696	547.98	0.00365	0.0376	0.21239	-0.16945	0.45888	210.75	0.01027	0.0246	0.05577	-0.02416	-0.04663	9.59	0.00256	0.0703	0.21656	0.32411	-0.52965	16	-0.28981	-0.05109	-0.02652	-0.06426	0.05162	0.04773	0.14174	-0.29913	-0.06981	-0.14791	-0.09369	0.48298	-0.24057	-0.01382	-0.31732	0.07363	-0.04028	0.01509	-0.12809	0.05015	0.08972	0.01353	-0.00536	0.04805	-0.01731	-0.09483	-0.04948	-4e-05	-0.10758	0.02256	0.03919	0.1098	349.56	740173918	757929988	1000	/scratch.global/lanej/1000G/ngs_dose/1000G_highcov/crams/HG01586.cram	9ab0a0e8,a23ef9ed,7f3b4c3c	184ab16e		14	0.997319	0.997988	0.999432	0.999806	2.04	1.008	0.862	635.657	38.707	scan	M	PJL	SAS	M	0.999596	0.999829	0.997532	NA	-0.07	1.1007	1.0018	560.2088	562.2332	649.4549	205.838	9.5081	1.9984	534.3992	46.8777	536.5226	535.834	614.234	221.7132	9.5096	1.9992	659.6732	40.1614	597.5356	1.0134	0.8438	31.9533	M	2504	
HG01589	scan	0.1.0+fae1124	37.163	150	441	450	0.0982	0.9676	1.2294	0.0501	0.0498		2.0008	175.931	707.9247	0.984	0.9694	present	367.856	367.86	347.84	345.07	0.2071	378.95	0.0514	335.25	386.75	365.72	416.35	267.05	311.46	336.1	397.11	263.35	308.64	282.66	337.78	241.97	276.13	363.01	385.22	119.451	NA	119.45	120.22	0.0924	145.22	0.0269	110.3	132.71	106.48	130.31	9.548	9.55	9.72	9.77	0.1272	9.66	0.0572	14.9945	6.5409	39.2964	56.1508	10.8502	132.2894	0.2524	2.7767	0.4992	0.784	0.5134	366.42	0.00357	0.0368	0.06327	0.39388	0.09726	119.5	0.00912	0.0218	0.04512	-0.00326	-0.03605	9.56	0.00284	0.078	-1.22458	-0.49165	-0.36073	16	0.21201	-0.06962	-0.13503	0.12181	0.02554	-0.13709	-0.02326	-0.10106	0.03384	0.01061	0.03178	-0.02532	0.06591	-0.0442	-0.08807	-0.04626	0.0726	-0.06961	-0.0517	0.04885	0.02637	0.00464	0.03335	0.07119	-0.0213	-0.02395	0.00618	0.03722	-0.06346	-0.12118	0.04823	-0.05538	481.22	737980396	747779171	1000	/scratch.global/lanej/1000G/ngs_dose/1000G_highcov/crams/HG01589.cram	9ab0a0e8,a23ef9ed,7f3b4c3c	184ab16e		14	0.997672	0.998688	0.999456	0.999852	2.013	0.98	0.693	687.353	203.588	scan	M	PJL	SAS	M	0.999679	0.9999	0.997591	NA	-0.1	1.1363	0.9981	370.5033	370.8607	420.1818	120.7518	9.3593	2.0047	666.0198	161.9478	360.4295	356.176	414.548	135.381	9.463	2.0038	692.6133	169.6681	650.6441	1.0042	0.7014	32.3649	M	2504	
HG01593	scan	0.1.0+fae1124	38.429	150	407	400	0.1019	0.9599	1.2609	0.0473	0.0424		2.003	56.2367	672.5254	1.9356	0.0025	present	509.998	510.0	493.35	497.98	0.1916	555.37	0.0579	491.86	635.78	519.36	602.4	378.86	469.0	519.34	680.53	394.86	509.18	425.06	534.95	353.64	450.0	510.78	550.55	264.474	NA	264.47	265.37	0.0808	338.55	0.032	253.21	323.35	225.58	290.13	9.688	9.69	9.82	9.87	0.1091	9.74	0.0618	21.2273	1.286	33.8548	63.7453	12.2184	156.5193	0.2421	2.6422	0.5961	0.8455	0.5104	517.07	0.00234	0.0241	0.40397	0.17472	-0.28894	260.55	0.00423	0.0101	-0.00657	-0.0086	0.0012	9.67	0.0026	0.0713	0.57232	-0.22445	0.05459	16	-0.06816	0.12705	0.07709	-0.06939	-0.00762	-0.03502	0.07467	0.03003	-0.06667	-0.04378	-0.07849	0.08513	-0.00032	-0.05814	0.04711	-0.06402	-0.04774	-0.05707	0.03414	-0.03653	-0.02239	0.08304	-0.05752	0.00344	-0.07206	-0.00841	0.01998	0.00769	-0.03857	0.03403	0.12062	-0.04301	345.92	777894500	790765996	1000	/scratch.global/lanej/1000G/ngs_dose/1000G_highcov/crams/HG01593.cram	9ab0a0e8,a23ef9ed,7f3b4c3c	184ab16e		14	0.997714	0.998855	0.999673	0.999938	2.021	1.877	0.15	661.061	68.296	scan	F	PJL	SAS	F	0.999759	0.999958	0.997729	NA	0.01	1.165	1.0044	493.4938	488.0065	568.243	269.3489	9.8191	2.0048	708.8321	77.0059	528.5533	521.4164	597.4012	268.0674	9.7294	2.0055	731.0951	69.3159	626.1032	1.9182	0.1254	33.3117	F	2504	
HG01595	scan	0.1.0+fae1124	37.802	150	396	400	0.1008	0.9598	1.257	0.0595	0.0465		2.0039	21.3209	722.6509	1.9495	0.0037	present	440.6	440.6	423.9	432.44	0.1801	471.85	0.0584	424.86	531.99	446.07	512.69	336.74	405.31	449.85	571.34	356.65	445.74	370.41	457.6	312.57	385.66	436.53	467.73	139.496	NA	139.5	139.61	0.0744	175.41	0.0332	131.8	165.55	117.3	148.0	9.59	9.59	9.67	9.68	0.1144	9.6	0.0584	19.6856	1.9707	33.571	48.4866	9.5956	143.7412	0.2544	3.5004	0.7	0.7674	0.2405	446.22	0.00318	0.0328	-0.53204	-0.28261	-0.11713	137.72	0.00793	0.019	-0.03101	0.01152	0.00413	9.48	0.00264	0.0723	-0.07446	0.61391	-0.31118	16	-0.05197	0.04808	-0.0185	0.22903	-0.05037	0.03118	0.06566	-0.03182	-0.0096	-0.02291	0.04395	-0.00645	0.03985	-0.002	0.02996	-0.05822	-0.06412	-0.04747	-0.02861	0.12785	-0.07747	-0.03692	0.09487	0.01622	0.11534	0.05764	0.11406	-0.06473	0.02546	-0.00676	-0.00774	-0.03019	411.07	763629240	773379076	1000	/scratch.global/lanej/1000G/ngs_dose/1000G_highcov/crams/HG01595.cram	9ab0a0e8,a23ef9ed,7f3b4c3c	184ab16e		14	0.997411	0.998011	0.999544	0.999919	2.013	1.878	0.129	717.837	25.266	scan	F	KHV	EAS	F	0.999685	0.999935	0.997706	NA	-0.18	1.149	0.9997	467.5896	462.6093	536.8138	136.8879	9.4792	2.001	767.7044	15.9401	458.3825	449.6718	525.312	126.6851	9.4967	2.002	861.5842	19.5838	670.7275	1.9198	0.1098	32.7732	F	2504	
HG01596	scan	0.1.0+fae1124	39.522	150	414	400	0.1005	0.9651	1.2513	0.0625	0.0495		2.0072	74.0129	875.381	0.9918	0.9861	present	477.058	477.06	457.28	469.49	0.1938	506.14	0.059	465.03	569.32	493.73	564.11	346.26	416.97	505.19	625.27	377.92	463.15	400.34	488.87	320.8	390.92	469.98	502.41	90.288	NA	90.29	88.98	0.0843	111.83	0.0273	80.73	99.59	79.71	99.08	10.059	10.06	10.17	10.17	0.1229	10.1	0.0593	19.0331	17.3683	37.094	72.9998	10.5176	145.9262	0.2622	2.4391	0.7321	0.8228	0.4027	485.06	0.00297	0.0306	-0.83612	-0.05943	-0.22237	89.44	0.01333	0.0319	0.03815	0.00985	0.02995	9.97	0.00252	0.0692	-0.33039	0.62323	0.54745	16	0.2054	-0.12537	0.02941	-0.02913	0.16265	0.18706	0.03185	-0.14542	0.07287	0.04281	-0.04167	-0.07152	-0.05668	0.05175	0.06218	-0.08791	0.0287	-0.04043	0.06854	-0.04624	0.05619	-0.04878	0.01706	0.07778	0.01544	0.05878	0.01073	-0.00672	-0.10031	-0.01614	-0.00316	0.00296	270.65	788622788	800698715	1000	/scratch.global/lanej/1000G/ngs_dose/1000G_highcov/crams/HG01596.cram	9ab0a0e8,a23ef9ed,7f3b4c3c	184ab16e		14	0.997678	0.998842	0.999695	0.999909	2.01	0.985	0.927	860.008	88.12	scan	M	KHV	EAS	M	0.999769	0.999934	0.998111	NA	0.31	1.163	1.0179	491.5049	484.5008	563.7124	92.701	9.92	2.0054	843.0015	50.5661	505.8101	494.488	586.1795	97.0271	9.6817	2.008	802.4877	48.7993	791.593	1.0052	0.9226	34.3595	M	2504	
HG01597	scan	0.1.0+fae1124	39.115	150	420	400	0.099	0.9619	1.2561	0.0433	0.0395		2.0029	17.142	588.1385	1.9387	0.0024	present	574.684	574.68	545.87	552.24	0.1713	611.59	0.0577	527.84	673.8	562.17	650.69	411.58	498.37	523.3	676.42	436.32	551.63	455.82	568.4	380.64	478.9	570.77	614.06	170.904	NA	170.9	170.59	0.0731	217.15	0.0238	151.48	194.04	157.85	200.81	9.666	9.67	9.8	9.82	0.1206	9.72	0.0581	15.3514	1.5985	35.2149	49.1716	7.9379	146.7117	0.2194	3.2786	0.5852	0.8157	0.5201	573.89	0.00284	0.0293	-0.09959	-0.37292	0.36321	170.48	0.00765	0.0183	0.02825	0.05122	-0.02699	9.66	0.00277	0.076	-0.7878	0.02721	0.37942	16	-0.14969	0.03971	0.05021	-0.01517	0.0258	-0.10755	-0.0722	-0.00382	-0.0215	-0.0197	0.03552	0.08333	0.02007	-0.03255	0.06354	-0.00458	-0.05516	0.0194	0.03793	0.06808	0.08212	0.07167	-0.05047	-0.0698	-0.03435	-0.02772	-0.06669	0.02075	0.04538	0.06212	-0.08307	0.00131	338.66	787960482	798586905	1000	/scratch.global/lanej/1000G/ngs_dose/1000G_highcov/crams/HG01597.cram	9ab0a0e8,a23ef9ed,7f3b4c3c	184ab16e		14	0.997906	0.998694	0.999566	0.99989	1.993	1.878	0.126	578.438	20.271	scan	F	KHV	EAS	F	0.999742	0.999883	0.998138	NA	0.0	1.1338	0.9796	549.2552	550.8905	619.5779	174.7877	9.7005	2.0056	608.1018	22.7742	564.2393	561.9609	627.943	169.1598	9.7483	2.0018	711.2426	34.9597	548.7523	1.9214	0.1062	34.0795	F	2504	
HG01598	scan	0.1.0+fae1124	36.873	150	414	400	0.1154	0.9669	1.2128	0.0494	0.0435		1.9946	87.2104	869.8466	1.9169	0.0024	present	320.531	320.53	306.79	309.97	0.184	335.43	0.0573	312.29	372.44	324.66	366.28	238.35	272.18	306.14	371.97	254.84	304.39	262.91	312.96	217.25	253.84	316.08	335.83	140.43	NA	140.43	141.62	0.0828	170.54	0.0285	125.54	151.98	124.24	151.4	9.686	9.69	9.82	9.84	0.123	9.76	0.0687	20.3407	1.1743	46.4194	50.6552	10.8179	141.8138	0.2521	3.1426	0.7849	0.8449	0.8462	322.33	0.00288	0.0297	-0.73862	-0.31559	0.03128	140.27	0.00607	0.0145	0.01662	-0.0121	0.05168	9.67	0.00284	0.0779	-0.97447	0.22269	0.06195	16	-0.16722	0.12553	0.20867	0.22587	0.04209	-0.13649	-0.17353	-0.01571	0.0681	0.06795	-0.09343	0.08682	0.0413	0.18015	0.0797	-0.02286	0.06632	0.01625	0.00537	-0.00017	0.12034	0.01538	0.07818	-0.00597	-0.01992	-0.01919	-0.09807	-0.06033	0.00739	-0.09841	0.07979	-0.07407	319.98	746026688	755947015	1000	/scratch.global/lanej/1000G/ngs_dose/1000G_highcov/crams/HG01598.cram	9ab0a0e8,a23ef9ed,7f3b4c3c	184ab16e		14	0.997499	0.99925	0.99964	0.999852	2.059	1.865	0.129	868.569	101.424	scan	F	KHV	EAS	F	0.999729	0.999915	0.997935	NA	0.01	1.1364	1.0072	306.3692	305.0895	343.5754	142.9063	9.6725	1.9951	825.9532	37.1479	344.4886	339.4449	400.7386	128.451	9.5794	1.9931	833.9766	37.4664	795.081	1.9076	0.1106	31.4855	F	2504	
HG01599	scan	0.1.0+fae1124	39.496	150	405	400	0.1029	0.9766	1.211	0.0612	0.0391		2.0162	81.6952	714.7502	1.8713	0.0026	present	719.193	719.19	686.78	692.82	0.1905	747.63	0.064	679.18	808.96	728.84	817.27	538.86	622.38	715.33	862.97	581.5	690.47	598.32	710.37	515.87	609.33	707.72	747.71	132.846	NA	132.85	129.77	0.0667	160.27	0.0311	119.97	144.93	115.21	139.29	9.939	9.94	10.04	10.09	0.119	9.98	0.0587	18.8957	2.073	47.0556	47.753	9.198	164.1671	0.2334	2.0023	0.7271	0.8514	0.4487	721.78	0.00271	0.028	0.35396	0.30683	-0.40618	132.34	0.01258	0.0301	-0.01553	0.06348	-0.02385	9.89	0.00281	0.0772	0.08386	1.00477	-0.37812	16	-0.26214	0.05373	0.03023	0.22639	0.00976	-0.15084	-0.10365	-0.02203	0.03849	0.00884	-0.09941	0.08283	-0.06046	0.02312	0.18384	-0.08813	-0.01008	0.0284	0.04391	-0.03279	-0.00413	-0.00408	-0.05491	-0.0203	0.0182	0.01958	-0.00319	-0.06085	-0.14252	0.04589	-0.04867	-0.0251	324.52	804178162	814619929	1000	/scratch.global/lanej/1000G/ngs_dose/1000G_highcov/crams/HG01599.cram	9ab0a0e8,a23ef9ed,7f3b4c3c	184ab16e		14	0.99746	0.998614	0.999636	0.999873	2.035	1.823	0.119	694.664	94.881	scan	F	KHV	EAS	F	0.999825	0.999887	0.997786	NA	0.23	1.1323	1.0098	689.2218	688.7839	770.9472	138.9721	9.8468	2.0142	786.4512	43.4783	749.5451	745.4213	881.281	124.9161	9.7591	2.0124	728.4728	38.22	644.8433	1.8488	0.1004	34.4644	F	2504	
HG01600	scan	0.1.0+fae1124	38.737	150	409	400	0.101	0.9634	1.2411	0.0486	0.0471		2.0032	56.1103	845.0941	1.9037	0.0033	present	775.271	775.27	752.2	761.62	0.1952	834.35	0.0674	745.38	921.93	795.44	909.43	573.16	689.59	784.12	985.93	628.89	780.49	644.37	790.94	536.96	656.81	778.62	832.76	176.984	NA	176.98	178.48	0.0788	221.13	0.031	173.22	214.68	151.3	190.14	9.668	9.67	9.88	9.95	0.1274	9.81	0.0603	16.1172	1.8701	47.194	53.2647	6.8319	139.2088	0.2327	2.6332	0.6076	0.7461	0.4978	792.02	0.00268	0.0277	-0.86343	-0.33558	0.00575	176.44	0.01285	0.0308	-0.04527	-0.02985	0.02206	9.77	0.00277	0.076	-1.41837	-1.15855	-0.35436	16	-0.11341	0.08535	0.06307	0.40998	0.01421	0.05516	-0.14329	-0.02607	-0.07649	0.02175	0.00877	0.05178	-0.07228	-0.05471	-0.02473	-0.08472	0.01781	0.10263	-0.04305	0.04895	-0.04111	0.00566	-0.01331	-0.08422	-0.00111	-0.09489	0.04228	0.05334	0.0297	0.05765	0.07282	-0.03412	399.35	785531528	796278061	1000	/scratch.global/lanej/1000G/ngs_dose/1000G_highcov/crams/HG01600.cram	9ab0a0e8,a23ef9ed,7f3b4c3c	184ab16e		14	0.997443	0.998985	0.999664	0.999797	2.04	1.836	0.125	841.87	68.567	scan	F	KHV	EAS	F	0.99981	0.999842	0.997931	NA	0.11	1.1482	1.0043	779.9248	763.22	902.9588	178.984	9.7621	1.9978	893.2965	31.1507	839.3577	814.0951	965.2123	174.0986	9.7513	1.9978	842.3169	30.8992	780.4636	1.872	0.105	33.7173	F	2504	
HG01601	scan	0.1.0+fae1124	39.133	150	440	450	0.0789	0.9657	1.2674	0.0702	0.043		2.0043	208.8914	740.345	0.9916	0.9907	present	367.082	367.08	358.85	360.07	0.1746	409.31	0.0458	366.13	516.29	382.94	443.4	316.7	438.44	394.03	557.44	302.19	423.12	314.13	411.97	281.64	398.85	366.73	392.62	193.572	NA	193.57	193.3	0.0565	255.78	0.0246	172.11	226.92	169.15	227.84	9.666	9.67	9.79	9.75	0.1096	9.68	0.0445	17.2901	11.9277	56.9678	78.2044	12.0825	143.6461	0.2507	2.8344	0.5544	0.803	0.2313	372.26	0.00363	0.0375	0.26389	-0.19334	-0.47256	192.18	0.00923	0.0221	-0.07581	0.04554	0.00113	9.6	0.00242	0.0665	-0.20477	-0.24856	0.16257	16	-0.03819	-0.01113	-0.06228	0.10665	-0.17141	0.02725	0.15733	-0.00585	0.00747	0.00838	0.07401	-0.02941	0.039	0.06831	0.08035	-0.0651	0.09275	-0.04018	0.06538	-0.00709	-0.06758	-0.01948	0.02601	0.04339	0.01295	-0.03873	0.04456	-0.03913	-0.02933	0.00266	0.08648	-0.04123	376.02	782425760	795009588	1000	/scratch.global/lanej/1000G/ngs_dose/1000G_highcov/crams/HG01601.cram	9ab0a0e8,a23ef9ed,7f3b4c3c	184ab16e		14	0.998018	0.998438	0.999719	0.999907	2.04	0.981	0.795	731.036	248.26	scan	M	IBS	EUR	M	0.999842	0.999917	0.998241	NA	-0.06	1.1911	1.0287	397.5089	393.8861	469.3865	188.5745	9.6092	2.0016	794.8249	140.6445	376.2988	376.2134	431.5471	183.5092	9.6184	2.0016	776.9485	127.0626	689.9555	1.0038	0.7918	34.9063	M	698	
HG01602	scan	0.1.0+fae1124	35.347	150	441	450	0.1047	0.9701	1.2227	0.066	0.0378	chr9	2.0212	135.4659	635.0694	1.9613	0.0027	present	418.944	418.94	403.63	405.5	0.1843	443.02	0.055	385.35	468.33	415.59	470.42	322.36	390.8	395.26	491.87	310.33	380.46	336.52	410.0	276.86	333.86	421.1	446.02	147.914	NA	147.91	147.19	0.0939	183.17	0.0276	142.65	175.35	131.27	164.73	9.633	9.63	9.72	9.72	0.1136	9.65	0.0592	15.2299	1.9691	55.0113	68.9055	13.14	160.6148	0.2475	3.0376	0.4585	0.9014	0.1647	420.65	0.00265	0.0274	0.21926	-0.13071	0.09525	146.7	0.0104	0.0249	0.05298	0.01269	-0.02683	9.51	0.00267	0.0732	0.1088	-0.23383	-0.1675	16	-0.31683	-0.10955	-0.30594	0.12107	-0.18368	0.2282	0.19454	0.02189	-0.02705	0.24634	-1.41305	-0.26251	0.39206	-0.34427	-0.07259	0.01629	0.0837	0.03718	-0.04146	0.05226	-0.10668	-0.04388	0.05758	0.02684	-0.00781	0.03947	0.00392	-0.04167	-0.05906	-0.01901	0.01739	0.03293	720.62	727382744	739363639	1000	/scratch.global/lanej/1000G/ngs_dose/1000G_highcov/crams/HG01602.cram	9ab0a0e8,a23ef9ed,7f3b4c3c	184ab16e		14	0.997783	0.998102	0.99935	0.999938	2.085	1.91	0.158	626.463	159.072	scan	F	IBS	EUR	F	0.999341	0.999939	0.998028	NA	-0.15	1.1183	0.988	424.5837	417.4039	486.0562	157.5038	9.754	2.0019	717.2464	48.2288	432.1958	425.2595	492.6147	170.9133	9.5257	2.0	730.8765	48.5832	596.4973	1.927	0.1294	31.0857	F	2504	aneuploid: chr9
HG01603	scan	0.1.0+fae1124	36.327	150	446	450	0.1053	0.9566	1.2654	0.0595	0.0413		1.9996	320.9348	739.2411	0.9937	0.9698	present	430.234	430.23	411.5	413.56	0.1836	460.71	0.0542	398.55	494.6	425.9	495.24	336.9	418.32	403.53	512.46	319.45	400.38	341.22	427.16	298.14	366.73	428.27	461.88	150.835	NA	150.83	148.42	0.0947	192.11	0.0295	140.79	178.22	136.8	176.03	9.717	9.72	9.85	9.86	0.1074	9.78	0.0624	18.789	11.2687	51.9486	80.5167	11.4921	131.2312	0.2511	2.7511	0.5012	0.8642	0.2636	429.3	0.00258	0.0266	0.42128	-0.05265	-0.06387	150.25	0.01229	0.0294	0.06921	0.00613	-0.02843	9.68	0.0027	0.0741	0.13206	0.12033	0.0325	16	-0.08847	-0.20622	-0.0932	-0.01158	-0.08224	0.01286	0.18985	-0.06857	0.08876	0.04223	0.04392	0.04654	0.05662	-0.01979	0.13876	0.08823	-0.06763	0.0629	0.07089	-0.06865	0.05055	0.17603	-0.00897	0.04411	-0.0312	-0.11835	0.01916	-0.11109	0.01299	0.03973	-0.07751	-0.03444	263.93	730556832	743031191	1000	/scratch.global/lanej/1000G/ngs_dose/1000G_highcov/crams/HG01603.cram	9ab0a0e8,a23ef9ed,7f3b4c3c	184ab16e		14	0.997812	0.998587	0.999425	0.999904	2.026	0.984	0.808	731.626	390.738	scan	M	IBS	EUR	M	0.999442	0.99996	0.998045	NA	0.02	1.1536	0.9921	462.6977	462.4781	537.6713	145.52	9.5877	1.9946	849.9419	313.1096	473.7015	469.9602	540.716	146.3105	9.6002	1.9958	942.1289	193.8896	692.0395	1.0048	0.8074	31.5074	M	2504	
HG01604	scan	0.1.0+fae1124	41.492	150	442	450	0.0961	0.9679	1.2189	0.066	0.0501		2.0086	115.3945	780.2122	1.8569	0.0017	present	365.696	365.7	359.83	363.54	0.1819	399.34	0.0553	373.99	484.4	375.19	423.76	330.47	424.16	378.45	495.03	313.08	405.58	314.03	389.46	296.62	383.54	366.32	388.03	191.906	NA	191.91	192.9	0.0663	239.69	0.0324	184.45	229.06	163.45	207.2	10.153	10.15	10.34	10.37	0.1254	10.26	0.0545	16.8544	1.9071	56.1632	49.618	10.4501	143.4202	0.249	2.3072	0.6526	0.9143	0.3761	368.07	0.00481	0.0496	0.82429	-0.24316	-0.42735	187.54	0.01032	0.0247	-0.08189	0.0152	0.03205	10.19	0.00265	0.0728	-0.91873	0.38671	-0.88888	16	-0.00432	-0.05422	-0.17424	0.37322	-0.0144	-0.06056	0.00819	0.00439	0.07241	0.11267	-0.00208	-0.05928	-0.01134	0.00346	0.07579	-0.04371	-0.01726	0.14354	0.00514	0.08802	0.04514	-0.01377	-0.08851	0.0379	-0.00612	-0.08999	0.07	-0.02665	0.09916	0.02803	0.02714	-0.05217	446.14	841626408	852275965	1000	/scratch.global/lanej/1000G/ngs_dose/1000G_highcov/crams/HG01604.cram	9ab0a0e8,a23ef9ed,7f3b4c3c	184ab16e		14	0.998122	0.9987	0.99965	0.999906	2.068	1.813	0.124	778.329	139.799	scan	F	IBS	EUR	F	0.999716	0.999948	0.998129	NA	0.53	1.1513	1.0193	376.0021	373.3962	432.4481	185.2745	9.9356	2.002	856.1203	41.8505	374.4619	374.3272	428.8081	177.5153	9.9278	2.0031	798.3205	33.7768	725.578	1.8494	0.1058	36.4775	F	698	
HG01605	scan	0.1.0+fae1124	35.908	150	444	450	0.1071	0.9649	1.2595	0.0722	0.0469		2.0083	46.9061	673.5732	1.9271	0.0024	present	355.658	355.66	344.93	348.53	0.1872	383.51	0.0567	337.43	419.48	358.69	412.04	279.3	346.22	346.3	437.85	267.53	334.37	285.41	354.13	233.2	287.88	358.87	383.99	225.414	NA	225.41	224.82	0.0813	283.83	0.0362	210.95	265.01	194.91	247.49	9.662	9.66	9.8	9.85	0.1278	9.73	0.0608	17.8513	1.4093	46.7706	56.1468	10.574	138.0629	0.2506	2.86	0.6278	0.8654	0.3792	358.83	0.00241	0.0249	0.46045	-0.14216	0.17107	224.82	0.00704	0.0169	-0.01064	-0.0034	-0.01231	9.64	0.00265	0.0726	-0.74166	0.37947	-0.40109	16	-0.08031	0.02507	0.14071	0.26466	-0.00629	-0.04127	0.06051	-0.0575	-0.10575	-0.13572	-0.00627	0.15435	0.02306	-0.1354	-0.04372	-0.02751	0.00389	-0.07126	0.08083	0.04815	-0.00385	-0.03847	0.05628	0.01394	-0.04731	0.01742	-0.05155	0.00027	0.03987	-0.08388	0.00044	-0.07299	383.15	724817138	735628303	1000	/scratch.global/lanej/1000G/ngs_dose/1000G_highcov/crams/HG01605.cram	9ab0a0e8,a23ef9ed,7f3b4c3c	184ab16e		14	0.997899	0.998731	0.999357	0.999882	2.02	1.868	0.139	668.997	54.643	scan	F	IBS	EUR	F	0.999216	0.999947	0.998034	NA	-0.02	1.1483	0.9996	366.9973	362.1187	428.4588	224.7882	9.702	2.0042	731.8718	63.9194	366.6026	361.9446	422.4681	213.9222	9.7128	2.0046	735.6198	51.0669	636.5373	1.9148	0.1166	31.0224	F	2504	
HG01606	scan	0.1.0+fae1124	34.649	150	439	450	0.1022	0.9509	1.2961	0.062	0.0562		1.9794	176.8314	791.3403	0.9908	0.979	present	350.186	350.19	336.19	337.36	0.1867	380.62	0.0497	323.05	408.38	340.04	401.87	270.02	340.84	336.18	438.23	251.81	321.93	274.52	350.78	247.1	307.52	351.75	382.4	156.089	NA	156.09	154.89	0.0828	202.87	0.0279	141.82	183.21	136.94	179.9	9.916	9.92	10.1	10.08	0.1137	10.01	0.0603	17.2548	11.5384	59.2728	72.2004	10.7401	133.0402	0.2589	2.5338	0.5933	0.972	0.615	348.62	0.00328	0.0339	0.65063	-0.06783	0.06117	154.99	0.00748	0.0179	-0.003	-0.0	-0.01321	9.91	0.00271	0.0744	0.2167	0.0	0.22409	16	0.3862	-0.09523	-0.0754	-0.00215	-0.02337	0.22441	0.09399	-0.02613	0.06724	0.09966	-0.01178	0.06696	-0.01683	0.07722	0.01966	-0.08697	0.08352	-0.11975	0.0318	-0.11755	0.01486	0.14489	0.05496	0.01926	0.09943	-0.07148	-0.1312	-0.05132	0.06974	-0.00034	-0.02082	0.06189	368.89	692933408	703935677	1000	/scratch.global/lanej/1000G/ngs_dose/1000G_highcov/crams/HG01606.cram	9ab0a0e8,a23ef9ed,7f3b4c3c	184ab16e		14	0.998015	0.999141	0.999356	0.999886	2.073	0.979	0.791	783.95	219.02	scan	M	IBS	EUR	M	0.999349	0.999923	0.997983	NA	0.25	1.1527	0.9754	348.9379	350.4436	397.6074	156.1735	9.7995	1.9797	838.5897	82.6102	366.5175	366.5378	412.5381	166.5693	9.7523	1.9831	765.4149	33.6243	741.5836	1.0	0.7942	30.1216	M	2504	
HG01607	scan	0.1.0+fae1124	36.316	150	437	450	0.1118	0.9689	1.2306	0.0634	0.0398		2.0088	74.1897	616.0141	1.9595	0.0025	present	585.035	585.04	563.11	569.24	0.2035	618.19	0.0619	542.56	667.63	579.93	653.55	437.61	535.21	559.54	696.6	435.85	537.29	467.3	569.34	385.45	473.2	587.62	621.33	151.85	NA	151.85	150.3	0.0832	187.71	0.0324	142.38	175.79	134.27	167.6	11.258	11.26	11.32	11.36	0.1172	11.24	0.0658	20.8439	1.9719	39.2083	71.8265	10.019	137.0928	0.2578	2.8098	0.6173	1.0296	0.2194	585.37	0.00252	0.026	0.94117	0.18599	0.00112	150.3	0.0123	0.0294	0.03111	0.02239	-0.02812	11.15	0.00285	0.0781	1.27937	-1.20813	0.12119	16	-0.2305	-0.13744	-0.13377	0.18356	-0.14225	0.02425	0.11299	-0.00879	-0.00371	-0.04218	0.08008	0.09804	-0.06357	-0.00308	-0.03792	-0.04128	0.0813	-0.041	0.02105	0.07145	-0.01482	-0.04079	0.1034	0.00613	-0.02299	-0.0307	-0.05843	0.0625	0.09815	-0.00915	-0.00343	-0.02436	321.79	734695438	747101153	1000	/scratch.global/lanej/1000G/ngs_dose/1000G_highcov/crams/HG01607.cram	9ab0a0e8,a23ef9ed,7f3b4c3c	184ab16e		14	0.998003	0.997952	0.99943	0.999922	1.978	1.889	0.155	596.381	86.163	scan	F	IBS	EUR	F	0.999376	0.999941	0.998046	NA	1.49	1.1165	0.9907	617.5631	615.962	701.0023	144.8219	11.063	2.0028	642.2017	50.8034	604.9625	603.2891	687.576	146.1129	10.991	2.0048	623.7835	44.7472	571.0847	1.9366	0.1296	31.1892	F	2504	DJ +1.49 copies
HG01608	scan	0.1.0+fae1124	34.78	150	449	450	0.1009	0.9575	1.2567	0.0569	0.0507		2.0071	63.2594	845.1807	0.9935	0.9774	present	438.249	438.25	422.97	422.41	0.1813	474.49	0.0528	411.23	512.3	436.32	507.98	349.71	435.74	419.19	536.51	332.03	418.32	352.6	441.64	312.84	385.22	439.63	474.98	171.86	NA	171.86	172.41	0.087	218.63	0.0257	154.37	194.76	148.96	191.76	9.817	9.82	9.95	9.96	0.1215	9.88	0.0578	27.511	11.0755	48.9929	76.0197	9.2185	128.2607	0.237	2.8375	0.7014	0.7903	0.3039	444.95	0.00275	0.0284	0.151	0.03354	-0.09852	170.44	0.00535	0.0128	0.01058	-0.00308	-0.04296	9.8	0.00285	0.0781	0.35736	-0.59462	-0.79532	16	0.18799	-0.16168	-0.18149	0.27525	0.07939	0.10505	0.0328	-0.08691	-0.01354	0.06256	0.05852	0.09702	-0.04115	0.06885	-0.04288	-0.03612	0.12583	0.02059	0.0097	0.00741	-0.02941	0.08765	-0.02745	-0.09062	0.10963	-0.01516	-0.06864	0.02648	0.03743	0.01107	0.05799	0.03475	412.6	693697780	705752790	1000	/scratch.global/lanej/1000G/ngs_dose/1000G_highcov/crams/HG01608.cram	9ab0a0e8,a23ef9ed,7f3b4c3c	184ab16e		14	0.997895	0.998854	0.999406	0.999912	2.026	0.98	0.775	831.547	73.316	scan	M	IBS	EUR	M	0.999388	0.999948	0.997861	NA	0.14	1.1417	0.9806	456.6456	446.6792	529.306	167.8101	9.4951	2.0027	863.2989	25.4862	454.5465	446.7415	520.0619	191.7471	9.4446	2.0038	789.4202	22.6315	781.1173	0.9992	0.7752	30.3437	M	2504	
HG01609	scan	0.1.0+fae1124	40.737	150	444	450	0.0852	0.9665	1.247	0.0623	0.0464		2.0052	399.4566	770.6014	0.9843	0.965	present	535.37	535.37	527.89	534.38	0.1536	593.88	0.0545	540.86	733.17	556.56	638.04	467.11	621.57	587.74	803.1	444.94	599.44	465.24	593.32	422.66	572.01	538.48	573.12	197.664	NA	197.66	195.85	0.0651	253.37	0.0232	177.42	227.7	174.09	226.52	10.282	10.28	10.34	10.37	0.1294	10.24	0.0518	31.4677	11.8857	42.4001	81.0256	10.435	143.2885	0.2724	3.3878	0.7649	0.9447	0.6637	545.79	0.00524	0.0541	0.62652	-0.4454	-0.19966	195.69	0.00896	0.0214	-0.0375	0.03616	-0.01462	10.24	0.00299	0.082	1.78107	-2.00375	0.47422	16	0.11451	0.04036	-0.06287	0.05388	-0.16343	0.07767	0.18044	0.05441	0.07345	0.06674	0.01499	-0.08753	0.00459	-0.00179	0.09141	-0.12666	0.05442	-0.01085	0.06667	0.02085	0.03752	-0.0098	-0.03045	-0.00673	0.01348	-0.0507	0.11931	0.03238	-0.04583	0.01658	0.01996	0.02958	355.64	822917046	837195013	1000	/scratch.global/lanej/1000G/ngs_dose/1000G_highcov/crams/HG01609.cram	9ab0a0e8,a23ef9ed,7f3b4c3c	184ab16e		14	0.998183	0.999299	0.999795	0.999948	1.995	0.981	0.786	743.319	480.261	scan	M	IBS	EUR	M	0.99983	0.999944	0.99786	NA	0.58	1.169	1.0197	562.8032	556.5733	641.352	195.5739	10.2874	2.0032	850.6608	248.6697	551.5857	546.2488	628.2523	183.6513	10.2264	2.003	817.8696	169.09	697.6613	1.0022	0.7816	36.1836	M	698	
HG01610	scan	0.1.0+fae1124	35.75	150	445	450	0.1128	0.963	1.2678	0.0563	0.0433		2.0026	197.4478	703.408	0.9875	0.9921	present	407.758	407.76	390.21	392.88	0.1881	436.02	0.0557	376.25	472.65	404.19	468.32	314.06	391.38	400.49	511.83	304.54	383.57	330.65	414.19	280.21	350.16	405.45	435.22	154.046	NA	154.05	153.82	0.0887	196.18	0.0363	141.7	180.59	132.87	170.85	10.36	10.36	10.41	10.41	0.1191	10.32	0.0688	16.537	20.2427	39.9507	91.3908	14.5962	148.7388	0.2659	2.7804	0.602	0.9804	0.4914	409.6	0.00267	0.0275	0.29795	0.13988	-0.11996	152.72	0.00909	0.0218	0.01816	-0.00787	-0.02521	10.25	0.00328	0.0901	1.57036	-1.03037	0.98016	16	0.03611	-0.09017	0.0044	-0.03909	0.08166	0.15142	-0.04589	-0.06377	-0.06891	0.05587	-0.05528	0.00558	-0.00952	0.07302	-0.06393	0.07085	-0.06532	-0.00418	0.06427	0.00106	0.01288	0.09569	-0.12716	-0.01902	-0.09235	0.00415	0.03292	0.01481	0.08898	0.03536	-0.06797	-0.01142	483.42	717566182	730683682	1000	/scratch.global/lanej/1000G/ngs_dose/1000G_highcov/crams/HG01610.cram	9ab0a0e8,a23ef9ed,7f3b4c3c	184ab16e		14	0.997826	0.998754	0.999498	0.999924	2.028	0.986	0.953	689.86	226.757	scan	M	IBS	EUR	M	0.999502	0.999961	0.997683	NA	0.59	1.1434	0.9868	408.5246	404.5871	475.3952	150.9135	10.2234	2.0004	664.0988	164.852	463.0277	459.401	521.5901	163.0299	10.215	2.0008	647.8947	68.1838	657.3812	1.0062	0.9534	30.7719	M	2504	
HG01611	scan	0.1.0+fae1124	40.232	150	450	450	0.0789	0.9636	1.2823	0.0538	0.0421		2.0014	174.5663	793.1046	0.9931	0.9654	present	354.104	354.1	347.29	353.95	0.1728	396.52	0.0448	356.04	506.0	376.95	433.64	307.01	427.97	385.27	545.19	292.45	411.23	308.79	404.52	276.24	395.01	353.42	378.5	186.009	NA	186.01	187.37	0.0655	244.83	0.0215	168.4	221.47	160.97	215.62	10.127	10.13	10.23	10.18	0.1208	10.12	0.048	20.4316	19.1112	73.815	87.8746	12.9898	144.5896	0.2387	3.0877	0.7579	0.9288	0.3633	360.62	0.00344	0.0355	0.08287	-0.13824	-0.49307	185.23	0.01412	0.0338	-0.07903	0.01487	0.00606	10.07	0.00332	0.0912	0.37958	-1.4923	1.12928	16	-0.20809	0.16357	0.21686	0.08932	-0.10064	0.07934	0.01256	0.11826	0.02304	0.04686	0.00747	-0.0218	-0.00893	-0.00549	0.12936	0.01032	0.04718	-0.00495	-0.00152	0.03838	-0.04088	0.03368	-0.01914	-0.03956	-0.00238	-0.02368	-0.00765	-0.02933	-0.02008	0.01716	-0.01536	0.0036	347.01	808270720	821707700	1000	/scratch.global/lanej/1000G/ngs_dose/1000G_highcov/crams/HG01611.cram	9ab0a0e8,a23ef9ed,7f3b4c3c	184ab16e		14	0.998037	0.998516	0.999719	0.999919	2.134	0.978	0.914	788.496	205.679	scan	M	IBS	EUR	M	0.999743	0.999984	0.998124	NA	0.41	1.2025	1.0453	357.0831	353.0465	424.96	182.3083	10.3265	1.9964	904.4407	151.1627	382.6093	380.7612	440.3944	165.7666	10.2192	1.9991	851.8493	93.451	740.268	1.0008	0.9044	35.9139	M	698	
HG01612	scan	0.1.0+fae1124	36.548	150	432	450	0.0934	0.9648	1.2252	0.0665	0.0442		1.9993	296.5695	925.4518	1.9518	0.0029	present	407.006	407.01	393.55	399.54	0.2003	429.82	0.0485	391.5	453.63	419.27	475.05	306.9	359.0	384.3	458.25	300.58	354.31	326.77	391.36	262.4	300.43	407.82	433.9	175.182	NA	175.18	174.9	0.0819	213.77	0.0246	162.62	195.85	157.84	194.63	9.682	9.68	9.82	9.83	0.1212	9.76	0.0564	24.1879	2.2513	74.0947	64.756	11.9392	151.7751	0.2296	3.0629	0.718	0.8188	0.3565	413.53	0.00276	0.0285	-0.03858	0.31362	0.02804	173.81	0.00969	0.0232	0.03628	0.02276	-0.01923	9.7	0.00268	0.0736	-1.13446	0.05607	0.22953	16	0.01659	0.02242	0.03722	-0.02804	-0.10752	-0.04524	0.02222	-0.06389	0.00249	-0.05327	0.01389	0.0452	-0.02155	0.11171	-0.03114	0.00586	-0.0343	-0.06744	0.02144	-0.0018	-0.1213	0.01648	-0.06362	-0.00853	-0.07457	-0.00488	0.02656	0.04383	0.07956	-0.00791	0.07139	0.07794	551.76	753025026	764833656	1000	/scratch.global/lanej/1000G/ngs_dose/1000G_highcov/crams/HG01612.cram	9ab0a0e8,a23ef9ed,7f3b4c3c	184ab16e		14	0.997367	0.998302	0.999358	0.999658	2.153	1.894	0.147	917.954	341.981	scan	F	IBS	EUR	F	0.999425	0.99972	0.997624	NA	0.04	1.1488	1.0139	423.5778	416.3762	488.1315	171.3269	9.7058	2.0028	883.852	267.2244	410.6125	402.7599	468.0312	172.6571	9.6248	2.0029	693.9265	191.8157	851.4518	1.9254	0.121	32.2417	F	2504	
HG01613	scan	0.1.0+fae1124	36.805	150	437	450	0.1074	0.963	1.2595	0.069	0.0457		1.9836	195.404	741.4284	1.9534	0.003	present	447.019	447.02	436.26	441.9	0.1928	488.22	0.0559	423.38	537.57	459.19	528.44	368.43	463.91	446.44	574.27	347.18	441.09	373.21	465.91	329.64	416.08	451.19	484.74	142.129	NA	142.13	139.25	0.0829	179.52	0.0325	126.99	160.74	125.13	159.25	9.96	9.96	9.99	9.98	0.1138	9.92	0.0609	21.2833	1.5493	47.304	52.4442	10.9151	149.9408	0.2498	3.101	0.6537	0.8694	0.1895	456.52	0.00251	0.0259	0.28351	0.16635	-0.31131	141.11	0.01051	0.0252	0.03776	0.00529	0.00971	9.79	0.0028	0.0767	1.0442	0.15503	-0.5025	16	0.06605	-0.06129	-0.04969	-0.18546	0.1183	-0.02787	-0.13276	0.03895	-0.04957	-0.03691	0.01832	0.05234	-0.12093	-0.04272	0.03263	-0.04953	-0.01159	-0.01778	-0.00795	-0.13856	0.05594	-0.05946	-0.06562	0.04844	0.00859	0.03107	0.11129	-0.04298	-0.00512	-0.00206	-0.11135	0.0165	307.44	751990364	762730938	1000	/scratch.global/lanej/1000G/ngs_dose/1000G_highcov/crams/HG01613.cram	9ab0a0e8,a23ef9ed,7f3b4c3c	184ab16e		14	0.997731	0.997596	0.999475	0.999778	2.046	1.899	0.136	742.909	245.008	scan	F	IBS	EUR	F	0.999586	0.999775	0.997992	NA	0.13	1.1575	1.0058	411.3209	403.2647	473.8578	148.0419	9.7509	1.9881	753.3738	264.319	448.2299	440.4778	512.7216	136.8554	9.5421	1.9854	676.6845	173.9325	702.2986	1.933	0.1144	31.982	F	2504	
HG01614	scan	0.1.0+fae1124	38.966	150	441	450	0.0787	0.9647	1.2947	0.0587	0.044		1.9983	361.6801	742.6335	1.9376	0.0013	present	442.347	442.35	437.95	441.85	0.1816	501.64	0.0485	458.71	646.66	473.29	550.85	406.29	561.51	502.2	712.16	381.71	534.21	390.13	515.05	351.24	495.9	442.98	476.61	159.063	NA	159.06	158.99	0.0752	211.89	0.0235	137.16	182.78	138.51	187.82	9.845	9.84	9.91	9.93	0.1095	9.8	0.0453	21.1132	1.5994	50.7341	62.1153	9.2696	150.4411	0.2359	2.6974	0.6986	0.9065	0.3278	453.55	0.00433	0.0446	0.23603	-0.00526	-0.70303	157.71	0.00427	0.0102	-0.01354	0.01795	-0.02356	9.72	0.00271	0.0743	1.22501	-0.31255	-0.5891	16	-0.01137	0.12826	0.14292	0.05815	-0.04219	-0.05585	0.00425	0.00888	0.03953	0.14167	-0.04186	0.02608	-0.00443	0.06473	0.08863	-0.0184	0.02964	-0.11498	0.04639	-0.02693	0.04144	-0.0701	-0.01987	0.06603	-0.05976	-0.05575	0.10602	-0.02141	0.04549	-0.00244	0.05161	-0.07376	395.45	796804310	808524435	1000	/scratch.global/lanej/1000G/ngs_dose/1000G_highcov/crams/HG01614.cram	9ab0a0e8,a23ef9ed,7f3b4c3c	184ab16e		14	0.998012	0.998514	0.999725	0.999903	2.041	1.877	0.139	735.852	433.92	scan	F	IBS	EUR	F	0.999792	0.999937	0.99807	NA	0.06	1.2145	1.0435	437.6625	428.204	520.9425	158.9173	9.7738	1.9981	758.3028	226.5693	455.2966	449.1682	520.7712	149.4981	9.82	1.9997	770.2334	180.5893	694.4175	1.919	0.1172	34.8312	F	698	
HG01615	scan	0.1.0+fae1124	42.205	150	431	450	0.0802	0.9792	1.1823	0.0633	0.0346		2.0028	33.2654	1042.203	0.9892	0.9783	present	494.468	494.47	482.92	487.24	0.1981	514.03	0.0476	496.98	567.91	527.59	574.33	424.78	485.36	506.27	590.02	398.44	459.08	424.47	492.29	367.43	417.44	491.47	509.59	180.777	NA	180.78	180.54	0.0942	213.45	0.0218	160.62	188.65	163.03	194.41	9.695	9.7	9.89	10.0	0.1314	9.82	0.0473	21.9286	16.0173	45.3783	93.5709	9.779	145.213	0.2397	2.5893	0.7465	0.9013	0.2294	504.94	0.00299	0.0308	0.27078	0.3889	-0.54895	181.32	0.00676	0.0162	0.05323	-0.03814	0.04388	9.81	0.00257	0.0705	-1.89538	-0.88311	0.35398	16	-0.2747	-0.15524	-0.1804	-0.12259	-0.0628	0.01781	0.08874	-0.12048	0.11204	-0.02305	-0.01388	-0.07969	0.00788	0.10235	-0.01552	0.00316	0.0326	0.04779	-0.0137	-0.01357	-0.0376	-0.01216	0.03859	-0.01757	0.04155	-0.01109	0.02275	0.01882	-0.1458	0.00772	0.0704	0.14821	342.5	839424494	856484118	1000	/scratch.global/lanej/1000G/ngs_dose/1000G_highcov/crams/HG01615.cram	9ab0a0e8,a23ef9ed,7f3b4c3c	184ab16e		14	0.997724	0.998134	0.999436	0.999585	2.015	0.985	0.888	1037.645	39.379	scan	M	IBS	EUR	M	0.999557	0.999668	0.997937	NA	0.15	1.1374	1.0449	544.3633	533.5376	621.3597	178.3069	9.7699	2.0028	923.4261	29.0049	532.4719	524.1738	623.9112	191.5814	9.4994	2.0025	862.4967	44.467	941.1426	1.0102	0.8774	37.3625	M	2504	
HG01616	scan	0.1.0+fae1124	39.333	150	445	450	0.0763	0.9671	1.2687	0.0585	0.0403		1.9993	109.5654	741.0674	1.9369	0.0013	present	392.586	392.59	390.17	390.19	0.1462	442.3	0.0467	399.3	555.61	408.74	469.81	350.37	478.73	427.09	596.14	331.96	458.69	341.64	445.42	308.15	431.14	398.7	424.95	162.902	NA	162.9	162.04	0.0629	214.75	0.0227	155.44	204.56	138.24	185.76	9.623	9.62	9.7	9.71	0.1083	9.6	0.0437	16.4408	1.9598	44.364	55.2888	11.9443	134.7675	0.2517	2.4793	0.6148	0.886	0.3433	404.42	0.00389	0.0401	-0.17721	-0.69175	-0.06706	161.65	0.00687	0.0164	-0.06921	0.02866	-0.01746	9.56	0.00251	0.0687	0.43375	0.30148	-0.29616	16	-0.36021	0.07959	-0.03743	0.20208	-0.05143	-0.02146	0.06643	-0.0173	0.01256	-0.02175	0.10839	-0.08909	0.06432	-0.02338	0.08718	-0.01427	0.05264	-0.07689	-0.02615	0.06617	0.01261	0.01322	0.05362	-0.04003	0.03352	-0.01633	0.00257	-0.05066	0.07892	-0.04752	0.09671	-0.06897	301.29	790509126	801778346	1000	/scratch.global/lanej/1000G/ngs_dose/1000G_highcov/crams/HG01616.cram	9ab0a0e8,a23ef9ed,7f3b4c3c	184ab16e		14	0.997731	0.998533	0.999695	0.999889	2.008	1.875	0.136	739.664	130.723	scan	F	IBS	EUR	F	0.999773	0.999902	0.997818	NA	-0.1	1.1617	1.0107	432.8333	422.5825	501.841	158.9547	9.6301	1.9948	782.5762	110.0358	410.3142	403.914	456.8271	155.0215	9.7299	1.9929	801.0233	117.7623	700.9429	1.9334	0.116	34.9748	F	698	
HG01617	scan	0.1.0+fae1124	35.701	150	441	450	0.1	0.964	1.2447	0.0588	0.0394		1.9968	158.3265	744.9113	0.9987	0.9649	present	480.62	480.62	464.63	467.32	0.1941	514.09	0.0554	446.11	547.61	476.13	544.05	375.21	461.8	464.41	582.72	365.21	453.34	388.68	479.33	328.41	400.21	483.92	516.04	174.545	NA	174.54	172.21	0.0853	218.8	0.0295	158.64	196.63	157.74	200.37	9.606	9.61	9.7	9.71	0.1119	9.63	0.0582	21.6242	12.2448	55.8027	68.5241	9.4232	132.3841	0.2325	2.609	0.7001	0.8818	0.4376	485.15	0.00256	0.0264	0.32691	0.07566	-0.1098	173.54	0.01408	0.0337	0.04121	0.00838	0.01917	9.55	0.00283	0.0776	0.26753	0.19083	-0.4495	16	-0.30836	0.13458	-0.06568	0.09932	-0.02793	0.2511	0.02049	-0.07555	-0.06584	0.02258	-0.02666	0.04038	-0.12693	0.13887	-0.07177	0.07713	-0.02528	-0.21644	-0.24199	-0.07858	-0.07932	0.14077	0.07298	-0.03787	0.00102	-0.11704	0.16357	0.03652	-0.08965	0.03966	-0.00791	0.00727	205.53	712813180	723802667	1000	/scratch.global/lanej/1000G/ngs_dose/1000G_highcov/crams/HG01617.cram	9ab0a0e8,a23ef9ed,7f3b4c3c	184ab16e		14	0.997606	0.998748	0.999413	0.999898	2.055	0.979	0.788	734.465	182.876	scan	M	IBS	EUR	M	0.999326	0.999891	0.99771	NA	-0.11	1.1214	0.9814	510.7209	503.4467	589.5267	166.3285	9.5966	1.9927	719.6443	91.0672	544.6155	540.3282	615.0253	181.6977	9.6122	1.9939	700.3359	92.0	694.9925	1.0008	0.7916	31.0525	M	2504	
HG01618	scan	0.1.0+fae1124	34.985	150	433	450	0.0958	0.9606	1.2732	0.0629	0.0424		2.0067	14.0618	641.0717	1.9551	0.0029	present	488.238	488.24	473.48	473.92	0.1707	526.51	0.0531	455.98	557.41	496.57	572.45	387.69	472.0	483.32	608.38	369.41	455.41	393.3	487.73	336.77	404.4	492.32	528.64	129.292	NA	129.29	126.75	0.0857	162.96	0.0313	114.81	144.75	116.54	147.8	9.687	9.69	9.74	9.77	0.1115	9.67	0.0562	13.2481	1.7609	43.4336	60.9824	11.27	146.0835	0.2562	2.6939	0.4678	0.822	0.3124	495.62	0.0023	0.0237	0.07706	-0.25865	0.20661	127.93	0.01485	0.0355	0.04619	0.02479	-0.01062	9.58	0.00276	0.0757	0.20573	0.11823	-0.60424	16	-0.17809	0.03241	0.05656	0.15619	-0.04074	-0.06017	0.0763	-0.11215	-0.00718	-0.06717	0.04558	0.04925	0.05989	-0.06908	-0.04732	-0.0026	0.02589	-0.03247	0.0035	0.06657	0.037	-0.09339	-0.06551	0.12334	0.07575	0.01529	0.12842	0.03478	-0.06494	-0.02911	-0.10971	-0.08092	265.8	705962540	716626567	1000	/scratch.global/lanej/1000G/ngs_dose/1000G_highcov/crams/HG01618.cram	9ab0a0e8,a23ef9ed,7f3b4c3c	184ab16e		14	0.99757	0.998765	0.99939	0.999883	2.023	1.892	0.147	636.146	16.759	scan	F	IBS	EUR	F	0.999386	0.999907	0.997522	NA	-0.08	1.155	1.0019	525.7649	517.1089	611.7515	126.421	9.6297	2.0054	632.4237	18.6669	504.6527	494.8534	579.4643	130.7637	9.5941	2.0039	653.3389	22.1722	607.046	1.937	0.1236	30.5628	F	2504	
HG01619	scan	0.1.0+fae1124	37.219	150	437	450	0.1124	0.9672	1.2026	0.078	0.038		2.009	184.1858	712.8229	0.9905	0.9466	present	663.311	663.31	637.86	655.39	0.2157	697.24	0.0631	606.79	722.55	657.55	741.92	511.37	611.63	637.2	781.65	491.28	593.64	533.29	640.8	465.28	545.85	664.64	704.1	162.402	NA	162.4	161.89	0.0896	197.67	0.0326	157.36	189.26	141.84	174.61	9.772	9.77	9.89	9.86	0.1258	9.82	0.0635	23.25	16.0235	56.6586	72.3535	12.3148	133.5195	0.2436	2.8665	0.5587	0.8685	0.3832	662.54	0.00301	0.031	1.23849	0.38318	-0.12948	160.17	0.00904	0.0216	0.02958	-0.01603	-0.00666	9.67	0.00258	0.0707	-0.0763	0.91618	-0.33587	16	-0.3135	-0.0888	-0.09184	0.19453	-0.03255	0.1776	0.11732	-0.12119	0.07918	0.06972	0.04091	0.09336	-0.01005	-0.0296	0.02562	0.0261	-0.07661	-0.08123	0.04552	-0.04922	-0.08603	-0.04689	0.01339	0.04257	-0.06592	-0.00301	0.0214	0.0639	0.01576	-0.0301	-0.04849	0.03468	291.2	746940196	758931490	1000	/scratch.global/lanej/1000G/ngs_dose/1000G_highcov/crams/HG01619.cram	9ab0a0e8,a23ef9ed,7f3b4c3c	184ab16e		14	0.99754	0.99856	0.999398	0.999746	2.046	0.988	0.845	703.191	204.544	scan	M	IBS	EUR	M	0.999373	0.999852	0.997544	NA	0.01	1.1198	0.9925	719.7469	718.2972	818.051	155.6351	9.6319	2.0012	760.2495	119.944	709.2423	707.4136	808.394	156.4916	9.6318	2.0022	746.2677	67.5612	666.8473	1.0078	0.8504	32.0298	M	2504	
HG01620	scan	0.1.0+fae1124	34.087	150	446	450	0.0943	0.9574	1.2436	0.0721	0.0415		2.0046	158.4726	794.2825	1.9447	0.0027	present	449.803	449.8	428.31	431.03	0.1951	477.43	0.0537	416.76	512.24	443.22	511.39	340.93	418.32	424.59	535.4	326.06	404.75	355.22	440.54	300.56	366.51	445.94	479.82	160.14	NA	160.14	159.59	0.0883	202.34	0.0255	153.3	192.39	145.29	185.96	9.685	9.69	9.75	9.77	0.1168	9.68	0.0537	14.8637	2.2098	41.4557	60.1774	10.9198	138.1211	0.225	2.6131	0.7722	0.904	0.3656	448.81	0.00289	0.0298	0.18233	0.08976	0.07127	157.83	0.01318	0.0316	0.05615	0.00972	0.02885	9.59	0.0029	0.0794	0.37544	-0.25815	-0.86266	16	-0.21952	-0.17008	0.07594	0.16646	-0.02959	-0.0497	0.09733	-0.0402	0.10732	0.05336	-0.02582	0.07737	-0.01872	0.00601	0.04367	0.01059	-0.04532	-0.02821	0.09009	-0.16806	0.0439	-0.03124	0.02824	-0.09255	0.01164	-0.05834	-0.04669	0.07059	0.03317	0.02538	-0.02112	0.06647	343.19	691217564	701398588	1000	/scratch.global/lanej/1000G/ngs_dose/1000G_highcov/crams/HG01620.cram	9ab0a0e8,a23ef9ed,7f3b4c3c	184ab16e		14	0.99783	0.998922	0.999331	0.999903	2.007	1.887	0.138	786.521	180.435	scan	F	IBS	EUR	F	0.999166	0.999938	0.998038	NA	-0.07	1.1394	0.9875	462.6395	462.6346	528.9884	153.3647	9.5392	1.9963	806.1339	99.8375	446.6644	445.707	515.3643	158.1983	9.4853	1.9943	746.6874	119.2645	743.7139	1.9326	0.1158	29.8758	F	2504	
HG01621	scan	0.1.0+fae1124	39.307	150	445	450	0.0791	0.9622	1.2722	0.0614	0.0412		1.9972	290.1022	826.5017	0.9918	0.9649	present	486.332	486.33	478.61	482.69	0.1712	543.2	0.0508	478.45	658.41	496.44	572.46	425.76	574.59	514.55	716.01	406.24	556.1	414.15	537.66	396.23	544.28	491.54	526.43	121.598	NA	121.6	121.95	0.0722	159.33	0.0245	108.96	142.88	97.74	130.29	9.812	9.81	9.93	9.91	0.1204	9.82	0.0443	16.6841	16.3334	51.7346	74.817	12.9818	137.6312	0.246	3.0127	0.6883	0.961	0.3631	486.68	0.00378	0.0389	0.99405	-0.54541	-0.04911	121.66	0.02221	0.0532	-0.12034	-0.02637	0.01754	9.75	0.00273	0.0749	-0.10027	0.39375	-0.80278	16	-0.29613	0.01661	-0.04696	0.36913	-0.14557	0.00407	0.07849	-0.05142	0.07299	0.0417	-0.00606	-0.0762	0.04993	0.00302	0.08904	-0.09679	-0.05436	0.16715	0.00801	-0.00241	0.00441	-0.0609	-0.00694	0.00283	-0.01877	0.09994	-0.0362	-0.07351	0.05106	0.04887	-0.03271	-0.04994	258.88	790851878	803010682	1000	/scratch.global/lanej/1000G/ngs_dose/1000G_highcov/crams/HG01621.cram	9ab0a0e8,a23ef9ed,7f3b4c3c	184ab16e		14	0.9979	0.998434	0.999665	0.999915	2.04	0.985	0.849	823.503	340.064	scan	M	IBS	EUR	M	0.999531	0.999959	0.997962	NA	0.09	1.1763	1.0201	529.5245	532.0511	618.2099	120.6023	9.763	1.9895	882.3875	135.38	472.2464	475.3337	536.5115	114.2005	9.8108	1.9892	786.9148	109.067	770.211	1.0054	0.8452	35.0672	M	698	
HG01622	scan	0.1.0+fae1124	38.06	150	441	450	0.0755	0.9599	1.2869	0.0616	0.038		2.001	75.163	749.6648	1.9536	0.004	present	367.33	367.33	362.2	364.47	0.1709	413.38	0.0461	384.27	537.12	385.8	448.05	332.02	456.65	403.92	565.84	311.81	433.06	320.6	420.34	284.34	398.97	366.79	393.76	123.065	NA	123.07	124.14	0.0685	162.74	0.0215	124.42	164.11	103.58	139.39	9.634	9.63	9.77	9.77	0.1099	9.67	0.045	15.9567	1.7692	62.3128	56.1921	11.1536	135.8856	0.27	3.2351	0.4582	0.8285	0.3281	374.25	0.00378	0.039	0.05827	-0.259	-0.4303	123.03	0.01765	0.0422	-0.06948	0.00711	0.01616	9.59	0.00241	0.0661	-0.07788	-0.22256	0.06601	16	-0.22902	-0.03348	-0.10986	-0.00535	-0.09041	0.07878	0.06139	0.0309	0.04995	0.03612	0.0368	-0.037	-0.00946	-0.01183	0.00879	-0.03719	0.03654	0.03578	-0.06918	0.04309	-0.04135	0.0603	-0.01791	-0.01287	-0.0158	-0.03039	-0.11748	0.03964	0.01056	0.06295	0.07087	-0.16533	275.65	769589774	780144272	1000	/scratch.global/lanej/1000G/ngs_dose/1000G_highcov/crams/HG01622.cram	9ab0a0e8,a23ef9ed,7f3b4c3c	184ab16e		14	0.998048	0.998286	0.99968	0.999871	2.06	1.908	0.133	738.315	93.443	scan	F	IBS	EUR	F	0.999809	0.999911	0.998132	NA	-0.07	1.1972	1.0309	382.2028	376.6642	456.1747	121.4103	9.6413	1.9984	757.3933	64.3639	383.7913	382.148	440.5263	119.131	9.5529	1.9975	781.3499	51.6782	696.66	1.9574	0.1134	34.0159	F	698	
HG01623	scan	0.1.0+fae1124	35.645	150	443	450	0.1129	0.9677	1.241	0.0722	0.0444		1.9966	42.7606	786.2187	1.9346	0.0026	present	368.605	368.6	355.88	360.97	0.1998	392.58	0.0547	344.28	419.36	373.6	426.65	290.77	352.4	354.76	439.44	273.84	335.08	297.68	364.89	245.22	298.02	369.81	393.85	108.326	NA	108.33	107.88	0.0802	135.32	0.0374	105.25	131.13	92.7	117.12	9.528	9.53	9.65	9.67	0.1177	9.58	0.064	11.7574	2.2834	55.2376	65.6677	11.1599	127.1788	0.2579	3.8875	0.4721	0.8886	0.5289	373.85	0.00278	0.0287	0.30456	0.31983	-0.19117	107.89	0.00544	0.013	-0.03939	-0.01863	-0.01262	9.46	0.00274	0.0751	0.26023	0.36195	0.10241	16	-0.11839	0.10972	0.16336	0.16942	-0.1388	0.04015	0.06606	-0.07525	-0.01514	-0.00029	0.05436	-0.01891	0.02684	-0.14906	-0.15953	-0.01125	-0.05108	-0.014	0.06053	-0.05725	-0.03003	0.06866	-0.04214	-0.04077	0.00318	-0.10032	0.0677	-0.03347	0.0362	-0.12852	-0.0925	0.01152	448.47	717321578	728967299	1000	/scratch.global/lanej/1000G/ngs_dose/1000G_highcov/crams/HG01623.cram	9ab0a0e8,a23ef9ed,7f3b4c3c	184ab16e		14	0.997868	0.99867	0.999364	0.999972	2.021	1.877	0.153	777.136	49.404	scan	F	IBS	EUR	F	0.999297	0.999963	0.998111	NA	-0.2	1.1412	0.9993	397.575	392.0107	456.4908	104.6165	9.6518	1.9939	753.3259	61.5084	383.4243	378.8237	434.7681	109.1169	9.612	1.9941	660.5669	45.7232	733.6397	1.9298	0.1278	30.5098	F	2504	
HG01624	scan	0.1.0+fae1124	36.661	150	441	450	0.1051	0.9614	1.2489	0.0691	0.0435		1.9946	30.0705	723.0379	1.0016	0.9875	present	348.433	348.43	337.15	341.96	0.1849	374.66	0.0521	334.35	412.69	354.76	408.83	279.82	342.83	349.1	440.03	267.17	331.21	282.72	350.28	236.0	289.38	348.65	373.4	115.111	NA	115.11	115.55	0.091	145.17	0.0271	104.27	131.58	100.3	127.73	9.763	9.76	9.86	9.9	0.1164	9.79	0.0606	18.9212	10.8035	58.46	70.495	9.8976	147.3104	0.2473	2.0674	0.5682	0.8847	0.1999	352.68	0.00257	0.0265	0.31083	0.03612	-0.1378	113.95	0.01505	0.036	0.03225	-0.00073	-0.03394	9.7	0.00262	0.0718	-0.11422	-0.01852	0.10171	16	0.02749	-0.04777	-0.0322	-0.15764	0.0392	0.08007	-0.06002	0.01425	-0.00583	0.05707	-0.00902	0.02899	0.02062	-0.01001	-0.04556	-0.0163	0.08926	0.02733	-0.0378	0.11899	0.0547	0.03336	0.07104	-0.03895	-0.014	-0.09519	0.12467	0.13468	0.03866	0.02262	-0.08065	-0.07774	226.48	729274200	740326556	1000	/scratch.global/lanej/1000G/ngs_dose/1000G_highcov/crams/HG01624.cram	9ab0a0e8,a23ef9ed,7f3b4c3c	184ab16e		14	0.997613	0.997433	0.999462	0.99995	2.068	0.985	0.782	710.016	34.03	scan	M	IBS	EUR	M	0.999618	0.999974	0.997849	NA	0.04	1.1592	1.0059	335.0799	331.3197	386.6617	116.0265	9.7352	1.9976	691.1259	33.8732	397.1857	390.6062	460.1984	119.8252	9.6164	1.9934	763.1929	22.7036	672.5071	1.0056	0.7872	31.7846	M	2504	
HG01625	scan	0.1.0+fae1124	35.772	150	436	450	0.1027	0.9608	1.2571	0.064	0.0469		2.0146	112.8245	731.139	0.9907	0.9651	present	227.631	227.63	220.54	221.03	0.1804	245.92	0.0481	214.2	263.3	229.66	266.17	184.67	224.83	204.26	258.13	174.42	215.46	182.82	226.95	156.51	189.76	229.26	246.8	235.032	NA	235.03	233.88	0.0772	296.81	0.0317	214.87	272.56	212.17	269.82	10.428	10.43	10.66	10.73	0.1308	10.58	0.0609	15.725	8.0162	36.0173	70.2905	10.6843	135.6998	0.2377	2.8311	0.6039	0.8454	0.407	229.71	0.00337	0.0347	-0.05564	-0.20788	-0.08152	233.8	0.0058	0.0139	0.01879	0.02319	-0.01464	10.5	0.00312	0.0855	-0.52356	-1.88338	-0.12475	16	-0.03712	0.00186	-0.09856	0.39238	0.11798	-0.1069	0.05626	-0.15621	0.0141	0.01972	0.01037	0.04923	0.05217	-0.00113	-0.0831	-0.01475	-0.03799	0.03682	-0.01096	0.05059	-0.05088	0.14364	-0.04738	0.07711	0.04269	0.02789	-0.02968	0.05432	0.05995	0.12708	0.12065	0.01373	174.27	711183600	722432369	1000	/scratch.global/lanej/1000G/ngs_dose/1000G_highcov/crams/HG01625.cram	9ab0a0e8,a23ef9ed,7f3b4c3c	184ab16e		14	0.997952	0.998708	0.999291	0.999799	2.019	0.979	0.714	719.629	132.571	scan	M	IBS	EUR	M	0.99924	0.999872	0.99789	NA	0.84	1.1587	0.9998	241.9706	238.0662	283.7033	230.4809	10.2405	2.0113	686.7521	67.5716	257.797	252.4788	301.3222	217.8844	10.1388	2.0109	720.187	54.6446	679.497	0.9994	0.7156	31.0807	M	2504	DJ +0.84 copies
HG01626	scan	0.1.0+fae1124	40.548	150	453	450	0.105	0.9703	1.2347	0.0584	0.0371		2.0037	113.9158	1014.6413	1.9401	0.0028	present	630.992	630.99	616.1	614.35	0.1763	674.5	0.0595	584.12	702.39	633.93	714.86	513.56	612.93	624.09	762.11	484.84	584.15	512.89	619.59	452.6	541.68	641.69	679.97	165.67	NA	165.67	165.77	0.075	203.51	0.0277	164.55	202.58	144.16	178.49	9.936	9.94	9.97	9.99	0.1054	9.91	0.0618	18.0383	1.1313	39.7823	64.8343	12.0559	148.8348	0.2505	3.2592	0.5735	0.8708	0.3291	635.42	0.00265	0.0274	0.47211	-0.31969	-0.0568	165.25	0.00405	0.0097	-0.01215	0.00568	0.00629	9.82	0.0027	0.0739	0.39576	0.25967	-0.11151	16	-0.22565	-0.034	0.09338	-0.09515	-0.03747	-0.17345	-0.00689	-0.03152	-0.07683	-0.04051	0.0384	0.01348	-0.00554	0.00456	-0.04005	0.0104	-0.00057	0.03466	0.07128	-0.0669	-0.00381	-0.09561	0.07795	0.02587	0.02839	-0.02911	-0.06212	-0.0966	-0.0075	-0.05678	0.00583	-0.04763	398.39	825467748	839178294	1000	/scratch.global/lanej/1000G/ngs_dose/1000G_highcov/crams/HG01626.cram	9ab0a0e8,a23ef9ed,7f3b4c3c	184ab16e		14	0.997722	0.99847	0.999443	0.999838	2.024	1.898	0.157	1028.827	129.787	scan	F	IBS	EUR	F	0.999716	0.999855	0.997786	NA	0.16	1.125	0.9977	625.8645	622.1553	704.8639	164.8218	9.9106	2.0047	916.6367	185.5157	617.1151	617.468	693.3056	156.1576	9.8514	2.0047	871.2282	132.8959	946.9012	1.9348	0.1302	35.3113	F	2504	
HG01627	scan	0.1.0+fae1124	40.709	150	449	450	0.0824	0.9615	1.2919	0.0609	0.0401		1.9953	97.1061	448.4553	0.9975	0.9733	present	326.008	326.01	317.61	321.43	0.1712	364.78	0.0469	326.99	455.88	334.13	391.79	289.32	396.22	320.08	455.08	270.34	376.43	273.77	362.48	254.2	351.86	324.88	351.39	189.741	NA	189.74	187.2	0.0631	253.98	0.0247	176.35	235.97	167.72	228.45	9.824	9.82	9.98	10.01	0.1084	9.88	0.0484	13.6611	7.0882	35.4874	70.7446	11.8212	140.112	0.2477	3.2667	0.6385	0.8342	0.4722	330.85	0.00434	0.0448	0.328	-0.215	-0.32837	188.87	0.00883	0.0211	-0.04817	0.02114	0.01508	9.8	0.0026	0.0714	0.14859	0.34974	-0.53296	16	-0.01661	0.00204	-0.15343	0.09353	-0.00973	-0.09663	0.02357	0.01766	0.01705	0.04378	0.0181	0.00907	9e-05	-0.0915	0.07958	0.00152	-0.03416	-0.00621	-0.0114	-0.06048	-0.13116	0.08798	-0.0284	0.04627	-0.04202	-0.06525	-0.04928	-0.12569	-0.01227	0.07439	0.03237	0.02227	389.73	808787978	821199603	1000	/scratch.global/lanej/1000G/ngs_dose/1000G_highcov/crams/HG01627.cram	9ab0a0e8,a23ef9ed,7f3b4c3c	184ab16e		14	0.998105	0.998965	0.999646	0.999884	2.008	0.985	0.723	427.774	116.733	scan	M	IBS	EUR	M	0.999831	0.999921	0.998066	NA	0.14	1.1842	1.0099	326.0571	321.0852	385.5297	190.2361	9.6742	1.9949	506.0969	90.8751	326.2148	323.0183	372.544	175.3676	9.6359	1.9966	563.8572	48.0396	412.5572	1.0058	0.721	36.2871	M	698	
HG01628	scan	0.1.0+fae1124	34.543	150	435	450	0.0999	0.9574	1.2909	0.0601	0.0431		2.0128	63.1455	639.8453	1.9579	0.0026	present	494.111	494.11	477.47	480.34	0.1798	539.45	0.0544	465.43	593.51	488.74	573.95	394.78	500.78	476.57	622.82	379.9	487.99	396.96	507.84	344.86	436.18	496.66	537.59	99.64	NA	99.64	100.04	0.078	129.99	0.0263	97.4	126.62	86.17	113.83	9.5	9.5	9.58	9.64	0.149	9.49	0.0597	22.8894	1.9658	32.0654	73.8006	10.1414	136.4302	0.2452	2.759	0.6384	0.769	0.3471	497.57	0.0025	0.0257	0.36292	-0.15173	-0.07551	98.62	0.00962	0.023	0.01669	0.00862	0.0307	9.51	0.00325	0.0892	-1.42608	-0.05765	-0.7028	16	-0.16656	-0.09048	-0.07091	0.13993	0.03121	-0.00074	-0.10623	0.03241	-0.05972	0.01086	-0.02299	0.08199	-0.04453	-0.02577	0.05867	0.08069	-0.02407	-0.06606	0.00531	0.01261	0.05219	0.03281	0.14217	0.05207	0.11862	-0.0131	-0.08343	0.01002	0.02687	-0.0272	0.04434	-0.08221	367.11	701151596	713820670	1000	/scratch.global/lanej/1000G/ngs_dose/1000G_highcov/crams/HG01628.cram	9ab0a0e8,a23ef9ed,7f3b4c3c	184ab16e		14	0.997773	0.998543	0.999296	0.999851	1.989	1.888	0.161	637.442	77.693	scan	F	IBS	EUR	F	0.99931	0.99987	0.998211	NA	-0.15	1.1535	0.9823	483.8039	477.8951	571.5946	97.7724	9.4096	2.0079	722.9241	50.1926	503.8874	498.1432	571.5202	103.0362	9.2586	2.0098	634.4693	31.5584	608.8387	1.9266	0.1326	30.1658	F	2504	
HG01629	scan	0.1.0+fae1124	40.429	150	451	450	0.0774	0.9536	1.3097	0.0605	0.0416		1.9844	183.855	765.7138	0.9841	0.9695	present	397.969	397.97	391.82	396.68	0.1783	452.75	0.0486	412.87	581.59	413.86	488.2	355.25	490.1	407.85	581.81	340.13	476.32	342.79	456.75	333.04	467.36	398.03	432.82	187.457	NA	187.46	186.46	0.0667	252.44	0.021	171.4	231.96	162.28	221.75	9.903	9.9	10.06	10.11	0.1293	9.96	0.0444	23.5385	11.0064	39.6051	77.8022	10.3431	127.9701	0.2607	2.2716	0.4785	0.8144	0.2848	407.27	0.00427	0.0441	0.06896	-0.13043	-0.43205	184.84	0.01373	0.0329	-0.05715	0.02748	0.01102	9.91	0.00304	0.0833	-1.185	0.40249	-0.86127	16	-0.10365	-0.14657	-0.29243	0.25843	0.13132	-0.1515	-0.17022	0.03003	0.06989	0.14632	0.01933	-0.03344	-0.01278	-0.00824	-0.04414	-0.01164	-0.0119	-0.04105	0.08915	-0.08973	-0.00031	-0.03971	-0.00101	0.04415	0.0942	-0.10371	-0.00073	-0.03309	0.04711	0.17436	0.04877	0.02544	339.03	809852514	823335689	1000	/scratch.global/lanej/1000G/ngs_dose/1000G_highcov/crams/HG01629.cram	9ab0a0e8,a23ef9ed,7f3b4c3c	184ab16e		14	0.998129	0.998792	0.999526	0.999817	2.006	0.98	0.796	767.727	218.085	scan	M	IBS	EUR	M	0.999616	0.999824	0.998182	NA	0.25	1.1987	1.0162	386.1564	375.9859	465.7123	184.5239	9.5504	1.9817	726.2293	81.7091	380.5496	373.8291	436.0283	186.1992	9.3964	1.9831	709.782	65.8534	721.8076	1.0002	0.7922	36.2539	M	698	
HG01630	scan	0.1.0+fae1124	35.806	150	447	450	0.1116	0.9679	1.2392	0.0581	0.043		1.9963	225.2985	766.5562	0.9974	0.9831	present	377.378	377.38	362.87	365.78	0.1837	400.86	0.055	335.45	410.25	377.38	431.76	287.2	350.1	377.34	471.49	274.93	338.7	300.24	369.91	248.83	302.69	379.99	404.75	220.378	NA	220.38	219.23	0.09	276.82	0.0271	188.91	236.44	194.89	247.6	9.848	9.85	9.92	9.93	0.1174	9.84	0.0669	19.3737	10.7149	49.7377	84.0256	12.5127	149.805	0.2397	2.2905	0.419	0.8357	0.2377	378.49	0.00322	0.0332	0.35268	-0.24641	0.38262	218.91	0.00622	0.0149	0.02777	-0.01172	-0.02339	9.76	0.00277	0.076	0.67834	0.10583	-0.26342	16	-0.01487	-0.09889	-0.04524	-0.10338	0.06619	0.07372	0.00806	-0.04553	0.0487	0.04384	0.02527	0.05323	-0.15145	-0.01903	0.14275	0.03301	0.12212	0.02329	0.08052	0.0549	-0.12943	0.03668	0.04859	0.03891	0.0274	0.02402	0.01154	-0.04328	-0.01972	0.04792	0.06019	-0.02653	372.23	719048654	731063967	1000	/scratch.global/lanej/1000G/ngs_dose/1000G_highcov/crams/HG01630.cram	9ab0a0e8,a23ef9ed,7f3b4c3c	184ab16e		14	0.997856	0.998593	0.999372	0.99996	2.045	1.001	0.83	764.544	261.557	scan	M	IBS	EUR	M	0.999255	0.999973	0.997766	NA	0.1	1.1407	0.9971	369.5901	368.1363	422.0717	221.9373	9.6844	1.9948	859.526	211.6711	412.4224	409.1356	471.8571	210.0083	9.6468	1.9957	772.4799	97.0912	723.5029	1.0234	0.8336	30.8784	M	2504	
HG01631	scan	0.1.0+fae1124	35.057	150	443	450	0.0982	0.9508	1.3126	0.0783	0.0563		1.9901	71.7929	542.3765	1.0002	0.9756	present	458.324	458.32	434.9	444.7	0.2162	498.65	0.0516	421.41	547.55	439.03	526.7	349.23	454.67	408.84	546.36	334.7	440.47	351.61	458.31	304.08	389.76	455.71	499.46	183.188	NA	183.19	182.23	0.0827	242.47	0.0258	169.56	222.15	165.36	221.54	9.801	9.8	10.01	9.99	0.1178	9.93	0.058	15.5961	12.1707	49.9021	70.7813	10.3072	133.8724	0.2389	2.4572	0.7836	0.8157	0.3871	453.93	0.00355	0.0366	0.7604	0.46891	-0.26854	180.14	0.00912	0.0218	0.03182	0.0171	0.00799	9.85	0.00291	0.0799	-0.73663	-0.28569	-0.64017	16	0.42336	-0.09082	-0.10462	0.02091	0.10612	-0.12979	-0.04174	-0.26693	0.05738	-0.04477	0.02496	0.05874	-0.07464	-0.06517	0.0854	-0.02531	-0.10098	0.0087	0.05398	-0.11332	-0.00209	0.09578	-0.00373	-0.0798	-0.00375	0.08054	-0.00248	-0.02401	0.04402	-0.00373	0.05453	0.01151	368.64	698879394	709816708	1000	/scratch.global/lanej/1000G/ngs_dose/1000G_highcov/crams/HG01631.cram	9ab0a0e8,a23ef9ed,7f3b4c3c	184ab16e		14	0.998106	0.998185	0.999335	0.999843	2.05	0.977	0.755	528.298	88.309	scan	M	IBS	EUR	M	0.999348	0.999902	0.998163	NA	0.19	1.1603	0.9672	458.1405	459.8366	530.0168	190.7409	9.5494	1.9978	584.3392	79.6709	462.7012	462.7426	523.4818	197.0074	9.3967	1.9984	629.9778	83.5147	507.3873	0.9952	0.756	30.6902	M	2504	
HG01632	scan	0.1.0+fae1124	35.03	150	441	450	0.1032	0.9602	1.2728	0.0693	0.0373		2.0037	133.0033	903.3854	1.9621	0.0025	present	500.992	500.99	477.82	483.01	0.1851	533.98	0.0546	464.4	576.2	490.64	571.29	378.27	468.98	470.42	593.44	367.42	458.85	397.93	497.09	328.76	405.51	497.79	535.69	213.606	NA	213.61	211.49	0.0797	271.16	0.0305	199.84	252.81	184.63	236.29	9.704	9.7	9.88	9.92	0.1309	9.81	0.0625	15.3514	1.3794	43.654	58.8345	9.9767	136.9117	0.2345	3.6906	0.7711	0.8122	0.378	499.39	0.00241	0.0249	0.36619	-0.00475	0.02137	212.88	0.00557	0.0133	-0.02349	-0.01331	-0.01163	9.76	0.00291	0.0799	-1.60784	-0.86734	-0.64769	16	-0.34522	-0.06389	-0.26854	0.19503	-0.07646	0.03525	0.08515	0.00139	0.06793	0.10145	-0.03893	0.03174	-0.08742	-0.02985	-0.07468	-0.01292	-0.04267	0.06066	0.02539	0.06059	0.01473	-0.04245	0.07752	0.00413	0.08779	0.07755	0.06268	-0.02034	0.06455	-0.01198	0.00448	0.05982	304.46	710859580	721357173	1000	/scratch.global/lanej/1000G/ngs_dose/1000G_highcov/crams/HG01632.cram	9ab0a0e8,a23ef9ed,7f3b4c3c	184ab16e		14	0.997889	0.998539	0.999339	0.999818	2.025	1.912	0.14	905.829	161.283	scan	F	IBS	EUR	F	0.999299	0.999855	0.998042	NA	0.1	1.144	0.9825	513.1224	512.8225	595.7281	205.4208	9.6204	1.9968	894.2706	64.1806	548.3122	545.733	631.5954	198.855	9.4592	1.9973	858.2507	51.5759	851.3344	1.9584	0.1178	30.4023	F	2504	
HG01633	scan	0.1.0+fae1124	40.632	150	445	450	0.0866	0.9665	1.2471	0.0586	0.0397		1.9969	294.4866	755.9656	1.0032	0.9721	present	539.046	539.05	525.8	530.07	0.176	591.98	0.0543	535.64	730.75	555.78	634.87	472.34	634.24	561.46	775.7	447.13	608.35	463.65	594.31	425.3	577.55	536.67	570.52	246.261	NA	246.26	246.19	0.0666	317.37	0.0286	223.72	287.8	205.55	269.25	9.58	9.58	9.78	9.86	0.1324	9.68	0.0526	16.3449	12.3037	47.6234	68.3372	9.412	129.1578	0.2446	2.6715	0.9054	0.7691	0.5251	547.26	0.00333	0.0343	0.37405	0.00548	-0.53372	243.78	0.01662	0.0398	-0.10168	0.00939	-0.00399	9.68	0.00299	0.082	-1.33146	-1.44102	-0.87969	16	-0.27571	-0.02828	-0.15056	0.21574	0.0045	0.07928	-0.07874	0.03205	0.061	0.07185	0.04259	-0.03134	0.09033	0.07867	0.00375	-0.02845	-0.03283	-0.0176	0.03797	-0.02362	-0.03738	0.01849	-0.01129	0.02143	-0.04471	-0.04258	0.02091	0.00163	-0.05282	0.05825	-0.00867	0.0096	278.04	814712082	826662299	1000	/scratch.global/lanej/1000G/ngs_dose/1000G_highcov/crams/HG01633.cram	9ab0a0e8,a23ef9ed,7f3b4c3c	184ab16e		14	0.998047	0.998694	0.999649	0.999876	2.011	0.992	0.758	756.783	350.68	scan	M	IBS	EUR	M	0.99975	0.999915	0.998121	NA	0.02	1.1601	1.0156	557.1123	550.2622	647.6241	240.4503	9.618	1.9934	740.9611	144.9971	532.3475	528.034	608.2328	225.1944	9.5617	1.9908	730.237	130.1882	711.1251	1.0144	0.7604	35.9788	M	698	
HG01667	scan	0.1.0+fae1124	38.296	150	445	450	0.0845	0.9641	1.2698	0.0627	0.0404		1.9996	154.497	733.4159	0.993	0.9653	present	307.869	307.87	300.14	299.67	0.1751	340.63	0.0468	303.5	424.11	324.55	373.01	265.81	365.51	315.28	442.97	248.04	344.77	259.57	337.54	243.15	339.64	307.39	327.94	162.416	NA	162.42	162.2	0.0639	212.1	0.0286	148.31	193.18	138.43	183.87	9.652	9.65	9.76	9.83	0.1223	9.66	0.0503	19.0752	11.61	55.8601	79.0931	12.1355	146.5189	0.2707	3.7506	0.8327	0.8278	0.3817	312.45	0.00377	0.0389	0.34276	-0.13698	-0.31257	162.34	0.01002	0.024	-0.05413	0.01553	0.00855	9.63	0.00253	0.0693	0.65281	-1.27549	-0.65242	16	-0.28266	0.11339	0.08807	0.12375	-0.06227	0.0147	-0.01144	0.01722	-0.03621	0.11832	0.0806	-0.05931	-0.01727	-0.03535	0.11868	-0.06711	0.04726	0.05275	-0.05201	0.01167	-0.01563	-0.02644	-0.01678	0.0326	0.06192	-0.02463	-0.01386	0.00474	-0.04618	-0.00408	0.02442	0.04995	450.37	763475614	775881006	1000	/scratch.global/lanej/1000G/ngs_dose/1000G_highcov/crams/HG01667.cram	9ab0a0e8,a23ef9ed,7f3b4c3c	184ab16e		14	0.997902	0.998892	0.99966	0.999869	2.065	0.987	0.787	729.578	186.857	scan	M	IBS	EUR	M	0.999782	0.999932	0.998031	NA	-0.03	1.1938	1.0387	310.0197	308.2778	363.3376	164.6255	9.7862	1.9952	776.6483	131.4012	304.7534	304.0789	350.976	159.1442	9.7563	1.9969	750.3603	69.1732	690.2871	1.0122	0.787	33.9261	M	698	
HG01668	scan	0.1.0+fae1124	36.065	150	432	450	0.1103	0.9621	1.2581	0.0713	0.0495		2.018	101.132	609.6439	1.9449	0.0028	present	382.135	382.14	365.1	367.4	0.1787	406.32	0.0551	348.62	429.11	380.0	438.98	299.52	369.04	381.15	478.91	279.48	347.2	306.72	379.8	257.7	314.54	379.8	407.66	184.953	NA	184.95	181.77	0.0799	232.38	0.0334	167.37	208.62	168.34	213.76	9.828	9.83	9.96	9.97	0.1098	9.89	0.0657	20.7273	2.3775	48.6376	54.1155	11.5919	158.2882	0.2561	3.5393	0.7135	0.9706	0.5938	381.81	0.00301	0.0311	0.29429	-0.20137	0.09267	183.62	0.01018	0.0244	0.02824	0.02684	0.01175	9.78	0.0027	0.0741	0.60088	-0.32601	0.00472	16	0.21339	-0.09578	0.0431	-0.01897	-0.10761	0.0636	0.17046	-0.03658	0.07699	-0.06945	-0.02367	0.13285	-0.04955	-0.11441	0.04978	-0.07962	0.02317	-0.02523	0.08699	0.06656	-0.0308	-0.06438	-0.11264	-0.08041	-0.12645	-0.0079	-0.02127	-0.05028	0.01924	0.04755	0.04521	0.07569	342.34	733600458	744393172	1000	/scratch.global/lanej/1000G/ngs_dose/1000G_highcov/crams/HG01668.cram	9ab0a0e8,a23ef9ed,7f3b4c3c	184ab16e		14	0.997672	0.998693	0.999457	0.999873	2.074	1.888	0.134	600.262	121.591	scan	F	IBS	EUR	F	0.999437	0.999913	0.997863	NA	0.12	1.1497	0.9953	388.3858	388.4435	443.6579	185.8835	9.7986	2.0178	707.4605	111.0414	431.7792	431.0728	497.1595	158.8033	9.5494	2.0141	619.1033	59.1577	572.4495	1.924	0.1128	31.1944	F	2504	
HG01669	scan	0.1.0+fae1124	36.035	150	439	450	0.1051	0.9676	1.2363	0.077	0.0645		1.9988	42.0981	645.0139	0.9989	0.968	present	306.003	306.0	288.36	290.05	0.2224	314.19	0.051	286.8	323.8	298.1	339.68	230.35	263.28	271.75	315.08	223.87	257.22	232.85	277.36	195.26	218.32	299.95	319.79	231.283	NA	231.28	227.09	0.1066	281.91	0.0298	218.64	264.08	210.85	258.64	9.957	9.96	10.05	10.06	0.1201	9.99	0.0618	20.4056	11.2359	50.5394	82.3457	11.1998	147.2151	0.2399	3.3019	0.7633	0.8422	0.2773	304.67	0.00277	0.0286	0.38021	0.66386	-0.14204	231.01	0.02112	0.0505	0.10738	-0.01836	-0.02074	9.91	0.00279	0.0766	0.50779	-0.42581	-0.50751	16	0.44518	0.08515	0.10454	0.19395	-0.00222	0.06548	0.15508	-0.13685	-0.0168	-0.0181	0.07743	0.01407	0.03099	-0.20894	0.02879	0.08448	-0.09516	0.05883	-0.00361	0.14153	0.06485	0.00129	0.06934	0.02146	0.10431	0.0417	-0.01057	-0.06694	0.08002	0.09643	0.04015	0.12176	203.78	722380988	735261911	1000	/scratch.global/lanej/1000G/ngs_dose/1000G_highcov/crams/HG01669.cram	9ab0a0e8,a23ef9ed,7f3b4c3c	184ab16e		14	0.997504	0.998235	0.999431	0.999829	2.077	0.98	0.782	621.508	48.812	scan	M	IBS	EUR	M	0.999565	0.999823	0.99769	NA	0.25	1.1149	0.9784	328.8848	328.131	370.7885	226.6591	9.8627	1.9976	803.0148	68.4087	337.376	332.3548	383.6777	195.35	9.9697	1.9957	881.5635	31.2887	585.2548	0.9934	0.7752	31.4246	M	2504	
HG01670	scan	0.1.0+fae1124	35.279	150	430	450	0.1054	0.9609	1.2376	0.0608	0.0445		1.9985	31.9893	901.4042	1.9296	0.003	present	380.267	380.27	359.1	360.23	0.2037	393.91	0.0513	355.86	411.04	367.27	421.55	285.01	330.79	318.27	378.92	275.8	323.14	287.57	346.88	243.95	278.07	374.66	400.7	147.088	NA	147.09	145.18	0.0949	181.35	0.0324	134.21	164.97	127.08	157.53	9.877	9.88	10.0	10.01	0.1173	9.94	0.0583	15.3322	1.2357	40.2266	60.5959	12.5355	140.849	0.2129	3.0059	0.6053	0.8532	0.2859	379.39	0.00279	0.0288	0.31564	0.42804	0.05415	146.48	0.01104	0.0264	0.04685	-0.02256	0.00092	9.86	0.00286	0.0786	0.00484	-0.10035	-1.10516	16	-0.13862	0.07955	-0.11221	0.30092	-0.0445	-0.32639	0.05476	-0.18062	0.07135	0.03343	0.00867	0.02972	-0.07497	0.03551	0.0452	0.02225	0.00024	-0.0474	-0.04279	-0.0729	-0.0038	-0.04219	0.06391	-0.04046	0.0086	-0.0019	0.05688	-0.01503	-0.00085	0.12821	0.06149	0.0565	343.28	714252442	724667375	1000	/scratch.global/lanej/1000G/ngs_dose/1000G_highcov/crams/HG01670.cram	9ab0a0e8,a23ef9ed,7f3b4c3c	184ab16e		14	0.997582	0.998719	0.999457	0.999854	2.016	1.878	0.135	897.434	35.042	scan	F	IBS	EUR	F	0.999542	0.999932	0.997671	NA	0.2	1.1111	0.9681	398.8726	397.5739	444.7014	144.6859	9.5886	1.9987	894.8144	18.7753	423.101	418.1084	476.5082	143.2677	9.5301	2.0008	806.0117	10.9175	836.1154	1.9168	0.1136	30.6224	F	2504	
HG01671	scan	0.1.0+fae1124	39.6	150	446	450	0.0948	0.9725	1.2345	0.0555	0.0415		2.0009	218.0001	869.1013	0.9969	0.9696	present	370.073	370.07	363.12	364.04	0.1657	401.71	0.051	379.41	492.66	377.02	424.97	324.38	414.86	375.86	489.2	311.3	401.67	315.07	391.39	287.97	375.31	370.34	390.42	173.375	NA	173.37	174.02	0.0706	217.57	0.026	159.56	200.31	145.22	184.78	10.443	10.44	10.59	10.61	0.1131	10.5	0.0544	17.1768	12.278	44.2867	89.0122	10.6725	142.1122	0.2416	2.368	0.5969	0.9218	0.3613	377.37	0.00531	0.0548	0.47321	-0.09475	-0.45794	173.65	0.01647	0.0394	-0.06563	-0.02295	0.02965	10.44	0.00262	0.072	0.27029	-1.00757	-0.06845	16	-0.34971	0.01453	-0.08923	0.43635	0.01035	-0.13896	-0.00927	-0.05162	0.06677	0.17253	0.09689	-0.00014	0.03328	0.06914	0.01307	-0.03271	0.09561	0.00209	0.04048	0.06471	0.01249	-0.11114	0.05742	0.09679	-0.02324	-0.05913	0.03124	0.03727	0.01706	0.08862	-0.03502	0.03655	324.71	794234864	807124832	1000	/scratch.global/lanej/1000G/ngs_dose/1000G_highcov/crams/HG01671.cram	9ab0a0e8,a23ef9ed,7f3b4c3c	184ab16e		14	0.998289	0.998804	0.999645	0.999938	2.002	0.992	0.836	859.963	253.662	scan	M	IBS	EUR	M	0.999822	0.999937	0.998276	NA	0.78	1.1261	0.9991	389.5241	382.2549	437.0763	168.9376	10.2438	1.994	819.3037	79.4621	367.7432	364.242	415.9342	163.6515	10.1836	1.9948	799.7673	81.8266	800.6686	1.0132	0.8362	34.7984	M	698	DJ +0.78 copies
HG01672	scan	0.1.0+fae1124	36.442	150	432	450	0.098	0.9692	1.2097	0.0618	0.0396		2.0033	77.4191	799.5308	0.9923	0.9701	present	324.268	324.27	311.47	313.37	0.1951	337.85	0.0467	292.97	342.99	317.77	355.25	225.4	264.64	292.41	348.44	226.12	267.07	247.08	293.21	194.07	225.54	328.5	346.33	187.374	NA	187.37	184.98	0.0954	225.77	0.0249	186.11	223.26	167.25	202.81	10.353	10.35	10.38	10.37	0.1182	10.31	0.0589	20.7261	12.9942	57.4137	82.7078	8.8228	136.9327	0.2456	3.1044	0.5984	0.8991	0.3146	324.38	0.00519	0.0535	0.34508	0.04849	0.41377	186.73	0.01308	0.0313	0.07832	0.00237	-0.02468	10.2	0.00319	0.0875	1.21026	-0.79695	0.59297	16	-0.37754	0.0653	0.06897	0.10948	0.06719	0.04934	-0.09737	-0.07822	-0.01702	0.06784	0.03091	-0.02472	0.00725	0.14625	0.06291	0.07216	-0.12837	-0.07238	0.07484	0.01141	-0.07603	-0.10888	0.0491	-0.04276	0.00124	0.01472	0.05226	0.04638	-0.01574	0.01142	0.09126	-0.02301	263.14	727342134	740174712	1000	/scratch.global/lanej/1000G/ngs_dose/1000G_highcov/crams/HG01672.cram	9ab0a0e8,a23ef9ed,7f3b4c3c	184ab16e		14	0.99787	0.998354	0.999457	0.999886	2.027	0.986	0.841	788.872	86.874	scan	M	IBS	EUR	M	0.999707	0.999915	0.997972	NA	0.54	1.0952	0.9796	331.3452	331.5646	365.5725	184.3277	10.2513	1.9998	755.1686	53.6585	336.7324	335.0106	374.1539	190.6833	10.3354	2.0015	786.1557	86.8693	741.0802	1.0054	0.839	31.8506	M	2504	
HG01676	scan	0.1.0+fae1124	36.643	150	433	450	0.1179	0.9615	1.2785	0.0742	0.0437		2.0029	15.737	740.7728	1.9505	0.0023	present	436.828	436.83	418.16	422.34	0.2146	467.99	0.0599	418.2	523.57	433.87	502.62	338.94	420.63	434.72	554.97	327.51	411.3	348.79	438.63	287.79	358.59	433.24	466.17	268.135	NA	268.14	267.9	0.0863	344.22	0.0372	250.96	322.73	230.48	298.99	9.803	9.8	9.77	9.73	0.1249	9.69	0.0684	15.6845	2.0351	44.4878	57.1047	8.234	133.221	0.2428	3.0843	0.4612	0.7557	0.2222	437.03	0.0029	0.0299	0.65462	0.45192	-0.46495	264.91	0.0061	0.0146	0.00285	-0.01711	0.00133	9.54	0.00297	0.0814	2.13485	0.17497	-0.13357	16	-0.05227	-0.06018	-0.07512	-0.03838	-0.11188	0.11279	0.08678	0.01875	0.07021	-0.02626	0.06035	0.0385	-0.0649	-0.00965	-0.08876	-0.02571	-0.0702	0.04388	0.01549	-0.05016	-0.01939	0.07924	-0.08174	-0.01347	0.06971	-0.05244	0.04094	-0.10721	-0.00609	0.02266	-0.0419	0.06739	417.03	736983784	748206039	1000	/scratch.global/lanej/1000G/ngs_dose/1000G_highcov/crams/HG01676.cram	9ab0a0e8,a23ef9ed,7f3b4c3c	184ab16e		14	0.997621	0.998053	0.999361	0.99981	2.034	1.879	0.134	729.712	18.101	scan	F	IBS	EUR	F	0.999357	0.999836	0.997348	NA	-0.12	1.1501	0.9928	448.5659	448.2848	518.9588	256.6759	9.561	2.0024	731.6218	14.5873	470.0579	469.4103	540.0095	263.7704	9.4325	2.004	677.8212	10.7713	691.5131	1.929	0.1128	31.1887	F	2504	
HG01677	scan	0.1.0+fae1124	38.333	150	448	450	0.0791	0.9646	1.2692	0.0619	0.0441		1.9944	66.328	604.4547	1.9385	0.0013	present	424.609	424.61	415.12	421.96	0.1913	470.63	0.0472	429.72	587.12	445.5	513.73	372.76	501.32	466.29	645.35	352.81	480.75	368.65	477.06	341.65	464.85	421.57	451.64	249.887	NA	249.89	249.32	0.0637	326.1	0.027	236.9	308.98	210.67	279.24	9.749	9.75	9.78	9.78	0.1049	9.69	0.0477	14.7737	2.0089	44.1205	58.5184	9.0149	136.3733	0.2375	3.4599	0.5537	0.8697	0.3928	431.47	0.00489	0.0504	0.61779	0.17053	-0.73935	250.77	0.00753	0.018	-0.10026	-0.00089	0.00137	9.59	0.00265	0.0728	1.18528	0.13836	0.05495	16	-0.04444	0.08629	0.16997	0.0458	0.00887	-0.02024	-0.06034	0.02225	-0.01707	-0.0211	0.04281	-0.09012	0.03035	-0.08856	0.10568	-0.07608	0.01162	-0.10051	0.06859	0.04862	-0.05796	-0.00108	0.02105	0.09081	0.05262	-0.1273	-0.04367	-0.07837	-0.0007	0.09963	0.01553	0.02211	317.39	770898580	782071004	1000	/scratch.global/lanej/1000G/ngs_dose/1000G_highcov/crams/HG01677.cram	9ab0a0e8,a23ef9ed,7f3b4c3c	184ab16e		14	0.998088	0.999283	0.999647	0.999872	2.036	1.873	0.132	601.308	80.631	scan	F	IBS	EUR	F	0.99983	0.999976	0.997846	NA	-0.07	1.1907	1.0325	421.7412	418.72	492.2786	259.7067	9.769	1.994	645.8927	92.2597	434.213	432.709	499.1221	239.0464	9.675	1.9945	688.6848	64.2648	575.4016	1.924	0.1114	34.1147	F	698	
HG01679	scan	0.1.0+fae1124	36.179	150	438	450	0.1114	0.9631	1.2581	0.0762	0.0599		1.9981	16.0905	555.4524	1.9053	0.0026	present	331.475	331.48	317.26	317.14	0.1841	354.08	0.0558	294.21	365.56	328.5	380.64	249.98	309.45	314.24	396.41	240.23	299.77	258.68	321.57	223.7	276.68	333.0	358.0	161.9	NA	161.9	161.52	0.0862	204.36	0.0287	147.64	186.07	143.16	182.24	9.367	9.37	9.51	9.52	0.1219	9.45	0.0634	16.2937	2.2812	61.924	61.152	10.2515	136.3821	0.228	2.8738	0.637	0.8641	0.2634	331.66	0.00359	0.037	0.31534	-0.03603	0.14016	161.61	0.00699	0.0167	0.03269	-0.00264	0.01787	9.36	0.0031	0.0851	0.85785	-0.88968	0.20207	16	0.28562	0.1206	0.16417	0.37379	-0.04849	-0.07374	0.12062	-0.10811	-0.03676	-0.05814	-0.01246	0.04935	0.07947	-0.17155	-0.02123	-0.07533	-0.09538	-0.0133	-0.05831	0.00183	0.07678	-0.06114	0.0908	-0.05009	-0.00814	0.03897	0.00479	-0.08046	-0.01934	-0.00822	0.00205	0.02012	346.51	729447596	740757849	1000	/scratch.global/lanej/1000G/ngs_dose/1000G_highcov/crams/HG01679.cram	9ab0a0e8,a23ef9ed,7f3b4c3c	184ab16e		14	0.997774	0.998064	0.999357	0.99991	2.057	1.85	0.142	545.89	18.772	scan	F	IBS	EUR	F	0.999255	0.999907	0.997651	NA	-0.3	1.1477	0.9905	349.1032	348.0255	399.4576	163.0048	9.3646	1.9962	626.1734	17.4539	340.6843	337.7705	388.7191	159.6799	9.4335	1.9981	675.9711	27.9921	525.233	1.893	0.119	31.1145	F	2504	
HG01681	scan	0.1.0+fae1124	40.929	150	444	450	0.0878	0.9692	1.237	0.0632	0.0399		2.0004	449.7289	739.072	1.9081	0.0019	present	320.881	320.88	315.87	318.43	0.2032	352.11	0.0496	314.04	422.59	338.9	381.03	282.72	372.26	350.61	470.43	263.27	350.02	280.21	352.17	251.1	339.66	323.0	341.1	188.799	NA	188.8	189.3	0.0627	238.77	0.0254	179.4	227.96	162.87	208.92	9.613	9.61	9.69	9.69	0.1087	9.59	0.05	13.839	1.8078	60.6764	73.1358	11.0219	149.238	0.244	2.909	0.5568	0.8718	0.2692	329.68	0.00427	0.044	0.39081	0.17364	-0.67217	186.78	0.01368	0.0327	-0.0594	0.03016	0.01185	9.52	0.00266	0.0729	0.84113	-0.14316	-0.19659	16	-0.24178	-0.11582	-0.21773	0.02293	-0.11096	0.10435	0.13014	0.0404	0.08378	-0.0003	0.083	-0.04859	0.11435	-0.05458	0.03725	-0.07869	-0.04308	0.05952	0.10651	0.00456	0.10392	-0.06588	0.03356	-0.02462	-0.00095	0.01375	0.04349	-0.10446	0.00451	0.01483	0.06268	-0.05543	346.46	838328344	852036259	1000	/scratch.global/lanej/1000G/ngs_dose/1000G_highcov/crams/HG01681.cram	9ab0a0e8,a23ef9ed,7f3b4c3c	184ab16e		14	0.998149	0.998227	0.99968	0.99985	2.058	1.845	0.156	727.309	531.789	scan	F	IBS	EUR	F	0.999741	0.999857	0.998024	NA	-0.14	1.1558	1.028	349.1467	342.0509	400.6441	184.9477	9.552	1.9974	780.0821	426.8087	329.147	324.9406	373.6579	180.9573	9.5266	1.9979	791.3879	280.3039	683.2369	1.89	0.1304	36.1898	F	698	
HG01684	scan	0.1.0+fae1124	35.245	150	429	450	0.1012	0.9629	1.2493	0.0711	0.0406		2.0086	318.4818	682.0052	1.9854	0.0027	present	348.391	348.39	337.5	338.95	0.1794	373.7	0.0518	320.2	389.29	340.0	390.69	272.06	328.94	332.98	412.31	265.91	324.7	275.98	338.93	236.27	285.77	353.12	377.97	211.906	NA	211.91	207.48	0.0801	265.03	0.0289	191.02	239.01	193.67	244.31	10.53	10.53	10.62	10.63	0.1173	10.55	0.0592	19.2878	1.9957	39.8397	58.465	9.5154	134.9162	0.2564	2.5583	0.5829	0.9346	1.0043	346.05	0.00275	0.0284	0.79532	-0.36413	0.07897	208.43	0.00826	0.0198	0.0332	0.04639	-0.01396	10.48	0.00302	0.0827	1.02805	-0.97058	0.28027	16	-0.1726	-0.10358	-0.18596	0.09259	-0.00714	-0.01225	-0.08338	0.0336	-0.01074	0.00408	-0.08745	0.08385	0.01852	0.01871	-0.0446	-0.04822	0.01302	-0.09429	-0.08112	-0.06976	0.0348	0.02919	-0.03792	0.01798	0.05498	-0.08285	-0.00354	0.01274	-0.0468	0.08141	0.1091	-0.06915	226.87	719966086	731069927	1000	/scratch.global/lanej/1000G/ngs_dose/1000G_highcov/crams/HG01684.cram	9ab0a0e8,a23ef9ed,7f3b4c3c	184ab16e		14	0.998052	0.999168	0.999311	0.999857	1.972	1.927	0.14	668.429	378.923	scan	F	IBS	EUR	F	0.999219	0.999924	0.998006	NA	0.82	1.129	0.9825	333.5564	334.9976	380.2224	211.0636	10.3654	2.0077	673.1834	198.9163	337.0833	338.7056	389.3835	213.494	10.2748	2.0083	672.9221	185.0099	634.0498	1.971	0.1176	30.6346	F	2504	DJ +0.82 copies
HG01685	scan	0.1.0+fae1124	34.398	150	430	450	0.0997	0.9543	1.2737	0.0684	0.051		2.0008	51.3068	719.5734	1.9422	0.0021	present	421.306	421.31	407.44	413.45	0.1849	462.84	0.0517	401.54	517.77	420.0	496.14	329.53	424.2	420.02	552.07	316.97	411.77	340.85	436.22	287.15	367.96	423.18	460.25	245.467	NA	245.47	244.12	0.0952	318.8	0.0344	231.19	298.62	215.43	282.85	9.809	9.81	9.85	9.81	0.1177	9.78	0.0612	14.4937	2.3195	43.9754	76.2744	11.5729	141.5853	0.2334	3.341	0.6907	0.8101	0.2304	424.51	0.00259	0.0267	0.38961	-0.00272	-0.11357	241.34	0.0076	0.0182	0.04235	-0.02601	0.00544	9.59	0.00302	0.0829	1.71458	0.0818	-0.08898	16	0.23196	-0.03265	-0.01147	0.0136	-0.13241	0.09998	0.23868	-0.03768	-0.02452	-0.01783	-0.05851	0.04537	-0.02518	-0.00626	-0.0427	-0.01947	0.02991	-0.01616	0.06718	-0.02233	-0.03656	0.08587	-0.08511	0.02874	-0.05906	0.0395	0.04484	-0.01882	0.07142	-0.13018	0.05332	-0.03818	217.55	696065986	708714060	1000	/scratch.global/lanej/1000G/ngs_dose/1000G_highcov/crams/HG01685.cram	9ab0a0e8,a23ef9ed,7f3b4c3c	184ab16e		14	0.997763	0.998316	0.999413	0.999903	2.019	1.857	0.167	706.19	62.734	scan	F	IBS	EUR	F	0.999276	0.999963	0.997961	NA	-0.07	1.1687	0.9894	447.262	442.2488	525.7514	234.9589	9.5888	1.9985	766.5903	43.6461	475.073	469.6772	539.3856	249.6723	9.6597	2.0012	729.2745	58.7512	670.2041	1.8992	0.1382	29.9721	F	2504	
