sample	level	core_level	core_level_pinned	b0	b20	b40	b60	b80	b100	b120	b140	b160	b180	b200	b220	b240	b260	b280	b300	b320	b340	b360	b380
HG00096	9.7277	9.7028	9.9812	10.148	10.065	10.221	9.998	10.153	10.136	10.008	9.971	10.208	9.739	10.073	10.027	9.902	9.94	9.978	10.033	9.828	10.111	9.996	9.956
HG00097	9.6579	9.6815	9.9593	9.57	9.972	9.931	9.851	10.131	9.765	9.763	10.055	9.692	9.779	9.63	10.182	10.078	9.757	9.901	9.98	9.927	10.159	10.254	10.02
HG00099	9.4589	9.5021	9.7748	7.65	10.005	9.924	9.881	9.709	9.823	10.048	9.554	9.806	9.758	9.517	9.42	9.958	9.998	9.882	10.021	9.621	9.764	9.888	9.518
HG00100	9.6493	9.6727	9.9502	10.402	10.116	9.912	9.956	9.994	10.102	10.225	9.855	10.072	10.139	10.26	10.11	9.849	9.875	10.002	9.626	9.774	9.648	9.661	9.763
HG00101	9.5715	9.5829	9.8578	10.04	9.856	9.524	9.952	9.862	9.84	9.732	9.885	9.821	9.657	8.524	9.892	9.892	9.932	9.925	10.015	9.731	10.018	9.784	9.955
HG00102	9.5658	9.583	9.8579	8.536	10.187	9.982	9.84	10.207	9.748	9.603	9.879	9.757	9.819	9.737	9.972	10.078	9.868	9.911	9.851	10.025	9.972	9.671	9.686
HG00103	9.7219	9.7158	9.9946	10.374	10.153	10.113	9.976	9.975	9.994	10.257	9.969	10.197	9.955	9.953	10.227	9.838	9.916	9.971	10.024	10.04	9.875	9.802	9.826
HG00105	9.655	9.6154	9.8913	10.49	10.201	9.878	10.278	9.654	10.056	9.896	9.722	10.011	9.81	9.824	9.778	9.741	10.326	9.7	9.86	9.801	10.113	9.576	9.815
HG00106	9.6816	9.704	9.9824	9.442	9.993	9.899	9.971	10.241	10.178	10.168	9.925	10.13	10.263	10.195	9.865	9.703	10.072	10.016	10.032	9.975	9.835	9.868	9.716
HG00107	9.5757	9.5882	9.8633	10.737	10.311	9.901	9.991	10.144	9.958	10.055	10.073	10.107	9.766	8.725	9.702	9.977	9.777	10.0	9.704	9.835	9.785	9.727	9.547
HG00108	9.7392	9.6504	9.9273	11.643	9.726	10.444	10.037	9.748	10.306	9.92	9.755	10.212	10.013	10.374	10.159	9.806	9.98	9.879	9.807	9.754	9.936	9.897	9.78
HG00109	9.4938	9.5431	9.8169	9.536	9.975	9.798	9.732	9.678	10.041	10.159	9.838	9.944	9.661	8.447	9.761	9.853	9.909	9.978	9.661	9.896	9.581	9.56	9.729
HG00110	9.6128	9.6953	9.9735	9.703	9.841	10.138	10.111	10.26	9.888	10.048	10.149	9.944	9.881	6.746	9.852	9.767	9.961	10.022	9.868	9.748	9.635	9.911	9.736
HG00111	9.8331	9.8426	10.125	9.786	10.018	9.952	10.164	10.277	10.108	10.322	10.167	10.517	10.142	10.242	9.909	10.128	10.044	9.982	10.214	10.139	9.986	10.133	10.0
HG00112	9.554	9.5204	9.7936	10.264	9.401	9.86	9.723	9.846	9.678	9.668	9.915	9.95	9.797	10.456	9.693	9.85	9.924	9.712	9.861	9.975	9.809	9.768	9.602
HG00113	9.6521	9.6458	9.9226	10.479	9.935	10.09	10.192	9.629	9.864	10.121	9.923	10.067	9.768	9.989	9.947	9.868	9.848	9.855	10.231	9.832	10.101	9.773	9.559
HG00114	9.5402	9.5432	9.817	9.471	9.729	9.919	9.695	9.81	10.017	9.71	9.572	9.936	9.917	10.486	9.905	9.779	9.741	9.825	9.743	9.741	9.844	9.761	9.767
HG00115	9.6438	9.648	9.9248	10.24	9.93	10.42	9.983	9.82	9.921	9.946	9.889	10.083	10.02	9.514	9.99	9.765	9.873	9.845	10.087	9.884	9.984	9.892	9.712
HG00116	9.3984	9.4637	9.7353	8.713	9.784	9.965	9.91	10.022	9.73	9.926	9.641	9.824	9.714	9.268	9.65	9.845	9.732	9.558	9.696	9.644	9.791	9.385	9.594
HG00117	9.6882	9.6695	9.947	10.214	10.171	10.21	9.996	9.96	10.084	10.092	9.709	10.106	10.025	10.306	9.958	9.783	10.032	10.011	9.888	9.972	9.717	9.825	9.842
HG00118	9.7777	9.7094	9.988	9.637	9.92	10.072	10.103	10.132	10.33	10.256	9.922	10.046	9.98	10.415	9.753	9.695	10.111	9.937	10.155	10.086	10.053	10.091	10.103
HG00119	9.667	9.7243	10.0034	7.57	9.838	10.181	10.083	9.951	10.116	9.965	10.156	10.186	9.894	9.64	9.941	9.912	10.097	10.128	10.031	10.102	9.809	9.857	10.073
HG00120	9.5801	9.502	9.7746	10.52	10.053	9.911	9.662	9.963	9.904	9.862	9.575	9.87	9.711	10.291	10.107	9.695	9.75	9.668	9.841	9.576	9.864	9.649	9.823
HG00121	9.8273	9.822	10.1038	9.618	9.832	10.363	10.137	10.326	10.139	9.828	9.785	10.208	10.051	10.721	10.253	10.13	10.275	9.998	9.908	10.093	10.151	10.284	10.22
HG00122	9.7181	9.734	10.0133	10.239	10.021	10.266	10.08	10.129	10.116	9.911	10.005	9.737	9.967	7.619	10.037	9.737	10.054	9.899	10.084	10.083	9.819	10.097	9.989
HG00123	9.5991	9.5657	9.8402	10.587	9.905	9.767	9.587	9.721	10.064	9.804	9.986	9.937	9.738	8.686	9.69	9.931	10.338	9.932	9.862	9.992	9.527	9.759	9.979
HG00125	9.6703	9.6665	9.9439	9.427	9.745	9.93	10.169	9.691	9.68	9.497	9.676	10.134	10.088	10.319	9.606	10.147	9.993	9.994	10.282	10.16	10.063	10.138	9.799
HG00126	9.7933	9.7808	10.0615	10.284	9.834	9.889	10.087	9.803	10.046	10.142	10.036	10.01	10.054	10.254	10.092	10.07	10.0	10.271	10.09	10.164	10.021	10.09	9.997
HG00127	10.1978	10.3486	10.6455	11.321	10.843	10.953	11.006	10.711	10.672	10.883	10.652	10.968	10.721	9.688	10.551	10.798	10.674	10.758	10.507	9.726	9.538	9.573	9.475
HG00128	9.9743	9.9813	10.2677	8.406	9.664	10.202	10.318	10.303	10.328	10.61	10.254	10.122	10.301	10.238	10.585	9.993	10.29	10.154	10.387	10.106	10.378	10.309	10.677
HG00129	9.3346	9.3536	9.622	8.782	10.012	9.85	9.842	9.807	9.801	9.632	10.033	9.461	9.615	9.936	9.57	9.632	9.637	9.453	9.744	9.572	9.441	9.407	9.174
HG00130	9.6717	9.6018	9.8773	10.703	10.042	10.124	10.16	9.825	10.156	9.969	9.828	9.826	9.977	10.389	9.567	9.935	9.654	9.823	9.951	9.973	9.858	9.757	9.802
HG00131	10.1993	10.3817	10.6796	11.124	11.262	11.018	10.746	10.893	10.77	10.737	10.736	10.724	11.07	9.541	10.855	10.787	10.823	10.458	10.505	9.702	9.724	9.742	9.619
HG00132	9.5713	9.5513	9.8254	10.743	10.121	10.063	10.014	9.872	9.908	10.07	10.096	10.053	9.916	10.309	9.761	10.196	9.676	9.877	9.711	9.65	9.497	9.431	9.359
HG00133	9.552	9.5355	9.8091	10.099	10.291	10.177	9.85	9.768	9.88	10.041	9.583	9.528	9.812	10.407	9.897	9.692	9.852	9.767	9.832	9.782	9.703	9.77	9.671
HG00136	9.5278	9.5348	9.8084	10.602	10.261	10.194	9.893	9.883	9.833	9.804	9.878	9.96	9.934	10.132	9.968	9.87	9.871	9.587	9.554	9.883	9.665	9.4	9.225
HG00137	9.8525	9.7848	10.0656	10.576	9.972	10.13	10.234	10.094	10.205	10.032	10.197	10.421	10.109	10.489	9.441	9.938	9.948	9.906	10.305	10.237	10.127	10.163	10.109
HG00138	8.6978	8.6718	8.9207	9.551	8.981	8.723	9.075	9.095	9.104	9.002	9.201	9.223	8.895	9.474	9.114	8.924	8.797	8.917	8.616	8.804	8.616	8.79	8.713
HG00139	9.6376	9.6489	9.9258	9.099	10.365	9.937	10.014	10.142	10.124	9.915	10.161	9.961	9.871	10.165	9.944	9.801	9.794	9.887	9.847	10.007	9.925	9.844	10.013
HG00140	9.8469	9.8251	10.107	10.542	10.492	10.232	10.252	10.339	10.17	9.665	10.149	10.222	9.783	10.498	9.965	10.214	10.091	9.948	9.896	10.264	10.117	10.08	9.861
HG00141	9.591	9.5835	9.8584	9.885	9.9	9.987	9.866	9.94	10.005	9.801	10.01	9.815	10.17	10.341	9.841	9.641	10.01	9.787	9.772	9.561	9.859	9.788	9.783
HG00142	10.3648	10.3013	10.5969	11.506	10.879	10.602	10.847	10.664	10.764	10.72	10.484	10.652	10.543	10.274	10.411	10.415	10.704	10.39	10.609	10.756	10.473	10.651	10.514
HG00143	9.7336	9.7027	9.9811	10.745	9.96	10.151	10.214	10.31	10.303	9.638	9.893	9.933	9.935	10.412	9.717	9.997	9.724	10.16	9.712	9.988	10.019	9.875	9.947
HG00145	9.6702	9.6872	9.9652	9.621	10.086	10.182	9.859	10.12	9.887	10.124	9.831	10.176	9.564	10.323	10.146	9.819	10.007	9.856	9.877	9.865	9.812	10.191	10.127
HG00146	10.2421	10.3753	10.673	11.733	10.957	11.0	10.893	10.444	10.726	10.642	10.825	10.762	10.879	9.266	10.603	10.784	10.618	10.77	10.715	9.961	9.913	9.889	9.971
HG00148	9.5643	9.5348	9.8084	11.083	9.902	10.153	9.832	9.901	9.822	10.019	9.96	10.306	9.768	9.391	9.753	9.933	9.862	9.725	9.837	9.676	9.792	9.691	9.557
HG00149	9.6873	9.6599	9.937	9.807	10.297	10.194	9.917	10.029	10.146	9.458	9.933	10.136	10.004	10.446	9.802	10.092	9.764	9.848	9.933	10.0	9.968	9.929	9.661
HG00150	9.5969	9.5755	9.8503	10.955	9.828	9.444	9.52	9.687	9.697	9.805	9.935	9.911	9.699	9.405	9.579	9.84	9.879	9.979	9.937	10.227	10.109	9.884	9.83
HG00151	10.0168	10.0339	10.3218	10.484	9.93	10.118	10.197	9.995	9.988	10.283	10.13	10.199	10.141	10.785	10.402	10.172	10.275	10.328	10.304	10.434	10.563	10.606	10.373
HG00154	9.9521	9.9276	10.2125	10.222	9.689	10.178	9.97	10.068	9.841	10.185	10.085	10.3	10.245	10.031	10.379	10.24	10.17	10.092	10.721	10.658	10.336	10.604	10.508
HG00155	9.6573	9.6271	9.9033	11.016	10.314	9.893	10.108	9.645	9.775	9.953	10.153	10.223	9.899	9.762	9.99	9.914	9.877	9.931	9.839	9.866	9.763	9.905	9.587
HG00157	9.7686	9.8511	10.1338	8.843	9.456	10.077	10.129	10.059	9.626	10.088	10.076	10.152	10.316	10.573	10.101	10.07	9.791	10.34	10.021	10.435	10.04	10.077	10.377
HG00158	9.6689	9.6777	9.9554	9.426	9.161	9.702	9.818	9.641	10.114	9.989	9.838	10.425	9.816	10.564	10.103	9.889	10.198	10.064	10.08	9.943	10.043	10.11	10.053
HG00159	9.7479	9.6761	9.9537	10.782	10.342	10.365	10.002	9.725	9.925	10.101	9.884	9.933	9.941	10.454	9.864	9.865	9.833	9.947	10.151	9.933	9.834	10.046	9.976
HG00160	9.6795	9.7083	9.9869	9.407	10.083	9.965	9.807	10.053	9.843	9.835	9.97	10.04	10.064	10.437	9.823	9.883	10.08	9.848	9.907	10.166	9.982	10.017	9.954
HG00171	10.1206	10.2186	10.5118	10.51	10.475	10.447	10.546	10.837	10.653	10.82	10.617	10.847	10.599	10.326	10.342	10.344	10.952	10.843	10.689	9.665	9.737	9.675	9.728
HG00173	9.5356	9.518	9.7911	10.788	10.123	10.106	10.023	10.022	9.849	9.771	10.019	9.983	9.736	8.337	9.319	9.401	9.86	9.748	9.628	9.583	9.808	10.262	9.573
HG00174	9.8033	9.7579	10.0379	11.488	10.152	10.356	9.753	10.175	10.138	9.869	9.796	10.104	9.978	10.518	10.06	9.946	9.99	10.026	10.092	9.976	9.997	10.136	10.313
HG00176	9.7902	9.8091	10.0906	8.478	10.021	9.939	10.117	9.79	10.073	10.133	10.151	10.286	10.008	10.749	9.941	10.021	10.167	10.15	10.01	9.916	10.102	10.218	10.229
HG00177	9.4423	9.446	9.7171	9.75	9.821	10.055	10.194	9.797	9.906	9.92	9.693	9.779	9.805	10.226	9.724	9.799	9.822	9.508	9.567	9.63	9.388	9.512	9.051
HG00178	9.5793	9.5701	9.8447	10.525	10.229	9.825	9.809	9.892	10.117	9.802	9.941	9.873	9.806	9.733	9.565	9.881	9.987	9.674	9.785	9.798	9.879	9.796	9.553
HG00179	9.7533	9.6802	9.958	10.291	9.884	10.127	9.749	9.647	9.6	10.045	9.893	10.055	10.01	10.304	9.679	9.876	9.917	10.134	10.164	10.143	10.327	10.2	10.227
HG00180	9.5187	9.5544	9.8285	8.6	10.232	9.923	9.968	9.823	10.163	9.83	9.759	9.966	9.899	10.193	9.827	9.632	9.892	10.079	9.652	9.702	9.544	9.748	9.678
HG00181	9.4277	9.4417	9.7126	10.371	9.908	10.287	9.743	9.941	9.447	9.626	9.802	10.115	9.784	8.714	9.709	9.814	9.533	9.598	9.686	9.894	9.571	9.607	9.319
HG00182	9.6493	9.6608	9.938	10.56	10.113	10.118	10.012	9.813	9.53	9.94	9.886	9.91	10.044	10.384	9.658	9.801	9.933	9.538	10.004	10.073	9.987	9.888	9.829
HG00183	9.8265	9.8115	10.0931	10.369	10.108	9.78	9.87	9.827	9.7	9.571	9.736	10.045	9.982	10.599	10.14	10.156	10.342	10.05	10.022	10.479	10.507	10.292	10.257
HG00185	9.5705	9.6184	9.8944	8.941	10.019	9.807	9.931	9.877	9.983	9.956	9.869	9.861	9.954	10.369	9.815	9.776	9.778	10.008	9.758	9.965	9.918	9.82	9.88
HG00186	9.558	9.546	9.8199	9.632	10.2	9.793	9.905	10.202	9.891	9.656	9.733	9.933	9.871	9.427	9.623	9.702	10.068	10.038	9.945	9.825	9.957	9.794	9.409
HG00187	9.3898	9.4016	9.6714	9.604	9.922	9.838	9.929	10.099	10.019	9.867	9.739	9.74	9.794	10.047	9.493	9.411	9.895	9.659	9.526	9.685	9.382	9.338	9.413
HG00188	9.5899	9.5431	9.8169	10.671	9.891	10.025	9.617	10.061	9.844	10.037	9.996	9.861	9.822	10.101	9.965	9.743	9.767	9.762	9.777	9.764	9.351	10.231	9.609
HG00189	9.7206	9.6904	9.9684	10.402	9.561	9.768	9.902	9.941	10.083	10.048	9.825	10.254	10.097	10.666	9.661	9.843	9.785	10.142	9.874	10.058	10.406	10.12	9.851
HG00190	10.0048	10.1738	10.4657	10.508	10.785	10.63	10.699	10.472	10.739	10.353	10.573	10.806	10.617	10.641	10.56	10.421	10.435	10.557	10.228	9.611	9.509	9.299	9.195
HG00231	9.7868	9.81	10.0915	10.307	10.132	10.138	10.234	9.929	9.795	10.182	9.765	10.053	10.123	9.768	9.957	9.897	9.982	10.164	10.128	10.246	10.147	10.007	10.165
HG00232	10.3323	10.5675	10.8707	10.225	10.921	10.86	11.087	11.073	11.115	11.204	11.091	10.979	10.844	10.772	10.888	10.865	10.689	10.776	10.696	9.985	10.006	9.764	9.804
HG00233	9.4184	9.4121	9.6821	9.402	9.91	9.989	9.59	9.686	9.695	9.722	9.93	9.939	9.687	10.107	9.22	9.567	9.774	9.602	9.708	9.728	9.717	9.574	9.49
HG00234	9.3867	9.3458	9.614	10.33	9.906	9.749	9.742	9.523	9.586	9.757	9.706	9.833	9.532	9.185	9.53	9.479	9.59	9.557	9.633	9.657	9.665	9.614	9.571
HG00235	9.4342	9.359	9.6275	14.342	10.218	9.54	9.834	10.162	9.53	9.33	9.704	9.478	9.722	10.171	9.585	9.462	9.622	9.592	9.588	9.603	9.562	9.4	9.543
HG00236	9.285	9.2261	9.4909	10.378	9.742	9.593	9.762	9.614	9.442	9.522	9.203	9.505	9.406	10.0	9.292	9.346	9.649	9.412	9.551	9.526	9.546	9.353	9.346
HG00237	9.335	9.3374	9.6053	9.572	9.839	10.078	9.814	9.617	9.738	9.667	9.616	9.743	9.458	10.007	9.523	9.488	9.686	9.676	9.702	9.598	9.497	9.214	9.245
HG00238	9.5786	9.5355	9.8091	11.186	10.794	9.502	9.479	9.512	9.7	9.8	9.866	9.918	9.649	9.176	9.646	9.925	9.571	9.826	9.839	9.997	10.046	9.907	9.799
HG00239	9.8648	9.7838	10.0645	11.774	10.214	10.043	10.164	9.976	9.89	9.844	10.038	10.218	10.026	10.565	10.167	9.963	10.105	10.248	10.106	10.116	10.123	10.123	10.014
HG00240	10.2918	10.3709	10.6685	12.133	10.866	10.822	10.8	10.731	11.001	10.797	11.166	10.361	10.738	9.55	10.881	10.67	10.736	11.003	10.708	10.017	9.988	9.768	9.618
HG00242	9.5992	9.575	9.8498	10.539	10.158	10.053	9.984	9.837	9.669	9.908	9.644	9.98	9.916	10.113	9.593	9.785	10.046	9.926	9.678	9.969	9.737	9.763	9.642
HG00243	9.8972	9.8982	10.1822	9.289	9.711	9.794	10.059	9.919	10.053	10.152	10.278	10.071	10.297	9.513	10.294	10.318	10.047	10.348	10.07	10.434	10.248	10.612	10.392
HG00244	9.8754	9.8616	10.1445	10.2	9.846	10.026	9.974	9.804	9.814	10.074	10.17	10.059	9.809	9.667	10.095	10.106	10.246	10.261	10.434	10.364	10.584	10.407	10.507
HG00245	9.575	9.4898	9.7621	11.001	10.604	10.126	9.636	9.85	9.559	9.307	10.123	10.046	9.782	10.281	9.747	9.656	9.743	9.801	9.818	9.946	9.821	9.844	9.698
HG00246	9.7987	9.8	10.0812	9.537	9.605	9.73	9.715	9.669	9.895	10.207	9.836	10.418	10.161	10.393	9.945	10.207	10.521	9.926	10.419	10.138	10.047	10.248	10.172
HG00250	9.5459	9.5484	9.8224	10.549	9.646	10.124	9.965	10.084	9.906	9.986	9.577	9.894	9.58	9.551	10.002	9.805	9.883	9.759	9.774	9.654	9.888	9.377	9.555
HG00251	9.6279	9.6243	9.9005	9.764	9.637	10.008	9.65	9.808	9.978	9.992	10.05	10.062	10.082	10.194	10.005	9.922	9.496	9.05	9.026	10.195	10.296	10.016	10.267
HG00252	9.6337	9.6343	9.9107	10.309	9.1	9.492	9.575	9.582	9.797	9.788	9.92	9.813	9.908	10.201	10.08	9.731	10.066	9.687	10.165	10.087	9.928	10.016	9.897
HG00253	9.5459	9.5015	9.7741	10.442	9.643	9.966	9.751	9.701	9.719	9.816	9.858	10.285	10.034	10.139	9.505	9.774	9.517	9.698	9.69	9.781	9.973	9.564	9.823
HG00254	9.435	9.4885	9.7607	9.803	9.946	10.182	9.846	9.499	9.521	9.79	9.806	9.774	9.531	9.404	9.659	9.614	9.687	9.743	9.959	9.569	9.683	9.807	9.569
HG00255	10.0346	10.1104	10.4005	10.543	11.087	10.731	11.108	10.92	10.884	10.819	10.999	10.841	10.77	10.186	10.449	10.383	9.946	9.786	9.749	9.855	9.643	9.517	9.583
HG00256	9.5271	9.5554	9.8296	9.29	9.757	9.71	9.803	9.953	9.838	9.778	9.82	10.158	9.951	10.261	9.462	9.944	9.958	9.733	9.892	9.861	9.696	9.819	9.441
HG00257	9.7291	9.7332	10.0125	9.432	10.083	10.365	10.14	9.94	10.096	10.15	10.017	10.039	10.121	10.232	10.057	10.038	9.869	10.247	10.009	9.859	10.131	9.701	9.886
HG00258	9.5944	9.5275	9.8009	10.502	10.206	10.239	9.975	9.643	10.086	9.64	9.848	10.017	9.901	10.425	9.67	9.89	9.803	9.881	9.966	9.764	9.685	9.421	9.623
HG00259	9.6498	9.6044	9.88	10.312	10.061	9.908	10.203	9.838	9.964	9.974	9.73	9.968	9.678	10.241	9.914	9.804	9.802	9.914	10.093	9.997	9.665	9.76	9.781
HG00260	9.7599	9.7027	9.9811	10.536	10.537	10.418	10.149	10.071	9.927	9.788	9.884	9.753	9.816	10.464	10.027	9.927	9.997	10.014	10.028	9.958	10.111	9.88	10.049
HG00261	9.6066	9.5762	9.851	9.02	9.802	9.78	9.624	10.074	9.908	9.78	9.861	9.874	9.739	10.613	9.805	9.97	9.921	9.906	10.023	10.072	9.856	9.868	9.972
HG00262	9.5561	9.5405	9.8143	9.455	10.335	9.819	9.897	9.736	9.772	9.946	9.657	9.788	9.666	10.368	9.876	9.851	9.822	9.977	9.779	9.873	10.034	9.714	9.728
HG00263	9.5842	9.5686	9.8432	10.531	9.823	10.131	9.966	9.876	9.988	9.846	9.715	9.744	9.932	10.406	9.793	9.68	10.022	9.812	9.829	9.613	10.015	9.441	9.576
HG00264	9.7348	9.7676	10.0479	8.569	9.631	9.687	10.167	10.153	10.469	10.241	9.975	9.794	10.245	10.551	9.898	9.942	9.888	9.846	10.009	10.162	10.323	10.111	10.004
HG00265	9.6952	9.6521	9.929	12.114	9.759	9.939	9.729	9.851	9.844	10.089	10.115	9.824	9.905	9.604	10.14	9.949	10.099	10.057	10.015	9.826	9.803	9.926	10.105
HG00266	9.5849	9.5564	9.8306	10.148	9.437	9.784	9.885	9.55	9.742	10.241	9.879	9.69	9.724	9.533	9.426	10.03	9.761	9.66	9.917	9.814	10.003	10.342	10.099
HG00267	9.6582	9.659	9.9361	9.762	9.852	9.789	9.905	9.768	9.844	10.306	9.932	9.804	9.945	10.496	9.981	9.717	9.946	9.824	9.857	10.038	9.885	9.983	10.023
HG00268	9.6228	9.7022	9.9806	9.399	9.375	9.64	9.717	9.893	9.908	10.159	9.854	9.953	9.951	9.698	9.844	10.046	9.951	10.071	10.129	10.052	9.916	10.056	10.051
HG00269	9.4372	9.4178	9.6881	10.504	10.071	9.568	9.747	9.703	9.885	9.629	9.382	9.949	9.59	10.249	9.308	9.633	9.866	9.591	9.709	9.613	9.719	9.746	9.624
HG00271	9.6253	9.6453	9.922	9.319	10.182	10.351	10.083	9.793	9.973	9.989	10.037	9.987	10.222	9.992	9.722	9.889	9.936	9.976	9.663	9.74	9.953	9.649	10.192
HG00272	9.6983	9.6535	9.9305	12.663	9.843	10.195	9.978	9.948	9.858	9.964	9.529	9.941	9.801	10.284	9.932	10.186	10.286	10.022	10.193	9.766	9.829	9.977	9.819
HG00273	9.5793	9.5437	9.8176	10.598	9.666	10.162	9.811	9.965	9.945	10.01	9.866	9.949	9.843	9.588	9.479	9.912	10.015	9.878	9.749	9.693	9.684	9.745	9.777
HG00274	10.0204	9.9925	10.2792	9.996	9.425	10.084	9.848	9.678	9.946	9.765	9.924	10.472	10.038	10.863	10.053	10.168	10.314	10.517	10.573	10.632	10.754	10.78	10.9
HG00275	9.8068	9.7601	10.0401	10.276	9.655	9.766	10.048	9.936	10.153	10.069	10.01	10.163	10.055	10.375	10.051	9.919	10.118	10.159	10.18	10.176	10.182	10.194	9.963
HG00276	9.6632	9.6979	9.9762	8.58	9.823	10.216	10.091	10.098	9.805	10.041	9.667	10.063	10.103	10.121	9.938	9.929	10.081	10.126	9.862	9.886	9.957	9.887	9.976
HG00277	9.69	9.6832	9.9611	10.203	9.764	10.02	10.02	9.914	9.808	9.912	10.039	9.677	10.127	10.086	9.712	9.889	9.923	10.182	10.025	10.062	9.796	9.887	9.958
HG00278	9.6986	9.722	10.001	9.698	10.021	10.138	10.062	9.656	10.026	10.142	9.815	9.981	9.807	9.593	9.592	10.056	9.835	9.99	10.091	10.199	9.975	10.065	10.029
HG00280	9.5608	9.5105	9.7834	10.016	9.948	10.154	9.857	9.794	9.784	9.409	9.641	9.602	10.096	9.473	9.861	10.002	9.765	9.784	10.107	9.811	9.907	9.722	9.525
HG00281	9.7211	9.7283	10.0075	8.553	10.509	10.053	9.832	10.225	10.026	10.18	9.954	10.045	9.904	9.754	9.833	9.881	10.006	10.069	10.011	9.803	10.09	10.043	10.2
HG00282	9.512	9.5421	9.8159	9.304	9.582	9.731	9.779	9.728	9.672	10.149	9.703	10.08	9.67	10.026	9.869	9.89	9.859	9.908	9.721	10.066	9.668	9.922	9.663
HG00284	10.3556	10.4007	10.6992	11.455	11.128	10.641	10.66	10.757	10.665	11.011	10.9	10.508	11.045	8.564	10.892	11.231	10.745	10.871	10.646	10.24	10.357	10.071	9.966
HG00285	9.6306	9.6588	9.9359	9.745	9.415	9.97	9.854	9.635	9.902	9.931	10.003	9.983	9.83	9.437	10.294	9.798	9.951	9.983	10.167	10.084	10.057	9.888	9.809
HG00288	9.7934	9.7725	10.0529	9.714	10.039	10.024	10.018	9.927	10.011	10.314	10.082	9.983	10.18	10.228	9.944	9.883	9.811	10.013	10.006	10.191	10.111	10.358	10.335
HG00290	9.7228	9.7728	10.0532	9.657	9.71	9.862	10.025	9.845	10.042	10.152	10.074	9.9	10.004	8.575	9.903	9.992	10.081	10.264	10.164	10.297	10.073	9.976	10.045
HG00304	9.6428	9.6353	9.9117	9.559	9.661	9.764	9.92	9.81	9.729	9.861	10.013	10.025	10.052	9.827	9.704	9.675	9.96	10.071	9.936	10.151	9.998	10.11	10.066
HG00306	9.3676	9.4123	9.6824	9.758	9.844	9.595	9.645	9.644	9.59	9.307	9.631	9.674	9.925	9.843	9.592	9.573	9.722	9.849	9.617	9.425	9.72	9.608	9.5
HG00308	9.5163	9.4784	9.7503	12.112	9.736	9.899	9.467	9.741	9.813	9.611	9.899	10.125	9.193	8.258	9.535	9.962	10.123	9.818	10.001	9.794	9.839	9.316	9.923
HG00309	9.7145	9.7249	10.004	9.511	9.885	9.858	9.976	10.05	10.194	10.188	10.218	10.143	10.001	10.372	9.81	9.883	10.04	9.849	10.032	10.102	9.982	9.984	10.063
HG00310	9.8512	9.9017	10.1859	10.003	10.317	10.553	10.433	10.381	10.242	9.862	10.252	10.357	10.122	8.769	9.924	10.088	10.166	10.002	10.164	9.998	10.13	10.046	10.249
HG00311	9.5221	9.4623	9.7338	10.658	9.992	10.107	10.043	9.743	10.155	9.869	9.77	10.029	9.833	9.959	9.433	9.544	9.963	9.659	9.632	9.611	9.779	9.356	9.687
HG00313	9.7771	9.8572	10.1401	10.033	9.853	10.129	10.04	9.901	9.725	10.241	9.897	10.483	10.225	10.422	10.57	10.301	9.477	9.329	9.103	10.197	10.335	10.302	10.206
HG00315	9.4831	9.5546	9.8287	8.475	9.549	9.689	9.549	10.055	9.657	9.53	9.724	9.853	9.388	9.205	9.413	9.808	9.926	9.973	9.812	9.961	10.136	9.876	10.064
HG00318	9.6165	9.6071	9.8828	10.46	10.159	10.122	10.009	9.957	10.104	9.874	9.861	9.792	9.911	9.9	9.762	9.911	9.904	9.894	9.67	9.627	9.748	9.812	9.648
HG00319	9.5705	9.5912	9.8664	9.635	10.031	10.062	9.972	9.512	9.977	10.029	10.06	9.801	9.795	10.453	9.799	9.611	9.641	9.735	9.577	10.027	9.868	9.905	9.759
HG00320	10.3266	10.43	10.7293	10.158	9.849	9.921	9.681	9.834	9.899	9.924	10.073	10.186	10.524	11.308	10.977	11.059	11.186	10.976	11.141	11.191	11.055	10.937	11.115
HG00321	9.7329	9.6676	9.945	10.292	10.018	9.766	9.934	9.722	9.995	10.015	9.869	10.195	9.987	10.347	9.693	9.911	9.845	10.178	10.096	10.069	10.053	10.09	9.924
HG00323	9.6972	9.6662	9.9435	10.434	10.168	9.807	9.967	9.739	9.965	9.879	10.023	10.342	9.813	9.825	9.926	10.014	9.922	10.075	10.143	10.016	9.907	9.718	9.75
HG00324	9.8351	9.9019	10.186	10.183	9.553	9.96	9.666	9.786	10.043	10.043	10.001	10.23	10.177	9.355	10.143	10.231	9.938	10.433	10.321	10.22	10.381	10.283	10.35
HG00325	9.9753	10.0632	10.3519	10.067	9.793	10.027	10.004	9.899	10.112	9.971	10.171	10.062	10.443	10.654	10.051	10.141	10.337	10.522	10.527	10.305	10.387	10.43	10.413
HG00326	9.591	9.5723	9.847	10.453	9.924	10.383	9.684	9.962	9.866	9.985	9.794	9.886	9.631	9.415	9.492	9.861	9.723	9.844	9.873	9.873	9.937	9.936	9.699
HG00327	9.8137	9.7864	10.0673	10.094	10.248	9.832	9.837	9.734	9.816	9.838	10.148	10.271	9.998	10.37	10.533	10.313	9.927	10.411	9.94	10.336	10.337	10.118	10.013
HG00328	9.4391	9.4493	9.7204	9.026	9.721	9.635	9.71	9.606	9.856	9.881	9.573	9.945	9.492	10.07	9.538	9.755	9.815	10.014	9.649	9.8	9.693	9.44	9.856
HG00329	9.8231	9.7526	10.0324	12.413	10.33	9.522	9.591	9.915	9.922	10.016	10.049	10.17	10.117	9.552	10.417	10.274	9.898	10.11	10.295	10.105	10.063	10.137	9.989
HG00330	9.4627	9.4579	9.7293	10.095	9.359	9.809	9.678	9.813	9.919	9.551	9.829	9.684	9.299	10.401	9.825	9.482	9.743	9.813	9.562	9.682	9.702	9.708	9.665
HG00331	10.9306	10.8739	11.1859	11.492	10.956	10.848	11.151	11.149	11.045	11.318	11.382	11.338	11.378	11.664	11.008	11.311	11.013	11.391	11.208	11.03	11.081	11.425	11.298
HG00332	9.419	9.402	9.6718	10.991	9.73	9.598	9.508	9.746	9.717	9.751	9.428	9.617	9.41	9.641	9.484	9.486	9.511	9.624	9.696	10.02	9.756	9.593	9.758
HG00334	9.7378	9.7542	10.034	9.581	9.563	10.061	10.126	10.133	10.175	9.936	9.963	10.332	10.088	10.369	9.766	9.966	10.118	9.746	10.109	10.011	9.957	10.025	10.094
HG00335	9.7986	9.7742	10.0547	10.552	10.71	10.138	9.968	10.063	10.096	10.227	9.968	10.535	9.94	9.825	10.098	10.019	9.726	10.032	10.001	10.224	10.23	10.209	10.017
HG00336	9.6928	9.6329	9.9093	10.594	10.155	10.272	9.804	9.971	9.879	9.879	9.574	9.689	9.941	10.478	9.804	9.981	10.083	9.687	9.889	10.101	9.906	9.804	9.883
HG00337	9.7512	9.7287	10.0079	10.25	10.047	10.281	10.012	9.939	9.707	9.975	9.854	9.83	9.886	10.646	9.456	9.993	9.811	10.105	10.214	10.259	10.155	10.286	10.419
HG00338	9.9312	9.9716	10.2577	9.643	9.93	10.025	10.03	9.958	9.952	10.226	10.336	10.357	10.207	10.905	9.894	10.253	10.062	10.391	10.201	10.546	10.416	10.227	10.53
HG00339	9.4819	9.4307	9.7013	10.259	9.64	9.815	9.743	9.856	9.891	9.765	9.723	9.569	10.024	10.127	9.646	9.736	9.689	9.717	9.552	9.737	9.754	9.674	9.547
HG00341	9.6049	9.5601	9.8344	10.391	9.769	9.86	9.718	9.785	9.895	9.871	9.952	10.126	9.872	10.307	9.42	9.869	9.803	9.833	9.973	9.836	9.902	9.781	9.773
HG00342	9.3153	9.3322	9.6	9.988	9.258	9.71	9.593	9.647	9.379	9.499	9.44	9.721	9.458	8.49	9.516	9.418	9.507	9.588	9.902	9.528	9.785	9.793	9.696
HG00343	9.3678	9.3404	9.6084	10.199	9.76	9.877	10.042	9.889	9.783	9.676	9.442	9.923	9.519	10.045	9.568	9.484	9.499	9.606	9.6	9.488	9.457	9.373	9.371
HG00344	9.5492	9.6182	9.8942	7.646	9.705	9.317	9.764	9.401	9.779	10.051	9.861	9.923	9.519	9.464	9.936	9.877	9.784	9.952	9.977	9.882	10.128	10.117	10.159
HG00345	9.8053	9.7892	10.07	10.942	10.107	10.26	10.19	9.905	10.121	10.142	10.078	9.67	9.979	10.442	9.918	9.792	9.897	10.195	10.065	9.923	10.116	10.013	10.13
HG00346	9.3088	9.309	9.5762	9.315	9.718	10.08	9.57	9.608	9.641	9.718	9.566	10.247	9.651	9.616	9.199	9.342	9.565	9.729	9.454	9.458	9.461	10.001	9.297
HG00349	9.7514	9.7024	9.9808	10.667	10.713	9.925	10.386	10.223	10.15	10.229	10.002	10.348	10.138	9.963	10.174	9.963	9.791	9.93	9.771	9.925	9.864	9.903	9.849
HG00350	9.633	9.6508	9.9277	9.672	9.863	10.139	10.14	10.066	10.089	9.821	9.948	10.049	9.916	10.212	9.988	9.86	9.965	9.723	9.819	9.774	9.776	9.838	9.765
HG00351	9.565	9.5356	9.8093	11.453	9.734	10.238	9.661	10.034	9.857	9.876	9.612	9.898	9.671	8.702	9.847	9.994	10.031	9.999	9.737	9.662	9.741	9.775	9.747
HG00353	9.725	9.6675	9.9449	11.506	10.035	10.226	9.869	9.674	9.818	9.789	9.704	9.887	9.599	10.219	9.665	9.952	10.09	10.117	10.168	10.305	9.974	9.972	9.875
HG00355	9.7051	9.5983	9.8737	10.659	10.306	10.353	10.263	9.917	10.147	10.11	9.789	10.164	9.913	10.45	9.576	9.992	10.012	9.762	9.869	10.039	9.634	9.706	9.7
HG00356	9.425	9.4181	9.6884	10.371	9.742	9.802	9.808	9.736	9.604	9.611	9.453	9.214	9.771	10.547	9.708	9.739	9.839	9.645	9.774	9.981	9.807	8.921	8.793
HG00357	9.6468	9.6025	9.8781	10.274	10.109	10.199	9.716	9.789	9.917	9.765	10.0	10.213	9.734	9.545	9.762	9.964	9.988	10.075	9.971	9.974	9.825	9.963	9.937
HG00358	9.5837	9.5805	9.8554	9.318	10.058	9.993	9.834	9.965	9.924	9.932	9.87	9.927	9.95	10.412	9.942	9.857	9.737	9.906	9.756	9.86	9.83	9.955	9.599
HG00360	9.3778	9.359	9.6275	10.052	9.699	9.839	10.1	9.723	9.551	9.627	9.44	9.636	9.727	9.302	9.568	9.515	9.571	9.597	9.704	9.522	9.586	9.545	9.721
HG00361	9.5205	9.5621	9.8364	8.017	9.746	9.715	9.736	10.117	9.803	9.757	9.682	9.888	9.675	10.368	9.763	9.803	10.018	9.666	9.73	10.015	9.838	9.895	9.967
HG00362	9.4228	9.4761	9.748	9.29	9.764	9.933	9.916	9.725	9.728	9.806	9.784	9.513	9.701	10.206	9.675	9.796	9.974	9.585	9.685	9.498	9.705	9.666	9.851
HG00364	9.6907	9.6605	9.9377	10.357	9.778	10.054	9.603	10.182	10.081	10.088	9.827	10.186	10.026	10.283	9.733	9.65	9.735	9.746	9.911	10.01	10.012	9.912	10.02
HG00365	9.9402	9.9581	10.2439	12.139	10.358	10.873	10.861	10.714	10.673	10.432	10.998	10.65	10.307	10.69	10.322	10.538	9.842	9.435	9.737	9.611	9.578	9.623	9.57
HG00366	9.6492	9.5998	9.8753	10.797	10.73	10.204	10.219	10.11	9.789	9.821	10.052	9.586	9.531	8.513	9.759	9.727	10.158	9.86	10.234	9.793	9.894	10.134	10.04
HG00367	9.3727	9.3782	9.6473	10.154	9.659	9.971	9.68	9.665	9.652	9.644	9.868	9.908	9.582	7.24	9.646	9.739	9.764	9.746	9.693	9.404	9.48	9.326	9.318
HG00368	9.1902	9.2281	9.4929	9.436	9.756	9.96	9.867	9.654	9.521	9.713	9.64	9.753	9.539	9.029	9.713	9.351	9.633	9.398	9.472	9.216	9.189	9.139	9.131
HG00369	9.6304	9.6434	9.9202	8.951	10.142	9.789	10.031	10.036	9.901	9.847	9.624	9.923	9.644	10.318	10.02	9.924	10.224	9.823	9.926	9.985	10.015	9.626	9.973
HG00371	9.7081	9.6738	9.9514	10.716	9.486	9.969	10.14	9.995	10.246	9.977	10.089	9.791	9.964	8.627	9.821	9.902	10.149	9.973	9.956	9.96	9.941	9.779	10.227
HG00372	9.5559	9.6413	9.9179	7.52	9.832	9.681	9.771	9.924	9.845	9.964	9.958	10.069	9.799	9.459	9.828	9.968	9.724	10.019	9.814	9.866	10.021	9.997	9.949
HG00373	9.6691	9.6651	9.9425	10.78	10.124	9.813	10.036	10.042	9.943	10.048	9.756	10.062	10.028	9.39	9.901	9.919	9.749	9.81	9.862	10.282	9.836	9.929	9.767
HG00375	9.596	9.5657	9.8401	9.453	9.824	9.871	10.019	10.018	9.721	10.122	9.587	9.782	9.806	10.127	9.878	9.775	9.728	9.858	9.808	9.712	9.988	10.122	10.006
HG00376	9.6492	9.6751	9.9527	10.547	10.145	9.935	9.651	9.661	9.954	10.125	9.621	9.906	10.149	10.392	10.306	9.879	10.13	9.84	9.756	10.085	9.795	9.647	9.591
HG00378	9.6094	9.6524	9.9294	9.599	9.935	9.43	9.918	9.829	9.803	9.988	9.821	10.042	9.958	10.587	9.9	10.001	9.714	8.926	8.976	9.906	10.262	10.365	10.06
HG00379	9.477	9.4828	9.7548	10.234	9.777	9.71	10.177	9.927	9.919	9.831	9.807	9.969	9.709	8.247	9.823	9.599	10.005	9.862	9.639	9.584	9.635	9.337	9.75
HG00380	9.861	9.8809	10.1644	10.614	9.798	9.899	10.009	9.944	10.052	10.219	10.206	10.403	10.07	9.546	10.047	10.33	10.324	9.962	10.173	10.108	10.329	10.314	10.222
HG00381	9.5871	9.5922	9.8675	10.215	10.086	10.154	10.041	9.87	9.855	9.763	9.64	10.073	9.777	9.429	9.953	9.977	10.073	9.85	9.801	9.843	9.894	9.699	9.647
HG00382	9.6277	9.6451	9.9218	9.598	10.064	10.395	9.649	9.822	9.913	9.994	10.265	9.681	10.065	10.449	9.923	9.921	9.934	9.812	9.984	9.919	9.973	9.832	9.687
HG00383	10.6011	10.7116	11.0189	12.066	11.755	11.484	11.057	11.385	11.112	11.229	11.276	10.976	10.808	10.108	11.452	10.901	11.329	10.938	11.035	9.931	10.323	10.185	9.993
HG00384	10.6456	10.6734	10.9796	11.446	10.928	10.729	11.374	10.991	11.402	11.327	11.149	11.236	11.097	11.765	11.083	11.166	10.904	11.065	10.741	10.335	10.289	10.248	10.252
HG00403	9.7449	9.7468	10.0265	8.505	10.451	10.187	10.066	10.292	10.08	9.607	10.082	10.01	9.951	10.583	9.827	10.021	9.979	9.899	10.058	10.032	9.999	10.18	10.155
HG00404	9.7989	9.7779	10.0584	10.726	10.165	10.069	10.174	10.035	9.832	9.579	10.002	10.097	10.138	10.663	9.668	10.166	10.097	9.866	10.217	9.862	10.031	10.122	10.282
HG00405	9.5532	9.5376	9.8113	9.057	10.045	9.702	10.135	9.609	9.684	9.649	9.785	9.501	9.775	10.517	9.515	9.871	9.964	9.961	9.963	9.922	9.894	9.767	9.717
HG00406	9.5161	9.4788	9.7508	9.993	10.059	9.611	10.037	9.866	9.692	9.322	9.934	9.937	10.003	10.148	10.049	9.893	9.654	9.864	9.685	9.649	9.687	9.477	9.669
HG00407	9.5195	9.5203	9.7935	8.703	10.085	9.745	9.843	9.79	9.717	9.783	10.051	9.703	10.151	9.926	9.875	9.471	9.669	9.752	10.033	9.888	9.733	9.847	9.482
HG00408	9.9423	9.9342	10.2192	10.096	10.67	10.334	10.208	10.245	9.96	10.196	10.288	9.79	10.48	10.631	10.288	10.115	10.136	10.385	10.06	10.341	10.185	10.178	10.012
HG00409	9.5726	9.5879	9.8631	9.508	10.635	10.028	9.837	10.191	9.806	9.356	9.941	9.587	9.797	10.062	9.726	10.102	10.026	9.9	9.883	10.072	10.008	9.806	9.603
HG00410	9.4033	9.4419	9.7128	9.616	10.011	9.852	9.892	9.803	9.836	9.855	9.522	9.815	9.698	10.222	9.558	9.556	9.719	9.632	9.74	9.818	9.432	9.389	9.536
HG00418	10.1726	10.2325	10.5262	9.484	10.564	10.482	10.817	10.499	10.658	10.979	10.552	10.255	10.681	10.993	10.314	10.86	10.383	10.213	10.265	10.579	10.385	10.518	10.055
HG00419	9.6942	9.6605	9.9377	10.456	9.927	9.878	9.912	10.067	10.07	10.178	9.915	9.969	10.012	10.148	9.933	9.955	9.763	9.937	9.773	9.641	10.03	9.886	10.104
HG00420	9.5366	9.5363	9.8099	9.373	9.965	9.834	9.886	9.805	9.937	9.846	9.834	9.962	10.185	10.432	9.753	9.717	9.781	9.785	9.689	9.725	9.677	9.74	9.796
HG00421	9.8058	9.793	10.074	10.047	10.386	10.111	10.256	10.279	10.196	10.13	9.898	10.102	10.0	10.361	10.192	10.128	9.93	9.84	9.948	9.888	10.155	10.065	9.981
HG00422	9.5686	9.5358	9.8094	10.024	9.633	9.753	9.91	9.835	9.82	9.84	9.547	9.983	9.937	10.217	9.863	9.725	9.585	9.864	9.893	9.861	9.914	9.9	9.641
HG00423	9.6034	9.5746	9.8493	10.657	9.983	9.95	9.871	9.665	9.808	9.855	9.976	9.981	9.905	10.207	9.943	9.881	9.504	10.195	9.649	9.965	9.838	9.875	9.623
HG00427	9.4075	9.4199	9.6902	9.264	10.27	9.815	10.132	9.75	9.622	9.659	9.715	9.543	9.145	10.107	9.553	9.531	9.467	9.687	9.956	9.731	9.751	9.607	9.604
HG00428	9.7012	9.7255	10.0045	9.909	10.087	10.125	10.002	9.979	9.877	10.188	10.375	10.04	9.785	9.441	9.982	9.957	9.874	9.975	9.876	10.19	9.931	10.029	10.088
HG00429	9.6856	9.7495	10.0292	9.34	9.922	9.698	10.059	10.097	9.76	10.009	10.213	9.751	9.315	9.69	9.84	10.124	9.567	9.947	9.921	10.252	10.185	10.11	9.949
HG00436	9.7225	9.6742	9.9517	8.375	10.328	10.069	10.24	9.803	10.077	10.054	10.216	10.008	9.81	10.447	9.631	10.26	10.035	10.095	10.047	9.95	9.725	10.026	10.062
HG00437	9.3752	9.3567	9.6252	10.221	9.623	10.113	9.869	9.735	9.418	9.91	9.552	9.749	9.639	10.138	9.329	9.746	9.753	9.5	9.627	9.628	9.592	9.221	9.288
HG00438	9.516	9.5074	9.7802	9.072	9.926	9.889	10.02	9.853	9.677	9.899	9.687	10.073	9.849	10.069	9.895	9.827	9.445	9.768	9.789	9.946	9.699	9.827	9.555
HG00442	9.3829	9.3612	9.6298	10.474	9.853	9.63	9.918	9.748	9.568	9.324	9.586	9.935	9.592	9.363	9.534	9.482	9.782	9.432	9.688	9.657	9.647	9.799	9.49
HG00443	9.7469	9.8165	10.0982	8.166	11.027	9.55	10.085	10.156	10.252	9.644	10.095	9.803	10.005	10.618	9.906	10.02	9.922	10.1	10.06	10.286	10.052	10.137	10.164
HG00444	9.5389	9.5679	9.8424	9.398	9.49	10.455	10.005	10.054	9.775	9.615	9.612	10.04	9.68	10.364	9.985	9.584	9.811	9.997	9.749	9.878	9.852	9.881	9.635
HG00445	9.8098	9.7793	10.0599	10.362	9.533	9.815	9.651	9.836	9.519	9.532	9.866	10.336	10.127	10.344	10.183	10.124	10.053	10.226	10.18	10.345	10.187	10.455	10.239
HG00446	9.4984	9.4891	9.7614	10.458	9.829	9.983	9.791	9.937	9.754	9.836	9.656	9.875	9.592	10.198	9.976	9.645	9.564	9.667	9.782	9.368	9.697	9.789	9.483
HG00447	10.0743	10.0473	10.3356	9.902	9.979	9.864	10.008	9.88	9.987	9.733	10.364	10.587	10.625	10.829	10.723	10.247	9.991	10.765	10.399	10.501	10.468	10.65	10.828
HG00448	9.244	9.1938	9.4576	9.758	9.881	9.469	9.578	9.666	9.608	9.412	9.488	9.575	9.739	9.854	9.665	9.644	9.328	9.249	9.377	9.45	9.408	9.388	9.292
HG00449	9.58	9.4831	9.7552	10.329	10.025	10.133	9.879	10.103	9.911	9.961	9.964	10.175	9.882	10.004	10.278	9.72	9.451	9.933	9.679	9.668	9.765	9.555	9.588
HG00450	9.5126	9.5009	9.7735	10.266	9.853	10.059	9.693	9.907	9.642	10.23	9.945	9.885	9.925	10.339	9.731	9.734	9.516	9.731	9.554	9.599	9.753	9.92	9.374
HG00451	9.7392	9.75	10.0297	9.232	10.301	9.769	10.164	9.844	10.047	10.176	9.994	9.872	10.066	10.401	9.957	9.839	9.798	10.254	9.937	10.152	10.217	10.008	9.907
HG00452	9.8356	9.8452	10.1277	8.178	11.031	10.373	10.364	10.303	10.198	10.57	10.418	9.921	10.22	10.532	10.142	9.895	10.122	10.376	9.798	10.21	9.926	9.715	9.835
HG00453	9.2449	9.2408	9.5059	9.131	9.899	9.617	9.649	9.859	9.676	9.779	9.829	9.629	9.507	10.261	9.502	9.606	9.344	9.506	9.27	9.409	9.149	9.313	9.153
HG00457	9.508	9.5139	9.7869	10.497	10.152	9.886	9.845	9.823	9.958	10.017	9.711	10.04	9.84	9.759	9.756	9.553	9.774	9.891	9.499	9.654	9.458	9.612	9.36
HG00458	9.4521	9.3894	9.6588	10.108	10.262	10.376	10.106	9.985	9.809	9.483	9.751	9.94	9.75	10.224	9.614	9.384	9.674	9.517	9.661	9.752	9.467	9.56	9.435
HG00459	9.5802	9.5749	9.8496	9.952	9.587	9.641	10.093	9.979	9.768	9.849	9.832	10.118	9.695	10.361	9.77	9.9	9.526	10.028	9.59	10.046	9.89	9.979	9.672
HG00463	9.6513	9.6301	9.9064	8.194	10.669	9.882	9.979	9.748	9.877	10.061	9.61	9.898	10.154	10.442	9.853	9.621	9.963	9.955	9.851	10.04	9.88	10.022	9.871
HG00464	9.699	9.6505	9.9274	9.974	9.905	9.868	9.908	9.817	9.911	9.516	9.8	9.69	10.205	10.227	9.8	10.014	9.781	9.972	10.112	10.153	9.916	10.204	10.197
HG00465	9.6147	9.636	9.9125	9.015	9.939	9.838	10.05	10.106	10.012	9.801	9.559	9.917	10.05	10.311	9.703	9.595	9.859	9.745	9.964	9.825	9.991	10.074	10.126
HG00472	9.3772	9.4096	9.6796	7.81	10.094	9.34	10.066	9.746	9.86	9.844	9.485	9.351	9.892	10.157	9.627	9.587	9.822	9.594	9.627	9.437	9.635	9.5	9.407
HG00473	9.7695	9.8344	10.1166	10.064	10.272	10.613	10.125	10.373	10.015	9.804	10.052	10.015	10.096	9.6	9.753	10.214	9.775	9.897	10.305	10.02	10.064	10.115	9.95
HG00474	9.491	9.5267	9.8001	7.816	9.889	9.962	9.835	9.834	9.684	9.671	9.811	9.62	9.775	9.279	9.726	9.652	9.695	9.823	9.832	9.887	9.857	9.973	9.834
HG00475	9.7008	9.6891	9.9671	10.415	9.539	10.006	9.957	10.182	9.94	9.877	10.073	10.251	9.788	10.296	9.758	9.618	9.612	10.518	9.764	9.973	9.979	9.979	9.993
HG00476	9.7437	9.7151	9.9939	10.114	10.197	10.24	10.311	10.209	10.145	9.763	10.196	10.075	10.162	10.435	9.999	10.123	9.995	10.045	9.822	9.993	9.912	9.91	9.835
HG00477	9.9047	9.9354	10.2204	9.744	10.082	9.944	10.016	10.001	9.961	10.024	10.248	10.275	10.214	10.404	10.191	10.395	10.037	10.271	10.148	10.293	10.405	10.445	10.569
HG00478	9.7243	9.7323	10.0116	11.487	10.027	10.237	9.988	9.809	9.714	9.702	9.915	10.197	9.827	10.453	10.146	10.08	9.955	9.911	9.845	10.108	10.086	9.709	9.989
HG00479	9.4194	9.5125	9.7855	8.818	9.896	9.81	9.744	9.71	9.486	9.445	9.543	9.839	10.17	10.009	9.771	9.814	10.047	9.71	9.661	9.76	9.738	9.597	9.615
HG00480	9.787	9.7888	10.0697	9.589	10.09	10.044	10.296	10.286	10.029	9.773	9.991	10.282	10.211	10.436	10.532	10.27	9.881	10.103	9.986	9.977	10.028	9.907	10.147
HG00500	9.5238	9.4708	9.7426	10.049	9.822	9.607	9.613	9.649	9.682	9.688	9.625	9.937	9.795	10.036	9.824	9.555	9.533	9.793	9.856	9.963	10.008	9.958	9.747
HG00501	9.8083	9.8699	10.1532	8.472	10.081	10.418	10.043	10.551	9.865	9.778	10.056	10.331	10.313	10.638	10.072	10.299	9.986	10.072	10.187	10.325	10.096	10.213	9.995
HG00502	9.5652	9.4977	9.7703	9.474	9.531	9.594	9.776	9.47	9.795	9.485	9.837	9.651	9.912	9.955	10.33	9.994	9.835	9.974	9.869	10.059	9.831	9.836	9.92
HG00512	9.5761	9.6654	9.9428	8.026	10.005	9.852	9.989	9.996	10.216	9.645	9.596	9.637	10.073	10.233	9.941	9.816	9.58	9.956	9.93	9.987	9.994	9.967	9.783
HG00513	9.712	9.7196	9.9985	9.79	9.878	10.089	10.023	9.798	9.928	10.002	10.031	9.849	9.95	9.498	10.169	10.013	9.677	10.024	10.051	10.189	10.157	9.99	10.057
HG00514	9.8901	9.8966	10.1806	8.108	9.727	9.943	10.129	10.008	9.959	9.786	10.031	10.009	10.028	10.774	10.469	10.433	10.071	10.38	10.188	10.279	10.393	10.242	10.311
HG00524	8.9443	8.9658	9.2231	8.677	8.905	9.278	9.399	9.2	9.28	9.206	9.053	9.262	9.057	9.969	9.137	9.233	9.375	9.106	9.135	9.126	9.369	9.245	9.267
HG00525	9.4877	9.5065	9.7793	9.867	9.795	9.899	9.908	10.041	9.874	9.569	9.854	10.106	9.791	9.926	9.504	9.775	9.742	9.843	9.619	9.689	9.756	9.355	9.884
HG00526	9.7949	9.8044	10.0857	9.462	10.024	10.048	10.011	9.958	10.216	9.787	9.976	10.017	10.436	10.814	10.094	10.308	10.303	10.278	10.17	10.054	10.039	9.888	10.127
HG00530	9.5221	9.4917	9.764	9.606	9.813	10.048	9.586	9.88	9.404	9.925	9.609	9.876	9.94	10.481	9.585	9.857	9.808	9.745	9.806	9.854	9.874	9.812	9.689
HG00531	8.5567	8.5803	8.8265	9.21	8.753	8.732	8.759	8.913	8.851	8.734	8.787	8.829	8.916	8.573	8.772	8.777	8.752	8.827	8.812	8.943	8.882	8.808	8.783
HG00532	9.4871	9.5396	9.8133	9.694	9.839	9.659	9.984	10.021	9.865	9.676	9.696	9.96	9.817	9.379	9.81	9.567	9.9	9.783	9.904	9.618	9.706	9.695	9.904
HG00533	9.8261	9.853	10.1357	9.824	10.153	9.333	10.079	10.059	9.942	10.109	9.832	10.246	10.121	10.512	10.032	10.231	10.02	10.172	10.192	10.261	10.021	10.384	10.182
HG00534	9.5182	9.5296	9.8031	9.43	9.778	9.606	9.515	9.701	9.63	9.643	9.781	9.604	9.619	10.387	9.587	10.082	9.775	9.796	9.84	10.017	9.934	10.0	10.031
HG00535	9.5611	9.62	9.896	8.498	10.2	10.075	10.041	9.931	9.841	10.003	9.987	10.311	10.109	10.149	9.388	9.665	9.874	9.723	9.63	9.689	9.611	10.101	9.839
HG00536	9.6043	9.5905	9.8656	10.297	10.119	10.318	9.826	9.919	9.941	10.015	9.879	9.866	9.827	10.277	9.375	9.837	9.596	9.797	9.705	9.908	9.864	9.688	9.559
HG00537	9.5132	9.5028	9.7755	9.904	10.072	9.937	9.911	9.823	9.954	9.825	10.008	9.604	10.266	10.109	9.744	9.731	9.557	9.646	9.961	9.675	9.752	9.252	9.373
HG00538	9.6054	9.6103	9.8861	9.734	9.82	10.298	9.864	10.144	9.996	9.777	10.052	9.814	9.995	10.276	9.649	10.008	9.622	9.968	9.999	9.836	9.684	9.91	9.868
HG00542	9.5482	9.5572	9.8315	9.777	10.109	9.783	9.895	9.877	10.047	9.624	9.713	9.831	9.503	10.257	9.595	9.6	9.925	9.824	9.919	9.85	9.853	9.592	9.704
HG00543	8.6815	8.6879	8.9372	8.901	9.319	9.244	8.875	8.95	8.937	8.969	8.815	8.852	9.268	9.439	8.807	8.915	8.604	8.817	8.847	9.079	8.872	8.94	8.821
HG00544	9.6322	9.6214	9.8975	9.98	9.972	9.915	10.047	9.991	9.912	9.566	9.741	9.607	9.91	10.56	9.859	9.764	9.657	10.148	10.044	9.928	9.854	10.017	9.859
HG00551	9.6388	9.6115	9.8873	9.462	9.801	9.812	9.643	9.726	9.872	10.028	10.028	9.785	10.049	10.26	9.924	9.827	9.773	9.785	10.226	9.963	9.978	9.928	9.979
HG00552	9.7037	9.7091	9.9877	9.034	10.075	9.876	9.837	9.722	9.877	9.975	9.994	10.247	9.936	10.68	9.867	9.837	9.746	10.059	10.262	10.144	10.267	10.072	10.056
HG00553	9.6805	9.6253	9.9015	10.221	10.165	9.96	10.099	9.822	9.934	10.153	9.938	9.832	9.9	10.515	9.549	9.838	9.958	9.969	10.067	9.991	9.967	9.927	9.728
HG00554	8.7667	8.7713	9.023	10.317	8.673	8.986	8.897	9.0	9.176	8.991	9.223	8.959	8.964	8.774	8.76	8.847	9.15	9.054	8.973	8.856	9.134	8.803	9.069
HG00555	9.6097	9.5678	9.8424	11.071	9.562	10.215	9.967	9.924	10.063	10.123	10.252	10.224	9.838	9.531	9.487	9.735	9.58	9.819	9.928	9.8	9.567	9.752	9.848
HG00556	9.5268	9.5395	9.8133	9.292	10.137	9.699	9.745	9.522	9.562	9.734	9.879	9.667	10.191	10.113	10.167	9.876	9.682	9.8	9.977	9.794	9.673	10.108	9.844
HG00557	9.573	9.5859	9.8609	9.524	10.374	9.846	10.077	10.018	10.196	9.954	9.808	9.401	9.94	10.15	9.829	10.072	9.674	9.85	9.801	9.825	9.673	9.628	9.72
HG00558	9.7452	9.7581	10.0381	8.889	9.909	9.495	9.754	9.716	10.034	10.032	10.194	9.872	10.027	10.481	10.037	10.288	10.116	9.96	10.257	10.087	10.065	10.19	10.039
HG00559	9.7781	9.7086	9.9871	10.146	10.168	9.889	9.708	9.877	9.859	9.475	9.693	10.105	9.943	10.501	10.106	10.079	10.18	10.002	9.971	10.144	10.158	10.307	10.187
HG00560	9.6205	9.5877	9.8628	9.474	10.078	9.86	9.63	10.003	10.129	9.862	9.722	9.968	10.286	10.588	9.873	9.877	10.157	9.943	9.881	10.007	9.768	9.829	9.796
HG00561	9.7058	9.7333	10.0126	9.751	10.012	9.783	10.167	9.963	9.989	10.06	10.366	10.078	10.111	10.121	9.819	9.844	10.236	9.776	9.879	10.16	9.979	10.058	9.749
HG00565	9.4362	9.4535	9.7248	9.49	9.959	9.53	9.749	9.616	9.792	9.401	9.57	9.71	9.878	10.565	9.548	9.801	9.775	9.848	9.791	9.706	9.712	9.669	9.596
HG00566	9.6177	9.5743	9.849	10.59	10.251	9.803	10.041	10.177	10.052	9.859	9.989	9.625	10.146	10.224	9.9	9.48	9.056	8.877	10.029	10.003	9.708	9.828	9.792
HG00567	9.6893	9.7025	9.9809	10.655	10.368	10.416	10.401	10.189	9.885	9.619	9.886	9.98	10.17	10.418	9.794	9.479	9.244	9.312	10.295	10.047	9.817	9.848	9.966
HG00577	9.6519	9.6612	9.9384	9.926	9.474	10.046	9.842	9.722	9.544	9.85	10.026	9.976	9.945	10.362	9.915	9.877	9.917	10.093	10.163	10.0	9.856	10.075	10.085
HG00578	9.4981	9.4964	9.7689	10.115	9.827	9.824	9.823	9.717	9.844	9.73	10.049	9.695	9.855	10.125	9.502	9.776	9.697	9.662	9.697	9.716	9.475	9.596	9.592
HG00579	9.5437	9.5429	9.8167	10.323	9.635	10.339	9.943	9.866	9.892	9.795	9.757	9.925	9.982	10.079	9.671	9.789	9.879	9.71	9.634	9.714	9.768	9.787	9.594
HG00580	9.928	9.8763	10.1597	10.095	10.291	10.36	10.242	10.108	10.531	10.448	10.316	9.98	9.936	10.732	10.036	10.251	10.2	10.047	10.157	10.067	10.075	10.102	10.385
HG00581	9.4541	9.6022	9.8777	8.852	8.636	8.308	8.712	8.796	8.675	9.43	9.755	9.796	10.118	10.233	9.912	9.913	9.868	10.002	10.084	9.846	10.379	10.187	10.047
HG00582	9.7634	9.7749	10.0553	9.723	9.942	9.88	10.032	10.112	10.065	9.805	9.874	10.06	10.056	10.229	10.107	10.089	10.412	10.025	10.14	9.877	10.172	10.031	9.924
HG00583	9.6918	9.6976	9.9759	9.035	10.32	10.165	9.995	10.06	9.854	9.777	9.832	9.869	9.836	10.457	9.916	10.176	10.035	10.093	9.927	10.118	9.962	9.974	10.221
HG00584	9.6814	9.6905	9.9685	10.065	9.849	9.941	9.503	9.745	9.823	9.915	10.063	9.862	9.907	10.102	10.13	9.79	9.946	10.032	10.031	10.123	9.988	9.87	10.193
HG00585	9.5678	9.5632	9.8376	9.583	9.734	9.846	9.827	9.827	9.788	9.746	9.762	10.084	9.486	10.179	9.713	9.772	9.906	10.058	9.786	9.834	9.868	9.906	10.141
HG00589	9.5263	9.4953	9.7678	9.809	9.088	10.076	9.904	9.983	9.94	9.689	9.779	9.962	9.71	10.323	9.854	9.941	9.465	9.969	9.675	9.63	9.659	9.547	9.768
HG00590	9.4805	9.4102	9.6802	10.266	9.919	9.878	9.86	9.804	9.782	9.985	9.586	9.828	9.824	10.498	9.588	9.59	9.75	9.466	9.584	9.598	9.676	9.822	9.585
HG00591	9.5725	9.5706	9.8452	10.188	10.216	10.093	9.847	9.764	10.027	9.757	9.689	9.88	9.775	10.144	9.883	9.841	9.715	9.761	9.773	9.683	9.749	9.859	9.787
HG00592	9.6311	9.6729	9.9504	8.268	9.397	9.752	9.756	9.892	10.046	9.932	9.84	10.069	10.184	10.207	9.757	9.796	9.919	9.863	9.939	10.078	10.174	10.216	9.945
HG00593	9.6109	9.647	9.9238	8.785	9.688	9.91	10.035	9.622	10.006	9.873	9.947	10.042	9.78	9.43	10.078	9.965	9.742	9.852	9.984	10.11	9.906	10.119	10.024
HG00594	9.4744	9.5224	9.7957	8.304	9.203	9.969	10.342	10.077	10.114	9.776	9.893	9.531	10.146	9.903	9.752	9.671	9.46	9.728	9.772	9.593	9.703	9.834	9.518
HG00595	9.5875	9.6342	9.9107	10.024	10.157	9.768	9.855	9.97	9.944	9.621	9.781	9.842	9.505	10.182	10.234	9.949	10.182	9.684	9.871	9.975	9.79	9.556	9.653
HG00596	9.6641	9.6643	9.9416	10.551	10.082	10.393	10.123	9.779	9.842	9.891	10.094	9.765	9.912	10.343	10.036	9.925	9.868	9.876	10.036	9.734	9.731	9.945	9.593
HG00597	9.5766	9.5872	9.8623	9.278	9.766	9.592	9.494	9.817	9.766	10.014	9.843	10.132	9.69	10.078	9.883	9.746	9.621	9.882	9.928	9.85	10.037	10.113	9.817
HG00598	9.6438	9.6181	9.8941	10.178	9.731	9.847	9.803	9.654	9.939	9.719	9.804	9.88	10.104	10.258	9.994	10.032	10.056	9.879	10.083	9.777	9.898	9.868	9.952
HG00599	9.7307	9.7604	10.0405	10.168	10.042	10.177	10.123	10.157	10.136	9.878	10.124	9.996	10.117	10.347	9.69	9.865	10.03	9.885	9.855	10.029	10.071	9.89	9.672
HG00607	9.6298	9.637	9.9135	9.458	10.333	9.772	9.945	10.052	10.151	9.62	9.826	9.793	10.198	10.349	9.682	10.1	9.853	10.099	9.834	9.855	9.699	9.818	9.867
HG00608	9.731	9.7401	10.0196	9.97	10.003	10.032	10.047	10.169	10.068	9.85	10.04	9.857	9.994	10.279	10.097	9.842	9.762	10.108	10.135	9.992	10.062	10.037	10.031
HG00609	9.7182	9.7233	10.0023	9.608	10.474	10.054	10.209	10.04	10.233	10.027	10.187	10.224	9.924	10.659	9.709	9.855	9.811	10.174	9.953	9.943	9.929	10.118	9.863
HG00610	9.6754	9.6746	9.9522	9.965	9.766	9.657	9.748	9.797	9.744	9.817	9.737	10.095	10.006	10.537	10.009	9.972	9.881	10.061	10.064	9.947	10.276	10.009	10.002
HG00611	9.81	9.7372	10.0166	10.392	9.829	9.906	9.733	9.953	10.114	9.954	9.983	10.43	10.157	10.525	10.307	10.162	9.613	9.894	10.094	10.073	10.1	10.333	10.035
HG00612	9.7085	9.6829	9.9607	10.449	9.94	10.028	10.209	10.052	9.863	10.123	9.909	9.969	10.036	10.452	9.873	9.881	9.697	9.982	9.838	9.938	9.744	10.016	9.82
HG00613	9.6558	9.6174	9.8934	9.918	9.901	9.67	10.138	10.103	10.128	10.457	10.021	10.092	9.859	10.434	9.887	9.67	9.906	10.014	9.793	9.759	10.073	9.706	9.624
HG00614	10.0034	9.9147	10.1992	11.492	10.251	10.07	10.234	10.358	10.177	10.295	10.302	10.156	10.247	10.733	10.127	10.135	10.257	10.276	10.308	10.251	10.301	10.18	10.297
HG00615	9.8562	9.8007	10.0819	10.441	10.009	9.987	10.326	10.062	9.745	10.157	9.661	10.392	10.162	10.526	10.009	10.135	10.237	10.2	10.222	10.114	10.085	10.237	10.117
HG00619	8.6549	8.615	8.8622	9.719	9.362	8.903	8.823	9.262	9.015	9.17	9.07	9.114	8.971	9.16	9.056	8.196	7.867	8.15	8.829	8.982	9.106	8.782	8.919
HG00620	9.6154	9.6359	9.9124	10.608	10.044	9.598	10.137	10.01	9.984	10.064	9.869	9.906	9.969	10.278	10.144	9.673	9.805	9.587	9.739	9.965	9.725	10.04	9.588
HG00621	8.757	8.7572	9.0084	9.158	8.827	8.715	8.807	9.041	9.051	9.253	9.19	9.12	9.449	9.322	8.922	8.337	7.874	8.087	8.867	9.039	9.242	9.361	8.967
HG00622	9.6783	9.6658	9.9432	10.039	9.848	10.001	9.967	9.993	9.85	9.949	9.616	10.035	9.892	10.471	9.947	10.063	9.762	10.072	9.87	9.918	10.075	10.182	9.936
HG00623	9.7329	9.7349	10.0143	9.809	10.156	9.841	9.969	10.254	10.019	9.746	9.854	10.1	10.143	10.769	9.698	9.99	10.166	10.137	10.029	9.876	10.06	9.776	9.93
HG00625	9.6874	9.6431	9.9198	10.288	10.08	10.072	10.145	9.98	10.08	10.04	9.923	10.003	9.99	10.233	10.04	9.91	9.698	9.729	9.936	9.816	9.966	9.743	9.927
HG00626	9.5805	9.6038	9.8793	9.916	10.285	9.952	9.865	9.927	9.937	9.913	10.09	9.933	9.681	8.697	10.126	9.778	9.634	9.942	9.867	10.034	9.7	9.643	9.781
HG00627	9.5033	9.51	9.7829	9.481	9.791	9.751	9.882	9.602	9.645	9.666	9.825	9.878	9.836	8.86	9.876	9.783	9.63	9.986	10.017	9.815	9.866	9.932	9.953
HG00628	9.6923	9.7193	9.9982	9.346	10.305	9.866	10.014	10.188	9.974	9.701	9.912	9.767	10.338	10.464	9.865	9.808	9.697	9.974	9.995	9.842	9.897	10.102	10.254
HG00629	9.3965	9.3929	9.6624	9.129	9.565	9.758	9.78	9.872	9.754	9.453	9.704	9.651	9.947	10.319	9.564	9.483	9.513	9.605	9.722	9.601	9.722	9.711	9.674
HG00630	9.7642	9.8263	10.1083	9.499	10.445	9.737	9.815	9.503	9.733	9.281	9.704	9.683	10.327	10.645	10.033	10.124	10.052	10.349	10.081	10.256	10.297	10.399	10.326
HG00631	9.7429	9.7582	10.0382	9.148	10.359	10.243	10.261	9.9	10.118	10.041	10.208	10.286	9.802	10.382	9.779	10.017	9.857	9.927	10.047	10.066	10.07	9.879	9.896
HG00632	9.4957	9.4461	9.7172	9.235	9.732	9.627	9.642	9.679	9.573	9.807	9.841	9.802	9.836	10.475	9.89	9.84	9.976	9.724	9.843	9.836	9.739	9.636	9.849
HG00634	9.653	9.6159	9.8918	10.504	10.179	10.02	10.046	10.09	9.951	9.812	10.09	9.862	10.039	10.262	9.567	9.759	9.523	9.975	9.813	9.988	9.888	9.775	9.622
HG00635	9.338	9.4348	9.7055	9.254	8.753	8.74	8.891	9.127	8.838	9.689	9.864	10.145	9.552	10.344	9.724	9.995	9.675	9.895	9.864	9.947	9.687	10.003	9.753
HG00636	9.6113	9.622	9.8981	10.195	9.74	9.843	10.12	9.95	9.857	9.933	9.925	9.723	9.856	10.04	9.727	9.794	9.91	9.942	9.742	9.79	9.891	9.872	9.955
HG00637	10.3788	10.4017	10.7002	11.521	10.759	10.958	10.91	10.587	11.141	10.86	10.645	10.623	10.859	10.618	10.904	10.826	11.026	10.76	10.637	10.324	10.032	10.041	9.947
HG00638	9.9456	9.9764	10.2627	10.442	10.191	10.16	10.635	10.455	10.546	10.719	10.373	10.555	10.785	11.196	10.481	10.499	9.757	9.751	9.661	9.836	9.786	9.572	9.58
HG00639	9.5227	9.5251	9.7984	9.487	9.677	9.994	10.127	10.07	10.035	9.946	9.678	9.824	9.868	10.084	9.773	9.785	9.586	9.734	9.76	9.745	9.568	9.649	9.821
HG00640	9.6661	9.6655	9.9429	10.214	9.989	10.105	9.758	9.924	9.802	10.139	10.204	10.08	10.025	10.149	9.926	9.875	9.881	9.84	10.13	9.913	9.774	9.928	9.744
HG00641	9.8162	9.844	10.1264	9.762	9.975	9.979	10.214	10.21	10.195	10.106	9.873	10.252	9.95	10.412	9.645	10.071	10.02	10.303	10.275	10.205	10.094	10.065	10.328
HG00642	9.6149	9.6757	9.9533	9.533	9.962	9.893	9.987	10.11	9.96	10.227	9.979	10.266	9.874	10.539	9.982	9.873	9.949	9.795	9.713	9.74	9.695	9.674	9.966
HG00650	9.6465	9.6043	9.8798	10.424	9.974	9.601	9.681	9.753	9.863	10.066	9.854	10.182	9.907	10.542	9.728	9.696	9.819	10.036	9.819	10.171	10.04	10.185	9.848
HG00651	7.7388	7.7096	7.9308	8.331	7.929	8.051	8.064	8.159	7.864	7.989	8.038	7.862	8.024	8.216	8.077	7.917	7.769	7.872	7.838	8.0	7.834	7.921	7.882
HG00652	7.6962	7.6685	7.8885	8.005	7.805	7.638	7.771	7.874	7.874	7.749	7.992	7.893	8.052	8.356	7.825	7.956	7.894	8.004	8.009	7.746	8.119	7.757	7.747
HG00653	9.4698	9.4957	9.7682	10.15	10.182	9.639	9.99	9.914	10.027	9.843	9.672	9.538	10.082	10.129	9.666	9.7	9.562	9.58	9.785	9.634	9.631	9.416	9.465
HG00654	9.4846	9.5527	9.8268	9.421	9.096	8.243	8.949	9.075	9.027	9.793	9.709	9.933	10.18	10.418	10.147	9.886	10.39	10.156	9.906	9.891	9.878	9.781	9.942
HG00655	9.5443	9.5484	9.8224	9.56	10.203	9.607	10.108	9.832	9.648	9.811	9.545	9.911	9.834	10.152	9.717	9.776	9.796	9.89	9.703	9.972	9.991	9.666	9.898
HG00656	8.6393	8.628	8.8756	8.708	9.078	8.611	8.752	8.948	8.823	8.771	8.816	8.739	9.207	9.038	8.886	8.803	8.886	8.813	9.072	8.87	8.941	9.045	8.839
HG00657	9.6054	9.5971	9.8725	10.662	10.19	9.784	9.983	9.905	9.968	9.873	9.524	9.957	9.679	10.091	9.674	9.791	9.841	9.972	9.734	9.744	9.872	9.981	9.893
HG00658	8.6936	8.697	8.9465	8.801	9.005	8.883	8.996	8.997	8.968	8.871	9.114	8.88	8.883	9.155	8.697	9.002	8.876	9.046	9.013	9.035	8.938	9.038	8.917
HG00662	9.4586	9.4366	9.7074	9.836	10.064	10.068	9.954	9.74	9.684	9.696	9.726	10.161	9.747	10.145	9.82	9.522	9.837	9.524	9.405	9.677	9.718	9.536	9.545
HG00663	9.887	9.8385	10.1209	10.748	9.895	10.529	10.132	10.138	10.233	10.111	10.205	10.004	10.15	10.587	10.032	10.233	10.098	10.053	10.025	10.335	10.246	10.232	10.091
HG00664	9.7312	9.7018	9.9801	9.658	9.939	9.795	10.133	9.963	9.857	9.734	10.077	9.804	9.895	10.351	9.732	10.146	10.089	10.109	10.088	9.88	9.993	10.309	10.387
HG00671	9.3843	9.5246	9.7979	8.899	8.994	8.924	8.799	8.823	8.689	9.862	9.685	9.707	9.75	10.382	9.908	9.941	9.845	9.989	9.929	10.033	10.004	10.181	9.589
HG00672	9.661	9.6684	9.9458	10.557	10.305	10.161	9.908	10.227	9.604	9.534	9.803	9.689	9.879	9.122	10.199	9.955	9.967	9.759	9.936	10.03	10.123	10.082	9.808
HG00673	9.0471	9.1214	9.3832	8.944	8.922	9.108	8.968	8.791	8.636	9.528	9.615	9.524	9.335	9.062	9.456	9.645	9.539	9.445	9.554	9.53	9.572	9.566	9.221
HG00674	9.5674	9.5888	9.8639	9.591	9.58	9.641	9.799	9.274	9.761	9.828	9.879	9.9	10.026	9.683	9.954	9.847	9.925	10.006	9.775	10.083	9.956	10.004	10.114
HG00675	9.5363	9.5443	9.8182	10.175	9.697	10.098	9.538	10.035	9.855	9.725	9.762	10.079	9.585	9.364	9.775	9.811	9.904	9.629	9.958	9.935	9.884	9.846	9.619
HG00683	9.2992	9.3229	9.5905	10.323	9.819	9.967	9.965	9.495	9.678	9.485	9.597	9.554	9.749	9.692	9.646	9.29	9.655	9.531	9.64	9.366	9.429	9.131	9.118
HG00684	9.2696	9.2424	9.5076	9.574	9.754	9.605	9.533	9.463	9.534	9.199	9.551	9.44	9.651	9.624	9.382	9.661	9.552	9.547	9.602	9.423	9.681	9.706	9.15
HG00685	9.6016	9.5816	9.8565	10.273	9.799	10.033	9.915	9.855	9.768	10.03	10.03	10.055	10.156	10.025	10.122	10.046	9.666	9.764	9.811	9.68	9.81	9.644	9.624
HG00689	9.4599	9.4502	9.7214	9.756	9.837	9.731	9.779	9.783	9.752	9.391	9.53	9.728	9.788	9.979	9.614	9.858	9.699	9.797	9.786	9.735	9.796	9.674	9.717
HG00690	9.3972	9.405	9.6749	7.844	10.061	9.656	9.595	9.671	9.823	9.696	9.477	9.779	10.067	9.586	9.818	9.41	9.737	9.731	9.632	9.683	9.759	9.574	9.732
HG00691	9.9613	9.9424	10.2276	10.017	9.936	10.348	10.595	10.01	10.121	10.032	10.012	10.233	10.14	10.689	10.581	10.516	10.348	10.411	10.183	10.388	9.995	10.354	10.304
HG00692	9.8687	9.8663	10.1494	10.552	10.036	10.423	9.898	10.3	10.256	10.158	10.217	10.245	10.425	10.496	9.866	10.177	10.053	10.07	10.042	10.327	10.085	10.153	9.928
HG00693	9.5803	9.6058	9.8815	9.249	10.486	9.897	10.0	10.061	9.931	9.932	9.975	9.892	9.87	10.126	10.013	9.9	9.729	9.836	9.75	9.71	9.789	9.766	9.516
HG00694	9.614	9.6268	9.903	9.734	10.036	9.847	9.991	9.919	9.944	9.727	9.896	9.761	9.832	10.096	9.745	10.122	9.767	9.831	9.869	10.149	9.962	9.938	9.669
HG00698	9.677	9.6348	9.9113	10.424	10.039	9.906	10.024	9.857	9.842	9.491	9.878	10.016	10.024	10.313	9.677	9.797	9.99	9.95	9.925	10.144	10.009	9.944	9.818
HG00699	9.7022	9.7091	9.9877	9.281	9.578	10.078	10.105	9.984	10.179	9.887	9.738	9.796	10.184	10.265	10.104	10.04	10.003	9.965	9.741	10.093	9.935	10.172	10.226
HG00700	9.6179	9.6222	9.8983	9.932	8.785	10.265	10.13	10.175	9.897	9.813	10.0	10.048	10.142	10.291	9.748	10.172	9.813	9.739	9.826	9.768	9.848	9.785	9.496
HG00701	9.5719	9.5692	9.8437	9.371	10.172	10.274	9.982	9.889	9.896	9.754	9.879	9.653	10.291	10.215	10.305	9.906	9.626	9.868	9.761	9.912	9.602	9.609	9.79
HG00702	9.6035	9.5956	9.871	10.074	9.826	9.835	10.063	10.24	9.792	10.1	9.854	9.573	9.94	10.362	9.611	9.731	9.753	9.887	9.853	9.94	9.937	9.851	9.674
HG00703	9.713	9.6813	9.959	9.889	10.018	9.857	9.801	10.002	9.795	9.832	9.883	9.801	10.417	10.617	9.855	10.161	9.961	9.993	9.917	10.121	9.993	10.124	10.135
HG00704	9.661	9.6028	9.8783	10.883	9.965	10.002	9.949	9.883	10.068	9.987	10.21	10.048	10.356	10.234	10.237	9.827	9.725	9.823	9.822	9.685	9.725	9.714	9.642
HG00705	9.8677	9.8156	10.0973	10.752	10.089	10.098	10.5	10.196	10.225	9.682	10.018	10.235	9.967	10.632	9.723	10.353	10.155	10.365	10.172	10.367	9.846	9.911	9.859
HG00706	9.786	9.7811	10.0617	10.537	10.173	10.035	10.088	10.155	10.168	9.47	9.489	9.933	9.975	10.393	9.819	10.166	9.768	10.214	9.884	10.076	10.122	10.056	10.292
HG00707	9.9425	9.9608	10.2466	9.789	10.627	10.234	10.35	10.23	10.132	9.829	10.221	10.255	10.22	10.649	9.946	10.361	10.435	10.315	10.372	10.176	10.136	10.455	10.398
HG00708	9.761	9.7665	10.0468	9.559	10.285	10.125	9.981	10.021	10.068	9.893	10.131	10.167	10.134	10.502	10.026	9.868	10.167	10.123	9.84	9.988	9.727	10.176	10.177
HG00709	9.6784	9.6561	9.9331	9.329	10.106	10.144	10.161	10.012	9.932	9.419	9.823	9.981	9.967	10.36	9.618	10.125	9.784	9.96	9.956	10.041	9.813	10.113	9.925
HG00717	9.8766	9.8389	10.1212	10.555	10.119	10.551	10.161	10.28	10.14	10.043	10.01	9.878	9.989	10.583	10.248	10.145	9.955	10.154	10.032	10.227	10.308	10.008	10.132
HG00728	9.4363	9.4109	9.6809	9.595	9.434	9.715	9.844	9.763	9.85	9.75	9.602	9.736	9.471	10.139	9.756	9.837	9.879	9.624	9.756	9.73	9.637	9.594	9.515
HG00729	9.778	9.7865	10.0673	10.168	10.188	10.012	9.967	9.718	10.14	9.565	9.94	9.974	10.208	10.627	9.948	10.376	10.159	9.962	10.069	10.133	10.029	10.167	9.995
HG00731	9.7266	9.6778	9.9555	10.342	10.18	10.211	10.262	10.129	9.715	9.571	9.952	10.214	9.954	10.176	9.982	10.123	9.907	9.815	10.134	9.906	9.962	9.964	9.872
HG00732	9.6448	9.6971	9.9753	10.469	10.161	9.764	10.133	9.956	9.765	9.802	9.972	9.426	9.829	7.476	9.843	9.976	9.981	9.987	9.956	9.887	10.011	10.153	10.037
HG00733	9.6919	9.7106	9.9893	10.118	9.794	9.949	10.081	10.088	9.791	9.385	10.1	10.219	9.674	9.578	9.839	10.157	9.727	9.971	10.135	9.984	10.047	10.074	10.297
HG00734	9.6024	9.5472	9.8211	10.184	9.885	9.587	9.588	9.669	9.778	9.678	9.687	10.12	9.82	10.337	9.957	9.942	9.99	9.962	10.011	9.843	9.907	9.685	9.859
HG00735	9.3862	9.406	9.6758	9.509	10.041	10.187	9.712	9.646	9.927	9.791	9.64	9.767	9.939	9.1	9.578	9.711	9.781	9.716	9.755	9.702	9.668	9.508	9.264
HG00736	9.5049	9.4781	9.7501	10.314	9.543	9.579	9.828	9.785	9.65	9.412	9.834	10.003	9.754	9.324	9.699	9.816	9.701	9.815	9.915	9.874	9.772	9.717	9.842
HG00737	9.4697	9.4753	9.7471	10.434	9.776	9.694	9.719	9.877	10.048	9.959	9.981	9.451	9.58	9.562	9.456	9.746	9.713	9.563	9.788	9.718	9.756	9.475	9.378
HG00738	9.7226	9.751	10.0308	10.238	9.76	9.891	9.923	9.806	9.892	9.816	9.986	10.092	9.688	9.774	10.029	10.055	10.169	10.158	10.224	10.111	10.032	10.072	10.03
HG00739	9.5173	9.4777	9.7497	11.364	10.071	9.708	9.803	10.006	9.742	9.72	9.687	9.86	10.001	9.905	9.438	9.658	9.933	9.934	9.57	9.76	9.754	9.559	9.743
HG00740	8.6128	8.638	8.8858	8.521	8.777	8.74	8.731	8.781	8.862	9.022	8.661	8.857	9.017	8.374	8.818	8.829	9.139	9.129	8.807	9.071	8.804	9.079	9.059
HG00741	9.6777	9.6549	9.9319	11.32	9.996	9.978	10.209	9.704	9.8	10.022	10.034	9.917	10.021	9.759	9.804	10.052	9.895	9.904	9.906	9.965	9.99	9.951	9.851
HG00742	9.4643	9.4965	9.769	10.325	9.946	9.817	9.704	9.736	9.879	9.797	9.662	9.756	9.654	8.466	9.769	9.679	9.908	9.695	9.77	9.757	9.705	9.548	9.679
HG00743	9.605	9.634	9.9105	9.102	10.127	10.066	9.797	9.855	9.887	9.72	9.72	10.049	9.617	10.28	9.696	9.558	9.742	10.104	10.179	9.955	9.989	9.919	9.913
HG00759	9.6629	9.659	9.9362	9.948	9.96	9.857	9.999	9.918	9.857	9.597	9.784	9.91	9.831	10.298	10.117	10.117	9.923	9.906	9.93	9.868	10.248	9.95	9.992
HG00766	9.8935	9.8513	10.134	10.452	10.2	9.655	9.984	9.794	10.154	10.536	10.474	10.164	10.177	10.611	9.867	10.281	10.09	10.144	10.095	10.112	10.191	9.897	10.113
HG00844	9.5617	9.5299	9.8033	9.954	9.895	10.209	9.817	9.643	9.854	9.747	9.821	9.94	9.987	10.162	9.812	9.834	9.894	9.868	9.577	9.834	9.729	9.846	9.881
HG00851	9.698	9.6629	9.9402	10.607	10.232	9.862	9.854	10.021	9.778	9.74	9.802	9.552	9.847	10.545	9.583	10.107	9.804	10.009	9.791	10.018	9.886	9.906	10.176
HG00864	9.5902	9.5807	9.8556	9.694	9.944	10.022	9.886	9.81	9.869	10.124	10.067	9.99	10.079	10.141	9.902	9.736	9.76	9.904	9.883	9.768	9.75	9.687	9.746
HG00867	9.6612	9.6787	9.9564	8.456	10.469	9.697	9.866	9.861	9.944	10.05	9.817	9.97	10.047	10.175	9.866	9.855	9.91	9.891	9.891	10.013	10.018	9.931	9.907
HG00879	9.6697	9.6196	9.8956	11.049	9.838	9.688	9.841	10.133	10.124	9.625	9.896	9.768	9.765	10.359	9.756	10.249	9.763	9.989	10.104	9.732	10.008	9.864	9.619
HG00881	9.498	9.5364	9.81	8.932	9.844	9.684	9.716	9.478	9.799	9.71	9.662	9.56	10.065	10.394	9.58	9.898	9.915	9.559	9.925	9.904	9.959	9.974	9.658
HG00956	9.6239	9.6951	9.9733	7.558	10.003	9.868	9.968	10.194	10.004	9.942	10.041	10.05	9.445	9.688	10.098	9.899	9.653	9.803	10.054	9.974	9.834	9.922	10.032
HG00978	9.679	9.6929	9.9711	9.739	10.111	9.849	9.907	10.114	10.295	10.094	10.14	10.189	9.726	9.392	9.648	10.044	10.062	9.778	10.106	9.824	9.921	9.824	9.905
HG00982	9.7491	9.7791	10.0597	10.162	9.797	9.661	9.787	10.061	10.056	9.81	10.042	10.296	10.216	9.773	9.818	10.059	10.068	9.878	10.033	10.224	10.16	9.727	10.127
HG01028	9.6619	9.6636	9.9409	9.45	10.102	9.805	9.676	10.097	10.113	9.829	9.894	10.081	10.031	10.384	9.718	9.629	10.102	9.979	10.055	9.823	9.738	9.914	10.235
HG01029	9.666	9.6669	9.9443	10.303	9.882	9.772	9.892	10.092	9.995	9.609	9.738	10.161	10.126	10.596	9.702	10.038	9.999	10.233	10.052	9.923	9.735	9.663	9.777
HG01031	9.6635	9.7049	9.9833	8.445	10.469	9.983	9.866	10.1	9.934	10.258	9.952	9.764	10.123	9.01	10.354	9.721	9.864	10.076	9.948	9.676	10.059	9.963	9.911
HG01046	9.8369	9.8193	10.1011	10.623	10.152	10.173	10.511	10.316	10.273	9.758	10.002	10.419	10.085	10.255	10.085	10.19	9.833	10.027	10.05	9.858	9.861	9.757	10.224
HG01047	8.5965	8.6306	8.8783	8.582	9.207	8.871	9.061	9.195	8.854	8.918	9.187	8.982	8.906	6.578	8.876	8.923	8.761	8.852	8.79	9.059	8.863	8.773	8.453
HG01048	10.2817	10.3993	10.6977	11.716	11.194	10.846	10.758	10.943	10.984	10.908	10.709	10.733	10.776	10.343	10.588	10.85	10.615	10.635	10.568	9.933	9.615	9.625	9.674
HG01049	9.5499	9.5529	9.827	9.269	9.523	9.931	9.756	9.773	9.996	9.975	9.858	9.838	9.975	9.588	10.125	9.853	9.904	9.675	9.692	9.816	9.993	9.868	9.709
HG01050	9.6198	9.6428	9.9195	10.501	9.761	9.542	9.74	10.025	9.902	9.877	9.984	9.844	9.909	9.13	9.912	9.788	9.97	10.067	9.921	9.816	9.654	9.858	10.087
HG01051	9.6593	9.6902	9.9682	10.405	9.938	9.914	9.91	9.923	10.096	9.847	10.206	10.272	9.796	8.602	10.04	9.905	9.803	10.05	10.12	10.15	9.819	9.985	9.866
HG01052	10.2524	10.3282	10.6246	11.224	11.276	11.082	10.712	11.046	10.774	10.654	10.803	10.633	10.547	10.446	10.876	10.802	10.342	9.862	10.056	9.89	9.917	10.237	10.754
HG01053	9.6418	9.6093	9.885	10.357	10.022	9.671	10.275	9.601	9.814	10.076	10.135	10.008	9.884	9.322	9.625	9.954	9.924	9.735	9.889	10.188	9.89	9.998	9.711
HG01054	9.1217	8.9587	9.2158	9.899	9.866	8.857	9.005	8.98	8.993	9.022	9.167	9.107	8.823	8.449	8.997	8.851	8.673	9.659	10.061	9.756	10.014	10.079	10.152
HG01055	9.5838	9.5306	9.8041	10.693	11.031	9.837	9.947	9.641	9.732	9.623	10.009	9.501	9.903	8.288	9.58	9.98	9.831	10.713	10.608	9.877	9.555	9.616	9.684
HG01056	9.0932	8.8764	9.1311	9.904	9.917	8.823	8.878	9.067	8.921	8.73	8.871	8.952	8.826	8.534	9.03	9.1	8.995	9.773	9.97	9.965	9.936	9.912	9.964
HG01058	9.6147	9.5112	9.7841	11.609	9.771	9.833	9.932	9.695	9.993	9.896	9.761	9.837	9.881	9.582	9.565	9.977	9.896	9.639	10.075	9.992	9.772	9.826	9.776
HG01060	10.1795	10.2434	10.5373	10.698	10.763	10.636	10.757	10.752	11.07	10.672	10.853	11.131	10.696	11.262	10.599	10.82	10.085	9.786	10.048	10.063	9.951	9.973	10.176
HG01061	9.8929	9.8828	10.1664	9.79	10.378	10.374	10.122	10.306	10.243	10.192	10.445	9.915	10.29	10.166	10.355	10.092	10.098	10.43	9.877	10.064	10.17	10.021	10.262
HG01062	9.6377	9.6504	9.9273	8.878	10.275	10.073	9.823	10.117	10.137	10.026	10.123	9.981	9.911	10.477	9.875	9.837	9.95	9.982	9.882	9.903	9.895	9.947	9.786
HG01063	9.5901	9.5823	9.8572	8.397	10.118	9.767	9.558	9.694	10.054	9.984	9.835	9.903	10.064	10.273	9.898	9.77	10.11	9.943	9.852	10.042	9.863	9.801	9.814
HG01064	10.1632	10.2105	10.5034	11.239	11.104	10.448	10.669	10.511	10.64	10.652	10.701	10.45	10.753	9.584	10.79	10.859	11.048	10.75	10.69	10.024	9.767	9.557	9.776
HG01066	9.7122	9.6934	9.9716	10.289	9.999	9.735	9.8	9.922	10.085	9.914	9.998	9.999	10.065	10.426	9.855	10.365	9.98	9.945	9.957	9.909	9.681	9.98	10.0
HG01067	9.5994	9.7086	9.9871	8.4	9.742	9.88	10.177	10.008	10.109	9.883	9.766	9.801	10.066	9.331	9.908	10.107	10.169	9.953	9.839	9.996	9.904	9.863	9.754
HG01068	9.8031	9.7814	10.0621	9.17	9.747	10.056	10.085	9.941	10.142	9.871	9.997	10.212	9.829	10.435	10.199	10.056	10.143	10.146	10.124	10.077	10.306	10.174	10.27
HG01069	9.6824	9.7453	10.025	8.623	9.739	9.982	10.156	10.121	9.983	10.106	10.2	9.989	9.997	10.29	10.112	10.029	10.08	9.93	9.772	9.815	9.89	9.968	9.929
HG01070	9.648	9.6689	9.9464	9.402	9.765	9.701	9.839	9.7	9.766	9.857	9.797	9.968	10.024	10.403	9.881	10.414	10.014	9.832	9.822	10.037	10.29	9.907	9.93
HG01071	9.5718	9.5557	9.8299	9.542	9.514	9.371	9.925	9.937	9.882	9.502	9.865	9.823	9.957	10.387	9.841	9.783	9.743	9.807	10.091	9.956	9.787	9.86	9.86
HG01072	9.6758	9.6962	9.9744	9.141	9.751	9.834	9.94	9.828	9.867	9.86	9.756	10.046	9.915	10.288	10.008	10.17	10.321	10.108	9.973	10.024	10.128	10.194	9.864
HG01073	9.6023	9.5848	9.8598	11.198	9.701	10.18	9.802	9.678	9.851	10.012	9.796	10.206	9.611	9.586	9.674	9.984	9.745	10.075	9.935	9.961	9.992	9.791	9.913
HG01074	9.717	9.7001	9.9784	10.311	9.599	9.606	9.994	9.725	9.996	9.98	9.861	10.059	10.184	10.014	9.919	9.76	10.002	10.13	9.898	10.189	10.04	10.081	10.168
HG01075	9.6635	9.711	9.9897	8.392	10.404	10.029	9.9	10.061	10.131	10.091	9.898	9.935	9.972	10.278	9.698	9.887	9.958	9.788	10.016	10.008	9.823	9.779	9.776
HG01077	9.4699	9.5267	9.8001	9.562	9.836	9.857	9.792	9.657	9.877	9.453	9.794	9.577	9.938	10.153	9.567	9.999	10.052	9.772	9.786	9.557	9.858	9.801	9.626
HG01079	9.7378	9.7736	10.054	10.537	10.089	10.281	10.183	10.495	10.226	9.867	10.015	10.137	9.673	10.184	10.046	10.079	10.083	10.031	9.91	9.836	9.762	9.926	10.079
HG01080	9.5855	9.5988	9.8742	9.692	10.076	10.14	9.848	9.893	9.682	9.647	9.883	9.851	9.904	10.221	9.981	10.024	9.893	9.832	9.885	9.853	9.814	9.791	9.715
HG01081	9.66	9.6606	9.9378	9.572	9.905	9.998	10.131	10.361	9.979	9.808	9.963	9.67	9.994	10.306	10.094	9.98	9.938	9.865	10.007	9.972	9.789	10.012	9.789
HG01082	9.7381	9.7127	9.9914	10.266	9.484	10.012	10.104	10.077	10.158	9.984	9.928	9.96	10.034	9.477	10.01	10.068	10.023	10.227	9.875	10.101	9.991	9.822	10.055
HG01083	8.8428	8.776	9.0278	10.137	9.599	10.0	10.124	9.699	8.95	8.961	8.894	8.93	8.886	9.185	8.855	8.949	8.769	8.852	8.776	9.219	8.982	9.02	9.198
HG01084	9.59	9.5746	9.8493	10.277	9.611	9.497	9.97	9.859	9.821	9.808	10.071	10.107	9.868	9.64	9.83	9.983	9.967	9.842	10.047	9.937	9.649	9.697	9.902
HG01085	8.6585	8.6514	8.8997	9.292	9.333	8.661	8.782	8.886	8.891	8.942	8.754	8.797	8.838	9.267	8.805	8.962	8.769	8.945	8.837	9.089	8.918	8.987	8.72
HG01086	9.5149	9.5194	9.7926	8.363	9.687	9.511	9.511	9.858	10.025	10.072	9.901	10.041	9.862	10.169	9.806	9.836	9.865	9.982	9.894	9.841	9.828	9.59	9.573
HG01087	9.569	9.5453	9.8192	9.483	10.098	10.258	9.828	10.122	10.276	10.246	10.013	9.978	9.753	10.237	9.831	9.725	9.917	9.78	9.728	9.754	9.747	9.494	9.54
HG01088	10.9585	10.808	11.1181	10.62	10.604	10.858	11.036	10.755	11.123	11.044	11.072	11.802	11.898	11.971	12.721	12.908	12.894	12.749	11.763	10.768	10.833	10.657	10.692
HG01089	10.788	11.0676	11.3852	12.143	11.243	12.178	11.718	11.908	11.445	11.9	11.87	11.805	11.722	11.464	11.657	11.58	10.216	10.219	9.916	10.161	10.01	10.221	9.939
HG01092	9.7628	9.7296	10.0087	10.469	10.031	10.137	9.915	9.919	10.103	9.847	10.138	10.131	10.21	10.491	9.892	9.989	10.528	10.093	9.955	10.032	9.994	9.752	10.013
HG01094	9.6467	9.6096	9.8853	10.431	9.854	9.562	9.839	10.09	9.818	10.151	9.87	10.201	9.894	9.511	9.763	9.892	9.717	9.875	9.973	10.087	10.026	9.914	9.899
HG01095	9.6241	9.62	9.8961	10.032	9.584	9.794	9.788	9.788	9.84	9.351	9.95	9.651	9.759	9.963	9.924	9.77	9.973	9.838	10.107	9.865	10.151	10.229	9.922
HG01096	9.8631	9.824	10.1059	9.814	9.363	9.475	9.78	9.736	9.801	9.833	10.127	10.17	10.066	9.568	10.067	10.309	10.234	10.168	10.265	10.528	10.518	10.538	10.47
HG01097	9.518	9.6018	9.8773	9.1	9.926	9.99	10.006	10.013	9.746	10.046	9.938	9.713	9.832	8.446	9.734	9.784	9.711	9.854	9.777	9.972	9.903	9.855	9.651
HG01098	9.6789	9.734	10.0133	10.475	10.006	9.89	9.786	10.041	10.068	9.88	10.044	9.588	9.979	10.049	9.822	9.739	9.927	10.035	10.166	9.901	9.822	9.973	9.787
HG01099	9.7895	9.8465	10.1291	9.877	10.235	9.908	9.941	10.142	9.917	9.984	10.119	9.913	10.1	9.605	9.999	10.171	10.281	10.214	10.18	10.124	10.061	10.316	10.17
HG01100	10.0401	10.1911	10.4835	10.13	10.158	10.262	10.539	10.467	10.606	10.832	10.715	10.631	10.676	10.188	10.62	10.615	10.641	10.667	10.517	9.593	9.615	9.588	9.395
HG01101	9.7168	9.7429	10.0224	10.408	10.209	10.282	9.954	10.033	10.082	10.062	10.001	10.01	10.164	10.136	9.752	10.077	10.082	9.994	9.932	10.098	9.955	9.453	9.131
HG01102	9.8428	9.7972	10.0784	10.657	9.958	9.92	9.933	10.047	10.123	9.905	10.091	10.339	10.233	10.749	9.988	10.013	10.26	10.068	10.027	10.008	10.071	10.408	10.035
HG01103	9.6031	9.5804	9.8553	10.449	10.181	9.971	9.989	9.87	9.837	10.086	9.936	9.534	9.905	10.124	9.8	9.788	9.538	9.753	9.713	9.995	9.755	9.676	9.741
HG01104	9.8366	9.8016	10.0829	10.41	9.939	10.179	9.726	9.704	10.004	10.098	10.009	10.095	10.17	10.431	9.959	9.906	10.055	10.001	10.2	10.201	10.332	10.286	10.209
HG01105	9.7353	9.8004	10.0816	9.569	9.984	9.871	9.949	10.12	10.163	10.025	10.192	9.874	9.979	9.754	10.333	10.105	10.212	10.087	9.94	10.04	9.964	9.861	10.054
HG01106	9.7516	9.7623	10.0424	10.113	9.899	10.02	9.845	10.084	9.843	9.994	10.073	10.156	9.701	9.581	10.139	9.997	9.809	10.352	10.16	9.936	10.077	10.262	10.253
HG01107	10.5458	10.8662	11.178	10.147	11.172	11.037	11.049	11.181	11.205	11.342	11.339	11.255	11.392	9.152	11.538	11.143	11.223	11.322	11.112	9.799	9.669	9.587	9.473
HG01108	9.5161	9.4929	9.7653	10.798	9.828	9.887	9.758	9.838	9.582	9.898	9.494	9.66	9.741	10.318	9.757	9.974	9.997	9.835	9.819	9.757	9.705	9.571	9.436
HG01109	9.4893	9.533	9.8066	8.836	9.967	9.578	9.897	10.23	9.866	9.8	9.806	9.882	9.792	8.852	9.625	9.9	9.849	9.836	9.748	9.89	9.81	9.667	9.788
HG01110	9.3887	9.3547	9.6231	10.136	10.023	9.462	9.832	9.565	9.506	9.741	9.664	9.715	9.282	9.524	9.662	9.653	10.003	9.774	9.752	9.493	9.506	9.61	9.616
HG01111	10.3415	10.4478	10.7475	11.43	10.711	10.862	10.635	10.906	11.158	10.825	10.556	10.548	11.141	9.493	10.442	10.942	11.013	11.078	10.89	10.001	10.061	10.027	9.954
HG01112	9.8222	9.7639	10.0441	10.242	9.861	9.978	10.028	9.964	9.942	10.073	9.648	10.125	10.085	10.695	9.928	10.245	10.217	10.052	10.165	10.243	10.139	10.103	10.222
HG01113	10.7283	10.7772	11.0864	10.661	11.01	10.889	10.883	11.271	11.377	11.438	11.603	11.631	11.243	11.955	11.3	11.398	10.77	10.668	10.51	10.789	10.866	10.587	10.774
HG01114	9.697	9.7295	10.0087	8.69	10.04	10.269	9.933	10.508	9.982	9.929	10.068	9.866	9.881	10.371	9.938	10.188	9.847	9.97	9.648	10.13	10.075	10.193	9.942
HG01119	9.7228	9.7015	9.9799	10.565	10.104	9.674	9.92	9.925	10.159	9.947	10.114	10.421	9.697	9.954	10.087	10.068	9.762	9.943	9.95	10.092	9.937	10.06	9.995
HG01121	9.7003	9.6499	9.9268	10.996	10.162	9.594	9.809	9.799	9.948	9.872	9.969	9.831	9.706	9.499	9.852	9.918	9.948	9.993	10.121	9.983	10.249	9.976	10.044
HG01122	9.6159	9.6635	9.9408	8.968	10.321	10.141	9.902	9.913	10.214	9.987	9.715	10.017	9.888	10.461	9.739	9.861	10.042	9.863	9.788	9.683	10.032	9.918	9.743
HG01124	9.4645	9.4028	9.6726	10.632	9.864	9.921	9.564	9.921	9.857	9.629	9.504	9.667	9.616	10.335	9.904	9.832	9.602	9.509	9.616	9.761	9.773	9.545	9.504
HG01125	9.8783	9.7783	10.0589	11.323	10.64	10.769	11.007	10.64	10.784	10.538	10.36	11.039	10.244	10.793	9.977	10.464	9.968	9.588	9.556	9.817	9.576	9.581	9.424
HG01126	10.2429	10.2668	10.5614	11.451	11.19	10.798	10.84	10.918	10.765	10.941	10.869	11.106	11.051	11.062	10.791	10.731	10.114	9.661	9.842	10.044	9.779	9.756	9.83
HG01130	9.585	9.5299	9.8034	12.14	9.701	9.898	9.859	9.794	9.983	9.748	9.806	9.588	9.899	10.399	9.829	9.859	9.776	9.668	9.927	9.561	9.786	9.98	9.67
HG01131	9.693	9.649	9.9258	10.244	9.553	10.009	9.946	9.58	9.813	9.995	9.836	10.238	9.918	9.914	10.245	10.0	9.943	9.956	10.043	10.085	9.929	9.998	10.01
HG01133	9.7425	9.8111	10.0926	8.455	9.901	9.583	9.8	10.281	9.843	9.746	9.836	10.006	10.094	10.802	10.238	10.399	10.212	9.956	10.2	10.211	10.039	9.945	10.016
HG01134	9.6215	9.6303	9.9067	9.327	9.904	9.543	9.708	9.874	9.586	9.782	9.806	9.715	9.921	10.238	9.808	9.871	10.159	9.789	10.117	10.056	9.915	10.028	10.1
HG01135	9.4652	9.5215	9.7947	9.103	9.384	9.77	9.761	10.057	9.814	9.755	9.822	9.619	9.753	10.122	9.415	9.642	9.475	10.102	9.999	9.834	9.642	9.815	9.722
HG01136	10.548	10.5836	10.8873	11.381	10.63	10.988	10.763	10.99	10.558	10.918	11.032	11.104	11.19	9.772	10.978	11.524	11.256	11.31	10.962	10.258	10.545	10.559	10.471
HG01137	9.5255	9.5602	9.8345	9.477	10.016	9.92	10.111	10.0	10.177	9.895	9.677	9.709	9.574	9.37	9.904	9.842	10.09	9.803	9.778	9.542	9.852	9.709	9.728
HG01138	9.7075	9.7592	10.0393	9.566	9.81	10.053	10.182	10.092	10.207	10.219	10.101	10.253	10.69	9.397	9.829	9.895	9.884	10.033	10.041	10.066	9.922	10.063	9.938
HG01139	9.6666	9.7644	10.0445	9.013	10.164	9.775	9.766	10.054	9.835	10.025	9.922	10.106	9.784	8.31	9.587	9.886	10.019	10.061	10.146	10.026	10.114	10.209	9.996
HG01140	9.615	9.5616	9.8359	10.227	9.718	9.457	9.574	9.93	9.939	9.803	9.818	9.946	9.791	10.445	9.83	10.009	10.13	9.919	9.984	9.735	9.824	9.822	9.776
HG01141	9.5758	9.6642	9.9415	8.691	9.652	9.633	9.436	9.524	9.53	9.787	9.764	9.954	9.782	9.423	9.882	10.009	10.064	10.12	10.038	10.165	10.217	10.267	10.075
HG01142	9.6852	9.6774	9.955	9.066	10.136	10.116	9.634	9.836	10.053	9.858	9.815	10.122	9.958	10.465	9.786	9.98	9.86	10.066	10.006	10.145	9.929	10.174	10.097
HG01148	9.7887	9.8116	10.0932	9.945	9.94	10.065	10.081	9.916	10.082	10.02	9.932	10.399	9.919	9.886	9.815	10.112	10.216	9.931	10.204	10.356	10.283	10.074	10.171
HG01149	9.7066	9.7015	9.9798	10.415	9.818	10.371	10.174	10.258	10.231	10.112	10.056	10.213	9.977	9.695	10.003	9.796	9.951	9.928	10.077	10.05	9.886	9.839	9.108
HG01150	9.5906	9.6146	9.8905	9.591	9.87	10.04	10.234	9.692	10.055	9.975	10.064	9.985	9.731	9.282	9.869	9.646	9.642	10.145	9.727	9.818	9.91	9.825	9.93
HG01161	9.6056	9.606	9.8816	10.42	9.808	10.105	9.918	9.851	9.803	9.783	10.086	9.789	10.013	8.429	9.966	9.803	9.993	9.855	9.979	9.854	9.881	9.934	9.906
HG01162	9.5506	9.5994	9.8748	9.636	10.099	9.84	9.748	9.782	9.866	9.659	9.753	9.754	9.796	9.305	9.863	9.945	9.688	9.884	10.017	9.816	9.723	9.999	9.759
HG01164	9.679	9.6798	9.9576	10.229	9.971	9.714	9.767	9.66	9.94	9.846	9.856	10.048	10.078	9.701	9.803	10.052	10.257	10.003	9.986	9.929	9.932	10.053	9.97
HG01167	9.7338	9.6978	9.9761	10.79	10.115	10.114	9.928	10.051	10.197	10.145	10.035	10.395	9.88	10.354	9.827	9.736	9.801	10.03	9.921	10.027	9.77	10.041	9.876
HG01168	9.627	9.5999	9.8753	10.672	9.969	9.997	9.607	9.949	9.578	9.992	9.783	9.753	9.67	9.667	9.442	9.887	9.748	9.912	9.879	10.283	9.826	10.323	10.003
HG01169	9.7219	9.7455	10.0251	8.844	10.06	10.147	9.818	9.909	9.972	9.866	9.855	9.804	9.975	10.425	9.814	9.894	10.223	10.039	10.156	10.237	10.212	10.118	10.257
HG01170	9.7254	9.7817	10.0624	9.372	9.798	10.2	9.95	10.202	10.083	9.893	9.94	10.16	10.411	10.489	9.695	10.228	10.08	10.159	9.861	9.986	9.993	9.966	9.946
HG01171	10.7214	11.059	11.3764	10.885	11.883	11.331	11.678	11.757	11.863	11.645	11.676	11.856	12.04	12.494	11.45	11.721	10.35	10.078	10.209	10.174	10.037	10.141	9.871
HG01172	10.8449	11.4462	11.7747	9.974	11.944	12.245	12.157	12.03	11.929	12.116	12.196	11.921	11.906	12.51	11.675	12.01	10.223	10.443	10.15	10.129	9.702	10.177	10.357
HG01173	8.6325	8.6246	8.872	9.309	9.235	8.875	8.848	8.97	8.966	8.98	8.388	9.134	8.753	9.434	9.003	8.79	8.723	8.945	8.838	8.826	8.937	8.995	8.501
HG01174	9.7831	9.777	10.0576	10.363	9.627	10.353	10.044	10.19	10.133	9.778	10.086	9.922	10.069	8.835	10.027	10.068	10.21	10.045	10.11	10.018	10.218	10.121	10.244
HG01175	9.7801	9.7596	10.0397	10.53	10.172	10.137	9.957	10.25	10.01	9.993	10.105	10.177	10.145	10.467	10.075	9.704	9.965	9.917	10.129	10.124	9.935	9.889	10.054
HG01176	9.6104	9.6154	9.8913	9.481	9.992	10.121	10.029	9.778	9.871	10.019	10.121	10.055	9.829	10.254	9.893	9.821	9.932	9.735	9.901	9.901	9.919	9.832	9.733
HG01177	9.6089	9.6301	9.9064	9.435	9.691	10.094	9.858	9.846	10.04	9.773	9.944	9.945	9.929	10.226	9.79	9.989	9.991	10.028	9.806	9.808	9.983	9.726	9.741
HG01178	9.6304	9.6328	9.9092	8.119	9.08	9.558	9.79	9.62	9.854	10.011	9.782	9.655	9.714	10.617	9.775	9.995	10.089	10.11	10.15	10.161	10.142	10.026	9.743
HG01182	9.554	9.5006	9.7732	10.75	10.02	9.864	9.716	9.792	9.949	9.722	9.5	10.1	9.822	10.165	9.514	9.623	9.815	9.456	9.856	9.722	9.731	9.689	9.778
HG01183	9.4834	9.4645	9.736	9.427	9.821	9.841	9.86	9.72	9.74	9.365	9.655	9.651	9.727	10.414	9.651	9.726	9.636	9.982	9.771	9.759	9.802	10.035	10.063
HG01184	9.7465	9.7579	10.0379	9.282	9.934	9.941	9.92	9.995	10.136	10.216	9.867	10.253	9.899	10.337	10.354	10.132	9.726	10.159	9.881	10.07	10.171	10.356	10.134
HG01187	9.5295	9.4791	9.7511	10.484	9.919	9.809	9.87	9.897	9.808	9.387	9.725	10.058	9.513	10.139	9.676	9.969	9.842	9.663	9.966	9.852	9.762	9.715	9.64
HG01188	9.6345	9.6526	9.9295	9.638	9.674	9.762	9.928	10.055	9.937	9.835	9.955	9.851	9.793	10.123	10.279	10.149	9.898	9.801	9.771	9.906	10.039	9.924	9.689
HG01189	9.6888	9.6813	9.9591	10.03	10.138	9.995	9.907	10.172	9.87	9.684	10.216	10.051	9.764	10.488	10.036	10.096	9.845	10.005	10.03	9.656	9.835	9.975	9.984
HG01190	9.7916	9.7568	10.0367	10.219	9.847	9.959	10.168	9.852	10.069	10.089	9.937	10.156	9.806	10.311	10.066	10.175	9.886	10.089	10.06	10.136	10.205	10.145	10.173
HG01191	9.729	9.688	9.9659	11.428	9.858	9.722	9.992	9.833	10.257	9.94	9.908	9.807	10.014	8.655	9.716	10.226	9.991	10.022	10.07	9.78	10.087	10.06	10.313
HG01192	9.6894	9.6051	9.8807	10.502	9.843	10.036	10.111	10.051	10.252	10.106	9.551	10.094	9.888	9.599	9.697	9.649	10.093	9.948	9.836	9.955	10.058	9.813	10.011
HG01197	10.1942	10.2536	10.5478	11.349	11.114	10.762	11.253	10.619	10.853	10.875	10.52	11.029	10.882	11.136	10.571	10.636	10.249	9.942	9.778	10.07	9.9	9.814	9.768
HG01198	9.7648	9.7242	10.0032	11.442	9.96	10.146	9.672	9.9	10.0	10.188	9.816	9.915	10.098	10.607	9.928	10.036	9.855	10.04	9.972	9.801	10.112	10.095	9.997
HG01199	9.7114	9.6344	9.9108	10.75	9.795	10.255	9.947	9.84	10.005	9.942	9.901	9.998	10.111	10.576	9.776	9.969	9.916	9.941	9.882	10.175	9.765	9.996	9.926
HG01200	9.6147	9.5654	9.8399	9.788	9.718	10.084	10.038	9.756	9.92	9.999	9.87	9.877	9.974	10.254	9.593	9.687	9.992	9.833	9.751	9.962	9.974	9.923	9.759
HG01204	7.6829	7.6555	7.8752	8.606	8.355	7.989	8.105	7.848	7.812	7.82	7.981	7.474	7.972	8.01	8.102	7.905	8.054	7.875	7.727	7.867	7.631	7.81	7.709
HG01205	10.2651	10.3304	10.6268	12.199	10.785	10.796	10.745	10.87	10.848	11.07	10.678	10.893	10.74	8.712	10.72	10.755	10.485	10.582	10.393	9.859	10.099	9.827	9.742
HG01206	7.6941	7.6582	7.8779	9.208	7.867	8.187	7.715	7.849	7.85	7.785	7.956	7.985	7.856	7.447	8.054	7.838	8.047	8.073	8.038	7.876	7.83	7.757	7.786
HG01241	9.3497	9.3561	9.6246	9.336	9.497	9.663	9.629	9.738	9.784	9.479	9.503	9.427	9.656	9.079	9.372	9.525	9.827	9.945	9.64	9.57	9.721	9.554	9.71
HG01242	9.5172	9.5537	9.8278	10.205	10.081	10.098	9.783	9.712	9.723	9.832	9.796	9.962	9.902	8.535	10.282	9.914	9.565	9.817	9.784	9.767	9.682	9.839	9.649
HG01243	9.8798	9.9147	10.1992	9.103	9.552	9.846	9.783	9.805	9.961	10.069	10.16	10.048	10.165	10.002	10.138	9.901	10.196	10.339	10.37	10.455	10.727	10.385	10.53
HG01247	9.4697	9.4695	9.7413	9.577	9.674	9.336	9.758	9.605	9.975	9.682	10.131	10.095	10.06	9.889	9.458	9.587	10.101	9.871	9.758	9.662	9.668	9.547	9.629
HG01248	10.4727	10.5598	10.8628	10.738	10.913	10.779	11.012	10.998	11.356	11.103	11.032	11.021	11.189	10.504	10.852	10.969	11.079	10.833	11.043	10.007	10.04	9.968	9.993
HG01249	9.7719	9.7381	10.0175	10.148	9.799	10.101	9.966	9.764	9.94	9.926	9.889	10.143	10.259	9.54	9.951	9.886	10.098	10.102	10.25	10.233	10.469	10.116	10.111
HG01250	9.6041	9.5462	9.8201	10.462	9.968	9.956	10.009	9.987	9.823	9.638	9.945	10.066	9.782	10.335	9.698	9.73	9.94	9.701	9.701	9.825	9.675	9.647	9.85
HG01251	9.5966	9.5837	9.8586	10.244	9.682	9.973	9.888	9.689	9.951	9.795	9.816	9.959	9.795	9.487	9.923	9.644	9.824	9.71	9.922	9.986	9.966	9.9	9.775
HG01252	9.6355	9.6185	9.8945	10.214	9.786	9.875	9.777	10.095	10.014	9.838	9.802	10.271	9.662	9.281	9.695	9.682	9.891	10.192	9.809	9.905	9.815	10.096	10.044
HG01253	9.6984	9.6577	9.9348	10.623	10.099	9.752	9.847	10.153	10.136	9.957	9.905	10.033	10.103	9.705	9.948	9.958	10.119	9.897	9.836	9.624	9.788	9.916	9.825
HG01254	9.3622	9.3359	9.6038	8.788	9.696	9.814	9.538	9.595	9.461	9.769	9.868	9.433	9.775	10.136	9.755	9.628	9.596	9.688	9.839	9.472	9.745	9.561	9.628
HG01255	9.5198	9.4995	9.7721	9.07	9.466	10.189	9.392	10.012	9.586	9.931	9.601	9.794	9.813	9.537	9.679	9.992	9.881	9.983	10.054	9.744	9.752	9.994	10.072
HG01256	9.6167	9.5785	9.8534	10.401	10.01	9.854	9.794	10.038	10.051	9.412	9.88	9.89	9.732	9.741	9.745	9.875	10.155	10.058	9.801	9.803	9.765	9.839	9.87
HG01257	9.7624	9.7529	10.0328	9.902	10.34	10.471	10.104	9.854	10.354	10.008	10.049	10.024	9.978	10.204	10.188	9.992	10.142	9.906	10.089	9.881	10.088	9.926	9.955
HG01258	9.7169	9.6986	9.9769	10.293	9.854	9.905	10.019	9.996	9.739	9.725	9.948	10.094	9.806	9.663	10.213	9.852	10.093	10.145	10.079	10.301	9.996	9.995	9.939
HG01259	10.3636	10.3848	10.6827	11.11	10.874	10.75	10.913	10.835	11.077	10.827	11.285	11.368	11.063	11.457	11.228	11.224	10.245	10.168	10.366	10.329	10.226	10.195	9.999
HG01260	9.5405	9.5487	9.8227	9.149	9.744	9.797	9.581	9.824	9.585	9.975	9.972	9.74	9.812	10.255	9.909	9.839	9.76	10.032	10.017	9.798	9.802	9.785	9.762
HG01261	9.6912	9.683	9.9608	9.694	9.731	10.37	9.969	9.95	10.033	9.996	9.961	10.28	9.927	10.547	9.788	9.977	10.116	10.088	9.988	10.115	9.879	9.951	9.6
HG01269	9.3713	9.3324	9.6002	11.646	9.19	9.867	9.752	9.575	9.585	9.623	9.534	9.726	9.72	9.495	9.715	9.544	9.389	9.505	9.501	9.718	9.608	9.67	9.604
HG01271	10.4547	10.4744	10.7749	10.744	11.875	10.878	11.078	10.922	11.062	11.272	11.378	11.041	11.072	9.735	11.327	10.986	10.28	10.386	10.216	10.607	10.429	10.481	10.355
HG01272	9.4272	9.4457	9.7168	9.32	9.511	9.217	9.456	9.499	9.41	9.648	9.519	10.035	9.801	9.283	9.97	9.779	9.803	9.772	9.688	10.112	9.888	9.852	9.718
HG01273	10.1093	10.1938	10.4863	10.839	10.79	10.657	10.944	10.72	10.677	10.724	10.835	10.872	10.693	10.412	10.813	10.746	9.993	9.849	9.894	9.898	9.951	10.084	9.977
HG01274	9.8948	9.8744	10.1577	11.102	9.913	10.222	9.979	10.174	10.071	9.977	9.895	10.009	9.918	10.451	10.444	9.904	10.285	10.132	10.209	10.043	10.218	10.304	10.501
HG01275	9.7127	9.7114	9.9901	10.377	9.943	10.302	10.296	9.897	9.805	10.008	9.891	10.098	9.979	10.118	9.835	9.851	10.011	10.242	9.786	10.227	9.964	9.808	9.823
HG01276	9.8823	9.8478	10.1303	10.545	9.895	10.224	10.079	10.081	10.06	10.197	10.371	10.217	10.042	10.448	9.69	10.129	10.242	10.273	10.226	9.917	10.226	10.135	10.174
HG01277	9.7579	9.7214	10.0003	11.21	10.036	9.936	9.875	9.82	10.005	9.973	9.952	9.907	10.137	10.646	9.814	10.28	9.991	9.998	9.97	10.275	10.057	9.737	9.902
HG01278	9.5174	9.4798	9.7518	10.034	10.05	10.056	9.875	9.968	9.738	9.792	9.752	9.831	10.008	9.659	9.886	9.889	9.805	9.789	9.51	9.863	9.641	9.596	9.532
HG01279	9.6177	9.5608	9.8352	11.279	9.971	9.971	10.049	10.057	9.957	9.607	9.857	9.893	9.624	9.412	9.854	9.818	9.616	9.875	9.808	9.885	9.94	9.863	9.901
HG01280	9.3485	9.3412	9.6092	10.038	9.742	9.648	9.89	9.67	9.774	9.715	9.494	9.783	9.545	9.123	9.478	9.663	9.499	9.618	9.738	9.532	9.607	9.591	9.42
HG01281	9.664	9.5687	9.8433	10.434	9.419	10.252	9.886	9.706	9.743	9.442	9.868	9.924	10.095	10.343	10.339	9.799	9.663	10.019	9.87	10.087	10.026	9.953	9.843
HG01284	9.5545	9.4894	9.7617	10.372	10.171	9.821	9.952	9.578	9.743	9.77	9.699	9.698	9.783	10.249	9.559	9.82	9.838	9.84	9.887	9.85	9.749	9.846	9.886
HG01286	9.7165	9.7243	10.0033	7.668	9.983	9.896	10.331	10.109	10.091	10.402	10.195	9.908	10.063	10.522	10.095	10.15	9.771	9.731	9.894	10.114	10.009	9.934	9.717
HG01302	9.7781	9.7416	10.0212	10.706	10.213	10.138	10.081	10.197	9.92	10.198	10.097	10.251	10.262	9.705	9.894	10.192	9.991	9.937	10.084	9.912	9.798	10.056	9.874
HG01303	9.4932	9.4652	9.7368	10.651	10.088	10.12	9.899	9.998	9.62	9.755	9.635	10.217	9.661	9.64	9.756	9.586	9.738	9.721	9.561	9.58	9.72	9.72	9.527
HG01305	10.878	11.1443	11.464	13.338	11.961	11.726	11.948	11.92	11.636	11.611	11.607	11.88	11.726	12.207	11.893	11.791	10.295	10.145	10.146	9.971	10.155	10.013	10.006
HG01308	9.9467	9.9426	10.2279	10.516	9.809	10.117	9.713	9.808	9.868	10.373	9.989	10.063	10.199	11.053	10.07	10.277	10.24	10.302	10.265	10.498	10.415	10.35	10.629
HG01311	9.5834	9.5745	9.8492	11.1	9.878	9.424	9.612	9.911	9.962	9.931	9.935	10.091	9.9	9.408	9.534	9.831	10.427	9.616	9.762	9.931	9.644	9.949	9.728
HG01312	9.5778	9.557	9.8312	10.485	10.061	9.832	9.846	9.821	9.853	10.102	10.051	9.633	9.56	9.618	9.849	9.726	10.02	9.752	9.946	9.701	9.975	9.625	9.785
HG01323	10.0267	10.1777	10.4697	13.091	10.744	10.182	10.494	10.565	10.476	10.678	10.667	10.413	10.686	9.564	10.582	10.62	10.795	10.448	10.373	9.734	9.526	9.573	9.682
HG01325	9.787	9.8068	10.0882	9.184	9.769	9.961	9.948	9.881	10.012	9.85	9.992	10.287	10.157	10.469	9.99	10.155	10.074	10.279	10.09	10.16	10.223	10.222	10.093
HG01326	9.6064	9.6086	9.8843	9.319	9.947	10.229	9.862	9.84	10.229	9.872	9.716	10.022	9.885	10.269	9.637	10.127	9.77	9.933	9.888	9.742	9.826	9.788	9.785
HG01334	9.5905	9.5694	9.844	10.18	9.831	9.766	9.907	9.81	9.501	9.794	9.913	10.129	9.786	10.402	9.875	9.862	9.837	9.829	9.768	9.797	9.872	9.906	9.907
HG01341	9.6117	9.5563	9.8305	10.254	9.964	10.102	9.885	9.742	10.135	9.803	9.781	10.178	9.822	9.536	9.901	9.732	9.854	9.852	9.981	10.028	9.889	9.787	9.653
HG01342	9.6468	9.6221	9.8982	10.026	10.096	9.933	9.891	9.981	10.273	9.778	9.621	9.786	9.776	9.346	9.892	10.003	9.868	9.651	10.018	10.103	9.859	10.028	9.867
HG01343	9.5847	9.6175	9.8934	9.754	9.971	10.163	10.016	10.147	9.805	10.093	9.972	9.819	9.778	9.352	10.095	9.632	10.126	9.882	9.95	9.819	9.566	9.839	9.514
HG01344	9.7917	9.8337	10.1159	8.645	9.874	9.897	10.345	10.028	10.141	9.8	10.156	10.239	10.264	10.711	10.125	10.01	9.849	10.165	10.147	10.348	9.994	10.08	10.353
HG01345	9.7416	9.6959	9.9741	9.605	9.756	10.479	9.932	9.752	9.818	9.322	9.915	10.022	9.806	10.803	10.031	9.961	9.899	10.211	10.025	10.214	10.063	10.078	10.307
HG01346	9.7879	9.8161	10.0978	8.685	9.438	9.983	9.94	9.804	9.646	9.502	9.939	10.305	9.85	10.285	9.962	10.11	9.983	10.258	10.382	10.371	10.559	10.288	10.499
HG01347	9.6071	9.5656	9.84	11.448	9.55	9.827	9.946	9.974	9.832	10.023	9.816	9.886	9.669	9.232	9.768	9.694	9.929	9.98	9.909	9.909	9.881	10.038	9.944
HG01348	9.7677	9.7311	10.0103	10.439	9.759	9.659	9.574	9.812	9.682	10.028	9.783	9.959	10.14	10.543	10.246	9.905	9.966	10.021	10.124	10.286	10.181	10.227	10.271
HG01349	9.7476	9.7592	10.0392	12.39	10.087	10.015	10.018	9.909	9.926	10.099	9.929	10.536	9.885	9.559	10.052	9.879	9.694	9.958	10.117	10.131	9.962	10.126	9.993
HG01350	10.0444	9.9621	10.2479	11.255	9.8	10.215	10.167	9.987	10.431	10.262	10.064	10.666	10.15	10.655	10.431	9.97	10.099	10.361	10.398	10.473	10.313	10.6	10.366
HG01351	9.5663	9.5612	9.8355	10.267	9.815	9.486	9.832	9.906	9.699	9.553	9.805	9.874	9.838	9.299	9.95	9.896	9.921	10.055	9.887	9.908	9.961	9.91	9.669
HG01352	9.6594	9.6581	9.9352	11.053	10.092	10.096	10.242	9.917	9.78	10.072	10.148	9.853	9.921	9.552	9.889	9.796	9.895	9.966	9.949	10.086	9.971	9.843	9.585
HG01353	9.6217	9.5886	9.8637	10.548	9.798	9.474	9.65	9.856	9.986	9.738	10.006	10.306	9.806	10.381	9.789	9.576	10.168	9.876	9.953	9.92	9.749	9.741	9.72
HG01354	9.5362	9.493	9.7654	11.37	9.745	10.084	9.904	10.015	9.932	9.917	9.89	9.905	9.591	7.265	9.532	9.997	9.794	9.735	9.613	9.688	9.681	9.756	9.764
HG01355	9.6775	9.6429	9.9196	11.148	10.075	10.026	9.914	9.83	9.847	9.843	9.932	9.841	9.787	9.595	9.766	9.886	9.871	10.172	9.947	9.831	10.051	10.081	10.145
HG01356	9.456	9.4719	9.7437	9.544	9.727	9.772	10.151	9.809	9.87	9.744	9.76	10.075	9.917	10.18	9.658	9.525	9.911	9.764	9.651	9.657	9.707	9.619	9.432
HG01357	9.6356	9.5987	9.8741	11.279	9.494	10.008	9.753	9.918	9.91	9.867	9.738	9.669	9.831	8.637	9.897	9.998	9.886	10.289	9.908	10.06	9.91	9.903	9.891
HG01358	9.647	9.6567	9.9338	10.825	9.526	9.818	9.701	9.93	9.887	9.991	9.895	9.88	9.91	9.382	9.757	9.969	9.828	9.882	10.018	10.213	9.972	10.078	9.711
HG01359	10.0865	10.1377	10.4286	10.605	10.149	10.25	9.939	9.844	10.44	10.544	10.237	10.38	10.609	10.881	10.589	10.374	10.117	10.538	10.488	10.53	10.35	10.375	10.208
HG01360	9.7734	9.7535	10.0334	10.387	9.806	9.967	9.975	10.117	9.978	10.236	10.023	10.276	10.038	10.373	10.103	9.968	10.074	10.207	10.034	9.988	10.099	9.911	9.847
HG01361	9.9662	9.9228	10.2075	11.176	9.721	10.566	10.246	10.158	10.211	10.301	10.28	10.149	10.079	10.797	10.418	9.912	9.985	10.282	10.206	10.324	10.006	10.238	10.256
HG01362	9.8593	9.8575	10.1403	10.504	10.096	10.003	9.978	9.934	9.85	10.311	9.925	10.303	10.157	10.412	10.29	10.151	10.224	10.013	10.107	10.222	10.356	10.085	9.976
HG01363	9.7615	9.7375	10.0169	11.08	9.692	9.837	9.849	9.914	9.805	9.998	10.312	10.106	10.027	9.412	9.987	10.292	9.993	9.857	10.255	10.004	10.159	9.845	10.005
HG01365	9.6856	9.7211	10.0	8.895	9.535	10.05	10.117	9.727	10.146	10.04	10.016	10.126	9.975	10.502	10.206	9.99	9.858	9.999	10.137	10.177	9.926	9.912	9.85
HG01366	10.0451	9.9833	10.2697	10.994	10.159	9.941	10.106	9.984	10.045	10.349	9.942	10.459	10.397	9.933	9.893	10.188	10.209	10.451	10.352	10.568	10.48	10.772	10.668
HG01367	9.3726	9.3537	9.6221	8.815	9.522	9.689	9.773	9.373	9.671	9.595	9.582	9.637	9.342	9.346	9.653	9.733	9.814	9.808	9.556	9.868	9.713	9.846	9.799
HG01369	9.7906	9.7453	10.0249	10.268	10.144	10.289	9.976	10.16	10.266	9.975	9.775	9.875	10.215	10.484	10.063	10.203	10.177	9.853	9.98	10.078	10.201	10.021	9.974
HG01372	9.7469	9.7041	9.9825	10.145	9.912	9.401	9.898	9.898	9.998	9.987	9.693	9.877	9.632	10.376	9.842	10.39	10.257	10.053	9.952	10.078	10.187	10.085	10.047
HG01374	9.6688	9.6423	9.919	9.487	10.376	10.297	10.017	9.923	10.022	9.998	9.837	9.902	9.793	10.108	9.603	9.914	9.776	10.039	10.051	9.854	10.018	10.037	10.11
HG01375	9.507	9.4663	9.7379	10.573	9.838	9.797	9.601	9.804	9.79	9.439	9.887	9.889	9.71	10.093	9.864	9.689	9.558	9.852	9.646	9.868	9.696	9.702	9.498
HG01376	9.8358	9.7776	10.0581	9.993	9.893	10.417	9.929	9.805	9.751	9.949	9.823	10.037	9.646	10.325	10.076	10.171	10.114	10.055	10.214	10.125	10.228	10.61	10.279
HG01377	9.9434	10.1688	10.4606	9.74	10.803	10.578	10.544	10.628	10.441	10.745	10.567	10.706	10.7	9.497	10.458	10.4	10.674	10.496	10.559	9.494	9.621	9.281	9.368
HG01378	9.6767	9.6345	9.911	11.096	9.622	9.824	9.792	9.634	9.324	9.172	9.862	9.897	9.741	10.146	10.131	10.014	9.833	10.156	10.215	10.128	10.137	9.93	10.026
HG01379	10.0099	10.0956	10.3853	10.625	10.338	10.367	10.37	10.566	10.308	10.186	10.643	10.704	10.586	9.387	10.712	10.529	10.399	10.688	10.507	9.909	9.81	9.419	9.708
HG01383	9.8323	9.8107	10.0922	10.05	9.815	9.933	9.871	9.711	9.885	10.011	9.937	10.195	10.028	10.482	10.134	10.131	10.096	10.257	10.103	10.367	10.072	10.282	10.367
HG01384	9.9057	9.9036	10.1878	10.277	9.734	9.818	9.713	9.727	9.795	9.982	10.15	10.318	10.06	10.709	10.308	10.142	10.493	10.444	10.303	10.414	10.191	10.363	10.296
HG01385	9.9672	9.9496	10.235	11.272	10.23	10.01	9.958	9.946	9.858	10.39	10.21	10.236	10.248	10.395	10.016	10.083	9.861	10.052	10.245	10.525	10.508	10.564	10.536
HG01389	9.6069	9.6035	9.879	10.182	10.044	10.025	9.743	9.963	9.889	9.722	9.86	10.094	9.852	9.402	9.801	9.945	9.954	9.845	9.881	10.007	9.798	9.804	9.83
HG01390	9.4862	9.4835	9.7556	10.325	9.98	9.59	9.859	9.767	9.71	9.73	9.681	9.633	9.504	10.096	9.79	9.671	9.637	9.663	9.821	9.79	9.717	9.689	9.639
HG01391	9.7969	9.7472	10.0269	10.54	9.98	10.228	9.974	9.905	9.846	9.963	9.769	10.197	10.054	9.604	10.245	10.16	10.36	9.862	10.077	10.214	10.107	10.109	10.168
HG01392	9.6037	9.6855	9.9635	8.691	9.773	10.103	9.899	9.965	9.885	10.106	9.937	10.121	10.045	10.712	9.876	9.929	9.779	9.969	9.758	9.837	9.989	9.806	9.645
HG01393	9.4883	9.5632	9.8376	9.625	9.647	9.609	10.004	9.671	10.016	9.76	9.612	10.016	10.077	10.411	9.816	9.747	9.623	8.815	8.967	9.855	10.044	9.981	9.827
HG01395	10.2432	10.2635	10.558	11.635	10.739	10.37	10.704	10.376	10.734	10.838	10.506	11.098	10.606	10.256	10.738	10.669	10.931	10.886	10.88	10.198	10.019	10.01	9.95
HG01396	9.7147	9.6589	9.936	10.436	9.876	9.855	9.785	9.82	10.23	9.921	9.877	9.796	9.957	10.394	9.937	9.934	10.136	10.095	9.962	10.135	10.03	9.846	9.966
HG01398	9.5413	9.5747	9.8494	8.821	9.934	9.726	9.858	9.84	9.851	10.032	9.889	9.932	9.731	8.799	9.905	9.946	9.784	9.86	9.772	9.895	9.905	9.972	9.78
HG01402	9.8493	9.8365	10.1188	10.372	10.062	9.894	9.542	9.853	10.092	9.868	10.038	9.996	10.276	10.288	9.997	10.052	10.403	10.035	10.305	10.225	10.054	10.219	10.235
HG01403	9.5259	9.5869	9.862	9.873	9.928	10.012	9.616	9.932	9.901	9.845	9.702	10.334	9.957	10.192	9.698	9.526	9.958	9.811	9.785	9.823	9.563	9.65	9.694
HG01405	10.5638	10.8427	11.1538	12.991	12.033	11.871	11.404	11.451	11.605	11.423	11.367	11.509	11.278	10.822	11.101	11.099	10.69	10.652	10.01	9.264	9.471	9.315	9.16
HG01412	9.5771	9.6205	9.8965	9.692	10.076	10.313	9.763	9.802	10.061	9.631	9.883	9.558	9.947	10.3	9.744	9.882	9.984	9.986	9.821	9.894	9.808	9.641	9.539
HG01413	10.2874	10.373	10.6706	11.603	10.663	10.962	10.733	10.523	10.742	10.876	11.09	10.813	10.707	10.294	10.816	11.004	10.88	11.014	10.621	9.671	9.872	9.998	9.512
HG01414	10.2083	10.2258	10.5192	10.172	10.545	10.94	10.587	10.836	10.697	10.934	10.97	11.306	11.013	10.948	10.563	11.048	10.146	9.912	10.103	10.124	9.976	10.256	9.974
HG01431	9.9014	9.8639	10.147	11.655	9.895	9.825	9.88	9.908	9.835	10.096	10.107	10.12	10.104	9.681	10.231	10.049	10.03	10.038	10.231	10.368	10.452	10.508	10.659
HG01432	9.4887	9.4073	9.6773	11.082	10.405	9.998	9.728	9.749	9.844	9.79	9.775	9.986	9.844	9.963	9.803	9.683	9.765	9.395	9.528	9.712	9.536	9.404	9.109
HG01433	9.7553	9.762	10.0422	10.459	9.764	10.036	10.022	9.917	10.034	9.928	10.02	10.272	9.858	9.312	9.99	9.934	9.986	10.175	10.071	9.994	10.179	10.096	10.044
HG01435	9.5926	9.6398	9.9164	9.255	9.84	9.6	9.769	9.634	9.682	10.014	9.807	9.952	9.993	10.335	9.405	9.981	10.037	9.865	9.959	9.999	10.018	9.996	9.906
HG01437	8.7571	8.7388	8.9896	9.555	8.964	9.315	9.091	9.251	9.269	9.026	9.027	9.167	8.982	8.602	9.03	9.057	8.824	8.847	8.97	9.014	9.015	8.772	8.75
HG01438	9.7773	9.7773	10.0578	10.38	10.268	9.955	10.072	9.887	9.692	10.124	9.947	9.81	10.03	10.292	9.874	10.202	10.035	10.065	10.073	10.228	10.214	9.855	9.966
HG01439	9.5624	9.5387	9.8124	10.161	9.601	9.979	9.846	9.815	9.619	9.825	9.791	9.486	9.746	9.218	9.915	9.584	9.835	9.854	10.057	9.945	9.868	10.169	9.799
HG01440	8.471	8.5106	8.7548	8.346	8.197	8.757	8.806	8.578	8.525	8.871	8.755	8.532	8.87	8.827	8.833	8.848	8.674	8.668	8.719	8.783	8.779	8.625	8.674
HG01441	9.7431	9.7842	10.0649	9.086	9.116	9.579	10.073	9.963	9.764	10.136	10.114	10.179	10.068	10.602	10.125	9.807	10.39	10.172	10.073	10.024	10.171	10.228	10.317
HG01443	9.4819	9.5096	9.7824	9.23	10.079	10.168	9.752	9.75	9.75	9.614	9.752	9.829	9.85	9.946	9.639	9.973	9.799	9.903	9.654	9.83	9.761	9.682	9.579
HG01444	10.4229	10.297	10.5925	11.01	10.316	10.875	10.962	10.82	10.942	11.175	11.286	10.981	11.168	11.215	11.0	11.074	10.065	10.473	10.214	10.49	10.177	10.44	10.018
HG01447	9.6985	9.734	10.0133	9.127	10.218	10.044	9.798	9.539	9.81	9.904	10.259	10.311	10.067	8.667	9.749	10.199	10.254	10.067	9.977	9.977	10.324	10.153	9.986
HG01455	9.4765	9.5019	9.7745	7.875	9.725	9.509	9.409	9.578	9.648	9.827	10.107	9.749	9.768	9.276	9.829	9.901	9.724	9.794	9.685	9.892	9.748	10.103	9.979
HG01456	10.0544	10.0748	10.3639	10.067	9.975	10.451	10.362	10.152	10.196	10.385	10.363	10.606	10.409	10.738	10.361	10.201	10.198	10.401	10.544	10.443	10.564	10.453	10.195
HG01457	9.6354	9.667	9.9444	9.555	9.823	10.015	9.956	9.73	9.548	10.005	9.998	9.788	10.053	10.31	10.102	9.634	9.873	9.995	9.867	9.981	10.048	9.936	10.054
HG01459	9.763	9.6945	9.9727	11.208	10.043	9.741	9.848	9.82	9.708	9.979	9.895	10.33	9.962	10.437	10.047	10.162	9.889	9.803	10.029	10.198	10.231	10.172	10.003
HG01461	10.2543	10.351	10.648	11.192	10.878	11.157	10.675	10.785	10.89	11.249	11.257	10.875	10.598	9.505	10.565	10.709	10.521	10.683	10.613	9.837	9.681	9.78	9.874
HG01462	9.4493	9.4079	9.6779	10.472	9.857	9.79	9.957	9.847	9.776	10.141	9.663	9.717	9.659	9.9	9.899	9.54	9.835	9.587	9.68	9.475	9.441	9.422	9.525
HG01463	10.2908	10.4436	10.7432	11.199	10.825	10.957	10.861	10.949	10.578	10.895	10.943	11.008	10.63	9.807	10.686	10.972	10.788	11.159	10.845	9.887	9.952	9.932	9.974
HG01464	9.674	9.6324	9.9088	10.982	9.726	9.455	9.42	9.808	9.514	9.937	9.777	10.143	9.938	10.283	10.069	9.846	10.082	10.214	9.882	10.084	10.223	9.947	10.098
HG01465	9.7695	9.7746	10.0551	10.435	9.952	9.805	9.62	10.07	10.029	10.075	10.015	10.264	9.94	10.155	9.903	10.247	10.068	10.183	10.051	10.118	9.887	9.792	10.018
HG01466	9.6668	9.6326	9.909	11.26	9.598	9.957	9.836	10.211	9.784	10.129	9.873	10.08	9.842	10.266	9.781	10.077	9.731	9.781	9.889	9.922	9.936	9.83	9.707
HG01468	9.7735	9.8159	10.0976	10.08	9.337	9.753	9.448	9.735	9.894	10.113	10.129	10.048	9.963	10.243	9.971	10.13	10.257	10.106	10.224	10.259	10.172	10.1	10.396
HG01474	9.6731	9.7447	10.0243	8.627	9.214	9.649	9.877	9.741	9.813	9.955	9.868	10.27	10.154	9.416	10.058	10.027	10.217	10.089	10.108	10.131	10.28	10.313	10.058
HG01479	9.6151	9.5355	9.8091	11.436	10.025	9.963	9.825	9.938	9.705	9.86	10.001	9.836	9.792	10.124	9.782	9.737	9.71	9.907	9.891	9.812	9.799	9.763	9.905
HG01485	9.6925	9.6797	9.9574	11.04	9.652	9.574	9.594	9.699	9.97	9.987	9.979	9.64	9.702	8.362	9.903	10.01	9.977	10.119	9.952	10.161	10.249	10.218	10.012
HG01486	10.3472	10.3666	10.664	12.085	11.173	10.812	10.762	10.638	10.72	10.58	11.157	10.951	10.902	8.496	10.667	10.98	11.219	10.922	10.887	10.16	10.126	10.129	9.982
HG01488	9.3461	9.3881	9.6575	8.958	9.221	9.342	9.301	9.554	9.748	9.771	9.694	9.91	9.808	9.324	9.559	9.584	9.74	9.828	9.704	9.705	9.666	9.601	9.602
HG01489	9.819	9.7253	10.0044	11.283	10.105	9.947	9.882	10.169	10.195	9.711	10.176	9.671	10.08	10.262	10.15	10.067	9.928	10.185	10.147	9.933	10.037	9.945	9.952
HG01490	9.6577	9.6439	9.9206	10.205	10.127	9.772	9.873	10.264	9.74	10.026	9.865	10.061	9.857	9.53	9.841	9.905	9.766	9.664	9.846	10.139	9.916	10.065	10.211
HG01491	9.6151	9.6526	9.9296	9.52	9.544	9.69	9.802	9.637	9.496	9.796	9.944	9.722	9.819	10.28	9.712	10.008	9.934	10.079	10.063	10.099	10.112	9.909	10.148
HG01492	9.7265	9.6848	9.9627	10.479	10.084	9.945	9.866	9.997	9.959	10.082	10.191	9.863	9.912	10.272	9.81	9.88	10.221	9.996	9.887	10.041	10.005	9.886	9.863
HG01493	9.6122	9.6131	9.889	9.825	9.352	9.747	9.459	9.583	9.956	9.852	9.68	9.555	9.892	10.18	9.778	9.55	9.927	10.07	9.975	10.029	10.046	10.039	9.998
HG01494	9.6552	9.6314	9.9077	10.475	10.034	10.053	9.784	9.624	9.71	10.022	10.038	9.902	10.211	10.448	10.15	10.018	10.164	9.96	9.922	9.682	9.899	9.745	9.715
HG01495	11.1083	11.1445	11.4643	10.451	10.804	11.292	11.248	11.243	11.159	12.035	11.707	11.618	12.007	11.168	11.55	11.832	11.798	11.881	11.737	11.263	11.105	11.318	11.132
HG01496	9.6497	9.6462	9.9229	9.275	9.508	10.08	9.986	9.917	9.67	9.912	9.811	9.528	10.127	10.323	10.204	10.207	10.013	9.98	10.156	10.074	9.908	9.934	9.882
HG01497	9.7086	9.7024	9.9808	10.288	9.987	9.97	9.923	9.883	10.181	9.542	10.025	10.208	10.006	10.355	9.983	10.195	9.856	9.831	10.084	10.012	9.803	9.856	10.034
HG01498	9.396	9.3827	9.6519	9.793	9.714	9.871	9.637	9.512	9.735	9.564	9.562	9.876	9.57	9.791	9.65	9.571	9.559	9.664	9.779	9.805	9.807	9.5	9.49
HG01499	10.1439	10.1593	10.4508	10.476	10.241	9.891	10.114	9.959	10.108	10.422	10.392	10.144	10.332	10.6	10.514	10.417	10.036	10.807	10.65	10.585	10.835	10.911	10.687
HG01500	9.5797	9.572	9.8466	8.978	9.758	9.976	10.006	9.674	9.938	9.942	9.722	9.897	9.906	10.334	9.552	9.84	10.053	9.669	10.072	9.968	9.918	9.908	9.872
HG01501	10.2201	10.1899	10.4823	11.492	9.941	9.93	9.884	9.992	10.297	10.513	10.351	10.448	10.536	10.913	10.509	10.594	10.223	10.63	10.507	10.811	10.657	11.041	10.718
HG01502	9.7009	9.7015	9.9799	9.554	9.778	9.866	9.879	9.818	10.058	9.929	9.943	9.808	9.882	10.423	9.868	10.107	9.959	10.08	9.95	10.097	10.101	10.171	9.974
HG01503	9.5002	9.499	9.7715	9.813	9.571	9.799	9.362	9.758	9.895	9.529	9.952	9.707	9.929	9.856	9.828	9.734	9.525	9.66	9.862	9.824	9.978	10.075	9.82
HG01504	9.7266	9.752	10.0319	9.582	10.185	10.087	10.159	9.853	10.003	10.05	10.146	9.749	9.828	10.223	9.819	9.869	10.238	10.089	10.061	10.019	10.024	10.159	10.017
HG01505	9.6896	9.6506	9.9275	9.518	9.734	10.108	9.706	9.719	9.838	9.53	9.876	10.19	9.849	10.287	9.955	9.691	10.399	9.957	10.08	10.039	10.23	10.221	10.238
HG01506	9.4709	9.4315	9.7021	11.151	9.797	9.666	9.537	9.715	9.544	9.572	9.724	10.249	9.676	10.134	9.64	9.813	9.554	9.644	9.752	9.943	9.738	9.579	9.506
HG01507	9.4977	9.409	9.6789	11.2	10.1	9.6	9.667	9.649	9.588	9.706	9.717	9.676	9.459	9.873	9.619	9.903	9.629	9.703	9.773	9.94	9.848	9.681	9.581
HG01508	9.7718	9.731	10.0102	11.821	10.037	10.059	10.15	10.15	10.061	9.993	9.862	10.133	10.187	9.82	9.738	9.949	9.974	9.936	10.001	9.851	10.052	10.042	9.928
HG01509	9.5514	9.4906	9.7629	10.444	10.052	9.862	9.783	9.757	9.878	10.021	9.7	10.213	9.928	10.014	9.719	9.57	9.824	9.992	9.606	9.589	9.922	9.681	9.544
HG01510	9.462	9.4837	9.7558	10.208	10.218	9.84	9.586	9.692	9.884	9.659	9.737	9.715	9.531	9.179	9.762	9.613	9.862	9.656	9.749	9.831	9.976	9.65	9.67
HG01511	9.7629	9.8005	10.0817	10.446	10.06	9.703	9.691	10.105	9.959	10.224	10.021	10.169	10.058	9.425	9.961	9.967	10.003	10.152	9.973	10.147	10.09	10.014	10.073
HG01512	9.1055	8.9247	9.1808	9.828	9.665	9.309	8.684	8.835	9.086	8.665	9.101	9.16	9.04	9.175	8.76	9.116	8.913	9.821	9.815	9.866	9.874	9.954	9.976
HG01513	9.7125	9.7001	9.9785	9.998	11.12	10.145	10.108	9.797	9.975	10.007	9.703	10.291	9.869	9.615	9.67	10.12	9.979	9.803	10.139	9.959	9.923	10.302	10.119
HG01514	9.2487	9.1285	9.3904	9.619	9.821	9.171	9.207	9.163	9.327	8.93	8.966	9.243	8.97	8.524	8.97	9.068	9.3	9.858	9.981	10.042	9.87	10.249	9.889
HG01515	9.611	9.5399	9.8136	11.274	9.674	9.81	10.032	9.727	10.177	9.452	10.017	9.805	9.848	10.478	9.819	9.845	10.082	9.669	9.954	9.557	9.847	9.586	9.81
HG01516	9.8148	9.8762	10.1596	9.486	9.778	10.031	9.896	9.768	9.928	10.195	10.043	10.084	9.95	10.441	10.353	10.436	10.144	10.194	9.915	10.283	10.132	10.325	9.998
HG01517	10.4431	10.4402	10.7398	10.521	10.119	10.218	10.424	10.484	10.551	10.529	10.644	10.677	10.836	11.117	10.753	10.897	10.673	10.998	10.739	11.025	11.204	10.892	10.916
HG01518	9.9301	9.9225	10.2073	10.485	9.646	10.085	9.645	10.058	9.975	10.31	10.404	10.145	10.319	10.0	10.234	10.519	10.065	10.352	10.404	10.357	10.265	10.332	10.092
HG01519	9.4413	9.4301	9.7007	10.252	9.53	10.065	9.844	9.728	9.817	9.759	9.643	9.423	9.713	10.034	9.704	9.704	9.762	9.589	9.679	9.725	9.687	9.499	9.454
HG01520	9.8695	9.8608	10.1437	10.615	10.583	10.176	9.968	9.995	9.719	10.152	10.036	10.723	10.068	9.561	9.887	9.963	9.689	10.52	10.188	10.454	10.278	10.368	10.348
HG01521	10.3846	10.4253	10.7244	11.1	10.427	10.585	10.634	10.552	10.622	10.828	11.022	10.878	10.944	9.757	10.645	11.057	11.442	11.063	11.207	10.173	10.463	10.205	10.3
HG01522	10.3219	10.3993	10.6977	11.322	10.762	10.747	10.724	10.632	10.701	10.583	11.12	10.951	10.996	9.734	11.097	11.03	10.807	10.865	10.857	9.963	10.188	10.197	9.936
HG01523	10.5597	10.5217	10.8236	11.288	10.689	10.921	11.114	10.692	10.824	11.065	11.344	11.357	11.154	9.732	11.246	11.072	10.69	11.297	10.873	10.481	10.501	10.587	10.373
HG01524	9.7853	9.8073	10.0887	10.091	9.675	9.809	9.778	9.841	9.828	10.194	9.969	10.115	10.154	10.181	10.099	10.121	10.125	10.109	10.208	10.341	10.31	10.238	10.119
HG01525	9.6573	9.6625	9.9397	9.22	9.5	10.324	10.096	9.934	10.255	9.982	10.098	9.788	9.89	10.302	9.711	9.753	9.967	9.993	9.901	9.832	10.071	9.904	9.789
HG01526	9.6824	9.7116	9.9903	9.257	9.786	9.759	10.028	9.814	9.803	10.159	9.797	9.997	9.759	9.527	9.918	10.095	9.774	10.098	10.254	10.109	10.12	10.166	10.195
HG01527	9.9403	9.9229	10.2076	11.639	10.074	9.724	9.905	9.723	9.71	10.278	10.311	10.17	10.164	8.716	10.139	10.391	10.039	10.256	10.344	10.101	10.337	10.563	10.464
HG01528	9.7178	9.6785	9.9563	10.994	9.822	9.802	9.557	9.568	9.608	9.904	9.686	9.885	10.055	10.202	9.665	9.93	10.222	10.052	10.052	10.286	10.142	10.244	9.985
HG01529	9.741	9.7297	10.0089	10.264	9.842	9.821	10.002	9.968	9.556	10.04	9.823	10.091	10.105	10.222	9.94	9.881	9.855	10.188	9.922	10.049	10.107	10.185	10.16
HG01530	9.6354	9.7534	10.0333	8.683	9.655	9.714	9.853	9.977	10.283	10.122	9.626	10.46	10.056	9.477	9.984	10.027	9.937	9.981	10.081	10.061	9.811	10.111	10.006
HG01531	9.8696	9.9752	10.2615	9.313	9.92	10.141	9.726	9.971	9.923	10.151	10.329	10.076	10.404	10.6	10.05	10.028	9.967	10.116	10.344	10.428	10.335	10.52	10.505
HG01532	10.0978	10.1087	10.3987	10.249	10.39	9.991	10.215	10.462	10.135	10.509	10.336	10.44	10.284	10.468	10.02	10.31	10.345	10.767	10.33	10.76	10.407	10.708	10.726
HG01536	9.9194	9.9568	10.2425	10.028	10.261	10.099	10.364	10.118	10.121	9.956	10.052	10.34	10.17	10.418	10.085	10.308	10.315	10.177	10.265	10.272	10.129	10.416	10.291
HG01537	10.0903	10.0905	10.38	10.448	10.327	10.334	9.742	10.005	10.036	10.169	10.192	9.971	10.627	10.684	10.39	10.342	10.754	10.24	10.29	10.766	10.606	10.793	10.484
HG01538	9.9072	9.9267	10.2115	10.163	10.29	9.754	9.991	10.093	9.906	10.016	10.104	10.097	10.027	10.455	9.785	10.217	9.901	10.171	10.302	10.632	10.371	10.587	10.096
HG01550	9.4636	9.4562	9.7275	10.327	10.012	9.379	9.605	9.797	9.722	9.703	9.752	9.809	9.955	9.954	9.589	9.581	9.702	9.683	9.836	9.721	9.52	9.655	9.673
HG01551	10.003	10.0017	10.2887	10.128	9.63	9.783	9.837	10.037	10.037	10.325	10.392	10.274	10.368	10.852	10.222	10.183	10.311	10.512	10.315	10.581	10.47	10.699	10.61
HG01552	9.6647	9.7322	10.0114	9.156	9.405	9.438	9.627	9.554	9.817	10.243	9.868	9.728	10.184	10.248	9.959	9.765	9.654	10.294	10.042	9.891	10.325	10.209	10.2
HG01556	9.4877	9.5497	9.8238	9.02	9.713	9.847	10.033	9.69	9.64	9.594	9.932	10.069	9.714	8.329	10.151	9.73	9.774	9.886	9.876	9.836	9.927	9.863	9.564
HG01565	9.8626	9.8894	10.1732	9.62	10.177	10.177	10.427	10.17	10.118	10.203	10.011	10.062	10.357	10.595	10.411	10.023	10.242	10.361	9.999	10.116	10.183	9.913	10.092
HG01566	9.7508	9.6958	9.974	10.173	10.015	9.513	9.951	9.864	10.083	9.917	10.172	10.239	9.879	10.317	10.113	9.802	9.674	10.285	9.912	10.036	9.969	10.114	9.983
HG01567	9.8572	9.881	10.1646	9.858	9.83	10.064	9.874	9.941	9.66	9.9	10.132	10.329	9.973	10.732	10.198	10.212	10.169	10.198	10.278	10.394	10.128	10.547	10.11
HG01571	9.7902	9.7394	10.0188	10.342	9.935	9.639	9.506	9.843	9.856	9.88	9.926	9.887	10.084	10.474	9.934	9.97	10.113	10.046	10.276	10.271	10.291	10.013	10.389
HG01572	9.4973	9.5617	9.836	9.655	9.835	10.04	9.82	9.788	9.764	9.977	9.795	10.003	9.729	9.417	9.862	9.431	9.754	9.855	9.757	10.033	9.748	9.895	9.631
HG01573	9.6486	9.6508	9.9277	10.168	9.825	9.904	9.968	10.036	9.99	9.92	9.997	9.808	10.16	10.204	9.972	10.021	9.929	9.806	9.824	9.917	9.861	10.011	9.587
HG01577	9.2723	9.3775	9.6466	9.41	9.668	10.009	9.681	9.649	9.335	9.253	9.944	9.442	9.701	9.373	9.772	9.715	9.123	8.665	8.851	9.744	10.023	9.883	9.939
HG01578	9.7806	9.7215	10.0004	10.477	9.808	9.632	9.934	9.859	9.716	9.982	9.938	10.056	10.187	10.539	10.087	10.009	9.956	9.969	10.16	10.084	10.267	10.358	10.022
HG01579	9.5412	9.5358	9.8094	10.176	9.522	9.948	9.731	9.847	9.632	9.749	9.658	9.925	9.692	9.56	9.594	9.64	9.544	10.001	9.657	9.889	10.0	9.752	9.993
HG01583	9.6081	9.6005	9.876	9.662	9.638	9.987	9.539	9.835	9.749	9.605	9.715	9.826	9.88	9.818	9.788	10.057	9.795	9.825	10.281	9.942	9.945	9.952	10.132
HG01586	9.5974	9.5139	9.7869	10.237	9.857	9.652	9.64	9.563	9.504	9.753	9.941	9.555	9.919	10.038	9.848	9.756	9.957	9.889	9.992	10.002	10.013	9.911	9.965
HG01589	9.5722	9.6219	9.898	8.843	9.515	9.687	9.661	9.464	9.781	9.889	9.648	9.651	9.942	9.677	10.105	10.032	10.048	9.925	10.098	10.002	9.789	10.331	10.139
HG01593	9.6786	9.6531	9.9301	10.437	10.147	9.899	10.232	10.033	10.161	10.084	10.068	10.155	9.813	9.524	9.852	10.128	9.747	9.913	9.787	9.986	9.84	9.896	9.85
HG01595	9.4965	9.4659	9.7375	10.021	9.721	9.495	9.533	9.809	9.376	9.662	9.426	9.72	9.682	10.088	9.757	9.607	9.859	9.702	9.837	9.786	10.138	10.02	9.728
HG01596	9.9713	9.9451	10.2304	10.294	10.384	9.993	10.362	10.111	10.139	10.688	10.224	10.392	10.481	10.645	10.435	10.155	9.883	10.22	10.165	10.409	10.19	10.222	9.997
HG01597	9.6523	9.6765	9.9541	9.26	10.39	10.131	9.834	9.941	9.814	9.984	9.894	9.974	9.699	10.121	10.038	10.104	9.816	9.769	9.909	10.034	9.988	9.969	9.908
HG01598	9.6495	9.6374	9.914	9.363	10.045	9.925	9.931	9.683	9.761	9.745	9.924	9.84	10.427	10.194	10.038	10.044	9.857	9.891	9.821	10.04	10.131	10.118	10.152
HG01599	9.8876	9.8652	10.1483	10.787	9.914	9.877	10.124	9.932	9.722	9.855	9.931	10.26	10.405	10.501	10.281	10.289	9.883	10.058	10.116	10.226	10.306	10.59	10.226
HG01600	9.7741	9.8223	10.1041	8.732	10.244	9.685	9.761	9.752	9.494	10.033	9.77	10.282	10.159	9.404	10.438	10.002	10.172	10.271	10.233	10.241	10.21	10.474	10.201
HG01601	9.5988	9.6117	9.8875	9.574	10.072	9.732	10.041	9.942	9.943	9.988	10.112	10.181	9.935	10.384	9.683	9.784	9.882	9.875	9.887	9.89	9.685	9.721	9.778
HG01602	9.5179	9.472	9.7438	9.91	9.499	9.726	9.75	9.71	9.729	9.833	10.089	9.815	9.59	10.251	10.066	9.716	10.087	9.648	10.111	9.609	9.756	9.755	9.682
HG01603	9.6801	9.6348	9.9112	10.103	9.961	9.875	9.933	9.693	9.88	10.126	9.821	10.034	10.038	10.18	10.032	10.0	9.945	9.77	9.969	10.07	9.902	9.971	9.816
HG01604	10.1993	10.2119	10.5049	9.966	10.204	10.317	10.299	10.122	9.903	10.364	10.423	10.542	10.544	10.853	10.289	10.247	10.32	10.673	10.451	10.86	10.901	11.083	10.768
HG01605	9.6395	9.6741	9.9517	9.33	9.464	10.011	9.687	9.529	9.728	9.971	9.876	9.689	9.993	10.493	9.764	9.69	9.851	10.025	10.133	10.24	10.043	10.344	10.012
HG01606	9.9379	9.9385	10.2237	10.416	10.218	10.338	10.187	10.103	10.074	10.287	10.172	10.399	10.37	10.669	10.356	10.281	9.997	10.346	10.247	10.217	10.015	10.251	9.579
HG01607	11.1476	11.2421	11.5646	12.568	11.034	11.641	11.604	11.458	11.399	11.768	11.637	11.724	11.693	9.606	11.763	12.091	12.072	11.859	11.672	10.88	11.061	10.98	10.922
HG01608	9.8035	9.8539	10.1366	10.479	9.806	10.085	10.029	9.693	9.792	9.908	10.053	10.182	9.991	9.027	10.156	10.001	10.041	10.405	10.195	10.301	10.149	10.394	10.193
HG01609	10.2546	10.3881	10.6862	11.399	11.075	10.782	10.717	11.032	10.906	10.758	10.875	10.813	10.699	7.504	10.973	10.653	10.717	10.661	10.44	10.032	9.792	9.794	9.793
HG01610	10.2618	10.4177	10.7166	11.82	11.148	10.762	10.876	10.618	10.88	10.971	10.947	11.031	11.016	9.631	10.774	10.967	10.775	10.727	10.336	9.834	9.774	9.68	9.815
HG01611	10.0692	10.2783	10.5732	10.04	10.723	10.969	10.904	10.688	10.59	10.856	11.085	10.866	10.841	9.395	10.633	10.646	10.508	10.565	10.461	9.42	9.883	9.728	9.559
HG01612	9.6901	9.7181	9.997	8.89	10.01	10.252	9.895	10.146	10.024	9.323	10.074	9.888	10.105	10.333	9.915	10.075	9.828	9.993	10.108	9.908	10.067	9.885	10.013
HG01613	9.803	9.8164	10.0981	11.309	10.117	10.151	10.151	10.108	9.893	9.903	9.657	9.841	9.934	9.692	10.043	10.042	10.105	10.171	10.21	10.123	10.271	9.932	10.148
HG01614	9.7273	9.7219	10.0008	11.481	10.174	9.749	10.07	9.821	9.923	10.046	9.854	10.167	9.635	9.266	9.756	10.079	9.992	10.152	10.016	9.977	9.927	9.992	10.07
HG01615	9.7946	9.8312	10.1133	7.579	10.156	10.255	10.143	10.146	10.252	10.1	9.888	10.187	10.009	10.646	10.09	10.145	10.142	10.217	10.248	10.194	10.008	9.93	9.988
HG01616	9.5661	9.5352	9.8088	10.537	9.402	9.804	9.554	9.888	9.852	9.987	9.859	10.079	9.593	10.218	9.477	9.696	9.846	9.816	9.82	9.86	9.812	9.956	9.649
HG01617	9.5614	9.5158	9.7889	10.355	8.918	9.576	9.507	9.584	9.543	9.831	10.05	9.688	10.031	10.293	9.668	9.835	9.793	9.816	9.926	10.031	9.759	10.048	9.722
HG01618	9.5826	9.5168	9.7898	10.261	10.251	9.899	9.671	9.581	9.684	9.874	9.699	9.946	9.66	10.154	9.525	9.9	9.685	9.843	9.912	9.9	9.809	10.682	10.006
HG01619	9.6834	9.6296	9.9059	10.394	9.659	9.948	10.011	9.593	9.67	9.973	9.964	10.088	9.759	10.308	9.736	9.892	9.988	9.903	9.847	10.163	10.17	10.302	10.112
HG01620	9.5922	9.5991	9.8746	10.084	9.696	9.847	9.902	9.687	9.665	9.554	9.854	10.117	9.689	9.41	9.55	9.859	9.842	10.022	10.159	10.036	10.13	9.944	9.765
HG01621	9.7618	9.7734	10.0538	10.253	10.168	10.032	10.232	9.597	9.534	9.701	9.982	9.919	10.016	10.255	9.833	9.904	10.017	10.372	9.998	10.31	10.148	10.45	10.246
HG01622	9.6119	9.6383	9.9148	9.813	10.13	9.859	10.11	10.012	9.753	9.908	10.087	10.156	9.855	10.177	9.724	9.763	10.026	9.804	9.617	10.051	9.664	10.061	9.715
HG01623	9.4816	9.4559	9.7272	10.228	9.524	9.977	10.104	9.597	9.745	9.818	10.112	9.812	9.615	10.273	9.499	9.679	9.503	9.349	9.687	9.739	9.794	9.864	9.574
HG01624	9.7124	9.6747	9.9523	9.818	10.023	10.315	10.175	9.982	10.095	10.024	10.067	9.992	9.904	10.753	9.917	9.718	10.375	10.05	9.819	9.999	9.875	9.808	9.801
HG01625	10.5041	10.5727	10.8761	9.341	9.902	10.737	10.695	10.736	10.83	10.999	11.171	10.909	10.946	8.781	11.491	11.429	11.095	11.509	11.296	10.756	10.574	10.546	10.374
HG01626	9.8057	9.7327	10.012	10.657	10.221	10.496	9.844	10.037	10.054	10.22	10.261	9.961	9.93	10.222	10.043	10.025	10.082	10.001	10.09	10.152	10.119	10.039	9.997
HG01627	9.8106	9.8394	10.1218	10.363	9.647	10.328	9.757	9.9	9.991	10.026	10.026	10.23	10.193	10.562	9.892	9.73	10.003	9.905	10.119	10.09	10.317	10.589	10.165
HG01628	9.5126	9.547	9.821	8.43	9.486	9.361	9.33	9.652	9.367	9.235	10.053	9.883	9.825	9.256	9.774	10.298	9.812	10.022	9.898	10.087	10.118	10.07	9.914
HG01629	9.9085	9.9738	10.2599	9.341	9.487	9.772	9.83	9.959	9.591	9.74	10.35	10.225	10.061	10.344	10.233	10.396	10.479	10.418	10.327	10.496	10.671	10.607	10.716
HG01630	9.7613	9.7246	10.0036	10.704	10.155	9.565	10.012	10.247	9.864	9.661	9.849	10.086	10.112	9.616	10.344	10.063	10.234	9.823	9.987	10.141	9.93	9.965	10.095
HG01631	9.8578	9.8749	10.1583	9.484	9.894	9.767	9.71	9.812	10.04	10.292	9.89	9.814	10.434	9.777	10.249	10.222	10.176	10.349	10.221	10.486	10.451	10.351	10.311
HG01632	9.7476	9.8398	10.1221	8.261	9.477	10.071	9.865	9.736	9.595	9.95	10.007	10.169	10.029	9.521	10.264	10.096	10.346	10.339	10.246	10.406	10.394	10.539	10.157
HG01633	9.6741	9.7308	10.01	8.234	9.744	9.825	9.641	9.538	9.526	9.912	10.291	10.129	9.828	8.719	9.953	10.206	10.21	9.906	10.176	10.032	10.245	10.415	10.422
HG01667	9.6346	9.6964	9.9746	10.283	9.736	9.944	9.9	10.186	9.624	9.676	9.889	10.174	9.902	7.669	9.986	9.802	9.969	9.98	9.849	10.102	10.019	10.046	9.833
HG01668	9.7904	9.8082	10.0897	10.587	10.478	9.829	9.857	10.198	10.175	10.276	10.11	9.87	9.866	9.581	10.395	10.089	9.964	10.225	10.055	10.02	10.097	9.977	9.646
HG01669	9.8986	9.8955	10.1795	10.675	10.329	10.357	9.944	10.145	10.179	10.154	9.932	10.238	9.917	9.006	10.446	10.175	10.245	10.363	10.35	10.327	10.333	10.287	10.05
HG01670	9.8697	9.8432	10.1257	10.365	9.866	9.477	9.776	9.654	9.612	9.866	9.979	10.035	10.426	9.891	10.043	10.345	10.249	10.419	10.221	10.358	10.34	10.603	10.409
HG01671	10.4369	10.5115	10.8132	10.653	10.799	10.386	10.79	10.925	10.6	10.371	11.001	10.862	10.856	9.694	11.114	11.201	10.97	11.069	10.941	10.445	10.65	10.418	10.455
HG01672	10.2098	10.32	10.6162	11.486	10.877	10.597	10.631	10.673	10.778	10.856	10.608	10.381	10.645	9.472	11.17	10.725	10.855	10.654	10.672	10.096	9.894	9.86	9.85
HG01673	9.8032	9.8259	10.1078	10.305	10.193	10.267	10.174	9.952	9.816	10.131	10.248	10.239	10.154	9.333	9.817	9.685	9.971	10.189	10.104	10.249	10.379	10.14	9.969
HG01674	9.9919	9.9965	10.2833	9.957	9.955	10.295	10.394	10.023	9.943	10.194	9.875	10.245	10.293	10.656	10.246	10.207	10.007	10.453	10.463	10.526	10.509	10.455	10.417
HG01675	9.8519	9.9112	10.1956	9.986	9.95	10.186	9.776	9.624	9.774	10.22	9.936	10.082	10.213	11.053	10.053	10.26	10.019	10.126	10.279	10.278	10.422	10.19	10.604
HG01676	9.5326	9.5079	9.7807	12.675	9.692	9.693	10.101	9.865	9.869	9.854	9.79	10.036	9.777	9.371	9.636	9.836	9.714	9.747	9.608	9.772	9.753	9.628	9.428
HG01677	9.5849	9.5577	9.8319	11.367	9.989	9.371	9.957	9.85	9.751	9.985	9.917	9.838	9.59	10.099	9.754	9.973	9.808	9.754	9.844	9.533	9.795	9.792	9.724
HG01678	9.5294	9.5314	9.8049	9.474	9.825	9.816	9.731	9.824	9.908	9.847	10.016	10.135	9.839	9.944	10.006	9.601	9.911	9.636	9.615	9.681	9.861	9.856	9.609
HG01679	9.378	9.4294	9.7	10.203	9.987	9.648	9.75	9.636	9.667	9.778	9.894	10.335	9.982	8.826	9.663	9.825	9.868	10.04	9.652	9.169	9.144	9.425	9.142
HG01680	10.1394	10.1361	10.4269	11.033	9.877	9.766	10.119	9.947	10.177	10.2	10.544	10.126	10.534	10.001	10.521	10.755	10.429	10.408	10.4	10.849	10.564	11.006	10.666
HG01681	9.5154	9.5053	9.7781	10.909	9.63	9.924	9.62	10.202	9.821	9.903	9.781	10.12	9.802	9.426	9.43	9.757	9.885	9.653	9.862	9.776	9.775	9.668	9.454
HG01682	9.7816	9.8382	10.1205	9.633	10.093	9.726	9.797	9.63	9.536	10.014	10.065	10.057	10.234	8.66	10.035	10.162	10.111	10.065	10.295	10.48	10.313	10.372	10.373
HG01683	9.6029	9.6318	9.9082	9.173	9.83	9.818	9.941	9.562	9.65	10.017	9.971	9.866	9.908	9.676	9.781	9.796	9.948	9.894	9.971	10.123	9.965	10.291	9.949
HG01684	10.4796	10.5689	10.8722	11.466	11.229	10.687	10.8	10.992	10.664	11.014	11.223	11.008	10.969	9.581	10.911	11.278	10.934	11.084	11.018	10.482	10.035	10.059	10.138
HG01685	9.6	9.5486	9.8226	12.086	10.145	10.143	9.719	9.818	9.86	9.929	9.846	9.872	9.948	9.806	9.796	9.788	9.946	9.798	9.761	9.939	9.894	9.465	9.682
HG01686	9.6176	9.6753	9.9529	8.037	10.276	9.821	10.007	9.881	9.982	9.79	9.78	10.12	10.113	10.378	9.94	10.07	10.034	10.086	9.974	9.936	9.804	9.783	9.801
HG01687	9.7181	9.7055	9.984	11.895	10.371	9.813	9.995	9.996	9.908	10.371	10.094	9.734	9.839	9.553	9.721	9.858	10.27	9.824	9.913	10.071	9.94	10.123	9.932
HG01694	9.9321	9.865	10.148	12.312	9.734	10.044	9.852	9.834	9.876	10.287	9.987	10.234	9.979	10.313	9.931	10.238	10.174	10.517	10.311	10.682	10.156	10.548	10.502
HG01695	10.2652	10.3162	10.6122	12.53	11.073	10.558	10.611	10.846	10.506	10.698	10.808	10.759	10.454	8.55	10.338	10.817	10.837	10.981	10.776	10.145	10.073	10.034	9.873
HG01696	10.2879	10.237	10.5307	12.31	9.91	10.162	10.069	10.499	10.435	10.306	10.364	10.45	10.533	10.009	10.159	10.434	10.881	10.617	10.614	10.711	10.747	10.803	11.315
HG01697	9.8933	9.8883	10.1721	10.55	10.435	10.643	9.936	10.329	10.597	10.049	10.136	10.248	9.853	9.843	10.047	9.864	10.333	9.971	10.156	10.114	10.234	10.125	10.253
HG01698	9.9024	9.8402	10.1226	11.298	9.922	10.264	10.037	9.985	10.066	10.224	9.998	10.159	10.233	10.198	9.892	9.956	10.142	10.269	10.131	10.413	10.439	10.342	10.113
HG01699	9.6655	9.62	9.8961	11.542	10.009	9.862	9.847	10.013	9.736	9.806	10.002	9.715	9.855	10.135	9.715	9.719	10.074	9.745	10.09	9.867	9.982	9.99	9.903
HG01700	9.183	8.9074	9.1629	10.155	9.41	9.253	8.891	8.72	8.854	8.856	8.932	9.09	8.907	9.413	9.09	9.066	8.901	9.811	10.018	10.269	10.393	10.145	9.891
HG01701	9.9078	9.9725	10.2587	10.125	10.01	9.909	9.888	9.726	9.694	10.251	10.159	10.245	9.975	9.836	10.024	10.093	10.332	10.373	10.479	10.562	10.399	10.492	10.4
HG01702	10.0665	10.0343	10.3223	11.126	9.991	10.243	9.963	9.925	9.954	10.231	10.318	10.351	10.187	10.092	10.209	10.565	9.899	10.325	10.46	10.801	10.706	10.722	10.421
HG01703	9.7867	9.7593	10.0393	10.386	9.898	9.989	9.878	9.972	9.779	9.748	9.908	9.983	10.014	9.668	10.196	10.243	9.678	10.24	10.327	10.075	10.294	10.179	10.183
HG01704	9.6906	9.7276	10.0067	10.655	10.239	10.316	10.193	10.038	9.968	10.001	9.899	10.027	9.756	9.438	9.602	9.848	10.021	9.909	9.807	9.996	9.945	9.994	9.893
HG01705	9.7428	9.7367	10.016	10.262	9.7	9.557	9.49	9.565	9.585	9.775	9.954	9.91	9.843	10.564	9.924	10.282	9.641	10.007	10.233	10.049	10.165	10.303	10.397
HG01706	9.7809	9.7697	10.05	10.606	10.167	9.748	10.026	10.201	9.87	9.855	10.038	9.951	10.028	9.402	10.003	9.928	10.236	10.032	10.197	10.093	10.08	10.133	10.041
HG01707	9.686	9.6976	9.9758	9.435	10.225	10.124	9.648	9.826	9.84	10.024	9.884	10.146	9.783	10.286	9.937	9.846	10.069	10.108	10.054	10.209	9.854	10.17	10.172
HG01708	9.8092	9.7717	10.0521	10.298	9.883	9.964	9.697	9.794	10.043	10.024	9.978	9.933	10.131	8.634	9.812	10.158	10.127	10.263	10.312	10.286	10.341	10.351	10.213
HG01709	9.7128	9.7226	10.0016	10.001	10.185	10.004	9.966	9.854	10.119	10.032	9.986	10.023	9.707	9.726	9.895	9.911	10.062	9.769	10.062	10.325	10.116	9.787	9.987
HG01710	9.6203	9.6794	9.9571	9.318	10.255	10.084	9.924	9.974	9.97	10.031	9.911	9.891	9.866	9.617	10.023	9.747	10.166	9.784	9.858	9.851	9.946	9.729	9.75
HG01711	9.7858	9.7729	10.0533	9.833	10.508	10.123	10.195	10.314	10.229	10.071	10.027	9.939	10.259	10.694	9.933	9.918	10.023	9.959	10.102	10.229	10.006	10.051	9.97
HG01746	9.3465	9.3591	9.6277	9.247	9.528	9.664	9.842	9.996	9.806	9.853	9.719	10.109	9.621	9.272	9.429	9.704	9.839	9.57	9.51	9.58	9.651	9.598	9.412
HG01747	9.4419	9.4095	9.6795	10.446	9.933	9.866	9.718	9.691	9.439	9.833	9.703	9.605	9.65	10.223	9.723	9.67	9.722	9.657	9.502	9.622	9.814	9.764	9.611
HG01748	9.9433	9.9163	10.2008	11.604	10.29	10.36	10.278	10.265	10.243	10.294	10.353	10.36	10.311	10.977	9.878	10.045	9.942	9.883	10.341	10.037	10.075	10.106	9.893
HG01755	9.8943	9.909	10.1933	10.451	9.75	9.844	9.951	10.105	9.972	9.905	10.068	10.092	9.874	9.765	10.183	10.159	10.117	10.372	10.344	10.444	10.302	10.751	10.615
HG01756	9.9433	9.9342	10.2192	10.377	10.108	9.989	9.885	10.105	10.138	10.261	10.261	10.407	9.973	9.76	10.174	10.117	9.965	10.436	10.254	10.448	10.385	10.452	10.365
HG01757	9.715	9.7155	9.9943	10.522	10.028	9.788	9.668	9.633	10.035	9.923	9.967	10.214	10.012	10.346	9.813	9.986	10.153	9.707	9.948	10.05	10.063	9.792	9.966
HG01761	10.317	10.4228	10.7219	10.577	10.311	11.119	11.006	10.853	10.972	11.068	11.369	10.983	11.018	9.534	10.936	11.039	10.536	10.839	10.666	10.103	10.021	9.824	9.855
HG01762	9.597	9.571	9.8456	13.033	10.174	10.092	9.913	9.821	10.045	9.986	9.746	9.887	9.939	9.574	9.431	9.859	9.934	9.619	9.832	9.807	9.845	9.625	9.762
HG01763	9.6026	9.5976	9.873	12.502	10.036	9.845	10.017	9.917	9.736	10.043	9.974	9.602	9.894	9.355	9.654	9.707	9.908	9.831	10.082	9.793	9.672	9.669	9.729
HG01765	10.5239	10.4779	10.7786	11.319	11.199	11.223	10.625	10.612	10.665	11.11	10.812	10.542	10.74	10.769	10.489	10.944	10.814	10.875	10.861	10.847	10.766	10.781	10.495
HG01766	9.6302	9.5921	9.8673	10.779	10.168	10.29	9.892	10.159	10.121	10.092	10.062	9.903	9.943	9.283	9.817	9.79	10.039	9.903	9.901	9.781	9.672	9.788	9.52
HG01767	9.766	9.787	10.0679	10.587	10.149	10.145	9.811	10.066	10.122	10.122	10.049	10.166	10.025	9.437	9.94	10.092	9.917	9.993	10.151	9.984	10.077	9.896	10.084
HG01768	9.5915	9.5896	9.8648	9.484	10.194	10.317	9.73	9.851	9.953	9.924	9.938	9.638	9.905	10.442	10.03	9.692	9.925	9.899	9.851	9.934	10.0	9.772	9.572
HG01770	10.2683	10.271	10.5657	12.013	10.54	10.645	10.688	10.394	10.754	11.172	10.721	10.917	10.778	9.626	11.005	11.059	10.221	10.231	9.992	10.219	10.263	10.451	10.474
HG01771	10.8164	10.7912	11.1009	12.52	10.769	11.165	10.993	11.341	10.884	10.668	11.184	10.975	11.246	10.765	10.99	11.086	11.252	10.89	11.039	11.177	11.32	11.301	11.008
HG01772	11.2805	11.2136	11.5354	13.026	11.965	11.629	11.89	11.794	11.506	11.502	11.88	12.081	11.959	11.454	12.057	11.858	11.373	10.9	11.136	11.18	10.975	11.423	11.364
HG01773	10.1652	10.295	10.5904	12.63	11.225	10.907	10.895	11.056	10.948	10.761	10.659	10.907	10.618	11.596	10.634	10.644	10.402	9.776	10.07	9.815	9.738	9.572	9.803
HG01774	9.8159	9.777	10.0575	11.128	9.817	9.827	9.706	9.908	9.914	10.082	9.96	9.973	9.632	10.675	9.968	10.155	10.114	10.352	10.015	10.135	10.374	10.319	10.393
HG01775	9.6762	9.6157	9.8916	11.488	10.055	9.951	9.912	9.754	9.85	9.746	9.946	10.168	9.863	10.61	9.819	9.457	10.021	9.808	10.006	9.943	10.187	9.876	9.971
HG01776	9.7783	9.7453	10.0249	10.387	9.847	10.013	9.637	9.798	9.87	10.013	9.914	10.199	9.892	10.392	9.745	10.123	10.166	10.12	10.156	10.118	10.177	10.259	10.078
HG01777	9.792	9.7532	10.0331	10.715	9.717	10.269	10.101	9.836	9.624	9.85	9.97	10.098	10.107	10.595	10.231	9.773	9.849	10.103	10.237	10.134	10.034	10.201	10.081
HG01778	9.6215	9.5221	9.7953	10.393	9.901	9.537	9.819	9.59	9.448	9.676	9.806	9.503	9.987	10.293	9.37	10.183	9.633	9.728	10.069	10.235	10.123	10.103	9.673
HG01779	9.7184	9.6788	9.9565	10.513	9.999	9.787	10.074	9.909	9.907	9.971	9.868	9.894	10.081	10.644	9.798	9.759	9.512	10.17	10.025	9.997	10.065	9.965	9.767
HG01780	9.9771	9.9252	10.21	11.132	10.402	10.096	10.597	10.214	10.42	10.157	10.355	10.287	10.284	9.093	9.988	9.96	10.203	10.136	10.22	10.239	10.15	10.276	10.117
HG01781	9.8704	9.8686	10.1518	10.655	10.151	10.145	9.969	10.019	10.391	10.147	10.214	10.427	10.181	8.901	10.247	10.122	10.0	9.963	10.301	10.151	10.202	9.941	9.895
HG01782	9.7352	9.7002	9.9785	10.606	9.776	10.298	10.309	9.984	9.931	10.234	10.417	10.007	10.058	9.705	9.751	9.754	9.793	9.919	9.746	10.161	10.038	10.12	10.015
HG01783	9.7373	9.7539	10.0338	9.732	10.201	10.095	9.86	9.888	10.049	10.183	10.384	10.358	9.907	9.527	9.843	10.066	9.798	9.936	10.258	10.134	10.114	10.025	10.084
HG01784	9.6057	9.6372	9.9137	8.974	9.921	9.74	9.835	9.819	9.632	10.227	9.814	9.802	10.147	10.462	9.726	10.2	9.887	9.995	9.953	10.066	9.985	10.068	9.787
HG01785	9.7837	9.712	9.9907	10.85	10.46	10.054	9.943	9.957	9.987	10.225	9.834	10.317	10.006	10.563	9.998	9.986	10.195	10.094	10.252	10.033	9.778	9.769	9.879
HG01786	10.5694	10.7714	11.0804	11.037	11.13	11.369	11.166	11.202	11.127	11.224	11.191	11.027	11.086	10.868	11.339	11.267	11.139	10.868	11.011	10.008	10.219	10.297	9.886
HG01789	9.8238	9.8622	10.1452	9.778	10.139	9.998	10.032	9.719	9.851	10.113	10.182	10.347	9.907	10.224	9.865	9.906	10.196	10.352	10.279	10.321	10.343	10.118	10.309
HG01790	10.7336	10.6559	10.9616	13.433	10.687	11.139	10.836	10.759	10.859	10.979	10.989	11.024	11.072	11.329	11.055	11.101	11.311	10.871	11.026	11.022	11.055	11.004	10.866
HG01791	9.7025	9.6773	9.955	10.604	9.819	9.95	9.987	9.773	10.043	9.879	9.976	10.1	9.871	9.779	9.92	9.821	9.928	9.847	9.983	10.103	10.163	9.937	10.164
HG01794	9.7139	9.6628	9.94	10.457	9.591	9.844	10.206	10.042	10.12	9.979	10.243	10.11	10.167	10.564	9.899	10.078	10.037	9.721	9.823	9.763	9.747	9.607	9.892
HG01795	9.7433	9.7905	10.0714	9.938	10.012	10.237	10.262	10.096	10.053	10.12	10.071	9.946	9.641	9.138	10.063	10.075	10.037	10.045	10.187	9.992	10.287	10.213	9.954
HG01796	9.3274	9.3433	9.6114	9.849	9.588	8.978	8.884	8.945	8.652	9.643	9.872	9.958	9.547	10.269	9.375	9.657	9.517	9.86	9.848	9.866	9.681	9.85	9.627
HG01797	9.5129	9.5073	9.7801	8.597	8.904	9.829	9.743	9.701	9.407	9.59	10.047	9.552	9.995	10.333	9.687	9.918	9.822	10.008	9.851	9.72	9.809	10.039	9.904
HG01798	9.7709	9.7689	10.0492	9.566	9.877	9.661	9.843	9.759	10.142	9.971	9.808	10.027	10.001	10.462	9.961	10.014	10.065	10.132	10.105	10.154	10.188	10.09	10.354
HG01799	9.8781	9.9716	10.2577	8.357	9.266	10.066	10.014	9.924	10.044	10.007	9.97	10.206	10.372	10.659	10.027	10.334	10.421	10.414	10.067	10.601	10.365	10.452	10.298
HG01800	9.8358	9.8507	10.1334	9.484	10.241	10.022	10.264	9.952	10.466	10.157	9.97	10.385	10.116	10.459	10.258	10.128	10.071	9.948	10.119	10.225	9.963	10.136	9.953
HG01801	9.6901	9.6853	9.9633	9.722	9.854	9.625	9.856	9.999	9.916	9.611	9.792	10.197	10.123	10.57	9.697	10.09	9.964	9.91	10.131	9.95	10.267	10.029	9.783
HG01802	9.3371	9.3484	9.6167	8.886	9.777	9.272	9.5	9.574	9.651	9.589	9.829	9.591	9.504	10.308	9.5	9.683	9.822	9.736	9.876	9.591	9.509	9.525	9.443
HG01804	9.5701	9.6115	9.8873	9.436	9.75	10.138	9.565	9.746	9.718	9.75	9.719	9.611	9.954	9.951	10.081	9.738	10.078	9.924	9.969	9.961	9.948	9.917	10.037
HG01805	9.6245	9.5917	9.867	10.575	10.011	9.88	9.772	9.597	9.349	9.727	9.859	10.082	9.651	10.272	9.922	10.031	10.05	9.858	9.858	10.085	9.976	10.006	9.833
HG01806	9.1893	9.1786	9.442	9.829	10.112	9.41	9.493	9.385	9.392	9.237	9.585	9.415	9.689	9.735	9.348	9.319	9.512	9.355	9.534	9.417	9.42	9.261	9.368
HG01807	9.5395	9.5397	9.8134	9.356	9.761	9.982	9.784	9.684	9.774	9.405	9.54	9.65	10.149	10.268	9.52	9.659	10.182	9.891	9.968	10.031	9.671	9.859	9.944
HG01808	9.5551	9.6025	9.878	9.407	9.432	9.437	9.629	9.582	9.668	9.955	9.836	9.73	9.889	9.93	10.099	9.789	9.937	9.801	9.863	9.892	10.054	9.938	10.091
HG01809	9.4271	9.5591	9.8334	8.544	8.797	9.009	8.662	8.752	8.905	9.959	9.877	9.89	9.847	10.154	10.099	9.755	10.008	9.871	9.869	10.044	9.984	9.841	9.918
HG01810	9.7547	9.7185	9.9973	9.988	10.127	10.05	10.009	9.866	9.884	10.259	10.164	10.301	10.042	10.655	9.898	10.023	9.777	10.044	9.879	10.106	10.175	10.0	10.003
HG01811	9.5929	9.5387	9.8124	9.928	9.819	9.683	9.701	9.575	9.749	9.605	9.592	9.652	9.911	10.38	10.148	10.057	9.784	9.877	10.156	10.003	10.014	10.024	9.93
HG01812	9.572	9.5629	9.8373	9.501	10.243	10.415	9.915	9.952	9.842	9.74	9.678	9.947	10.006	10.247	9.758	9.904	9.849	10.033	9.852	9.804	10.019	9.703	9.369
HG01813	9.8547	9.8984	10.1824	9.549	10.604	9.89	10.479	10.517	10.263	9.801	10.088	10.194	10.23	9.97	9.751	10.349	10.13	10.038	10.158	10.285	9.984	10.107	10.156
HG01815	9.2476	9.2733	9.5394	9.654	8.962	9.326	9.44	9.648	9.355	9.37	9.585	9.577	9.665	9.527	9.345	9.734	9.543	9.769	9.705	9.458	9.591	9.541	9.069
HG01816	9.6422	9.6446	9.9213	10.957	10.216	9.8	10.057	9.915	10.175	9.934	9.984	10.015	10.008	8.804	9.56	9.847	10.085	9.624	9.888	9.995	10.051	9.684	9.615
HG01817	9.7768	9.8091	10.0906	10.081	10.177	10.242	10.034	9.879	10.223	10.254	10.015	9.956	9.989	9.38	10.138	9.889	9.845	10.174	9.872	10.088	10.137	10.229	9.994
HG01840	9.48	9.4893	9.7616	10.177	9.728	9.421	9.682	9.401	9.667	9.34	9.78	9.971	9.775	9.474	9.908	9.806	9.831	9.718	9.845	9.957	9.743	9.699	9.677
HG01841	9.9885	9.9786	10.265	10.996	10.343	10.095	10.325	10.131	10.081	10.159	10.262	10.217	10.5	10.721	10.355	10.113	10.172	10.099	10.373	10.195	10.035	10.324	10.212
HG01842	9.5981	9.6124	9.8882	9.825	9.677	9.432	9.792	9.853	9.674	9.825	9.727	9.63	9.751	9.526	9.96	9.759	9.903	10.039	9.899	10.217	9.935	10.038	10.267
HG01843	9.8212	9.7781	10.0587	10.615	10.074	9.751	9.894	9.976	10.126	10.028	9.985	10.308	10.166	10.582	9.858	10.19	10.098	9.971	10.129	10.281	10.116	10.136	9.925
HG01844	8.5843	8.5505	8.7958	9.215	8.659	8.645	8.555	8.791	8.599	8.64	8.748	8.83	8.78	9.143	8.877	8.643	9.073	8.968	8.908	8.855	8.963	8.634	8.879
HG01845	9.669	9.622	9.8981	10.265	9.636	9.991	9.973	9.99	9.491	10.036	9.872	10.041	9.831	10.172	10.084	9.715	9.953	9.791	9.858	9.963	10.005	10.131	10.083
HG01846	9.6703	9.6968	9.9751	9.908	10.424	9.791	9.905	9.762	9.525	9.697	9.911	10.055	9.902	10.174	9.891	9.997	10.085	9.9	9.946	10.127	9.966	10.266	9.954
HG01847	9.7303	9.746	10.0257	8.653	9.201	9.618	9.537	9.675	10.136	9.998	9.669	9.956	10.121	10.353	9.81	9.926	10.246	10.253	10.234	10.33	10.225	10.278	10.105
HG01848	9.6228	9.6507	9.9276	7.672	9.658	10.443	9.995	10.017	9.977	10.192	9.688	10.132	9.73	9.784	9.901	10.037	10.227	9.829	9.91	9.838	9.865	9.867	9.753
HG01849	9.7187	9.7492	10.0289	9.715	10.233	10.089	9.766	9.655	9.912	10.047	9.869	10.086	10.008	10.287	10.313	9.993	9.897	9.788	10.169	10.292	10.052	9.827	9.974
HG01850	10.1763	10.1865	10.4788	9.878	10.383	10.133	9.874	9.949	10.528	10.246	10.501	10.494	10.587	10.891	10.791	10.668	10.605	10.578	10.553	10.666	10.344	10.622	10.66
HG01851	9.9789	9.9753	10.2615	11.001	10.269	10.285	10.288	10.141	10.33	10.197	10.212	10.036	10.231	9.638	10.002	10.37	10.214	10.337	10.198	10.365	10.466	10.286	9.997
HG01852	9.1675	9.3497	9.618	7.78	7.925	7.958	7.906	7.905	7.854	9.685	9.359	9.797	9.755	10.353	9.856	9.813	9.624	9.662	9.391	9.657	9.775	9.919	9.684
HG01853	9.5782	9.5899	9.8651	9.747	10.116	9.872	9.955	9.627	9.798	9.546	9.823	9.874	9.978	10.239	9.629	9.828	9.618	9.905	9.823	9.889	9.997	9.818	9.875
HG01855	9.7043	9.6748	9.9524	9.748	9.95	9.782	10.039	9.725	9.858	9.987	9.988	10.046	9.888	10.315	9.816	10.046	9.91	9.982	10.163	10.18	10.036	9.803	10.077
HG01857	9.6743	9.6898	9.9679	10.429	9.99	10.036	10.187	10.118	9.87	9.918	10.071	10.001	10.059	10.405	9.968	10.021	9.885	9.812	10.023	9.713	9.821	9.75	9.724
HG01858	9.7121	9.7333	10.0126	10.011	10.201	9.982	9.872	9.887	9.942	9.854	10.001	9.926	9.679	10.514	9.761	9.783	10.078	10.215	9.778	10.139	9.95	10.056	10.203
HG01859	9.6793	9.68	9.9577	11.226	9.277	9.728	9.584	9.69	9.738	9.996	9.62	10.085	9.792	10.242	10.006	9.915	9.896	9.677	10.263	10.222	10.06	10.208	10.031
HG01860	9.5579	9.5155	9.7885	10.872	9.46	9.358	9.588	9.68	9.388	9.847	9.648	9.99	9.875	10.045	9.914	9.934	10.143	9.626	10.022	10.022	9.667	9.758	9.888
HG01861	9.6888	9.6426	9.9193	10.293	9.831	9.858	9.848	9.711	9.804	10.195	9.692	10.0	9.648	10.008	9.912	9.824	9.937	10.043	10.182	10.111	10.178	10.043	9.936
HG01862	9.4622	9.4822	9.7543	10.106	9.731	9.995	9.735	9.869	9.649	9.662	9.865	9.768	9.759	9.509	9.943	9.867	9.619	9.643	9.673	9.673	9.661	9.716	9.676
HG01863	9.4471	9.4376	9.7084	9.981	9.802	9.298	9.584	9.581	9.497	9.278	9.619	9.853	9.92	10.151	9.693	9.701	9.862	9.736	9.604	9.837	9.858	9.864	9.602
HG01864	9.5302	9.5417	9.8154	9.297	9.787	9.666	9.601	9.689	9.728	9.779	9.886	9.836	9.835	10.332	9.758	9.98	9.876	9.798	9.855	9.714	9.803	10.023	9.89
HG01865	9.6663	9.6665	9.9438	9.406	9.99	10.079	10.0	10.064	9.98	10.026	10.0	10.147	9.887	10.366	9.814	9.684	9.587	9.831	10.071	9.94	9.902	10.005	9.989
HG01866	9.5886	9.5899	9.865	10.792	10.244	9.807	9.997	10.082	9.733	9.684	9.676	9.965	9.654	10.495	9.898	9.943	9.865	9.657	9.75	9.736	10.006	9.76	9.574
HG01867	9.6348	9.6607	9.9379	9.62	10.174	10.475	10.09	10.09	10.193	9.554	9.791	9.494	9.88	10.339	9.527	10.042	10.076	9.887	10.024	10.005	9.956	9.768	9.834
HG01868	9.6247	9.6319	9.9083	9.225	10.206	9.96	9.838	10.099	10.227	10.005	9.964	9.746	10.068	10.167	9.643	9.881	9.71	9.903	9.799	9.938	9.85	9.728	9.935
HG01869	9.7764	9.7933	10.0744	9.973	10.381	10.083	10.23	10.179	10.224	10.096	9.853	10.074	10.115	10.698	9.909	9.733	10.049	10.21	10.026	10.064	9.845	9.991	9.897
HG01870	9.7432	9.7834	10.0641	9.966	10.048	9.719	9.743	9.979	10.124	10.103	10.146	9.932	10.273	9.936	10.104	10.117	10.08	9.85	10.058	10.157	9.928	9.926	9.93
HG01871	9.6111	9.6477	9.9245	9.825	9.854	9.624	9.698	9.85	10.069	9.863	9.524	9.697	10.139	10.544	9.848	9.973	10.057	9.944	9.809	9.964	9.939	9.831	9.731
HG01872	9.8991	9.8527	10.1354	10.086	9.875	9.962	9.602	9.895	10.048	10.098	10.045	10.439	10.281	10.688	10.08	10.098	10.146	10.3	10.141	10.399	10.198	10.414	10.347
HG01873	10.0344	10.053	10.3415	10.275	9.85	10.121	10.064	9.912	10.338	10.232	10.244	10.18	10.449	10.81	10.526	10.185	9.825	10.576	10.124	10.881	10.495	10.491	10.319
HG01874	9.6342	9.5975	9.8729	10.399	10.23	9.802	9.838	9.902	9.772	10.044	9.822	9.585	9.661	10.313	9.702	9.926	9.993	9.829	9.97	9.898	9.85	9.967	10.106
HG01878	9.5828	9.613	9.8889	9.671	10.195	9.939	9.907	9.649	9.564	9.588	9.72	9.93	9.864	9.274	10.123	9.922	9.742	9.938	9.822	9.869	10.056	9.931	10.064
HG01879	9.5188	9.5539	9.828	8.701	10.043	10.106	10.123	9.625	9.901	10.058	9.857	10.042	9.822	8.368	9.799	9.898	9.829	9.634	10.059	9.82	9.845	9.673	9.713
HG01880	9.5942	9.5538	9.8279	10.512	8.746	9.507	9.722	10.016	9.882	9.765	9.896	9.822	9.984	9.202	10.043	9.895	10.141	9.633	9.805	9.968	9.792	9.739	9.843
HG01881	9.5514	9.5666	9.8411	8.884	9.555	9.824	9.953	10.191	9.739	9.917	9.83	9.563	9.973	10.271	10.075	9.937	9.938	9.663	9.605	10.043	9.904	9.882	9.773
HG01882	9.7167	9.7302	10.0094	10.498	9.471	9.965	10.148	9.828	9.532	9.833	10.012	9.617	9.941	10.476	10.003	9.997	9.768	10.059	9.742	10.099	10.196	10.131	10.04
HG01883	8.6768	8.7295	8.98	8.536	8.313	8.789	8.609	8.84	8.947	8.926	8.976	8.893	8.802	9.156	8.674	8.893	8.919	8.986	9.112	8.951	9.067	9.006	8.855
HG01884	9.7648	9.7398	10.0193	10.323	9.088	9.904	10.132	10.328	9.896	10.099	10.051	10.037	9.92	10.595	9.798	10.08	10.104	10.123	10.063	9.891	10.062	10.095	10.055
HG01885	9.7438	9.7145	9.9932	10.57	9.324	9.751	9.632	10.257	10.268	10.206	10.027	9.988	9.942	10.134	9.989	10.077	10.235	9.821	10.037	10.147	9.86	9.821	10.034
HG01886	9.7273	9.7317	10.011	9.63	10.41	10.036	10.12	10.108	10.111	9.967	9.789	9.935	10.075	9.538	10.095	10.198	9.806	10.019	10.109	9.845	9.865	9.799	10.261
HG01887	9.6022	9.6415	9.9182	9.636	9.88	9.363	9.772	9.769	9.862	10.056	9.604	9.903	9.589	9.624	9.872	9.913	9.899	10.147	9.768	9.971	10.112	10.064	10.037
HG01888	9.6778	9.6905	9.9685	10.431	9.637	10.153	10.154	9.85	9.924	10.087	10.023	9.841	9.996	10.321	9.903	10.113	9.745	9.977	9.807	10.01	9.866	9.909	9.73
HG01889	8.6122	8.6692	8.9179	7.786	8.133	8.878	8.517	8.585	8.775	8.892	9.106	8.74	8.843	9.17	9.023	9.127	8.983	9.032	8.751	8.923	8.954	9.071	8.956
HG01890	9.3378	9.3615	9.6301	9.567	9.7	9.666	9.558	9.292	9.949	9.947	9.782	9.532	9.487	9.464	9.854	9.467	9.62	9.412	9.615	9.574	9.431	9.689	9.585
HG01891	8.6171	8.6284	8.876	8.669	8.867	8.704	8.781	8.934	8.684	9.005	9.241	8.987	8.729	8.306	9.16	8.773	8.721	8.899	8.852	8.822	9.027	8.866	9.037
HG01892	10.0562	10.0812	10.3704	11.53	10.84	11.234	10.9	10.544	10.273	10.408	10.561	11.143	10.894	10.868	11.078	10.837	10.082	9.672	9.661	9.921	9.767	9.814	9.871
HG01893	9.4033	9.3926	9.6621	10.24	9.311	9.223	9.264	9.667	9.469	9.49	9.71	9.993	9.449	8.376	9.634	9.837	9.886	9.823	9.866	9.71	9.813	9.681	9.8
HG01894	9.7876	9.8023	10.0836	9.462	9.999	10.173	10.38	10.152	10.112	10.27	9.923	10.046	10.08	9.771	10.116	10.083	9.918	9.974	10.3	10.053	10.08	10.173	10.248
HG01895	9.7022	9.6778	9.9555	10.171	9.779	9.976	9.773	9.71	9.938	9.819	10.042	9.946	9.941	9.415	9.937	10.254	10.177	9.957	10.148	10.27	10.025	10.063	9.89
HG01896	9.7157	9.7235	10.0025	10.255	10.18	10.037	9.807	9.975	9.884	10.124	10.086	10.17	9.948	9.499	9.83	10.17	9.746	9.717	10.023	9.699	10.194	10.175	10.074
HG01897	9.6852	9.727	10.0062	10.077	9.809	9.822	9.483	9.848	9.601	9.828	9.929	9.509	9.614	10.041	10.057	10.154	10.043	9.98	10.11	10.098	10.14	10.09	10.032
HG01898	9.7539	9.8444	10.1269	9.561	10.293	10.234	10.093	10.365	10.069	9.92	10.177	10.132	10.276	9.592	10.178	10.159	9.813	10.021	9.887	9.914	10.009	10.031	10.06
HG01912	9.8615	9.8723	10.1556	10.338	9.815	9.991	9.851	9.952	9.736	9.877	10.227	10.101	10.47	10.455	10.307	9.925	10.009	10.369	10.059	10.37	10.368	10.132	10.305
HG01914	9.5835	9.615	9.8909	9.621	9.51	9.65	9.938	10.075	9.746	9.412	9.959	9.673	9.729	10.486	10.02	9.902	10.128	9.896	9.882	9.842	9.915	10.007	9.859
HG01915	9.5861	9.5469	9.8208	10.354	9.434	9.678	9.544	9.69	9.566	9.642	9.931	9.631	9.809	9.581	10.039	9.933	9.876	10.082	9.967	10.005	9.927	10.061	9.714
HG01916	9.6023	9.5997	9.8752	10.308	10.024	9.626	9.588	9.859	9.64	9.605	9.842	10.133	9.804	10.375	9.818	9.866	9.945	9.96	10.018	9.765	9.894	9.808	9.938
HG01917	10.6247	10.7345	11.0426	7.503	9.866	9.611	10.001	10.334	10.651	10.826	10.99	11.049	10.991	11.452	10.929	11.039	10.626	11.145	11.057	11.289	11.201	11.418	11.73
HG01918	9.712	9.6767	9.9544	10.59	10.387	10.612	10.169	9.919	9.822	9.935	9.978	10.419	9.859	9.589	9.856	9.593	10.007	10.1	10.111	10.022	9.932	10.074	9.879
HG01919	9.9355	9.9943	10.281	9.684	9.538	9.28	9.994	10.024	9.94	10.045	10.458	10.249	10.489	9.618	10.095	10.242	10.251	10.366	10.545	10.675	10.492	10.509	10.298
HG01920	10.8864	11.0162	11.3323	12.353	11.547	11.632	11.946	11.503	11.783	12.007	11.975	12.1	12.226	11.335	11.708	11.968	10.461	10.08	9.783	10.386	10.122	10.458	10.166
HG01921	9.5634	9.5277	9.8011	9.748	10.316	10.113	9.892	10.1	9.843	9.777	9.79	9.837	9.921	10.192	9.806	9.749	9.896	9.507	9.719	9.771	9.669	9.763	9.804
HG01922	9.4444	9.4229	9.6933	8.742	9.759	10.009	9.801	9.561	9.913	9.553	9.559	9.62	9.723	9.224	9.544	9.538	9.748	9.742	10.211	9.778	10.113	9.893	9.681
HG01923	9.9103	9.91	10.1943	8.735	9.857	9.928	9.813	10.041	10.119	10.305	10.232	10.104	10.063	10.263	10.343	10.371	10.347	10.309	10.26	10.569	10.368	10.628	10.038
HG01924	9.7558	9.7243	10.0033	12.864	10.042	10.414	9.878	9.954	10.316	9.811	9.942	10.159	10.199	10.517	9.65	9.521	9.942	10.016	9.961	10.03	10.005	10.07	10.022
HG01925	9.8351	9.8595	10.1424	9.904	9.442	9.818	10.081	10.059	9.73	10.024	10.164	10.01	10.095	10.394	9.783	10.125	9.978	10.48	10.14	10.452	10.283	10.362	10.352
HG01926	9.3353	9.4073	9.6772	8.499	9.513	9.551	9.267	9.647	9.911	9.509	9.83	9.386	9.858	10.09	9.292	9.655	9.888	9.501	9.937	9.744	9.567	9.658	9.647
HG01927	9.7276	9.7579	10.0379	9.928	9.9	9.847	9.563	9.889	9.96	10.195	10.03	10.208	9.811	9.558	10.072	9.648	10.208	10.119	10.007	10.309	10.055	10.179	10.07
HG01928	9.6403	9.6487	9.9256	9.351	9.692	10.042	9.788	9.686	9.989	9.923	9.761	9.979	9.9	9.72	9.763	10.066	10.107	10.249	9.976	10.147	10.041	10.239	9.842
HG01932	9.5581	9.5474	9.8214	9.33	10.434	9.971	9.635	9.803	9.784	9.466	9.888	9.73	9.65	10.49	9.825	9.691	9.996	9.674	10.221	10.143	9.486	9.789	9.967
HG01933	9.6363	9.5461	9.82	10.509	9.861	9.676	9.875	9.65	9.773	9.986	9.849	10.392	9.728	10.39	9.828	9.773	9.754	9.766	9.771	9.867	9.721	10.087	10.284
HG01934	9.9489	9.9661	10.2521	9.916	9.714	9.953	10.103	9.689	9.61	9.81	10.032	9.996	10.187	10.559	9.917	10.442	10.423	10.436	10.383	10.508	10.52	10.553	10.601
HG01935	9.7133	9.7506	10.0304	9.545	9.947	10.008	9.856	9.715	9.739	10.032	10.007	10.089	10.19	10.287	9.903	9.817	9.983	10.222	9.993	9.996	10.2	10.14	9.988
HG01936	9.7172	9.7041	9.9825	9.47	9.872	9.702	9.753	9.809	9.902	9.953	9.649	10.266	9.921	10.292	10.182	9.747	9.957	10.099	10.249	10.071	10.256	10.15	10.067
HG01937	9.7455	9.7432	10.0228	9.523	9.902	9.899	9.867	10.003	9.915	10.126	9.788	10.022	10.201	10.623	9.907	9.672	9.892	10.031	10.072	10.028	10.246	10.085	10.155
HG01938	8.6849	8.7407	8.9915	8.58	8.726	9.058	9.012	8.862	9.153	9.032	9.33	8.883	9.06	8.277	8.765	8.982	8.878	8.938	9.028	8.92	8.852	9.159	9.017
HG01939	9.7424	9.7039	9.9824	9.93	10.029	9.79	9.823	10.09	10.256	9.926	9.878	10.149	9.905	10.226	9.703	9.884	10.037	9.964	10.015	10.148	10.027	10.09	10.307
HG01940	9.8149	9.8656	10.1487	9.221	9.722	9.462	9.655	10.055	9.97	10.1	10.056	10.14	9.764	10.739	9.967	10.142	10.151	10.204	10.147	10.483	10.194	10.163	10.437
HG01941	9.5387	9.533	9.8065	9.46	9.828	9.915	9.541	9.966	9.888	9.771	9.852	9.802	9.492	6.631	9.978	10.025	9.97	9.822	10.072	9.863	9.812	9.83	9.798
HG01942	10.8681	11.2176	11.5394	12.486	11.636	11.542	11.592	11.938	12.181	12.024	11.781	11.596	11.836	12.533	11.919	11.963	10.251	10.151	9.912	10.073	9.907	10.292	9.795
HG01943	10.9022	11.0172	11.3333	11.593	11.366	11.686	11.794	11.607	11.825	11.791	11.801	12.167	11.954	9.896	12.511	11.95	10.335	10.419	10.308	10.515	10.195	10.694	10.597
HG01944	9.7825	9.7581	10.0381	10.154	9.743	10.146	10.056	9.68	9.865	10.307	9.803	10.058	9.952	10.396	9.962	10.059	10.118	9.941	9.938	10.062	10.235	10.262	10.189
HG01945	9.7815	9.8347	10.1169	9.415	9.878	9.51	9.626	9.889	9.751	10.038	9.946	10.23	9.863	8.794	10.464	10.018	10.18	10.01	10.188	10.339	10.426	10.394	10.503
HG01946	9.9327	9.9112	10.1956	10.249	9.662	9.734	9.842	9.821	9.876	10.002	10.065	10.224	10.304	9.918	10.219	10.481	10.054	10.251	10.21	10.46	10.576	10.698	10.282
HG01947	9.8327	9.8255	10.1074	10.542	9.983	9.679	9.744	9.824	9.959	9.985	10.105	10.049	10.196	10.373	9.975	10.249	9.95	10.208	10.255	10.339	10.027	10.437	10.308
HG01948	9.9381	9.9615	10.2473	9.88	9.768	9.757	9.983	10.304	9.928	10.35	10.033	10.177	10.666	10.031	10.351	10.248	10.264	10.176	10.346	10.226	10.499	10.485	10.424
HG01949	9.6252	9.5844	9.8594	10.179	10.128	10.218	9.824	9.95	10.298	9.872	9.726	9.611	9.821	9.541	9.692	9.764	9.743	9.978	9.869	10.04	9.896	10.112	9.876
HG01950	9.7321	9.8891	10.1729	12.138	10.926	10.48	10.624	10.582	10.553	10.401	10.176	10.641	10.215	9.864	10.473	10.313	9.437	9.353	9.491	9.32	9.299	9.374	9.271
HG01951	9.5001	9.4884	9.7606	10.414	9.925	10.041	10.022	10.206	9.863	9.51	9.804	9.675	9.626	9.177	9.887	9.47	10.038	9.579	9.825	9.793	9.731	9.39	9.607
HG01952	9.9157	9.845	10.1274	10.883	9.708	9.749	9.821	9.961	10.015	10.149	10.405	9.945	10.083	9.774	10.107	10.131	10.266	10.081	10.416	10.321	10.147	10.666	10.579
HG01953	9.9845	9.9512	10.2368	9.532	10.279	10.041	10.177	10.212	10.402	10.597	10.309	10.364	10.329	10.721	10.438	10.273	10.23	10.288	10.184	10.221	10.022	10.217	10.207
HG01954	9.9784	9.9369	10.222	10.035	10.481	10.486	10.324	10.082	10.314	10.445	10.022	10.082	10.039	10.669	10.316	10.255	10.109	10.14	10.438	10.376	10.424	10.328	10.199
HG01955	9.7753	9.7444	10.024	9.24	10.078	9.902	10.002	9.748	9.866	9.904	10.051	10.252	10.142	10.301	10.253	9.941	9.785	10.189	10.078	10.186	9.902	10.293	10.433
HG01956	9.6017	9.5973	9.8727	10.324	9.62	9.603	9.647	9.987	9.735	9.831	9.643	9.844	9.995	9.956	9.81	9.805	9.846	9.992	9.748	9.822	9.908	9.981	9.911
HG01958	9.5652	9.5413	9.8151	9.537	10.135	9.502	9.7	9.911	9.796	9.837	9.695	9.737	9.944	10.352	9.921	10.188	10.146	9.581	9.882	9.911	9.927	10.06	9.58
HG01959	10.4411	10.6645	10.9705	8.117	9.544	9.382	9.663	9.694	9.64	9.638	9.921	11.156	10.87	11.292	12.044	11.812	11.884	11.935	11.009	11.18	10.936	10.987	11.02
HG01960	9.5985	9.6057	9.8813	9.543	10.004	9.594	10.273	10.128	9.739	9.937	9.772	10.003	9.701	10.489	9.936	9.734	9.88	9.763	9.805	9.982	9.866	10.097	9.715
HG01961	11.0321	11.3124	11.637	11.771	12.352	12.054	11.598	11.859	11.908	11.991	12.062	12.087	11.992	12.242	12.573	11.799	10.61	10.187	10.216	10.515	10.75	10.54	10.41
HG01965	9.8505	9.9284	10.2133	10.888	11.234	10.863	10.449	10.487	10.179	10.625	10.602	10.197	10.657	11.015	10.671	10.444	9.822	9.455	9.677	9.715	9.431	9.426	9.434
HG01967	10.4234	10.4253	10.7244	10.42	10.921	11.1	10.927	10.291	10.34	11.125	10.859	10.837	11.229	10.568	11.098	11.313	10.44	10.422	10.648	10.555	10.474	10.885	10.612
HG01968	9.7353	9.6516	9.9285	10.298	10.122	9.687	10.005	9.922	9.877	10.043	9.827	9.78	10.158	10.095	10.091	9.907	10.003	9.908	10.187	10.163	10.06	9.932	10.022
HG01969	9.9943	10.1971	10.4897	10.613	11.141	10.666	10.752	10.722	10.689	10.773	10.755	10.467	10.671	11.083	10.979	10.573	9.793	9.701	9.422	9.84	9.666	9.891	9.504
HG01970	9.6335	9.6143	9.8901	9.933	10.079	9.99	10.032	9.73	9.846	9.864	9.759	10.22	9.876	10.247	9.578	9.604	9.952	9.922	10.082	9.843	10.047	9.988	9.701
HG01971	9.448	9.5056	9.7783	9.698	9.854	9.771	9.904	9.795	9.798	9.76	9.648	9.781	9.876	8.241	9.756	9.684	9.953	9.648	9.743	9.797	9.745	9.566	9.546
HG01972	9.9465	9.9782	10.2646	9.417	10.057	10.159	10.155	9.82	10.226	10.36	10.197	10.311	10.048	9.752	9.959	10.278	9.778	10.199	10.479	10.387	10.467	10.458	10.677
HG01973	9.466	9.4017	9.6714	10.481	9.811	9.666	9.359	9.636	9.354	9.558	9.737	9.609	9.595	10.005	9.499	9.832	9.471	9.649	9.811	9.82	9.826	10.044	9.824
HG01974	9.3474	9.2667	9.5326	11.262	9.775	9.611	9.66	9.636	9.629	9.549	9.401	9.453	9.626	9.864	9.387	9.568	9.974	9.612	9.533	9.493	9.531	9.44	9.42
HG01975	9.9431	9.9413	10.2265	11.411	10.002	9.785	9.883	9.873	10.085	10.413	10.131	10.166	10.208	10.586	10.115	10.386	10.168	10.216	10.335	10.277	10.292	10.404	10.272
HG01976	9.465	9.4273	9.6978	10.85	9.518	9.723	9.579	9.583	9.818	9.744	9.81	9.567	9.635	9.91	9.777	9.491	9.753	9.616	9.88	9.76	9.762	9.655	9.442
HG01977	10.0338	10.0663	10.3552	9.796	10.104	9.415	9.948	9.962	10.287	10.323	10.275	10.425	10.364	9.996	10.379	10.22	10.37	10.431	10.694	10.423	10.669	10.507	10.563
HG01978	9.975	9.9379	10.223	11.04	9.136	9.887	10.071	9.744	9.984	9.88	10.187	10.231	10.086	10.621	10.351	10.026	10.075	10.349	10.679	10.331	10.533	10.488	10.417
HG01979	9.721	9.7095	9.9881	9.728	10.114	9.809	9.812	9.548	9.619	10.068	9.847	10.157	10.087	10.57	9.902	9.896	9.852	9.997	10.042	10.456	10.019	10.317	10.113
HG01980	9.9541	10.0092	10.2964	10.51	9.895	10.341	9.907	10.358	10.383	10.487	10.143	10.525	10.47	9.714	10.665	10.702	10.404	10.049	9.738	10.0	9.83	10.014	10.876
HG01981	9.2279	9.2599	9.5256	10.934	10.025	9.638	9.897	9.804	9.57	9.604	9.768	9.909	9.694	10.125	9.758	9.577	9.649	8.948	8.707	8.626	8.44	9.058	9.487
HG01982	9.6156	9.5696	9.8442	10.42	9.697	9.993	9.702	9.482	9.794	9.945	9.673	9.65	10.105	10.083	9.647	9.939	10.278	9.925	9.903	9.871	10.128	9.786	9.884
HG01983	8.8699	8.8588	9.113	9.143	9.428	9.196	9.131	8.969	9.053	9.158	9.166	9.304	9.162	9.344	9.206	8.966	9.076	9.005	9.124	9.182	8.928	8.907	9.248
HG01984	8.8162	8.8042	9.0569	9.209	9.202	8.913	9.18	8.765	9.054	9.06	8.977	9.404	9.051	9.419	8.997	8.89	8.974	8.961	9.056	9.152	9.181	9.326	8.989
HG01985	9.9881	9.9431	10.2285	10.405	9.525	9.695	9.863	9.796	9.897	10.343	9.884	10.285	10.482	10.624	10.598	10.158	9.911	10.275	10.476	10.315	10.801	10.801	10.076
HG01986	10.6301	10.8299	11.1407	7.924	9.878	9.547	9.681	10.079	9.93	10.094	10.136	11.294	11.186	10.904	12.329	12.274	12.269	12.355	11.294	11.268	11.051	11.579	11.143
HG01987	9.6752	9.7465	10.0261	9.001	9.813	9.449	9.632	9.836	9.552	10.09	9.896	9.814	9.958	8.63	9.919	10.13	9.977	10.04	10.028	10.308	10.168	10.328	10.125
HG01988	9.6988	9.7335	10.0128	9.909	10.109	9.5	9.8	9.771	10.054	10.053	10.189	9.782	9.873	8.314	10.123	9.977	10.0	10.045	10.008	10.446	10.25	10.036	9.875
HG01989	9.525	9.5254	9.7987	9.542	10.259	10.002	9.725	9.948	9.673	9.738	9.595	9.796	9.721	10.205	9.932	9.879	9.988	9.75	9.621	9.772	9.691	9.899	9.667
HG01990	9.5453	9.6065	9.8821	9.636	9.661	9.596	9.449	9.732	9.626	9.748	10.005	9.712	9.704	8.478	9.772	9.94	9.997	9.852	10.049	9.948	9.794	10.216	10.113
HG01991	9.546	9.5266	9.8	10.194	10.153	9.834	9.757	9.906	9.899	10.02	9.822	9.554	9.783	9.778	9.895	9.824	9.926	9.609	9.81	9.626	9.655	9.703	9.627
HG01992	9.5864	9.5513	9.8253	10.53	9.948	9.838	9.758	9.69	9.668	9.842	9.857	9.856	9.73	10.119	9.216	9.754	9.944	9.572	9.914	10.071	10.007	9.913	9.886
HG01993	9.448	9.4462	9.7172	10.342	9.936	9.83	9.752	9.833	9.685	9.808	9.584	9.686	9.532	10.053	9.704	9.353	9.579	9.605	9.683	9.69	9.592	9.92	9.819
HG01997	9.3002	9.2631	9.5289	10.516	9.597	9.59	9.777	9.614	9.638	9.552	9.708	9.629	9.717	9.969	9.294	9.502	9.578	9.459	9.537	9.394	9.454	9.441	9.314
HG01998	9.7981	9.7885	10.0694	9.933	9.826	9.836	10.085	9.666	9.837	10.143	9.836	9.919	9.959	10.38	10.139	10.095	10.163	10.067	10.248	10.12	10.392	10.151	10.314
HG02002	9.5719	9.5063	9.779	11.755	10.404	9.763	9.826	9.877	9.833	9.931	9.879	9.856	9.527	10.369	9.932	9.605	9.658	9.726	10.018	9.504	9.72	9.762	9.662
HG02003	9.6519	9.6497	9.9266	10.262	10.214	10.039	9.806	9.674	9.874	9.959	9.908	9.743	10.012	10.397	10.106	10.023	9.847	9.797	9.808	10.076	10.023	9.939	9.885
HG02004	9.5852	9.527	9.8003	11.807	9.881	9.853	10.0	9.673	9.972	9.883	9.891	9.53	9.676	10.369	9.891	9.754	9.675	9.738	9.991	9.874	9.825	9.634	9.825
HG02006	9.8284	9.8306	10.1127	10.322	10.065	9.604	10.141	10.002	10.266	10.232	10.183	10.296	10.317	10.308	10.013	9.889	10.039	9.835	10.147	10.161	9.978	9.998	10.103
HG02008	9.8627	9.8576	10.1404	11.036	9.51	9.809	9.739	9.578	9.636	10.041	10.034	9.919	10.17	10.3	9.844	10.148	9.962	10.069	10.29	10.371	10.401	10.534	10.158
HG02009	9.6602	9.722	10.001	9.822	10.257	10.068	9.768	10.014	10.209	10.203	9.939	10.069	9.864	10.484	10.219	9.98	9.831	9.633	9.939	9.806	9.956	9.813	9.553
HG02010	9.6456	9.6769	9.9545	8.738	9.727	9.867	9.433	9.777	9.768	10.337	9.867	9.775	10.178	10.15	10.331	10.011	10.006	9.892	9.949	10.037	9.952	10.199	9.904
HG02011	9.8697	9.8777	10.1612	9.469	9.58	9.784	9.94	9.914	10.277	10.138	10.244	10.191	10.316	10.416	10.294	10.172	9.989	10.352	10.013	10.182	10.177	10.52	10.569
HG02012	9.8102	9.837	10.1193	9.089	10.135	9.968	10.101	10.166	10.012	10.185	10.252	10.158	10.022	10.4	10.141	10.234	10.036	10.207	9.977	10.095	9.977	10.187	9.945
HG02013	9.7516	9.7836	10.0643	9.998	10.04	10.162	10.015	10.149	9.993	10.065	9.933	10.029	10.123	10.697	10.144	9.936	10.126	10.061	9.964	10.162	9.849	9.759	9.986
HG02014	9.7352	9.7216	10.0005	9.635	9.975	10.257	9.744	10.139	9.83	10.102	10.319	9.796	10.031	10.217	10.236	9.994	9.831	10.232	9.959	9.955	9.898	9.935	10.202
HG02015	9.5528	9.541	9.8148	10.138	9.718	9.747	10.04	9.746	9.573	9.587	9.729	9.959	9.726	9.628	9.855	9.546	9.726	10.019	9.739	9.827	9.793	10.191	10.048
HG02016	9.6094	9.5831	9.858	10.373	9.89	9.827	9.925	9.868	9.816	9.698	10.013	9.607	9.886	8.422	9.967	9.831	10.136	9.663	9.894	10.051	10.038	9.823	9.713
HG02017	9.7061	9.662	9.9392	10.413	9.288	9.304	9.329	9.838	9.857	9.775	9.658	9.718	9.872	10.676	10.366	10.192	10.551	9.907	9.872	9.826	10.001	10.277	10.2
HG02018	9.6669	9.6638	9.9411	9.368	10.027	10.045	10.054	9.887	9.602	9.783	9.788	9.908	10.361	10.545	9.962	10.001	9.818	9.881	10.014	9.95	10.0	9.937	10.068
HG02019	9.5816	9.5223	9.7956	10.181	10.015	9.724	9.939	9.946	9.82	9.648	9.793	10.073	10.118	10.257	9.617	9.993	9.428	9.689	10.14	9.818	9.662	9.785	9.746
HG02020	9.4884	9.4535	9.7248	9.626	9.828	10.083	9.677	9.888	9.697	9.837	9.886	9.754	9.624	10.362	9.347	9.711	9.779	9.901	9.864	9.602	9.745	9.758	9.526
HG02023	9.4076	9.437	9.7077	8.177	9.745	9.611	9.872	9.825	9.754	9.781	9.991	9.856	9.319	8.424	9.834	9.589	9.709	9.599	9.995	9.858	9.648	9.944	9.488
HG02024	9.5407	9.5596	9.8339	8.321	10.339	10.008	9.867	10.162	9.931	10.062	10.156	10.259	9.792	10.002	9.759	9.759	9.488	9.821	9.74	9.755	9.85	9.733	9.455
HG02025	9.6963	9.6834	9.9613	8.903	10.438	9.918	10.212	10.114	9.963	9.604	9.974	9.78	10.101	10.32	10.08	10.154	9.972	9.932	10.095	9.91	9.882	10.025	9.767
HG02026	9.6742	9.6216	9.8977	10.912	10.273	9.879	9.921	10.005	10.096	10.295	9.726	9.633	10.12	10.122	9.706	9.867	9.812	9.692	9.949	9.654	9.742	10.097	9.868
HG02027	9.8337	9.8667	10.1499	9.3	9.579	9.879	10.02	10.18	10.188	10.235	10.165	10.084	9.932	10.358	10.103	10.092	10.223	10.222	10.111	10.313	10.171	10.242	10.479
HG02028	9.5551	9.5426	9.8165	10.006	10.043	9.966	9.971	9.977	9.795	10.128	9.74	9.702	9.849	10.197	9.781	9.645	9.966	9.723	9.94	9.779	9.544	9.696	9.407
HG02029	9.8847	9.8555	10.1383	10.396	9.896	10.043	10.234	10.388	10.135	10.353	10.259	9.83	10.001	10.504	10.251	10.158	10.307	10.101	10.186	10.218	10.174	10.15	9.993
HG02030	9.2537	9.416	9.6862	8.392	8.86	8.831	8.731	8.679	8.716	9.51	9.829	9.617	9.835	10.484	9.627	9.765	9.81	9.941	9.918	9.858	9.922	9.712	9.836
HG02031	9.2935	9.2724	9.5385	9.928	9.823	9.585	9.78	9.978	9.695	9.303	9.636	9.747	9.512	9.946	9.247	9.241	9.312	9.397	9.704	9.452	9.326	9.568	9.394
HG02032	9.6204	9.7058	9.9842	9.946	9.003	8.905	9.363	9.219	9.031	9.857	9.974	10.062	10.257	10.358	10.007	10.166	9.866	9.896	10.165	10.04	10.053	10.153	10.028
HG02035	9.529	9.5047	9.7774	9.984	9.491	9.868	9.763	9.825	9.98	9.724	9.679	9.751	9.503	10.111	10.027	9.977	9.578	9.577	9.942	9.649	9.75	9.831	9.637
HG02040	9.1993	9.1433	9.4056	9.97	10.014	9.484	9.528	9.58	9.36	9.416	9.252	9.407	9.601	9.877	9.204	9.376	9.511	9.354	9.542	9.336	9.461	9.398	9.092
HG02047	9.413	9.3745	9.6435	9.27	10.329	10.174	9.708	9.777	9.775	9.724	9.674	9.645	9.813	9.911	9.559	9.628	9.796	9.404	9.773	9.7	9.595	9.658	9.492
HG02048	9.4925	9.4797	9.7517	9.169	9.855	9.714	9.783	9.954	9.894	9.753	10.04	9.73	9.789	10.006	8.868	9.883	10.029	9.773	9.649	9.831	9.879	9.71	9.621
HG02049	9.7104	9.7061	9.9846	9.907	9.851	9.802	9.824	9.835	9.79	9.734	9.881	10.041	10.187	10.484	10.193	10.101	10.11	9.899	10.099	9.973	10.232	10.35	9.967
HG02050	9.4959	9.5733	9.848	9.215	9.862	9.652	9.518	9.574	9.577	9.856	9.701	9.986	9.771	9.867	9.793	9.751	9.853	9.943	9.923	10.042	10.004	9.885	9.712
HG02051	10.4971	10.4818	10.7825	10.497	10.344	10.535	10.847	10.958	11.016	10.782	11.182	10.597	10.99	10.458	10.869	10.878	10.703	10.793	10.648	10.988	10.728	11.056	10.504
HG02052	10.4999	10.7014	11.0085	8.94	9.548	10.081	9.987	10.37	10.261	10.045	10.167	10.727	11.264	9.858	11.813	11.806	11.999	11.985	10.996	10.901	11.199	11.234	11.107
HG02053	9.5403	9.5661	9.8406	9.52	10.422	10.044	9.889	9.996	10.123	9.896	9.869	9.73	10.085	10.043	9.296	9.881	9.799	9.633	9.836	9.897	9.557	9.352	9.52
HG02054	10.0089	10.0486	10.3369	9.293	10.018	9.761	10.1	9.778	10.236	10.583	10.523	10.207	9.868	10.257	10.496	10.194	10.387	10.307	10.292	10.537	10.554	10.725	10.587
HG02055	10.0443	10.0762	10.3653	9.292	10.402	9.69	9.728	9.997	9.608	10.121	9.862	10.521	10.385	10.417	10.606	10.45	10.216	10.636	10.536	10.785	10.485	10.958	10.521
HG02056	9.4925	9.4757	9.7476	9.834	10.253	10.184	10.178	10.024	9.838	9.869	9.714	9.765	9.891	10.134	9.962	9.603	9.77	9.56	9.655	9.445	9.383	9.668	9.547
HG02057	9.6182	9.5444	9.8183	10.192	10.39	9.808	9.982	9.68	9.94	9.909	9.857	9.553	10.127	10.07	9.854	10.096	9.941	9.714	10.038	9.696	9.828	9.668	9.75
HG02058	9.2966	9.2882	9.5547	10.045	10.101	9.296	9.732	9.716	9.833	9.867	9.672	9.215	9.574	9.646	9.703	9.056	9.358	9.473	9.623	9.497	9.211	9.377	9.39
HG02059	9.8431	9.8572	10.1401	9.881	10.41	9.981	10.103	9.897	9.62	10.151	10.108	10.189	10.092	10.597	10.119	10.192	10.024	10.438	9.976	10.327	10.149	10.396	10.173
HG02060	9.4128	9.3744	9.6433	10.344	10.057	10.338	10.028	9.94	9.88	9.389	10.04	9.486	9.578	9.821	9.747	9.941	9.611	9.371	9.526	9.331	9.541	9.386	9.368
HG02061	9.822	9.8217	10.1035	10.01	10.244	10.043	9.967	9.965	10.239	10.235	9.87	10.528	10.115	10.877	10.29	9.77	10.116	10.275	9.972	10.044	10.057	10.067	10.051
HG02064	9.3767	9.4884	9.7607	8.723	9.118	8.89	8.651	9.289	8.989	9.922	9.546	9.651	9.962	10.082	9.957	9.943	9.87	9.803	10.12	9.846	9.708	9.954	9.586
HG02067	9.7119	9.7185	9.9974	10.531	9.935	10.134	10.2	10.209	10.167	10.059	10.039	10.194	9.983	10.145	10.183	9.97	9.782	10.075	9.853	9.712	9.724	9.785	9.858
HG02068	9.9068	9.883	10.1666	9.633	9.351	9.182	9.495	9.844	9.913	9.687	10.192	10.154	9.953	10.416	9.882	10.473	10.47	10.574	10.355	10.378	10.472	10.679	10.954
HG02069	9.7098	9.6898	9.9678	10.194	9.933	9.926	10.003	9.897	10.04	10.086	9.986	9.988	10.235	10.298	9.87	10.176	9.58	9.924	10.217	9.876	10.005	9.958	9.824
HG02070	9.6636	9.623	9.8991	10.587	10.151	10.189	9.94	10.236	9.941	9.484	9.701	10.032	10.009	10.004	10.005	10.017	9.961	9.726	9.895	9.697	9.832	9.857	9.737
HG02071	9.963	10.0347	10.3226	9.758	9.969	9.609	9.816	9.843	9.917	9.948	10.452	10.723	10.287	9.903	10.386	10.092	10.354	10.588	10.435	10.504	10.567	10.613	10.424
HG02072	9.743	9.7884	10.0693	9.874	9.911	10.186	9.873	9.627	9.92	10.081	10.214	10.133	9.679	9.616	10.234	9.886	10.089	9.986	10.085	10.236	10.131	10.235	10.019
HG02073	8.701	8.6818	8.9309	8.778	9.244	8.989	9.003	9.336	8.977	8.772	8.796	9.145	9.119	9.42	8.614	9.021	9.046	8.857	8.984	8.977	8.898	8.657	8.879
HG02074	9.5208	9.615	9.8909	9.577	9.064	9.127	9.065	8.949	8.714	9.845	9.964	9.962	10.012	10.503	10.068	9.833	9.741	10.128	10.085	10.014	9.915	9.916	9.812
HG02075	9.3724	9.5506	9.8246	9.07	8.982	8.528	8.695	9.112	8.767	9.619	9.735	10.056	9.804	9.354	10.01	9.866	10.13	10.006	9.775	9.966	9.775	9.988	9.926
HG02076	9.7863	9.7617	10.0418	10.513	10.076	9.951	10.008	10.089	10.144	10.2	10.102	9.893	10.249	9.889	10.018	10.02	10.465	10.009	9.89	10.176	10.133	10.017	9.775
HG02077	9.8361	9.8375	10.1198	9.865	9.722	10.076	10.248	10.122	9.961	10.048	10.16	10.41	9.978	10.691	10.178	10.09	10.199	10.449	10.07	10.179	10.025	9.88	10.089
HG02078	9.529	9.5681	9.8427	7.604	10.19	9.953	10.012	9.752	9.742	9.986	10.187	9.707	9.977	10.082	10.119	9.88	9.749	9.608	9.819	9.806	9.657	9.669	9.389
HG02079	9.6976	9.6251	9.9012	10.04	9.771	9.825	9.701	9.774	9.992	9.889	9.446	9.918	9.925	10.485	9.752	9.927	9.919	10.055	10.125	10.055	10.195	10.253	10.051
HG02080	9.8094	9.8003	10.0816	9.419	9.955	9.784	10.118	10.065	9.911	9.411	9.941	9.898	10.455	10.646	9.844	10.119	9.87	10.469	10.265	10.276	10.034	10.269	10.422
HG02081	9.6521	9.6638	9.9411	9.784	9.977	9.904	9.787	9.774	9.988	9.621	9.459	9.599	10.188	10.43	9.621	9.918	9.968	9.964	9.987	9.909	10.308	10.114	9.945
HG02082	9.6074	9.5674	9.8419	10.132	10.035	9.526	9.72	9.806	9.683	9.598	9.785	9.949	10.04	10.178	9.633	9.763	9.81	9.884	9.941	10.042	10.043	10.049	10.036
HG02083	9.5781	9.5664	9.8409	10.446	10.247	9.991	9.834	10.134	9.783	9.966	9.64	9.751	9.814	10.313	9.655	9.538	9.929	9.505	9.91	9.863	9.936	9.93	9.49
HG02084	9.7479	9.7472	10.0269	9.416	9.404	9.809	10.118	9.579	10.022	10.09	9.834	10.004	9.917	10.557	9.785	10.149	9.88	10.061	10.163	10.274	10.3	10.454	10.134
HG02085	9.8353	9.7727	10.0531	10.817	10.012	10.175	9.999	10.435	10.141	10.063	9.873	10.244	10.041	10.69	10.101	10.262	10.067	9.965	9.817	10.139	10.186	9.984	9.847
HG02086	10.1593	10.1831	10.4753	9.852	9.519	9.095	9.667	9.751	10.26	10.303	10.222	10.913	10.286	11.031	10.834	10.555	10.513	10.41	10.624	10.668	10.754	10.946	11.132
HG02087	9.3522	9.3672	9.636	8.971	9.886	9.929	9.893	9.591	9.678	9.717	9.541	9.749	9.48	10.06	9.968	9.498	9.654	9.699	9.625	9.468	9.586	9.491	9.379
HG02088	9.603	9.6181	9.894	9.03	9.26	10.258	10.097	10.166	10.093	9.675	9.662	9.745	9.999	10.313	10.139	9.831	9.681	9.759	10.138	10.127	9.881	9.722	9.95
HG02089	9.5921	9.6283	9.9046	10.136	10.033	9.825	9.595	9.765	9.808	9.67	9.426	9.955	9.767	10.234	9.917	10.008	9.861	9.904	9.822	9.701	10.013	10.059	9.921
HG02090	9.8838	9.8639	10.1469	10.118	10.085	9.994	10.106	9.945	9.736	9.999	9.957	10.232	9.861	10.826	10.33	10.475	10.071	10.205	10.058	10.427	10.519	10.614	10.15
HG02091	10.053	10.0196	10.3071	10.629	10.239	10.14	10.229	10.013	10.114	10.584	10.217	10.482	10.354	10.696	10.578	10.389	10.208	10.577	10.243	10.417	10.253	10.547	10.376
HG02095	9.5829	9.5823	9.8573	9.814	9.06	9.417	9.491	9.618	9.494	9.771	9.749	9.931	9.693	8.634	10.084	9.986	9.886	10.112	9.772	10.156	10.046	9.918	10.186
HG02102	9.5961	9.6084	9.8841	8.793	9.55	9.364	9.936	9.807	9.662	9.956	9.793	9.598	9.863	10.396	9.944	9.873	9.977	9.762	10.088	9.913	9.823	10.281	10.245
HG02104	9.607	9.6318	9.9082	6.787	10.236	9.844	9.886	9.814	9.999	10.07	10.023	10.202	10.114	9.463	9.787	9.881	9.842	9.828	10.001	9.986	10.204	9.891	9.814
HG02105	9.9816	10.0668	10.3556	9.604	9.727	10.115	9.824	9.751	10.08	10.26	10.138	9.876	10.119	10.555	10.512	10.532	10.3	10.536	10.324	10.153	10.527	10.709	10.419
HG02106	9.7898	9.8124	10.094	9.165	10.215	10.264	10.118	9.887	10.039	10.023	9.969	10.166	10.245	10.343	9.938	10.073	9.897	10.196	10.234	10.177	10.167	10.151	10.052
HG02107	9.5824	9.6195	9.8955	9.107	9.251	9.782	9.862	9.836	9.535	9.56	9.834	9.89	10.113	8.578	9.989	10.018	10.328	9.903	10.062	9.86	10.067	9.866	9.928
HG02108	9.505	9.5098	9.7826	8.639	9.159	9.585	9.976	9.753	10.076	9.754	9.918	9.806	10.087	9.831	10.125	9.843	10.012	9.549	9.79	9.719	9.819	9.665	9.618
HG02111	9.6656	9.6366	9.9131	9.364	9.637	10.038	9.539	10.031	9.737	10.089	9.871	9.911	9.747	10.502	10.321	10.068	10.31	9.941	9.671	10.06	9.959	9.911	9.968
HG02113	9.6807	9.6424	9.9191	9.915	9.817	10.068	9.82	10.14	10.185	9.646	9.955	9.835	10.029	10.391	9.662	9.816	9.968	9.761	9.849	9.869	10.105	10.069	10.155
HG02116	9.5004	9.4962	9.7687	9.137	10.119	9.93	9.885	9.842	9.93	9.803	9.617	9.478	9.966	9.924	9.761	9.705	9.828	9.693	9.87	9.781	9.505	9.871	9.726
HG02120	10.158	10.1653	10.457	10.349	10.142	9.7	10.109	9.916	10.211	10.363	10.244	10.251	10.487	11.103	10.516	10.355	10.624	10.759	10.548	10.535	10.526	10.787	10.668
HG02121	9.6624	9.6346	9.9111	10.628	10.19	9.991	10.231	9.599	9.834	9.756	9.548	10.099	9.827	10.15	9.908	10.092	9.992	9.849	9.813	9.957	10.012	10.093	9.683
HG02122	9.9583	9.9073	10.1916	10.242	10.103	9.938	9.968	10.116	9.968	10.097	9.998	10.477	10.004	10.519	10.087	10.241	10.264	10.326	10.353	10.528	10.464	10.439	10.251
HG02126	9.8276	9.8324	10.1146	10.439	9.759	10.029	10.035	9.982	10.116	9.707	9.993	10.289	10.174	10.633	10.106	10.083	9.961	10.244	10.148	10.393	10.048	9.993	10.122
HG02127	9.4841	9.3848	9.6541	11.05	9.862	9.649	9.834	9.909	9.916	8.954	9.552	9.606	9.606	10.109	9.937	10.033	9.875	9.746	9.781	9.598	9.702	9.485	9.468
HG02128	9.8638	9.8175	10.0992	10.689	9.735	10.032	10.344	10.175	10.393	9.741	10.066	10.027	10.102	10.568	10.175	10.351	10.133	9.915	10.326	10.003	10.239	9.975	10.103
HG02129	9.5246	9.5405	9.8143	9.681	9.686	9.475	9.99	9.846	9.566	9.511	9.625	9.944	9.894	10.312	10.125	9.765	9.951	9.924	9.832	9.617	9.855	9.825	9.926
HG02130	9.9101	9.8275	10.1095	10.519	10.341	10.286	10.102	9.697	9.976	9.81	10.203	9.817	10.222	10.526	10.16	10.454	10.091	10.019	10.275	10.502	10.132	10.529	10.119
HG02131	9.4178	9.4259	9.6964	9.053	9.872	9.371	9.508	9.741	9.826	9.886	9.476	9.893	9.684	10.192	9.547	9.661	10.284	9.654	9.885	9.677	9.546	9.467	9.568
HG02132	9.5461	9.5122	9.7852	9.453	10.173	10.144	9.889	10.172	9.871	9.809	10.044	9.46	9.675	10.574	9.992	9.481	9.822	9.622	9.633	9.826	9.71	9.733	9.718
HG02133	9.7206	9.7036	9.982	10.137	9.508	10.118	9.822	9.719	9.877	9.515	9.823	9.684	10.17	10.396	10.075	10.15	10.054	10.026	10.177	10.178	10.044	10.168	10.221
HG02134	9.8524	9.8457	10.1282	8.07	10.169	10.358	10.312	10.086	10.152	10.077	10.221	9.83	9.922	10.584	10.121	10.414	9.95	10.443	10.124	10.251	10.317	10.315	10.036
HG02135	9.7403	9.7232	10.0022	9.827	10.168	9.555	9.759	9.838	9.899	9.589	10.044	9.871	10.058	10.705	10.074	10.11	10.179	10.259	10.033	9.988	10.172	10.106	10.281
HG02136	9.6098	9.6077	9.8833	10.078	9.681	9.797	9.593	9.69	9.753	9.293	9.54	9.978	10.032	10.165	9.578	10.161	9.781	9.959	9.989	10.049	10.012	9.898	9.742
HG02137	9.8432	9.8353	10.1175	9.912	10.124	9.936	9.86	10.053	9.977	10.32	9.803	10.001	10.205	10.712	10.057	10.083	10.13	9.989	10.139	10.132	10.47	10.208	10.277
HG02138	9.9067	9.9397	10.225	8.573	10.068	9.733	9.919	9.966	9.948	10.149	10.327	10.092	10.325	10.933	10.395	10.251	10.466	10.377	10.288	10.434	10.346	10.294	10.169
HG02139	9.7962	9.7889	10.0698	10.204	9.589	9.769	9.725	9.92	9.641	9.852	10.031	9.97	10.466	10.293	10.248	10.139	10.127	10.005	10.393	10.273	10.292	10.239	10.217
HG02140	9.8222	9.8374	10.1197	9.561	10.121	9.631	10.128	9.719	10.028	10.061	9.808	10.276	9.948	10.415	10.424	9.956	9.981	10.359	10.132	10.245	10.227	10.389	10.165
HG02141	9.6729	9.6888	9.9668	8.84	9.647	9.818	9.825	9.934	9.961	9.494	9.801	9.792	9.696	10.384	10.16	9.923	10.204	10.043	10.19	9.996	10.084	10.065	10.025
HG02142	9.8135	9.8552	10.1379	9.97	10.157	10.166	9.764	10.033	9.961	9.963	9.833	9.821	9.673	10.518	10.606	9.881	9.89	10.487	10.467	10.175	10.355	9.964	10.222
HG02143	9.7679	9.7738	10.0543	9.451	9.741	10.048	10.027	9.915	10.357	10.08	9.83	10.143	10.066	10.237	10.064	10.019	10.116	9.816	10.162	10.102	10.153	9.985	10.21
HG02144	9.6366	9.6903	9.9683	9.886	10.301	10.062	10.11	9.829	9.976	9.85	9.666	9.86	10.004	8.624	10.212	9.829	10.027	9.93	10.174	9.911	9.887	9.848	9.851
HG02145	9.5259	9.5908	9.866	8.941	9.394	9.863	9.662	9.586	9.711	9.604	9.937	9.769	9.983	8.324	9.696	9.833	10.059	10.064	9.875	10.058	9.786	9.961	9.849
HG02146	9.6729	9.7319	10.0111	9.171	9.461	9.52	9.8	9.635	9.891	9.93	9.863	10.207	9.787	10.319	9.882	9.936	10.237	10.24	10.229	10.24	10.299	10.185	9.915
HG02147	10.1358	10.4459	10.7457	8.255	9.587	9.13	9.256	9.235	9.177	9.262	9.28	9.362	9.787	11.379	11.068	10.736	10.932	11.064	10.978	10.992	11.226	11.136	10.955
HG02148	9.6977	10.0945	10.3841	7.937	9.062	8.643	8.972	9.033	8.844	9.076	8.963	8.624	9.633	11.247	10.655	10.782	10.733	10.683	10.81	10.978	10.701	10.728	10.687
HG02150	10.3265	10.3911	10.6893	11.317	11.358	11.379	10.564	10.929	11.01	11.17	10.785	11.141	10.736	10.574	11.35	11.165	10.248	10.086	10.22	10.273	10.203	10.057	10.326
HG02151	9.6314	9.6031	9.8787	10.027	10.523	9.337	9.652	10.363	9.962	9.67	9.842	9.544	9.822	10.149	9.879	9.787	10.029	9.922	9.935	10.094	9.769	9.605	9.781
HG02152	9.7292	9.7211	10.0	9.578	10.04	10.048	9.71	9.918	9.612	10.016	10.041	10.027	9.835	10.749	10.126	9.871	9.869	10.093	10.05	10.018	10.185	10.098	10.063
HG02153	9.8613	9.816	10.0976	10.208	9.833	10.073	9.783	10.074	10.108	9.628	9.899	10.224	9.984	10.668	9.956	10.062	10.228	10.075	10.439	10.206	10.321	10.233	10.475
HG02154	9.9734	10.044	10.3322	9.63	10.114	9.942	9.722	10.182	10.121	10.349	10.263	10.105	10.173	10.337	10.103	10.636	9.892	10.512	10.154	10.494	10.574	10.571	10.36
HG02155	9.6844	9.6844	9.9623	8.9	10.131	10.274	10.14	9.908	9.838	9.728	10.065	10.109	10.04	10.69	10.001	10.038	10.043	10.275	9.859	9.829	9.9	9.911	10.004
HG02156	9.5917	9.6035	9.8791	9.924	10.245	9.944	9.972	9.838	10.053	9.936	9.962	9.797	9.884	9.522	9.588	9.902	9.862	9.772	9.697	9.808	10.026	9.712	9.943
HG02164	10.8069	10.8305	11.1413	10.185	11.522	11.355	11.185	11.175	11.277	10.968	11.228	11.295	11.135	10.781	10.854	11.231	11.163	11.091	11.048	11.136	11.04	11.144	11.083
HG02165	9.6711	9.6252	9.9014	10.465	10.091	10.044	10.063	9.69	9.534	9.338	9.709	10.085	9.622	10.221	9.839	10.028	10.027	10.081	9.889	9.952	10.031	10.318	9.865
HG02166	9.913	9.9226	10.2073	9.964	10.758	9.703	10.335	10.314	10.225	9.995	10.277	10.317	10.375	10.561	10.26	9.96	10.024	10.029	10.183	10.115	10.304	10.142	10.139
HG02178	9.5523	9.55	9.8241	9.558	9.578	9.543	9.702	9.963	9.787	9.887	9.859	9.842	9.745	9.482	9.852	9.662	9.934	9.735	10.021	10.043	9.868	9.725	10.08
HG02179	9.5943	9.568	9.8425	9.872	9.398	9.888	9.961	9.742	9.824	10.064	9.738	9.81	9.771	10.431	9.905	9.988	9.822	10.066	9.771	10.143	9.922	9.668	9.767
HG02180	9.99	9.9579	10.2436	10.402	10.069	9.761	9.913	10.12	10.175	9.587	10.214	10.041	10.413	10.396	10.272	10.148	10.337	10.363	10.42	10.417	10.556	10.567	10.527
HG02181	9.7008	9.6709	9.9484	10.372	10.042	9.923	9.65	10.073	9.878	9.933	9.881	9.821	10.152	10.343	9.977	9.98	9.778	10.148	10.112	10.091	10.057	9.582	9.944
HG02182	9.6889	9.7135	9.9922	9.2	10.225	9.949	10.199	9.954	9.954	10.109	9.633	10.265	9.88	10.125	9.969	10.144	10.14	10.053	9.943	9.947	9.779	10.07	9.89
HG02184	9.8343	9.8365	10.1188	10.251	9.903	10.057	9.591	9.808	9.954	10.05	9.925	10.088	10.274	10.329	9.938	10.081	10.521	10.109	10.421	10.212	10.184	10.409	10.258
HG02185	9.7135	9.6257	9.9019	11.128	10.139	9.752	10.29	9.946	9.934	10.017	9.979	10.117	9.624	9.987	9.475	9.789	9.734	10.233	9.984	9.911	10.046	9.778	10.112
HG02186	9.7708	9.7482	10.028	10.124	10.117	10.082	10.041	9.907	10.115	10.077	10.257	10.225	10.151	10.31	10.097	9.904	10.329	10.005	9.855	10.028	10.017	9.946	9.563
HG02187	8.8289	8.8271	9.0804	8.84	9.315	8.926	9.207	9.329	9.258	9.059	9.016	8.76	9.609	9.289	8.9	9.042	9.181	8.967	9.164	9.051	9.089	8.979	9.062
HG02188	9.4825	9.456	9.7273	9.849	10.126	9.945	9.909	9.818	9.911	9.742	9.896	9.883	9.803	10.678	9.861	9.94	9.59	9.619	9.603	9.563	9.648	9.541	9.394
HG02190	9.5752	9.5847	9.8598	8.7	10.472	9.909	9.808	9.784	9.854	9.935	9.72	9.719	9.883	10.141	10.029	9.937	10.115	9.879	9.781	9.807	9.699	9.854	9.619
HG02215	10.4699	10.6314	10.9365	10.574	11.253	11.133	11.019	11.218	11.095	11.161	11.332	11.018	11.132	9.859	10.693	11.276	11.437	10.988	11.043	10.066	10.186	10.007	10.296
HG02219	10.3689	10.4544	10.7544	10.223	10.54	10.762	10.598	10.806	10.755	10.618	11.141	10.544	11.026	9.516	10.853	11.103	11.176	11.123	11.13	10.452	10.277	10.359	10.283
HG02220	9.5944	9.644	9.9207	8.825	9.79	9.537	9.721	9.839	9.968	9.866	9.895	10.349	9.87	9.664	9.784	9.883	10.207	9.832	10.103	10.414	9.972	10.003	9.781
HG02221	9.4824	9.4991	9.7716	9.995	9.569	9.646	9.281	9.484	9.729	9.781	9.488	9.883	9.717	8.42	9.845	9.843	9.959	9.948	9.794	9.998	9.788	9.856	9.864
HG02222	9.6171	9.6428	9.9194	9.719	9.768	9.717	10.248	10.14	9.939	10.021	10.02	10.362	9.923	8.55	9.809	10.036	9.871	10.038	9.661	9.707	9.864	10.028	9.868
HG02223	9.5257	9.5433	9.8172	9.851	9.162	9.407	9.186	9.45	9.502	9.574	9.619	9.955	9.413	9.89	9.544	9.688	10.31	10.043	10.244	10.108	10.141	10.216	10.061
HG02224	9.6607	9.6427	9.9193	10.195	9.183	9.514	9.611	9.793	9.844	9.737	10.062	10.075	9.902	9.387	9.875	10.148	10.096	10.151	9.93	10.018	9.943	10.149	10.519
HG02225	9.7801	9.7356	10.0149	11.907	9.415	9.458	9.789	9.571	9.6	9.976	10.405	10.092	9.844	9.741	10.169	9.905	9.877	10.219	9.99	10.323	10.289	10.552	10.377
HG02229	9.9661	9.9552	10.2409	11.432	9.682	10.327	10.194	10.101	10.215	10.433	10.047	10.172	10.316	9.343	9.951	10.054	10.299	10.301	10.153	10.382	10.38	10.659	10.478
HG02230	9.9243	9.8984	10.1824	10.971	9.677	9.954	9.74	10.045	10.057	9.774	9.782	10.538	10.336	9.491	10.09	10.075	10.514	10.436	10.578	10.372	10.22	10.506	10.313
HG02231	9.746	9.781	10.0616	10.256	9.538	9.965	9.715	10.036	10.198	10.058	10.298	10.247	10.273	7.873	9.954	9.905	9.959	10.024	10.317	10.186	10.113	10.014	9.888
HG02232	9.7958	9.7133	9.992	11.018	9.808	9.829	9.637	10.104	9.937	10.199	10.107	9.942	10.148	10.912	10.136	9.845	10.33	9.891	10.127	9.993	10.007	9.928	10.301
HG02233	9.5489	9.5449	9.8188	9.194	9.508	9.637	9.751	9.878	9.708	9.737	9.899	10.089	9.889	9.805	9.796	9.712	10.114	9.805	9.78	9.972	10.011	9.835	9.892
HG02234	9.4387	9.5288	9.8022	8.8	9.322	9.706	9.803	9.736	9.89	9.718	9.853	9.957	9.877	9.643	9.722	9.73	9.65	9.857	9.727	9.696	9.755	9.772	9.663
HG02235	9.6775	9.6668	9.9442	9.491	9.476	9.708	9.559	10.249	9.896	9.814	9.719	9.682	10.067	10.45	10.149	9.947	10.315	10.133	10.256	10.0	9.874	9.967	9.864
HG02236	10.0392	10.0933	10.3829	11.505	10.595	10.103	10.545	10.372	10.681	10.283	10.809	10.681	10.601	9.302	10.349	10.557	10.925	10.664	10.511	9.731	9.786	9.667	9.57
HG02237	10.3683	10.4223	10.7214	11.193	9.761	10.579	10.886	10.894	10.585	11.114	10.973	10.934	10.774	10.249	10.768	11.026	10.839	10.986	10.94	10.151	10.216	10.31	10.316
HG02238	9.7156	9.7301	10.0093	9.796	9.681	9.785	9.922	10.022	9.867	10.248	9.909	9.941	10.003	8.587	9.988	9.916	9.974	10.251	10.098	10.114	10.354	10.148	10.045
HG02239	9.954	9.9125	10.1969	10.639	9.789	9.74	10.088	10.191	10.21	10.209	10.275	10.495	10.071	9.677	10.009	10.261	10.44	10.225	10.355	10.125	10.431	10.343	10.428
HG02240	9.8945	9.9318	10.2167	10.254	10.064	10.283	9.844	9.923	9.894	9.766	10.145	10.335	10.254	9.668	10.228	10.53	10.266	10.22	10.246	10.249	10.477	10.226	10.139
HG02250	9.7453	9.8001	10.0813	9.317	10.652	10.242	9.89	9.982	9.195	10.171	10.034	10.166	10.013	10.392	10.147	9.885	9.727	9.8	10.242	10.016	10.258	10.226	9.987
HG02252	9.0836	9.0841	9.3448	9.208	9.881	9.351	9.45	9.407	9.32	9.36	9.192	9.163	9.524	9.558	9.3	9.256	9.612	9.475	9.313	9.37	9.434	9.243	8.968
HG02253	8.8727	8.9157	9.1715	8.526	9.036	8.895	9.235	9.204	9.197	9.467	9.064	9.218	9.126	9.211	9.295	9.424	9.276	9.009	9.13	9.09	9.119	9.09	9.036
HG02255	9.7302	9.7617	10.0418	7.515	9.625	10.187	10.084	9.995	9.923	10.132	10.127	9.856	10.223	8.771	10.02	9.866	10.048	10.157	10.201	10.292	10.097	10.31	10.03
HG02256	8.5197	8.5132	8.7575	7.836	8.426	9.102	8.698	8.562	8.571	9.027	8.745	8.831	9.004	8.624	8.649	8.956	8.931	8.961	8.985	8.667	8.968	8.735	8.546
HG02257	9.7983	9.851	10.1336	8.101	10.0	10.142	10.019	10.131	9.941	10.521	10.09	9.812	10.43	8.633	10.118	10.099	9.956	10.479	10.199	10.219	10.341	10.466	9.954
HG02258	9.3656	9.434	9.7047	8.258	8.065	9.682	9.68	9.865	9.65	9.811	9.922	9.826	10.118	9.331	9.485	9.979	9.93	9.81	9.693	9.498	9.543	9.578	9.199
HG02259	9.6502	9.6305	9.9069	10.531	10.037	9.986	10.177	9.908	10.006	9.978	9.74	10.003	9.995	10.349	9.853	9.845	9.814	9.954	9.724	9.774	9.829	9.828	9.917
HG02260	9.5066	9.5759	9.8507	8.604	9.918	9.749	9.953	10.052	9.794	9.949	9.622	9.636	9.72	9.265	9.641	9.848	10.149	9.732	9.857	9.805	9.978	9.902	9.758
HG02261	9.6936	9.6512	9.9281	8.828	9.128	8.939	9.487	9.736	9.66	9.57	10.263	10.105	9.942	10.585	9.366	9.778	10.057	9.728	10.249	10.208	10.408	10.543	10.94
HG02262	9.5783	9.5856	9.8606	9.595	10.186	9.937	9.791	9.774	9.827	10.071	9.78	9.891	10.019	10.105	9.801	9.833	9.625	9.847	9.895	9.953	9.715	9.729	9.686
HG02265	9.8155	9.7705	10.0509	10.577	9.705	9.747	9.721	10.167	9.802	9.945	9.654	9.884	9.912	10.492	10.189	10.094	10.054	10.182	10.316	10.247	10.175	10.155	10.155
HG02266	9.5037	9.509	9.7818	10.063	9.521	9.769	9.542	9.792	9.502	9.625	9.723	9.803	9.88	8.521	9.736	9.864	9.644	9.782	9.876	9.919	10.026	10.013	9.855
HG02271	9.7191	9.6941	9.9723	11.39	9.739	10.112	9.951	9.77	10.122	9.902	9.928	10.644	10.133	9.955	9.918	9.885	10.207	9.989	10.086	9.745	10.207	9.669	9.71
HG02272	9.5138	9.5147	9.7877	9.26	9.41	9.928	10.05	9.93	9.676	9.815	9.861	9.814	9.563	10.187	9.421	9.75	9.884	9.964	9.829	9.827	9.766	9.911	9.865
HG02273	9.497	9.4863	9.7585	9.131	9.517	9.737	10.066	9.666	9.611	9.622	9.997	10.017	9.799	10.215	9.852	9.829	9.422	9.754	9.629	10.015	9.94	10.058	9.57
HG02274	9.6134	9.6096	9.8853	10.029	10.444	9.831	10.17	10.019	10.114	10.143	10.039	9.996	9.981	10.316	9.888	9.596	9.565	9.589	9.744	9.726	9.82	9.552	9.691
HG02275	9.6163	9.6707	9.9482	9.106	10.194	10.157	10.19	10.05	9.966	10.009	9.969	10.137	10.154	10.011	10.084	9.879	9.718	9.83	9.777	10.041	9.825	9.802	9.703
HG02277	9.7811	9.7586	10.0386	10.354	9.95	9.551	9.803	9.919	9.807	9.927	9.619	10.151	9.846	9.718	10.235	10.162	10.157	10.275	10.239	10.208	10.137	10.084	10.289
HG02278	11.6176	12.0447	12.3903	13.851	12.991	12.663	12.487	12.596	12.677	12.863	12.882	13.024	12.6	12.585	12.621	12.755	10.593	10.299	10.12	10.323	10.45	10.412	10.431
HG02279	11.699	12.0543	12.4002	13.131	12.695	12.881	13.026	13.149	12.861	13.178	12.561	12.897	12.477	12.513	12.744	12.969	10.304	9.971	9.995	10.161	10.15	10.196	9.852
HG02280	9.3191	9.3315	9.5993	9.665	10.141	9.672	9.558	9.731	9.414	9.262	9.838	9.361	9.653	9.394	9.884	9.677	9.417	9.468	9.616	9.663	9.635	9.502	9.383
HG02281	9.7207	9.6822	9.96	10.302	9.413	9.743	9.784	9.955	10.288	9.905	9.854	9.786	10.057	9.588	10.435	9.973	10.076	9.787	9.782	10.216	9.878	10.098	10.278
HG02282	9.6254	9.5736	9.8483	10.439	9.061	9.823	9.979	9.884	9.879	9.711	10.096	9.892	10.215	10.385	10.278	9.984	9.936	9.866	9.855	9.887	9.841	9.571	9.77
HG02283	9.3365	9.3115	9.5787	9.372	9.249	9.286	9.45	9.652	9.532	9.432	9.454	9.637	9.89	9.973	9.675	9.442	9.538	9.616	9.69	9.866	9.703	9.642	9.474
HG02284	9.4617	9.4313	9.7019	9.667	9.254	9.382	9.37	9.589	9.758	9.865	9.813	9.702	9.77	9.972	10.102	9.981	9.929	9.697	9.81	9.697	9.758	9.396	9.637
HG02285	9.8591	9.8233	10.1052	13.476	9.685	9.539	9.603	9.887	9.935	10.322	10.35	10.4	10.161	10.318	10.047	10.251	9.899	10.179	10.146	10.294	10.154	10.178	10.057
HG02286	9.7421	9.7308	10.01	10.686	10.079	9.95	9.971	9.929	10.196	10.225	10.049	10.316	9.781	9.716	9.703	9.791	10.322	10.209	10.09	10.134	9.94	9.839	9.639
HG02287	9.893	9.8867	10.1704	11.123	9.83	10.33	9.983	9.978	10.024	9.993	10.402	10.398	10.142	9.668	10.259	10.149	10.076	10.2	10.203	10.296	10.024	10.422	10.091
HG02291	9.6665	9.6461	9.9229	9.275	9.821	9.797	9.874	9.851	9.885	9.88	9.894	10.189	9.94	10.377	10.001	9.897	10.176	9.795	10.03	10.066	10.111	9.985	10.041
HG02292	9.6799	9.661	9.9383	10.622	10.042	9.963	9.931	9.789	10.057	9.811	9.831	9.852	9.903	10.218	9.864	10.044	10.051	10.086	9.888	9.918	9.897	9.903	9.954
HG02293	9.7946	9.7457	10.0253	9.99	10.153	10.461	10.191	10.275	10.172	10.142	9.907	10.025	10.119	10.586	9.986	9.999	10.143	10.155	9.949	9.846	9.887	10.085	9.854
HG02298	10.0063	9.9848	10.2713	11.457	9.986	9.972	10.198	10.036	10.092	9.886	9.999	10.41	10.065	10.552	10.232	10.202	10.038	10.316	10.375	10.364	10.583	10.471	10.345
HG02299	9.5795	9.5664	9.8409	10.1	10.148	9.72	9.562	9.619	9.642	9.695	9.753	9.856	9.996	9.484	9.572	10.114	10.086	9.867	10.04	10.046	9.793	9.837	9.731
HG02300	9.623	9.6012	9.8767	10.863	9.453	9.737	9.894	9.803	9.697	9.835	10.049	10.199	9.964	10.219	9.963	9.892	9.935	9.987	9.841	9.629	9.898	9.799	9.74
HG02301	9.5436	9.5789	9.8537	9.293	9.529	9.428	9.738	9.398	9.848	9.866	9.768	9.829	9.836	10.103	9.885	10.127	9.873	9.836	9.997	9.941	9.883	9.978	9.832
HG02302	9.8151	9.8075	10.0889	9.242	9.716	9.938	9.954	9.992	10.166	9.825	10.134	10.48	9.978	10.808	10.376	10.13	10.011	10.018	10.264	10.1	10.117	10.321	10.19
HG02303	9.6003	9.5737	9.8484	10.541	9.846	9.938	9.869	9.929	9.55	9.7	9.809	9.792	9.714	10.312	9.965	9.766	10.105	9.916	9.928	9.958	9.75	10.024	9.792
HG02304	9.607	9.6877	9.9657	8.397	10.0	9.766	9.708	10.185	9.969	9.67	10.152	10.052	9.787	10.442	9.847	9.824	10.35	10.046	9.88	9.983	9.875	9.885	9.859
HG02307	9.5648	9.544	9.8179	9.884	9.731	9.59	9.748	9.762	9.984	9.866	9.928	9.831	9.954	9.762	9.97	9.898	10.207	9.699	10.073	9.872	9.813	9.575	9.617
HG02308	9.5807	9.59	9.8652	8.849	9.779	9.382	9.51	9.907	9.566	9.516	9.984	10.069	9.768	10.011	10.176	10.031	10.196	9.787	10.172	10.218	9.875	10.156	9.921
HG02309	9.7328	9.7828	10.0635	8.281	8.601	9.388	9.731	10.083	10.389	10.124	10.161	9.922	10.283	10.626	10.019	9.985	10.138	10.111	10.065	10.117	10.166	10.225	9.945
HG02312	9.7551	9.7427	10.0223	10.046	9.643	9.681	9.724	9.954	9.96	9.81	10.004	10.249	9.974	9.867	10.206	10.021	10.131	10.228	10.05	10.299	10.301	10.046	10.058
HG02314	9.6215	9.6788	9.9566	7.955	9.334	10.5	9.942	10.187	9.961	10.22	10.069	10.016	9.834	8.793	9.828	10.013	10.133	9.857	9.78	10.004	9.938	10.108	9.796
HG02315	9.2361	9.2305	9.4954	10.396	9.463	9.724	9.389	9.84	9.845	9.623	9.465	9.631	9.609	9.075	9.683	9.294	9.657	9.332	9.495	9.48	9.137	9.436	9.125
HG02316	9.6897	9.741	10.0205	9.183	9.493	9.427	9.998	10.151	9.76	10.223	9.866	9.58	9.886	9.746	10.319	9.851	10.17	9.93	9.963	10.078	10.167	10.268	10.301
HG02317	9.4129	9.484	9.7562	9.363	9.362	9.507	9.58	9.655	9.74	9.701	9.895	9.651	9.715	9.303	10.025	10.089	10.118	9.724	9.738	9.683	9.499	9.468	9.737
HG02318	9.7533	9.6877	9.9656	9.457	10.101	9.839	9.877	10.478	10.217	10.102	10.495	9.523	10.179	10.32	9.939	10.023	10.067	9.774	10.033	9.81	10.061	9.83	10.27
HG02321	9.7019	9.7011	9.9794	9.788	8.816	9.273	9.607	9.515	9.719	9.561	9.428	9.825	9.897	10.463	10.217	9.943	10.229	9.966	10.298	10.162	10.215	10.575	10.532
HG02322	9.5079	9.5589	9.8332	9.515	10.059	10.044	9.705	10.117	9.713	9.972	9.921	9.708	9.836	9.362	10.155	9.75	9.859	9.816	9.75	9.594	9.925	9.709	9.391
HG02323	9.8491	9.8749	10.1583	9.753	10.015	9.964	9.72	9.917	9.76	10.159	10.299	10.233	9.983	10.605	10.15	10.202	10.093	10.335	10.225	10.229	10.157	10.266	10.219
HG02325	9.5194	9.5748	9.8496	8.064	9.158	9.724	9.906	9.908	9.773	9.326	9.831	9.949	9.78	9.913	10.063	9.883	9.622	9.802	9.954	9.819	9.891	10.026	10.069
HG02330	9.2999	9.3946	9.6641	7.857	9.551	9.586	9.602	9.6	9.658	9.727	9.706	9.662	9.345	8.992	9.786	9.782	9.746	9.451	9.733	9.764	9.457	9.492	9.527
HG02332	9.5099	9.5388	9.8125	9.232	9.777	9.537	9.529	9.736	9.712	9.778	9.706	9.669	9.832	10.288	9.76	10.032	10.221	9.81	10.166	9.812	9.837	9.582	9.848
HG02334	8.4088	8.4893	8.7329	6.814	8.305	8.418	8.62	8.686	8.514	8.506	8.639	8.64	8.863	7.138	8.937	9.058	8.953	8.698	8.831	8.729	8.708	8.563	8.702
HG02337	10.0176	9.9864	10.2729	10.018	10.292	10.345	10.011	10.271	10.257	10.221	10.038	9.998	10.227	10.202	10.242	10.319	10.113	10.044	10.371	10.01	10.85	11.091	10.906
HG02339	9.5025	9.5145	9.7876	9.281	10.018	9.878	9.733	9.604	10.005	9.837	9.836	9.494	10.067	9.91	9.773	9.64	9.728	9.623	9.794	9.606	9.779	10.002	9.67
HG02343	9.8215	9.8847	10.1683	10.021	9.585	9.922	9.749	9.562	9.978	10.232	10.139	10.181	9.883	9.677	10.307	10.095	10.031	10.149	10.193	10.177	10.405	10.323	10.298
HG02345	9.0483	9.0667	9.3268	10.163	9.322	9.389	9.217	9.25	9.396	9.402	9.406	9.568	9.469	9.244	9.463	9.505	9.687	9.2	9.233	9.19	9.204	8.88	8.845
HG02348	9.7517	9.7932	10.0742	9.535	10.028	9.878	10.005	10.194	10.153	10.089	10.222	10.278	10.519	10.784	9.91	10.306	9.89	9.881	10.0	10.158	10.015	9.848	9.724
HG02351	9.7502	9.7781	10.0587	10.278	10.019	9.995	9.904	9.624	10.143	10.007	9.945	10.336	10.026	9.379	9.979	10.362	9.97	10.093	10.032	10.111	10.112	10.159	9.983
HG02353	9.365	9.4026	9.6724	8.581	9.112	9.747	9.579	9.751	9.282	9.464	9.642	9.749	9.631	10.215	9.507	10.132	9.729	9.899	9.685	9.696	9.749	9.631	9.592
HG02355	9.6971	9.7843	10.065	9.943	10.228	10.08	9.962	10.107	10.026	10.003	10.02	10.22	9.998	10.276	9.824	9.799	9.78	9.86	10.135	9.911	9.946	10.01	9.877
HG02356	9.6173	9.6269	9.9031	9.807	10.053	9.852	9.541	9.672	9.733	9.754	9.875	10.121	9.764	10.43	9.966	9.886	10.106	10.15	9.828	9.887	10.061	9.752	9.986
HG02360	9.5176	9.4863	9.7585	10.477	10.054	9.79	10.009	9.632	9.284	9.792	9.849	9.595	9.713	9.514	10.141	10.068	9.712	9.69	9.723	9.905	9.763	9.909	9.439
HG02364	9.7462	9.7194	9.9983	10.465	9.88	9.979	9.645	10.007	9.933	9.989	9.95	9.909	9.788	10.496	10.172	9.856	9.713	9.9	10.083	10.173	9.969	10.139	10.284
HG02367	9.7036	9.7035	9.9819	9.541	10.241	10.087	10.2	10.052	10.178	10.048	9.842	10.101	9.906	10.251	9.89	9.833	10.16	10.026	9.813	10.043	9.831	9.883	9.821
HG02371	9.5411	9.5293	9.8027	9.638	9.909	9.396	9.6	9.62	9.59	9.353	9.702	9.648	9.564	10.004	10.175	9.666	9.797	10.187	9.876	9.869	9.984	10.09	9.836
HG02373	9.6886	9.7744	10.0548	10.216	9.11	9.563	9.222	9.106	9.092	9.942	10.153	10.044	10.17	10.432	10.21	10.149	9.933	10.321	10.116	9.932	10.066	10.193	10.213
HG02374	9.692	9.7254	10.0045	9.674	9.761	9.878	9.828	9.743	10.088	9.993	10.21	9.614	9.78	9.587	10.118	10.14	10.085	9.989	9.922	10.083	10.109	10.095	9.998
HG02375	9.7449	9.7367	10.016	10.491	9.849	9.887	9.963	10.019	10.022	9.946	9.988	9.811	9.982	10.872	9.96	9.971	9.964	9.924	10.347	9.883	10.04	9.983	10.011
HG02379	9.9232	9.9607	10.2465	10.043	10.081	10.136	10.283	10.176	10.066	10.219	10.265	10.411	10.505	9.954	9.972	10.152	10.106	10.3	10.182	10.285	10.458	10.092	10.196
HG02380	9.6516	9.6603	9.9374	9.611	10.158	9.71	9.866	9.91	10.037	9.722	9.77	9.672	9.77	10.018	9.968	9.909	9.935	10.086	10.106	9.903	10.184	9.929	9.759
HG02382	9.4031	9.4121	9.6821	9.428	9.854	9.797	9.236	9.524	9.634	9.767	9.737	9.878	9.754	9.952	9.565	9.631	9.892	9.679	9.69	9.658	9.576	9.56	9.557
HG02383	9.1545	9.1495	9.412	8.804	8.738	9.471	9.102	9.604	9.413	8.92	9.411	9.727	9.791	9.843	9.217	9.36	9.802	9.431	9.746	9.609	9.783	8.992	9.313
HG02384	9.6018	9.5905	9.8657	10.509	10.391	10.341	10.024	9.479	9.724	9.667	9.839	9.919	9.866	10.082	9.999	10.185	9.54	9.603	9.834	9.889	9.724	9.955	9.745
HG02385	9.4444	9.4608	9.7323	8.686	10.577	9.64	9.726	9.909	9.346	9.788	9.812	9.662	9.561	9.945	9.714	9.912	9.899	9.901	9.802	9.683	9.657	9.541	9.534
HG02386	9.5805	9.6148	9.8907	9.366	9.215	9.04	9.451	9.256	9.369	9.899	9.868	9.687	9.444	10.212	9.718	9.804	10.355	10.042	10.25	9.981	10.229	10.256	10.085
HG02389	9.4563	9.4619	9.7334	9.66	9.912	9.639	9.76	9.811	10.054	9.856	9.969	9.891	9.41	10.416	9.667	9.56	10.206	9.903	9.756	9.43	9.633	9.45	9.264
HG02390	9.7404	9.7102	9.9889	9.296	9.896	9.81	10.073	9.768	9.758	9.811	9.88	9.846	10.039	10.5	10.086	10.183	9.836	10.037	10.106	10.311	10.122	10.265	9.963
HG02391	9.6568	9.6205	9.8965	10.278	10.327	9.685	9.752	9.975	10.052	9.566	10.06	9.906	9.946	10.455	9.813	10.217	9.834	9.888	10.037	9.841	9.78	9.896	9.853
HG02392	9.666	9.6705	9.948	9.494	8.483	10.275	9.912	9.976	10.029	9.733	9.87	9.985	10.101	10.121	10.136	9.845	9.901	9.654	9.895	9.675	9.849	10.061	10.214
HG02394	9.7571	9.7384	10.0179	10.574	9.951	9.774	10.098	10.298	10.156	9.975	9.782	10.174	9.956	10.536	9.863	9.794	10.001	10.246	9.873	9.79	10.049	10.046	10.095
HG02395	9.8387	9.8877	10.1714	9.335	10.121	10.298	10.053	10.114	9.895	10.247	10.019	10.062	10.475	10.574	10.041	10.302	10.093	9.957	9.998	10.449	10.304	10.152	10.033
HG02396	10.2438	10.2997	10.5952	9.309	10.137	10.058	10.087	10.101	10.278	10.503	10.296	10.626	10.587	10.995	10.919	10.628	10.311	10.432	10.825	10.758	10.978	10.795	10.684
HG02397	9.7256	9.757	10.037	9.861	10.481	10.344	9.881	10.266	10.122	10.014	10.121	9.904	10.011	9.449	10.059	10.213	9.93	10.015	10.01	10.017	9.723	9.939	10.008
HG02398	9.7538	9.7632	10.0434	10.322	9.995	9.706	9.721	9.922	9.73	9.872	10.447	10.32	9.797	10.145	10.201	10.071	9.789	10.233	9.999	9.813	10.17	10.391	10.011
HG02399	9.8386	9.8024	10.0837	10.069	10.647	10.279	9.684	10.257	9.967	10.421	10.026	10.085	10.115	10.369	10.215	10.04	10.16	10.094	10.07	10.118	10.05	9.971	9.856
HG02401	9.6472	9.6533	9.9303	9.815	9.45	10.214	9.827	9.821	9.851	9.869	9.806	9.979	10.208	10.34	9.926	9.992	9.569	9.915	9.955	10.045	10.208	10.001	9.822
HG02402	9.9833	9.997	10.2838	9.744	10.193	9.859	9.589	9.881	9.688	9.765	10.027	10.268	10.642	10.912	10.476	10.537	10.148	10.316	10.409	10.65	10.619	10.28	10.377
HG02406	9.7717	9.7466	10.0263	9.824	10.107	9.989	9.973	10.159	10.057	10.157	9.826	10.001	10.313	10.672	10.038	10.0	9.935	10.044	10.009	9.946	10.21	9.81	10.105
HG02407	9.6036	9.6065	9.8822	9.879	9.788	10.124	9.637	9.589	9.982	9.861	9.836	9.81	9.62	9.501	9.973	10.035	9.892	9.901	10.006	10.162	9.933	9.963	9.74
HG02408	8.6568	8.6497	8.8979	8.444	9.169	8.909	8.827	8.853	8.841	8.759	8.889	8.933	9.007	9.3	8.665	8.879	8.988	8.939	8.827	9.047	8.861	9.022	8.685
HG02409	9.8596	9.8762	10.1596	10.125	9.879	9.987	10.043	9.752	9.829	10.034	10.147	10.223	10.359	10.452	10.205	10.259	9.979	10.133	10.128	10.111	10.234	10.396	10.229
HG02410	9.7237	9.7186	9.9974	10.226	9.594	9.784	9.682	9.863	9.833	9.9	10.096	9.797	10.085	10.239	9.825	9.955	10.297	10.122	9.95	10.091	10.323	9.949	10.101
HG02419	9.785	9.7931	10.0741	9.574	10.31	10.079	9.683	10.285	10.038	10.257	9.965	10.08	10.345	10.248	10.312	10.152	10.162	10.077	9.901	10.213	10.046	10.017	9.702
HG02420	9.3157	9.3538	9.6222	10.032	9.098	9.644	9.75	9.857	9.853	9.544	9.941	9.751	9.662	9.211	9.983	9.486	10.074	9.682	9.528	9.456	9.373	9.019	8.799
HG02425	9.3668	9.3855	9.6548	9.135	9.841	9.22	9.841	9.64	9.434	9.264	9.382	9.705	10.006	8.78	9.904	9.666	9.608	9.907	9.719	9.844	9.77	9.674	9.51
HG02427	9.6592	9.7682	10.0484	7.377	9.819	9.951	10.018	10.132	10.192	10.07	10.23	9.938	10.228	9.579	10.105	9.786	10.043	10.0	10.025	9.858	9.923	10.12	9.816
HG02429	9.8503	9.8868	10.1705	9.153	10.116	9.808	9.618	9.804	9.654	10.15	9.774	9.874	10.099	9.87	10.003	10.223	10.149	10.418	10.376	10.348	10.355	10.709	10.518
HG02433	9.6274	9.6664	9.9437	9.733	9.879	10.092	9.879	9.992	9.803	9.734	9.776	9.576	9.962	9.936	10.071	10.022	9.829	9.893	9.846	9.989	9.945	9.963	9.78
HG02439	9.8587	9.8487	10.1313	10.4	10.242	9.978	10.078	10.156	10.14	10.087	9.994	9.945	9.85	10.331	10.152	9.958	10.246	10.204	10.121	9.949	10.295	10.252	10.199
HG02442	9.4237	9.4404	9.7113	9.334	9.982	9.528	9.908	9.64	9.681	9.609	9.806	9.863	10.069	9.983	9.942	9.841	9.829	9.618	9.67	9.702	9.552	9.363	9.208
HG02445	9.5674	9.6023	9.8779	9.07	9.578	9.868	9.827	9.437	9.635	9.981	9.897	9.781	9.884	10.295	10.007	9.971	9.657	10.062	9.926	9.959	9.814	10.198	10.063
HG02449	9.4109	9.4292	9.6998	9.534	9.512	9.473	9.314	9.571	9.742	9.888	9.69	9.868	9.747	10.146	10.083	9.741	9.86	9.517	9.71	9.699	9.653	9.602	9.475
HG02450	9.5052	9.5553	9.8295	9.582	9.729	9.586	9.887	9.896	10.005	9.68	10.046	9.553	10.071	9.379	9.661	9.806	9.956	9.915	9.844	9.848	9.767	9.815	9.526
HG02451	9.5741	9.6274	9.9036	9.316	9.407	10.226	9.678	9.901	9.762	9.677	9.822	9.829	9.963	9.441	9.958	10.037	9.966	9.757	10.31	9.841	9.885	9.925	10.07
HG02455	9.9753	10.0412	10.3293	10.356	10.479	10.785	10.917	10.669	10.847	10.398	10.749	10.694	10.993	10.673	10.789	10.515	9.865	9.757	9.776	9.864	9.773	9.455	9.557
HG02461	9.6294	9.6734	9.9509	8.475	9.312	9.672	9.407	9.77	9.591	9.749	10.059	9.7	10.026	9.482	9.896	9.987	10.209	10.074	10.256	10.18	10.178	10.241	10.167
HG02462	9.7077	9.65	9.9269	10.394	10.003	10.331	10.138	9.931	10.04	9.988	9.793	10.067	9.997	9.623	10.092	9.74	9.829	9.984	10.134	9.863	9.923	9.997	9.828
HG02463	9.5943	9.6236	9.8997	9.62	9.698	9.68	10.072	9.803	9.936	9.539	10.001	9.92	9.885	9.512	9.867	9.777	9.72	9.92	9.886	10.003	10.072	10.134	9.903
HG02464	9.8079	9.8495	10.1321	8.375	10.448	10.153	10.068	9.869	10.299	10.347	9.891	9.96	9.924	10.516	10.164	9.971	10.336	9.961	10.247	10.344	10.178	10.018	10.072
HG02465	8.7797	8.8772	9.1319	9.314	9.282	9.478	9.279	9.52	9.203	9.302	9.133	9.04	9.195	8.528	9.334	9.106	9.135	9.197	9.112	8.697	8.74	8.623	8.408
HG02466	9.6834	9.6549	9.932	9.452	9.959	9.897	9.809	10.028	9.874	10.091	9.917	9.767	9.968	9.676	10.011	9.971	10.287	9.716	9.961	10.042	10.096	10.212	9.996
HG02470	9.7308	9.7347	10.0141	10.541	10.107	9.834	10.0	9.929	9.857	9.831	10.037	10.117	10.211	9.679	10.181	10.232	9.829	10.079	9.987	10.034	9.898	9.985	9.945
HG02471	9.6135	9.6248	9.901	9.684	8.377	10.038	9.974	10.108	10.044	9.884	9.893	9.657	10.008	10.309	9.962	9.93	9.968	9.553	9.878	10.091	9.944	9.94	9.706
HG02476	9.5771	9.5944	9.8697	9.898	9.859	9.868	9.781	9.798	9.853	9.765	9.911	9.5	9.946	10.136	10.066	9.763	9.763	9.944	9.91	9.956	9.75	9.49	9.848
HG02477	9.5597	9.5698	9.8444	10.222	9.684	9.429	9.717	9.599	9.636	9.389	9.909	9.698	10.054	10.155	10.064	9.743	9.929	9.912	9.801	9.894	9.772	9.556	9.975
HG02479	9.7716	9.8669	10.15	9.014	10.032	9.674	9.873	9.896	9.984	10.126	9.793	10.139	10.027	8.735	10.316	10.198	10.238	10.162	10.242	10.568	10.364	10.153	10.181
HG02481	9.6849	9.7144	9.9932	9.127	9.652	9.732	9.907	10.244	10.066	10.237	9.853	9.997	10.034	10.736	9.926	9.953	9.917	10.154	9.863	9.872	9.94	9.999	9.922
HG02484	9.7799	9.8202	10.102	9.949	10.29	10.002	9.912	9.856	9.846	10.141	10.006	10.028	10.116	9.423	9.98	9.78	9.998	10.091	10.133	10.274	10.44	10.049	10.02
HG02485	8.6599	8.6305	8.8782	9.584	8.877	9.568	8.691	8.99	9.006	9.045	9.012	8.798	9.035	9.298	8.685	8.82	8.766	8.909	8.939	8.838	8.864	8.666	8.719
HG02489	9.4246	9.5192	9.7924	9.007	9.418	9.551	9.767	9.608	9.705	9.2	9.731	9.921	9.685	8.319	9.913	9.637	9.927	9.922	9.946	9.916	10.051	9.699	9.829
HG02490	9.616	9.5961	9.8715	9.69	10.238	9.806	10.003	9.821	9.958	9.851	9.945	10.197	9.797	10.51	9.793	9.909	10.138	9.97	9.949	9.92	9.808	9.639	9.817
HG02491	9.7842	9.7457	10.0253	10.305	10.103	10.196	9.938	9.948	10.305	10.379	10.123	9.831	9.778	10.378	9.947	9.906	10.223	10.087	10.007	10.252	9.756	9.927	10.112
HG02492	9.7337	9.7325	10.0118	10.156	9.762	10.078	10.128	10.175	10.11	10.279	10.169	9.994	9.807	10.165	10.094	10.013	9.988	9.986	9.819	9.752	10.011	9.975	9.922
HG02493	9.7879	9.7629	10.0431	11.365	9.999	10.174	10.279	10.211	10.094	9.997	9.87	10.256	10.366	10.452	10.122	9.964	10.002	10.051	9.92	10.015	9.925	9.925	9.882
HG02494	9.9463	9.9232	10.2079	10.774	10.628	10.158	10.309	10.342	10.354	10.303	10.126	9.946	10.116	10.603	10.129	9.899	10.252	10.13	10.122	9.969	10.124	10.257	10.294
HG02495	9.3486	9.2895	9.556	10.008	9.955	9.542	9.847	9.652	9.247	9.433	9.485	9.583	9.812	10.044	9.461	9.484	10.021	9.651	9.526	9.508	9.607	9.495	9.617
HG02496	9.4689	9.5022	9.7749	8.849	10.794	10.35	9.922	9.869	9.809	9.684	10.021	9.749	9.583	10.424	9.992	9.81	9.941	9.845	9.554	9.475	9.711	9.418	9.651
HG02497	9.4924	9.4833	9.7554	9.87	9.368	9.815	9.798	9.759	9.831	9.961	10.119	9.582	10.115	10.004	9.976	9.723	10.008	9.699	9.709	9.383	9.64	9.39	9.774
HG02501	9.5709	9.5462	9.8202	9.711	9.975	10.017	9.826	9.883	9.956	9.758	9.796	9.891	9.923	10.422	9.678	9.826	9.846	9.755	9.672	9.947	9.927	9.95	9.763
HG02502	9.8239	9.8377	10.12	9.406	10.324	9.864	10.321	10.082	10.367	10.183	10.308	9.758	9.748	10.158	10.469	9.86	9.961	9.736	10.159	10.042	9.968	10.262	10.26
HG02505	9.6187	9.6593	9.9365	9.677	9.049	9.971	9.73	9.789	9.999	9.928	9.552	9.498	10.155	9.492	9.918	10.344	9.976	9.735	9.833	9.982	10.182	9.965	9.922
HG02508	8.7168	8.7138	8.9638	8.994	8.942	9.016	9.011	9.208	9.083	9.053	8.953	8.947	8.869	9.099	9.054	8.908	8.964	9.047	9.1	9.09	8.919	8.529	8.809
HG02511	10.4338	10.5681	10.8713	10.135	9.681	9.824	9.965	10.064	9.979	9.896	10.043	10.65	10.997	10.726	11.892	11.86	11.634	11.665	10.852	10.773	11.01	11.027	10.895
HG02512	9.6863	9.661	9.9383	11.45	10.339	9.626	9.981	10.21	9.855	10.164	9.868	9.861	10.237	9.551	9.875	10.063	10.001	9.952	9.737	9.815	9.947	9.796	9.875
HG02513	9.6697	9.6503	9.9272	10.384	9.829	9.961	9.915	9.723	10.165	10.004	9.813	10.171	9.943	10.173	9.765	9.737	9.722	9.849	9.889	10.24	10.067	9.867	9.778
HG02514	9.8347	9.7924	10.0734	11.014	10.091	10.023	10.332	9.98	10.204	10.05	10.083	10.206	9.957	10.514	9.892	10.053	10.031	9.948	10.08	10.149	10.018	9.993	10.141
HG02521	9.4851	9.4711	9.7428	9.718	10.168	9.652	9.587	9.785	9.825	9.641	10.036	9.814	10.083	10.046	9.655	9.647	9.819	9.639	9.692	9.76	9.823	9.724	9.425
HG02522	9.6294	9.6799	9.9577	10.151	9.62	9.196	8.931	9.072	9.249	10.136	9.905	10.03	10.188	9.811	10.156	10.079	9.99	9.901	9.865	10.003	10.121	10.253	10.092
HG02523	9.3829	9.4758	9.7477	9.202	8.985	8.908	9.226	9.093	8.784	9.637	9.959	9.696	9.952	9.299	10.027	10.013	9.782	9.882	9.841	9.797	10.077	9.97	9.628
HG02524	9.86	9.8345	10.1167	10.175	9.689	10.119	10.117	10.059	10.209	10.159	10.134	9.948	9.932	10.608	10.101	10.205	10.125	10.216	10.299	10.177	10.209	10.095	10.224
HG02525	9.7551	9.6879	9.9659	10.441	9.93	10.17	9.98	10.196	10.19	9.648	10.158	10.143	9.672	10.353	9.765	9.814	10.237	10.028	9.896	9.892	10.096	9.865	10.242
HG02526	9.8232	9.7644	10.0445	10.765	10.229	10.08	10.08	10.011	10.488	10.149	10.037	9.931	9.752	10.49	9.791	9.796	10.222	10.017	10.128	9.911	10.151	9.989	10.288
HG02536	9.7309	9.7454	10.0251	9.939	10.202	9.849	9.949	10.101	10.051	10.034	9.966	9.899	9.997	9.473	9.729	10.184	10.091	9.94	10.0	10.281	9.995	9.986	10.093
HG02537	9.5363	9.5527	9.8268	9.469	9.703	9.794	9.867	9.94	9.74	9.759	10.112	10.127	9.842	9.472	9.742	9.842	10.055	9.654	9.853	9.876	9.826	9.586	9.532
HG02541	9.6663	9.6687	9.9462	9.062	9.601	10.108	10.144	10.268	10.079	9.844	9.871	10.263	9.84	8.743	10.107	10.176	10.085	9.922	10.144	10.124	9.82	10.042	9.835
HG02545	9.82	9.8354	10.1176	9.589	10.153	10.048	10.059	9.981	10.012	10.247	10.094	10.005	10.202	10.594	10.429	10.135	10.333	10.172	10.024	9.996	10.159	9.913	10.17
HG02546	9.5662	9.5685	9.8431	9.337	9.461	9.986	9.981	10.03	9.708	10.077	9.768	9.841	9.968	9.326	9.931	9.858	9.665	9.891	9.888	9.964	9.867	9.8	9.832
HG02549	9.8608	9.8825	10.166	9.199	10.138	10.223	10.035	10.311	10.163	10.291	10.318	10.026	10.513	10.602	10.081	10.314	10.099	10.066	9.934	10.071	10.313	10.113	10.154
HG02554	9.606	9.6642	9.9415	9.609	10.214	10.133	9.94	9.974	9.931	9.898	10.168	9.815	10.065	8.801	9.899	10.003	9.971	9.957	9.636	9.773	9.863	10.096	9.787
HG02555	9.7568	9.7029	9.9813	10.278	10.16	9.945	10.177	10.192	10.106	9.86	9.904	9.97	10.177	10.313	9.922	10.094	9.857	10.143	10.166	9.869	9.917	9.927	10.05
HG02557	9.5169	9.5271	9.8004	7.232	9.871	9.47	9.746	10.117	10.088	9.974	9.658	9.631	9.559	9.555	9.793	9.677	9.716	9.69	9.734	9.786	9.827	9.964	10.069
HG02558	9.7501	9.8134	10.095	9.193	9.893	10.003	10.189	10.083	10.083	10.071	10.067	9.718	9.984	10.318	10.163	10.014	10.335	10.086	10.191	9.999	10.056	9.924	10.078
HG02561	9.6123	9.5714	9.846	9.76	10.29	10.054	9.933	9.965	10.061	9.623	9.745	10.035	9.72	7.717	9.885	9.669	9.69	9.799	10.139	10.106	10.058	9.791	10.109
HG02562	9.6295	9.6558	9.9329	8.171	9.804	9.777	9.787	10.113	9.834	9.871	9.816	9.883	10.087	10.073	10.056	10.018	9.82	9.828	9.959	10.119	10.021	9.719	10.342
HG02563	9.5878	9.5736	9.8483	9.609	9.446	9.822	9.979	9.896	9.844	9.683	9.94	9.915	9.853	9.404	10.12	9.871	10.024	9.882	9.885	9.944	9.831	9.954	9.841
HG02568	9.8508	9.9157	10.2002	8.706	9.064	9.81	10.105	10.326	10.2	10.444	10.129	9.98	10.075	9.997	10.373	10.139	10.38	9.897	10.189	10.024	10.317	10.213	10.378
HG02569	9.8909	9.8842	10.1678	10.827	8.913	10.048	10.287	9.995	10.213	10.008	10.066	9.807	10.281	10.489	10.262	10.118	10.049	10.01	10.072	9.768	10.401	10.299	10.38
HG02570	9.8789	9.8851	10.1688	10.221	10.323	10.293	9.985	10.35	10.261	10.129	10.194	10.149	10.149	9.797	10.131	10.028	10.408	10.293	10.058	9.995	10.261	9.95	10.204
HG02571	9.8166	9.8683	10.1514	9.668	9.032	10.45	10.175	10.218	10.509	9.872	10.134	9.963	9.977	7.981	10.187	10.019	10.169	10.216	10.195	10.109	10.403	10.033	10.097
HG02572	9.7286	9.7413	10.0208	10.429	8.963	9.908	10.16	10.152	9.981	9.948	10.037	9.959	9.752	7.913	9.97	10.013	9.84	10.225	9.92	10.041	10.106	10.073	10.347
HG02573	9.9584	9.9918	10.2785	9.715	10.729	10.289	9.978	10.533	10.338	10.279	10.128	10.248	10.103	10.45	10.094	10.51	10.585	10.096	10.305	10.169	10.311	10.356	10.087
HG02574	9.5718	9.6477	9.9245	8.777	9.651	10.022	10.101	9.934	10.248	9.9	9.757	9.783	10.15	8.617	9.934	9.777	10.192	9.826	9.992	9.907	9.873	10.13	9.886
HG02575	9.6506	9.6987	9.977	9.128	10.206	10.112	9.719	10.127	9.741	10.249	9.889	9.731	9.941	9.309	9.967	10.088	10.019	10.003	9.932	9.97	9.936	10.057	10.007
HG02577	9.6209	9.6713	9.9488	8.974	9.274	9.822	10.371	10.012	10.062	9.699	9.657	9.788	9.963	10.149	9.868	10.0	9.866	9.58	9.767	10.034	9.916	9.965	10.086
HG02580	9.7164	9.819	10.1007	8.259	10.027	10.168	10.102	9.994	10.193	10.32	10.233	9.799	10.193	9.572	10.079	9.518	10.184	9.992	10.091	10.003	10.261	10.07	10.105
HG02582	9.717	9.7508	10.0306	9.104	10.519	10.073	9.955	10.154	9.627	10.015	10.149	9.951	10.065	10.25	10.015	10.091	10.23	9.934	10.006	9.9	10.025	10.092	9.899
HG02583	9.883	9.8564	10.1393	9.95	10.623	9.944	10.372	10.489	10.272	10.271	10.23	10.031	10.14	10.431	10.212	10.071	10.036	10.181	10.122	10.201	10.143	9.86	9.947
HG02584	9.6809	9.7011	9.9795	9.385	10.322	10.053	9.775	10.148	9.891	9.943	9.911	9.446	10.147	10.402	10.228	9.82	10.076	9.869	9.925	10.048	9.972	9.949	9.955
HG02585	9.8989	9.856	10.1388	9.297	10.591	9.995	10.023	10.437	10.183	10.18	10.095	10.1	10.09	10.743	10.194	10.306	10.395	10.023	10.441	10.18	9.95	10.103	10.373
HG02586	9.6883	9.7661	10.0464	10.018	10.052	10.166	10.049	10.176	10.059	9.744	9.957	9.754	9.874	9.793	9.984	10.077	10.544	9.848	9.945	10.233	10.213	9.749	9.729
HG02587	9.4599	9.5145	9.7875	8.779	9.356	9.586	9.804	9.82	9.655	9.553	9.772	9.593	9.852	9.341	10.012	10.083	9.559	9.696	9.796	9.88	9.746	9.648	9.843
HG02588	9.8294	9.8931	10.177	7.975	10.074	10.24	10.206	10.218	10.243	10.195	10.075	10.405	10.237	10.192	10.708	10.249	10.319	10.239	10.079	10.1	9.967	10.148	10.123
HG02589	9.7231	9.7315	10.0107	9.43	10.068	10.099	9.874	10.006	10.088	9.779	10.02	10.209	9.855	9.628	10.089	9.903	10.167	9.921	10.05	10.15	9.91	10.216	10.051
HG02590	9.743	9.8318	10.1139	9.307	9.854	9.772	10.193	9.935	9.995	9.787	10.251	9.888	9.918	10.267	10.173	10.344	10.335	9.956	10.112	10.027	10.023	10.027	10.064
HG02594	9.5007	9.503	9.7757	9.369	9.379	9.827	9.695	9.742	9.777	9.697	9.94	9.46	9.779	9.517	10.17	9.869	10.011	9.729	9.815	9.831	9.87	9.661	9.687
HG02595	10.097	10.0946	10.3843	9.662	10.192	10.154	10.175	10.701	10.815	10.483	10.65	10.423	10.059	10.679	10.465	10.425	10.528	10.297	10.382	10.401	10.494	10.117	10.324
HG02596	9.6531	9.669	9.9464	9.021	10.237	9.985	9.997	9.779	10.021	9.934	9.963	9.803	9.82	9.351	10.038	9.786	9.771	9.673	10.076	9.897	10.097	9.879	10.12
HG02597	9.6705	9.7172	9.996	9.493	9.344	9.44	9.674	9.899	9.916	10.165	9.85	9.838	10.075	9.73	10.037	10.204	10.246	10.141	10.001	10.16	10.019	9.919	10.132
HG02600	9.8069	9.8143	10.0959	10.611	10.205	10.205	10.165	10.282	10.055	10.252	10.134	9.905	9.945	9.523	10.12	10.031	10.37	9.831	10.027	9.997	10.056	10.041	10.274
HG02601	9.7692	9.725	10.004	9.884	9.998	10.1	9.911	10.055	10.202	10.193	10.113	9.952	9.94	10.465	9.984	9.994	9.954	10.136	9.911	10.056	10.148	10.149	10.162
HG02602	9.8552	9.8661	10.1492	9.801	10.215	10.278	10.112	10.156	10.083	10.019	10.347	10.199	10.386	10.827	9.859	10.255	10.033	9.883	10.167	10.149	10.074	10.177	10.167
HG02603	9.6627	9.6602	9.9374	9.9	9.535	10.121	10.01	9.756	10.021	9.939	10.108	10.038	10.02	10.118	9.759	9.751	9.846	10.026	9.956	9.922	9.861	10.048	10.001
HG02604	9.651	9.707	9.9856	9.689	10.18	10.063	9.812	9.902	9.991	9.704	9.862	9.629	9.837	8.843	9.818	10.169	10.071	10.066	10.009	9.701	10.159	10.136	9.986
HG02605	9.7682	9.807	10.0884	10.07	9.904	10.444	10.035	9.917	10.153	10.218	9.918	10.174	9.808	9.501	9.89	9.91	9.863	9.99	10.023	10.179	9.966	10.261	10.242
HG02610	8.8493	8.8626	9.1169	8.37	8.461	9.318	9.236	9.523	9.269	9.281	9.31	8.982	9.215	6.67	8.87	8.991	9.084	9.134	9.043	9.195	9.222	9.214	9.095
HG02611	9.9415	9.919	10.2036	9.559	10.43	9.754	10.307	10.281	10.484	10.342	10.138	9.836	10.222	10.635	10.34	10.2	10.245	10.354	10.395	10.194	10.129	10.386	10.184
HG02612	9.7019	9.76	10.0401	9.924	9.9	9.775	9.808	10.23	10.073	10.107	10.016	9.84	9.967	8.692	10.112	9.987	10.158	10.078	9.842	9.847	10.023	10.177	10.182
HG02613	9.6553	9.7152	9.9939	6.659	10.214	9.667	9.552	10.163	9.871	10.044	9.876	9.952	9.743	10.369	10.428	9.798	9.833	9.982	9.93	9.945	10.03	9.771	10.058
HG02614	9.6151	9.6495	9.9264	9.296	10.258	9.52	9.608	9.897	9.739	9.825	9.928	9.663	10.096	10.023	10.068	9.988	9.709	10.125	9.858	10.083	9.854	9.993	9.557
HG02615	9.7658	9.7569	10.0369	9.05	10.254	9.989	9.971	10.062	9.798	10.119	9.979	9.841	10.277	10.557	10.178	10.058	10.174	10.124	9.993	10.031	10.019	10.092	9.938
HG02620	9.7458	9.8128	10.0943	9.636	10.46	10.149	10.117	9.804	9.793	9.564	10.18	10.118	10.135	10.499	10.27	10.155	9.749	9.921	9.987	9.894	10.059	10.005	9.991
HG02621	9.8267	9.8483	10.1309	9.091	10.33	10.005	9.975	10.29	10.132	10.208	10.024	9.949	10.275	9.606	10.165	9.924	10.22	10.038	10.127	10.278	10.303	9.97	10.194
HG02622	9.7102	9.7594	10.0394	9.206	10.215	10.288	10.052	10.215	10.005	9.775	9.811	9.779	10.014	9.47	9.853	10.174	10.053	9.972	10.008	9.841	10.206	10.055	10.029
HG02623	8.5948	8.6077	8.8546	8.625	7.952	8.98	8.794	8.825	8.985	8.72	9.17	8.72	8.899	8.167	9.049	8.872	8.953	9.017	9.014	8.981	8.893	8.811	8.873
HG02624	9.8025	9.822	10.1038	9.146	10.03	10.003	10.137	10.226	10.131	10.192	10.097	10.226	10.123	10.431	10.26	9.931	10.067	10.094	10.139	9.671	10.048	10.148	10.126
HG02625	8.921	8.9141	9.1699	8.907	8.629	9.097	9.279	9.304	9.109	9.244	9.088	9.412	9.182	9.256	9.188	9.153	9.157	9.202	9.207	9.031	9.113	9.215	9.293
HG02628	9.4637	9.4506	9.7218	10.124	9.949	9.471	9.728	9.689	9.615	9.231	9.779	9.571	10.045	9.936	9.506	9.912	9.877	9.804	9.582	9.298	9.9	9.68	9.742
HG02629	9.749	9.7649	10.0451	9.409	10.041	10.395	9.927	10.029	9.971	9.858	9.821	10.048	10.077	10.412	10.326	9.958	10.096	9.852	9.966	10.206	10.24	9.934	10.075
HG02630	9.6865	9.6991	9.9774	9.995	9.897	9.787	9.93	9.987	9.976	10.019	9.829	9.992	10.254	10.306	10.108	9.885	9.793	9.927	10.118	9.745	9.934	9.974	10.059
HG02634	9.4002	9.4672	9.7389	8.515	9.051	8.746	8.71	9.065	9.736	9.683	9.571	9.81	9.967	10.22	9.793	9.563	9.914	9.585	10.079	9.804	9.916	9.971	9.863
HG02635	9.814	9.7763	10.0568	9.889	9.782	9.884	10.192	10.094	10.095	10.204	10.247	9.784	10.359	10.337	10.061	10.193	10.249	10.078	10.172	9.944	9.862	10.172	10.041
HG02636	9.7199	9.7543	10.0342	8.544	9.488	9.22	9.495	9.201	10.008	10.05	9.959	10.197	9.756	10.642	10.272	10.089	10.162	10.092	10.053	10.138	10.171	10.307	10.243
HG02642	9.6451	9.7294	10.0086	9.03	10.072	10.415	9.827	9.994	9.869	9.556	9.858	10.125	10.1	9.667	10.298	9.996	10.007	9.743	10.036	9.975	10.102	9.864	10.15
HG02643	9.6415	9.6276	9.9038	9.484	10.011	9.821	9.773	9.963	9.997	9.844	9.738	9.861	9.9	9.931	9.949	9.573	9.859	9.961	10.11	9.908	9.964	9.952	10.205
HG02644	9.8208	9.7977	10.0788	9.351	10.15	10.349	10.401	10.276	10.113	10.054	10.155	10.008	10.064	10.176	10.071	10.047	10.02	10.094	10.048	10.206	10.185	10.0	9.981
HG02645	9.7829	9.7846	10.0654	10.452	10.304	10.102	10.028	10.194	10.018	10.105	10.215	9.739	9.952	8.568	9.955	10.186	10.041	10.147	10.031	9.775	10.295	10.118	10.21
HG02646	9.822	9.8384	10.1207	9.758	10.532	9.797	9.597	10.094	10.178	10.06	10.362	10.006	10.24	10.126	10.352	9.922	10.136	10.057	10.04	10.167	10.012	10.051	10.291
HG02647	9.7117	9.7051	9.9836	9.991	10.179	9.929	9.697	10.202	10.087	10.366	9.732	9.626	10.021	8.335	10.209	9.86	10.03	9.894	9.99	9.898	10.101	10.118	10.0
HG02648	9.719	9.7746	10.0551	9.388	10.264	9.897	10.075	10.262	9.974	10.117	10.037	10.024	9.748	9.669	9.617	9.979	9.87	10.008	10.041	10.163	10.116	10.013	10.25
HG02649	8.8739	8.9059	9.1614	9.364	9.353	9.107	9.054	9.154	9.252	9.086	9.144	8.976	9.049	8.748	9.307	9.182	9.258	8.974	8.99	9.046	9.292	9.162	9.089
HG02650	8.6459	8.6848	8.934	7.628	8.773	8.651	8.721	8.948	8.894	8.884	8.983	8.679	8.951	8.46	8.888	8.949	8.713	9.033	9.039	9.049	8.976	9.177	9.132
HG02651	9.9139	9.8641	10.1472	10.541	10.031	10.178	9.935	10.331	10.309	10.088	10.238	10.187	9.755	10.652	10.098	9.943	10.094	10.135	10.082	10.182	10.333	10.105	10.547
HG02652	9.6656	9.6379	9.9145	11.834	10.014	9.924	9.94	9.8	10.019	9.747	9.882	9.809	9.906	10.041	9.882	9.83	9.767	9.914	9.938	9.872	10.145	9.668	9.888
HG02653	9.7548	9.7109	9.9896	11.397	10.058	10.235	10.124	9.88	10.164	10.124	9.788	10.394	9.687	9.953	9.807	10.041	9.671	10.011	9.933	9.99	9.819	10.034	10.106
HG02654	9.6785	9.7156	9.9944	9.849	10.59	10.109	10.15	9.86	9.99	10.088	9.92	9.851	9.946	8.322	9.59	9.935	10.091	9.934	9.956	10.203	9.924	10.223	9.896
HG02655	9.7853	9.7585	10.0385	12.001	10.15	9.937	10.214	10.343	10.001	10.255	9.923	9.676	10.055	9.415	10.137	10.212	9.913	10.072	10.038	10.148	9.933	10.03	9.857
HG02656	9.9045	9.9098	10.1942	11.884	10.411	10.472	10.367	10.178	10.229	10.085	10.191	10.335	10.109	9.575	9.981	10.052	10.214	9.987	10.082	10.292	10.011	10.158	10.168
HG02657	9.6021	9.5631	9.8375	9.318	9.755	9.531	9.99	9.878	9.805	9.978	9.771	9.735	9.643	9.454	9.795	10.082	9.817	9.727	9.913	10.064	9.955	10.219	10.158
HG02658	9.6789	9.6306	9.9069	10.413	9.897	9.726	9.827	10.127	10.088	9.719	9.947	10.105	10.06	9.421	9.84	9.795	9.967	9.85	9.953	9.777	10.02	10.244	10.022
HG02659	9.7185	9.7195	9.9984	9.439	9.946	9.64	10.15	9.953	9.521	10.274	10.094	9.771	10.003	10.41	9.762	10.213	9.997	10.186	9.91	10.035	9.881	10.394	10.145
HG02660	8.7905	8.8042	9.0569	8.726	9.179	8.9	8.935	9.166	8.845	9.023	9.08	9.214	9.014	9.432	8.806	9.126	9.04	9.008	8.905	9.312	9.146	9.187	9.021
HG02661	9.746	9.7774	10.058	9.37	10.268	10.171	9.536	10.061	9.927	10.138	10.053	10.12	9.991	10.231	10.322	9.935	9.882	10.066	10.088	10.106	10.17	10.003	9.984
HG02662	9.8839	9.8828	10.1663	9.963	9.64	10.082	10.093	9.995	10.279	10.376	10.333	10.241	10.159	10.396	10.301	10.127	10.001	10.132	10.031	10.224	10.179	10.242	10.505
HG02666	9.8834	9.889	10.1728	10.587	10.484	10.167	10.146	10.167	10.235	10.067	9.998	9.82	10.227	9.368	10.377	10.334	10.087	10.022	10.016	10.16	10.209	10.345	10.152
HG02667	9.6303	9.6344	9.9109	8.775	10.214	9.6	9.749	10.114	10.23	9.599	9.892	9.82	9.673	10.175	10.167	9.914	9.948	9.954	10.013	9.842	9.84	9.788	10.074
HG02668	9.6258	9.6506	9.9275	9.546	10.023	9.731	10.214	9.79	10.177	10.021	9.933	9.549	10.002	9.462	10.175	9.715	9.731	9.926	9.923	9.881	9.865	10.099	9.795
HG02675	9.6843	9.7358	10.0152	9.183	10.395	9.767	9.823	10.002	10.052	9.962	9.988	9.809	10.187	9.64	10.121	9.933	9.777	9.916	10.087	10.243	9.986	9.971	10.081
HG02676	9.8268	9.8666	10.1497	7.036	10.288	10.495	10.274	9.79	10.419	10.138	10.034	10.209	10.525	10.005	10.322	10.111	9.915	10.016	10.181	10.293	10.179	9.919	9.958
HG02677	9.5531	9.6434	9.9202	8.871	9.984	9.624	9.869	10.048	10.091	9.724	9.624	10.074	9.824	8.641	9.768	9.705	9.877	10.09	9.973	9.992	9.827	9.993	10.057
HG02678	9.5924	9.5965	9.8719	9.202	9.803	9.666	9.885	9.842	9.788	9.934	9.841	9.582	9.682	10.208	10.177	10.076	9.605	9.86	10.121	9.859	9.925	9.823	10.078
HG02679	9.6344	9.6254	9.9016	10.18	9.946	9.904	9.695	9.995	10.087	9.726	9.968	9.573	10.205	10.142	9.971	10.026	10.021	9.675	9.906	9.789	9.74	10.148	10.011
HG02680	9.7662	9.7218	10.0007	10.166	9.752	10.13	10.008	10.022	10.114	9.817	10.151	9.582	9.898	10.176	10.218	10.045	10.276	9.91	10.285	9.825	9.932	10.301	10.06
HG02681	9.7796	9.7364	10.0158	10.629	9.93	10.167	10.24	9.843	10.227	9.924	10.17	10.214	10.129	10.348	9.839	9.906	10.288	10.086	9.966	10.125	9.998	9.942	9.794
HG02682	9.6425	9.6515	9.9284	9.415	9.853	10.178	9.898	10.014	9.905	9.956	9.628	9.931	10.226	10.406	9.614	9.881	10.06	9.978	9.8	10.046	9.825	9.95	9.899
HG02683	9.6749	9.6143	9.8901	10.545	9.705	9.813	9.92	9.798	9.835	10.033	10.021	9.71	9.564	10.437	9.972	10.058	9.864	10.167	9.852	9.88	10.008	9.978	10.029
HG02684	9.789	9.7649	10.0451	10.438	10.204	10.402	10.211	9.776	10.18	10.215	10.063	9.99	9.979	9.541	9.933	10.071	10.042	9.993	10.112	10.193	9.974	9.979	10.273
HG02685	9.8456	9.8923	10.1761	10.117	10.343	10.576	10.103	10.214	10.29	9.863	10.017	10.011	10.075	8.448	9.705	10.201	10.133	10.371	9.969	10.446	9.978	10.178	10.347
HG02686	9.7948	9.8462	10.1287	9.412	9.837	10.386	10.306	10.04	10.08	10.189	9.898	9.957	9.854	9.09	10.025	10.042	10.052	10.061	10.262	10.303	10.236	10.407	10.347
HG02687	9.5338	9.6008	9.8763	9.339	9.855	9.653	9.97	10.037	10.053	9.909	9.676	9.782	9.72	9.415	9.64	9.938	9.981	9.902	9.862	9.805	9.671	9.838	9.762
HG02688	7.8791	7.883	8.1092	8.527	8.124	8.156	8.165	8.046	8.323	7.792	8.148	8.244	7.835	7.489	8.358	8.163	8.356	7.972	8.253	8.134	8.077	8.142	8.003
HG02689	8.7235	8.7876	9.0398	8.66	8.751	8.946	9.154	9.259	9.043	8.975	8.927	9.003	8.798	8.462	9.252	8.791	9.019	9.118	9.031	9.116	8.974	9.095	9.111
HG02690	9.7773	9.7374	10.0168	11.419	9.737	10.428	9.996	9.995	10.111	10.007	10.191	9.758	9.98	9.584	9.858	9.758	10.215	10.021	10.141	10.253	10.062	9.797	10.233
HG02691	9.857	9.7729	10.0534	11.494	10.189	10.216	9.98	10.127	10.169	10.194	9.972	9.837	10.068	10.576	10.089	9.958	9.944	10.202	9.972	10.194	10.095	9.89	10.054
HG02692	9.8576	9.8538	10.1365	11.943	10.302	10.09	10.213	10.398	10.121	10.218	9.968	10.105	9.903	9.774	9.937	10.293	10.196	9.935	10.142	9.894	10.079	10.044	9.91
HG02694	9.7097	9.6629	9.9402	10.45	10.031	9.851	9.768	10.06	10.431	9.884	10.108	9.872	9.973	9.328	10.122	9.916	9.837	10.231	9.809	9.734	10.114	9.917	10.084
HG02696	8.7013	8.7026	8.9524	8.432	9.059	9.096	8.955	8.844	8.966	8.999	8.718	9.217	8.939	9.665	8.987	8.968	8.983	8.878	9.014	9.003	8.995	8.946	8.866
HG02697	9.7897	9.8067	10.0881	9.179	10.423	10.314	10.216	10.01	10.181	10.126	10.1	9.921	10.009	10.254	9.924	10.073	10.036	10.188	10.124	10.248	10.346	9.935	9.869
HG02698	9.743	9.7797	10.0603	9.343	10.194	10.068	10.183	10.318	9.898	9.995	10.032	9.804	10.048	10.555	9.908	9.752	9.833	9.9	9.934	10.189	10.219	10.126	10.005
HG02699	9.87	9.8177	10.0994	10.261	10.174	10.545	10.085	10.356	10.321	10.06	9.953	10.115	10.246	10.722	9.726	9.99	10.053	10.154	10.162	10.009	10.121	10.125	10.012
HG02700	9.4513	9.4764	9.7484	8.325	9.849	9.638	9.627	9.656	9.737	10.023	10.007	9.487	9.818	10.015	9.557	9.637	9.627	9.887	9.853	9.812	9.841	9.744	9.759
HG02701	9.777	9.8133	10.0949	8.821	9.859	10.031	10.289	10.094	9.966	10.205	10.26	10.078	10.027	10.563	9.908	10.07	9.783	10.15	10.077	10.146	10.047	10.136	10.282
HG02702	9.377	9.408	9.678	9.325	10.069	9.668	9.675	9.665	9.469	9.599	9.565	9.678	9.896	8.221	9.858	9.494	9.743	9.926	9.744	9.738	9.684	9.552	9.587
HG02703	9.9611	10.2975	10.593	8.93	9.359	9.1	9.29	8.882	9.073	9.076	9.065	10.044	9.693	11.386	11.039	10.901	10.925	11.219	10.741	11.009	10.665	11.213	10.969
HG02704	9.8087	10.2231	10.5164	7.726	8.812	8.766	8.676	9.303	8.844	8.51	8.96	9.805	9.755	9.486	10.809	10.847	10.802	11.046	10.9	10.922	10.737	10.848	11.036
HG02715	9.7773	9.8348	10.117	9.052	9.579	9.661	10.003	10.105	10.192	10.094	10.056	9.837	10.131	10.884	10.135	9.87	10.103	10.328	10.164	10.078	10.115	10.082	10.457
HG02716	9.7536	9.7664	10.0466	10.045	10.238	10.163	10.083	9.894	10.066	9.932	9.952	9.859	10.052	9.448	10.195	10.071	10.087	9.938	10.006	10.132	10.028	10.049	10.152
HG02717	9.8283	9.8248	10.1067	9.31	9.47	10.067	10.259	10.12	10.092	10.206	10.137	10.211	10.354	10.583	9.995	10.217	10.236	10.273	10.366	10.053	9.821	9.965	10.017
HG02721	9.4829	9.6146	9.8904	3.939	9.963	9.699	9.958	9.566	9.907	9.749	9.614	9.924	9.675	9.045	10.057	9.757	9.712	9.739	10.002	9.41	10.108	9.925	9.965
HG02722	9.628	9.6771	9.9547	8.958	10.566	9.772	9.829	9.699	10.063	9.854	10.048	9.342	9.746	9.505	9.877	9.9	9.877	10.003	10.034	10.089	10.036	10.028	10.289
HG02723	9.6401	9.7203	9.9992	6.068	9.885	9.792	9.921	9.948	10.078	10.093	9.863	10.136	9.567	9.527	10.261	9.816	10.089	10.16	9.945	9.992	9.832	9.972	9.94
HG02724	9.8169	9.7595	10.0396	10.651	10.34	10.129	9.847	9.915	10.09	10.294	10.201	9.93	10.002	10.254	10.15	10.011	10.132	9.927	9.942	10.12	10.205	9.904	9.896
HG02725	9.7104	9.734	10.0133	8.709	10.565	9.835	10.021	9.915	9.959	10.195	9.946	10.151	9.835	10.375	9.877	9.757	10.17	10.175	10.059	10.078	9.914	10.032	10.028
HG02726	9.8383	9.8044	10.0857	10.943	10.079	10.206	10.327	10.028	9.954	10.058	10.083	10.194	9.803	10.413	10.141	10.062	9.647	10.193	10.051	10.064	10.168	10.06	10.2
HG02727	9.9098	9.9149	10.1994	10.642	10.223	10.267	10.525	10.422	10.183	9.871	10.429	10.077	10.219	10.373	9.98	10.188	10.224	10.219	10.191	10.2	10.07	9.975	10.196
HG02728	9.7446	9.749	10.0287	11.388	10.338	9.799	10.103	9.963	9.74	9.824	9.973	9.966	9.937	9.606	9.812	10.134	10.062	10.308	10.123	9.75	10.099	9.933	10.194
HG02729	9.673	9.6393	9.9159	11.146	9.898	9.526	10.058	9.897	9.745	9.789	10.001	9.768	9.783	9.374	9.818	10.034	9.915	10.182	10.0	10.005	9.937	10.171	10.163
HG02731	9.5993	9.6205	9.8966	9.801	10.078	9.722	10.035	9.929	9.785	9.694	10.104	10.057	9.918	9.737	9.78	9.974	9.6	9.9	9.639	9.927	9.871	10.043	9.949
HG02733	8.6709	8.7058	8.9556	8.943	9.245	8.838	8.87	8.871	8.882	8.942	8.915	9.035	8.771	8.532	8.726	8.875	9.056	8.99	9.031	9.044	9.043	8.756	8.992
HG02734	9.7893	9.6858	9.9637	10.787	9.475	10.172	10.068	9.853	10.06	10.078	10.088	9.996	9.916	10.743	9.767	9.976	9.964	10.3	10.117	10.15	9.953	10.022	10.056
HG02735	9.7431	9.7168	9.9956	10.687	10.256	9.945	10.055	10.025	10.021	9.9	10.146	10.037	10.022	9.558	9.897	10.064	9.886	9.942	10.02	10.209	9.903	10.151	9.958
HG02736	9.6614	9.75	10.0298	9.292	10.156	10.311	10.009	10.018	10.056	10.153	9.98	9.816	10.223	9.811	9.753	9.939	10.017	10.088	10.21	9.638	9.745	10.203	9.9
HG02737	9.6863	9.6982	9.9765	12.616	10.109	9.945	9.97	10.035	9.872	10.024	10.098	10.148	9.54	8.583	9.51	9.955	10.02	10.058	10.116	9.971	9.945	9.954	9.887
HG02738	9.6417	9.6285	9.9048	12.595	10.467	10.04	9.938	9.959	9.735	10.056	10.118	9.674	9.714	7.666	9.775	9.918	9.829	9.983	9.911	9.895	9.963	9.803	9.818
HG02756	8.7572	8.8546	9.1087	6.119	8.484	8.838	9.045	9.201	9.114	9.18	9.127	8.848	9.113	8.369	9.099	9.092	9.158	8.879	8.944	9.208	9.21	9.191	9.009
HG02757	9.38	9.6309	9.9073	9.683	10.075	10.093	10.115	10.157	9.908	9.978	10.021	9.562	10.109	9.471	9.992	10.075	10.114	10.014	9.028	8.869	9.052	8.959	8.96
HG02759	8.5945	8.6118	8.8589	8.785	8.519	8.862	8.91	8.824	9.05	8.869	8.809	8.336	8.939	8.557	8.797	8.673	8.874	8.984	8.937	8.694	8.964	8.952	9.071
HG02760	9.8288	9.8055	10.0869	9.183	11.261	10.043	10.011	10.155	9.799	9.822	10.241	10.135	10.142	10.141	10.173	10.536	9.839	10.018	10.442	10.162	10.189	10.149	10.047
HG02761	9.677	9.7125	9.9912	9.182	9.804	10.117	10.02	9.914	10.104	10.123	10.011	9.972	9.879	10.354	10.028	9.785	9.805	10.195	9.929	9.919	9.931	10.128	10.012
HG02762	9.9282	9.9203	10.2049	9.926	10.112	10.273	10.446	10.305	10.094	10.239	9.981	10.153	10.316	10.525	10.223	10.099	10.406	10.191	10.181	10.002	10.356	10.194	10.232
HG02763	9.6889	9.7133	9.9921	8.92	10.164	9.891	10.012	9.916	10.008	10.155	9.845	9.671	10.413	10.195	10.012	9.99	10.203	9.984	9.954	9.958	9.951	9.845	9.984
HG02764	9.7934	9.7496	10.0293	9.514	9.983	10.224	9.931	10.077	10.046	9.991	9.883	9.911	10.227	10.435	10.228	10.103	9.975	10.005	9.846	10.349	10.168	10.253	10.152
HG02768	9.7663	9.7627	10.0428	9.81	10.411	10.052	9.545	10.025	10.106	9.895	9.919	9.974	10.02	10.161	10.042	10.122	10.181	9.926	10.075	9.889	10.223	10.1	10.262
HG02769	9.5607	9.553	9.8271	9.864	9.864	9.883	10.047	9.807	9.498	9.9	9.749	9.629	9.837	10.22	9.982	9.962	9.655	9.865	9.661	9.839	9.89	9.703	9.858
HG02770	9.6462	9.6141	9.8899	9.963	9.889	10.012	10.16	9.782	9.737	10.098	9.947	9.611	9.674	10.079	9.93	9.78	9.507	10.05	9.824	10.076	10.049	9.955	10.055
HG02771	9.9056	9.9076	10.1919	9.392	10.511	10.311	10.206	10.027	10.213	10.252	10.125	9.983	10.214	10.639	10.338	10.072	10.002	10.225	10.3	10.16	10.094	10.346	10.5
HG02772	8.7326	8.7384	8.9891	8.928	9.057	9.177	9.004	8.94	9.061	9.157	8.825	8.734	8.767	8.616	8.878	9.074	9.126	9.126	8.969	8.79	9.049	8.911	9.196
HG02773	8.7526	8.8083	9.061	8.909	8.822	9.139	9.089	9.004	9.086	8.948	9.094	8.91	9.227	8.525	9.177	8.833	9.01	9.048	8.964	8.956	8.997	9.043	9.089
HG02774	9.6983	9.58	9.8549	10.453	9.798	10.179	10.017	10.325	10.121	9.499	9.81	9.808	9.87	10.342	9.754	10.048	9.928	9.884	9.855	9.802	10.076	9.998	9.942
HG02775	9.6759	9.7537	10.0336	9.789	9.489	9.119	9.853	9.838	10.045	9.809	9.78	9.357	9.981	8.755	10.104	10.026	10.203	10.05	10.221	10.09	10.181	9.811	10.137
HG02776	9.5838	9.5761	9.8509	10.043	9.891	9.84	9.812	9.858	9.537	9.701	9.893	10.269	9.832	9.451	9.647	10.17	10.069	10.016	10.056	9.983	9.865	9.623	9.891
HG02778	9.6865	9.686	9.964	10.445	9.955	10.06	9.76	10.327	10.05	9.899	9.961	9.968	9.583	10.624	9.966	10.376	9.959	9.817	9.957	9.698	9.893	9.75	9.983
HG02780	9.556	9.6006	9.8761	9.757	10.175	9.702	9.784	9.794	9.901	9.78	9.721	9.749	9.582	8.202	10.004	9.857	9.991	9.907	9.738	10.01	9.876	9.94	9.971
HG02783	9.7805	9.7941	10.0751	9.894	9.888	9.908	9.952	10.092	9.913	10.166	10.242	10.25	10.176	10.029	9.686	9.806	10.262	10.258	10.093	10.07	10.363	10.226	9.978
HG02784	9.6782	9.6555	9.9326	10.412	9.928	10.081	9.992	9.736	9.953	10.063	10.032	9.85	9.765	9.484	10.006	9.905	10.024	9.871	9.963	9.964	10.059	9.928	10.008
HG02785	9.7561	9.7083	9.9869	10.596	9.753	10.086	9.976	10.09	10.045	9.834	10.142	9.819	9.644	9.618	9.801	10.024	9.872	10.146	10.177	10.133	10.151	10.184	10.132
HG02786	9.5979	9.5681	9.8426	10.226	10.013	10.0	10.136	9.916	9.689	10.143	9.99	9.968	9.481	7.689	9.912	9.854	9.692	9.866	9.859	9.758	10.139	9.752	9.993
HG02787	9.9137	9.9479	10.2334	10.686	10.026	10.079	10.103	10.203	10.24	10.038	10.247	9.942	10.021	9.471	10.101	10.39	10.431	10.08	10.109	10.397	10.161	10.241	10.353
HG02788	9.6451	9.6397	9.9163	10.226	9.497	9.883	10.064	9.906	9.945	9.887	10.079	9.704	9.837	8.316	9.931	10.046	9.904	9.863	10.111	9.934	9.891	10.219	10.077
HG02789	9.6433	9.6374	9.9139	10.177	9.636	9.851	10.099	9.904	9.811	9.8	10.037	10.053	9.75	9.994	10.003	9.775	10.129	9.935	9.981	9.94	9.892	9.996	9.869
HG02790	9.7928	9.8121	10.0937	10.147	10.346	9.952	10.099	10.003	9.805	10.072	10.011	9.97	9.912	10.323	9.953	10.154	10.233	10.181	10.064	9.919	10.103	10.169	10.227
HG02791	9.9431	9.9327	10.2177	10.339	9.933	10.675	10.181	10.126	10.01	10.308	10.272	10.07	10.118	10.527	10.108	10.226	10.153	10.224	10.15	10.363	10.279	10.38	10.187
HG02792	9.8471	9.8297	10.1118	10.604	10.19	10.683	10.157	9.983	10.194	9.976	10.073	10.4	9.861	10.227	10.237	10.022	10.224	10.098	10.115	10.012	10.052	10.082	9.99
HG02793	9.7616	9.7366	10.016	10.993	10.048	9.915	9.864	10.03	9.948	9.99	10.053	9.913	9.895	8.786	10.184	9.978	10.08	10.167	9.859	10.284	10.209	10.048	10.131
HG02794	9.8113	9.8233	10.1052	10.228	10.294	10.14	10.03	10.037	10.054	10.077	10.263	10.396	10.235	8.885	10.225	9.868	9.773	10.015	10.093	10.2	9.954	10.21	10.409
HG02798	9.7145	9.7257	10.0048	9.565	10.241	10.014	9.83	9.912	10.024	10.077	9.934	9.807	10.048	10.336	9.925	10.122	10.305	9.818	10.08	9.996	9.878	9.813	10.145
HG02799	9.8309	9.8586	10.1415	8.024	9.217	10.325	10.171	10.069	10.003	10.427	9.996	9.972	10.199	9.654	10.265	10.153	10.267	10.2	10.125	10.048	10.314	10.464	10.262
HG02800	9.7349	9.7636	10.0437	8.363	9.127	9.661	10.189	10.123	9.93	10.168	9.852	9.948	9.854	9.673	9.924	10.23	10.06	9.992	9.982	10.168	10.105	10.322	10.232
HG02804	9.6927	9.717	9.9958	9.267	9.642	9.8	9.768	9.739	9.711	9.964	9.874	10.132	9.94	10.179	10.275	10.157	9.98	9.998	10.016	10.006	9.904	10.169	10.179
HG02805	9.6889	9.7191	9.998	8.278	10.185	9.791	10.108	10.026	9.873	9.779	9.959	9.948	9.847	10.564	9.923	10.046	9.775	10.037	9.992	10.015	10.019	10.02	10.05
HG02806	9.9042	9.9139	10.1984	9.124	10.52	9.883	10.289	10.22	10.302	9.746	10.206	9.963	10.178	10.594	10.356	10.207	10.121	10.296	9.977	10.081	10.299	10.151	10.354
HG02807	9.5742	9.5977	9.8731	8.865	9.257	9.546	9.683	9.845	9.931	10.078	9.824	9.52	9.988	8.837	10.139	10.211	10.247	9.807	9.922	10.205	9.916	9.812	9.912
HG02808	10.1587	10.1353	10.4261	10.787	10.425	10.528	10.482	10.384	10.459	10.519	10.581	10.163	10.649	10.665	10.634	10.426	10.34	10.44	10.446	10.41	10.357	10.287	10.31
HG02809	9.6303	9.6747	9.9523	8.908	9.869	9.796	9.694	10.119	10.095	9.877	9.994	9.811	9.942	9.373	10.113	9.883	9.866	10.135	9.88	9.916	10.033	10.167	9.97
HG02810	9.7318	9.7961	10.0772	8.693	9.703	10.259	10.204	10.193	10.251	10.149	10.156	10.116	10.18	7.919	10.215	10.007	9.94	10.019	9.975	10.03	10.091	10.143	10.059
HG02811	9.9843	9.9618	10.2476	10.562	10.549	10.254	10.451	10.283	10.282	10.402	9.966	10.353	10.394	10.521	10.248	9.964	10.012	10.214	10.107	10.163	10.1	10.295	10.278
HG02812	9.5198	9.5474	9.8213	9.367	9.554	10.089	9.99	9.703	9.986	9.823	9.655	9.901	9.796	8.352	9.732	9.706	9.627	9.757	9.793	9.887	9.995	9.884	10.005
HG02813	9.8795	9.9065	10.1907	8.849	10.088	10.36	10.352	10.389	10.115	10.363	10.15	10.027	10.348	10.278	10.31	10.461	10.229	10.316	10.19	10.02	10.13	9.976	10.284
HG02814	9.6246	9.6569	9.934	9.092	10.224	9.928	9.765	10.056	10.001	10.062	9.871	9.932	9.732	9.48	9.838	9.895	10.14	10.043	9.98	9.948	9.94	9.683	9.908
HG02815	9.68	9.683	9.9609	8.029	10.102	10.068	9.968	9.992	10.427	10.127	10.152	9.718	10.054	10.199	9.85	9.811	9.947	9.912	10.02	10.108	9.832	9.903	9.863
HG02816	9.0661	9.0612	9.3212	8.052	9.612	9.212	9.081	9.665	9.331	9.485	9.301	9.608	9.474	9.031	9.402	9.034	9.409	9.443	9.386	9.443	9.5	9.316	9.205
HG02817	9.9054	9.88	10.1635	9.84	10.193	10.14	10.201	9.9	10.254	10.254	10.286	9.807	10.741	10.468	10.658	10.182	10.138	10.084	10.097	10.276	10.109	10.299	10.19
HG02818	8.9856	8.9702	9.2276	8.925	9.425	9.275	9.07	9.499	9.213	9.131	9.038	9.415	9.492	9.746	9.278	9.162	9.129	9.19	9.073	9.157	9.352	9.165	9.291
HG02819	9.6771	9.7413	10.0208	7.952	10.264	10.156	10.03	9.915	9.981	9.92	10.253	9.495	10.105	9.738	10.086	10.017	9.741	10.418	9.938	9.909	9.97	10.013	9.945
HG02820	9.5884	9.564	9.8384	9.781	10.258	10.055	9.701	9.989	9.744	9.769	9.728	9.641	9.958	10.23	9.761	9.865	9.964	9.97	10.041	9.568	9.906	9.854	10.023
HG02821	9.7208	9.7732	10.0536	8.661	9.84	10.451	10.364	10.219	9.717	9.99	10.064	10.061	10.339	9.62	10.208	10.041	9.999	10.052	10.07	9.891	9.994	9.927	10.12
HG02836	9.6666	9.6947	9.9728	9.382	9.64	9.977	9.96	10.072	9.763	9.955	10.179	9.878	10.083	9.855	10.054	10.036	10.061	9.855	9.927	10.159	9.952	9.537	9.984
HG02837	9.7416	9.7135	9.9922	10.429	9.915	9.888	9.981	9.884	10.301	9.911	10.059	9.787	9.832	10.382	10.179	9.966	10.047	9.904	10.22	9.851	10.101	9.988	9.968
HG02838	9.578	9.5948	9.8701	9.352	9.675	10.037	9.889	10.032	10.083	9.855	9.82	9.52	9.889	10.16	9.758	9.78	9.629	9.831	10.006	9.765	9.66	9.881	10.128
HG02839	9.8557	9.9364	10.2215	7.312	10.156	10.299	10.147	10.254	10.139	10.078	9.965	10.136	10.09	10.639	10.279	10.216	10.006	10.16	10.19	10.193	10.367	9.943	10.231
HG02840	9.8027	9.7936	10.0746	10.177	8.585	10.305	10.098	9.866	9.941	10.105	10.076	10.376	10.077	9.778	10.413	9.89	10.073	9.983	10.254	9.972	10.159	10.23	10.153
HG02841	10.0132	9.9507	10.2362	10.753	10.139	10.978	10.471	10.123	10.358	10.123	10.19	10.382	10.121	10.606	10.305	10.306	10.209	10.332	10.194	10.084	10.104	10.171	10.69
HG02851	9.7231	9.724	10.003	9.925	10.25	9.831	10.249	10.047	10.005	9.961	10.089	10.272	10.143	6.769	10.284	10.019	9.907	10.201	9.878	10.019	10.183	9.817	10.001
HG02852	9.8408	9.8735	10.1568	9.823	10.345	10.229	9.978	10.308	10.164	9.979	10.073	10.058	10.137	10.129	10.111	10.036	9.935	10.035	10.115	9.944	10.262	10.209	10.356
HG02853	9.5786	9.5779	9.8527	9.786	10.103	9.648	9.848	9.825	9.794	9.837	9.927	9.531	9.806	8.612	9.887	9.868	9.706	9.949	10.066	9.753	9.757	10.104	10.009
HG02854	9.7119	9.735	10.0144	9.839	10.417	9.672	10.053	10.14	9.905	9.905	10.149	10.07	9.909	8.815	10.114	10.378	10.088	10.109	10.027	10.154	9.911	10.026	9.977
HG02855	9.6576	9.6912	9.9692	9.39	10.429	9.838	9.757	9.985	9.904	9.943	9.864	9.817	10.176	9.526	10.057	9.922	10.054	9.859	9.96	9.92	10.027	9.891	9.937
HG02856	9.9471	9.9604	10.2462	9.987	10.449	9.941	10.439	10.661	10.319	10.189	10.064	10.035	10.439	9.748	10.367	10.473	10.27	10.191	10.086	10.106	10.112	10.116	10.444
HG02860	9.6306	9.6705	9.9479	9.21	10.354	9.568	9.832	10.206	10.001	10.032	10.051	9.742	9.997	8.234	10.169	9.993	10.168	10.107	9.79	9.877	9.923	9.812	9.745
HG02861	9.6791	9.7813	10.062	8.975	10.152	10.0	9.948	9.727	9.968	10.012	10.082	9.612	9.918	10.536	10.265	9.967	10.272	9.863	9.977	9.935	10.05	9.964	10.038
HG02862	9.9088	9.9529	10.2385	8.428	10.589	9.948	10.593	10.339	10.344	10.338	10.293	10.227	10.506	9.096	10.48	10.062	10.212	10.143	10.277	10.14	10.263	10.087	10.142
HG02869	8.8029	8.8184	9.0714	7.581	9.174	9.065	9.076	9.005	9.022	9.033	8.865	9.138	9.098	9.447	8.928	8.99	8.765	9.366	9.195	9.274	9.093	9.161	8.931
HG02870	9.7347	9.7639	10.0441	8.383	10.36	10.09	10.035	10.335	10.273	10.209	10.214	9.878	9.944	9.931	9.831	9.901	10.169	10.08	10.042	9.987	10.007	10.247	9.975
HG02871	9.6838	9.7123	9.9909	8.596	10.244	9.968	9.96	10.269	9.91	9.965	10.1	10.046	10.01	9.655	10.187	9.873	9.879	10.057	9.91	9.813	9.909	10.048	10.027
HG02878	9.7099	9.7367	10.0161	8.611	9.696	10.523	9.864	10.02	10.227	9.904	9.875	9.965	9.72	10.37	10.213	9.857	10.394	9.887	10.01	9.995	10.017	10.036	10.051
HG02879	9.6079	9.5854	9.8604	9.813	9.988	10.033	10.093	9.832	9.861	9.745	10.021	9.895	9.848	10.221	9.704	9.781	9.587	9.728	9.783	9.871	9.977	9.981	9.893
HG02880	9.5514	9.5537	9.8278	8.387	9.746	9.582	10.11	9.745	9.846	9.976	9.722	9.614	9.823	9.987	9.913	10.032	9.851	9.929	9.724	9.795	9.901	9.798	9.955
HG02881	9.5556	9.5464	9.8203	10.326	9.44	9.769	10.158	9.793	10.011	9.3	9.936	10.161	9.493	10.482	10.065	9.618	9.782	9.77	9.894	9.624	9.802	9.832	9.637
HG02882	9.6596	9.7329	10.0122	7.561	10.045	10.023	10.04	10.13	9.986	9.973	9.913	9.96	9.787	8.865	9.779	10.331	10.01	9.959	9.987	9.924	9.959	9.953	10.139
HG02883	9.6379	9.6496	9.9265	9.511	9.766	9.633	10.217	10.114	9.836	9.942	9.913	9.892	9.716	10.202	10.475	10.045	9.866	10.041	9.891	9.951	9.96	9.828	9.798
HG02884	9.853	9.8598	10.1427	9.703	9.578	10.317	10.22	10.124	10.363	10.269	10.278	10.132	10.397	9.928	10.195	10.216	9.96	9.982	10.006	10.19	9.907	10.211	10.193
HG02885	9.7406	9.7837	10.0644	8.543	10.24	10.035	10.013	10.003	10.038	10.056	9.917	9.953	10.016	10.226	10.212	9.779	10.127	9.766	10.141	10.022	10.033	10.178	10.151
HG02886	9.7652	9.7917	10.0726	7.902	9.755	9.568	10.297	10.192	10.125	9.937	10.273	9.861	9.914	9.61	10.163	10.245	10.103	10.185	9.889	10.124	10.058	10.167	10.108
HG02887	9.4996	9.5791	9.854	9.409	8.505	9.834	9.52	10.053	9.795	9.886	9.892	9.698	9.636	8.248	9.862	9.899	9.874	9.907	10.103	9.887	9.914	9.329	9.657
HG02888	9.6163	9.6868	9.9647	7.61	10.414	9.827	9.832	9.72	10.091	9.973	10.032	9.932	9.893	8.161	10.165	9.955	10.139	9.927	9.943	9.999	9.966	9.91	9.943
HG02889	9.557	9.6013	9.8768	8.963	9.645	9.995	9.775	9.722	9.82	9.962	9.933	9.686	9.86	8.426	9.757	9.954	9.622	10.041	10.018	9.901	9.854	9.959	10.114
HG02890	9.8671	9.8909	10.1747	7.889	10.484	10.649	10.18	9.976	10.283	10.173	10.132	10.276	10.192	10.592	10.152	10.256	10.038	10.077	10.211	10.151	10.059	10.317	10.424
HG02891	9.7952	9.7789	10.0595	10.668	9.59	9.896	10.249	10.093	10.02	10.029	9.971	9.766	10.145	10.107	10.194	10.268	10.036	9.852	10.112	9.86	10.075	10.131	10.38
HG02892	9.8171	9.8364	10.1187	8.795	9.775	9.718	10.134	10.214	10.075	9.738	10.427	10.034	9.946	10.406	10.271	10.126	10.385	10.206	10.093	10.066	10.095	10.05	10.467
HG02895	8.647	8.6957	8.9452	8.423	8.209	9.186	8.882	9.059	9.063	8.638	9.053	9.06	9.029	7.685	9.054	9.116	9.014	8.794	8.896	8.876	8.946	8.954	8.957
HG02896	9.5937	9.6475	9.9243	9.263	9.532	9.987	9.857	9.687	9.987	9.87	9.666	9.729	9.776	9.484	9.602	10.111	9.878	9.844	9.715	10.109	10.102	10.068	10.044
HG02897	9.7221	9.7305	10.0097	10.332	9.414	9.697	9.974	10.157	10.017	10.118	10.07	9.875	9.948	8.597	10.308	10.07	9.86	10.13	9.866	10.001	10.05	10.167	10.011
HG02922	9.7179	9.7762	10.0568	8.653	9.122	10.022	10.025	10.102	10.176	10.198	10.067	9.639	10.163	10.136	10.061	10.206	10.139	9.871	10.016	10.05	9.931	10.079	10.003
HG02923	9.6183	9.6709	9.9484	8.82	10.115	9.94	9.961	9.968	10.153	10.098	9.812	10.106	9.709	9.455	9.824	9.879	9.852	10.173	9.972	9.899	10.096	9.962	9.841
HG02924	9.3402	9.4385	9.7093	7.081	9.097	9.576	9.698	9.828	9.868	9.62	9.765	9.376	9.748	9.058	9.499	9.781	9.562	9.739	9.518	9.7	9.673	9.62	9.838
HG02938	9.703	9.7494	10.0292	8.137	9.476	9.9	10.215	9.958	10.043	10.041	10.11	10.01	9.999	10.091	10.157	9.998	9.936	9.864	10.035	10.095	10.001	10.007	9.837
HG02941	8.7182	8.7086	8.9585	9.611	8.74	9.147	8.962	8.909	9.003	8.816	9.065	8.916	8.929	9.239	8.679	8.929	9.078	8.899	8.8	9.002	8.875	8.828	8.975
HG02943	9.6555	9.6313	9.9077	9.968	10.18	9.58	9.809	9.879	10.199	10.081	9.744	10.0	10.018	7.568	10.042	9.863	9.951	9.807	10.065	9.859	9.968	9.922	10.126
HG02944	10.4984	10.6144	10.919	9.845	10.139	10.091	9.892	9.989	9.908	9.905	10.118	11.049	10.953	11.446	12.074	12.197	11.836	12.06	10.889	11.096	10.936	10.99	11.126
HG02945	9.4401	9.5226	9.7958	9.585	9.101	9.687	9.767	9.574	9.428	9.492	9.837	9.705	9.74	9.313	9.978	9.743	9.583	9.987	9.864	9.643	9.711	9.857	10.033
HG02946	9.5135	9.4711	9.7428	9.927	9.982	9.829	9.71	9.731	9.657	9.913	9.791	9.53	9.937	9.587	9.768	9.579	9.89	9.827	9.861	9.796	9.808	9.784	9.736
HG02947	10.1584	10.1939	10.4864	9.186	10.15	10.252	10.4	10.282	10.596	10.551	10.439	10.362	10.665	10.865	10.669	10.517	10.453	10.445	10.377	10.268	10.418	10.518	10.591
HG02948	9.6576	9.7105	9.9891	9.089	9.569	9.788	10.086	10.174	9.861	10.117	9.9	9.556	10.098	10.209	10.045	9.873	10.106	10.024	10.234	9.754	9.962	10.013	10.055
HG02952	9.6513	9.6994	9.9777	8.81	9.892	9.842	9.768	9.833	10.039	10.012	9.982	9.985	9.871	9.533	10.019	10.069	10.12	9.776	10.251	9.758	9.976	10.146	10.088
HG02953	9.7726	9.7683	10.0486	8.882	9.766	10.215	9.889	10.059	9.896	9.88	9.907	9.866	10.448	10.544	9.738	10.068	9.95	10.242	10.094	10.118	10.193	9.944	10.316
HG02954	9.8558	9.8958	10.1798	8.498	9.978	10.49	10.251	10.342	10.002	10.151	9.814	10.093	10.12	9.768	10.299	10.367	10.154	10.085	10.098	10.236	10.235	10.518	10.224
HG02964	9.7794	9.7963	10.0774	9.514	9.919	9.961	10.4	10.2	10.007	9.998	10.052	10.09	10.148	10.264	9.764	10.23	10.075	10.177	9.946	10.133	9.968	10.074	10.272
HG02965	9.6225	9.6839	9.9618	9.021	9.922	9.972	10.067	10.101	9.791	10.02	10.132	9.975	9.716	8.855	9.961	9.956	9.957	9.994	9.869	10.002	9.858	9.907	9.93
HG02966	9.5021	9.5217	9.7949	9.909	9.974	9.743	9.787	10.004	10.043	9.579	9.939	9.696	9.757	8.193	9.631	9.658	9.777	9.765	9.677	9.731	9.8	9.701	9.999
HG02968	9.6096	9.6288	9.9051	9.214	10.003	10.009	9.701	9.959	9.775	9.644	9.879	9.681	10.072	10.522	9.914	9.76	10.054	9.85	9.66	9.913	9.943	10.155	9.92
HG02970	9.6503	9.6513	9.9282	9.228	10.386	9.77	9.997	10.04	10.002	9.906	9.912	9.38	10.01	10.257	9.912	10.2	9.731	9.893	9.87	10.004	9.983	9.979	9.9
HG02971	10.5474	10.6337	10.9388	9.046	10.287	10.264	10.277	10.296	9.894	9.921	10.191	11.08	10.716	11.573	11.648	11.888	11.475	11.63	11.008	11.15	11.082	11.136	10.966
HG02972	10.4429	10.5213	10.8232	9.436	10.641	10.204	10.037	9.953	9.981	9.928	9.869	10.908	10.586	11.434	11.76	11.645	11.594	11.84	10.932	11.129	10.742	10.997	11.122
HG02973	9.7577	9.716	9.9948	10.359	9.727	9.958	10.256	10.13	10.032	9.955	9.969	9.715	10.026	10.459	10.213	9.956	9.937	9.966	9.933	9.976	10.147	9.99	9.844
HG02974	9.7279	9.7435	10.0231	8.477	9.812	10.001	9.992	10.122	10.237	9.997	10.503	10.151	9.902	10.221	10.198	9.839	10.03	10.117	10.181	10.023	9.728	9.917	10.053
HG02975	9.7848	9.7749	10.0553	9.729	9.263	9.7	10.013	10.095	10.033	10.395	9.936	9.763	10.254	10.638	10.231	9.964	9.965	10.219	10.075	10.272	10.07	10.091	10.113
HG02976	9.5246	9.5551	9.8293	7.363	9.527	9.81	10.107	9.934	9.69	9.76	9.797	10.013	9.847	9.41	9.915	10.02	9.683	9.887	9.801	9.912	9.888	9.816	9.863
HG02977	9.5865	9.6452	9.9219	8.606	9.998	9.518	9.751	9.95	9.89	9.849	9.931	9.811	10.173	9.464	9.734	9.705	9.989	9.986	9.947	9.683	9.871	10.08	10.131
HG02978	9.6626	9.692	9.9701	9.477	9.893	9.885	10.121	10.141	9.863	9.748	10.069	9.442	9.904	9.426	10.176	10.05	9.67	10.155	9.901	9.906	10.027	10.147	10.354
HG02979	9.7585	9.7901	10.071	10.305	10.097	9.811	9.913	9.978	10.188	10.266	10.242	9.982	10.115	8.518	10.47	10.016	10.116	9.905	10.065	9.854	10.049	9.895	9.987
HG02980	9.5301	9.5889	9.864	9.315	9.903	9.796	9.779	9.783	9.896	9.585	10.026	9.837	9.655	8.211	9.832	9.578	9.876	9.881	9.944	9.703	10.041	9.841	10.111
HG02981	9.5994	9.6829	9.9608	8.565	9.757	10.211	9.782	9.784	10.031	9.465	9.947	9.69	10.168	9.663	10.132	10.195	10.161	9.806	9.81	9.852	9.937	9.914	10.049
HG02982	9.5545	9.5189	9.792	9.604	9.751	9.855	9.704	9.869	10.054	9.496	9.768	10.056	9.724	10.448	9.878	9.878	9.726	9.959	9.909	9.841	9.679	9.925	9.863
HG02983	9.5915	9.5898	9.8649	10.395	9.668	9.812	9.952	9.96	9.665	9.871	10.038	9.822	10.014	10.372	9.739	9.875	10.126	9.859	9.905	9.62	9.82	9.903	9.632
HG02984	9.7985	9.8303	10.1123	9.653	9.482	10.172	10.186	10.231	10.249	10.021	10.173	10.194	10.111	10.541	9.928	10.052	10.219	10.11	10.006	10.034	10.053	10.116	9.956
HG03006	9.6717	9.6288	9.9051	10.656	9.876	9.849	10.029	9.7	10.032	9.859	10.082	9.919	9.934	8.401	9.987	9.848	9.857	9.824	9.958	9.86	10.114	9.921	10.132
HG03007	9.7867	9.7354	10.0147	11.459	10.023	10.326	10.105	10.058	10.076	9.735	9.747	9.824	9.799	10.618	9.877	10.104	9.715	10.081	10.092	9.736	10.262	9.84	10.225
HG03008	9.6378	9.7336	10.0129	9.407	9.849	10.127	10.102	10.142	9.873	9.953	10.102	9.85	9.914	9.308	9.969	9.921	10.064	9.89	10.015	9.87	9.813	9.868	10.024
HG03009	9.807	9.748	10.0277	10.656	10.406	10.395	10.157	10.196	10.133	10.085	9.971	10.196	10.01	9.746	9.923	9.98	9.988	9.923	9.945	10.176	10.091	10.07	9.961
HG03012	9.8216	9.7834	10.0641	10.557	9.973	10.075	10.238	9.843	10.057	9.949	10.158	10.427	10.001	9.588	10.404	10.172	9.691	9.907	10.038	10.288	10.188	10.062	10.152
HG03015	9.8226	9.8365	10.1188	10.602	10.798	10.014	10.062	10.093	10.26	9.805	10.181	9.901	9.895	8.897	10.216	10.255	10.134	10.076	10.154	10.008	10.163	10.034	10.156
HG03016	9.59	9.5852	9.8602	10.016	10.053	9.813	9.99	9.91	10.014	9.573	9.858	9.656	9.59	9.584	9.806	10.278	10.034	9.728	9.887	9.874	9.877	9.828	9.907
HG03017	9.8125	9.8104	10.0919	10.419	10.309	10.093	10.195	10.071	10.066	10.212	10.322	10.323	9.948	9.4	10.147	9.963	10.034	9.997	10.022	10.01	10.067	10.146	10.026
HG03018	9.7191	9.6621	9.9393	10.336	10.238	10.167	9.791	9.933	9.769	10.031	10.103	10.128	9.944	10.438	9.635	9.816	9.786	9.997	9.708	10.003	10.063	10.271	10.042
HG03019	9.7913	9.8322	10.1143	8.608	10.147	10.007	9.849	10.268	10.161	10.001	10.059	10.286	10.043	10.503	10.396	10.052	10.057	10.188	10.066	10.148	9.948	10.112	10.101
HG03021	9.8245	9.79	10.0709	11.319	9.653	10.023	10.113	10.133	10.123	10.186	9.838	10.179	9.891	10.785	9.734	10.064	9.958	9.995	10.212	10.108	9.992	9.997	10.089
HG03022	8.635	8.6283	8.8758	9.38	8.798	8.997	9.16	8.713	8.882	8.758	9.007	8.815	8.727	8.357	8.87	8.97	9.117	8.966	8.933	8.836	8.751	8.859	8.929
HG03024	9.672	9.7254	10.0045	9.552	10.178	9.78	10.27	9.82	9.99	9.675	10.122	9.417	10.209	10.058	9.849	9.982	10.115	9.77	10.144	9.932	10.049	9.978	10.168
HG03025	9.7141	9.7144	9.9932	9.996	9.859	10.348	10.4	10.045	9.868	10.34	10.091	9.567	9.997	8.81	10.026	10.1	9.975	10.106	9.817	9.906	10.055	9.928	10.027
HG03026	9.6466	9.6387	9.9152	9.929	9.628	9.853	10.08	10.002	9.937	10.09	10.159	9.919	9.725	9.471	9.973	9.94	10.03	9.964	9.942	9.878	9.828	9.715	10.034
HG03027	9.607	9.6664	9.9437	7.786	8.739	9.85	9.782	10.211	10.059	9.909	10.229	10.064	9.82	7.942	10.298	10.096	9.852	10.084	10.028	9.988	9.867	9.907	9.91
HG03028	9.6139	9.6702	9.9477	8.303	10.462	10.033	9.833	10.024	10.108	9.612	9.714	10.199	9.821	9.633	9.982	10.021	9.82	9.904	9.792	10.126	9.952	9.889	10.222
HG03029	9.7144	9.7455	10.0251	8.581	9.106	9.909	10.247	10.002	10.004	10.048	10.266	9.929	9.786	10.483	10.088	10.058	9.885	10.113	10.044	10.004	10.017	9.938	9.989
HG03033	9.8812	9.8795	10.163	8.822	9.825	10.148	10.54	10.491	10.108	10.227	10.332	10.203	10.112	10.357	10.224	9.984	10.078	10.154	10.058	9.99	10.36	10.145	10.389
HG03034	9.7582	9.7516	10.0314	9.062	8.413	9.793	10.297	10.142	10.451	9.916	9.975	9.733	10.171	10.214	10.573	10.006	10.13	9.785	10.351	9.958	9.785	10.063	10.343
HG03035	9.6971	9.8089	10.0903	8.459	8.518	10.141	10.201	10.064	10.135	9.646	9.844	9.995	9.884	9.897	10.078	9.859	9.993	9.95	10.048	9.932	10.099	10.125	10.266
HG03039	9.5656	9.6653	9.9427	8.572	9.609	9.991	9.934	9.739	10.058	10.102	9.402	10.003	9.801	8.529	9.827	10.124	9.875	10.024	9.977	9.882	9.986	9.725	9.946
HG03040	9.575	9.6485	9.9254	8.665	9.5	9.936	10.153	10.255	10.073	10.259	9.769	9.651	9.682	10.302	10.122	9.977	9.926	9.688	10.047	9.874	9.86	9.742	9.834
HG03041	9.6226	9.6584	9.9356	8.786	9.997	10.336	10.113	10.058	9.803	9.784	10.06	10.14	9.681	9.375	10.017	10.04	9.693	9.851	9.961	10.013	10.031	10.072	10.067
HG03045	9.8264	9.8073	10.0887	10.407	10.223	10.183	10.326	10.075	10.384	10.058	9.976	9.98	10.344	10.475	10.09	10.155	10.338	9.95	10.089	10.056	10.139	9.954	9.089
HG03046	9.8019	9.7837	10.0644	9.838	9.446	9.909	10.148	10.148	10.222	9.938	10.176	9.535	10.073	10.557	10.391	10.269	10.45	9.921	10.13	9.956	10.149	10.094	9.966
HG03047	9.7927	9.8027	10.084	10.388	9.426	10.093	10.34	10.104	10.214	10.349	9.861	10.171	10.282	10.379	10.067	10.116	9.954	10.101	9.944	9.853	10.115	10.189	9.354
HG03048	9.7321	9.7208	9.9998	10.184	10.215	10.226	10.031	10.205	10.044	9.965	9.642	10.018	9.978	10.409	10.04	9.727	10.024	9.898	9.969	9.928	10.045	9.821	10.069
HG03049	9.9593	9.9595	10.2453	10.782	10.213	10.007	10.398	10.368	10.191	10.266	10.16	10.138	10.345	9.979	10.262	10.552	10.104	9.997	10.042	10.005	10.322	10.23	10.435
HG03050	9.817	9.8035	10.0848	9.962	10.139	9.961	10.173	10.083	10.055	10.227	9.834	10.083	10.094	10.164	10.162	9.923	10.143	10.086	9.996	10.036	10.006	10.289	10.436
HG03052	9.6443	9.6416	9.9183	9.151	10.078	9.982	9.867	9.726	9.953	9.995	9.93	9.543	9.754	9.581	9.924	10.025	10.014	10.015	10.007	9.876	9.81	10.018	10.317
HG03054	9.7139	9.7372	10.0166	8.801	10.021	10.489	10.148	10.082	10.057	9.48	10.201	9.964	9.887	10.357	9.98	10.166	9.878	10.029	10.209	9.978	10.059	9.907	10.03
HG03055	9.7299	9.7704	10.0508	9.251	10.148	9.954	10.251	10.347	10.029	10.172	9.87	9.957	9.912	8.888	9.88	10.157	10.205	10.085	10.059	10.184	9.96	9.785	10.043
HG03056	9.6936	9.7774	10.0579	8.322	9.976	10.055	10.097	10.159	10.016	10.001	10.072	10.081	9.898	9.983	9.794	10.121	9.817	9.963	10.023	9.901	9.972	10.177	10.041
HG03057	9.6554	9.6588	9.9359	9.876	10.344	9.866	9.898	10.167	10.052	10.011	10.004	9.733	10.164	10.291	9.847	9.916	9.753	9.901	9.904	9.84	9.756	9.753	10.079
HG03058	9.7439	9.7418	10.0213	9.59	10.096	10.209	10.069	10.043	9.941	9.867	10.04	9.542	10.068	10.24	10.001	10.049	9.842	9.941	10.115	10.095	10.045	10.163	10.147
HG03060	10.3708	10.4152	10.714	9.14	9.869	9.693	9.917	9.905	10.145	10.15	9.888	10.984	10.722	11.081	11.943	11.607	11.795	11.362	10.778	10.883	10.86	10.991	10.563
HG03061	9.8525	9.8784	10.1618	9.329	10.012	9.998	10.269	10.29	10.2	10.054	10.097	9.931	10.145	10.545	10.249	10.197	10.265	10.006	10.175	10.267	10.218	9.945	10.297
HG03063	9.9597	10.0056	10.2927	8.77	10.155	10.01	10.024	10.222	10.266	10.437	10.355	10.253	10.069	9.811	10.617	10.34	10.2	10.201	10.392	10.105	10.345	10.281	10.211
HG03064	9.8305	9.8471	10.1297	9.301	10.013	10.421	10.102	10.089	10.295	10.273	9.938	10.027	10.118	10.356	10.281	9.943	10.168	10.004	10.227	10.146	10.174	10.277	10.005
HG03065	9.9108	9.9571	10.2429	8.689	10.67	10.138	10.482	10.341	10.183	10.088	10.223	9.964	10.123	9.93	10.435	10.216	10.446	10.141	10.43	9.882	10.248	10.291	10.159
HG03066	9.6722	9.6428	9.9194	11.769	9.943	9.859	9.933	9.911	9.543	9.618	10.247	9.653	10.021	8.655	10.207	9.866	9.847	9.702	10.109	9.996	9.993	10.058	9.864
HG03069	9.7385	9.701	9.9793	9.458	9.96	9.947	10.102	10.184	9.829	10.199	10.22	9.756	10.132	10.222	9.886	9.805	9.912	10.272	9.927	10.0	10.137	10.019	9.886
HG03072	9.4016	9.4254	9.6959	8.455	9.586	9.656	9.556	9.855	9.742	9.745	9.685	9.524	9.75	9.362	9.784	9.587	9.827	9.777	9.654	9.75	9.695	9.657	9.828
HG03073	9.6946	9.7222	10.0012	9.822	10.026	9.63	9.831	9.929	9.852	10.007	10.084	10.212	10.077	9.399	10.078	9.94	10.014	9.901	9.989	9.949	9.901	10.185	10.251
HG03074	9.7687	9.7315	10.0107	9.927	10.221	10.108	10.227	9.935	10.179	10.132	9.925	10.184	9.988	10.399	10.02	10.025	9.982	10.086	9.811	9.991	9.937	10.051	10.109
HG03077	9.8928	9.9463	10.2317	8.965	9.367	10.283	10.306	10.282	10.22	10.143	9.795	10.269	10.255	10.392	10.223	10.19	10.001	10.237	10.243	10.181	10.218	10.226	10.591
HG03078	9.6653	9.6581	9.9352	9.675	10.062	9.849	9.968	9.75	9.987	9.908	10.06	9.673	9.966	10.401	9.824	9.571	10.151	9.913	9.857	10.031	9.951	10.108	9.919
HG03079	9.7878	9.7898	10.0707	9.448	10.101	9.927	10.092	10.257	10.212	10.293	9.807	9.817	10.109	10.469	10.027	9.893	10.131	9.894	10.048	10.082	10.209	9.885	10.055
HG03081	9.7584	9.7449	10.0245	10.45	9.248	10.448	9.999	10.016	10.041	10.038	9.988	9.918	9.936	10.407	9.803	9.884	9.975	9.834	10.123	9.87	10.004	10.15	10.232
HG03082	8.6506	8.7194	8.9696	8.314	9.236	8.787	9.107	9.011	8.935	9.012	8.935	9.14	8.961	8.407	8.998	8.846	8.75	8.821	8.991	8.794	8.896	8.762	8.991
HG03084	9.7395	9.7769	10.0574	9.787	10.576	9.97	10.148	9.979	10.125	10.072	10.234	9.768	9.947	10.436	10.019	9.951	9.796	9.929	9.941	10.076	9.903	9.963	10.218
HG03085	9.6658	9.6906	9.9686	9.866	9.424	10.179	9.835	9.986	10.066	10.016	9.881	9.995	10.196	10.329	9.924	10.0	9.942	9.623	10.009	9.953	9.78	10.251	10.014
HG03086	9.6046	9.6611	9.9384	9.159	9.452	10.299	9.768	10.302	9.813	9.982	10.07	9.781	9.824	9.286	9.967	10.008	10.207	9.781	10.046	9.947	9.814	9.894	10.033
HG03088	9.8926	9.9129	10.1973	9.323	10.08	10.327	10.019	10.123	10.194	10.283	10.368	9.731	10.276	10.349	10.102	10.478	10.294	10.165	10.113	10.181	10.153	10.34	10.043
HG03091	8.8727	8.9149	9.1707	8.929	8.833	8.953	9.249	9.346	9.239	8.881	9.13	9.153	9.135	8.601	9.106	9.123	9.191	9.247	9.049	9.239	8.955	9.316	9.222
HG03095	9.9585	9.9508	10.2363	10.233	10.324	10.15	10.256	10.354	10.416	10.25	10.054	9.512	10.359	10.384	10.416	10.004	10.11	10.275	10.144	10.001	10.315	10.229	10.506
HG03096	9.6869	9.7051	9.9836	9.196	9.829	9.78	9.685	10.039	10.141	10.039	10.028	9.907	10.136	10.128	10.191	9.931	10.072	10.147	10.045	9.765	10.109	9.831	10.036
HG03097	9.7719	9.7935	10.0745	11.821	9.777	9.991	10.134	10.226	10.391	10.212	10.103	10.187	10.096	9.678	9.172	9.387	8.993	9.124	9.589	10.231	10.135	10.121	10.258
HG03098	10.0845	10.0747	10.3637	10.714	9.746	10.478	10.328	10.548	10.042	10.433	10.409	9.885	10.611	10.592	10.526	10.863	10.377	10.483	10.125	10.276	10.306	10.329	10.457
HG03099	9.8508	9.893	10.1769	8.697	10.158	10.253	10.273	10.36	10.01	10.251	10.193	10.053	10.238	10.424	10.017	9.987	10.297	10.228	10.017	10.314	10.222	10.14	10.065
HG03100	9.6855	9.6862	9.9642	9.559	10.149	10.063	9.712	10.043	9.871	9.954	9.715	9.963	9.943	10.172	9.835	9.873	10.263	10.012	9.865	10.128	10.201	9.946	9.831
HG03101	9.7217	9.7627	10.0428	9.338	9.905	9.76	10.383	9.874	10.04	10.232	10.12	9.589	10.1	10.315	9.731	9.997	9.852	10.199	9.974	10.15	10.076	10.086	10.132
HG03103	9.6073	9.6541	9.9311	9.179	10.228	10.086	9.835	9.971	10.05	9.936	9.815	9.853	9.85	7.694	10.183	9.889	10.222	9.833	9.981	9.957	10.033	9.849	9.717
HG03105	9.6398	9.708	9.9865	9.652	9.138	10.003	9.723	9.965	9.937	9.649	9.957	10.058	9.889	9.4	10.265	10.063	9.988	9.808	10.07	10.028	10.076	9.943	9.962
HG03108	9.7461	9.8235	10.1054	8.409	10.379	10.184	10.14	10.163	10.02	10.007	9.815	9.937	10.006	10.424	10.166	10.069	10.255	9.869	10.093	10.014	10.071	10.062	10.092
HG03109	9.5215	9.552	9.8261	9.758	9.715	9.836	9.843	9.573	9.971	9.835	9.931	9.61	9.834	9.517	9.975	9.66	9.927	9.913	9.893	9.672	9.742	9.832	9.783
HG03110	9.7294	9.7471	10.0268	9.962	9.704	10.456	10.216	10.235	10.269	9.963	9.982	9.902	10.211	9.403	10.002	10.044	10.118	9.905	9.929	9.878	10.175	10.113	9.98
HG03111	9.8361	9.812	10.0935	10.014	10.762	10.058	10.176	10.341	10.024	10.153	10.117	9.81	10.069	10.625	10.167	9.966	10.081	9.914	10.196	10.124	10.253	10.001	9.961
HG03112	9.7656	9.7586	10.0386	9.472	9.325	9.813	10.16	9.927	10.023	9.997	9.887	10.46	10.251	10.311	10.196	9.801	9.985	9.982	10.103	10.335	10.088	10.126	10.086
HG03113	9.7904	9.8074	10.0888	9.69	9.985	10.36	10.382	9.993	10.058	10.1	10.052	10.243	10.117	10.563	9.767	10.118	9.776	9.819	10.078	10.159	10.075	10.079	10.286
HG03114	9.7281	9.7156	9.9944	9.881	10.196	9.962	9.993	10.296	9.969	9.939	9.902	9.851	10.146	10.767	10.225	10.026	9.544	10.201	10.133	9.899	9.85	9.802	9.829
HG03115	9.6531	9.6299	9.9063	9.842	10.153	9.952	10.049	9.68	9.763	9.87	10.019	9.749	10.031	10.145	10.035	9.84	9.804	10.209	9.868	9.902	10.039	10.31	9.824
HG03116	9.6547	9.681	9.9588	9.055	10.148	9.759	10.044	9.942	10.028	9.933	10.05	9.782	10.019	10.322	9.937	9.821	9.904	9.935	9.814	9.883	10.25	9.909	9.951
HG03117	9.5728	9.5894	9.8646	8.585	10.002	10.144	10.072	9.843	9.973	9.578	9.711	9.83	9.799	10.229	9.93	9.894	9.837	10.064	9.843	9.828	9.683	9.823	9.964
HG03118	9.6806	9.6535	9.9305	9.795	10.124	10.128	10.331	9.866	9.761	9.819	9.98	10.161	9.833	9.631	9.994	10.026	9.887	9.749	10.09	9.827	10.113	10.117	10.009
HG03119	9.6879	9.705	9.9835	9.29	10.458	9.786	9.922	10.293	9.856	9.445	10.127	9.966	9.996	10.391	10.05	10.382	9.962	10.185	9.925	9.913	9.902	10.126	9.907
HG03120	9.6818	9.707	9.9855	10.151	10.208	9.662	9.844	9.998	9.852	10.004	9.937	9.763	10.064	8.281	10.324	9.794	10.079	9.908	10.127	9.921	10.132	9.992	9.915
HG03121	9.8928	9.951	10.2365	9.371	9.434	10.494	10.234	10.234	10.159	10.069	10.207	10.052	10.44	10.372	10.485	10.357	10.072	10.361	10.13	10.409	10.196	10.163	10.232
HG03122	9.7726	9.8143	10.0959	9.36	9.103	10.25	10.12	10.341	9.825	10.113	9.955	10.242	10.244	9.597	9.98	9.892	10.134	10.0	10.162	10.171	10.18	10.133	10.23
HG03123	9.7245	9.7195	9.9984	10.028	9.334	9.705	9.683	10.286	10.052	10.231	9.864	10.136	10.129	10.469	10.229	10.012	10.117	9.812	9.829	9.828	9.887	9.982	10.065
HG03124	9.5962	9.627	9.9032	10.522	9.356	9.853	10.036	9.967	9.713	9.998	9.86	9.812	9.768	8.457	10.059	9.828	9.719	10.035	9.872	10.014	9.677	9.904	9.824
HG03125	9.8074	9.8128	10.0944	10.139	9.738	10.527	10.206	10.186	10.146	10.295	10.085	10.0	9.881	9.021	10.57	10.111	10.002	10.056	10.089	10.044	10.164	10.083	10.108
HG03126	9.7349	9.7248	10.0039	10.499	9.688	10.014	10.008	9.994	10.062	10.079	10.053	9.707	10.179	9.722	10.052	10.228	9.984	9.957	9.88	9.957	10.03	9.968	10.008
HG03127	9.7054	9.732	10.0112	9.132	10.669	9.692	10.064	10.025	10.067	9.925	9.771	9.849	10.036	9.522	10.161	10.005	10.182	10.085	10.135	9.853	10.058	9.805	10.1
HG03128	9.6879	9.6877	9.9657	8.685	9.934	9.731	10.156	9.86	9.91	10.229	10.112	9.736	9.963	10.37	10.092	9.913	9.937	9.797	10.09	9.97	10.123	9.931	10.046
HG03129	9.3798	9.4439	9.7149	7.553	9.206	9.503	9.803	9.712	9.471	9.719	9.543	9.38	9.813	9.391	10.155	9.758	9.592	9.77	9.74	9.709	9.619	9.768	9.94
HG03130	9.6622	9.6686	9.9461	9.426	9.827	10.017	10.152	9.961	10.049	10.067	9.68	9.94	9.99	10.516	9.989	10.018	9.89	9.751	9.913	9.765	10.036	9.823	9.942
HG03131	9.8221	9.8891	10.1729	8.779	9.998	10.156	10.202	10.188	10.17	10.193	9.794	10.386	10.3	9.56	10.302	10.095	10.138	9.913	10.1	10.155	10.146	10.141	10.458
HG03132	9.017	9.0543	9.3141	8.274	10.361	9.952	9.65	9.534	9.978	9.983	9.844	9.936	10.108	9.361	9.115	8.795	8.984	8.986	8.753	9.131	8.916	8.92	9.085
HG03133	9.7695	9.8046	10.0859	9.915	10.452	9.871	10.069	10.0	9.944	10.28	9.831	10.064	9.927	10.304	10.359	10.01	10.085	9.99	10.079	10.058	10.058	10.098	9.814
HG03134	9.1501	9.1248	9.3867	9.235	10.187	10.079	9.85	9.902	9.854	10.26	9.907	9.884	10.115	9.255	9.251	9.106	8.995	8.912	8.969	9.064	9.014	8.958	9.03
HG03135	9.7219	9.7729	10.0533	9.254	9.572	10.073	10.175	10.084	10.205	10.038	10.117	9.946	10.241	10.319	10.196	9.889	9.864	9.967	9.916	9.814	10.211	10.077	9.975
HG03136	9.6617	9.6685	9.946	9.467	9.975	10.206	9.985	9.676	10.04	9.994	9.44	9.726	9.947	9.838	10.127	9.837	10.049	10.12	10.089	9.879	10.162	9.919	9.898
HG03137	9.514	9.5627	9.8371	9.107	10.407	9.914	10.223	10.001	9.595	10.012	9.726	9.621	9.773	9.362	10.093	9.695	9.914	9.843	9.669	9.576	9.826	9.645	9.835
HG03139	9.6243	9.5828	9.8578	10.227	9.811	10.13	9.832	9.759	9.778	9.666	9.959	9.85	9.851	10.154	10.203	9.891	9.823	9.833	9.71	9.814	9.903	10.026	10.01
HG03157	8.8125	8.8093	9.0621	8.836	8.559	8.763	8.871	9.141	9.113	9.201	9.162	9.13	9.008	9.41	9.081	8.982	9.113	9.07	8.996	9.092	9.07	9.072	9.096
HG03159	9.6378	9.6615	9.9387	9.065	10.02	9.54	9.959	9.873	10.014	10.204	9.819	9.681	10.171	9.613	10.231	9.998	9.721	9.864	9.846	10.006	9.915	10.133	9.952
HG03160	9.8873	9.9106	10.1949	10.567	10.388	10.128	10.339	10.171	9.963	10.214	9.964	10.077	10.204	10.199	9.907	10.087	10.218	10.257	10.018	10.048	10.148	10.12	10.503
HG03161	9.9102	9.9881	10.2747	8.616	9.754	10.159	10.493	10.491	10.013	10.501	10.56	10.188	10.11	10.261	10.414	10.15	9.986	10.279	10.249	10.102	10.308	10.361	10.217
HG03162	9.7488	9.7887	10.0696	9.091	9.415	9.925	10.058	10.054	10.017	10.102	10.249	10.002	10.312	10.178	10.073	10.075	10.078	9.992	10.178	9.893	10.079	9.945	10.001
HG03163	9.6903	9.7658	10.046	9.193	9.7	10.15	9.927	10.144	10.1	9.978	9.936	10.137	9.849	10.114	9.953	10.092	9.82	9.913	10.116	9.879	9.802	10.332	10.182
HG03164	9.8206	9.8562	10.1391	8.902	9.29	10.201	10.632	10.116	10.138	10.254	10.152	9.862	10.053	10.519	10.01	10.262	10.184	10.043	10.139	9.802	10.159	10.181	10.347
HG03166	9.7256	9.7185	9.9974	10.111	9.939	10.228	9.851	9.995	9.992	9.974	9.945	9.632	10.125	10.263	9.675	9.934	9.877	9.907	10.075	9.826	9.945	10.108	10.351
HG03168	9.689	9.7911	10.072	7.427	9.573	9.941	10.205	9.904	10.418	10.079	9.978	10.099	10.028	9.451	9.925	10.142	10.096	9.987	10.029	9.503	10.01	10.26	10.288
HG03169	9.6717	9.7241	10.0032	8.991	9.642	10.404	10.011	9.927	10.224	9.925	10.133	9.645	10.004	9.654	10.163	10.045	9.951	9.922	9.909	9.766	9.965	10.133	10.093
HG03170	9.7932	9.8585	10.1414	8.028	10.197	10.3	10.095	10.431	10.22	10.026	10.09	9.829	9.94	10.224	10.3	10.16	10.052	10.152	10.033	9.529	10.053	10.428	10.362
HG03172	9.7327	9.7263	10.0053	9.543	10.502	9.987	10.152	10.18	10.234	10.26	10.012	9.815	10.293	9.584	10.282	10.026	9.893	9.883	9.971	9.89	9.847	10.075	10.274
HG03175	9.6439	9.6936	9.9718	8.026	10.165	10.162	9.933	10.205	9.759	9.998	9.641	9.601	10.057	10.456	9.667	9.806	9.761	9.89	10.066	9.894	10.032	9.631	10.112
HG03189	9.6894	9.7228	10.0017	9.742	9.645	10.062	10.165	10.065	10.106	9.682	9.865	9.869	10.04	9.372	10.091	9.859	9.969	9.825	9.913	9.963	10.11	10.049	10.265
HG03190	9.755	9.7465	10.0262	10.111	9.968	9.715	9.985	10.222	10.198	10.123	10.0	10.021	10.13	10.046	9.9	9.911	9.985	10.167	10.121	9.81	10.002	9.907	10.059
HG03191	10.1536	10.1729	10.4648	10.624	9.887	10.047	10.536	10.467	10.519	9.918	10.873	10.384	10.026	10.908	10.547	10.714	10.644	10.387	10.355	10.297	10.248	10.312	10.599
HG03193	9.6872	9.6618	9.939	10.253	9.995	9.895	9.601	9.836	10.081	10.001	10.074	9.597	9.985	10.049	9.935	9.938	10.057	9.792	10.036	9.879	9.966	10.039	9.992
HG03195	9.5769	9.5881	9.8633	9.722	9.548	9.817	9.841	9.87	9.875	9.95	9.72	9.47	10.147	10.384	9.942	10.063	9.661	9.865	9.782	9.835	9.82	9.842	9.974
HG03196	9.6108	9.6574	9.9345	8.991	9.282	9.906	10.095	9.995	9.828	9.71	10.064	9.568	10.04	9.891	9.804	10.25	9.915	9.956	9.879	10.019	10.017	10.246	9.831
HG03197	9.8098	9.8402	10.1225	10.243	8.318	9.846	10.238	10.073	9.855	9.824	10.031	10.106	10.34	9.779	10.118	10.193	10.078	10.173	10.157	9.974	10.258	10.2	10.321
HG03198	9.8962	9.9357	10.2208	9.461	9.173	10.327	10.207	10.351	10.345	10.182	10.485	10.327	10.106	10.016	10.157	10.15	10.011	10.206	10.285	10.316	10.427	10.19	10.325
HG03199	9.478	9.4549	9.7262	10.097	9.78	9.714	9.617	9.768	9.804	9.75	9.847	9.632	9.684	9.41	9.909	9.833	9.756	9.688	9.575	9.607	9.752	9.768	9.913
HG03200	9.7056	9.7312	10.0104	9.779	9.64	10.048	9.976	9.984	10.001	10.193	10.43	10.097	9.665	9.3	10.233	9.967	9.798	10.059	10.017	9.943	10.162	9.852	10.488
HG03202	9.7544	9.8387	10.121	7.952	9.93	9.862	10.115	10.077	10.021	10.139	10.136	10.5	10.113	8.368	9.969	10.429	10.182	10.01	10.082	9.99	10.197	10.099	10.422
HG03209	9.7236	9.7043	9.9827	10.535	9.779	10.317	10.087	10.11	10.036	10.122	9.911	9.917	9.861	10.126	9.993	9.948	9.967	9.907	9.945	9.812	10.102	9.862	10.016
HG03212	9.6719	9.6615	9.9388	10.027	8.725	10.347	9.835	10.102	10.118	9.961	9.875	9.844	9.847	9.384	10.137	9.909	10.006	9.89	9.967	9.936	9.969	10.037	9.786
HG03224	8.7035	8.7343	8.985	8.329	9.406	8.943	8.681	9.143	8.856	9.103	8.935	9.094	9.28	9.058	8.963	8.829	9.123	8.952	8.952	8.903	8.881	8.86	8.974
HG03225	9.6213	9.6876	9.9656	6.073	9.395	10.09	10.1	9.897	10.017	10.002	9.782	9.782	9.907	10.32	10.056	9.959	9.757	9.727	9.947	10.045	10.069	10.019	10.22
HG03228	9.6971	9.7393	10.0187	9.593	10.561	10.009	10.201	10.01	10.106	9.752	9.644	10.415	9.767	8.635	10.124	9.872	9.76	9.641	10.121	9.982	9.971	10.194	10.328
HG03229	9.7119	9.7698	10.0501	8.807	10.204	9.864	10.157	9.929	10.125	10.106	10.286	9.932	9.8	9.429	10.036	9.974	10.064	10.149	9.92	10.08	10.132	10.165	10.092
HG03230	9.7057	9.7109	9.9896	8.325	10.072	9.756	10.126	10.065	9.849	10.11	10.168	9.737	10.117	9.688	10.083	10.208	9.962	9.969	10.045	9.933	9.847	10.151	10.188
HG03234	9.7319	9.7794	10.06	10.179	9.979	10.229	9.869	10.108	10.156	10.121	10.048	9.856	9.939	8.517	10.064	9.917	10.037	10.041	10.129	9.947	10.132	9.942	10.038
HG03235	9.5371	9.567	9.8415	9.315	9.501	9.814	9.949	10.023	9.95	9.764	9.873	9.959	9.693	8.866	9.742	9.894	9.699	9.727	10.059	9.815	9.94	9.937	9.922
HG03236	9.7354	9.7529	10.0328	10.588	10.086	10.243	10.189	10.035	9.936	9.955	10.202	9.856	9.744	7.643	9.732	9.849	9.83	10.184	9.805	10.17	10.09	9.898	10.088
HG03237	9.6773	9.6696	9.9471	10.2	10.005	9.874	9.901	9.93	9.781	9.854	9.679	9.904	9.953	10.304	9.886	10.048	9.93	9.909	9.731	10.071	9.986	10.182	10.004
HG03238	9.7254	9.7056	9.9841	10.627	10.07	9.921	9.872	9.913	10.069	10.243	10.048	9.917	10.123	10.258	9.928	9.483	10.099	9.892	9.9	9.86	9.808	9.984	10.076
HG03239	9.6553	9.5767	9.8515	11.059	9.674	9.861	9.981	9.722	9.75	10.042	10.075	10.16	9.628	10.338	9.612	9.937	9.937	9.692	9.723	9.938	9.848	9.938	10.076
HG03240	9.5539	9.5978	9.8732	9.728	9.859	10.104	10.206	9.586	9.628	9.86	9.64	10.233	9.772	7.646	9.925	9.965	9.9	9.908	10.036	9.799	9.942	9.843	9.867
HG03241	9.8588	9.8786	10.1621	9.315	10.441	10.074	10.267	10.422	10.318	9.996	10.24	10.058	10.186	9.894	10.199	10.157	10.04	10.11	10.18	10.011	10.3	10.054	10.176
HG03242	9.7299	9.7321	10.0114	10.635	10.424	10.456	10.443	10.048	9.994	9.939	10.021	10.032	9.914	8.663	10.183	9.918	9.875	10.006	9.896	9.991	10.022	10.05	9.966
HG03246	9.6028	9.6876	9.9656	8.701	9.207	10.044	9.985	9.925	9.988	9.96	10.029	10.206	9.835	9.508	9.989	9.97	9.899	9.896	9.74	10.068	9.979	10.166	9.856
HG03247	9.8807	9.7904	10.0713	10.832	10.476	10.359	10.366	10.341	10.019	10.009	9.983	9.954	10.299	10.652	10.306	10.04	9.741	9.695	10.085	10.156	10.036	10.093	10.248
HG03248	9.7127	9.7727	10.0532	9.615	9.319	10.04	9.928	10.15	9.929	10.109	10.143	10.057	10.12	9.688	10.308	9.815	10.17	10.069	9.971	9.915	9.78	10.064	10.205
HG03249	9.8026	9.8496	10.1322	8.489	9.975	10.001	10.204	10.21	10.122	9.852	10.134	10.099	9.826	8.522	10.201	9.859	10.08	10.22	10.072	10.091	10.03	11.839	12.232
HG03250	9.6338	9.6324	9.9088	8.598	8.799	10.198	9.954	10.268	10.057	9.701	10.067	9.574	10.031	10.292	9.75	9.831	9.912	9.88	10.257	9.882	10.189	10.19	9.91
HG03251	9.766	9.7866	10.0674	8.733	10.329	9.944	10.008	10.028	10.049	10.047	10.126	10.039	10.084	9.338	10.179	10.018	10.159	9.908	9.951	9.83	9.921	11.726	11.868
HG03258	9.5647	9.5866	9.8616	9.764	9.85	9.74	9.911	9.693	9.945	9.928	9.534	9.539	9.614	9.358	9.98	9.995	9.863	9.868	9.962	9.852	9.853	9.928	9.825
HG03259	9.5743	9.5633	9.8377	10.134	9.629	9.854	10.108	9.854	9.903	9.938	10.047	9.977	9.948	10.098	9.878	9.642	9.745	9.74	10.072	9.555	9.81	9.658	9.753
HG03260	9.9043	9.8831	10.1667	10.326	9.424	10.451	10.128	10.128	10.31	10.088	10.2	10.12	10.411	9.787	10.363	10.235	10.186	10.307	10.141	10.064	10.32	10.288	10.146
HG03265	9.6716	9.6773	9.955	9.364	10.165	9.98	9.702	9.9	10.16	9.887	10.311	9.741	10.015	10.19	9.74	9.719	10.294	10.103	9.987	9.822	10.011	9.902	10.186
HG03267	9.8945	9.8636	10.1466	9.953	10.15	10.158	10.089	10.198	10.27	10.338	10.19	10.369	9.928	10.513	10.271	9.949	10.184	10.176	10.068	9.842	10.257	10.103	10.54
HG03268	9.6437	9.6948	9.973	8.748	9.839	10.06	9.958	9.956	9.912	9.899	9.938	10.15	9.932	10.444	9.867	10.078	9.888	9.796	9.966	9.851	9.934	10.124	9.873
HG03269	9.5855	9.6382	9.9148	8.742	10.174	10.191	10.267	9.953	9.722	9.868	9.785	10.021	9.75	10.218	10.052	9.909	9.741	9.972	9.891	9.825	9.755	9.823	10.011
HG03270	9.6743	9.7102	9.9888	9.11	9.891	9.765	9.779	10.11	10.052	10.133	9.86	9.86	9.948	9.63	10.068	10.091	9.975	9.932	9.946	9.819	10.112	9.997	10.144
HG03271	9.6027	9.6159	9.8918	9.767	9.795	9.598	9.826	10.089	10.022	10.26	10.005	9.816	9.896	8.678	9.98	9.814	9.918	9.677	10.004	9.852	9.889	9.856	9.892
HG03272	9.6099	9.6434	9.9201	9.566	10.041	10.209	10.213	10.174	10.043	9.872	9.76	10.09	9.708	9.346	10.024	9.695	9.779	9.927	9.825	9.971	9.886	9.697	9.914
HG03279	9.807	9.8055	10.0869	9.914	9.901	9.824	9.974	10.252	10.218	9.639	10.146	9.946	10.402	10.011	10.346	10.216	10.257	9.935	10.384	10.105	10.004	9.91	10.308
HG03280	9.6524	9.6146	9.8905	7.761	10.111	9.668	9.96	10.207	9.993	9.965	10.018	9.752	9.69	10.25	9.805	9.845	10.059	9.843	10.111	9.895	9.924	9.962	9.968
HG03291	9.7871	9.7907	10.0716	9.397	9.743	10.196	10.004	10.414	9.876	9.921	10.002	10.45	10.036	10.319	10.172	10.254	10.055	10.051	10.093	10.31	10.157	9.919	9.951
HG03294	10.2483	10.2745	10.5694	8.025	9.469	10.248	9.555	9.926	9.741	10.008	9.865	11.27	10.961	10.6	12.092	11.778	11.997	11.595	10.663	10.835	10.792	10.35	10.847
HG03295	9.6371	9.6284	9.9046	10.108	10.752	9.633	9.632	9.608	9.743	9.961	9.872	9.884	10.026	10.089	10.005	9.518	9.892	10.153	9.918	9.696	10.005	9.974	10.003
HG03296	10.6049	10.7271	11.0349	9.507	10.273	10.257	10.263	10.339	10.295	10.394	10.191	11.252	10.885	10.984	12.239	11.996	11.826	12.02	11.036	11.262	11.145	11.262	10.916
HG03297	9.5626	9.5929	9.8681	10.321	9.823	9.993	9.713	9.721	10.17	9.927	10.019	9.651	9.611	7.408	9.916	9.883	9.855	9.747	9.692	10.032	9.716	9.73	9.877
HG03298	9.8041	9.7995	10.0807	9.918	10.239	9.972	10.235	9.919	10.037	10.156	10.094	9.978	10.024	10.59	10.126	10.152	9.833	9.979	10.115	10.169	10.175	10.18	10.192
HG03299	9.7725	9.7534	10.0333	10.52	10.229	9.92	10.057	10.159	9.952	10.275	9.917	9.818	10.132	8.57	10.069	9.807	9.916	10.24	9.929	10.062	10.142	9.952	10.147
HG03300	9.5762	9.6064	9.882	9.313	10.371	10.167	10.064	10.111	9.882	9.841	9.744	10.005	9.713	8.463	10.043	9.86	10.018	9.869	9.814	9.666	9.882	9.806	10.104
HG03301	9.623	9.6407	9.9173	9.462	9.989	9.775	10.046	9.758	10.143	10.073	10.048	9.74	9.893	8.654	10.188	9.796	10.022	9.907	10.098	9.853	9.95	9.781	9.866
HG03302	9.79	9.7815	10.0621	10.341	9.862	10.066	10.307	10.344	10.204	10.083	9.977	9.985	9.919	9.093	10.051	10.218	10.076	10.07	10.04	9.887	9.993	10.432	10.064
HG03303	9.6175	9.6434	9.9201	9.8	10.249	9.849	9.742	9.99	9.934	9.798	9.696	10.028	9.822	9.294	10.048	10.367	9.679	9.922	9.954	10.125	9.922	9.928	9.892
HG03304	9.7051	9.7526	10.0325	9.434	10.282	10.089	10.006	10.079	9.933	10.14	10.047	10.256	9.868	9.712	9.909	9.87	9.781	9.98	10.146	10.03	10.114	10.059	10.032
HG03305	9.6808	9.7065	9.985	9.052	10.398	9.884	10.378	10.011	9.962	9.866	10.055	9.912	9.982	9.487	9.973	10.259	10.046	10.076	9.874	9.934	10.033	10.014	10.051
HG03306	9.7223	9.7701	10.0504	9.085	9.954	9.945	10.293	10.07	10.035	10.072	10.111	10.037	10.034	9.028	9.829	10.023	10.058	10.264	9.986	10.166	9.948	10.048	9.987
HG03307	9.6824	9.7026	9.981	9.696	9.253	10.086	10.117	9.94	10.019	9.958	10.322	9.944	9.92	8.625	10.179	9.985	9.963	10.067	10.081	10.087	10.078	9.93	9.773
HG03308	9.8151	9.8861	10.1698	8.871	10.021	9.891	10.366	10.423	10.267	10.109	10.191	9.861	10.101	8.654	10.093	9.991	9.846	10.394	10.021	10.276	10.098	10.135	10.319
HG03309	9.749	9.7756	10.0561	10.161	10.06	9.897	9.867	10.155	10.0	10.353	10.109	9.522	10.073	10.491	9.994	9.936	10.209	9.943	9.928	10.127	9.802	9.967	10.137
HG03310	9.7803	9.8192	10.1009	8.761	10.402	10.204	10.331	10.116	10.347	10.112	10.298	10.096	10.266	10.34	10.031	10.016	9.757	10.213	9.976	10.266	9.895	9.881	9.814
HG03311	9.7687	9.8119	10.0934	7.472	10.54	10.431	10.138	10.117	10.006	9.992	10.118	9.838	9.922	10.488	10.313	9.789	9.989	10.142	10.119	10.074	10.041	10.17	9.882
HG03312	9.7495	9.7532	10.0331	10.036	10.127	9.591	10.099	10.064	9.92	9.874	10.198	9.489	10.075	9.503	9.929	10.006	10.058	10.009	10.015	10.273	10.094	10.069	10.077
HG03313	9.737	9.8158	10.0974	8.923	10.254	10.095	9.87	10.168	10.15	10.012	10.154	9.909	10.157	8.608	10.365	9.87	9.936	9.889	9.945	10.142	10.229	10.106	10.07
HG03314	9.6004	9.655	9.932	9.249	10.399	10.674	9.746	9.944	9.876	9.752	10.025	9.892	9.813	7.564	9.77	9.954	9.754	10.049	9.935	9.731	9.899	9.949	10.104
HG03342	9.7126	9.7659	10.0462	8.969	9.12	9.962	10.017	9.935	10.249	10.251	9.813	9.586	10.035	10.114	10.074	10.009	10.189	10.167	10.054	9.965	10.097	9.822	10.244
HG03343	9.8043	9.8251	10.107	9.521	10.496	9.9	10.121	10.073	10.167	10.115	9.95	10.274	10.209	8.937	10.176	10.063	10.154	10.059	10.024	10.161	9.984	10.099	10.207
HG03344	9.6949	9.6979	9.9761	9.922	9.894	9.906	9.991	9.775	9.899	10.274	9.74	9.912	9.932	10.384	9.925	10.013	9.745	9.971	9.89	9.85	10.141	10.031	10.213
HG03350	9.738	9.7854	10.0662	9.18	9.574	10.656	10.178	10.175	10.121	10.109	9.889	10.062	10.177	10.252	10.334	10.195	10.014	9.958	9.82	10.031	10.01	10.086	10.007
HG03351	9.6638	9.7761	10.0567	9.212	10.245	9.891	9.845	9.98	10.103	9.919	10.111	10.054	9.985	8.838	10.318	9.772	9.889	10.056	10.125	9.865	10.085	9.931	10.159
HG03352	9.6912	9.6822	9.96	7.864	9.528	9.586	10.153	9.939	10.228	10.091	9.97	10.061	10.071	9.635	9.989	10.029	9.956	10.055	9.969	9.903	10.04	9.944	10.156
HG03354	9.9498	9.9351	10.2202	9.893	10.067	9.921	10.493	10.174	10.355	10.322	10.121	9.844	10.232	10.871	10.332	10.041	10.131	10.12	10.135	10.363	10.241	10.079	10.208
HG03363	9.6302	9.7221	10.0011	8.794	9.516	10.036	9.79	10.022	10.153	10.066	10.006	10.003	9.952	9.507	10.082	9.859	9.822	9.702	10.013	9.977	10.035	9.98	10.158
HG03366	9.5842	9.6029	9.8784	9.747	10.44	9.515	9.75	9.882	10.122	9.738	9.905	9.848	9.84	10.131	9.607	9.601	9.759	9.787	9.762	9.838	9.998	9.924	10.004
HG03367	9.4889	9.4943	9.7667	9.267	9.79	9.982	9.67	9.839	9.831	10.061	9.744	9.579	9.73	9.424	10.033	9.749	9.67	9.743	9.862	9.922	9.732	9.61	9.841
HG03368	9.7435	9.685	9.9629	10.653	10.399	10.101	10.04	10.065	10.007	9.752	10.056	9.983	9.824	9.385	10.077	9.657	10.189	10.061	10.007	10.058	9.847	10.184	9.83
HG03369	9.7237	9.749	10.0287	9.383	10.114	10.236	9.997	10.128	10.175	10.094	9.94	10.083	10.082	9.554	10.21	9.962	10.228	10.084	10.101	10.115	9.986	9.806	9.772
HG03370	9.4285	9.5141	9.7871	9.381	9.207	9.868	9.864	9.822	9.885	9.751	9.885	9.934	9.772	8.64	9.48	9.604	9.935	9.561	9.635	9.786	9.84	9.925	9.715
HG03371	9.5197	9.5774	9.8522	8.788	9.381	9.754	10.319	9.886	9.842	9.882	10.079	9.712	9.701	8.815	9.813	9.899	9.656	9.866	9.763	9.781	9.822	10.003	10.15
HG03372	9.7958	9.8022	10.0835	8.137	10.641	10.168	9.983	10.059	10.094	10.2	10.166	10.189	10.559	10.392	10.105	10.189	10.131	9.961	9.862	10.208	10.014	9.932	10.061
HG03373	9.9904	10.0189	10.3063	9.309	10.247	10.225	10.552	10.428	10.502	10.317	10.393	10.288	10.291	10.611	10.433	10.507	10.25	10.334	10.102	10.065	10.283	10.272	10.126
HG03374	9.7214	9.7694	10.0497	7.26	10.081	10.049	10.072	9.965	10.125	10.189	10.413	9.949	10.044	10.622	10.092	10.145	9.873	9.738	9.959	10.181	9.876	10.061	9.92
HG03376	9.8107	9.8457	10.1283	9.429	10.01	10.422	10.006	10.117	10.206	10.327	10.278	10.674	9.869	9.403	10.366	9.965	10.01	10.186	10.099	10.029	10.246	9.986	9.947
HG03378	9.8245	9.8292	10.1112	9.534	9.967	10.106	10.233	10.223	10.263	10.085	10.107	10.267	10.017	9.83	10.301	9.96	10.094	10.187	10.004	10.043	10.082	9.974	10.027
HG03380	9.8589	9.8749	10.1582	10.313	10.417	10.341	10.245	10.099	10.068	10.17	10.308	10.349	9.959	8.009	10.328	10.321	10.024	10.046	10.14	10.117	10.212	10.281	10.057
HG03382	9.7318	9.7199	9.9988	10.582	9.187	10.415	9.834	10.098	10.422	9.834	10.269	10.064	9.997	8.481	10.029	10.272	10.181	9.944	10.031	9.887	9.935	10.011	9.903
HG03385	9.8922	9.9268	10.2116	9.052	10.246	10.233	10.335	10.137	10.355	10.395	10.157	10.125	10.031	10.568	10.15	10.222	10.366	9.89	10.307	10.101	10.235	10.294	10.005
HG03388	10.0183	10.0223	10.3098	8.779	10.742	10.299	10.296	10.189	10.521	10.407	10.214	10.179	10.511	10.712	10.373	10.42	10.302	10.232	10.298	10.193	10.329	10.275	10.206
HG03391	8.796	8.7782	9.0301	9.703	10.255	10.072	8.646	9.114	8.982	9.004	9.178	8.799	8.969	7.594	8.849	9.216	8.953	9.178	9.0	9.078	9.142	8.927	8.961
HG03394	9.8734	9.8219	10.1037	10.634	10.293	9.936	9.981	10.089	9.894	10.172	10.182	9.972	9.956	10.515	10.321	10.363	10.379	10.114	9.936	9.856	10.129	10.166	10.083
HG03397	9.6396	9.6972	9.9754	8.242	10.477	10.017	9.994	9.999	9.725	10.055	10.046	9.753	10.071	8.39	10.143	10.227	10.165	9.887	9.997	9.871	9.96	9.847	9.832
HG03401	9.7539	9.7911	10.072	9.72	9.765	9.988	10.232	10.176	10.123	10.213	10.209	9.737	10.16	8.764	9.763	10.073	10.348	9.998	10.156	10.013	10.09	10.208	10.051
HG03410	9.688	9.7223	10.0012	9.003	10.082	10.055	9.794	10.257	9.775	10.171	9.862	10.024	9.846	10.152	10.002	9.832	10.242	10.002	9.914	10.153	9.876	10.025	10.191
HG03419	9.4599	9.511	9.7839	8.44	9.583	10.007	9.717	10.085	9.632	9.69	9.881	9.863	9.718	9.432	9.523	9.844	9.661	9.731	9.968	9.59	9.652	9.827	10.162
HG03428	9.6461	9.6584	9.9356	9.11	9.873	9.817	10.052	10.084	9.974	10.033	10.176	10.106	9.779	10.336	10.025	9.855	9.911	10.015	9.9	9.961	10.144	9.901	9.706
HG03432	8.516	8.5429	8.788	9.352	8.082	8.718	8.75	8.892	8.786	8.444	8.654	8.617	8.768	8.376	8.814	8.894	8.761	8.659	8.91	8.945	8.789	8.715	8.862
HG03433	9.8762	9.9119	10.1963	10.199	10.074	10.068	9.935	10.466	10.17	10.124	10.224	9.72	10.269	9.741	10.127	10.137	10.385	10.161	10.198	10.223	10.36	10.152	10.053
HG03436	9.6508	9.6516	9.9286	9.769	9.478	9.997	10.426	10.033	9.832	9.818	10.276	10.095	9.831	8.583	10.036	9.895	9.893	9.837	10.099	10.033	10.056	9.989	9.845
HG03437	9.8192	9.8348	10.117	10.184	10.386	10.423	10.135	9.882	10.284	10.068	9.886	10.016	10.053	10.669	9.888	9.92	9.878	10.016	9.909	10.083	10.168	10.179	10.355
HG03438	9.7623	9.7946	10.0757	9.768	9.36	10.042	10.126	10.113	10.207	10.143	10.222	9.705	10.077	9.834	10.145	10.119	10.108	10.042	9.753	9.972	10.117	9.889	10.209
HG03439	10.889	11.267	11.5903	7.301	9.575	9.633	9.603	10.486	9.802	9.581	9.866	11.615	11.51	10.844	13.224	13.849	13.552	13.312	11.621	11.695	11.682	11.749	11.516
HG03442	9.797	9.7675	10.0477	10.48	10.292	10.235	10.045	10.198	10.047	10.235	10.088	9.761	10.334	9.629	10.234	10.003	9.827	9.789	9.886	10.118	9.873	10.176	10.071
HG03445	9.7367	9.7295	10.0087	10.507	9.242	9.925	10.06	10.006	9.906	10.01	9.972	10.107	9.806	10.467	10.338	9.975	9.916	9.815	10.176	9.903	10.14	9.844	10.162
HG03446	9.8432	9.858	10.1409	9.657	10.018	9.43	9.798	10.147	9.671	9.996	9.963	10.161	10.379	10.346	10.336	10.144	10.142	10.268	10.593	10.098	10.27	10.239	10.38
HG03449	9.6822	9.731	10.0102	7.45	9.568	10.02	10.025	10.009	9.952	9.983	9.81	9.659	10.035	9.692	10.22	10.112	10.09	10.025	10.09	9.784	10.067	10.137	10.307
HG03451	9.6535	9.6564	9.9335	9.874	9.195	10.438	9.704	9.774	10.043	9.993	9.698	10.005	10.188	9.91	10.553	10.037	9.924	9.871	9.781	9.956	9.989	9.978	9.867
HG03452	10.0818	10.0989	10.3887	10.307	10.604	10.814	10.323	10.179	10.468	10.496	10.468	10.481	10.702	10.733	10.314	10.428	10.718	10.174	10.268	10.201	10.15	10.315	10.207
HG03453	9.7929	9.7932	10.0742	10.015	9.717	9.537	10.505	10.169	10.055	10.26	9.953	9.996	10.068	10.412	10.266	10.14	10.023	9.748	10.036	10.013	10.216	10.04	10.126
HG03454	9.7396	9.7659	10.0461	9.079	9.319	9.893	9.859	10.259	9.858	10.43	10.166	9.675	10.055	10.413	10.834	10.171	9.797	9.95	9.98	10.019	10.02	9.977	10.041
HG03455	9.6891	9.7159	9.9947	8.126	10.336	10.305	10.139	9.993	10.029	10.281	10.029	9.848	9.865	10.541	9.81	10.017	9.898	9.977	9.988	9.953	10.132	9.905	10.021
HG03456	9.7521	9.8064	10.0878	8.523	9.936	10.003	9.896	10.236	10.346	9.932	10.193	9.798	10.062	10.222	9.785	10.096	10.223	10.064	10.14	10.014	9.864	10.247	10.271
HG03457	9.6059	9.6675	9.9449	8.846	9.436	9.881	9.737	10.051	10.05	9.965	10.046	9.539	9.925	9.37	10.068	10.138	10.166	9.835	9.78	9.914	9.963	9.978	10.004
HG03458	9.7134	9.7738	10.0542	8.449	9.701	9.798	10.08	10.175	9.871	9.955	9.7	10.15	9.885	10.572	10.152	9.839	9.854	10.083	10.261	10.03	10.251	9.972	10.08
HG03460	9.5912	9.606	9.8816	10.086	9.034	9.686	10.016	9.877	9.925	9.702	10.036	9.623	9.739	10.112	9.873	10.123	9.918	9.646	9.805	9.863	9.953	9.827	10.046
HG03461	9.8244	9.8056	10.0869	10.361	9.917	10.118	9.786	10.28	10.209	10.09	9.973	10.145	10.284	10.147	10.237	10.052	10.301	10.225	10.229	10.01	10.101	9.741	9.9
HG03464	9.7423	9.7479	10.0276	9.249	10.622	10.137	9.947	10.04	10.214	10.196	10.143	9.9	9.652	10.417	9.868	9.955	10.229	10.139	10.1	9.835	9.984	10.115	9.934
HG03469	9.5729	9.5519	9.826	9.607	10.435	9.719	9.643	10.012	9.959	9.774	9.745	9.419	9.726	9.386	9.91	9.88	9.791	9.684	9.873	9.874	9.822	10.007	10.062
HG03470	9.6376	9.639	9.9156	8.886	9.615	9.672	9.856	9.895	9.957	9.945	9.711	9.85	9.9	10.271	9.927	9.925	10.03	9.94	9.941	9.944	10.127	9.712	10.033
HG03472	9.6072	9.5948	9.8701	9.667	9.899	9.909	9.463	10.202	9.807	10.082	9.99	9.8	9.744	9.414	9.943	9.925	9.922	9.985	9.78	10.033	9.789	10.039	9.825
HG03473	9.6406	9.6395	9.9161	9.685	10.015	9.94	10.015	10.02	10.025	9.984	9.991	9.696	9.774	8.46	9.908	9.863	10.013	9.74	10.055	10.047	9.807	10.098	10.001
HG03476	9.7707	9.7418	10.0213	10.482	10.006	9.961	9.964	10.183	9.852	9.946	9.881	10.067	10.114	10.296	10.178	9.99	10.138	9.807	9.691	10.086	10.144	10.177	10.024
HG03478	9.8917	9.907	10.1913	10.183	9.671	9.874	10.316	10.29	10.359	10.32	10.179	9.981	9.968	9.503	10.264	10.044	10.373	10.017	10.205	10.088	10.266	10.18	10.288
HG03479	9.7689	9.7676	10.0479	10.356	9.272	10.3	9.844	10.128	10.058	10.122	10.257	9.941	9.677	9.879	10.224	10.163	10.123	9.975	10.305	10.064	9.92	10.202	10.049
HG03480	9.9358	9.9236	10.2083	10.639	9.584	10.022	10.204	10.424	10.278	10.441	10.347	10.051	10.208	9.727	10.276	10.186	9.975	10.144	10.332	10.205	10.088	10.224	10.294
HG03484	9.643	9.7065	9.985	9.55	10.033	9.407	9.868	10.044	9.921	9.983	9.916	9.785	9.719	10.198	10.158	9.94	9.859	9.948	9.786	9.948	10.027	9.942	9.918
HG03485	9.6845	9.6753	9.9529	9.934	9.936	9.93	10.078	10.055	9.897	10.027	9.986	9.879	10.19	10.169	10.096	9.894	10.111	10.078	9.772	9.888	9.938	9.967	9.861
HG03486	9.6591	9.7187	9.9976	9.084	9.905	9.898	10.182	10.053	9.907	9.994	10.044	9.919	9.695	10.289	9.789	10.098	9.807	9.969	9.781	10.254	9.825	10.223	9.992
HG03487	9.395	9.495	9.7675	9.723	10.418	9.734	9.852	10.091	10.111	9.75	10.029	10.069	9.861	10.406	10.08	10.002	9.909	9.568	9.035	9.079	8.903	9.119	8.986
HG03488	9.7962	9.7945	10.0755	9.402	9.791	10.196	10.127	10.163	10.04	10.098	10.191	10.162	9.989	10.311	10.083	10.363	10.041	10.079	10.077	9.926	10.166	10.255	10.047
HG03489	9.7255	9.7528	10.0327	9.37	9.917	10.122	10.072	10.032	10.221	10.061	10.129	10.08	10.016	10.449	10.143	9.883	9.722	10.012	9.892	9.975	10.111	10.099	10.253
HG03490	9.6728	9.6614	9.9386	10.452	9.61	9.9	9.72	10.064	10.012	10.008	10.035	9.981	9.778	8.421	9.614	9.778	10.149	9.91	9.884	10.005	9.978	9.957	10.286
HG03491	9.8324	9.7783	10.0589	10.541	10.068	10.28	10.086	10.19	10.18	10.272	10.036	10.11	10.079	10.619	9.866	9.93	10.12	10.009	10.002	10.163	10.017	10.118	10.14
HG03492	9.7567	9.7508	10.0306	10.527	9.841	10.036	10.272	10.59	9.985	10.03	10.223	10.161	9.938	10.551	9.933	9.818	9.951	9.752	9.882	10.168	10.031	10.115	10.028
HG03499	8.8038	8.8021	9.0546	8.999	9.321	9.209	8.877	9.161	8.901	8.946	9.025	9.076	9.062	9.314	9.115	9.09	8.844	9.026	8.91	9.088	9.06	9.191	9.177
HG03511	9.9598	9.9417	10.227	10.36	10.276	10.482	10.029	10.263	10.313	10.326	10.16	10.177	10.227	10.883	10.02	10.33	10.293	10.206	10.274	10.266	10.022	10.234	9.927
HG03514	9.6467	9.6746	9.9522	10.384	8.66	9.619	10.127	10.088	9.737	9.93	10.107	9.835	9.988	9.455	9.578	9.764	10.01	9.65	10.082	10.008	9.988	10.129	10.22
HG03515	9.9966	9.9468	10.2322	10.431	10.133	10.615	10.232	10.157	10.472	10.349	10.239	10.047	10.176	10.724	10.527	10.235	10.552	10.018	10.28	10.0	10.31	10.263	10.386
HG03516	9.6531	9.6202	9.8962	10.153	9.752	9.854	9.877	9.97	10.177	10.024	10.164	9.778	9.99	9.929	9.828	9.859	9.833	9.848	9.771	9.751	9.779	10.135	10.096
HG03517	9.8054	9.8403	10.1227	9.572	9.705	10.216	9.856	10.074	10.356	10.127	10.168	10.258	10.206	9.516	10.157	10.561	9.982	10.119	10.025	10.171	10.208	9.952	10.108
HG03518	9.7249	9.8107	10.0922	9.596	10.197	10.131	9.794	10.23	10.19	9.893	10.035	10.073	10.056	8.27	10.187	10.137	9.983	9.945	10.02	10.061	10.062	10.123	9.966
HG03519	9.7243	9.7329	10.0122	10.121	9.31	9.645	10.103	9.941	9.939	10.003	10.358	9.971	9.903	7.716	10.034	10.16	10.122	10.012	9.964	9.983	10.162	10.098	10.203
HG03520	9.7412	9.7733	10.0537	9.677	9.363	9.884	10.217	10.337	10.042	10.198	10.286	9.676	10.013	10.549	10.034	9.942	10.022	9.91	10.096	9.969	10.006	10.035	10.156
HG03521	8.8943	8.8754	9.13	10.554	9.492	9.54	9.243	9.016	9.04	9.3	9.212	8.893	8.951	8.513	8.991	8.864	8.971	9.164	9.117	9.008	9.15	9.128	9.198
HG03522	8.7822	8.7745	9.0262	9.227	8.112	9.273	9.135	8.958	8.818	9.135	8.876	9.019	9.143	9.206	8.93	8.916	9.206	9.198	9.104	8.973	9.102	8.973	9.031
HG03538	9.5204	9.522	9.7952	9.21	9.911	9.618	9.737	9.853	9.591	9.876	9.807	9.609	9.787	10.019	9.992	9.642	10.058	9.926	9.754	10.036	9.691	9.615	9.676
HG03539	9.8855	9.8841	10.1677	10.21	10.179	10.352	10.059	10.167	10.282	10.15	10.354	9.883	10.2	10.477	10.2	9.929	10.414	10.16	10.13	9.881	10.232	10.304	10.049
HG03540	9.9191	9.9126	10.197	10.401	10.092	10.1	9.983	10.135	10.187	10.291	10.312	10.007	10.188	10.537	10.429	9.914	9.892	10.321	10.077	10.188	10.12	10.021	10.529
HG03547	9.4437	9.5303	9.8038	9.317	9.859	9.984	9.887	9.911	9.858	9.867	9.795	9.681	9.54	8.449	9.793	9.775	10.053	10.019	9.601	9.661	9.898	9.861	8.796
HG03548	9.6279	9.6493	9.9261	9.897	9.69	9.927	9.965	9.766	9.908	9.851	9.941	9.719	9.938	10.478	9.79	9.782	9.899	10.092	9.889	9.822	10.033	9.845	9.968
HG03556	9.7148	9.7229	10.0019	10.351	10.243	9.993	9.779	10.189	9.98	10.102	10.109	9.491	10.171	9.39	9.795	9.887	9.869	10.208	10.042	9.807	10.08	9.918	10.152
HG03557	8.9883	8.968	9.2253	8.213	9.306	8.944	9.169	9.443	9.39	9.39	9.292	9.303	9.04	9.716	9.1	9.093	9.263	9.208	9.021	9.374	9.356	9.134	9.31
HG03558	9.7051	9.7235	10.0025	8.456	9.847	10.149	9.971	10.107	9.804	10.041	9.956	9.823	10.184	10.496	10.302	10.037	10.119	9.912	9.894	9.973	9.956	9.965	10.147
HG03559	9.7744	9.7992	10.0804	9.755	8.939	10.045	10.256	10.285	10.077	10.116	10.03	10.265	10.137	10.353	10.103	10.163	10.068	9.929	10.348	9.854	9.893	10.041	10.102
HG03563	9.6601	9.6525	9.9295	8.935	10.216	9.792	10.057	9.904	10.023	9.861	9.746	9.862	9.994	10.364	9.703	10.157	10.058	10.021	9.941	9.824	9.827	9.664	10.284
HG03565	9.75	9.7927	10.0737	9.613	10.571	10.068	10.022	10.069	9.94	10.038	9.996	9.928	9.927	9.398	10.332	10.212	10.046	10.4	10.109	10.08	10.119	9.946	10.037
HG03567	9.6815	9.6999	9.9782	9.687	9.413	10.105	9.821	9.959	10.237	9.829	9.95	10.041	10.082	9.728	10.139	9.977	10.121	9.829	10.004	9.782	10.007	10.158	9.938
HG03571	9.8467	9.8569	10.1397	9.676	9.824	9.953	9.883	10.202	10.04	10.282	10.126	9.971	9.812	10.546	10.119	9.927	10.229	10.147	10.286	10.019	10.302	10.226	10.16
HG03572	9.8192	9.8616	10.1445	9.306	7.577	9.695	10.524	10.191	9.957	10.214	10.18	10.035	10.137	10.305	9.818	10.141	10.065	10.286	10.039	10.177	10.116	10.238	9.989
HG03574	9.7436	9.7888	10.0697	9.657	9.383	10.052	9.811	10.264	9.9	10.026	9.907	9.76	9.918	8.851	10.211	9.973	10.087	10.205	9.999	10.193	10.055	10.293	10.303
HG03575	9.7885	9.8133	10.0948	10.351	8.985	10.16	10.087	10.353	10.173	10.139	9.981	10.113	10.34	9.78	10.182	9.94	10.031	10.179	9.815	9.853	10.031	9.965	10.271
HG03576	9.8108	9.8953	10.1793	9.641	8.708	10.139	10.413	10.114	10.203	10.313	10.019	9.613	10.085	8.959	10.19	10.441	10.0	9.952	10.015	9.949	10.263	10.293	10.345
HG03577	9.5445	9.5591	9.8334	9.653	9.455	9.967	10.014	9.821	9.748	9.867	9.827	10.011	9.759	9.209	9.624	9.798	9.952	9.809	9.789	9.894	9.819	9.917	10.006
HG03578	9.5958	9.6044	9.8799	9.331	9.583	9.781	9.977	9.818	9.888	9.93	10.045	9.969	9.887	9.444	9.833	9.905	9.726	10.078	9.942	9.998	9.806	10.114	9.89
HG03579	9.4257	9.4286	9.6992	9.413	10.278	9.73	9.721	10.031	9.854	9.798	10.276	9.62	9.822	9.35	10.071	9.507	9.548	9.802	9.621	9.463	9.87	9.511	9.445
HG03582	9.6859	9.7741	10.0546	8.976	9.168	9.121	9.278	9.198	9.474	9.813	10.011	9.875	10.367	10.676	10.175	10.424	10.028	10.307	10.078	10.306	9.994	10.084	10.318
HG03583	9.7497	9.7338	10.0131	9.896	10.232	10.23	9.551	9.942	9.903	9.879	9.771	9.779	10.355	10.367	10.006	10.016	9.965	10.232	10.147	10.16	9.815	10.35	10.134
HG03584	9.6929	9.7632	10.0433	9.527	9.104	9.027	9.122	9.298	9.736	10.172	10.188	9.859	10.2	10.624	10.287	9.915	10.039	9.896	10.287	10.189	10.19	10.153	10.129
HG03585	9.6708	9.6582	9.9353	10.714	10.318	9.904	9.622	9.661	9.886	10.082	9.809	10.105	10.125	9.649	10.02	10.057	9.812	9.856	10.023	9.82	9.993	9.969	10.034
HG03589	9.7376	9.7381	10.0176	10.615	10.095	9.615	10.053	9.901	9.902	10.116	10.066	9.999	9.954	9.021	10.307	10.11	10.08	9.872	10.082	9.956	9.661	9.989	10.075
HG03593	12.5135	12.5622	12.9226	11.834	12.903	13.026	12.895	12.858	13.062	12.896	12.893	13.113	12.93	13.263	12.954	12.982	13.016	12.789	12.641	12.899	13.033	12.812	12.814
HG03594	9.8427	9.8512	10.1339	10.058	10.319	10.338	10.15	10.236	10.194	10.283	10.043	10.177	9.744	10.255	10.038	10.225	10.053	10.101	9.851	10.13	9.976	10.058	10.172
HG03595	9.7688	9.7161	9.9949	10.524	10.023	10.229	9.998	9.931	9.916	9.215	9.987	10.021	10.091	10.19	10.021	9.969	10.067	10.031	10.091	10.062	9.965	10.225	10.211
HG03596	9.7791	9.8126	10.0942	10.116	10.756	10.364	10.074	9.918	10.021	9.715	9.849	9.827	10.097	10.546	10.235	10.191	9.583	10.037	10.007	9.787	9.921	10.254	10.276
HG03598	10.3167	10.4674	10.7677	10.964	11.143	10.795	10.82	10.844	10.899	10.906	10.676	10.982	10.741	9.459	10.744	10.873	10.822	10.919	10.774	10.123	9.854	10.102	10.161
HG03600	9.7593	9.7647	10.0449	9.893	10.562	10.105	10.239	10.039	9.949	10.103	9.928	10.088	9.762	10.257	10.053	9.864	10.144	9.885	10.007	9.985	10.086	10.099	10.154
HG03603	9.865	9.8623	10.1453	10.412	10.387	10.257	9.966	9.897	10.229	10.059	10.112	10.227	10.002	10.263	10.165	9.908	10.167	10.404	9.982	10.219	10.138	9.82	10.127
HG03604	9.7231	9.7702	10.0506	9.696	9.772	9.629	9.917	9.964	10.059	10.151	9.968	10.061	10.022	9.42	10.46	10.055	10.138	10.102	9.786	9.906	10.184	10.384	10.0
HG03605	9.6505	9.6542	9.9312	9.285	10.522	9.917	10.338	9.996	9.948	10.209	9.86	10.06	10.0	9.578	9.728	9.847	10.007	10.06	9.804	9.818	9.901	10.08	9.901
HG03606	9.5901	9.6531	9.9301	8.777	9.371	9.422	9.031	9.55	10.046	9.648	10.464	10.016	9.926	8.82	9.924	9.981	10.107	10.11	9.936	9.922	9.927	10.119	10.184
HG03607	9.8749	9.8906	10.1744	10.171	10.476	10.604	10.179	10.134	9.996	10.126	10.147	9.971	10.182	10.026	10.4	10.29	10.432	10.206	10.326	9.921	9.909	10.217	10.199
HG03611	8.9306	8.9211	9.177	9.787	9.204	9.129	9.307	9.235	9.066	9.105	9.233	9.181	9.183	9.637	9.002	9.263	9.128	9.052	9.072	9.125	9.123	9.004	9.365
HG03615	9.8183	9.8338	10.1159	10.755	10.134	10.113	10.17	10.084	10.209	9.817	10.569	10.16	10.163	9.098	9.911	10.329	10.296	9.981	9.866	10.069	9.875	10.119	10.073
HG03616	9.7193	9.738	10.0174	7.641	9.417	10.027	9.778	10.03	10.194	9.999	10.044	9.983	9.941	10.315	9.918	9.903	10.055	9.965	10.204	10.057	10.056	10.046	10.274
HG03617	9.9585	9.9948	10.2815	9.064	10.193	10.488	10.731	10.336	10.407	10.328	10.405	10.449	10.166	9.756	9.951	10.326	10.253	10.157	10.152	10.234	10.443	10.228	10.313
HG03618	9.9126	9.9055	10.1897	11.431	9.762	10.272	10.228	10.457	10.186	9.888	10.016	10.326	9.99	10.186	9.998	9.97	10.067	10.169	10.19	10.049	10.352	10.336	10.453
HG03619	9.8603	9.865	10.148	10.521	10.469	10.024	10.034	10.144	10.023	10.118	9.809	10.377	10.245	10.239	9.901	10.159	10.294	10.163	10.114	9.915	9.96	10.086	10.295
HG03620	9.746	9.6739	9.9514	11.295	9.9	9.966	10.385	10.15	9.89	10.035	10.023	10.143	9.884	10.386	9.444	9.809	10.319	10.053	9.973	9.69	10.083	10.115	9.982
HG03624	9.8608	9.779	10.0595	12.005	10.368	10.393	10.247	10.091	9.991	10.001	9.962	10.484	10.073	10.29	10.199	10.035	10.29	10.146	10.157	10.069	9.985	10.015	10.126
HG03625	9.8086	9.8449	10.1274	10.83	10.239	9.98	9.842	10.001	9.84	9.866	10.138	9.885	10.179	10.312	10.217	10.076	10.357	9.874	9.931	10.138	10.111	10.004	10.198
HG03626	9.8688	9.8117	10.0933	11.734	10.136	10.516	10.295	10.03	10.13	10.142	10.275	10.069	9.939	10.773	10.127	9.835	9.937	10.273	10.122	10.065	10.16	10.118	10.043
HG03629	9.5511	9.5524	9.8265	9.581	9.219	9.582	9.54	9.862	9.869	9.941	10.209	9.757	9.815	9.289	9.875	9.677	9.887	9.9	10.023	9.855	9.864	9.84	9.957
HG03631	9.8511	9.8672	10.1503	10.436	10.613	10.5	10.072	10.311	10.407	10.012	10.179	10.058	9.936	8.725	9.915	10.067	10.249	10.035	10.171	10.164	9.988	10.152	10.123
HG03633	9.6878	9.683	9.9608	10.178	10.106	10.108	10.089	10.065	9.968	9.891	9.921	10.031	9.772	8.38	9.919	9.915	10.006	9.971	9.834	10.079	9.998	10.087	10.136
HG03634	9.8188	9.7782	10.0588	10.528	10.161	9.827	9.839	10.076	10.213	10.003	10.143	10.295	9.925	10.555	9.904	10.047	10.085	10.05	10.001	10.068	9.906	9.978	10.271
HG03635	9.6603	9.6324	9.9088	10.241	10.06	9.978	9.977	10.18	9.704	9.907	9.777	9.745	9.663	9.415	9.847	10.214	9.829	10.077	9.936	9.851	9.843	10.127	10.076
HG03636	9.6849	9.6177	9.8937	10.578	9.877	10.331	9.671	9.797	9.977	9.788	9.766	9.577	9.923	9.474	9.809	9.819	10.068	9.971	9.945	9.882	10.079	10.061	10.492
HG03639	9.5968	9.5864	9.8614	9.45	9.712	10.018	9.981	9.876	9.801	9.923	9.817	9.685	9.854	10.75	9.751	9.749	10.114	9.887	9.777	10.002	9.851	10.163	9.891
HG03640	9.5347	9.574	9.8487	9.287	8.954	8.906	9.438	9.907	9.815	9.886	9.836	9.405	9.818	8.553	9.8	9.918	10.183	9.901	9.963	9.937	10.045	10.085	10.104
HG03641	10.0144	10.0303	10.3181	10.73	9.951	10.922	10.41	10.461	10.124	10.352	10.474	10.335	10.024	10.929	10.018	10.297	10.143	10.411	10.292	10.415	10.095	10.248	10.245
HG03642	9.8098	9.8168	10.0985	10.251	10.481	10.007	9.845	10.033	10.154	10.11	10.097	9.87	10.22	8.734	10.171	10.223	10.157	10.015	10.238	10.058	10.017	10.043	10.165
HG03643	9.8603	9.8776	10.1611	10.149	9.966	10.003	10.157	9.697	10.099	10.251	10.136	10.233	10.157	9.557	10.163	10.181	9.834	10.12	10.282	10.333	10.153	10.524	10.437
HG03644	8.6506	8.6992	8.9488	8.847	8.841	9.359	8.996	8.873	8.818	8.693	9.162	9.016	9.159	8.52	8.895	8.956	9.055	9.14	8.769	8.87	8.789	8.812	9.016
HG03645	9.7619	9.703	9.9814	12.63	10.159	9.655	9.769	10.243	9.968	10.222	9.924	10.175	9.849	8.639	10.179	9.814	9.959	10.026	10.04	9.917	9.962	10.18	10.08
HG03646	9.8425	9.8508	10.1334	10.063	10.727	10.316	10.567	9.846	10.14	10.195	9.873	9.766	9.855	10.583	9.882	10.139	10.271	10.165	9.905	10.17	10.068	10.14	10.396
HG03649	9.8049	9.6916	9.9697	10.629	10.226	10.091	10.072	10.099	10.134	10.101	10.247	10.099	10.089	10.578	9.81	9.806	10.227	9.969	10.026	9.973	9.932	10.129	9.979
HG03650	9.9621	9.9337	10.2188	10.844	10.165	10.378	10.155	10.103	10.315	10.204	10.18	10.256	10.066	9.877	10.16	10.424	10.29	10.363	10.155	10.121	10.273	10.243	10.209
HG03651	9.7304	9.7757	10.0562	9.701	9.992	9.922	10.077	10.218	9.872	10.215	10.134	10.058	9.778	9.461	9.8	9.994	9.846	9.928	9.756	10.227	10.003	10.199	10.315
HG03652	9.8599	9.8395	10.1219	10.582	10.037	10.367	10.095	10.246	10.264	9.877	10.128	10.065	10.037	10.646	9.983	10.132	9.988	10.074	10.238	10.233	10.168	9.93	10.254
HG03653	10.2902	10.4161	10.715	10.865	11.153	10.812	10.709	10.742	11.095	10.743	11.179	11.077	10.643	9.765	11.096	11.028	10.888	10.391	10.106	10.042	10.277	10.073	10.003
HG03654	10.2484	10.4353	10.7347	9.813	10.904	11.026	10.927	10.746	11.199	10.884	10.803	10.923	10.842	11.272	11.127	11.053	10.921	10.6	10.065	9.935	10.107	10.033	9.77
HG03660	9.7045	9.7411	10.0206	9.913	10.326	10.102	9.953	10.07	10.145	9.848	9.804	9.747	10.266	9.736	9.952	9.875	9.954	9.824	10.117	9.878	9.981	9.981	10.094
HG03663	9.8687	9.8087	10.0902	11.498	10.229	9.965	10.249	9.862	10.024	10.369	10.17	10.073	10.191	10.508	10.104	10.21	10.009	10.063	10.181	9.99	10.037	10.2	10.084
HG03667	9.8085	9.7813	10.062	10.435	9.983	10.278	9.973	10.057	9.981	10.094	10.24	9.953	9.999	10.348	9.816	10.235	9.864	10.035	9.982	10.213	10.052	10.026	10.275
HG03668	9.7659	9.7532	10.0331	8.139	10.189	9.852	10.238	10.15	10.215	9.818	10.171	9.796	10.062	10.462	9.954	9.998	10.204	10.301	9.843	9.945	10.105	10.048	10.211
HG03669	9.869	9.8648	10.1479	9.553	10.049	10.049	10.091	10.217	10.311	10.369	10.124	10.191	10.15	10.562	10.083	10.183	9.934	9.982	10.034	10.179	10.067	10.405	10.456
HG03672	9.9368	10.0198	10.3073	9.335	9.236	9.363	9.731	9.955	10.273	10.56	10.047	10.079	10.29	10.119	10.189	10.447	10.256	10.556	10.271	10.417	10.376	10.315	10.394
HG03673	9.7168	9.7231	10.0021	10.731	10.153	10.073	9.954	9.966	9.812	9.88	9.963	10.001	10.128	9.374	9.76	9.965	10.099	9.75	10.058	9.98	10.226	9.97	9.971
HG03679	9.7575	9.7268	10.0059	9.544	9.896	9.868	10.177	10.101	10.129	10.093	10.226	9.939	10.121	10.159	9.893	9.765	9.72	10.147	10.184	10.076	9.94	9.934	10.38
HG03680	9.7508	9.7425	10.0221	10.581	10.027	10.11	10.045	10.166	9.95	10.26	10.103	10.17	10.043	8.637	9.904	9.692	10.092	10.036	10.017	10.235	9.874	10.102	10.118
HG03681	9.6733	9.6717	9.9492	9.776	9.792	9.928	10.247	9.777	10.071	9.917	9.969	9.725	9.941	10.236	9.927	9.689	9.901	10.132	9.903	10.001	9.974	9.975	10.081
HG03682	10.8326	10.8209	11.1314	12.546	11.244	11.532	11.301	11.168	11.059	10.944	11.242	11.052	10.731	10.537	11.133	11.137	11.279	10.881	11.193	11.05	11.269	10.967	11.061
HG03683	9.6626	9.7132	9.9919	9.509	10.256	10.409	10.181	10.009	10.03	9.836	10.022	10.054	9.823	9.251	10.075	10.009	9.981	10.001	9.873	10.047	9.945	10.045	9.976
HG03684	9.7095	9.7359	10.0152	9.576	10.332	9.939	10.027	9.991	9.949	10.03	10.211	9.782	9.943	9.37	9.898	10.085	10.247	9.893	10.343	10.086	9.963	9.905	9.883
HG03685	8.6069	8.6494	8.8976	7.798	8.611	9.037	8.921	8.996	9.05	8.823	8.87	8.651	8.814	7.36	8.911	8.945	8.784	8.842	9.007	8.895	8.993	8.982	8.844
HG03686	9.7265	9.775	10.0555	9.657	10.69	10.006	9.893	9.929	10.102	9.922	10.008	9.927	9.972	8.744	10.05	10.038	10.095	9.824	10.199	10.029	9.967	9.985	10.39
HG03687	9.7163	9.6822	9.96	10.565	10.08	9.881	10.424	9.926	10.009	9.888	9.718	9.819	9.84	10.056	9.805	9.86	9.961	9.965	9.924	10.098	10.068	10.006	9.998
HG03688	9.7814	9.7597	10.0397	10.529	10.055	9.803	10.072	10.141	10.072	10.216	9.913	10.123	10.0	9.688	9.905	9.994	10.0	10.113	10.409	10.062	9.898	9.89	10.072
HG03689	9.8674	9.8739	10.1573	11.754	10.264	9.927	10.085	10.408	10.123	10.191	10.055	10.303	10.069	9.721	10.271	9.997	10.12	10.104	10.211	10.04	10.237	9.996	10.017
HG03690	9.6484	9.7257	10.0048	8.956	10.034	9.884	9.88	10.292	10.05	9.973	9.923	10.014	10.125	8.798	10.114	9.74	10.218	9.936	9.928	9.926	9.951	9.929	10.02
HG03691	9.6528	9.6831	9.961	13.002	10.213	9.866	10.063	9.639	9.916	9.841	10.212	9.825	9.696	7.298	10.009	9.857	9.873	9.766	9.805	9.931	9.918	10.084	10.003
HG03692	9.7346	9.6947	9.9729	11.735	10.519	9.797	9.945	9.964	9.999	9.968	10.099	10.019	10.157	10.246	9.641	9.898	10.02	9.928	9.704	10.095	10.062	9.751	9.88
HG03693	9.6988	9.6734	9.951	10.466	10.276	9.927	10.138	10.072	9.992	10.021	9.969	9.89	9.926	9.223	10.065	9.962	10.079	9.877	9.863	9.808	9.898	10.044	10.185
HG03694	9.6696	9.668	9.9454	10.607	9.946	10.094	9.823	10.031	10.027	9.986	9.622	9.706	9.798	9.516	10.01	10.006	9.769	10.129	10.007	9.775	9.859	10.159	9.984
HG03695	9.749	9.7014	9.9798	11.555	10.14	10.002	9.773	10.165	9.899	10.177	9.999	9.827	9.939	9.541	10.12	10.231	10.183	9.92	10.153	10.074	10.085	9.825	9.841
HG03696	9.7758	9.7559	10.0359	10.323	10.369	9.924	9.993	9.987	10.105	10.264	9.983	9.787	10.142	10.144	10.009	9.951	10.181	9.949	9.874	9.945	10.23	10.16	10.002
HG03697	9.7494	9.7741	10.0546	9.881	10.265	10.543	10.166	10.134	9.936	10.162	10.323	9.776	9.874	8.926	10.08	10.29	10.102	9.867	9.963	10.122	10.01	10.065	9.992
HG03698	9.5805	9.6061	9.8817	10.505	9.852	10.357	9.899	9.87	9.692	9.904	10.139	9.771	9.673	8.566	9.751	10.003	9.91	9.918	9.546	9.756	9.81	9.971	9.872
HG03699	8.7963	8.7865	9.0386	9.35	8.815	9.12	9.191	9.222	8.808	8.861	9.351	8.814	8.967	9.311	8.968	9.085	9.153	9.107	8.745	8.989	9.042	9.052	9.033
HG03700	9.5102	9.5454	9.8193	9.449	9.042	9.258	9.48	9.618	9.963	9.762	9.829	9.806	9.631	9.302	9.987	9.749	9.747	10.139	9.845	9.878	9.855	9.935	9.9
HG03701	8.7435	8.815	9.068	8.327	8.049	8.193	8.906	9.042	8.933	9.246	8.928	8.802	9.262	8.689	9.494	8.93	8.821	9.289	9.181	9.108	9.014	8.949	9.227
HG03702	9.9322	9.8985	10.1826	10.927	10.125	10.532	10.221	10.257	9.911	9.87	10.232	10.214	9.983	10.421	10.164	10.319	10.15	10.213	10.224	10.011	10.233	10.493	10.211
HG03703	9.6743	9.6325	9.9089	10.38	9.857	10.108	10.257	9.802	9.922	9.931	10.2	9.888	9.502	10.58	9.785	9.839	9.705	9.738	9.991	10.003	10.07	9.942	10.08
HG03704	9.8715	9.8156	10.0973	10.649	10.001	10.305	10.051	10.448	10.143	9.868	10.195	10.277	10.051	10.519	10.084	10.05	9.993	10.306	10.17	10.177	9.884	9.972	10.174
HG03705	9.8218	9.8484	10.131	9.26	10.289	10.199	10.071	10.512	10.098	10.152	9.757	9.764	10.144	10.269	10.375	10.243	9.873	10.06	9.971	10.248	10.21	10.107	10.172
HG03706	9.6682	9.5877	9.8628	11.604	9.988	10.144	9.912	9.774	9.872	9.98	9.963	10.227	9.931	9.632	9.806	9.795	10.009	9.72	9.84	9.755	10.129	9.899	9.921
HG03707	9.5446	9.5882	9.8634	8.861	9.901	9.899	9.988	9.908	9.836	9.928	9.878	9.422	9.982	9.305	9.631	9.839	9.87	9.904	9.858	9.866	10.127	9.832	9.847
HG03708	9.7391	9.7288	10.0079	10.187	10.066	10.332	10.171	9.851	9.893	9.779	9.833	9.885	10.1	9.46	10.123	10.044	10.132	10.127	10.239	10.104	9.871	9.936	10.186
HG03709	9.7567	9.7288	10.0079	10.295	10.456	10.229	9.824	10.088	9.804	10.082	10.117	10.001	10.138	9.601	10.108	9.992	9.956	9.985	9.955	10.13	10.016	10.016	10.131
HG03710	9.8182	9.7517	10.0315	11.621	9.851	10.367	10.272	10.115	9.837	10.034	9.941	9.994	9.984	10.431	10.081	10.257	9.857	10.131	9.908	10.063	9.882	10.201	10.188
HG03711	9.7323	9.7391	10.0186	9.979	10.304	9.998	10.165	10.051	10.182	9.989	10.183	10.213	10.208	9.607	9.928	9.925	9.877	9.924	9.82	9.94	10.092	10.057	10.149
HG03713	9.1287	9.1308	9.3928	7.154	8.768	8.735	9.305	9.62	9.833	9.414	9.662	9.305	9.293	9.668	9.379	9.448	9.584	9.384	9.294	9.21	9.459	9.341	9.842
HG03714	9.6325	9.584	9.859	10.635	9.752	9.452	9.938	9.81	10.015	10.044	9.839	10.021	9.71	10.138	9.904	9.566	9.83	9.89	9.88	9.944	9.875	9.806	9.829
HG03716	9.7895	9.8251	10.107	10.143	10.503	9.885	10.156	10.111	10.109	10.221	9.894	9.963	9.887	10.481	9.911	10.045	10.058	9.9	10.027	9.946	10.178	10.212	10.032
HG03717	8.8218	8.8099	9.0627	10.087	9.178	9.242	9.215	9.082	8.983	9.054	9.155	9.009	8.993	8.488	9.434	8.919	8.923	8.992	9.171	8.879	8.918	9.035	9.135
HG03718	9.8047	9.7408	10.0203	11.396	10.158	9.941	10.038	10.143	10.143	10.078	9.998	9.882	9.878	10.184	9.965	10.016	9.81	9.664	10.211	10.099	9.908	10.228	10.172
HG03719	9.8399	9.8158	10.0975	11.333	9.75	10.244	9.972	10.114	9.835	10.253	10.138	10.171	10.149	9.621	10.118	10.071	10.019	10.038	10.093	10.144	10.097	10.201	10.264
HG03720	9.7966	9.7617	10.0418	10.28	10.443	10.0	9.948	10.12	10.053	9.854	10.204	10.27	9.796	10.125	10.049	9.995	10.141	10.002	10.067	9.993	10.17	9.982	10.167
HG03721	10.0486	9.9631	10.2489	11.093	9.909	9.723	10.367	10.44	10.292	10.439	10.289	10.399	9.925	9.546	10.062	10.13	10.259	10.399	10.249	10.097	10.159	12.046	12.725
HG03722	9.9084	9.8449	10.1274	12.004	10.475	10.121	10.089	10.244	10.22	10.491	10.296	9.828	9.96	9.637	10.17	10.208	10.033	10.025	10.114	10.249	10.002	10.186	10.069
HG03725	9.9795	9.9734	10.2595	10.072	10.099	10.137	10.377	10.315	10.095	10.225	10.027	10.155	10.298	10.058	10.606	10.345	10.469	10.367	10.322	10.373	10.298	10.202	10.415
HG03727	9.6789	9.6152	9.8911	11.325	9.789	9.925	9.776	9.766	9.7	10.02	9.777	9.904	9.986	10.203	9.88	9.935	10.046	10.046	10.026	9.765	9.895	9.757	9.976
HG03729	9.8868	9.9292	10.2141	9.896	10.012	10.045	10.281	10.561	10.344	10.37	10.04	10.456	10.129	10.673	9.964	9.868	10.122	10.033	10.021	10.345	10.095	10.258	10.325
HG03730	9.8341	9.8318	10.1139	9.939	10.118	9.914	10.166	10.175	10.177	10.244	10.213	9.81	10.208	9.896	10.135	9.822	10.346	9.975	10.229	10.03	10.251	10.179	10.188
HG03731	11.2889	11.3874	11.7142	10.777	10.989	11.009	11.01	11.881	12.019	11.744	11.655	11.514	11.54	10.437	11.878	11.804	11.839	11.513	11.674	11.955	11.769	11.599	11.761
HG03732	9.9142	9.7934	10.0744	10.529	9.638	10.309	10.055	10.246	9.866	10.084	10.025	10.199	10.009	10.412	10.016	10.303	9.872	10.006	10.142	10.007	9.941	11.963	12.054
HG03733	10.5316	10.5482	10.8509	11.904	11.236	10.673	10.595	10.598	10.883	10.732	11.039	10.963	10.558	9.819	10.562	11.034	10.817	10.906	10.876	10.84	10.903	10.89	10.832
HG03736	8.7681	8.8196	9.0726	8.305	9.052	8.966	9.031	9.072	9.129	9.137	9.159	9.034	9.031	8.535	9.266	9.056	8.869	9.125	8.969	8.724	9.14	9.273	9.155
HG03738	9.3671	9.4589	9.7304	10.906	10.208	9.938	10.174	10.233	9.762	9.419	9.909	10.016	9.898	10.666	9.963	10.159	9.891	9.924	9.082	9.042	8.902	9.073	9.34
HG03740	9.7607	9.7525	10.0324	9.866	10.334	10.12	9.853	10.021	10.151	10.116	10.066	10.187	9.827	10.393	10.084	10.235	10.028	10.193	10.05	9.922	9.958	10.075	9.934
HG03741	9.6984	9.7081	9.9867	10.143	10.49	10.251	9.824	10.181	9.952	9.921	9.845	9.852	9.719	9.539	9.83	10.019	10.036	9.876	9.951	10.029	10.061	10.043	10.092
HG03742	9.7708	9.7461	10.0257	10.55	10.234	10.398	9.875	9.93	10.072	10.128	10.069	9.987	10.041	8.892	10.148	10.059	10.258	9.924	10.194	9.805	9.938	10.224	10.088
HG03743	9.7417	9.7427	10.0222	11.59	10.107	10.23	10.331	10.004	9.952	10.277	10.222	9.859	9.923	8.695	10.049	10.257	9.91	9.975	9.968	10.057	9.917	9.845	9.923
HG03744	10.3862	10.5061	10.8076	11.351	10.54	11.351	11.172	11.18	11.005	11.037	10.866	11.073	10.709	9.955	10.575	10.887	10.658	10.951	10.989	10.238	9.959	10.023	10.186
HG03745	9.5234	9.5991	9.8746	9.471	9.761	9.994	9.941	9.743	9.705	9.947	9.701	9.771	9.42	9.312	9.985	9.863	9.993	9.979	9.948	10.15	9.952	9.722	9.712
HG03746	9.8333	9.8026	10.0838	11.636	10.351	10.325	10.12	10.236	9.928	9.939	10.27	10.154	10.066	9.604	9.803	9.94	10.089	9.791	10.076	10.215	10.288	10.187	10.085
HG03750	9.8812	9.8334	10.1156	11.244	10.54	9.763	10.072	10.106	9.944	10.227	9.848	10.2	10.041	9.782	10.249	10.15	10.216	10.038	9.995	10.121	10.194	10.309	10.074
HG03752	9.685	9.6961	9.9743	8.862	9.856	10.048	10.146	10.073	9.812	9.802	10.098	9.875	9.877	10.327	10.043	9.926	9.988	10.095	10.103	9.9	9.981	9.892	9.979
HG03753	9.6225	9.6909	9.9689	8.593	10.04	10.08	9.613	9.971	9.808	9.899	9.972	9.948	9.926	9.337	9.709	9.898	10.015	9.877	9.955	10.281	10.014	10.031	9.98
HG03754	9.9165	9.8431	10.1255	11.421	10.043	10.705	10.087	10.1	10.019	10.269	9.95	9.996	10.004	10.424	9.829	10.285	9.951	10.108	10.006	10.235	10.329	10.318	10.086
HG03755	9.5743	9.5398	9.8135	10.543	9.929	9.429	10.023	9.632	9.981	9.575	9.81	9.472	9.558	9.308	9.823	9.759	9.911	9.795	9.83	10.042	9.915	9.938	9.864
HG03756	9.6496	9.6913	9.9694	9.806	9.917	10.243	9.956	10.071	10.114	9.913	9.966	9.943	9.818	9.435	9.72	9.906	10.132	9.872	9.834	9.894	9.839	10.05	10.076
HG03757	9.8226	9.7852	10.066	11.602	10.077	10.211	10.123	10.156	10.033	10.004	10.086	10.116	10.079	10.416	10.25	10.015	9.798	10.001	9.855	10.081	10.233	9.968	10.146
HG03760	9.9199	9.926	10.2108	11.264	10.532	10.152	10.146	10.26	10.27	10.254	10.259	10.292	10.037	8.872	10.392	10.213	9.9	10.316	10.164	10.187	10.225	10.071	10.082
HG03761	9.8013	9.756	10.0359	10.7	9.724	10.066	9.913	10.144	10.006	10.017	10.102	10.128	10.36	9.583	10.176	10.238	10.208	9.927	9.988	10.139	10.082	10.031	10.282
HG03762	9.8308	9.8267	10.1087	10.748	10.62	10.2	10.188	10.061	10.159	10.048	10.07	9.998	10.023	9.684	10.111	9.938	10.075	10.223	10.015	10.068	10.069	10.082	10.044
HG03763	9.5673	9.5706	9.8453	10.239	9.894	10.058	10.135	9.599	9.516	9.774	9.834	10.007	9.842	9.059	9.738	9.737	9.776	10.032	9.881	9.978	9.706	9.843	9.917
HG03765	9.8349	9.8564	10.1392	10.227	9.995	10.552	10.267	10.374	10.347	10.006	10.029	9.831	10.206	9.688	9.863	9.9	10.025	10.179	10.217	10.478	10.02	10.123	10.184
HG03767	9.8035	9.786	10.0668	10.73	10.444	10.298	10.331	9.925	10.167	10.24	10.333	9.984	10.01	10.459	9.952	9.749	10.109	10.001	10.054	9.881	10.044	10.003	10.026
HG03770	9.6938	9.6944	9.9725	10.541	10.458	10.125	9.563	9.913	10.004	10.111	9.853	10.056	9.661	8.775	9.783	10.019	9.847	9.836	9.996	10.035	10.054	10.149	9.902
HG03771	9.8758	9.8474	10.13	10.997	10.783	10.244	10.048	10.097	9.999	10.248	9.984	10.143	10.219	10.273	10.091	9.852	10.172	10.102	10.106	10.165	9.868	10.1	10.055
HG03772	9.7581	9.7739	10.0544	12.11	10.234	9.883	10.147	10.061	9.774	10.288	10.274	9.819	9.953	8.635	10.403	9.967	10.134	10.003	10.05	9.981	9.871	10.014	9.753
HG03773	9.7034	9.6804	9.9582	11.74	10.05	9.869	9.853	10.031	9.896	10.11	10.201	10.001	9.569	9.356	9.627	10.013	10.026	9.921	9.971	9.816	10.064	9.989	9.98
HG03774	9.8753	9.883	10.1666	12.493	10.359	10.353	9.843	10.349	10.057	10.203	10.413	9.718	9.936	8.52	10.052	10.064	10.044	10.086	10.015	10.341	10.169	10.126	10.177
HG03775	9.7144	9.737	10.0164	10.277	10.086	9.635	9.958	9.988	9.787	9.917	10.072	9.785	10.202	8.761	10.003	10.124	10.235	9.892	10.054	10.063	9.79	10.159	10.153
HG03777	9.7485	9.7478	10.0275	10.894	10.024	10.002	10.031	10.13	10.309	9.997	10.61	10.217	9.587	7.675	10.153	10.102	9.961	10.064	10.126	10.067	9.783	9.83	9.892
HG03778	9.8291	9.8378	10.1201	9.891	10.139	10.142	10.094	10.134	10.175	10.197	9.875	10.023	10.064	10.464	9.928	10.069	10.218	9.92	10.062	10.317	10.163	10.153	10.145
HG03779	9.7269	9.6781	9.9558	10.8	9.91	9.722	10.004	10.088	10.202	9.953	9.719	9.782	10.116	9.475	9.878	9.888	10.34	9.764	10.059	9.818	10.075	9.914	10.096
HG03780	9.7245	9.8046	10.0859	9.612	9.928	9.814	9.679	10.132	10.14	10.186	9.975	10.042	10.159	9.436	10.007	9.766	10.205	10.197	9.856	10.114	10.132	10.144	10.192
HG03781	9.8975	9.8947	10.1786	10.185	10.554	10.53	10.198	10.232	10.362	10.119	10.283	10.208	10.096	8.739	10.119	10.08	10.13	10.288	10.177	10.136	10.178	10.098	10.158
HG03782	9.8177	9.767	10.0472	11.947	9.994	10.074	9.937	10.292	9.878	9.988	10.014	10.172	10.202	10.798	9.797	10.084	10.011	9.743	10.087	9.849	10.023	10.202	10.231
HG03784	9.8454	9.8141	10.0957	10.5	9.988	10.339	10.218	10.212	10.031	10.019	10.01	9.953	10.357	10.359	9.94	9.97	10.144	10.179	10.163	10.018	9.993	10.067	10.286
HG03785	9.6253	9.6073	9.883	10.571	10.117	10.235	10.048	9.843	9.812	9.735	9.851	9.817	9.736	8.718	9.877	9.938	9.945	9.995	9.967	9.947	9.906	9.937	9.98
HG03786	9.5573	9.5454	9.8193	10.419	10.166	9.791	9.863	9.799	9.822	9.778	9.883	9.876	9.748	9.209	9.806	10.056	9.785	9.652	9.822	9.916	9.832	9.894	9.854
HG03787	9.6654	9.6127	9.8886	11.626	9.728	10.251	9.788	9.583	10.086	9.963	10.102	9.864	9.878	7.486	9.645	10.025	10.001	9.983	9.881	9.775	9.966	9.976	9.966
HG03788	9.5894	9.6036	9.8792	9.978	10.055	9.757	9.96	9.901	9.681	10.061	9.86	9.541	9.681	9.338	9.93	9.977	9.963	9.898	10.0	10.026	9.834	9.746	9.667
HG03789	9.5972	9.5967	9.8721	9.97	9.975	9.702	9.801	9.878	9.988	9.731	9.723	10.092	9.859	9.661	9.991	9.7	10.126	9.664	9.832	9.889	9.976	10.167	9.77
HG03790	9.7441	9.7495	10.0292	10.668	10.074	9.87	10.121	10.133	9.896	10.173	10.082	10.227	10.033	9.579	9.979	9.969	10.103	9.883	9.829	9.897	9.937	10.106	9.989
HG03792	9.7636	9.7826	10.0633	10.004	10.204	10.091	10.052	9.983	10.126	9.952	10.07	10.219	9.881	9.619	9.944	10.036	10.166	10.086	9.971	10.112	10.221	9.966	10.181
HG03793	9.637	9.6468	9.9237	9.769	10.217	10.193	10.038	9.871	10.106	10.058	10.038	10.14	10.018	9.605	9.878	9.963	10.017	9.78	9.724	9.906	9.738	9.901	9.798
HG03794	9.7031	9.7987	10.0799	9.444	9.269	9.31	9.59	10.245	10.157	10.197	9.827	9.73	10.301	7.612	10.095	10.19	10.221	9.983	10.141	9.973	9.943	10.236	10.107
HG03795	9.2303	9.36	9.6286	8.83	8.927	8.929	9.207	9.458	9.965	9.575	9.563	9.447	9.796	7.465	9.738	9.527	9.549	9.726	9.446	9.643	9.597	9.673	9.677
HG03796	9.6707	9.6877	9.9657	10.587	10.161	10.028	9.951	10.212	10.286	9.991	10.066	9.721	9.061	9.819	9.258	9.033	9.739	9.995	10.082	10.026	10.299	9.986	10.366
HG03797	9.8822	9.8399	10.1223	13.793	10.362	10.306	10.285	10.238	10.126	10.111	10.247	10.109	9.895	8.741	9.952	10.048	10.292	10.076	10.081	10.145	9.993	10.452	10.342
HG03798	9.8737	9.8133	10.0949	12.023	10.468	9.949	10.368	10.055	9.938	10.197	10.38	9.971	9.893	8.533	10.088	9.982	9.913	10.247	10.117	10.09	9.971	10.402	10.447
HG03799	9.6105	9.6225	9.8986	9.586	9.635	9.992	9.838	9.817	10.029	9.801	9.867	9.924	9.689	10.066	9.763	9.754	10.028	9.929	9.918	9.923	9.934	9.87	9.971
HG03800	9.7882	9.7662	10.0464	9.878	10.321	10.029	10.199	10.123	10.103	9.935	9.854	9.81	9.971	10.385	10.302	10.013	10.235	10.081	9.877	10.065	9.917	10.138	10.128
HG03801	9.6876	9.6829	9.9607	9.501	9.425	10.255	10.257	10.218	10.012	10.052	10.397	9.992	9.826	10.082	9.725	9.632	10.19	10.016	9.85	9.994	10.016	10.073	9.782
HG03802	9.7603	9.7879	10.0687	10.372	10.692	9.869	9.824	10.067	10.112	10.196	10.087	9.662	9.84	9.659	10.189	9.825	9.747	10.141	10.049	9.978	9.923	10.351	10.107
HG03803	9.7836	9.7949	10.0759	10.61	10.322	10.453	9.892	10.202	10.294	10.035	10.014	10.124	10.113	8.771	9.914	10.168	9.935	10.05	10.047	10.101	9.821	9.803	10.053
HG03804	9.8177	9.8397	10.1221	10.524	9.963	9.524	9.824	10.076	10.07	10.138	10.406	10.575	10.003	9.763	10.377	10.101	10.157	10.172	10.089	10.124	10.01	10.099	10.112
HG03805	9.6833	9.6807	9.9585	9.933	10.115	10.46	9.915	9.664	10.076	9.924	9.786	10.335	9.642	9.946	9.986	9.962	9.902	9.846	9.819	10.089	10.036	9.937	10.043
HG03806	9.7302	9.7103	9.989	10.334	10.222	10.018	10.227	9.889	10.035	9.937	9.836	9.912	9.72	10.467	9.909	10.022	10.003	9.832	10.121	9.79	9.976	10.357	9.939
HG03807	9.7312	9.7409	10.0204	10.136	9.92	10.098	10.051	10.001	10.015	9.996	10.397	9.979	9.773	9.7	9.838	10.21	9.8	9.863	10.03	9.858	9.972	9.935	10.298
HG03808	9.7385	9.7054	9.9839	10.521	9.884	10.2	10.337	9.942	10.13	9.958	9.883	10.09	9.997	8.402	9.754	9.752	9.99	10.072	10.008	10.041	9.897	10.256	9.928
HG03809	9.7594	9.7211	10.0	11.763	10.028	10.041	10.218	9.807	10.041	9.785	10.069	9.928	10.223	8.771	9.869	10.026	10.138	10.06	10.1	10.134	9.995	10.127	9.978
HG03812	9.8308	9.7793	10.0599	10.482	10.065	10.185	10.165	10.152	10.173	10.41	10.033	10.078	9.96	8.617	10.153	10.058	9.873	10.07	10.142	9.984	10.226	9.943	10.24
HG03814	9.7193	9.7539	10.0338	10.642	9.834	10.084	10.089	10.098	10.138	10.084	9.825	9.572	9.759	8.437	9.955	9.863	10.331	10.302	9.986	10.043	10.014	9.994	9.876
HG03815	9.8345	9.7953	10.0764	10.705	10.193	10.207	10.235	10.011	10.058	10.273	10.021	9.821	9.903	10.585	9.991	10.046	10.066	10.19	10.205	9.99	9.888	10.263	10.132
HG03816	9.6268	9.6188	9.8948	10.322	9.825	9.696	9.845	9.854	10.194	9.761	10.101	9.999	9.866	8.68	9.41	9.918	9.993	10.041	9.96	9.99	9.74	10.002	9.969
HG03817	9.7635	9.7476	10.0273	10.797	9.983	10.168	10.098	10.102	10.092	9.86	9.975	10.199	9.94	10.459	10.024	10.015	9.944	10.055	10.074	9.943	10.015	9.837	9.951
HG03821	9.7127	9.7593	10.0393	8.325	10.596	10.142	9.9	9.968	10.05	10.016	10.269	10.064	9.897	9.504	10.006	10.13	9.856	9.989	10.147	10.135	10.013	10.012	9.831
HG03823	9.8258	9.8235	10.1054	10.26	10.519	10.219	10.057	10.237	10.201	10.175	10.26	10.025	10.033	10.105	10.07	9.929	10.355	9.995	10.177	9.956	10.11	9.883	9.953
HG03824	9.7176	9.705	9.9835	9.92	10.166	10.051	9.908	10.155	9.762	9.715	10.106	9.909	10.036	10.159	9.817	9.972	9.839	9.947	9.857	9.994	10.07	10.119	10.207
HG03825	9.6979	9.678	9.9557	9.748	10.08	9.9	9.885	10.085	10.005	10.258	9.828	10.286	9.892	10.319	9.815	9.967	9.925	9.851	9.753	10.039	9.97	10.2	10.016
HG03826	9.6646	9.7079	9.9865	9.556	10.429	10.274	10.009	9.682	10.118	9.974	9.835	9.965	9.836	8.733	10.03	9.859	9.947	9.944	10.208	9.874	9.942	9.923	10.141
HG03829	9.669	9.6572	9.9343	10.547	10.461	9.983	9.748	10.15	10.036	9.625	9.948	10.211	9.938	8.671	10.132	10.064	10.03	9.907	9.92	9.752	9.992	10.067	9.831
HG03830	9.8358	9.836	10.1182	9.832	10.1	10.168	10.146	10.307	10.15	10.269	10.162	9.853	10.167	10.801	10.148	9.959	9.771	9.808	10.192	10.033	10.222	9.88	10.479
HG03831	9.7594	9.787	10.0678	9.569	10.294	10.228	10.143	10.181	10.065	9.81	10.04	9.826	10.099	9.82	10.046	9.782	9.979	10.141	10.081	10.124	10.105	9.873	10.676
HG03832	9.7016	9.6957	9.9739	10.072	10.152	10.5	10.011	9.88	9.812	10.176	10.094	9.79	9.913	8.385	10.124	9.999	9.988	10.147	10.062	9.7	9.932	10.006	10.024
HG03833	9.8518	9.8231	10.1049	10.889	10.06	10.072	10.125	9.956	10.089	10.026	10.056	10.43	9.979	10.26	10.033	9.958	10.253	10.304	9.986	10.251	10.021	10.008	10.204
HG03834	9.9208	9.8899	10.1737	10.917	10.534	10.025	10.381	10.128	10.215	10.2	10.035	9.894	10.402	8.751	10.24	10.032	10.146	10.084	10.233	10.371	10.263	10.494	10.154
HG03836	9.845	9.8531	10.1358	10.051	10.407	10.218	10.059	10.004	10.106	10.196	10.142	10.011	10.207	10.422	10.051	10.077	10.204	10.066	10.101	10.051	9.981	10.272	10.126
HG03837	9.6693	9.758	10.038	9.562	8.901	9.208	9.659	9.851	10.21	9.942	9.723	9.887	9.743	9.594	10.036	9.735	10.397	9.99	10.318	10.063	10.023	10.272	10.157
HG03838	9.6866	9.6446	9.9213	10.529	9.882	9.821	9.655	9.963	10.078	9.79	10.018	9.845	10.173	9.745	9.803	9.906	10.171	9.858	10.265	9.989	9.901	9.975	9.966
HG03844	9.7979	9.7996	10.0807	10.399	10.25	9.937	10.192	9.927	10.248	10.101	9.875	10.102	10.206	10.161	9.626	10.049	10.207	10.19	10.001	10.047	10.081	9.902	10.108
HG03846	9.2511	9.2953	9.562	10.269	10.004	10.224	9.815	9.725	10.036	9.995	9.932	9.876	9.794	9.7	10.048	9.687	8.965	8.862	8.959	9.027	8.943	8.811	8.953
HG03848	9.6462	9.6551	9.9322	10.141	10.185	10.05	10.082	10.264	10.134	9.951	10.029	9.39	9.688	8.692	9.943	9.798	10.06	9.882	9.914	9.991	9.941	9.702	9.964
HG03849	9.8664	9.8133	10.0949	10.524	9.586	10.167	9.919	10.15	10.051	10.321	10.051	9.897	9.923	10.803	10.357	10.245	9.796	10.277	10.106	10.343	10.061	10.1	10.075
HG03850	9.6509	9.6287	9.905	10.432	10.099	9.81	9.99	9.861	9.945	10.008	10.069	10.06	9.711	8.658	9.41	9.82	10.265	9.85	9.981	10.029	9.956	9.904	9.919
HG03851	10.3094	10.3236	10.6198	11.66	11.114	10.824	11.171	11.173	11.15	10.904	10.863	10.996	10.624	9.917	10.674	11.047	10.394	10.01	10.265	9.986	10.104	9.918	10.276
HG03854	8.744	8.7185	8.9687	9.273	8.929	8.61	8.93	9.247	9.022	9.192	8.9	8.857	8.803	9.248	8.974	8.986	9.151	9.011	9.029	8.994	8.956	8.95	8.87
HG03856	10.3899	10.4995	10.8008	11.81	11.269	11.036	11.212	10.791	10.969	10.803	10.99	11.257	11.006	10.46	11.305	10.934	11.214	10.658	9.955	10.062	10.28	9.927	10.062
HG03857	10.3561	10.3651	10.6625	11.567	11.293	11.197	10.955	10.878	10.984	11.152	11.142	11.225	10.956	11.349	11.08	10.487	10.117	9.979	10.139	10.045	10.046	10.09	10.267
HG03858	9.9017	9.8913	10.1752	10.693	10.284	10.045	10.365	10.031	10.177	10.15	10.117	10.097	10.233	10.402	10.203	9.816	10.016	10.062	10.397	10.055	10.078	10.146	10.031
HG03861	9.8106	9.7582	10.0382	12.732	10.424	9.633	9.95	9.897	10.198	10.102	9.95	9.678	9.726	9.743	10.006	10.057	9.895	10.137	10.073	9.921	10.148	10.255	10.106
HG03862	8.7482	8.7628	9.0142	9.774	9.169	9.244	8.832	9.051	9.024	8.859	8.933	8.99	8.674	8.431	8.987	8.801	9.236	8.707	9.071	8.89	8.999	9.106	9.29
HG03863	9.6545	9.6672	9.9446	9.513	9.683	10.051	9.988	9.881	10.214	9.991	10.048	10.199	9.766	8.4	10.001	9.729	9.791	9.676	10.272	10.178	9.983	9.92	9.915
HG03864	9.7764	9.7781	10.0587	11.679	10.391	9.918	10.057	10.175	10.179	10.166	9.869	10.036	10.185	8.827	10.122	9.748	10.164	9.808	10.235	9.971	9.806	10.014	10.122
HG03866	9.6911	9.6616	9.9388	10.453	10.168	10.269	9.934	9.856	10.009	9.973	9.909	9.855	9.864	10.333	9.827	10.012	9.701	9.977	9.986	9.847	9.97	9.986	9.941
HG03867	9.8269	9.7631	10.0432	11.531	10.349	9.792	10.025	10.012	10.031	10.413	10.046	9.757	10.336	9.918	9.745	9.983	10.138	10.064	10.068	9.771	10.083	10.208	10.285
HG03868	9.7383	9.7283	10.0075	9.182	10.04	10.056	9.825	10.089	10.079	10.003	9.891	10.104	10.136	10.372	10.04	9.934	10.081	9.89	10.134	10.174	9.987	9.937	10.15
HG03869	9.8913	9.8313	10.1134	10.501	10.581	10.28	10.303	10.048	10.346	9.996	9.826	10.25	10.479	10.339	10.305	10.009	10.059	10.129	10.25	9.948	10.16	10.107	10.16
HG03870	9.7144	9.7321	10.0114	10.441	10.557	10.111	10.034	10.197	10.014	9.878	10.045	9.613	9.806	9.759	9.953	10.052	9.972	10.047	10.014	9.811	9.861	9.947	10.184
HG03871	9.681	9.6366	9.9131	10.749	10.192	10.229	9.888	9.733	9.964	9.891	10.067	9.991	9.83	9.267	9.913	9.858	9.931	9.943	9.855	10.084	10.053	9.888	9.95
HG03872	9.7576	9.7838	10.0646	10.198	10.172	9.759	9.788	10.118	10.224	10.1	10.021	10.1	10.079	9.484	10.101	10.062	10.169	9.992	10.172	10.166	10.112	9.99	9.975
HG03873	9.7848	9.7626	10.0428	10.199	10.606	10.275	10.51	9.887	10.391	10.03	10.046	9.802	10.064	10.406	9.967	9.974	9.922	9.854	10.12	10.077	9.898	9.987	10.163
HG03874	9.6932	9.6182	9.8942	10.374	9.837	9.694	9.982	10.078	9.689	9.896	9.797	10.15	9.88	10.315	9.82	10.115	9.985	9.752	9.94	10.058	9.775	10.104	10.121
HG03875	9.6704	9.7028	9.9812	10.637	10.045	9.942	9.987	10.018	9.89	9.814	9.845	9.724	10.009	8.846	9.817	9.951	9.93	10.213	9.841	9.903	10.028	10.106	9.845
HG03882	9.872	9.8788	10.1622	10.365	9.961	10.335	10.07	10.29	10.207	10.046	9.97	9.995	10.164	10.712	9.857	10.085	10.343	9.934	10.239	10.173	10.211	10.262	10.155
HG03884	9.9027	9.9261	10.2109	9.833	10.368	9.596	10.195	10.098	10.179	10.464	10.41	10.176	10.256	10.515	10.404	10.144	9.793	9.929	10.153	9.825	10.325	10.474	10.441
HG03885	9.7405	9.7126	9.9913	10.812	10.445	10.004	10.118	10.049	10.024	9.49	9.795	10.054	9.756	10.223	9.764	9.879	10.275	9.885	10.204	9.825	10.105	10.014	10.015
HG03886	9.7198	9.6999	9.9782	10.4	10.265	10.075	9.851	10.115	10.122	10.037	9.727	9.853	9.795	8.489	10.021	9.889	10.1	9.765	9.928	10.059	9.879	10.224	10.061
HG03887	9.6691	9.6755	9.9531	8.629	9.948	9.927	10.045	10.288	9.982	10.105	9.819	9.533	10.191	10.359	9.764	9.683	10.067	9.931	10.063	10.029	9.942	9.87	9.956
HG03888	9.8265	9.8615	10.1445	10.016	10.303	10.155	10.475	10.093	10.146	10.174	9.903	9.765	9.985	9.624	10.204	10.138	10.192	10.069	10.283	10.228	10.152	10.042	10.241
HG03890	9.6587	9.6559	9.933	9.886	9.674	10.106	10.129	9.922	10.089	9.735	9.955	9.788	10.114	9.969	9.73	9.819	9.752	10.118	9.955	10.009	9.877	9.925	9.835
HG03894	9.6865	9.6844	9.9622	10.623	10.101	9.994	9.859	9.926	10.011	9.88	9.913	10.254	9.827	9.147	9.929	9.695	9.997	9.983	10.02	9.996	9.905	10.024	10.215
HG03895	9.7721	9.7951	10.0762	9.992	9.94	10.026	10.111	10.114	10.206	10.166	10.103	10.223	10.002	10.341	9.706	9.946	10.063	10.015	9.962	9.755	9.941	10.394	10.161
HG03896	9.6187	9.5921	9.8673	10.415	10.256	9.775	9.951	9.671	9.876	9.932	9.7	10.013	9.722	8.55	9.875	9.782	9.652	9.77	10.057	9.913	10.101	9.958	10.052
HG03897	9.9405	9.9127	10.1971	10.424	10.345	10.343	10.071	10.01	10.028	10.209	9.908	10.15	10.099	10.536	10.424	10.353	10.365	10.162	10.329	9.948	10.216	10.313	10.048
HG03898	9.9437	9.9627	10.2486	10.145	10.494	10.244	10.202	10.165	10.419	10.112	10.212	10.09	10.26	9.824	10.459	10.078	10.216	10.051	10.383	10.223	10.431	10.093	10.103
HG03899	10.5073	10.4842	10.785	12.243	10.91	11.436	10.567	10.723	10.705	10.626	10.802	10.774	10.704	10.153	10.539	10.983	10.753	10.741	10.85	10.696	11.077	10.835	10.88
HG03900	9.6307	9.6504	9.9273	8.993	9.991	9.939	9.967	9.97	10.249	10.016	9.617	10.067	9.875	9.551	9.854	9.857	9.856	9.981	9.915	9.968	9.842	9.919	10.075
HG03902	9.8392	9.8058	10.0871	10.62	10.114	10.379	10.111	10.036	10.199	10.19	10.061	10.094	10.131	10.356	10.009	9.8	9.998	10.101	10.172	9.894	10.119	10.187	10.089
HG03904	9.8505	9.8968	10.1808	8.784	10.036	10.403	10.17	10.258	10.185	10.183	10.224	9.679	9.795	10.603	10.213	10.174	10.342	10.197	10.058	10.203	10.127	10.268	10.207
HG03905	9.58	9.6467	9.9235	8.547	10.048	10.117	10.196	10.059	9.989	9.992	10.177	9.735	9.701	9.515	9.818	9.717	9.756	9.948	10.091	9.977	9.89	9.672	9.778
HG03906	9.769	9.8382	10.1205	9.703	10.135	10.187	10.114	9.975	10.092	10.008	10.224	9.912	9.991	10.358	10.172	9.811	10.125	10.135	10.277	9.923	9.989	10.193	10.158
HG03907	9.8073	9.7389	10.0183	11.426	10.009	9.993	9.815	10.174	10.082	9.981	10.183	10.092	9.858	10.359	9.845	10.077	9.92	9.985	9.847	10.206	10.308	10.02	10.084
HG03908	9.8227	9.7575	10.0374	10.726	10.47	10.193	9.907	10.325	10.19	10.277	10.187	10.023	9.888	9.864	9.972	9.916	9.959	10.15	10.073	10.031	10.0	9.987	10.055
HG03909	9.9544	9.92	10.2046	12.003	10.299	10.543	10.449	10.19	10.231	10.13	10.362	9.968	10.108	9.287	9.997	9.903	10.337	10.007	10.155	10.269	10.263	10.133	10.337
HG03910	9.6719	9.6723	9.9499	10.331	9.924	9.694	10.054	9.938	9.907	9.942	9.908	9.878	9.966	10.12	9.906	9.957	10.121	9.832	9.883	9.772	9.747	10.045	9.998
HG03911	9.7228	9.6882	9.9661	10.579	9.663	10.147	9.951	9.926	10.073	9.964	9.97	9.85	10.095	9.603	9.839	9.969	9.836	9.936	10.121	9.896	10.032	10.219	10.121
HG03913	9.733	9.7035	9.9819	11.355	9.899	10.04	9.913	10.056	10.0	9.822	9.928	10.113	10.012	9.444	9.778	10.011	9.959	9.831	10.15	10.16	9.94	10.063	10.045
HG03914	9.2058	9.5044	9.7771	9.215	10.364	9.878	9.769	9.709	9.941	9.514	9.918	9.828	9.997	8.483	10.232	9.967	9.758	9.513	8.955	8.643	9.054	8.82	9.016
HG03915	9.6751	9.6621	9.9394	10.842	9.84	10.412	10.218	9.881	9.861	9.731	9.978	10.007	9.691	9.617	9.98	9.992	10.009	9.819	9.996	9.942	9.904	10.252	9.492
HG03916	10.3801	10.4916	10.7926	11.981	11.331	11.026	10.718	10.78	11.072	11.155	10.87	10.524	10.946	8.95	10.94	10.841	11.062	10.957	10.77	10.087	10.139	9.961	10.098
HG03917	10.3781	10.4868	10.7877	11.318	11.535	10.563	10.926	10.983	10.794	10.703	11.034	10.705	11.044	9.769	10.704	11.048	11.102	10.825	10.737	10.084	10.316	9.919	9.915
HG03919	9.5693	9.6182	9.8942	10.754	10.12	10.146	9.769	9.884	10.0	9.94	9.963	10.033	9.935	9.411	10.129	10.208	10.057	9.888	10.097	9.606	9.22	9.1	9.085
HG03920	9.6773	9.6549	9.9319	10.433	8.831	9.439	9.0	9.812	9.827	10.192	10.297	10.011	9.94	9.719	10.196	9.959	9.971	9.959	9.825	10.143	10.01	10.122	10.078
HG03922	9.7933	9.8589	10.1418	9.155	10.531	10.185	10.043	9.995	10.177	10.066	10.076	10.234	10.272	10.466	9.796	10.001	10.032	10.167	10.015	10.124	10.059	10.103	10.018
HG03925	10.7368	10.7779	11.0872	14.22	11.395	11.213	11.111	11.293	11.196	11.285	10.822	10.889	10.736	10.624	11.239	11.332	11.06	11.202	11.115	11.198	11.023	10.125	9.869
HG03926	9.5733	9.6509	9.9278	9.669	9.59	10.086	9.53	9.981	9.774	9.886	9.878	10.034	9.484	8.744	9.704	9.943	10.123	9.883	9.927	9.983	9.94	9.862	10.106
HG03927	9.6183	9.6257	9.9019	9.271	9.594	10.114	10.132	9.716	9.975	9.996	10.133	9.676	9.825	9.594	9.632	9.693	10.08	10.057	9.953	10.123	9.992	9.823	9.989
HG03928	9.7148	9.7897	10.0706	9.454	10.277	9.547	9.958	10.1	10.152	10.136	10.185	9.74	9.985	9.602	9.847	9.846	10.064	10.135	9.946	10.323	9.834	9.987	10.203
HG03929	10.0312	10.0394	10.3275	11.101	10.588	10.533	10.682	10.288	10.38	10.43	10.221	9.96	10.258	8.704	9.984	10.276	10.15	10.027	10.166	10.225	10.517	10.584	10.595
HG03930	9.8375	9.8631	10.1461	9.983	10.653	9.822	10.247	10.054	10.01	10.055	10.209	10.199	9.857	9.765	9.991	10.24	10.328	10.259	10.218	10.081	10.05	10.223	10.139
HG03931	9.5579	9.6218	9.8979	8.959	10.115	10.014	9.76	9.978	9.924	9.437	9.728	10.283	9.871	9.716	9.832	9.916	9.63	9.654	9.863	9.967	9.928	10.036	9.759
HG03934	9.7577	9.7874	10.0682	10.462	9.745	10.374	10.167	9.925	10.146	10.178	10.143	10.012	10.166	8.574	10.18	9.915	9.754	9.896	10.097	9.962	10.213	10.177	9.659
HG03937	9.5881	9.6029	9.8785	11.465	9.91	9.741	9.837	9.914	9.577	9.832	9.822	9.973	9.55	8.602	9.746	9.817	10.26	9.627	9.712	9.975	10.017	9.845	10.024
HG03940	9.655	9.6277	9.904	10.31	9.902	10.114	9.937	9.889	9.995	9.933	10.017	9.775	9.728	10.226	9.903	9.89	9.683	9.723	9.941	9.956	9.651	9.976	9.814
HG03941	10.5739	10.662	10.968	12.787	11.291	11.124	11.229	11.184	11.376	11.162	10.847	11.135	11.065	10.038	10.768	11.364	10.958	11.047	10.918	10.181	10.206	9.99	10.58
HG03942	10.5932	10.648	10.9536	11.472	11.326	10.954	11.43	11.087	11.539	11.122	11.055	11.065	10.934	10.781	10.675	11.285	11.021	11.126	10.863	10.011	10.244	10.052	10.348
HG03943	10.2937	10.2662	10.5608	11.688	11.27	10.985	10.773	10.928	10.933	10.681	10.546	10.901	10.967	11.161	10.803	10.974	9.919	9.95	10.046	10.001	10.242	9.707	10.261
HG03944	9.9488	9.9194	10.2041	10.345	10.379	10.396	10.274	10.156	10.288	10.156	10.083	9.783	10.093	9.56	10.23	10.37	10.163	10.24	10.294	10.181	10.235	10.356	10.513
HG03945	8.8074	8.8328	9.0862	9.669	9.112	9.12	9.134	8.879	9.052	9.063	9.104	9.037	8.972	8.469	9.083	9.138	9.038	8.933	9.153	8.893	9.089	9.052	8.979
HG03947	10.1952	10.4162	10.715	8.713	11.076	11.043	10.791	10.589	10.871	10.851	10.881	10.653	10.98	9.677	10.797	10.731	10.54	10.916	10.708	9.85	9.938	10.093	9.974
HG03949	9.7804	9.7553	10.0352	10.192	10.43	10.005	10.121	10.061	9.982	10.046	9.792	10.277	10.024	10.525	10.109	9.699	10.043	9.881	10.134	9.975	10.096	10.103	10.214
HG03950	9.8239	9.6951	9.9732	10.044	11.238	11.341	10.864	10.836	10.407	9.766	9.858	10.106	9.762	10.315	10.212	9.681	9.854	9.709	9.814	10.231	10.155	10.027	9.847
HG03951	9.6445	9.7373	10.0167	9.501	10.348	9.79	10.193	9.977	9.866	9.761	9.996	10.039	10.102	9.408	9.815	10.124	10.003	9.948	9.96	9.698	10.066	9.905	10.12
HG03953	9.5773	9.541	9.8147	10.716	10.089	9.383	9.845	9.798	9.883	9.843	9.852	9.56	9.852	9.434	9.463	9.565	9.886	9.824	9.871	9.613	9.894	10.079	9.987
HG03955	9.839	9.7842	10.0649	10.906	10.388	10.404	10.067	10.037	10.087	9.926	10.001	9.685	10.192	9.95	10.266	10.063	9.913	10.11	10.132	10.199	10.079	9.807	10.282
HG03960	10.2298	10.3752	10.6729	10.776	10.332	10.692	11.203	11.411	10.773	10.828	10.513	11.165	10.737	11.435	10.95	10.962	10.865	10.421	10.086	9.714	9.916	9.892	10.273
HG03963	9.6522	9.7048	9.9833	9.077	10.135	9.892	9.969	9.793	10.217	10.217	10.026	9.831	10.072	9.489	9.811	9.701	9.919	9.717	10.242	9.995	9.782	10.028	9.969
HG03965	9.9524	9.9794	10.2658	9.853	10.639	10.354	10.235	10.312	10.313	9.979	10.169	10.145	10.293	10.089	10.032	10.408	10.203	10.419	10.054	10.518	10.168	10.2	10.319
HG03967	9.7844	9.802	10.0832	9.96	10.6	10.386	10.143	10.142	10.086	10.163	10.188	10.052	9.984	9.579	9.962	9.875	10.183	10.087	10.016	10.057	10.235	9.842	9.943
HG03968	9.875	9.8539	10.1366	10.798	10.491	10.632	10.163	10.263	10.052	10.176	10.06	10.101	10.005	10.611	10.006	9.72	10.111	10.204	10.111	10.052	10.096	9.957	10.041
HG03969	9.6813	9.6742	9.9518	11.034	10.297	10.098	10.005	10.012	9.98	9.949	9.89	9.694	10.021	9.412	9.726	9.971	9.772	10.043	9.973	9.779	9.862	9.948	10.089
HG03971	9.6199	9.667	9.9443	10.388	9.871	10.005	9.77	10.007	10.035	9.933	9.955	10.061	9.877	8.591	9.879	9.878	10.264	9.956	9.717	9.927	9.687	9.954	9.723
HG03973	9.7907	9.7558	10.0358	10.496	10.09	10.113	9.881	9.925	10.0	10.199	10.254	10.037	10.157	10.251	10.549	9.796	10.237	10.064	9.847	9.951	10.047	10.022	10.045
HG03974	9.6325	9.6896	9.9677	9.909	9.6	9.693	10.031	9.732	9.987	9.758	9.905	9.947	9.837	10.314	9.992	9.861	10.033	10.017	9.698	9.996	9.674	9.979	9.918
HG03976	9.7665	9.7231	10.0021	10.493	10.354	9.956	9.921	9.805	10.081	10.125	10.07	10.011	10.045	9.361	9.92	10.044	10.207	10.055	9.943	10.117	9.905	10.005	9.914
HG03977	10.189	10.3363	10.6329	12.469	10.771	10.679	10.623	11.047	10.613	10.842	10.75	10.774	10.762	8.263	10.512	10.727	10.659	10.661	10.591	9.757	10.008	9.766	9.843
HG03978	9.692	9.7294	10.0086	10.144	10.191	9.95	10.1	9.925	10.03	10.105	10.001	10.085	9.976	9.891	10.094	9.577	9.989	9.989	9.97	9.916	9.919	9.749	10.153
HG03985	9.6521	9.664	9.9413	10.353	10.374	9.97	9.761	10.044	9.974	9.884	9.638	9.884	9.957	8.523	10.002	9.931	10.222	9.841	9.978	10.051	9.831	9.854	9.942
HG03986	9.9919	9.9967	10.2836	10.913	10.056	9.903	10.503	10.257	10.272	10.255	10.444	10.293	10.09	9.944	10.345	10.489	10.206	10.08	10.205	10.132	10.257	10.391	10.323
HG03989	10.3356	10.5582	10.8612	11.155	11.078	11.357	10.976	10.93	11.296	11.105	11.041	10.814	11.327	10.737	11.037	10.987	10.0	10.131	9.974	9.926	10.082	9.889	10.233
HG03990	9.6304	9.6744	9.952	9.269	10.141	10.108	9.811	9.873	10.068	9.942	10.235	9.894	9.829	9.358	9.809	9.724	9.758	10.12	9.79	9.996	10.168	9.987	10.051
HG03991	9.741	9.767	10.0473	9.653	10.283	10.11	9.83	9.982	9.992	10.019	9.901	10.166	9.991	10.338	10.229	10.047	9.866	10.043	10.054	10.223	10.026	9.909	9.971
HG03992	9.8329	9.7707	10.0511	10.484	9.676	10.278	10.039	9.89	10.166	10.187	10.45	9.972	10.067	10.549	10.193	9.918	10.029	10.19	9.899	10.229	10.076	9.95	10.093
HG03995	9.8065	9.8355	10.1177	10.112	10.31	10.255	10.089	10.136	10.289	10.137	10.107	9.879	10.1	8.629	10.074	9.892	9.765	10.156	10.009	10.239	10.154	10.159	10.234
HG03998	9.7036	9.7406	10.0201	8.782	10.144	10.006	10.046	10.033	10.026	10.102	9.932	10.317	10.125	10.182	9.934	9.813	10.114	10.057	9.936	9.843	10.109	9.864	10.113
HG03999	9.7547	9.7617	10.0418	10.451	10.389	10.103	9.904	10.055	9.76	9.959	9.87	9.64	10.081	9.732	10.277	9.924	10.19	9.936	9.984	10.016	10.11	10.124	10.091
HG04001	9.4572	9.6062	9.8818	11.189	10.11	10.058	10.127	10.107	9.763	9.664	10.064	9.915	10.121	9.71	10.364	10.152	9.823	9.563	9.165	9.032	9.05	9.303	9.053
HG04002	9.8305	9.7662	10.0464	11.026	10.331	9.951	10.18	9.976	10.19	10.096	9.937	9.979	10.015	10.723	10.035	9.991	9.946	9.987	10.257	9.981	9.946	10.315	10.193
HG04003	9.7745	9.8209	10.1027	9.496	9.944	10.006	10.082	9.953	10.013	10.135	10.225	10.149	9.976	10.086	10.176	10.2	9.948	10.172	10.059	10.079	9.824	10.036	10.245
HG04006	9.5892	9.622	9.8981	9.746	10.473	9.896	9.954	9.799	9.936	9.542	9.87	9.669	9.59	9.374	9.746	9.975	10.071	9.725	9.975	9.914	9.913	9.874	10.174
HG04014	8.5107	8.6756	8.9245	9.612	9.309	9.021	8.981	8.928	8.994	8.741	9.111	8.877	9.071	8.721	9.123	9.115	9.114	8.835	8.112	7.957	8.258	8.097	8.159
HG04015	9.9231	9.8391	10.1214	10.59	10.041	9.903	10.479	9.881	10.245	10.389	10.228	10.012	9.961	10.56	10.341	10.395	10.211	9.993	9.856	10.092	10.244	10.172	10.185
HG04017	9.9005	9.9365	10.2216	9.513	10.304	10.361	10.006	10.255	10.372	10.243	10.033	10.074	10.283	10.397	10.225	10.071	10.863	10.161	10.095	10.32	9.962	10.25	10.07
HG04018	9.8271	9.7644	10.0446	10.845	10.322	10.236	10.237	10.098	10.269	9.905	9.942	10.231	10.089	10.317	9.602	9.766	10.017	10.264	9.919	9.913	10.015	9.861	10.688
HG04019	9.5913	9.5987	9.8741	10.252	10.32	9.655	9.922	9.841	9.973	9.813	9.806	10.115	9.881	9.332	9.953	9.864	9.7	9.88	9.816	9.777	9.901	9.666	9.93
HG04020	9.7028	9.6524	9.9294	11.409	10.255	10.072	10.283	9.741	9.812	10.015	10.018	9.462	9.81	10.095	9.619	9.876	10.007	10.007	9.981	9.739	9.952	9.783	10.163
HG04022	9.6705	9.6469	9.9237	10.028	10.041	9.495	9.756	9.919	9.91	9.784	9.877	10.134	9.827	10.07	10.043	9.991	9.846	9.886	10.117	9.85	9.983	9.945	10.1
HG04023	9.6817	9.6584	9.9355	11.712	10.412	9.757	9.876	9.896	9.961	10.068	9.929	9.803	9.727	9.745	9.825	9.862	9.905	9.915	9.822	9.906	9.815	9.926	10.125
HG04025	9.6985	9.6408	9.9175	10.506	10.117	10.163	10.17	9.8	9.997	9.874	9.943	9.912	9.618	9.506	9.703	10.118	9.894	10.193	9.921	10.013	10.222	10.09	10.107
HG04026	9.8257	9.8041	10.0854	10.843	10.235	10.054	9.983	10.141	10.266	10.008	9.968	10.137	9.831	10.434	9.954	9.91	10.07	9.886	10.083	10.042	10.151	10.227	10.197
HG04029	9.6706	9.7075	9.9861	9.01	10.289	10.086	9.863	10.02	10.106	10.255	10.094	9.627	9.936	10.369	9.814	9.865	9.948	9.75	10.076	9.907	10.027	9.93	10.018
HG04033	9.7283	9.7257	10.0047	10.625	10.316	9.934	9.658	9.946	9.985	10.096	10.113	9.705	10.107	10.31	10.012	10.024	10.053	9.863	10.079	9.877	9.943	9.917	10.117
HG04035	9.5508	9.51	9.7829	10.244	9.892	9.824	10.171	9.671	9.95	9.61	9.615	9.586	9.724	10.237	9.763	9.793	9.889	9.681	9.599	9.982	9.853	10.09	9.643
HG04036	10.3313	10.3566	10.6537	11.424	10.898	10.801	11.004	10.814	11.122	11.012	11.004	11.218	10.896	10.838	11.012	11.004	10.336	10.217	9.908	10.021	10.073	10.111	10.155
HG04038	9.6325	9.6263	9.9025	9.603	9.776	9.596	9.77	9.967	9.938	10.099	9.832	9.694	9.984	10.462	10.004	9.958	9.87	9.883	9.777	9.884	9.861	9.993	9.995
HG04039	9.8609	9.7687	10.049	11.137	10.304	9.908	10.078	9.905	9.92	9.799	9.782	10.218	9.654	11.528	11.038	10.379	10.088	10.038	10.078	9.981	10.042	10.241	10.156
HG04042	10.6766	10.6597	10.9656	11.199	11.524	11.267	11.077	10.898	11.028	10.902	10.797	10.895	11.13	10.5	11.162	10.831	10.925	10.965	11.045	10.861	11.053	10.985	10.853
HG04047	9.7527	9.7228	10.0018	11.246	10.307	10.01	9.972	9.991	10.182	9.903	9.984	9.895	9.962	8.635	10.253	9.926	9.855	9.978	9.937	9.933	10.201	9.926	10.305
HG04054	9.61	9.5948	9.8702	12.353	10.242	9.657	9.744	9.849	9.89	9.748	10.097	9.806	9.975	8.612	9.721	9.982	9.782	9.722	9.687	9.758	10.015	9.931	10.009
HG04056	9.767	9.8021	10.0833	10.589	10.169	10.254	9.955	10.046	9.944	9.988	10.058	10.163	9.84	8.893	10.01	9.941	9.974	10.092	10.103	10.017	9.917	10.1	10.332
HG04059	9.8503	9.8602	10.1431	10.487	10.089	9.507	10.21	10.055	10.205	10.153	10.164	10.184	10.199	9.703	10.257	10.071	10.078	10.067	9.96	10.063	9.918	10.103	10.269
HG04060	8.8372	8.878	9.1328	7.73	9.159	9.066	9.254	9.029	9.003	9.044	9.145	9.24	9.264	9.544	8.94	9.217	9.346	9.199	9.02	9.126	9.21	9.033	9.055
HG04061	9.7789	9.7741	10.0545	10.237	10.602	9.914	10.103	9.954	10.373	10.005	10.081	10.142	9.811	8.666	10.141	9.91	10.197	10.078	10.009	10.237	10.03	10.151	10.356
HG04062	9.8576	9.9038	10.188	10.667	10.646	10.203	10.211	10.256	10.125	10.253	9.999	10.437	10.014	9.461	9.994	9.879	9.99	10.167	10.185	10.218	9.996	10.168	10.244
HG04063	9.7171	9.7062	9.9847	8.728	10.223	9.84	10.2	10.05	10.051	9.705	9.809	10.234	10.101	10.575	9.804	9.996	9.772	10.124	10.013	10.115	10.197	9.959	10.082
HG04070	10.8966	11.3004	11.6246	12.632	11.955	12.131	12.173	11.904	11.796	11.773	11.73	11.769	11.855	11.757	12.097	11.91	10.737	10.147	9.854	10.085	10.077	9.938	10.206
HG04075	9.8712	9.8726	10.1558	10.852	10.335	10.424	10.236	10.069	10.242	10.184	10.204	10.045	9.818	9.712	10.246	10.302	10.008	9.977	10.16	9.996	10.194	10.01	10.279
HG04076	9.6443	9.6633	9.9405	10.369	9.841	9.596	9.996	9.713	9.888	9.903	9.815	9.848	10.019	8.594	9.479	10.155	10.061	10.061	10.155	9.917	9.8	9.898	9.944
HG04080	9.8773	9.8366	10.1189	10.623	10.387	10.036	10.07	9.923	10.354	10.212	10.329	10.196	9.903	10.45	10.256	9.893	9.836	10.031	10.051	10.137	10.105	9.995	10.473
HG04090	9.957	9.8998	10.1838	10.968	10.184	10.343	10.022	10.227	10.217	10.162	9.976	10.108	10.425	10.766	10.221	10.329	10.533	10.086	10.216	10.073	10.115	10.016	10.294
HG04093	8.8023	8.8548	9.1089	7.847	9.519	9.511	9.103	9.043	9.12	9.359	8.99	8.957	9.244	8.51	8.736	9.091	9.099	8.98	9.064	8.933	9.15	9.234	9.097
HG04094	9.8142	9.7949	10.076	10.667	10.572	10.101	10.372	10.141	10.024	10.317	10.017	9.968	9.955	8.878	10.002	10.082	10.266	10.431	10.095	10.073	9.844	9.946	10.062
HG04096	9.6801	9.6222	9.8983	11.112	10.586	10.106	9.637	9.814	9.692	9.747	9.579	9.694	10.065	9.642	10.1	9.834	9.876	10.087	9.949	10.041	9.934	10.045	10.136
HG04098	9.7596	9.8332	10.1153	9.369	10.407	9.797	10.253	9.999	10.192	10.142	9.954	9.858	9.874	9.586	10.082	9.987	10.302	10.07	9.838	10.02	10.392	10.163	10.261
HG04099	9.6966	9.6875	9.9655	11.368	10.002	9.956	10.314	10.105	9.622	9.934	10.072	9.821	10.206	10.408	9.797	10.037	9.844	9.894	9.815	9.893	9.975	9.772	9.969
HG04100	9.7403	9.6837	9.9616	13.02	10.444	9.88	10.015	9.896	10.021	9.91	10.092	9.611	9.92	8.728	10.274	9.931	10.095	9.966	9.948	9.964	9.899	10.119	10.147
HG04106	9.7458	9.7322	10.0114	9.928	10.24	9.654	10.072	10.124	9.968	10.032	9.899	10.059	9.945	10.088	9.753	10.086	10.042	10.027	9.993	9.896	10.086	10.076	10.042
HG04107	9.6808	9.6248	9.901	10.839	9.952	10.243	9.852	9.947	10.244	9.859	9.697	10.018	9.824	8.708	9.991	9.892	9.956	9.851	9.878	10.156	9.974	9.911	9.947
HG04115	9.8561	9.7762	10.0567	10.311	10.226	9.981	10.069	10.287	10.304	10.271	10.295	10.283	10.012	9.551	9.883	9.906	9.914	10.127	10.068	10.018	10.197	10.119	10.424
HG04118	9.6809	9.6505	9.9274	10.364	10.182	9.926	9.653	9.849	10.075	10.014	9.829	9.693	9.885	10.123	9.644	9.91	10.114	10.092	10.01	9.962	9.878	9.802	9.988
HG04122	9.816	9.8455	10.128	10.394	10.411	10.167	10.342	10.322	10.006	9.803	10.234	9.989	9.914	9.556	10.177	10.368	10.127	10.065	10.047	9.96	10.217	10.202	10.045
HG04127	10.3817	10.376	10.6737	11.482	11.34	10.852	11.191	11.395	11.064	10.785	11.068	10.99	10.881	11.519	11.015	11.105	9.991	10.151	10.063	10.012	9.913	10.067	10.184
HG04131	9.8195	9.7648	10.045	10.991	10.441	10.721	10.025	10.113	10.166	10.001	10.161	9.668	9.859	10.25	9.963	10.088	9.941	10.071	9.874	10.016	10.24	10.039	10.219
HG04132	9.8469	9.8148	10.0964	10.75	10.349	10.202	10.036	10.046	9.8	10.087	9.97	10.037	10.087	10.569	10.092	10.248	10.035	9.895	10.174	10.007	10.236	10.355	10.056
HG04133	9.8212	9.7781	10.0587	10.756	10.291	10.067	10.084	10.077	9.95	10.201	10.028	9.863	10.124	10.509	9.85	10.096	10.117	10.084	10.027	9.954	10.132	10.154	10.181
HG04134	9.7837	9.7786	10.0592	10.543	10.186	10.108	9.967	9.924	10.213	10.022	9.76	9.976	9.953	10.12	9.515	9.748	10.128	10.069	10.111	10.08	10.061	10.342	10.177
HG04135	9.8292	9.8878	10.1716	9.692	10.491	10.01	10.199	10.081	10.248	9.747	10.268	10.293	10.082	9.675	10.403	10.183	10.013	10.172	10.074	10.154	9.989	10.074	10.325
HG04136	9.9186	9.8608	10.1438	10.346	9.986	10.174	9.982	10.263	10.236	10.164	10.208	10.072	10.298	10.837	9.972	10.082	10.081	10.343	10.344	10.157	10.009	10.157	10.301
HG04140	9.8809	9.8457	10.1282	11.48	10.283	10.313	10.243	10.014	10.224	10.043	9.884	9.83	10.348	9.654	10.023	10.202	10.185	10.203	10.102	10.172	10.28	9.998	10.099
HG04141	9.8735	9.8667	10.1498	10.892	10.432	10.341	10.08	9.883	10.33	10.188	10.403	10.134	10.064	9.365	9.982	10.133	10.276	10.16	10.054	10.121	10.285	9.857	10.163
HG04142	9.8327	9.7786	10.0592	10.654	10.09	10.333	9.965	9.895	10.005	10.092	10.021	9.998	10.089	10.652	9.988	10.043	9.91	10.27	9.995	10.218	10.089	10.089	9.992
HG04144	9.4918	9.5309	9.8044	9.713	9.938	9.588	9.985	9.631	9.807	9.871	9.928	9.848	9.567	8.63	9.589	9.85	9.923	9.921	9.595	9.957	9.632	10.025	9.908
HG04146	9.6235	9.6295	9.9058	10.897	9.932	9.927	9.982	9.527	10.19	10.136	9.936	9.853	9.776	9.307	9.847	9.751	10.055	9.881	10.01	9.957	9.721	9.703	9.694
HG04147	9.4564	9.6086	9.8843	8.584	10.785	10.066	10.029	10.123	9.985	10.035	9.858	9.656	9.978	7.866	10.157	9.887	9.767	9.867	9.942	9.758	8.85	8.989	9.07
HG04148	9.5704	9.6774	9.9551	10.093	10.318	10.153	10.147	10.095	10.406	10.092	9.864	10.05	9.865	9.629	10.016	10.003	10.198	9.609	9.972	9.452	9.16	9.18	8.985
HG04149	9.7664	9.7947	10.0758	10.006	9.993	9.953	10.44	10.038	9.911	10.188	10.133	10.161	10.137	9.814	9.965	10.033	10.181	10.0	9.755	9.986	10.096	10.166	10.091
HG04150	10.7065	10.6654	10.9714	11.558	11.053	10.493	10.969	10.937	10.931	10.962	11.187	11.101	10.899	10.813	11.025	11.03	11.307	11.091	10.927	10.806	10.819	11.124	10.756
HG04151	10.8022	10.7876	11.0971	11.807	11.193	10.83	11.054	11.243	11.041	11.041	11.331	11.449	10.914	10.107	10.846	11.035	11.243	11.095	11.026	11.183	11.08	10.867	11.168
HG04152	9.7785	9.7635	10.0436	10.948	10.334	10.063	10.32	10.014	9.977	10.206	10.147	10.086	10.091	8.802	9.795	10.23	10.175	9.905	10.101	10.153	10.041	9.876	9.926
HG04153	9.9454	9.9458	10.2312	9.925	10.31	10.268	10.439	10.233	10.434	10.591	10.116	10.212	9.986	10.315	9.981	10.253	10.018	10.235	10.188	10.503	10.338	10.09	10.023
HG04155	9.5367	9.5613	9.8357	9.357	9.972	9.956	9.66	9.934	9.899	9.969	9.783	9.799	9.698	10.097	9.726	9.693	10.119	9.911	9.811	9.765	9.874	9.718	9.894
HG04156	9.7381	9.7317	10.011	10.107	10.349	10.492	10.191	10.052	9.822	10.277	10.15	9.938	10.176	10.483	9.944	9.98	10.012	9.772	10.045	9.807	9.948	9.95	10.082
HG04157	9.8052	9.8154	10.0971	9.284	9.746	10.357	10.06	10.172	10.183	10.335	10.253	10.221	10.089	10.522	9.726	10.021	9.886	9.943	10.129	10.041	10.143	10.049	10.213
HG04158	9.8062	9.7825	10.0632	11.067	10.281	10.313	10.186	10.104	10.238	9.874	9.882	9.99	9.873	9.669	10.174	10.111	9.977	10.109	10.152	9.96	9.985	9.895	10.189
HG04159	9.7524	9.7448	10.0244	11.08	10.27	9.829	9.923	10.055	9.875	10.224	9.911	9.875	9.962	9.823	10.051	10.028	9.908	9.951	9.874	10.02	10.043	10.095	10.181
HG04160	9.9709	9.9575	10.2432	10.631	10.311	10.554	10.235	10.328	10.091	10.301	10.416	10.57	10.132	9.927	10.359	10.065	10.352	10.448	10.383	9.954	10.236	10.204	10.211
HG04161	9.9041	9.8753	10.1586	10.864	10.378	10.166	10.144	10.336	10.211	10.046	9.913	10.162	10.195	8.867	10.043	9.952	10.295	10.299	10.29	10.232	10.166	10.118	10.2
HG04162	9.8149	9.7604	10.0404	10.818	10.716	10.138	9.996	10.029	9.937	9.851	9.877	10.021	10.355	10.45	9.954	10.012	10.239	10.22	10.128	10.079	9.985	9.967	10.11
HG04164	9.713	9.7064	9.9849	11.555	10.382	9.99	10.048	10.024	9.941	9.896	9.952	9.87	10.23	10.304	9.62	9.813	9.922	9.752	9.928	9.979	9.973	10.001	9.984
HG04171	9.833	9.8375	10.1198	10.67	9.945	10.13	10.087	10.073	10.184	10.283	10.419	10.008	10.144	9.131	9.791	9.917	10.168	10.117	10.056	10.161	10.075	10.372	9.922
HG04173	10.0237	9.9995	10.2865	10.835	10.205	10.347	10.552	10.085	10.23	10.569	10.604	10.349	10.278	10.986	10.278	10.281	10.279	10.24	10.144	10.303	10.375	10.021	10.235
HG04174	9.9004	9.9239	10.2086	10.329	10.289	10.011	10.464	10.034	10.177	10.174	10.155	10.404	10.126	9.842	10.201	10.026	10.103	10.185	10.305	10.216	10.046	10.292	10.17
HG04175	9.987	9.9222	10.2069	10.534	10.477	10.21	10.273	9.948	10.393	10.252	10.281	10.33	10.174	10.517	10.261	10.095	10.128	10.201	10.232	10.123	10.274	10.302	10.197
HG04176	9.5933	9.5096	9.7824	10.617	10.192	9.984	9.63	9.745	9.904	9.991	9.892	9.585	9.684	10.293	9.845	9.993	9.965	9.809	9.867	9.761	9.762	9.561	9.817
HG04177	9.8758	9.9334	10.2184	10.03	10.519	10.03	10.044	10.198	10.199	10.29	10.316	10.541	10.02	9.826	10.417	10.159	9.985	10.157	10.131	10.222	10.201	10.275	10.005
HG04180	9.8549	9.8068	10.0882	12.063	10.079	9.996	9.946	10.12	10.322	10.34	10.095	10.314	10.124	10.313	10.011	9.976	9.813	10.019	9.994	10.136	10.08	10.071	10.037
HG04182	9.9916	9.9624	10.2483	10.674	10.699	10.583	10.25	10.062	10.278	10.246	10.373	10.142	10.414	10.833	10.205	10.448	10.393	10.252	10.084	10.175	10.197	10.164	10.096
HG04183	9.6944	9.7136	9.9924	8.355	9.112	10.077	9.864	9.832	9.972	9.992	9.985	10.148	9.859	10.318	9.841	10.301	9.866	9.969	9.975	10.034	10.091	10.132	10.077
HG04184	9.8967	9.8994	10.1835	8.926	9.568	10.181	10.239	10.058	10.11	10.2	10.387	10.465	10.418	10.562	10.105	10.27	10.11	10.112	10.131	10.391	10.168	10.17	10.067
HG04185	9.7612	9.704	9.9824	10.535	10.119	9.832	9.68	9.877	9.805	9.974	9.999	10.064	9.946	10.66	10.046	10.141	9.877	10.193	9.941	10.15	10.029	9.963	10.147
HG04186	9.8461	9.8338	10.1159	10.399	10.308	10.419	10.159	10.294	10.091	9.937	9.939	10.003	10.294	9.653	10.429	10.074	10.044	10.08	9.856	10.085	10.027	10.193	10.437
HG04187	9.8122	9.7462	10.0258	10.594	9.855	9.842	10.188	10.063	9.815	9.955	10.101	10.118	9.976	9.492	10.251	10.263	9.918	10.151	10.053	10.139	10.159	10.141	10.152
HG04188	9.6481	9.6305	9.9069	12.491	10.231	10.442	9.766	10.011	9.725	10.192	9.868	9.597	9.798	7.292	9.744	9.724	9.985	10.004	10.005	9.942	9.995	9.553	9.925
HG04189	9.722	9.6864	9.9643	10.059	10.411	9.662	10.067	10.025	10.004	10.197	10.153	10.319	9.793	10.48	9.537	9.793	10.1	9.907	9.945	9.927	10.037	10.027	9.951
HG04191	9.6168	9.6718	9.9493	9.864	10.002	9.848	10.083	9.849	10.064	9.802	10.131	9.864	9.838	9.519	9.858	9.855	9.783	9.816	9.92	9.579	9.902	10.276	10.278
HG04192	9.9543	9.9816	10.268	10.633	10.475	10.416	10.227	10.346	9.979	10.521	10.423	10.004	10.025	9.754	10.259	10.177	10.142	10.467	9.839	10.307	10.213	10.353	10.319
HG04193	9.892	9.889	10.1727	10.593	10.353	10.341	10.237	10.045	10.131	10.108	10.028	10.276	10.132	8.98	9.85	10.159	9.893	10.46	10.057	10.347	10.208	10.144	10.26
HG04194	9.7446	9.7669	10.0471	9.206	10.123	9.925	10.248	10.078	9.974	9.664	10.429	10.048	10.136	9.768	10.01	10.044	10.269	10.09	9.882	10.184	10.24	10.042	10.003
HG04195	9.6895	9.7195	9.9984	9.586	9.507	8.869	9.285	9.702	10.037	10.133	9.949	10.211	9.928	10.38	10.211	10.227	10.088	10.034	9.94	9.998	10.124	10.078	10.204
HG04198	9.7058	9.7197	9.9986	10.656	10.385	9.95	10.158	10.084	9.862	9.999	9.949	10.14	9.922	9.563	10.002	9.907	9.8	10.09	9.97	9.876	9.913	9.804	9.953
HG04199	9.7779	9.71	9.9887	12.625	9.875	10.243	10.182	10.037	9.912	10.125	9.937	10.199	9.792	9.514	9.97	10.038	9.919	10.117	9.943	10.076	10.051	10.284	9.938
HG04200	9.709	9.6858	9.9637	10.865	10.489	9.999	9.744	10.017	10.022	10.027	9.882	10.025	9.871	9.543	9.895	9.91	10.128	9.981	10.061	9.795	9.894	9.961	9.979
HG04202	8.8819	8.8779	9.1326	9.819	9.622	9.274	9.016	9.395	9.137	8.955	8.959	8.986	9.287	9.466	8.75	9.165	9.315	9.095	9.147	9.007	8.917	8.861	9.2
HG04204	9.5661	9.6162	9.8921	9.591	9.744	9.352	10.057	9.767	9.922	9.916	9.979	9.924	9.648	9.09	9.606	9.84	9.808	9.841	9.948	10.18	9.985	10.044	9.877
HG04206	9.771	9.7357	10.0151	10.907	10.167	10.13	10.042	9.909	9.979	10.101	9.796	9.996	10.054	10.344	10.227	9.997	10.237	9.962	9.947	10.017	9.967	10.045	10.099
HG04209	9.5335	9.6668	9.9441	12.696	10.381	10.482	9.988	10.332	10.386	9.999	10.038	9.789	10.023	9.939	9.92	10.187	10.395	9.594	9.417	9.001	9.185	9.034	9.002
HG04210	9.7727	9.7411	10.0206	11.776	10.046	10.204	10.011	9.793	10.423	10.052	10.059	10.058	9.922	9.606	9.956	9.987	10.268	9.925	10.007	10.073	10.092	9.96	10.056
HG04211	9.7705	9.7437	10.0232	10.628	10.079	10.212	9.853	10.055	10.033	10.177	9.951	10.049	10.025	10.097	9.643	9.817	9.732	10.015	10.015	9.991	10.07	10.178	10.179
HG04212	9.6428	9.6263	9.9025	9.252	10.018	10.129	10.152	9.877	9.986	9.953	9.736	9.944	10.041	10.403	9.939	9.937	10.016	9.967	9.99	9.844	9.969	9.825	9.855
HG04214	9.7394	9.7251	10.0042	10.633	10.188	9.951	10.123	9.501	9.959	10.185	10.014	10.16	9.836	10.123	10.007	9.809	9.978	10.115	10.006	10.122	9.985	9.986	9.893
HG04215	9.7978	9.7656	10.0458	10.697	10.054	10.015	10.213	9.998	9.955	9.868	10.093	9.807	9.994	9.495	10.043	10.292	9.954	10.143	10.289	9.97	10.01	10.221	10.111
HG04216	9.7808	9.7482	10.0279	11.36	9.909	9.944	9.941	9.873	9.95	9.899	10.175	10.055	9.873	9.815	10.031	9.988	9.947	10.055	9.889	10.371	10.327	10.119	10.044
HG04217	9.8714	9.8458	10.1283	10.525	10.236	9.937	10.342	10.038	10.049	10.148	9.986	10.161	10.0	10.496	10.016	10.143	10.224	10.028	10.064	10.211	9.967	10.137	10.212
HG04219	9.8197	9.8063	10.0877	10.612	10.475	10.093	9.823	10.318	9.975	10.134	9.724	9.967	10.041	9.486	10.29	10.063	10.023	10.259	10.103	10.066	10.177	9.844	10.174
HG04222	9.8799	9.9284	10.2133	9.364	10.233	10.236	10.126	10.084	10.316	10.107	10.328	10.372	9.894	10.344	10.267	9.972	10.187	10.406	10.041	10.128	10.2	10.106	10.281
HG04225	9.8668	9.8707	10.154	12.58	10.425	9.975	10.265	10.381	10.081	9.812	10.117	9.786	10.444	8.899	10.183	10.133	10.084	10.049	9.925	9.988	10.204	10.323	10.284
HG04227	9.7852	9.7546	10.0345	10.19	10.354	10.159	10.071	9.847	10.128	10.018	10.043	10.12	10.234	9.741	10.185	10.165	9.751	10.084	10.123	9.99	10.053	9.947	10.089
HG04228	9.8346	9.8166	10.0983	10.769	10.26	10.182	10.174	9.916	10.084	10.212	10.329	10.198	10.158	10.356	10.327	9.702	10.177	10.0	9.947	10.121	9.999	10.128	9.899
HG04229	10.3861	10.396	10.6943	12.091	11.207	11.143	11.181	10.932	10.996	10.971	10.96	11.145	10.909	11.433	11.061	10.59	10.063	10.145	10.163	9.93	10.097	10.2	10.123
HG04235	9.5455	9.5589	9.8332	9.018	9.694	10.12	10.007	9.599	9.769	9.84	9.957	10.05	9.951	9.992	9.969	9.675	9.555	9.871	9.843	9.769	9.907	9.905	9.767
HG04238	9.7882	9.796	10.077	10.373	10.056	10.166	9.737	10.109	10.091	10.245	10.042	9.916	10.272	9.654	9.954	10.04	9.839	10.061	10.066	10.018	10.146	10.331	9.836
HG04239	9.7433	9.7533	10.0332	9.339	10.336	10.274	9.85	10.102	10.073	10.119	10.134	10.144	9.887	10.626	10.195	9.901	9.801	9.805	10.137	9.733	9.799	10.034	10.324
NA06984	9.8251	9.8065	10.0879	10.574	10.398	10.249	10.051	10.091	10.041	10.114	9.654	9.803	10.177	10.679	10.234	9.832	10.21	10.308	9.981	10.094	9.933	10.035	10.241
NA06985	10.0361	10.0065	10.2937	10.611	10.011	10.024	10.052	10.474	10.463	9.985	10.545	10.343	10.513	10.946	10.04	10.339	10.564	10.247	10.438	10.329	10.159	10.189	10.452
NA06986	9.7166	9.6899	9.9679	10.431	10.154	10.017	10.079	9.697	10.078	9.633	9.932	10.393	10.092	10.017	9.813	10.045	10.188	9.957	10.233	9.981	10.003	9.807	9.957
NA06989	9.5711	9.514	9.787	12.044	9.744	9.686	9.766	9.837	9.767	9.741	9.872	10.064	9.831	9.966	9.438	9.803	9.761	9.395	9.871	9.739	9.981	9.934	9.913
NA06991	9.7166	9.6945	9.9727	10.367	10.027	9.936	9.941	10.309	9.99	9.86	10.055	9.909	10.126	9.808	9.504	9.896	10.021	10.017	9.889	10.093	9.968	10.091	9.969
NA06993	9.8488	9.8682	10.1514	9.796	10.126	10.34	10.263	10.323	10.062	10.272	9.951	10.04	10.095	10.367	10.301	10.444	9.749	10.127	10.096	10.041	9.914	10.345	10.205
NA06994	9.7795	9.7169	9.9958	10.648	10.181	10.051	10.056	10.066	9.851	10.359	10.023	10.164	10.112	10.59	9.992	9.991	9.828	9.903	10.141	9.975	9.919	10.151	9.897
NA06995	9.742	9.656	9.933	10.602	10.324	9.908	9.874	9.932	9.975	9.831	9.837	9.605	9.927	10.222	9.778	9.936	10.05	9.961	9.923	10.011	10.232	9.933	10.168
NA06997	8.9083	8.9288	9.185	9.374	9.072	9.317	9.419	9.215	9.083	9.33	9.207	9.482	9.282	8.651	9.145	8.995	8.917	9.185	9.159	9.267	9.224	8.975	9.303
NA07000	9.6703	9.7035	9.982	9.602	9.721	10.252	10.0	10.096	9.901	9.994	9.914	9.99	9.804	9.819	9.756	9.781	10.219	10.064	10.133	9.848	9.918	9.991	10.088
NA07014	9.6993	9.7195	9.9984	10.003	9.994	9.741	9.982	10.039	10.143	10.104	10.002	9.876	9.625	10.425	9.618	9.669	9.916	9.906	9.931	10.073	9.96	10.081	10.223
NA07019	9.5802	9.6405	9.9172	9.434	10.101	9.561	10.132	10.072	10.022	9.546	9.898	9.85	9.559	9.558	9.878	9.705	9.763	9.884	9.922	9.898	9.859	9.785	9.974
NA07022	9.7518	9.7693	10.0496	9.802	10.024	9.991	9.959	10.352	10.096	9.67	9.925	9.936	9.996	8.837	9.9	9.978	10.237	9.995	10.044	10.182	10.061	10.249	10.462
NA07029	9.5262	9.5969	9.8723	9.041	9.432	9.723	9.785	9.906	10.07	10.003	9.671	9.858	9.687	9.54	9.733	9.435	9.583	10.092	9.791	9.954	9.819	10.051	9.896
NA07031	9.525	9.5179	9.791	8.735	9.812	9.889	9.578	9.899	9.813	9.863	9.794	10.19	9.673	10.14	10.069	9.808	9.727	9.884	9.676	9.87	10.177	9.941	9.74
NA07034	9.665	9.6819	9.9598	9.478	9.937	10.041	10.098	10.085	9.911	9.437	10.147	9.913	10.19	10.541	9.757	9.74	9.813	10.006	9.979	9.917	9.88	10.022	9.951
NA07037	9.7114	9.6712	9.9487	10.107	10.098	10.145	9.952	9.775	10.078	9.999	10.044	9.986	9.92	10.255	10.141	9.923	10.006	9.76	9.839	9.835	10.188	9.963	10.086
NA07045	8.7707	8.7514	9.0025	9.02	8.62	9.056	9.49	9.142	9.167	9.165	9.183	9.017	9.183	9.141	9.168	9.114	8.783	8.77	8.929	8.998	8.97	8.847	8.768
NA07048	9.6856	9.7211	10.0	10.455	9.997	10.098	10.18	10.138	9.671	9.548	10.059	10.078	9.912	9.227	9.758	10.069	10.033	9.899	9.96	10.01	10.004	10.05	10.042
NA07051	10.1213	10.0683	10.3572	10.168	9.861	9.92	10.106	9.922	9.992	10.061	10.148	10.757	10.088	10.691	10.243	10.279	10.274	10.645	10.541	10.786	10.704	10.581	10.893
NA07055	9.4578	9.4454	9.7164	11.552	9.825	10.087	9.557	9.828	9.581	9.482	9.549	9.765	9.528	8.627	9.53	9.617	9.661	9.697	9.911	9.585	9.526	9.681	9.834
NA07056	9.732	9.7514	10.0312	10.11	10.292	10.372	9.962	10.151	10.145	10.002	9.874	10.059	9.695	10.435	9.913	9.992	10.013	9.828	10.166	9.771	9.981	9.959	10.075
NA07345	9.784	9.7566	10.0365	13.501	9.904	10.502	10.097	10.104	9.994	9.433	10.101	9.889	10.142	9.147	10.308	10.134	10.149	10.158	10.352	9.972	9.828	10.051	10.035
NA07346	9.542	9.6009	9.8764	9.485	9.657	10.16	9.677	10.046	9.78	9.251	9.969	9.845	9.648	8.447	9.534	10.023	9.969	9.948	9.971	9.889	9.86	9.941	10.168
NA07347	9.8055	9.8053	10.0867	8.632	10.184	10.107	10.144	10.247	10.582	10.001	10.216	10.36	9.797	10.729	9.779	9.943	10.352	10.195	10.153	10.011	10.047	9.837	10.287
NA07348	9.6919	9.6609	9.9382	11.508	10.204	10.149	9.936	10.274	9.959	9.401	10.106	9.674	9.835	8.907	9.958	9.927	9.831	9.874	10.011	10.157	9.906	10.034	10.085
NA07349	9.6003	9.6398	9.9164	8.501	9.738	10.007	10.041	9.951	9.992	9.934	9.94	10.051	9.993	10.268	9.497	9.728	9.934	10.007	10.054	9.807	10.032	9.87	9.852
NA07357	9.6499	9.6247	9.9009	9.583	10.44	10.022	9.871	9.93	9.913	10.06	10.027	9.902	9.842	10.643	9.842	9.602	9.833	9.844	10.037	9.828	9.975	9.738	9.863
NA07435	9.9144	9.8913	10.1752	10.768	10.184	10.331	10.191	10.205	10.046	10.206	10.168	10.335	10.096	10.676	10.062	10.16	10.283	9.989	10.034	10.254	10.138	10.236	10.449
NA10830	9.6087	9.6007	9.8762	10.338	9.566	10.28	10.008	9.962	9.934	9.756	9.727	9.665	9.672	9.404	9.736	9.828	10.116	9.917	9.839	9.909	9.794	9.974	9.905
NA10831	9.8589	9.8563	10.1391	9.969	10.144	10.383	10.341	10.163	10.198	10.199	10.008	9.943	10.048	9.817	9.978	10.034	10.415	10.07	10.328	9.927	10.157	10.053	10.23
NA10835	9.7074	9.669	9.9465	10.138	10.169	10.202	10.013	10.212	10.102	10.019	10.168	10.259	9.897	10.233	9.743	9.551	9.66	10.261	9.966	9.993	9.875	9.863	10.104
NA10836	10.5237	10.6128	10.9174	11.199	11.205	10.987	11.224	11.016	11.146	11.343	11.205	10.916	11.162	9.89	10.676	11.382	11.014	11.178	10.855	10.189	10.171	10.182	10.229
NA10837	9.7576	9.7192	9.9981	10.662	9.979	9.75	10.204	10.038	10.152	10.012	10.131	10.047	9.793	9.601	9.872	9.961	10.021	9.858	10.083	10.212	9.688	9.976	10.125
NA10838	9.7925	9.8245	10.1064	10.743	9.85	10.172	10.098	10.263	10.173	10.058	10.249	9.998	9.976	10.377	10.096	10.115	10.067	10.083	10.146	10.039	10.252	9.541	9.074
NA10839	9.4477	9.4029	9.6728	10.275	9.481	9.591	9.821	9.813	9.628	9.826	9.332	9.593	9.553	8.256	9.812	9.593	9.666	9.808	9.691	9.836	9.627	9.716	9.98
NA10840	10.0549	10.0826	10.3719	10.403	10.316	10.627	10.63	10.334	10.237	10.072	10.446	10.604	10.461	10.052	10.385	10.367	10.132	10.322	10.149	10.522	10.118	10.142	10.444
NA10842	9.4459	9.4906	9.763	9.158	9.818	9.484	9.91	9.73	9.618	9.63	9.576	10.171	9.671	10.202	9.611	9.569	9.824	9.862	9.844	9.8	9.775	9.761	9.913
NA10843	10.1026	10.0115	10.2988	11.58	10.071	10.305	10.488	10.145	10.412	10.345	10.384	10.392	10.398	10.505	10.34	10.307	10.309	10.587	10.181	10.41	10.073	10.364	10.435
NA10845	9.7272	9.7454	10.025	10.219	9.898	10.227	10.163	9.976	10.026	10.185	9.875	10.286	9.865	9.73	10.096	10.117	9.863	10.016	9.841	9.895	10.005	9.832	10.024
NA10846	9.8785	9.8173	10.099	10.488	9.98	10.401	10.087	10.1	9.981	10.052	10.134	10.228	10.035	10.658	9.708	10.142	10.443	10.004	10.27	10.001	10.309	9.811	10.287
NA10847	10.0002	9.9864	10.2729	10.772	10.451	10.439	10.244	10.225	10.39	10.218	9.975	10.496	10.181	10.803	10.063	10.152	10.108	10.407	10.22	10.094	10.218	10.427	10.245
NA10851	9.7512	9.6768	9.9544	11.401	10.049	10.619	10.068	9.783	9.917	9.965	10.177	9.81	10.001	9.454	9.624	9.769	10.011	10.1	9.84	10.036	10.069	9.829	10.223
NA10852	9.9231	9.9579	10.2436	9.562	10.325	10.593	10.288	10.092	10.069	10.286	10.124	10.045	10.234	10.622	10.297	10.285	10.245	10.137	10.17	10.285	10.369	10.085	10.268
NA10854	9.7706	9.7743	10.0548	9.569	9.525	9.935	10.367	10.063	10.012	10.169	9.919	10.106	10.106	10.576	10.026	9.798	9.837	10.252	10.145	10.073	9.993	10.005	10.156
NA10855	9.867	9.8526	10.1353	10.492	10.218	10.355	10.314	10.093	10.152	9.973	10.199	10.166	10.157	10.401	9.967	10.123	9.936	10.141	9.785	10.135	9.928	10.263	10.311
NA10856	9.7946	9.7543	10.0342	10.423	9.758	10.236	9.991	10.101	10.301	9.84	10.193	10.053	9.947	10.49	10.01	9.886	10.302	9.879	10.078	9.825	10.114	9.858	10.271
NA10857	9.7617	9.7945	10.0755	9.319	10.572	10.055	10.069	10.28	9.989	9.863	10.463	9.988	10.043	10.452	10.11	10.184	10.077	10.159	10.168	9.894	9.92	9.926	10.028
NA10859	10.4987	10.7132	11.0206	10.834	10.841	11.545	11.285	11.02	11.114	11.114	11.485	11.226	11.142	7.959	11.221	10.894	11.2	11.063	11.035	9.907	10.153	10.258	10.148
NA10860	9.5336	9.5078	9.7806	9.964	9.5	9.852	9.971	9.976	9.806	9.747	9.475	10.055	9.736	10.149	9.437	9.853	9.505	9.857	9.669	9.967	9.728	9.813	9.907
NA10861	9.7984	9.8367	10.119	9.918	10.271	10.442	10.294	10.413	9.988	10.024	9.994	9.898	9.931	10.209	9.834	9.778	10.155	10.032	10.214	10.054	10.147	10.565	10.22
NA10863	9.5686	9.6074	9.8831	7.617	9.891	9.861	9.938	9.866	9.929	9.721	9.912	9.889	9.928	10.299	9.746	9.806	9.888	9.783	9.955	9.667	10.055	9.94	10.047
NA10864	10.1437	10.0496	10.3379	10.772	10.517	10.016	10.155	10.462	10.231	10.344	10.183	10.45	9.96	10.684	10.216	10.152	9.968	10.306	10.247	10.436	11.176	11.494	11.352
NA10865	9.8583	9.8081	10.0895	9.899	10.071	10.336	10.347	10.375	9.831	10.165	10.188	10.346	9.742	10.662	10.096	10.093	10.045	10.202	10.077	9.99	10.266	9.986	10.373
NA11829	9.9142	9.8906	10.1744	10.418	10.371	10.116	10.093	10.293	10.292	10.352	10.27	9.97	10.018	10.523	10.097	10.151	10.024	10.06	10.308	9.958	10.125	10.039	10.513
NA11830	9.7139	9.7009	9.9792	9.766	10.205	10.107	10.075	10.369	10.037	10.148	9.79	9.866	9.862	10.253	9.984	9.915	9.826	9.761	9.9	9.903	10.083	10.099	10.179
NA11831	9.7043	9.665	9.9423	9.728	9.761	9.994	10.127	9.901	9.979	9.631	9.949	9.813	9.955	10.517	10.017	10.001	10.08	9.947	10.238	9.877	9.972	9.978	9.85
NA11832	9.6182	9.6574	9.9345	10.296	10.236	9.892	10.092	9.876	9.814	9.547	9.83	9.567	9.932	9.314	9.514	9.894	9.953	10.121	10.066	9.919	9.986	9.975	10.007
NA11839	10.1519	10.149	10.4402	10.544	10.031	10.452	10.603	10.615	10.58	10.619	10.577	10.625	10.112	10.738	10.488	10.362	10.108	10.283	10.364	10.387	10.388	10.412	10.589
NA11840	9.8037	9.8069	10.0883	8.886	9.99	9.925	10.056	10.12	10.164	10.101	10.109	10.187	10.255	10.523	10.274	9.934	10.101	10.152	10.122	10.201	9.991	10.012	10.071
NA11843	9.6611	9.6884	9.9664	9.391	9.866	9.749	9.596	9.615	10.096	9.828	10.174	9.72	10.034	10.112	9.86	9.905	9.882	10.041	10.037	9.766	10.205	9.926	10.158
NA11881	10.9416	11.2808	11.6045	12.689	11.85	11.832	12.05	11.774	11.964	11.496	11.743	11.535	11.412	7.392	11.703	11.325	11.778	11.856	11.354	9.824	9.976	9.756	9.893
NA11882	9.9107	9.9233	10.208	9.809	10.065	10.426	10.383	10.675	10.421	10.33	10.377	10.537	9.992	9.821	9.779	9.933	10.091	10.028	10.062	10.066	10.274	10.078	10.545
NA11891	8.3944	8.7461	8.997	8.976	8.979	9.124	9.381	9.365	9.233	9.252	9.423	9.22	8.917	7.768	9.201	8.874	9.242	9.06	7.366	7.305	7.277	7.599	7.421
NA11892	10.0826	10.1443	10.4353	9.111	9.787	10.282	10.704	10.15	10.093	10.484	10.332	10.386	10.194	11.198	10.269	10.317	10.414	10.291	10.517	10.548	10.908	10.531	10.692
NA11893	9.9591	9.8617	10.1447	10.678	9.789	10.21	9.822	10.151	10.23	10.185	10.078	9.861	10.255	10.631	10.1	10.026	10.179	10.04	10.017	10.07	10.803	10.769	10.599
NA11894	10.0085	9.9799	10.2662	11.292	10.125	10.645	10.057	9.804	10.206	10.27	10.458	10.395	10.108	9.732	10.152	10.127	10.084	10.448	10.322	10.367	10.332	10.417	10.497
NA11917	9.9188	9.8702	10.1534	10.65	10.224	10.225	10.3	10.143	10.173	10.196	10.31	10.097	10.271	10.495	9.714	9.952	10.19	10.215	10.238	10.051	10.197	10.218	10.139
NA11918	9.4774	9.4966	9.7691	9.335	9.772	9.603	9.809	9.727	9.858	10.021	9.856	9.821	9.947	10.108	9.56	9.613	9.877	9.855	9.728	9.503	9.756	9.76	9.57
NA11919	9.7373	9.6833	9.9612	11.534	9.888	9.908	10.054	10.077	10.211	10.028	9.804	9.747	10.015	10.608	9.856	9.985	10.11	9.812	10.157	9.779	9.766	9.904	10.278
NA11920	9.532	9.459	9.7304	10.371	10.01	9.788	9.889	9.692	9.86	9.918	9.8	9.829	9.64	9.847	9.541	9.612	9.833	9.692	9.96	9.718	9.881	9.772	9.636
NA11930	8.7552	8.8088	9.0615	9.389	9.082	8.949	8.987	8.903	9.056	8.592	9.004	9.05	9.054	8.319	9.337	9.047	9.008	8.966	9.04	8.813	9.089	9.023	9.3
NA11931	9.9116	9.9786	10.2649	9.431	9.795	9.917	9.959	9.76	9.878	10.29	9.935	9.992	10.077	9.984	10.101	10.001	10.352	10.35	10.737	10.782	10.398	10.538	10.624
NA11932	9.7418	9.7109	9.9895	10.316	9.969	10.104	10.109	10.298	9.928	10.12	9.775	10.428	9.893	10.534	9.877	9.944	9.939	10.005	10.034	9.842	9.838	9.98	10.015
NA11933	9.7142	9.6363	9.9128	11.421	10.056	9.735	9.997	9.935	9.886	9.809	9.876	10.104	9.51	10.582	9.884	10.057	10.098	9.86	9.636	9.893	9.912	9.863	10.054
NA11992	9.5259	9.4933	9.7657	10.992	9.815	9.974	9.889	9.786	9.645	9.602	9.957	9.734	9.872	9.279	9.732	9.766	9.746	9.969	9.684	9.671	9.837	9.931	9.86
NA11993	9.8397	9.7887	10.0696	10.512	9.852	10.263	10.119	10.254	9.909	10.117	10.142	10.035	10.18	10.319	9.653	10.313	10.242	10.144	9.969	10.052	10.035	10.203	10.183
NA11994	9.7997	9.7612	10.0413	10.46	10.101	9.958	10.27	9.946	10.223	9.735	10.134	10.209	9.839	10.335	9.637	9.902	9.795	10.081	9.945	10.153	9.978	10.237	10.506
NA11995	9.7225	9.7599	10.0399	9.636	10.13	9.866	10.171	10.107	10.144	9.984	10.063	10.174	9.768	10.497	9.87	9.773	10.119	9.938	10.216	10.119	9.948	9.894	9.931
NA12003	9.6964	9.7546	10.0345	10.342	10.331	9.648	9.831	9.97	10.155	10.159	9.913	9.904	9.837	10.407	10.114	9.993	9.858	9.855	10.143	10.178	10.115	9.646	9.048
NA12004	9.769	9.7073	9.9859	10.584	10.298	10.066	10.152	9.784	9.709	10.066	10.139	11.086	10.475	11.388	10.001	9.908	9.728	10.054	9.971	10.009	9.909	9.88	10.059
NA12005	9.4332	9.4013	9.6711	10.826	9.852	9.854	9.665	9.381	9.706	9.305	9.729	9.612	9.423	9.183	9.323	9.7	9.719	9.784	9.594	9.71	9.858	9.742	9.894
NA12006	9.5149	9.5551	9.8293	9.326	10.031	9.627	9.599	9.754	9.986	9.855	9.851	10.103	9.648	8.371	9.774	9.8	9.692	9.824	9.786	9.98	9.811	9.921	9.788
NA12043	9.7185	9.7213	10.0003	9.375	10.343	9.764	9.937	10.051	9.778	9.816	9.978	9.957	9.732	10.537	10.04	10.045	9.967	9.77	10.138	9.815	10.13	10.106	10.137
NA12044	9.7468	9.7512	10.031	10.424	10.854	9.822	10.15	9.861	9.919	9.716	9.813	9.903	9.846	10.451	10.027	10.018	10.318	10.042	9.945	10.045	10.118	9.88	10.065
NA12045	9.8093	9.7297	10.0089	10.422	10.111	10.274	10.146	10.326	10.21	10.159	9.895	10.101	9.827	10.502	9.941	9.697	9.93	10.044	9.935	10.036	10.019	10.206	10.114
NA12046	9.8245	9.773	10.0534	10.564	10.1	9.953	10.158	10.208	10.387	9.987	10.221	9.783	9.778	10.268	10.211	9.747	10.123	10.046	10.11	10.061	9.942	10.185	10.122
NA12056	9.8063	9.8126	10.0941	11.195	10.134	10.193	10.216	10.158	9.737	10.365	10.206	9.981	10.209	10.194	9.667	9.694	10.046	10.177	10.044	10.111	10.04	9.775	9.928
NA12057	9.6218	9.6341	9.9105	9.673	9.929	10.023	9.966	9.948	9.921	10.2	10.071	9.999	9.802	9.539	9.799	9.844	9.8	9.948	9.722	9.885	10.013	9.965	9.975
NA12058	10.4605	10.574	10.8775	11.552	10.904	11.071	11.209	11.349	11.014	10.851	11.048	10.711	10.723	10.189	10.884	11.106	11.14	11.164	11.128	9.835	10.103	10.103	10.014
NA12144	9.6882	9.7114	9.9901	9.698	9.977	10.3	9.681	9.973	10.021	10.097	9.971	10.011	9.726	10.031	9.895	9.799	10.15	9.741	10.092	10.099	10.032	10.066	10.034
NA12145	9.8623	9.8473	10.1298	10.346	10.3	10.571	10.254	10.349	9.918	10.271	9.921	10.808	10.005	9.734	9.912	9.909	10.376	10.116	10.072	10.086	10.064	10.25	10.372
NA12146	9.6052	9.5769	9.8517	10.329	9.84	9.965	9.842	9.798	9.857	9.956	9.762	9.894	9.812	10.102	9.498	10.011	9.575	9.882	9.857	10.071	9.838	9.965	9.869
NA12154	9.6331	9.6078	9.8834	11.248	10.059	9.931	10.107	9.977	10.217	9.956	9.799	9.865	9.568	9.915	9.447	9.809	9.639	9.869	9.764	9.894	9.979	9.815	9.883
NA12155	9.6205	9.6739	9.9514	9.514	9.91	9.605	10.341	10.109	9.896	10.326	9.718	10.012	9.8	9.176	9.449	10.118	9.987	9.736	9.948	10.1	9.974	9.897	9.911
NA12156	9.8124	9.7736	10.0541	10.687	10.166	9.87	10.086	10.065	10.114	10.341	10.086	10.172	9.877	10.644	9.965	9.931	10.095	10.143	9.983	9.978	10.077	10.095	10.027
NA12234	9.6441	9.6399	9.9165	7.442	9.698	10.088	9.528	10.085	10.145	10.318	10.167	10.011	9.953	10.558	9.574	9.886	9.926	9.919	9.869	10.018	10.098	9.765	10.013
NA12236	9.7732	9.7541	10.034	10.536	9.305	10.457	10.23	10.036	9.946	10.268	10.081	10.034	10.017	9.712	9.96	9.918	10.124	10.297	9.997	10.037	9.863	9.991	9.982
NA12239	9.716	9.6984	9.9767	11.196	9.914	9.804	10.07	9.989	10.026	10.072	10.03	10.228	9.672	8.508	10.358	10.017	9.561	9.935	9.848	10.013	10.087	10.083	9.917
NA12248	10.3165	10.3217	10.6179	10.882	10.57	10.765	10.626	10.378	10.699	10.377	10.406	10.749	10.622	11.064	10.662	10.55	10.59	10.526	10.561	10.32	10.706	10.835	10.64
NA12249	9.8941	9.8655	10.1486	10.668	10.401	10.178	10.217	9.873	10.172	10.441	10.278	10.117	9.854	10.414	10.192	10.029	10.124	10.07	10.134	10.14	10.185	10.005	10.17
NA12264	9.6952	9.6547	9.9317	10.616	9.778	10.141	9.981	10.362	10.05	9.978	9.839	9.75	9.897	9.694	9.653	9.749	10.12	9.833	9.893	9.919	9.895	10.132	10.133
NA12272	9.8075	9.7775	10.058	11.248	9.916	10.089	10.187	10.108	9.966	10.32	9.953	10.026	10.11	8.744	10.364	9.791	10.0	9.957	9.921	10.302	10.089	10.091	9.977
NA12273	9.789	9.7228	10.0018	10.585	10.032	9.946	9.992	10.266	10.0	10.1	9.712	9.741	10.207	10.52	9.908	9.715	10.259	10.16	9.951	10.12	10.053	10.041	9.908
NA12274	10.6455	10.8091	11.1193	12.159	11.204	11.42	11.256	11.549	11.478	11.458	11.681	10.893	11.278	9.891	10.938	11.156	11.172	11.22	10.885	10.13	10.21	10.206	10.496
NA12275	9.7764	9.7064	9.9849	10.571	10.363	9.907	10.03	9.956	10.097	10.17	10.031	9.77	10.007	9.997	9.625	10.054	10.026	9.674	10.106	9.936	10.099	10.249	10.019
NA12282	9.8976	9.8519	10.1346	10.659	10.148	10.438	10.453	9.791	10.207	10.28	10.006	9.787	10.418	10.05	10.178	10.041	10.034	10.118	10.272	10.01	10.283	10.173	10.296
NA12283	10.0594	10.0203	10.3078	10.121	10.815	10.489	10.523	10.181	10.362	10.362	10.361	10.59	10.327	10.985	10.118	10.267	10.465	10.092	10.166	10.257	10.457	10.53	10.224
NA12286	9.7119	9.7708	10.0512	8.571	10.388	9.951	10.2	9.983	10.063	9.568	9.842	10.233	9.928	10.18	10.187	10.118	10.304	10.059	10.022	9.848	10.024	10.04	10.135
NA12287	10.7648	10.7615	11.0703	11.095	10.84	10.711	11.182	11.017	11.158	11.243	10.793	11.244	10.964	11.633	11.122	10.986	10.819	11.278	11.02	11.178	11.111	11.205	10.976
NA12329	9.9843	9.9369	10.2221	11.67	10.36	10.154	10.116	10.245	10.223	10.198	10.054	10.206	10.399	10.524	10.151	9.995	10.293	10.235	10.19	10.264	10.156	10.224	10.594
NA12335	9.9554	9.8913	10.1751	10.845	10.072	10.778	10.044	10.113	10.142	10.17	10.219	10.015	10.023	10.657	10.438	10.142	10.145	10.338	10.165	10.178	10.204	10.347	10.375
NA12336	9.7805	9.7051	9.9835	10.588	10.032	10.412	9.941	10.086	10.163	9.958	9.872	9.697	9.947	10.622	9.795	9.804	9.905	9.778	9.926	10.053	10.436	10.153	10.14
NA12340	9.7819	9.7274	10.0065	10.468	10.081	10.468	9.935	10.485	9.84	9.97	10.071	9.813	10.113	10.564	10.174	9.943	10.331	10.087	10.198	10.009	9.903	9.757	10.004
NA12341	9.819	9.7872	10.068	10.541	10.325	10.274	10.246	9.972	10.183	10.027	10.03	10.305	9.955	10.369	9.923	10.047	10.306	10.129	10.025	10.015	9.992	9.996	10.011
NA12342	9.9858	9.9588	10.2446	10.755	10.251	10.455	10.371	10.241	10.276	10.441	10.124	10.094	10.021	10.861	10.153	10.218	10.028	10.204	10.213	10.289	10.149	10.45	10.236
NA12343	9.9194	9.88	10.1635	10.8	10.339	10.217	10.108	10.142	10.276	10.314	10.115	10.381	10.374	10.507	9.902	10.038	10.139	10.185	10.121	10.028	10.231	10.176	10.325
NA12344	9.4041	9.4523	9.7235	9.317	9.789	9.841	9.839	9.945	9.617	9.835	9.919	9.969	9.936	9.578	9.514	9.791	9.801	9.364	9.722	9.416	9.736	9.5	9.546
NA12347	9.7374	9.6883	9.9663	10.192	10.336	10.167	10.12	10.06	9.937	9.934	9.96	9.999	9.71	10.488	9.721	9.798	10.041	9.929	10.267	10.144	10.161	9.952	9.879
NA12348	9.8995	9.8704	10.1536	10.647	10.55	10.344	10.104	10.321	9.987	10.165	10.349	10.189	9.988	9.664	9.635	9.827	10.488	9.976	10.056	10.204	10.258	10.308	10.421
NA12376	10.0099	9.8985	10.1826	11.284	10.119	10.422	10.164	10.334	10.178	10.466	10.018	10.143	10.403	10.556	10.274	10.193	10.095	9.957	10.293	10.493	10.051	10.535	10.312
NA12383	9.8706	9.8218	10.1037	10.355	9.658	9.999	9.891	9.723	9.815	10.12	10.099	10.054	9.818	8.883	10.052	10.188	10.564	10.46	10.246	10.686	10.456	10.348	10.34
NA12386	9.7946	9.7857	10.0665	10.463	9.934	10.256	10.269	10.025	10.016	9.735	10.064	10.603	9.989	8.446	9.765	9.952	9.936	10.206	9.923	10.274	10.337	10.377	10.312
NA12399	11.5141	11.5429	11.8741	11.667	12.02	11.607	11.934	12.207	12.044	12.103	12.14	12.211	11.912	11.687	11.855	12.039	11.818	11.738	11.763	11.636	11.697	11.734	11.295
NA12400	10.0621	10.0386	10.3266	10.666	10.064	10.496	10.231	10.525	10.267	10.164	10.544	10.211	10.247	10.176	10.458	10.353	10.443	10.25	10.277	10.405	10.102	10.372	10.287
NA12413	9.9628	9.9316	10.2165	11.236	10.599	10.21	10.056	10.426	10.571	10.445	10.193	10.156	10.32	9.663	10.118	9.95	10.128	10.227	10.257	10.24	10.013	10.184	10.168
NA12414	9.6923	9.6593	9.9365	10.174	10.421	10.135	9.892	10.033	10.126	9.861	9.684	9.753	10.09	9.962	10.0	10.026	9.868	9.798	9.814	10.02	9.836	10.121	9.966
NA12485	9.6875	9.6596	9.9368	10.185	9.806	9.618	10.126	9.985	9.755	9.872	9.773	10.056	9.722	10.489	9.98	9.812	9.654	10.057	9.973	10.06	9.965	9.822	10.165
NA12489	9.8388	9.7253	10.0043	11.186	9.962	9.83	9.649	9.857	9.532	9.876	10.052	10.275	9.975	10.299	10.062	9.954	10.064	9.985	10.135	10.233	10.369	10.428	10.371
NA12546	10.2601	10.3544	10.6515	13.4	11.453	10.647	10.717	10.551	10.638	10.843	10.823	10.907	10.668	9.711	10.711	10.918	10.835	10.994	10.791	9.822	9.662	9.687	10.059
NA12707	9.6925	9.6816	9.9594	9.772	10.005	9.894	9.949	10.035	9.766	9.909	9.968	9.86	10.057	10.37	9.763	10.022	10.14	9.956	10.049	9.974	10.057	10.078	9.921
NA12716	9.7983	9.7273	10.0064	10.981	10.567	9.933	9.927	9.992	10.13	10.092	9.785	10.4	9.826	10.384	10.019	9.72	9.765	9.899	9.898	9.912	10.104	10.081	10.245
NA12717	9.2257	9.2601	9.5258	9.429	10.254	9.97	9.981	9.912	10.038	9.802	9.805	10.035	9.725	10.276	9.703	9.654	9.12	8.917	9.2	9.048	8.892	8.846	8.968
NA12718	9.7297	9.7083	9.9869	9.866	10.142	10.045	9.88	10.224	10.114	9.747	9.828	9.834	9.932	10.424	9.856	10.059	10.08	9.813	10.0	10.032	9.724	10.052	10.279
NA12739	10.0208	9.977	10.2633	10.883	10.187	10.481	10.579	10.389	10.451	10.168	10.083	10.893	10.171	10.572	10.113	10.35	10.138	10.3	10.289	10.363	10.028	10.165	10.342
NA12740	9.7127	9.7988	10.08	10.257	10.038	9.816	10.123	10.251	10.064	10.167	10.247	10.136	10.252	10.494	9.954	9.921	9.579	9.03	8.813	9.803	10.145	10.214	10.146
NA12748	9.9319	9.9068	10.1911	10.515	10.131	10.186	10.409	10.317	10.301	10.233	10.193	9.968	10.283	10.453	10.115	10.062	10.171	10.261	10.173	10.258	10.086	10.04	10.026
NA12749	9.9131	9.861	10.144	11.487	10.277	10.503	10.464	9.835	10.12	10.032	10.18	10.169	10.341	10.197	9.902	10.211	10.18	10.345	10.054	10.199	10.069	9.986	10.371
NA12750	9.718	9.6516	9.9286	10.339	10.15	9.765	9.893	9.754	10.138	9.798	10.015	9.918	10.002	10.127	9.995	9.716	9.904	9.986	10.089	9.978	10.059	9.898	10.026
NA12751	9.6228	9.642	9.9186	10.45	10.547	10.539	10.165	10.181	10.044	9.63	9.964	9.922	10.094	9.703	9.708	9.811	9.811	8.989	8.894	9.863	9.959	10.077	10.106
NA12752	9.839	9.8015	10.0827	10.775	10.553	10.168	10.125	9.927	10.226	10.168	10.093	10.027	9.696	10.591	9.856	9.786	10.389	10.241	9.961	9.912	9.974	9.899	10.194
NA12753	9.8221	9.8182	10.0999	9.913	10.365	10.087	10.293	10.277	10.097	10.179	10.08	9.979	10.165	9.5	9.99	10.035	10.131	10.102	10.08	10.087	10.318	10.529	9.983
NA12760	9.7919	9.7374	10.0168	11.477	10.301	9.722	9.575	10.16	10.136	9.628	10.091	10.085	10.064	10.256	9.942	9.681	10.335	10.08	10.113	10.069	10.064	10.013	10.001
NA12761	9.615	9.6435	9.9202	9.479	9.577	9.942	9.956	9.764	9.883	9.859	9.982	10.114	9.785	10.428	9.726	9.763	10.166	9.965	9.98	9.898	9.969	9.722	10.102
NA12762	9.6736	9.6561	9.9332	10.285	9.751	9.998	9.977	10.051	9.963	9.802	9.967	10.106	9.83	9.714	9.758	9.893	9.675	10.014	9.795	9.673	9.964	10.001	10.201
NA12763	9.6512	9.6349	9.9113	10.785	10.003	9.815	9.736	10.114	9.865	10.031	9.626	9.881	9.807	9.374	9.665	9.773	10.114	9.657	10.278	9.854	10.109	9.872	9.933
NA12766	9.6789	9.7099	9.9885	8.892	9.53	9.921	10.294	9.958	9.849	9.922	9.951	10.252	9.967	10.448	9.63	9.973	10.105	9.985	10.03	10.253	10.01	10.171	10.037
NA12767	9.7677	9.7028	9.9812	11.161	9.839	10.168	10.044	10.14	10.082	9.892	9.862	10.112	9.912	10.76	9.683	9.78	9.747	9.933	9.85	9.981	10.051	10.139	10.255
NA12775	9.73	9.7653	10.0455	9.18	9.79	10.347	9.75	9.917	9.801	9.66	10.071	9.751	9.698	10.389	10.07	10.094	10.134	9.961	10.158	10.277	10.325	10.238	10.396
NA12776	10.1044	10.1594	10.451	9.819	9.842	9.796	10.153	10.23	10.143	10.431	10.579	10.127	10.295	10.92	10.403	10.27	10.204	10.582	10.557	10.457	10.66	10.623	10.744
NA12777	10.1789	10.1322	10.4229	11.105	10.121	10.502	10.522	10.42	10.456	10.484	10.324	10.837	10.343	10.967	10.389	10.457	10.25	10.341	10.425	10.555	10.387	10.425	10.288
NA12778	9.8173	9.7903	10.0712	10.792	10.133	10.004	9.916	9.829	10.301	9.972	10.194	10.128	10.05	10.47	10.118	10.019	10.098	9.812	10.167	10.181	9.709	10.178	10.016
NA12801	7.9003	7.9353	8.163	8.013	8.011	8.03	8.119	8.0	8.377	8.054	8.358	8.145	8.278	8.412	8.262	8.055	7.971	7.958	8.162	8.185	8.103	8.207	8.077
NA12802	9.6525	9.5944	9.8697	10.28	9.429	9.448	9.903	9.879	9.872	10.196	9.868	9.755	9.995	9.97	10.284	9.858	9.476	9.934	9.756	9.977	9.864	9.948	10.151
NA12812	8.6803	8.6342	8.882	9.478	9.073	9.069	9.035	9.177	8.979	8.853	9.007	8.834	8.617	8.637	8.843	8.745	9.158	8.858	8.881	8.912	8.955	8.936	8.98
NA12813	8.8865	8.9139	9.1697	8.148	9.132	9.158	8.761	8.909	8.923	9.143	9.175	9.123	9.142	9.485	9.129	9.254	9.2	9.076	9.271	9.421	9.224	9.261	9.22
NA12814	9.8857	9.8235	10.1054	11.384	10.067	9.811	10.04	10.086	10.274	10.303	10.226	10.032	9.828	9.65	10.24	10.401	10.198	10.176	9.851	10.195	10.288	10.242	9.996
NA12815	9.7769	9.7715	10.0519	11.462	9.532	9.899	10.089	10.001	9.884	10.006	9.995	10.196	10.07	9.652	10.205	9.94	9.904	10.074	9.89	9.97	10.164	9.858	10.187
NA12817	9.8656	9.858	10.1408	10.591	9.73	10.117	10.4	10.269	9.941	10.258	10.233	10.232	9.873	9.328	10.207	10.109	10.131	10.279	10.081	10.111	10.305	10.267	10.088
NA12818	9.8491	9.8485	10.1311	10.391	10.206	10.273	9.986	10.173	10.28	10.109	10.45	10.19	9.818	8.853	9.94	10.255	10.303	9.924	10.206	10.129	10.254	10.375	10.154
NA12827	9.652	9.6112	9.887	10.012	9.646	9.852	9.964	9.844	9.724	10.086	9.801	10.12	9.929	9.66	9.854	9.777	10.021	9.832	9.863	10.11	9.857	10.15	10.132
NA12828	9.6541	9.6932	9.9713	9.263	9.682	9.972	9.891	10.036	9.881	9.998	9.923	10.305	9.957	10.137	9.734	10.024	10.301	10.045	9.81	9.942	10.025	9.845	9.864
NA12829	9.7827	9.7562	10.0362	10.411	10.071	9.91	9.975	10.095	9.885	9.955	9.945	10.092	10.092	9.599	9.899	9.979	10.193	9.916	10.174	10.149	10.166	10.129	10.184
NA12830	9.7569	9.7384	10.0178	10.743	9.882	10.338	9.82	10.126	10.184	10.198	10.009	9.431	10.054	8.484	9.914	9.906	10.077	10.208	9.868	9.91	10.262	9.778	10.174
NA12832	9.9473	9.9094	10.1938	10.783	10.089	10.172	10.154	10.242	10.226	10.442	10.089	10.181	10.098	10.712	9.952	10.142	10.363	10.228	10.324	9.995	10.092	10.295	10.289
NA12842	9.6396	9.6083	9.884	10.688	10.179	9.854	9.905	9.867	9.958	10.112	9.984	10.023	9.99	8.647	9.645	10.066	10.155	10.148	9.773	9.892	9.861	9.707	9.72
NA12843	9.7296	9.7269	10.006	9.784	10.024	10.209	9.785	9.791	10.196	10.026	9.761	9.787	9.848	10.333	10.001	10.12	10.204	9.697	9.887	10.086	10.169	10.074	10.134
NA12864	10.0255	9.9871	10.2737	10.666	9.883	10.625	10.294	10.299	10.143	10.512	10.35	10.685	10.362	10.602	10.302	10.256	10.082	10.625	10.234	10.484	10.195	10.395	10.42
NA12865	9.7915	9.8008	10.082	9.512	10.113	10.011	10.007	10.211	10.058	9.74	10.197	10.385	10.144	10.599	9.634	10.244	10.093	10.378	9.896	10.032	10.099	10.134	10.285
NA12872	9.748	9.7454	10.025	9.632	9.686	10.212	9.992	10.081	10.071	10.254	10.18	10.17	10.093	10.169	10.078	9.957	10.036	10.13	9.817	9.989	10.045	9.92	10.065
NA12873	9.8484	9.824	10.1059	10.028	10.218	10.271	10.153	10.141	10.321	10.153	10.107	10.244	9.878	10.439	9.86	10.152	9.984	10.242	10.278	10.103	10.158	9.955	10.12
NA12874	9.7202	9.7501	10.0298	9.411	9.776	10.241	10.037	10.082	9.821	9.952	10.138	10.102	10.029	9.593	9.836	10.033	10.019	10.096	10.075	10.031	10.042	10.15	10.236
NA12875	9.6575	9.6257	9.9019	10.238	10.44	10.043	9.795	9.968	9.783	9.698	10.368	10.103	9.907	9.384	9.536	9.88	9.914	9.829	10.063	9.857	9.774	9.96	10.245
NA12877	9.7292	9.7754	10.0558	8.773	9.806	10.108	10.036	9.874	10.181	9.964	9.826	10.219	9.594	9.928	10.233	9.876	10.096	10.05	10.119	10.16	9.923	10.173	10.208
NA12878	9.6707	9.6926	9.9707	11.635	10.393	10.031	10.085	9.938	9.948	9.763	9.89	10.057	9.779	10.45	9.961	10.026	10.362	10.081	9.697	9.986	10.02	9.304	9.28
NA12889	9.5483	9.6076	9.8833	8.566	9.964	10.104	9.856	10.044	9.618	9.919	9.902	9.92	9.781	9.514	9.872	9.777	9.801	9.904	9.862	9.861	9.874	9.811	10.015
NA12890	9.6703	9.6238	9.9	12.438	9.575	10.007	10.009	9.834	10.052	10.076	10.065	9.931	9.825	9.903	9.954	10.021	10.009	9.982	9.636	9.733	9.785	9.771	9.947
NA12891	9.6743	9.6311	9.9075	11.534	10.136	10.074	10.177	10.341	9.853	9.777	9.914	10.211	10.08	10.448	9.784	9.911	9.734	10.071	10.064	9.967	10.013	9.211	9.228
NA12892	9.948	9.884	10.1676	10.82	10.01	10.243	10.304	10.372	9.878	10.304	10.413	10.014	10.211	10.644	9.966	10.131	10.024	10.202	10.217	10.111	10.108	10.524	10.316
NA18484	9.6916	9.7574	10.0374	10.079	9.315	9.965	9.989	9.803	9.862	10.061	9.945	9.854	9.972	10.098	9.918	10.111	9.895	10.172	9.841	9.982	10.108	10.077	9.951
NA18485	9.8444	9.8449	10.1273	7.919	9.759	10.349	10.399	10.141	10.116	10.211	9.999	9.869	10.27	10.5	10.015	10.265	9.906	10.006	10.269	10.201	10.239	10.351	10.317
NA18486	9.6757	9.7009	9.9792	9.381	9.905	10.171	9.591	9.895	9.862	9.94	9.988	9.809	9.988	10.159	9.949	10.19	10.101	10.243	9.916	9.925	9.954	9.999	10.019
NA18487	9.7574	9.8123	10.0939	8.173	10.159	10.173	9.978	10.322	9.828	10.222	10.082	10.091	9.826	9.473	10.061	10.2	10.07	10.115	10.046	10.117	10.091	10.058	10.166
NA18488	9.616	9.5998	9.8753	10.33	7.445	9.853	10.05	9.964	9.889	9.935	9.914	9.877	10.484	10.478	9.927	9.976	10.061	9.831	9.755	9.828	9.753	9.576	9.562
NA18489	9.9134	9.9377	10.2229	8.138	9.701	10.219	10.517	10.287	10.284	10.393	10.174	10.262	10.26	10.839	10.107	10.18	10.109	10.066	10.163	10.24	10.243	10.194	10.147
NA18497	10.4296	10.4799	10.7806	9.468	9.108	9.914	10.622	10.673	10.779	10.615	10.821	10.667	10.7	10.311	10.62	10.916	10.696	10.868	10.905	11.045	11.03	11.125	11.28
NA18498	9.6031	9.6424	9.9191	9.58	9.449	9.896	9.866	9.789	9.891	9.793	9.892	9.552	10.058	9.415	9.93	9.981	9.992	9.937	9.934	9.922	10.005	9.825	9.913
NA18499	9.6397	9.5897	9.8649	10.296	9.607	9.556	10.044	9.947	9.904	10.137	9.861	9.643	9.805	10.091	9.76	9.781	9.653	10.127	9.972	9.909	9.833	9.868	10.108
NA18500	9.7503	9.7609	10.041	8.882	11.968	10.237	10.075	9.998	10.032	9.972	9.865	9.951	10.11	10.459	10.032	10.159	9.809	10.225	9.873	9.907	9.999	10.198	10.111
NA18501	8.869	8.761	9.0123	9.476	10.136	9.538	9.953	9.898	9.885	9.099	8.991	8.761	8.954	9.14	9.067	8.707	8.934	9.048	8.963	8.703	8.971	8.914	8.922
NA18502	9.521	9.6108	9.8866	8.128	10.484	9.965	9.834	10.102	9.933	9.811	9.795	9.679	10.156	9.33	10.149	9.76	9.995	10.063	9.588	9.89	9.776	9.854	9.707
NA18503	9.6224	9.65	9.9269	9.009	10.231	9.978	9.998	10.01	9.834	9.92	10.047	9.988	9.836	10.16	10.116	9.724	9.91	9.74	9.86	9.763	10.069	9.799	10.116
NA18504	9.8462	9.8681	10.1513	9.565	10.271	10.086	10.18	9.768	9.728	9.946	10.271	10.182	10.082	10.199	10.2	10.15	9.863	10.149	10.129	10.321	10.151	10.253	10.198
NA18505	9.6713	9.663	9.9403	8.947	10.491	9.884	9.956	10.05	9.934	10.134	9.813	10.122	9.976	10.019	10.307	9.975	9.901	9.924	9.865	9.806	9.923	9.956	9.953
NA18506	9.7381	9.7322	10.0115	5.467	10.27	9.693	10.24	10.202	10.097	10.002	10.088	10.148	9.739	10.48	10.435	9.772	9.964	9.774	10.017	9.996	9.875	10.135	10.08
NA18507	9.6192	9.699	9.9773	9.26	10.375	9.686	9.919	10.234	9.896	9.909	10.269	9.606	10.085	9.112	10.064	10.007	9.736	9.693	10.008	9.909	9.801	10.016	9.995
NA18508	9.9329	9.933	10.218	7.468	10.264	10.153	10.203	10.36	10.229	9.698	10.415	10.167	10.177	10.763	10.657	10.172	10.075	10.271	10.34	10.125	10.195	10.263	10.195
NA18510	9.7103	9.777	10.0576	9.544	9.924	10.151	9.899	9.864	9.844	10.127	9.935	9.611	10.184	10.339	10.174	9.955	10.25	10.125	10.017	10.13	10.013	10.032	9.813
NA18511	9.8857	9.8981	10.1821	9.466	10.113	10.064	10.361	10.263	10.169	10.512	10.169	10.252	10.0	9.65	10.228	10.28	9.865	10.245	10.137	10.165	10.137	10.269	10.165
NA18515	9.8879	9.9284	10.2133	9.534	10.198	10.21	10.416	10.339	10.165	10.197	10.409	10.046	10.602	10.44	10.366	10.235	9.95	10.142	10.156	10.223	10.007	10.166	10.003
NA18516	9.6268	9.6622	9.9395	8.092	9.937	9.785	10.033	9.52	9.572	9.957	9.719	9.584	9.814	9.871	9.871	10.191	9.83	9.911	9.992	9.965	10.239	10.168	10.184
NA18517	9.5817	9.6053	9.8809	9.016	9.894	9.948	9.922	9.867	9.841	10.13	9.962	9.62	9.905	8.508	10.206	9.894	9.703	10.137	9.616	9.933	9.858	9.834	10.026
NA18518	9.8905	9.9352	10.2203	10.443	10.817	10.406	10.209	10.222	10.199	10.108	10.062	10.243	9.975	8.855	10.166	10.065	10.281	10.239	10.136	10.173	10.12	10.25	10.372
NA18519	9.228	9.2145	9.4789	9.992	8.602	9.495	9.333	9.386	9.651	9.801	9.538	9.465	9.379	8.19	9.676	9.305	9.318	9.783	9.566	9.687	9.576	9.395	9.119
NA18520	9.9238	9.9361	10.2212	9.501	9.692	9.953	10.109	10.349	10.038	10.198	9.981	9.981	10.156	10.212	10.245	10.063	10.573	10.334	10.391	10.426	10.465	10.459	10.381
NA18521	9.6433	9.6594	9.9365	8.993	10.01	10.131	10.206	9.848	10.015	10.129	9.631	9.777	9.899	10.507	10.1	10.03	9.921	10.042	9.684	9.879	9.835	9.962	9.952
NA18522	9.8202	9.8446	10.127	10.382	10.799	10.1	10.171	9.938	10.244	9.936	9.886	9.875	9.982	9.624	10.384	10.142	10.271	9.842	10.282	9.9	10.224	9.99	10.094
NA18523	9.8188	9.8532	10.1359	8.766	10.312	9.945	10.134	10.359	10.219	10.118	10.097	9.751	10.203	10.746	10.006	9.896	10.152	10.127	10.158	10.257	10.145	10.139	10.095
NA18525	9.8986	9.9406	10.2259	9.348	10.865	10.083	10.198	10.253	10.393	10.271	10.402	10.127	10.195	10.488	10.282	9.957	10.16	10.178	10.023	10.043	10.092	10.115	10.391
NA18526	9.8898	9.8586	10.1415	10.685	10.37	10.302	10.561	10.191	9.847	9.884	10.377	10.305	10.027	10.767	10.188	9.937	9.958	10.136	10.02	10.069	10.169	10.264	9.864
NA18528	9.7734	9.7309	10.0101	10.655	10.048	9.879	10.163	10.126	10.204	9.653	9.75	9.875	9.883	9.547	9.883	10.095	9.875	10.22	10.316	10.06	10.092	9.976	10.231
NA18530	9.6986	9.6632	9.9405	10.589	9.772	9.642	10.136	10.013	9.481	9.553	9.966	9.963	10.16	10.251	9.834	10.082	9.922	10.141	10.025	10.072	9.826	9.715	10.133
NA18531	9.8151	9.8014	10.0827	10.0	10.546	10.112	10.077	10.456	10.379	9.948	9.87	9.798	10.278	10.506	10.025	10.604	10.06	9.958	10.122	10.175	9.903	10.173	9.872
NA18532	8.7487	8.7551	9.0064	8.616	8.833	9.191	8.856	8.886	9.177	8.856	9.098	8.994	9.291	9.44	8.918	8.739	9.179	8.766	8.878	8.815	9.267	9.089	9.018
NA18533	9.8747	9.8991	10.1832	10.177	10.399	10.17	10.102	10.158	10.24	9.801	10.183	9.923	10.529	10.571	10.242	9.95	10.24	10.243	10.008	10.133	9.772	10.224	10.399
NA18534	9.8046	9.779	10.0596	10.537	10.248	10.229	10.009	10.233	10.388	10.179	9.988	9.951	10.025	9.62	9.933	9.767	10.435	10.14	10.085	9.849	9.957	9.97	10.017
NA18535	9.8323	9.8569	10.1397	10.475	10.347	10.175	10.105	10.037	10.165	10.132	10.155	10.359	10.259	9.644	10.227	9.972	9.854	9.986	10.282	10.021	10.234	10.001	9.885
NA18536	9.6757	9.634	9.9105	10.183	10.428	9.706	10.111	9.91	10.172	9.97	9.843	10.243	9.811	9.503	9.859	10.117	9.889	9.604	10.019	9.87	10.176	10.095	9.815
NA18537	9.9752	10.0243	10.3119	6.751	10.435	10.086	10.41	10.17	10.334	10.211	10.363	10.042	10.527	10.612	10.4	10.364	10.198	10.323	10.196	10.242	10.333	10.565	10.203
NA18538	9.8482	9.8604	10.1434	9.613	9.741	9.7	10.007	10.088	10.051	9.882	10.036	10.49	9.94	10.582	9.836	10.202	10.065	10.315	10.347	10.165	10.07	10.481	10.355
NA18539	9.691	9.7631	10.0433	9.447	9.666	9.632	10.019	10.005	9.648	9.77	9.996	10.005	9.942	9.522	10.036	10.009	10.235	10.086	10.137	10.184	10.079	10.11	10.095
NA18541	9.7943	9.809	10.0905	8.874	10.501	10.015	10.261	9.648	9.852	9.797	9.822	9.761	10.347	10.416	9.879	9.965	9.831	10.114	10.118	10.282	10.327	10.311	10.414
NA18542	9.6722	9.6576	9.9347	10.035	10.117	9.749	10.032	9.895	9.966	9.929	9.69	9.677	10.032	9.818	10.062	9.948	10.236	9.977	9.722	10.047	9.957	10.001	9.922
NA18543	9.7069	9.7349	10.0143	9.031	10.211	10.022	10.203	9.926	10.153	10.03	9.788	10.053	10.034	10.415	9.943	9.999	9.897	9.792	9.985	9.947	9.919	10.205	9.958
NA18544	9.6332	9.6071	9.8828	9.971	9.856	10.243	9.852	10.045	9.838	9.808	10.146	10.303	9.625	10.1	9.522	9.479	10.035	10.057	9.886	9.964	9.708	10.148	10.106
NA18545	9.7299	9.6682	9.9456	10.524	10.203	9.765	9.983	9.874	10.14	9.951	9.955	9.855	9.804	10.65	10.163	10.012	9.967	9.972	9.84	9.891	9.714	10.018	10.278
NA18546	8.7643	8.7718	9.0235	9.447	8.517	9.001	8.98	9.012	8.932	9.105	8.932	8.947	8.857	7.557	9.228	8.985	9.106	9.281	8.953	9.306	9.054	8.997	9.05
NA18547	9.5456	9.553	9.8271	9.284	10.066	9.694	9.841	9.746	9.793	9.616	9.847	9.717	9.953	10.188	9.502	9.852	9.926	9.822	9.902	10.022	9.912	9.787	9.753
NA18548	9.6335	9.5937	9.8689	9.389	10.179	9.546	9.979	9.977	9.946	9.599	9.932	9.815	10.15	9.953	9.878	9.825	9.686	9.877	10.017	9.864	9.882	10.023	10.039
NA18549	9.5788	9.6113	9.887	9.894	10.02	9.711	9.888	9.867	9.585	9.599	9.804	9.992	9.817	9.356	9.837	9.89	9.927	10.121	9.903	9.991	9.922	9.985	9.887
NA18550	9.7234	9.7118	9.9905	11.131	9.796	9.773	9.905	9.911	10.223	10.032	9.838	9.82	9.943	10.285	10.047	9.745	10.147	9.873	9.97	10.033	10.033	9.903	9.859
NA18552	9.8012	9.8209	10.1027	9.971	9.948	9.91	10.296	10.214	9.929	9.909	10.046	9.611	10.216	10.426	9.985	10.305	9.939	9.786	10.148	10.139	10.317	10.042	10.303
NA18553	9.8472	9.8178	10.0995	10.361	9.893	10.106	9.91	9.954	9.785	10.158	9.995	10.098	10.003	10.782	10.091	10.012	10.01	10.191	10.057	10.228	10.294	10.434	10.264
NA18555	9.7926	9.7691	10.0494	10.377	9.971	10.287	10.096	9.902	9.862	10.2	10.033	9.897	10.553	10.578	10.162	10.184	10.126	10.058	10.021	9.694	9.976	10.113	10.027
NA18557	9.6895	9.6679	9.9454	9.526	10.508	10.04	10.093	9.767	9.711	9.953	9.883	10.026	9.883	10.288	9.957	9.727	9.784	10.209	10.093	9.921	9.951	10.101	9.995
NA18558	9.7164	9.732	10.0113	9.402	10.1	10.213	10.051	10.083	10.007	9.822	9.887	9.882	10.186	10.338	9.848	9.99	10.086	9.834	10.079	10.116	9.986	10.017	10.076
NA18559	9.7274	9.7037	9.9822	10.48	10.061	9.839	10.036	10.031	10.098	9.983	9.86	10.079	9.154	10.317	9.95	9.954	9.974	10.037	10.002	10.034	10.045	9.894	9.97
NA18560	9.6111	9.5404	9.8141	10.222	9.908	10.005	9.966	9.971	9.767	9.897	9.949	10.153	9.777	10.159	9.642	9.921	9.812	9.62	9.805	9.587	9.777	9.831	9.882
NA18561	9.6714	9.6462	9.923	9.62	10.397	10.192	10.068	9.84	10.185	10.004	9.859	9.395	9.792	10.329	10.044	9.915	10.044	9.713	9.866	9.869	10.019	9.816	9.99
NA18562	9.7084	9.7223	10.0013	9.537	9.831	9.882	10.013	9.972	9.908	9.8	9.878	9.591	10.115	10.584	10.122	10.114	9.942	9.873	10.039	10.077	10.041	10.067	10.097
NA18563	9.7532	9.7619	10.042	9.095	9.932	10.151	9.933	10.313	10.033	9.837	9.89	10.033	10.086	10.135	10.146	9.976	10.172	10.053	10.216	10.078	9.845	10.101	10.159
NA18564	9.6343	9.7166	9.9954	7.703	10.239	10.318	10.052	10.113	10.071	9.958	9.57	9.608	9.955	10.334	9.913	9.597	10.034	9.938	9.97	9.842	9.857	9.952	9.987
NA18565	9.7099	9.7167	9.9955	9.6	10.624	9.596	9.792	9.771	10.078	9.899	10.072	9.996	10.179	9.446	10.25	9.983	9.879	9.982	10.135	10.056	10.07	9.995	9.952
NA18566	9.6673	9.6825	9.9603	9.204	10.221	9.952	9.983	10.023	10.1	9.636	9.955	10.078	9.961	10.271	9.912	9.912	9.876	9.82	10.026	9.943	9.827	9.867	10.137
NA18567	9.6873	9.6832	9.9611	9.764	10.321	10.112	9.991	9.877	9.912	9.326	9.588	9.647	9.903	10.344	9.902	9.821	10.107	10.181	9.921	10.223	10.045	9.898	10.116
NA18570	9.5309	9.5349	9.8085	9.661	9.977	9.993	9.76	9.512	9.407	9.198	10.128	9.769	9.671	10.37	9.963	9.706	9.618	9.864	10.06	9.969	9.863	9.966	9.75
NA18571	9.721	9.7244	10.0034	8.872	10.044	10.219	10.15	9.974	9.946	10.07	9.93	9.845	9.787	10.273	10.008	9.903	10.034	9.985	9.922	9.99	10.004	10.09	10.163
NA18572	9.5478	9.5644	9.8388	9.595	9.569	9.705	9.838	9.845	10.07	9.949	10.015	9.695	10.003	9.386	9.704	9.755	9.828	10.04	9.779	9.962	9.879	9.924	9.688
NA18573	9.6637	9.6815	9.9593	9.336	10.171	9.688	10.365	10.126	10.297	9.763	9.96	9.785	9.621	10.503	9.533	9.941	9.702	9.778	10.094	9.704	9.916	10.083	10.152
NA18574	9.8562	9.833	10.1151	9.828	10.491	9.717	10.085	10.532	10.271	10.175	10.066	10.302	10.139	10.66	9.846	9.952	10.192	10.031	10.215	9.992	10.204	9.805	10.006
NA18577	9.6094	9.5933	9.8686	9.362	9.789	9.805	10.201	9.885	9.809	9.706	9.925	9.849	9.698	10.43	9.484	9.952	9.802	9.907	10.008	9.955	9.808	9.843	9.883
NA18579	9.6426	9.6515	9.9284	9.03	10.087	10.09	9.984	9.944	10.185	9.913	10.033	9.726	9.974	9.677	9.894	9.861	9.67	10.006	9.773	9.941	10.013	10.022	9.933
NA18582	9.8361	9.8008	10.082	10.417	9.719	10.046	10.066	9.902	10.078	9.992	9.899	10.057	10.044	10.413	9.927	9.936	10.107	10.243	10.285	10.288	10.267	10.287	10.165
NA18591	9.7643	9.8142	10.0958	9.535	10.662	10.126	10.27	9.853	10.035	9.981	9.971	10.214	9.694	10.272	10.193	9.816	10.146	10.019	10.051	10.154	9.958	10.1	9.983
NA18592	9.725	9.7317	10.0109	9.246	10.099	10.199	10.173	9.957	10.004	10.045	9.954	9.979	10.058	10.529	10.317	9.989	10.172	10.029	9.868	9.954	9.979	10.005	9.963
NA18593	9.6482	9.6655	9.9428	9.772	10.212	9.872	9.545	9.809	9.655	9.481	9.793	10.049	9.795	10.049	9.786	9.795	10.014	10.066	10.052	10.091	10.157	9.934	10.087
NA18595	10.0247	9.9764	10.2626	10.716	10.532	10.076	10.298	10.068	9.97	9.935	10.504	10.134	9.993	10.437	10.227	10.196	10.056	10.413	10.337	10.487	10.367	10.456	10.467
NA18596	9.848	9.8945	10.1784	9.798	10.053	9.845	10.083	10.04	9.949	10.26	10.031	9.922	9.89	10.74	10.186	9.936	10.434	10.377	10.348	10.502	10.218	10.228	10.219
NA18597	9.7794	9.7295	10.0087	10.649	10.279	10.214	9.892	9.869	10.134	10.259	9.996	9.838	10.13	9.482	10.008	9.963	10.099	10.126	10.157	9.847	9.908	9.911	9.891
NA18599	9.7783	9.8099	10.0914	9.8	10.201	9.866	9.988	9.801	10.191	10.2	10.065	10.102	10.028	10.17	9.738	9.785	10.121	10.176	10.046	9.984	9.969	10.103	10.127
NA18602	9.6628	9.661	9.9382	10.54	10.065	9.713	9.757	10.18	9.752	9.535	10.033	9.505	9.743	10.203	9.789	10.039	10.086	10.138	9.88	10.018	10.075	9.748	9.881
NA18603	9.7918	9.7969	10.078	9.295	10.147	10.318	10.074	10.149	10.384	10.332	10.165	10.112	10.067	10.564	10.175	9.977	9.909	10.012	10.037	9.842	10.05	9.963	10.052
NA18605	9.6624	9.6855	9.9634	8.805	10.333	9.763	9.917	10.007	9.901	10.013	9.622	9.386	9.816	10.249	10.136	10.178	10.304	10.016	9.86	10.135	9.784	9.892	10.057
NA18606	9.8826	9.8829	10.1664	9.447	10.261	10.106	10.167	10.278	10.041	9.654	10.241	10.106	10.498	10.398	10.216	10.06	10.125	10.022	10.214	10.108	10.251	10.159	10.361
NA18608	9.7283	9.7847	10.0654	9.534	10.082	10.151	10.101	10.146	10.102	9.943	9.965	10.05	10.147	10.352	10.113	9.825	9.882	10.069	10.097	10.014	9.792	10.033	10.1
NA18609	9.6045	9.6084	9.8841	9.892	10.07	9.99	9.775	10.007	9.846	9.809	9.82	10.099	9.571	10.463	9.619	9.528	9.765	9.858	9.919	10.131	9.792	9.973	9.911
NA18610	9.8729	9.8466	10.1291	10.369	10.04	9.967	10.147	10.139	10.061	9.97	10.075	9.832	10.161	10.674	10.025	10.137	9.818	10.121	10.229	10.129	10.238	10.26	10.327
NA18611	9.5712	9.5681	9.8427	10.34	9.966	9.887	9.975	9.771	9.876	9.791	9.942	9.847	9.849	10.359	9.911	10.017	9.912	9.792	9.848	9.528	9.554	9.379	9.317
NA18612	9.5507	9.5206	9.7937	10.024	9.797	9.539	9.822	9.794	9.943	9.758	9.858	10.05	9.791	9.945	9.856	9.765	9.794	9.791	10.089	9.902	9.79	9.789	9.595
NA18613	9.8728	9.8929	10.1768	10.101	10.35	10.226	10.381	10.18	10.156	10.046	10.277	10.043	10.078	10.532	10.023	10.119	10.078	10.105	10.28	10.043	10.034	10.341	10.208
NA18614	9.7916	9.7694	10.0498	10.805	9.846	10.051	10.329	10.044	10.05	9.826	10.079	9.933	9.916	10.308	9.876	10.164	10.197	9.802	10.075	10.071	10.122	9.955	10.066
NA18615	9.8595	9.8759	10.1593	10.456	9.89	10.196	10.33	10.188	10.176	9.905	9.859	9.808	10.037	10.241	9.704	10.262	10.216	10.259	9.974	10.047	10.066	10.197	10.283
NA18616	9.8166	9.7648	10.045	10.147	10.372	9.824	10.436	9.874	10.05	10.256	9.764	10.115	9.862	10.64	9.921	10.217	10.037	9.999	10.036	10.051	10.182	9.995	10.048
NA18617	9.8942	9.9451	10.2304	9.861	10.213	10.032	10.225	10.101	9.947	9.836	10.125	9.807	10.193	10.202	10.308	10.152	9.979	10.107	10.285	10.461	10.305	10.386	10.297
NA18618	9.942	9.9064	10.1906	10.946	10.332	10.213	10.418	10.194	10.036	10.293	10.111	10.12	9.963	10.429	10.49	10.244	10.065	10.26	10.141	10.343	10.202	10.399	9.721
NA18619	9.7068	9.6426	9.9193	10.253	9.924	10.284	10.208	10.115	9.858	9.974	10.095	10.154	9.882	10.488	9.84	9.925	9.662	9.889	9.867	10.114	9.637	9.959	10.013
NA18620	9.6458	9.6505	9.9274	10.406	10.051	10.166	9.789	9.547	9.867	10.053	9.804	10.14	9.578	10.196	9.614	9.841	10.187	9.798	9.949	9.798	9.843	9.887	9.917
NA18621	9.5966	9.659	9.9362	9.773	10.429	10.196	10.059	10.072	10.025	9.868	9.967	9.902	9.982	8.387	9.672	9.88	9.995	9.771	10.027	9.759	9.893	9.782	9.919
NA18622	9.6825	9.6961	9.9743	9.387	10.588	9.919	9.986	10.08	10.056	10.198	9.998	10.014	9.871	10.255	9.979	9.914	9.982	10.024	9.812	9.96	9.85	10.039	9.871
NA18623	9.6026	9.6083	9.884	10.331	9.851	10.006	9.56	10.182	9.922	9.634	9.858	9.918	9.767	10.524	9.523	9.819	9.966	9.887	9.965	9.761	9.831	9.743	9.874
NA18624	9.5426	9.583	9.858	8.714	9.838	9.901	10.158	9.72	9.796	9.703	9.847	9.786	9.594	10.391	9.708	9.724	9.778	9.871	9.861	9.878	9.785	9.949	9.925
NA18625	9.7857	9.8177	10.0994	7.428	10.121	10.107	10.169	10.158	9.759	10.1	10.001	10.066	10.282	10.543	9.99	9.977	9.761	10.204	9.994	10.078	10.136	10.181	10.278
NA18626	9.748	9.7237	10.0028	9.951	9.92	10.213	9.853	9.978	9.978	10.239	9.874	9.852	9.913	10.405	10.195	9.909	9.921	10.136	10.165	10.005	9.983	10.058	10.066
NA18627	9.8984	9.8523	10.135	10.987	10.663	10.151	10.251	10.239	10.238	10.106	10.056	10.064	10.225	10.401	10.14	10.236	10.086	10.117	10.231	10.041	9.92	10.272	10.205
NA18628	9.8931	9.8771	10.1605	9.828	10.003	9.633	10.006	10.379	10.191	10.489	10.069	10.23	10.406	10.892	10.289	10.206	9.815	10.268	10.133	10.452	10.38	10.114	10.041
NA18629	9.8867	9.8617	10.1447	9.863	10.436	10.463	10.473	10.374	10.311	10.319	10.224	10.185	10.017	10.532	9.983	10.074	9.905	10.107	10.066	10.274	10.104	9.836	10.03
NA18630	9.97	10.0183	10.3058	8.637	10.056	9.847	10.028	9.855	10.172	10.279	10.144	10.194	10.609	10.325	10.145	10.091	10.405	10.318	10.24	10.535	10.501	10.537	10.672
NA18631	9.7802	9.8082	10.0896	8.378	10.486	10.249	10.025	10.041	9.945	10.156	9.939	9.913	10.339	10.246	10.316	10.213	9.774	10.109	9.965	9.974	10.204	10.13	9.957
NA18632	9.5173	9.5469	9.8208	9.017	9.825	9.923	9.637	9.93	9.666	9.993	9.692	9.692	9.744	10.172	9.64	9.621	9.992	9.696	9.856	9.869	10.024	9.911	9.65
NA18633	9.6625	9.6539	9.9309	10.665	9.978	10.052	9.899	9.885	10.008	9.539	9.816	9.487	9.986	10.332	9.745	9.891	10.049	9.874	9.914	9.717	9.946	9.976	9.977
NA18634	9.7945	9.8129	10.0945	9.418	10.458	9.745	10.064	10.034	10.323	10.261	9.81	10.116	10.254	10.559	10.02	9.95	9.942	9.976	10.134	10.131	10.006	10.249	10.151
NA18635	8.7648	8.7459	8.9968	9.43	8.717	8.93	9.118	9.141	9.073	9.063	8.839	9.067	8.842	8.76	9.267	8.908	8.802	9.104	9.166	9.016	8.995	8.722	9.16
NA18636	9.5786	9.527	9.8004	10.489	9.822	9.724	9.801	9.936	9.977	9.897	9.963	9.705	9.263	10.058	10.018	9.586	9.804	9.762	9.882	10.131	9.834	9.563	9.853
NA18637	9.7185	9.7056	9.9841	9.832	10.18	9.939	10.015	9.937	10.242	10.082	9.965	10.187	9.928	9.993	9.922	9.888	10.025	9.921	10.071	9.869	9.981	9.856	10.058
NA18638	9.8256	9.7555	10.0354	10.676	10.108	10.28	10.088	10.125	9.989	10.278	9.856	9.928	10.224	10.773	9.986	9.993	10.213	10.012	9.948	10.062	10.183	9.905	10.25
NA18639	9.4511	9.499	9.7715	9.169	9.627	9.578	9.728	9.629	9.717	9.069	9.438	9.746	9.63	10.406	10.018	9.659	9.915	9.859	9.716	9.943	9.917	9.77	9.901
NA18640	9.8891	9.8855	10.1691	9.486	10.415	10.114	10.348	10.256	10.156	10.216	10.192	10.448	9.946	10.702	10.313	10.042	10.235	10.057	10.191	10.06	10.184	10.073	10.217
NA18641	9.6416	9.6346	9.9111	10.272	9.882	9.708	9.918	10.021	10.033	9.848	10.06	9.55	10.034	10.001	9.863	9.519	9.786	9.782	9.877	9.825	10.041	9.941	10.078
NA18642	9.7497	9.7613	10.0414	10.609	10.116	10.145	10.16	10.102	9.86	9.408	9.712	9.552	9.818	9.949	10.053	10.195	10.253	9.918	10.178	10.112	9.962	10.105	9.996
NA18643	9.8039	9.8354	10.1176	10.184	10.358	10.011	10.08	9.732	10.071	10.142	10.003	10.29	9.897	10.379	9.821	10.118	10.059	9.924	10.162	10.072	10.251	10.314	9.922
NA18644	9.8844	9.8487	10.1313	10.993	10.56	10.055	9.865	10.395	10.048	10.055	10.247	10.195	9.967	10.452	10.027	10.431	10.085	10.318	10.053	10.066	10.098	10.01	10.083
NA18645	9.4953	9.5119	9.7848	9.535	9.303	9.822	9.836	9.554	9.826	9.56	9.914	9.983	9.652	9.522	9.839	9.765	9.819	9.781	9.862	9.916	9.931	9.688	9.945
NA18646	9.7635	9.7905	10.0715	9.643	10.221	9.867	9.917	10.19	10.128	9.957	9.976	9.898	10.049	10.513	9.683	9.88	10.018	10.049	10.215	9.974	10.337	10.068	10.243
NA18647	9.6487	9.6725	9.95	8.082	10.091	9.662	10.394	10.023	10.086	10.047	9.992	9.788	9.692	9.489	10.026	9.861	9.858	9.925	9.724	10.022	10.15	10.354	9.914
NA18648	9.9835	9.9665	10.2525	10.614	10.175	10.705	10.327	10.104	10.159	10.601	10.314	10.317	10.231	10.765	10.092	10.341	10.303	10.231	10.284	10.126	10.209	10.172	10.346
NA18740	9.7189	9.6835	9.9613	8.783	10.476	10.332	10.073	9.9	10.032	9.977	10.027	10.033	9.997	10.449	9.892	9.842	9.844	9.934	10.137	9.931	9.988	9.951	10.013
NA18745	10.591	10.6232	10.928	10.149	10.927	10.859	10.715	11.015	10.857	10.967	10.793	10.683	10.961	11.336	10.528	11.085	10.99	11.001	11.01	11.0	10.945	10.664	11.067
NA18747	9.7699	9.7841	10.0649	9.228	10.282	10.502	10.184	9.961	10.207	10.015	10.057	10.02	10.045	10.368	10.151	10.109	10.042	9.905	10.03	10.128	9.988	9.943	10.027
NA18748	9.4153	9.5953	9.8706	8.725	8.983	8.841	8.964	8.63	8.757	9.891	9.857	9.995	9.866	10.441	10.044	9.778	9.806	9.962	9.768	10.065	9.915	9.977	9.847
NA18749	9.613	9.5922	9.8675	8.75	10.451	9.612	10.15	9.902	9.913	10.121	9.707	9.651	10.063	9.495	9.705	9.799	10.0	9.955	9.724	10.142	10.134	9.911	9.796
NA18757	9.5885	9.5652	9.8396	10.546	9.847	9.295	9.459	10.023	9.79	9.571	9.668	10.022	9.792	9.892	9.593	9.882	9.843	9.836	9.826	9.788	9.771	10.162	10.034
NA18852	9.8401	9.8793	10.1628	8.639	9.748	10.488	9.934	10.082	9.888	10.2	9.983	10.125	10.133	10.659	10.026	9.955	10.173	10.194	9.969	10.194	10.306	10.234	10.293
NA18853	9.698	9.6926	9.9707	7.79	9.823	9.957	10.289	9.882	10.17	10.011	9.855	10.052	9.91	10.418	9.883	9.931	10.022	10.136	10.16	9.85	9.853	10.092	9.903
NA18854	9.7675	9.8074	10.0888	9.072	9.956	10.215	10.081	10.128	10.081	10.116	10.083	10.209	10.188	10.472	10.112	9.938	10.036	10.268	9.774	10.165	9.958	10.042	10.06
NA18855	9.9849	9.9221	10.2068	7.698	10.43	9.962	10.164	10.262	10.145	9.851	9.995	10.029	9.845	10.821	10.925	10.787	11.168	10.836	10.751	10.024	10.016	10.027	10.233
NA18856	9.7215	9.6903	9.9683	9.578	9.758	9.886	10.247	10.028	10.227	9.886	10.046	9.818	10.185	10.156	9.849	9.864	10.168	10.012	9.944	9.95	10.137	9.862	10.015
NA18857	9.6483	9.6498	9.9267	7.308	9.958	10.318	10.052	9.977	9.868	10.21	9.995	9.739	9.792	10.257	10.126	9.983	9.886	9.933	10.008	9.817	9.745	9.849	9.861
NA18858	9.7114	9.743	10.0226	9.466	10.032	9.827	10.019	10.354	9.997	10.039	10.11	10.349	10.108	10.687	10.109	9.642	9.898	9.811	9.633	10.03	9.98	9.802	10.138
NA18859	9.3426	9.3882	9.6576	9.727	9.563	10.182	9.821	9.504	9.511	9.711	9.849	9.805	9.643	9.226	9.761	9.617	9.439	9.617	9.619	9.774	9.611	9.365	9.443
NA18860	9.4751	9.4715	9.7432	9.416	9.756	10.18	10.151	9.831	9.683	9.53	10.171	10.199	9.665	10.18	9.784	9.782	9.6	9.738	9.906	9.61	9.495	9.694	9.467
NA18861	9.7156	9.735	10.0144	9.17	9.452	10.007	10.155	9.878	10.11	10.008	10.115	9.847	9.839	10.147	10.23	9.951	9.822	9.998	10.002	10.133	9.807	10.031	10.028
NA18862	9.7391	9.755	10.0349	9.136	8.817	9.973	10.167	9.859	9.918	9.927	9.964	9.944	10.106	10.506	10.184	10.08	9.984	10.291	10.068	10.162	10.194	10.078	10.235
NA18863	9.8108	9.7974	10.0785	8.257	10.277	10.2	10.319	10.196	9.868	10.271	10.359	9.948	9.852	10.388	10.186	9.948	10.045	10.199	10.253	10.062	9.982	10.455	10.218
NA18864	9.7814	9.7954	10.0764	9.982	10.016	10.15	10.274	10.108	10.12	9.929	9.954	9.786	10.212	9.6	10.372	10.194	9.906	9.924	10.199	10.214	9.965	10.22	10.097
NA18865	9.737	9.7519	10.0317	7.755	9.736	9.998	9.996	10.157	10.067	9.989	10.077	10.314	10.127	9.219	9.955	9.926	10.281	9.942	9.939	10.143	10.056	10.064	10.091
NA18867	9.9843	9.9799	10.2663	10.151	10.622	10.113	10.138	10.063	10.065	10.32	10.314	10.486	10.277	10.26	10.283	10.095	10.139	10.482	10.227	10.322	10.273	10.411	10.322
NA18868	7.7454	7.7192	7.9407	7.836	7.577	7.647	8.045	7.867	7.864	8.107	7.95	7.851	7.897	8.379	7.874	7.943	7.946	7.809	8.156	8.055	8.034	7.916	7.988
NA18869	9.8276	9.8768	10.1602	9.78	9.915	10.137	10.186	9.918	10.071	10.378	10.091	10.139	10.351	10.234	10.284	10.284	10.116	9.962	9.968	10.058	10.056	10.198	10.11
NA18870	9.4071	9.467	9.7386	9.575	9.585	9.664	9.799	9.852	9.64	9.376	9.831	9.467	9.667	8.448	10.018	9.636	9.903	9.763	9.874	9.568	9.797	9.713	9.714
NA18871	9.7831	9.7962	10.0773	9.353	10.229	10.251	10.016	10.286	10.112	10.005	10.036	9.613	10.184	10.397	10.416	10.022	10.12	9.852	10.115	9.981	10.047	10.023	10.188
NA18872	9.5129	9.593	9.8683	8.258	9.116	9.809	9.953	9.852	9.576	9.713	9.9	9.864	10.04	9.507	10.142	9.956	10.139	9.844	9.767	9.778	9.999	9.775	9.822
NA18873	9.643	9.6751	9.9527	9.157	10.253	10.214	10.046	9.9	9.78	10.066	9.928	9.887	9.665	9.288	10.255	10.035	10.006	9.867	9.897	10.207	9.819	9.895	10.085
NA18874	9.7013	9.7332	10.0125	8.246	9.623	10.422	9.912	10.166	10.214	10.079	10.133	9.928	10.287	9.101	10.239	10.147	9.96	9.995	9.995	9.981	9.939	9.809	10.05
NA18875	9.7329	9.8099	10.0914	8.977	10.186	9.852	10.094	9.93	10.051	10.113	9.866	10.397	10.075	9.477	10.407	10.189	9.967	9.704	10.112	10.153	9.961	9.848	10.062
NA18876	9.9259	9.9882	10.2748	9.848	9.074	10.478	10.362	10.483	10.156	10.25	10.153	9.795	10.477	11.061	10.201	10.114	10.201	10.369	10.153	10.152	10.114	10.186	10.518
NA18877	9.755	9.7511	10.0309	10.836	10.183	9.6	9.833	9.95	10.074	9.681	10.229	9.749	10.307	9.482	9.841	10.192	10.164	9.976	9.997	9.913	10.01	10.124	10.056
NA18878	8.9187	8.9467	9.2035	8.957	9.134	9.245	9.133	9.105	9.323	9.15	9.334	9.178	9.231	9.066	9.252	9.241	9.051	9.329	9.24	8.788	9.11	9.378	9.073
NA18879	9.8225	9.8554	10.1382	10.04	9.905	10.156	10.059	10.032	9.872	10.226	10.13	10.116	10.142	7.609	10.216	9.963	9.886	10.246	10.259	10.03	10.188	10.42	10.439
NA18881	9.9745	9.9415	10.2268	10.482	9.924	9.939	10.173	10.114	10.289	10.217	9.999	10.24	9.981	10.847	10.282	10.212	10.568	10.305	10.182	10.383	10.301	10.329	10.417
NA18906	9.7346	9.7701	10.0504	9.848	10.167	9.942	9.995	10.16	9.871	9.861	10.273	9.958	9.922	9.748	9.946	9.911	9.907	10.023	10.142	9.983	10.081	10.202	10.34
NA18907	9.8509	9.8606	10.1435	10.225	10.223	10.138	9.98	10.191	10.193	10.318	10.22	10.421	9.832	9.586	10.02	10.022	10.377	10.099	10.062	10.287	10.128	10.258	10.054
NA18908	10.0458	10.0379	10.3259	9.265	10.12	9.765	10.161	10.554	10.411	10.311	10.313	9.788	10.48	10.91	10.172	10.421	10.55	10.076	10.302	10.297	10.544	10.498	10.4
NA18909	9.7061	9.6845	9.9624	10.367	10.258	9.602	9.653	9.778	10.128	9.969	9.933	9.94	9.962	10.275	10.186	10.138	9.911	9.851	9.887	9.94	9.949	10.036	9.826
NA18910	9.83	9.8548	10.1376	9.875	10.136	10.189	10.216	10.278	10.208	10.364	9.895	10.109	10.232	10.516	10.043	10.097	10.275	10.123	10.14	9.886	9.92	10.068	10.015
NA18911	9.8917	9.8921	10.176	9.835	10.051	10.213	10.459	10.272	10.191	10.323	10.104	10.11	10.291	10.41	9.841	10.154	9.94	10.198	10.261	10.16	10.401	10.215	10.316
NA18912	9.7167	9.6658	9.9431	12.181	9.828	9.674	10.237	10.073	10.035	9.936	9.954	9.788	9.592	8.7	9.836	10.056	9.928	9.886	9.949	9.944	10.136	10.048	10.025
NA18913	9.5821	9.5645	9.8389	10.273	9.973	9.918	10.254	10.119	9.865	9.716	9.914	9.894	9.93	9.452	10.261	10.001	9.661	9.585	9.8	9.992	9.753	9.628	9.737
NA18914	9.9587	9.9995	10.2864	10.611	10.196	10.369	10.365	10.105	9.672	10.097	10.355	10.016	10.286	10.227	10.028	10.164	10.234	10.197	10.193	10.404	10.367	10.438	10.382
NA18915	9.7175	9.7851	10.0659	8.549	9.71	9.827	10.089	9.966	9.891	10.036	10.019	9.923	10.025	9.75	10.17	10.109	10.003	10.124	10.061	10.052	10.203	10.114	10.067
NA18916	9.718	9.6912	9.9692	9.78	9.503	9.801	9.893	10.189	10.123	9.868	10.078	9.792	10.107	10.291	9.84	9.902	10.083	9.904	10.23	9.93	9.937	9.964	10.036
NA18917	9.7967	9.7974	10.0785	9.517	10.158	9.908	10.169	10.153	10.259	10.248	10.133	9.71	10.056	10.237	10.08	9.922	10.156	10.116	10.07	10.024	10.052	10.045	10.112
NA18923	9.937	9.9457	10.2311	9.712	10.572	9.701	10.547	9.912	10.414	10.29	10.363	10.305	10.012	10.315	10.459	10.191	10.228	10.129	10.142	9.84	10.4	10.294	10.318
NA18924	9.7269	9.7267	10.0058	10.037	9.33	9.868	10.236	10.181	10.192	9.96	10.071	10.05	10.099	9.562	9.83	10.055	10.405	10.241	9.948	10.04	9.919	9.954	9.961
NA18925	9.8535	9.8143	10.0959	10.683	9.616	10.383	10.319	10.18	10.218	10.004	10.014	10.016	9.913	10.359	10.132	9.998	9.919	10.162	10.148	10.145	9.94	10.221	10.35
NA18930	9.9403	9.9915	10.2782	9.655	9.178	10.076	10.325	10.19	10.528	10.441	10.257	9.756	10.057	10.392	10.059	10.352	10.372	10.083	10.168	10.201	10.407	10.077	10.55
NA18933	9.7152	9.7144	9.9931	8.581	11.385	9.711	9.962	10.123	10.058	10.05	10.064	10.214	10.093	9.688	10.091	9.799	10.052	9.789	9.912	10.258	9.928	10.082	10.104
NA18934	9.8473	9.8617	10.1447	9.7	10.858	10.436	9.939	10.118	10.135	10.061	9.935	9.895	10.288	10.251	10.203	10.128	10.288	9.714	10.101	10.124	10.231	10.174	10.142
NA18935	9.6698	9.6771	9.9548	8.309	10.261	9.863	10.022	10.064	9.849	10.08	10.014	9.917	9.884	10.332	10.053	9.768	10.04	10.104	9.733	10.086	9.997	9.931	10.002
NA18939	9.7718	9.8128	10.0944	10.014	10.457	10.263	10.171	10.153	10.168	9.873	10.053	10.045	9.979	10.841	9.916	9.901	10.128	9.951	9.938	10.098	10.003	9.982	10.148
NA18940	9.8198	9.7642	10.0444	10.431	10.094	10.224	10.281	10.062	10.256	10.073	10.273	10.13	9.865	10.351	10.106	10.23	10.216	10.182	9.86	9.912	10.055	9.925	10.025
NA18941	9.6763	9.6607	9.9379	8.336	10.303	9.583	10.412	10.4	10.455	10.196	10.116	10.185	10.111	10.733	9.957	9.945	10.004	9.757	9.989	9.771	9.92	9.172	9.614
NA18942	9.648	9.6393	9.9159	10.433	9.773	9.921	9.964	9.603	9.733	9.66	9.585	9.917	10.04	10.229	9.953	9.996	9.456	9.913	9.924	9.988	10.109	9.951	10.04
NA18943	9.7512	9.7226	10.0016	9.769	10.122	10.223	10.085	10.002	10.132	10.099	10.052	9.95	10.03	10.218	10.053	9.847	9.822	10.105	9.93	9.961	10.166	10.142	10.075
NA18944	9.9165	9.9898	10.2764	9.695	10.02	10.367	9.921	10.458	10.268	10.588	10.467	10.262	10.138	10.66	10.132	10.225	10.463	10.052	10.107	10.206	10.113	10.113	10.422
NA18945	9.7055	9.6969	9.9751	9.566	10.277	9.884	10.125	10.347	10.03	9.932	9.866	10.154	9.866	10.518	10.082	9.917	10.105	9.918	9.934	10.005	10.11	9.875	9.881
NA18946	9.7775	9.795	10.076	8.856	10.094	10.295	9.977	10.263	10.442	10.125	9.952	9.854	10.239	9.579	9.924	10.28	10.221	9.938	9.965	10.131	9.922	10.045	10.187
NA18947	9.8124	9.7673	10.0476	10.554	10.11	10.066	10.042	10.269	10.091	10.043	9.988	9.99	9.978	10.749	10.101	9.978	10.12	9.836	10.0	10.361	10.065	10.0	10.311
NA18948	9.5814	9.6023	9.8778	9.85	9.981	9.918	9.937	9.809	9.979	9.946	10.037	9.87	9.729	9.028	9.818	9.818	9.682	10.063	9.774	10.103	9.901	9.939	9.897
NA18949	9.9735	9.914	10.1985	10.525	10.562	10.542	10.097	10.485	10.471	9.529	10.346	10.528	10.278	10.546	9.901	10.203	10.262	10.313	9.989	10.172	9.905	10.265	10.325
NA18950	9.6145	9.577	9.8518	10.067	10.035	9.759	9.922	9.634	9.693	9.993	10.197	9.77	9.867	10.106	9.702	9.875	9.642	9.723	9.985	9.807	10.035	9.906	9.909
NA18951	10.7137	10.6372	10.9424	11.369	10.893	10.717	11.09	11.068	11.188	10.958	11.252	10.852	10.514	11.432	11.045	10.931	11.28	11.125	10.939	11.028	10.982	10.956	11.029
NA18952	9.4211	9.3224	9.5899	10.454	9.691	9.783	9.565	9.787	9.647	9.599	9.506	9.512	9.449	10.134	9.826	9.891	9.748	9.764	9.804	9.675	9.562	9.747	9.567
NA18953	9.6589	9.7087	9.9873	8.26	9.94	10.093	10.032	9.915	9.817	9.608	9.987	10.049	9.845	10.529	10.029	10.007	9.937	9.903	10.098	10.035	9.898	9.953	10.001
NA18954	11.2354	11.3618	11.6879	10.123	11.378	11.059	11.386	11.275	11.607	11.715	11.484	11.541	11.624	11.614	12.004	11.502	11.296	11.779	11.698	11.716	11.861	11.921	11.748
NA18956	9.538	9.5269	9.8003	9.121	10.133	9.71	9.909	9.858	9.894	9.725	9.795	9.985	9.681	10.292	9.572	9.799	9.925	9.757	9.799	9.855	9.941	9.845	9.916
NA18957	9.6581	9.6652	9.9426	8.856	10.061	9.937	10.002	10.18	9.701	10.134	9.994	10.122	10.053	10.236	9.797	10.065	9.858	9.907	10.066	9.918	10.225	9.876	9.743
NA18959	9.8826	9.8118	10.0933	9.778	10.508	10.165	10.168	9.902	10.053	9.894	9.898	9.793	9.888	10.502	9.969	9.732	9.955	9.798	10.067	10.02	10.892	11.137	10.964
NA18960	9.5289	9.4423	9.7133	10.425	10.3	9.952	9.777	9.911	9.88	9.593	9.593	9.909	9.801	10.486	9.652	9.568	9.935	9.674	9.822	9.784	9.667	9.557	9.509
NA18961	9.8195	9.7892	10.0701	10.267	10.144	9.884	9.917	9.944	9.994	10.25	10.112	10.283	10.098	10.317	10.22	10.187	10.301	9.951	10.252	9.783	10.103	10.104	10.013
NA18962	10.0022	9.9958	10.2826	9.995	10.364	9.931	10.315	10.132	9.988	10.249	10.265	10.363	10.071	10.494	10.098	10.275	10.224	10.445	10.399	10.595	10.454	10.484	10.239
NA18963	9.7014	9.7422	10.0217	9.742	10.206	9.509	9.881	9.819	9.738	9.809	9.936	10.074	10.002	9.605	10.02	10.028	9.738	9.972	10.181	10.204	10.096	9.973	9.944
NA18964	9.5954	9.5793	9.8542	9.893	10.112	9.818	9.998	9.888	9.724	9.905	9.938	9.919	9.723	9.533	9.543	9.615	9.844	9.927	9.947	9.883	10.095	9.803	10.047
NA18965	9.7028	9.7172	9.9961	9.791	10.295	10.315	10.054	9.929	9.856	9.584	10.017	10.001	9.8	10.141	9.893	9.848	9.963	10.005	10.026	10.285	10.09	10.051	9.945
NA18966	9.8247	9.867	10.1502	8.941	10.064	9.945	10.135	10.125	10.076	10.488	10.203	10.317	10.223	10.532	10.359	9.901	10.105	10.172	10.178	10.056	9.964	10.042	10.247
NA18967	9.715	9.673	9.9506	10.315	9.653	9.821	10.084	10.03	10.127	9.924	10.074	10.13	10.026	10.065	9.936	9.767	10.008	9.986	10.119	9.757	9.978	10.017	10.226
NA18968	9.7407	9.6926	9.9707	10.224	10.022	9.748	10.147	9.784	10.142	9.734	10.009	9.769	10.096	10.661	10.018	9.898	9.704	9.948	9.948	10.167	10.007	10.071	10.095
NA18969	9.7806	9.798	10.0791	10.096	10.004	9.649	10.271	10.091	10.066	10.118	10.223	9.811	10.179	9.944	10.242	9.819	10.314	10.041	9.996	10.035	10.073	10.16	10.039
NA18970	9.9722	9.9996	10.2865	9.943	10.587	10.177	10.281	10.228	10.433	10.558	10.27	10.387	10.083	10.758	9.998	10.02	10.42	10.012	10.08	10.094	10.208	10.184	10.384
NA18971	9.6735	9.6514	9.9283	9.875	10.213	10.152	9.762	9.509	10.018	9.854	9.801	10.227	10.033	10.107	10.025	9.875	10.25	9.916	9.944	9.8	9.985	9.873	10.16
NA18972	9.5916	9.5991	9.8745	9.844	10.027	9.93	9.708	9.796	9.97	9.496	10.035	10.158	9.884	9.081	10.029	9.593	9.798	10.002	9.685	9.844	9.895	10.074	10.038
NA18973	9.7418	9.8116	10.0932	9.545	9.715	10.128	10.262	10.257	10.207	10.08	9.993	10.345	10.269	9.864	10.005	9.898	9.882	10.123	10.064	9.967	9.977	10.076	10.024
NA18974	9.5117	9.4743	9.7461	10.034	10.083	9.858	10.015	9.815	9.885	9.903	9.695	9.742	9.918	10.442	9.691	9.644	9.732	9.622	9.717	9.872	9.771	9.486	9.567
NA18975	9.7433	9.76	10.0401	9.119	10.125	9.892	10.015	10.241	10.203	10.244	10.067	10.286	10.144	10.631	9.799	9.861	10.145	9.989	9.696	9.988	10.023	10.044	9.989
NA18976	9.8037	9.7484	10.0281	10.517	9.999	9.964	10.233	10.173	10.04	10.087	9.867	9.874	10.113	10.651	9.866	10.19	10.213	10.156	10.109	10.064	9.868	9.976	10.055
NA18977	9.8175	9.7773	10.0578	9.061	10.316	9.898	9.998	9.981	10.145	10.103	10.177	10.14	10.064	10.805	10.036	10.002	10.316	10.141	10.264	10.273	10.157	10.264	9.876
NA18978	9.6438	9.6268	9.903	9.789	9.163	10.038	9.997	9.913	9.769	9.711	9.896	10.116	9.999	10.438	10.041	9.755	9.612	9.755	9.972	10.01	10.085	9.811	10.016
NA18979	9.9163	9.8622	10.1452	10.932	10.079	10.101	10.216	10.153	10.058	10.0	10.197	10.15	10.123	10.798	10.261	10.044	10.022	10.216	10.194	9.972	10.22	10.316	10.166
NA18980	9.7659	9.7669	10.0472	10.282	9.808	10.005	9.823	9.896	10.236	10.049	9.896	9.853	9.962	10.286	10.053	9.995	10.126	9.909	10.049	10.074	10.332	9.815	10.072
NA18981	9.7286	9.6983	9.9765	10.117	10.493	10.167	10.232	9.861	9.828	10.265	10.042	10.015	9.896	10.267	10.126	9.847	9.76	9.809	10.001	10.012	9.963	9.959	10.066
NA18982	9.6183	9.6003	9.8758	10.488	9.764	10.21	10.087	9.89	9.794	9.869	9.88	9.863	9.955	9.258	9.719	9.676	10.092	10.029	9.918	9.871	9.812	9.672	10.045
NA18983	9.8095	9.809	10.0904	9.878	10.187	10.118	10.178	10.092	10.115	9.508	10.188	10.035	10.017	10.318	9.952	10.091	10.018	10.147	10.247	10.046	10.092	10.282	10.002
NA18984	9.3756	9.2914	9.558	10.182	9.687	10.004	9.912	9.768	9.856	9.189	9.776	9.585	10.247	9.898	9.624	9.584	9.866	9.88	9.539	9.52	9.438	9.286	9.409
NA18985	10.0699	10.08	10.3692	9.824	9.964	9.992	10.067	10.133	10.233	10.168	10.497	10.09	10.207	10.479	10.05	10.446	10.452	10.452	10.588	10.52	10.425	10.62	10.592
NA18986	9.7092	9.6972	9.9754	9.703	10.27	9.946	10.003	9.933	9.951	9.958	10.186	10.011	9.904	10.323	9.992	9.985	9.729	9.97	10.058	9.878	10.116	9.908	10.057
NA18987	9.7291	9.7207	9.9996	10.321	9.731	9.792	9.96	10.1	9.849	9.942	10.006	9.964	10.179	10.236	10.083	10.025	10.064	10.158	9.895	9.964	10.131	10.005	9.85
NA18988	9.6268	9.6127	9.8886	9.767	9.773	9.772	9.746	10.024	10.107	9.788	9.752	9.791	10.108	10.79	9.732	9.72	10.051	10.087	10.248	10.016	10.001	9.849	9.901
NA18989	9.4686	9.4577	9.7291	10.335	9.644	9.739	9.938	9.958	9.944	9.611	9.793	10.014	9.882	10.269	10.012	9.807	9.751	9.457	9.67	9.493	9.621	9.255	9.46
NA18990	9.645	9.6357	9.9122	10.481	10.025	10.001	10.265	10.036	10.153	9.71	9.896	10.016	9.841	9.553	9.812	9.945	9.644	9.934	9.808	9.681	9.829	9.946	9.94
NA18991	9.5145	9.5101	9.783	10.274	10.4	9.67	9.708	9.942	9.593	9.543	9.647	9.777	9.812	10.201	9.607	9.584	9.929	9.656	9.784	9.867	9.807	9.537	9.742
NA18992	9.8895	9.8641	10.1471	10.461	10.644	11.051	10.793	10.728	10.732	10.49	10.755	10.37	10.763	10.219	10.628	10.508	9.861	9.443	9.689	9.549	9.463	9.734	9.492
NA18993	9.5614	9.5037	9.7764	10.143	10.32	10.149	9.806	9.923	10.165	9.575	9.665	9.883	9.805	10.354	9.903	9.759	9.947	9.731	9.732	9.683	9.719	9.547	9.534
NA18994	9.7657	9.7385	10.018	9.427	10.548	10.672	10.276	10.156	10.035	9.754	9.926	10.024	10.21	10.568	10.057	10.424	10.372	10.066	10.113	9.871	9.709	10.018	9.937
NA18995	9.8988	9.9296	10.2145	10.561	10.359	10.429	10.149	9.99	9.83	9.606	10.382	10.213	10.092	10.645	10.057	10.395	9.89	10.129	9.999	10.218	10.21	10.362	10.411
NA18997	9.8997	9.8489	10.1315	10.512	9.819	9.944	10.164	10.236	9.928	10.246	10.083	10.353	9.976	10.461	10.028	10.268	10.221	10.308	10.338	9.886	10.184	9.774	10.514
NA18998	9.7339	9.7204	9.9994	10.529	10.592	10.058	10.134	10.153	9.916	9.626	10.128	10.06	10.103	10.38	9.949	9.703	10.042	9.896	9.893	10.046	9.938	9.785	9.844
NA18999	9.7854	9.7636	10.0438	10.681	10.301	9.771	10.298	10.182	9.948	9.985	9.782	9.685	10.234	10.486	10.179	10.215	10.127	9.944	10.091	9.866	10.093	9.978	10.039
NA19000	9.5942	9.5827	9.8577	10.033	9.065	10.087	10.192	9.968	9.773	9.754	9.807	9.939	9.717	10.326	9.845	9.642	9.689	9.841	9.93	9.839	9.854	10.039	9.757
NA19001	9.8274	9.7914	10.0723	10.539	10.069	10.316	9.973	9.918	10.208	10.019	10.227	9.859	9.928	10.35	10.342	10.241	9.962	10.1	10.089	10.025	9.993	10.168	10.12
NA19002	9.7965	9.7751	10.0556	10.666	10.18	9.669	9.957	10.082	10.215	9.711	10.01	9.903	10.051	10.445	10.137	10.083	9.965	10.26	9.872	9.909	10.146	9.962	10.031
NA19003	9.8035	9.771	10.0514	10.315	9.905	10.117	10.167	10.321	9.857	9.727	10.18	10.25	10.125	10.125	10.04	9.784	9.836	10.233	10.079	10.135	9.841	10.268	10.129
NA19004	10.5756	10.5516	10.8544	11.372	10.841	10.986	11.309	10.773	11.043	10.393	10.863	10.833	10.74	11.287	11.035	10.986	11.108	10.85	10.756	10.859	10.763	10.92	10.687
NA19005	9.7929	9.7822	10.0629	8.892	10.264	9.96	10.366	10.144	10.02	9.617	10.074	10.036	10.161	10.306	10.159	9.973	9.783	10.317	10.304	10.036	9.961	10.222	10.304
NA19006	9.4548	9.5915	9.8667	9.201	8.662	8.729	8.807	9.064	9.031	9.647	9.831	10.129	10.036	10.252	10.13	9.818	9.997	10.198	9.934	9.961	10.103	9.694	10.019
NA19007	9.7433	9.725	10.004	10.039	9.844	9.497	9.368	9.547	9.891	9.886	10.115	10.137	10.116	9.819	10.036	10.116	9.844	10.305	10.122	10.1	10.147	10.466	10.083
NA19009	9.7048	9.7161	9.9949	9.375	10.285	9.902	10.112	9.825	9.854	10.037	10.027	9.892	10.113	10.1	10.122	10.077	9.801	9.95	9.918	10.131	10.099	9.85	10.176
NA19010	9.795	9.8484	10.131	8.895	10.539	10.192	10.145	10.132	10.088	9.766	10.071	9.788	10.306	10.297	9.748	10.053	10.302	10.031	10.084	9.993	10.131	10.078	10.212
NA19011	9.8228	9.8383	10.1206	10.096	10.178	10.244	10.153	10.025	10.205	10.226	10.235	10.282	10.025	9.678	9.965	10.071	10.085	10.227	10.076	10.235	10.022	10.153	10.039
NA19012	9.8629	9.8029	10.0842	10.345	9.777	9.82	10.273	10.167	9.997	10.035	10.09	10.263	9.94	10.587	10.177	10.036	9.872	10.372	10.293	9.956	9.99	10.162	10.226
NA19017	9.8496	9.8959	10.1798	9.069	10.137	9.937	9.952	9.998	9.719	9.964	10.05	10.227	10.195	10.367	9.679	10.079	10.099	10.136	10.256	10.45	10.522	10.439	10.456
NA19019	9.6103	9.6895	9.9676	8.138	9.462	9.885	9.808	9.8	10.055	9.919	9.928	9.605	10.102	9.724	10.106	9.887	9.982	10.05	9.85	9.952	10.009	9.963	9.972
NA19020	9.6368	9.6684	9.9458	9.093	10.388	9.935	10.06	10.055	9.968	9.599	9.916	9.974	10.072	10.186	9.865	9.896	10.083	9.892	10.025	9.969	9.78	9.796	9.689
NA19023	9.641	9.725	10.0041	8.832	9.241	9.493	9.855	9.916	10.066	9.629	10.227	9.844	9.873	8.839	9.949	10.259	10.089	9.992	10.163	10.097	10.051	9.989	9.981
NA19024	9.7773	9.8352	10.1174	8.382	9.736	9.95	9.87	10.113	10.159	10.22	9.916	10.002	10.0	9.55	9.985	10.162	10.29	9.948	10.119	10.201	10.189	10.272	10.012
NA19025	9.8726	9.8572	10.14	8.265	9.567	9.882	10.217	10.452	10.188	10.199	9.854	10.049	10.134	10.459	10.301	10.308	9.945	10.279	10.254	10.172	10.154	10.555	10.181
NA19026	9.8111	9.8272	10.1091	10.004	9.634	9.441	9.742	9.909	10.041	9.871	9.829	9.803	10.069	10.065	10.214	10.152	10.015	9.974	10.104	10.452	10.315	10.178	10.556
NA19027	9.8214	9.8082	10.0897	8.81	10.548	9.951	10.084	9.975	10.351	9.86	10.034	10.125	10.448	10.351	10.21	10.265	10.254	10.162	9.975	10.079	10.059	9.817	10.029
NA19028	9.7685	9.8033	10.0846	7.321	9.648	9.809	9.909	10.146	10.29	10.097	10.307	10.085	10.082	10.52	10.016	9.872	10.292	10.079	10.054	10.112	10.049	10.198	10.19
NA19030	9.5939	9.6309	9.9073	9.015	9.913	10.109	9.792	9.656	9.514	9.873	9.715	9.859	9.963	10.083	10.148	9.89	9.744	10.131	9.81	10.1	10.052	10.087	10.243
NA19031	10.0156	10.0879	10.3774	10.261	8.744	9.768	9.795	9.69	9.812	9.806	9.741	9.853	9.74	10.17	10.824	10.674	10.888	10.886	10.72	10.859	10.678	10.631	10.664
NA19035	9.8829	9.8823	10.1658	9.64	9.367	9.804	10.145	10.041	10.209	9.808	10.016	9.975	9.98	10.608	10.144	9.98	10.316	10.462	10.356	10.271	10.558	10.376	10.463
NA19036	9.4974	9.5315	9.805	8.791	9.845	10.109	9.746	9.945	9.908	10.046	9.779	9.874	9.972	9.939	10.003	9.674	9.939	9.778	9.651	9.849	9.744	9.703	9.654
NA19037	9.5645	9.638	9.9146	8.464	10.098	9.985	9.813	9.773	9.955	9.868	9.964	9.661	9.783	8.652	10.057	9.955	9.591	9.687	9.902	10.032	9.706	9.933	10.117
NA19038	9.4674	9.5033	9.776	9.179	10.044	9.847	9.968	9.911	9.759	9.52	9.84	9.589	9.77	9.293	9.49	9.664	10.019	9.837	9.701	9.775	9.781	9.804	9.653
NA19041	9.3368	9.3903	9.6597	7.884	9.571	9.793	9.378	9.92	9.682	9.848	9.978	9.399	9.626	9.0	9.524	9.584	9.241	9.526	9.615	9.653	9.797	9.685	9.833
NA19042	9.6132	9.6218	9.8979	8.191	10.353	10.014	9.734	10.024	9.906	9.796	9.828	9.629	10.032	10.177	10.075	9.905	9.752	9.782	9.977	9.973	10.005	9.898	10.003
NA19043	9.7572	9.7476	10.0273	10.024	10.999	10.141	10.215	10.167	10.046	9.994	9.839	9.971	9.95	9.44	10.144	9.85	10.174	10.011	10.104	9.821	9.832	10.025	10.083
NA19054	10.1265	10.2054	10.4982	9.277	9.981	9.792	9.952	9.917	9.84	10.031	10.178	10.114	10.371	10.395	10.401	10.524	10.565	10.64	10.83	10.748	11.116	11.208	11.321
NA19055	9.5314	9.5141	9.7871	9.982	10.352	9.978	10.039	9.767	9.809	9.947	9.783	9.893	9.749	9.913	9.381	9.669	9.972	9.563	9.808	9.623	9.715	9.813	9.62
NA19056	9.8144	9.8146	10.0962	9.978	10.452	10.426	10.09	10.472	9.846	10.127	9.811	10.232	10.206	10.5	10.197	9.742	10.091	9.915	10.064	10.116	9.997	9.981	10.224
NA19057	9.6209	9.6219	9.898	9.475	9.909	9.815	10.152	10.094	10.034	9.891	10.101	10.045	9.916	9.928	9.945	9.588	9.84	9.904	9.861	9.847	9.899	9.919	9.618
NA19058	9.7978	9.8489	10.1315	9.023	10.265	9.799	10.109	10.164	10.517	10.151	10.013	10.246	9.844	10.649	10.15	9.977	10.26	10.009	10.168	9.947	10.053	9.935	10.064
NA19059	9.7542	9.7357	10.015	9.807	10.12	9.865	9.896	10.238	9.978	10.079	10.168	10.038	10.026	10.412	9.84	10.279	9.85	10.049	9.97	9.842	10.072	10.098	10.2
NA19060	9.7498	9.7722	10.0526	9.327	9.793	9.976	10.194	10.015	9.97	9.855	9.872	10.234	10.093	10.394	10.057	10.135	9.915	10.27	9.994	10.057	9.941	10.368	10.147
NA19062	9.7806	9.7221	10.0011	10.125	9.577	10.807	10.196	10.146	10.157	10.006	9.983	9.874	10.099	10.415	9.919	9.921	9.892	9.984	10.004	9.89	9.957	10.061	10.307
NA19063	9.9316	9.8768	10.1602	10.613	9.855	10.299	10.265	10.379	10.022	10.006	10.46	10.217	9.922	10.532	10.243	9.847	9.999	10.216	10.087	10.301	10.125	10.152	10.667
NA19064	9.7516	9.7914	10.0724	8.916	10.241	10.015	10.232	10.329	9.705	9.798	10.014	10.034	10.093	10.242	10.017	10.332	9.909	9.906	10.062	10.215	10.1	9.88	10.038
NA19065	9.7306	9.7282	10.0073	9.331	10.281	10.176	10.102	10.105	9.818	10.037	9.807	9.758	10.104	10.36	9.853	10.065	10.062	9.887	10.143	9.968	10.083	9.975	10.165
NA19066	9.8501	9.7849	10.0657	10.456	10.203	10.136	10.195	10.135	9.998	10.104	9.815	10.279	9.904	10.642	10.475	9.956	9.708	10.106	10.073	10.178	10.15	10.185	10.177
NA19067	10.0245	10.0679	10.3568	10.185	10.303	10.371	10.305	10.392	10.356	10.488	10.496	10.557	10.265	10.467	10.322	9.985	10.263	10.189	10.065	10.488	10.46	10.395	10.326
NA19068	9.6457	9.6588	9.936	9.706	11.108	10.246	10.122	9.86	9.882	10.06	9.696	9.789	10.009	10.242	9.851	9.721	9.786	9.972	9.899	9.709	9.722	10.202	10.258
NA19070	9.9282	9.9464	10.2317	10.146	10.365	10.195	10.236	10.316	10.368	10.142	10.35	10.13	10.472	10.721	10.247	9.958	10.103	10.11	10.36	10.19	10.164	10.358	9.971
NA19072	9.7492	9.7579	10.0379	10.345	10.39	10.26	9.85	9.82	10.011	9.363	9.913	10.05	9.964	10.427	9.983	10.232	10.139	9.927	10.017	10.027	10.013	9.877	10.132
NA19074	9.7966	9.7526	10.0324	10.635	10.185	9.709	9.981	10.034	10.413	10.061	9.95	10.417	10.007	10.3	9.868	10.107	9.857	9.803	10.086	9.91	9.991	10.095	10.055
NA19075	9.7377	9.7972	10.0784	9.426	10.708	9.934	10.131	10.292	10.176	10.105	10.077	9.961	10.149	10.346	9.687	9.628	9.836	9.981	9.902	10.097	9.91	10.099	9.886
NA19076	9.6663	9.609	9.8847	10.578	10.184	10.281	10.191	9.997	10.093	9.702	10.02	9.812	9.728	9.71	9.966	9.888	9.846	9.956	9.941	9.965	9.705	9.905	9.772
NA19077	9.8696	9.858	10.1409	10.866	10.181	9.979	9.918	9.782	10.036	9.576	9.952	10.299	10.089	10.566	10.046	10.35	10.251	10.327	9.889	10.172	10.062	10.258	10.269
NA19078	8.753	8.8048	9.0574	8.686	8.825	9.013	8.893	9.145	9.063	8.537	8.907	9.376	9.003	9.357	9.245	9.171	9.147	9.138	9.013	9.031	8.944	9.104	8.716
NA19079	9.7392	9.7329	10.0122	9.726	10.843	10.105	9.773	9.908	9.835	9.708	9.961	10.141	9.968	10.353	9.913	10.057	10.135	9.941	10.156	10.128	10.054	10.023	10.19
NA19080	11.1201	11.1627	11.483	11.443	12.007	11.206	11.572	11.068	10.931	11.213	11.167	11.732	11.157	11.961	11.683	11.099	11.367	11.358	11.642	11.636	11.679	11.73	11.517
NA19081	9.6223	9.5792	9.8541	10.309	9.852	10.125	9.909	9.797	9.83	9.603	9.891	9.618	9.884	10.272	9.863	9.884	9.841	10.114	10.004	9.972	9.957	9.812	9.633
NA19082	9.8558	9.8609	10.1439	9.152	9.913	10.453	10.394	10.209	10.115	10.354	10.375	9.97	9.95	9.87	10.313	10.049	9.996	10.271	10.207	10.345	10.222	9.947	10.019
NA19083	9.8534	9.8522	10.1349	9.686	10.14	10.109	10.207	10.002	10.311	10.074	10.072	9.674	10.224	10.389	10.108	9.957	10.198	10.182	10.034	10.141	10.378	9.944	10.305
NA19084	9.8061	9.7698	10.0501	10.358	9.868	9.978	10.338	10.133	10.079	10.075	10.161	9.974	9.975	10.204	9.89	10.026	9.922	10.062	10.146	10.193	10.027	10.052	10.134
NA19085	9.7393	9.6994	9.9777	9.56	9.951	9.751	9.979	10.108	10.215	9.859	9.924	10.212	9.987	10.659	9.643	9.755	10.02	10.084	10.182	9.927	10.065	10.085	10.135
NA19086	9.7325	9.6928	9.9709	10.04	10.303	10.097	10.095	9.832	10.27	10.179	9.949	9.886	10.02	10.475	9.713	9.634	10.343	9.908	10.008	10.089	9.952	9.981	10.244
NA19087	9.5194	9.4887	9.761	9.822	10.366	9.905	9.784	9.597	9.715	9.567	9.832	9.737	9.75	9.668	9.915	9.74	9.657	9.903	9.909	9.917	9.899	9.663	9.848
NA19088	9.8917	9.8914	10.1752	10.738	10.134	10.382	10.018	10.176	10.151	10.221	10.115	10.164	10.046	9.612	10.243	10.124	10.119	10.254	10.164	10.514	9.983	10.088	10.207
NA19089	9.8591	9.8186	10.1003	10.604	9.908	10.205	10.036	10.197	10.329	10.141	10.067	10.236	10.177	10.56	9.939	10.164	10.073	10.077	10.127	10.036	9.875	10.58	10.085
NA19090	9.7904	9.7481	10.0279	10.51	10.378	10.058	10.111	10.106	10.034	9.958	9.957	10.093	9.978	10.659	10.019	10.106	9.985	9.914	10.034	9.965	9.933	10.134	10.005
NA19091	9.8473	9.8407	10.1231	10.189	10.502	10.077	10.149	10.265	10.276	9.722	10.159	10.019	10.209	10.846	10.042	10.11	10.24	10.167	9.934	10.017	10.133	10.236	10.131
NA19092	9.6723	9.6684	9.9458	8.225	9.915	9.679	9.933	9.895	10.102	10.047	10.195	9.95	9.784	10.374	10.145	9.891	9.939	9.775	10.093	9.912	9.954	9.902	10.06
NA19093	9.547	9.6723	9.9498	8.729	10.078	9.489	9.953	9.784	9.783	10.039	9.977	10.028	9.984	9.345	9.841	9.965	9.72	9.546	9.833	9.982	10.144	9.954	9.794
NA19094	9.6221	9.6895	9.9675	7.11	9.938	9.369	9.944	10.028	9.631	9.735	9.754	10.045	9.675	9.799	10.149	10.126	9.892	10.281	10.012	9.783	10.055	9.879	10.122
NA19095	9.7762	9.9598	10.2455	9.182	10.066	10.285	10.392	10.27	10.479	10.51	10.588	10.345	9.472	8.752	9.172	9.179	9.532	10.328	10.249	10.203	10.274	10.036	10.371
NA19096	9.7676	9.7259	10.005	9.689	9.665	10.393	10.116	10.194	10.039	10.052	10.061	9.833	10.147	10.279	10.184	10.289	10.121	10.025	10.008	9.948	9.91	9.94	9.996
NA19097	9.9823	9.9968	10.2837	10.355	9.806	10.502	10.449	10.114	10.418	10.292	10.245	9.844	10.178	10.573	10.237	10.199	10.395	10.307	10.118	10.401	10.135	10.267	10.389
NA19098	9.6822	9.6845	9.9624	9.974	9.597	9.957	10.121	10.018	10.025	9.88	9.866	9.675	9.994	9.405	10.198	9.767	9.983	10.114	10.024	10.068	10.004	10.057	10.012
NA19099	9.6597	9.7166	9.9954	8.448	9.062	9.989	9.929	10.223	9.847	10.075	10.001	9.744	9.904	9.417	10.112	9.772	10.188	10.023	10.073	10.134	9.976	10.124	9.987
NA19100	9.6706	9.6671	9.9445	8.396	9.523	9.761	9.782	10.127	9.978	10.057	9.62	9.513	9.849	9.528	10.179	10.192	10.112	9.9	10.028	10.135	9.998	10.065	9.996
NA19101	9.804	9.8781	10.1616	8.609	9.742	10.267	10.056	10.257	10.358	10.09	10.269	10.086	10.345	9.777	10.876	10.388	9.707	10.01	10.017	9.981	10.119	10.363	10.136
NA19102	9.6699	9.6674	9.9448	9.703	10.179	9.974	10.115	10.06	9.787	9.586	9.833	9.885	10.153	10.107	9.929	10.198	10.096	9.675	9.91	10.088	10.007	10.035	9.715
NA19103	9.6264	9.6586	9.9357	8.613	9.404	9.55	9.85	10.178	9.683	9.864	9.876	9.452	10.076	9.849	10.142	10.369	9.936	10.025	9.97	10.093	9.849	10.144	10.029
NA19107	9.6312	9.6904	9.9684	8.927	10.382	10.206	9.73	10.111	10.101	10.007	9.728	10.138	9.902	7.36	9.839	10.001	10.12	9.78	10.012	10.08	9.907	9.896	10.052
NA19108	9.8452	9.8542	10.137	9.946	9.617	10.282	9.995	10.131	10.03	10.229	9.915	9.876	10.047	9.688	10.158	10.092	10.155	10.271	10.134	10.431	10.268	10.077	10.109
NA19109	9.8007	9.8011	10.0823	8.586	9.54	9.757	10.341	10.03	10.006	10.014	10.09	10.119	10.005	8.312	9.981	10.259	10.105	10.242	10.185	10.386	10.332	10.553	10.355
NA19113	10.0217	10.0316	10.3194	8.431	10.533	10.292	10.199	10.335	10.408	10.561	10.418	9.812	10.358	10.939	10.461	10.334	10.2	10.369	10.219	10.444	10.26	10.258	10.237
NA19114	9.7889	9.7749	10.0554	10.707	9.995	10.023	10.063	9.904	10.075	10.184	9.894	10.132	10.002	8.649	10.185	10.182	10.075	10.183	10.005	10.2	10.108	9.977	10.114
NA19115	9.8541	9.8293	10.1114	9.98	10.183	10.071	10.176	9.772	10.285	10.195	10.074	10.019	10.22	9.813	10.57	10.132	10.204	10.03	10.103	10.051	10.348	10.027	10.175
NA19116	9.6801	9.7273	10.0064	9.183	9.295	10.045	10.067	9.926	10.121	9.943	9.955	10.058	10.01	8.446	10.097	9.978	9.872	9.884	10.006	10.109	10.147	9.881	10.22
NA19117	9.9078	9.8545	10.1373	10.533	10.041	10.327	10.183	10.02	10.429	10.19	10.045	9.848	10.017	10.639	10.008	10.117	10.198	10.255	10.064	10.233	10.229	10.198	10.23
NA19118	9.6714	9.648	9.9248	10.431	9.967	9.566	9.999	10.001	9.74	10.048	9.886	9.832	9.98	9.605	9.921	10.015	9.822	9.888	9.846	9.793	9.968	10.09	10.006
NA19119	9.7293	9.7875	10.0683	9.376	9.44	9.93	10.41	9.926	10.226	10.169	10.035	9.795	10.161	10.575	9.807	10.101	10.065	9.981	9.985	9.972	10.234	9.99	10.021
NA19120	9.7865	9.801	10.0822	10.289	9.177	10.067	10.406	10.084	10.113	10.36	10.346	10.298	10.072	8.799	10.288	10.14	9.802	10.301	9.961	9.945	10.163	9.915	9.886
NA19121	9.7293	9.7438	10.0233	8.657	10.317	9.719	9.791	10.008	9.874	9.978	9.956	9.893	10.113	10.306	9.96	10.184	10.02	10.104	9.939	9.93	10.113	9.959	9.989
NA19122	9.8857	9.9352	10.2203	9.414	9.773	9.98	10.108	9.995	10.089	10.141	10.426	10.103	10.343	9.611	10.092	10.312	10.125	10.362	10.13	10.547	10.306	10.4	10.438
NA19123	9.8411	9.881	10.1645	8.012	10.464	10.104	10.316	10.342	10.114	10.319	10.236	10.228	10.019	9.386	10.15	10.148	9.895	10.156	10.208	10.135	10.079	10.034	10.352
NA19127	9.7042	9.7458	10.0255	9.238	9.756	9.98	9.984	9.881	9.8	10.127	10.101	9.804	10.095	9.49	9.909	10.153	9.993	10.025	10.134	10.168	10.081	10.261	10.089
NA19128	9.5727	9.5767	9.8515	10.096	8.04	9.915	10.084	9.808	9.626	9.698	9.7	9.947	9.994	10.18	9.867	9.611	9.982	9.956	9.757	9.716	9.98	9.964	9.867
NA19129	9.5811	9.5703	9.8449	9.621	8.856	9.847	9.899	9.922	9.935	9.821	9.742	9.413	9.898	10.364	9.804	9.887	9.786	10.095	10.045	9.911	9.975	9.689	9.881
NA19130	9.6203	9.6278	9.904	9.104	10.356	9.893	9.913	10.113	9.817	9.997	9.976	10.401	10.298	9.375	10.167	10.074	9.702	9.88	9.93	9.92	9.811	9.816	9.683
NA19131	9.7638	9.7306	10.0098	8.995	9.432	9.405	10.127	10.107	9.95	10.159	10.008	10.143	9.876	10.368	10.011	10.125	9.927	9.924	10.067	9.95	10.251	9.977	10.325
NA19132	9.4457	9.452	9.7232	9.087	9.482	9.969	9.915	10.172	9.735	9.679	9.83	9.588	10.158	10.286	9.758	9.839	9.392	10.029	9.655	9.487	9.336	9.666	9.489
NA19137	9.6581	9.7023	9.9807	9.485	9.213	9.653	9.779	10.116	10.451	9.861	10.029	9.932	9.852	9.547	10.067	9.963	9.831	9.978	10.156	9.746	10.033	10.239	9.976
NA19138	9.7419	9.7424	10.022	9.473	10.585	10.112	9.91	10.121	9.876	10.019	10.059	9.589	10.361	10.449	9.84	10.004	10.197	10.03	10.183	9.971	9.994	9.93	9.996
NA19139	9.7494	9.808	10.0895	8.767	9.613	9.997	9.964	10.066	9.557	10.035	9.914	9.589	10.073	10.408	10.329	10.175	10.017	10.088	10.28	10.02	10.292	10.288	10.18
NA19140	9.6101	9.6524	9.9294	9.074	9.283	10.039	9.76	9.993	9.777	9.921	10.093	9.899	9.813	9.535	9.967	9.984	9.677	10.161	9.979	9.777	10.048	9.985	10.13
NA19141	9.6123	9.5963	9.8716	9.927	9.945	9.418	10.222	9.874	9.855	9.943	10.107	10.018	9.719	10.118	9.966	9.678	9.742	9.911	9.869	9.844	10.007	9.758	9.799
NA19142	9.7953	9.8474	10.13	9.605	10.097	10.282	10.28	10.488	10.129	10.085	10.262	10.164	9.917	9.439	10.028	9.951	9.982	10.228	9.945	10.15	10.145	9.827	10.36
NA19143	9.819	9.8309	10.1129	9.155	9.985	9.92	10.431	10.202	10.121	10.021	10.274	10.004	10.271	10.396	10.066	10.417	9.937	10.003	10.14	10.281	10.232	10.078	10.079
NA19144	9.6588	9.6612	9.9385	8.72	8.667	10.048	9.796	9.781	10.211	10.042	9.903	9.823	9.985	10.189	10.174	9.793	10.063	9.763	9.996	10.043	9.945	9.93	10.243
NA19145	9.7816	9.8192	10.101	7.936	9.738	9.883	10.362	10.16	9.953	10.275	10.325	10.15	10.247	10.947	10.265	10.058	9.916	10.038	9.672	9.898	10.188	10.114	10.109
NA19146	9.708	9.7518	10.0316	9.659	10.246	10.058	10.107	10.127	10.033	10.004	10.139	10.03	9.859	8.66	9.96	9.926	10.145	9.931	9.976	10.061	9.974	9.986	10.234
NA19147	9.6761	9.6795	9.9573	9.449	9.641	9.728	10.367	10.146	10.03	9.976	9.928	9.649	9.961	10.035	10.093	10.02	9.816	9.752	10.093	9.888	10.039	9.739	10.07
NA19148	9.7507	9.7587	10.0387	9.479	9.908	10.388	10.255	10.068	10.241	10.048	9.972	9.949	10.039	9.422	10.319	10.086	10.108	9.885	10.006	10.043	10.067	9.901	10.137
NA19149	9.6939	9.7095	9.9881	9.455	9.616	10.128	9.766	10.012	10.04	9.964	10.009	9.789	10.19	8.6	10.1	10.128	10.325	10.207	10.11	9.888	10.066	10.167	9.898
NA19150	10.498	10.571	10.8743	9.471	9.728	10.113	10.036	10.31	10.059	10.072	9.949	10.96	11.052	11.812	12.124	12.021	11.785	11.862	10.888	11.009	10.88	10.786	11.106
NA19151	9.8384	9.8577	10.1406	10.323	10.053	9.736	10.081	10.506	10.176	10.264	10.343	9.952	10.033	8.861	10.121	9.961	10.052	10.078	10.273	10.176	10.048	10.162	10.218
NA19152	9.6451	9.7127	9.9914	8.973	10.025	10.109	10.23	10.086	9.765	9.953	9.865	9.893	10.034	9.453	9.807	9.765	9.985	9.854	10.023	10.085	10.022	10.069	10.217
NA19153	9.8549	9.7685	10.0488	10.623	9.539	9.866	10.429	10.145	9.993	10.287	10.165	9.695	10.154	8.976	10.604	10.144	9.928	9.984	10.258	10.094	10.006	10.296	10.082
NA19154	9.6832	9.7161	9.9949	8.629	9.579	9.708	10.151	10.053	10.117	10.088	10.146	9.902	10.169	8.706	9.744	9.945	9.673	10.263	9.958	9.923	10.15	10.363	10.029
NA19159	9.5411	9.5709	9.8455	8.02	9.88	10.23	9.989	9.839	9.752	9.693	9.702	9.483	9.953	9.169	10.036	9.783	9.703	9.984	10.005	10.009	9.742	9.82	10.052
NA19160	9.7296	9.7185	9.9974	10.715	12.078	10.051	9.861	9.64	9.661	10.014	10.11	9.909	9.902	9.635	10.095	10.199	9.788	9.902	9.955	10.028	9.78	9.983	10.055
NA19161	9.594	9.5783	9.8531	9.819	11.587	9.877	10.204	9.869	9.912	9.822	9.831	9.671	9.699	10.162	10.171	9.769	9.752	10.017	9.776	9.74	9.793	9.867	9.934
NA19171	9.651	9.6525	9.9294	10.397	10.305	9.903	9.856	9.629	9.785	9.967	9.659	9.891	9.82	10.178	9.879	9.665	9.964	10.016	10.004	9.918	9.958	9.96	9.816
NA19172	9.7887	9.8156	10.0973	9.084	9.783	10.381	10.118	10.16	10.172	10.157	9.791	10.065	10.334	10.558	10.143	10.061	10.136	9.91	10.036	10.132	10.181	10.039	10.152
NA19173	9.6827	9.6993	9.9777	9.161	9.836	10.16	10.323	10.049	9.852	10.087	9.943	9.759	10.209	10.464	10.403	10.046	9.609	10.214	10.202	9.933	9.711	9.858	9.824
NA19174	9.8481	9.8463	10.1288	10.307	10.044	10.292	10.003	9.948	9.684	9.943	10.021	10.035	9.801	9.942	9.822	10.019	10.16	10.422	10.278	10.48	10.375	10.344	10.624
NA19175	9.4257	9.4291	9.6997	9.517	9.204	9.478	9.597	9.676	9.798	9.646	9.673	9.763	9.759	9.793	9.742	9.556	9.57	9.833	9.713	9.794	9.823	9.461	9.893
NA19176	9.9825	10.0211	10.3087	8.82	8.399	10.272	10.227	10.098	10.129	10.271	10.176	9.994	10.037	10.516	10.123	9.997	10.075	10.659	10.588	10.467	10.392	10.52	10.666
NA19177	9.8404	9.8736	10.1569	9.093	8.536	10.138	10.136	10.193	10.155	10.22	10.219	9.957	10.14	10.369	10.093	10.175	10.292	9.91	9.893	10.168	10.212	10.243	10.319
NA19184	9.7586	9.8529	10.1356	9.388	9.506	10.382	9.812	10.122	10.256	10.163	10.358	9.989	10.245	9.557	10.187	10.021	10.386	10.057	9.995	9.877	10.037	10.047	9.866
NA19185	9.7256	9.7847	10.0654	8.577	9.922	10.072	9.758	9.874	10.057	10.039	10.161	10.029	10.038	10.39	9.98	10.096	9.986	9.917	10.118	10.215	10.143	10.288	10.061
NA19186	9.8192	9.8882	10.1719	9.845	9.783	10.228	10.368	10.219	10.196	10.02	10.18	10.014	10.057	9.593	9.987	10.103	10.148	10.073	10.024	10.133	10.241	10.168	10.157
NA19189	9.7634	9.7586	10.0387	10.595	10.243	9.655	9.966	10.038	10.054	10.374	10.031	9.973	10.113	9.792	10.077	10.084	10.139	9.791	10.01	10.055	10.084	9.82	9.899
NA19190	9.7231	9.7279	10.007	9.68	10.124	10.104	9.929	10.093	10.055	9.92	9.813	10.069	10.169	9.559	10.065	9.91	9.971	9.986	10.182	10.012	9.97	9.991	10.247
NA19191	9.855	9.8324	10.1145	10.598	10.467	9.945	10.116	10.031	10.477	10.157	10.03	9.645	10.221	10.369	10.313	9.985	10.182	10.182	10.012	9.912	10.105	10.007	10.138
NA19197	9.7461	9.7666	10.0469	8.015	10.464	10.486	10.102	10.037	10.17	10.073	9.957	9.825	10.224	10.533	10.149	9.948	9.88	9.989	9.943	10.059	10.169	10.067	9.94
NA19198	9.7506	9.7735	10.0539	10.215	10.117	10.279	10.281	10.193	10.087	9.958	10.007	9.575	9.999	9.613	9.78	10.142	10.242	10.084	10.03	10.051	10.069	9.775	9.975
NA19199	9.8461	9.9066	10.1909	9.619	10.141	9.975	10.316	10.257	10.002	9.916	10.377	9.899	10.324	9.556	10.147	10.394	9.878	10.263	10.246	10.072	10.084	10.373	10.283
NA19200	9.5752	9.6193	9.8953	9.363	10.448	10.209	9.506	9.911	9.977	9.769	9.636	10.194	9.961	9.505	10.078	10.087	10.093	9.767	9.883	9.822	9.729	9.789	9.342
NA19201	9.7458	9.7398	10.0193	10.298	10.346	10.096	9.671	9.869	9.933	9.94	9.996	9.966	10.215	10.378	9.96	10.119	10.06	9.915	9.992	10.142	10.061	9.93	9.945
NA19202	9.6988	9.748	10.0277	9.14	10.034	10.276	10.542	9.966	10.053	10.316	9.929	10.157	10.058	10.284	10.01	9.918	9.886	10.068	9.84	9.922	9.561	9.977	9.837
NA19203	9.6033	9.6227	9.8988	9.7	9.042	9.404	10.08	10.067	9.946	9.828	9.853	9.773	9.963	9.427	10.019	10.003	10.02	10.125	9.78	9.994	9.978	10.121	9.871
NA19204	9.7874	9.8366	10.1188	10.315	10.5	9.955	9.965	10.132	9.842	10.243	10.161	10.122	10.29	9.453	9.757	10.21	9.934	10.154	10.04	10.056	9.846	10.089	10.172
NA19205	9.7452	9.7841	10.0648	10.375	8.696	10.154	10.157	10.252	10.014	10.282	9.866	10.187	9.939	9.502	9.98	9.926	10.026	10.162	9.877	9.957	10.101	10.31	9.997
NA19206	9.8852	9.857	10.1398	10.479	10.179	10.071	10.003	10.094	10.345	10.38	10.181	10.019	10.04	9.756	9.908	10.022	10.007	10.185	10.248	10.26	10.183	10.272	10.305
NA19207	9.7833	9.8221	10.1039	9.88	10.082	10.032	10.08	9.797	10.04	10.084	9.914	10.333	9.954	10.189	9.985	10.065	9.733	9.95	10.12	10.188	10.157	10.186	10.23
NA19208	9.4724	9.4716	9.7433	9.652	9.782	9.561	9.822	9.741	9.726	9.82	9.879	9.996	9.452	9.534	9.764	9.772	9.752	9.872	9.614	9.839	9.808	9.971	9.623
NA19209	9.582	9.5897	9.8649	9.647	9.631	10.105	9.996	10.187	10.059	9.95	9.95	9.481	9.996	10.333	9.814	9.642	9.648	9.719	9.856	9.853	9.882	9.865	9.698
NA19210	9.8687	9.9016	10.1857	8.439	10.284	10.44	10.211	10.331	10.328	10.253	10.218	10.031	9.863	10.712	10.503	10.058	10.184	9.985	10.001	10.228	10.242	10.152	10.146
NA19211	9.5244	9.5121	9.7851	9.045	9.561	9.985	9.651	9.903	9.693	9.883	9.906	9.762	9.624	10.165	10.076	9.951	9.796	9.644	9.929	9.991	9.683	9.825	9.7
NA19213	9.8525	9.8112	10.0927	10.277	9.491	10.027	10.141	10.105	10.35	10.477	10.046	10.131	10.343	10.471	10.171	10.436	10.013	9.889	9.977	10.118	10.038	10.159	9.952
NA19214	9.9464	9.9208	10.2055	9.715	9.509	9.801	10.018	9.984	10.023	9.866	10.286	9.978	10.436	8.761	10.035	10.375	10.503	10.599	10.541	10.466	10.603	10.515	10.712
NA19215	9.941	9.8932	10.1771	10.81	10.424	10.401	9.929	10.193	10.229	10.241	10.003	10.091	10.074	10.528	10.106	10.226	10.19	10.247	10.435	10.316	10.091	10.294	10.206
NA19221	9.8166	9.8796	10.1631	9.017	9.517	9.906	10.349	10.312	10.008	10.277	10.367	9.904	10.172	9.552	10.643	9.852	10.227	10.111	10.405	10.09	10.134	10.101	10.462
NA19222	9.618	9.6089	9.8846	9.915	9.691	9.988	9.904	9.987	9.926	9.875	10.04	9.615	10.238	9.482	9.828	9.858	9.807	10.02	9.722	9.907	9.712	10.078	10.061
NA19223	9.5989	9.6295	9.9058	9.166	9.463	9.856	9.98	9.716	9.985	10.082	9.948	9.997	9.919	10.464	10.036	9.715	10.025	9.826	9.719	9.807	9.945	9.965	10.083
NA19224	9.7504	9.7876	10.0684	9.109	8.336	9.92	10.286	9.888	10.049	10.198	10.017	9.874	10.206	10.619	9.98	9.948	10.181	10.182	10.152	10.063	9.824	10.067	10.119
NA19225	9.8109	9.7767	10.0573	10.323	8.852	10.058	9.91	10.13	9.951	10.285	9.861	9.899	9.98	10.795	10.181	9.893	10.029	9.999	10.174	10.143	10.154	10.008	10.101
NA19226	9.665	9.7202	9.9991	9.193	9.198	10.333	10.009	10.064	10.092	9.891	9.933	9.816	9.86	10.249	9.972	9.772	9.918	10.07	9.974	9.93	10.018	9.964	10.204
NA19235	9.5757	9.5627	9.8371	9.811	10.27	9.77	9.966	9.933	9.583	9.619	9.771	9.822	9.698	9.542	9.89	9.996	9.952	9.917	9.771	9.665	9.984	10.135	9.745
NA19236	9.5871	9.6651	9.9425	9.42	10.073	9.704	9.964	10.118	10.196	9.994	9.712	10.009	10.023	8.349	9.868	9.721	9.651	9.767	10.171	9.781	10.058	9.864	9.654
NA19237	9.6684	9.713	9.9917	10.296	9.973	10.269	9.992	10.01	10.071	9.708	9.994	9.8	9.745	8.775	9.888	9.841	10.156	9.995	9.826	10.117	9.835	10.112	10.121
NA19238	9.7843	9.7914	10.0723	10.836	10.439	9.938	10.053	9.931	9.67	9.841	9.71	10.054	10.104	9.491	10.026	10.346	10.26	10.38	10.093	10.09	10.133	9.949	9.9
NA19239	9.6009	9.614	9.8899	10.044	10.232	10.192	10.126	9.91	9.746	10.033	9.911	10.185	9.158	9.135	9.067	9.305	9.486	9.963	10.154	9.942	10.19	9.886	9.957
NA19240	9.7389	9.7147	9.9934	10.527	10.064	9.903	9.913	9.878	9.706	9.861	10.313	10.067	10.26	9.505	9.986	10.205	9.99	10.038	9.927	10.125	9.803	10.043	10.435
NA19247	9.9046	9.9216	10.2063	9.373	10.317	10.061	10.458	10.186	10.142	10.423	10.343	9.929	10.123	10.463	10.118	10.378	10.241	10.145	10.201	10.261	10.19	10.15	10.202
NA19248	9.8197	9.7617	10.0418	10.443	10.196	9.763	10.219	9.86	10.121	10.058	10.085	9.879	9.924	10.398	10.271	10.052	10.072	10.103	10.091	10.291	10.053	10.267	9.967
NA19249	9.7588	9.7126	9.9913	10.389	10.075	10.045	9.796	10.213	9.775	10.098	10.0	9.781	10.163	10.431	10.069	10.065	9.716	9.945	9.823	10.042	10.048	10.249	9.928
NA19256	9.6891	9.6974	9.9756	9.901	10.524	9.903	10.162	9.579	9.798	9.561	9.803	10.025	10.079	10.327	9.924	10.063	9.976	10.0	9.861	9.818	10.039	10.138	10.207
NA19257	9.8905	10.0059	10.293	8.084	10.254	10.664	10.468	10.307	9.951	9.947	9.828	10.235	10.155	9.586	10.215	10.301	10.154	10.241	10.242	10.105	10.218	10.384	10.379
NA19258	9.5811	9.6084	9.8841	8.819	9.854	10.113	10.059	10.174	9.932	9.814	10.025	9.772	9.842	9.386	9.867	9.765	9.757	9.633	10.005	9.887	9.875	9.966	9.979
NA19307	9.7666	9.8056	10.087	7.754	10.213	10.172	10.227	10.359	10.092	10.256	9.756	10.012	10.105	10.303	10.088	9.55	10.02	10.22	9.884	10.121	9.944	10.259	10.077
NA19308	9.6358	9.5966	9.8719	10.561	9.452	9.658	10.035	9.952	9.943	9.968	9.749	9.86	9.679	9.667	9.774	10.122	9.835	9.919	9.821	9.92	9.877	10.037	9.974
NA19309	9.9156	9.8416	10.124	10.712	10.288	10.289	10.281	10.216	10.096	10.187	10.288	10.043	10.375	10.336	10.302	10.207	9.912	10.063	10.114	10.22	10.162	10.124	10.003
NA19310	9.6509	9.7003	9.9786	8.685	9.986	9.761	10.079	9.785	10.104	9.963	9.987	9.947	9.955	9.611	9.984	9.806	10.1	9.885	10.061	10.034	9.811	10.103	10.022
NA19312	9.8302	9.8847	10.1683	9.431	9.948	10.056	10.072	10.077	9.999	9.817	10.326	9.926	10.351	9.563	10.296	10.501	10.132	10.087	10.267	10.05	10.251	10.174	10.156
NA19314	9.6302	9.7063	9.9848	7.64	10.237	10.115	9.874	10.146	9.877	9.884	9.827	10.117	9.913	10.161	9.868	9.976	9.835	9.919	9.961	9.987	9.816	9.756	10.069
NA19315	9.6516	9.713	9.9917	8.365	9.935	9.642	9.936	9.929	9.979	9.747	9.912	10.071	9.933	9.611	10.006	10.229	9.989	10.112	10.013	9.849	10.009	10.22	10.027
NA19316	9.7119	9.7913	10.0723	9.911	9.527	10.027	10.033	10.148	10.107	10.381	9.804	9.925	9.935	9.574	9.793	10.186	10.152	10.098	10.027	10.025	9.932	9.979	9.864
NA19317	9.7619	9.7642	10.0444	10.063	10.457	10.03	9.917	9.851	10.006	10.01	10.035	9.925	10.171	10.308	10.113	9.973	10.256	9.959	10.14	10.057	10.04	10.009	9.602
NA19318	9.6064	9.637	9.9135	9.242	10.181	10.049	9.903	9.841	9.71	9.834	9.904	9.508	9.756	10.296	9.536	9.562	10.038	9.894	10.065	10.04	9.811	10.046	10.032
NA19319	9.5585	9.5996	9.8751	9.407	9.771	10.143	10.019	9.973	9.958	10.105	10.052	9.965	9.746	8.464	10.136	10.005	9.969	9.647	9.633	9.673	9.882	9.771	9.723
NA19320	9.9078	9.9318	10.2168	10.591	10.312	10.339	10.476	10.362	10.225	10.333	10.154	9.882	10.186	9.787	10.179	10.199	10.171	10.109	10.245	10.178	10.04	10.254	10.153
NA19321	9.8764	9.9527	10.2383	8.423	9.817	10.273	10.354	10.357	10.254	10.426	10.08	9.976	10.323	10.432	10.219	10.191	10.177	10.207	10.18	10.014	10.254	9.92	10.266
NA19323	9.7388	9.7501	10.0299	9.943	8.626	9.869	9.951	9.914	9.822	9.498	9.782	9.968	10.307	10.133	10.219	10.143	9.872	9.9	10.262	10.116	9.936	10.075	10.034
NA19324	9.6727	9.6335	9.9099	10.494	10.078	9.631	9.837	10.033	10.047	10.032	9.943	9.825	9.896	10.017	9.923	9.78	9.923	9.793	9.941	9.99	9.952	9.847	9.782
NA19327	9.4179	9.4164	9.6866	9.139	8.752	9.973	9.929	9.777	9.996	9.626	9.752	9.577	9.932	9.147	9.802	9.848	9.754	9.864	9.889	9.712	9.647	9.394	9.427
NA19328	9.7406	9.7397	10.0192	9.62	10.277	10.252	9.965	9.928	10.096	10.166	10.225	9.855	9.861	10.372	9.958	9.811	10.104	9.966	9.985	9.995	10.132	10.001	10.038
NA19331	10.0132	10.032	10.3198	9.481	10.497	10.088	10.29	10.588	10.339	10.176	10.313	10.415	10.309	10.554	10.366	10.424	10.147	10.373	10.276	10.259	10.203	10.33	10.444
NA19332	9.6821	9.6719	9.9494	9.854	9.772	9.958	9.888	9.902	10.295	10.006	9.86	9.942	9.843	10.007	9.818	10.049	10.268	9.709	10.033	10.003	9.904	9.948	9.967
NA19334	9.7541	9.7869	10.0678	9.119	10.4	9.792	9.724	10.224	9.944	10.189	10.011	9.966	10.354	10.363	10.176	9.864	10.085	10.298	10.015	9.974	10.072	9.956	10.067
NA19338	9.9376	9.9596	10.2453	9.457	10.567	10.015	10.483	10.319	10.024	10.444	10.033	9.859	10.462	10.491	10.484	10.23	10.284	10.02	10.036	10.428	10.05	10.313	10.18
NA19346	8.6913	8.6419	8.8898	8.88	8.531	8.696	8.81	8.641	8.722	8.723	8.79	8.626	8.863	9.089	9.08	8.929	8.889	8.996	8.868	9.387	9.216	9.024	9.121
NA19347	9.8625	9.9026	10.1868	9.179	9.94	10.157	10.081	10.385	9.983	10.025	10.097	9.87	10.355	10.316	10.412	10.104	10.307	10.151	10.189	10.288	10.094	10.324	10.168
NA19350	9.3859	9.4332	9.7039	9.295	8.359	9.807	9.611	10.161	9.87	9.693	9.998	9.844	9.766	9.329	9.759	9.597	9.795	9.918	9.512	9.504	9.676	9.531	9.617
NA19351	9.8665	9.8187	10.1004	10.446	9.906	9.644	10.041	9.825	9.811	10.01	10.122	9.906	10.122	9.051	10.021	10.002	9.973	10.462	10.359	10.293	10.487	10.629	10.385
NA19355	8.8213	8.8383	9.092	9.197	9.05	9.052	9.097	9.071	9.03	9.078	9.279	9.257	9.139	9.123	8.813	9.123	8.947	8.994	9.049	9.228	9.097	9.108	8.999
NA19360	9.5693	9.6508	9.9277	6.361	9.154	10.205	10.099	10.242	9.919	10.182	9.837	9.703	9.995	8.843	9.666	10.029	9.776	9.884	9.669	10.017	9.948	9.823	9.848
NA19372	9.9491	10.0141	10.3015	9.889	10.285	9.982	10.067	10.05	10.637	10.146	10.218	10.188	10.562	10.667	10.456	10.324	10.189	10.295	10.187	10.382	9.98	10.252	10.28
NA19374	9.6312	9.6441	9.9208	9.917	9.728	10.261	10.085	10.053	9.767	9.846	9.987	9.8	10.093	10.437	10.135	9.877	9.846	10.0	9.868	9.871	9.765	9.766	9.74
NA19375	9.5764	9.5831	9.8581	9.676	9.757	9.899	9.785	9.748	9.991	9.618	9.807	9.901	9.804	10.118	9.8	9.745	9.858	9.748	9.881	9.994	9.839	10.013	9.978
NA19376	9.7824	9.8595	10.1424	9.535	10.408	9.91	10.191	10.177	10.072	10.093	10.111	9.758	10.277	9.751	10.1	9.937	10.269	10.119	10.089	9.852	10.024	10.107	10.231
NA19377	9.7853	9.8686	10.1517	8.798	10.18	9.71	10.214	10.0	10.272	10.102	9.997	10.024	10.333	9.288	10.167	10.183	10.127	9.992	9.926	10.094	10.074	10.377	10.139
NA19378	8.7836	8.8153	9.0682	8.676	9.158	8.718	8.935	9.093	9.331	8.951	8.809	8.937	8.983	9.111	9.013	8.984	9.117	9.118	8.892	9.286	9.144	9.221	9.072
NA19379	9.4918	9.4614	9.7329	10.083	9.172	9.488	9.847	9.766	9.629	9.834	9.99	9.544	10.047	9.711	9.742	9.888	9.626	9.64	9.771	9.766	9.558	9.815	9.72
NA19380	9.6379	9.6653	9.9426	8.85	9.913	10.427	9.765	9.888	9.884	10.062	9.839	10.064	9.637	10.235	10.007	9.878	9.849	9.943	10.173	10.015	10.171	9.875	10.006
NA19383	9.7406	9.7701	10.0504	9.027	10.449	10.018	10.16	10.006	9.998	9.906	9.711	9.76	10.267	10.939	9.959	10.019	9.941	10.373	10.152	9.894	10.029	9.855	10.297
NA19384	9.9203	9.8844	10.168	10.548	9.658	10.043	10.459	10.069	10.159	9.912	10.234	9.884	10.364	10.425	10.441	10.12	10.326	10.127	10.239	10.292	10.069	10.176	10.271
NA19385	9.7388	9.747	10.0267	9.285	10.416	10.217	10.008	10.16	10.116	9.842	9.693	10.019	9.921	9.616	10.026	10.156	10.088	10.1	10.027	10.108	9.865	10.16	10.065
NA19390	8.5215	8.5762	8.8223	6.953	7.336	9.043	8.765	8.791	8.716	8.805	8.774	8.634	8.813	8.077	8.987	8.873	8.949	8.691	8.893	8.747	8.804	9.0	8.865
NA19391	9.6791	9.6973	9.9755	9.249	9.816	10.206	10.194	10.158	10.124	9.869	10.108	10.103	10.124	9.684	9.678	9.957	10.18	9.961	9.912	9.776	9.923	10.102	10.031
NA19393	9.6913	9.724	10.003	7.924	9.313	10.206	9.994	10.022	10.094	9.691	10.328	9.715	10.255	10.208	10.096	10.12	10.292	9.826	10.071	9.919	9.943	10.17	9.994
NA19394	9.8439	9.8888	10.1725	9.804	10.219	10.079	10.162	10.081	10.111	10.411	10.026	9.953	10.309	10.261	10.595	9.87	10.481	9.909	10.005	9.989	10.181	10.079	10.194
NA19395	9.7426	9.7787	10.0593	9.869	9.318	10.074	10.171	9.947	10.057	9.97	10.119	9.732	10.001	9.61	10.085	10.253	10.183	9.933	10.194	9.99	10.164	10.189	9.768
NA19397	9.7081	9.7862	10.067	8.682	8.89	10.169	10.074	10.229	10.13	10.099	10.015	10.085	9.872	9.484	10.409	10.002	9.974	10.186	10.157	10.129	10.065	10.112	9.895
NA19399	9.8984	9.8812	10.1647	10.219	10.821	10.017	10.079	10.169	10.163	10.276	10.043	10.454	10.04	10.542	10.096	10.224	10.123	10.052	10.221	10.234	10.085	10.155	10.362
NA19401	9.8825	9.89	10.1738	9.873	9.961	9.892	10.384	10.269	10.184	10.139	10.251	9.787	10.166	10.512	10.355	10.036	10.394	10.078	10.128	10.305	10.243	9.932	10.203
NA19403	9.7809	9.8063	10.0877	10.713	9.766	10.05	10.069	9.962	10.135	9.948	10.056	9.884	9.923	10.61	10.156	10.124	9.837	10.239	10.255	9.589	9.87	10.112	10.027
NA19404	9.7344	9.6933	9.9715	10.605	10.057	9.424	9.91	9.766	9.817	10.032	9.969	9.815	10.042	10.293	10.143	10.053	10.161	10.008	10.154	10.031	10.161	9.938	9.718
NA19428	9.5646	9.6244	9.9006	9.601	8.694	9.586	9.704	9.671	10.046	10.145	9.808	9.812	10.266	8.481	10.007	9.915	10.003	9.732	9.723	9.851	9.992	9.974	9.899
NA19429	9.8724	9.8385	10.1208	10.495	9.686	10.096	9.984	10.121	10.428	10.132	10.109	10.102	10.376	10.432	10.045	9.962	10.171	10.124	10.094	10.03	10.288	10.044	10.12
NA19430	9.6574	9.7002	9.9785	8.724	10.061	10.106	10.139	10.062	10.076	9.955	9.746	9.862	9.972	9.35	9.862	9.768	10.042	10.066	9.964	9.882	10.107	9.861	10.136
NA19431	9.6408	9.6776	9.9553	9.203	9.449	9.89	9.586	10.034	10.0	9.735	10.173	9.806	10.001	10.376	10.303	9.977	9.958	9.756	9.971	10.198	10.12	9.826	9.653
NA19434	9.4195	9.4441	9.715	8.134	10.121	9.825	9.897	9.777	9.795	9.824	9.65	9.346	9.572	10.024	9.443	9.592	9.741	9.942	9.899	9.564	9.682	9.802	9.699
NA19435	9.7032	9.7365	10.0159	9.822	9.447	9.821	9.719	10.164	10.009	9.837	9.969	9.797	10.214	9.852	9.801	9.972	10.33	10.052	10.057	10.106	9.96	9.957	9.91
NA19436	9.6479	9.6713	9.9488	10.574	9.671	10.268	9.862	10.165	10.003	9.938	9.805	9.798	9.929	9.197	9.885	9.728	10.024	9.945	10.0	9.88	10.085	9.948	9.965
NA19437	9.7049	9.7204	9.9993	7.81	10.387	9.879	9.791	9.996	9.97	10.002	10.017	9.982	9.967	10.338	10.258	10.148	10.165	9.931	9.811	10.07	10.255	9.805	9.99
NA19438	9.7743	9.7363	10.0157	9.915	10.049	9.978	10.08	9.986	10.286	10.189	9.802	10.045	9.963	10.245	9.923	9.972	10.169	10.058	10.031	9.895	10.168	10.216	10.192
NA19439	9.9326	9.8979	10.1819	9.812	9.613	10.165	10.241	10.194	10.501	10.054	10.304	9.987	10.087	10.719	10.249	10.223	10.311	10.101	10.135	10.332	10.297	10.109	10.304
NA19440	9.8971	9.9234	10.2081	10.059	10.561	10.328	10.206	10.177	10.005	9.854	10.381	9.992	10.271	10.547	10.268	10.166	10.222	10.012	10.0	10.145	10.432	10.105	10.263
NA19443	9.677	9.6587	9.9359	10.484	10.024	10.121	10.142	9.97	9.881	9.803	9.659	9.73	9.85	8.381	10.205	10.151	10.082	9.814	9.934	10.046	10.018	9.946	9.947
NA19445	9.9544	9.9982	10.2851	8.541	9.879	10.328	10.065	10.558	10.65	10.234	10.703	10.175	10.525	10.704	10.207	10.169	10.383	10.066	10.356	10.135	10.417	9.99	10.311
NA19446	9.7383	9.7833	10.064	9.617	9.173	9.582	10.075	10.152	10.182	10.079	10.193	10.15	9.929	10.439	9.842	9.899	10.133	9.906	10.197	9.989	10.139	10.043	10.085
NA19448	9.7375	9.7976	10.0787	8.667	9.7	10.212	9.94	9.995	10.009	9.924	10.188	9.813	9.927	10.457	10.033	10.021	9.948	10.292	10.056	10.229	10.103	10.334	10.016
NA19449	9.8436	9.9207	10.2053	9.375	10.627	10.371	10.535	10.108	10.457	10.229	10.242	10.021	10.3	9.9	9.935	10.366	10.075	10.205	10.042	10.038	10.088	10.166	10.175
NA19451	9.6492	9.6937	9.9719	8.86	10.524	9.754	9.952	10.226	9.633	10.165	9.975	9.567	10.379	10.002	10.123	10.023	9.828	9.735	9.959	9.871	10.119	9.968	9.77
NA19452	9.694	9.7271	10.0062	8.693	10.083	10.06	9.902	10.289	10.144	9.702	10.209	10.015	10.086	10.17	9.851	9.972	10.019	9.904	9.981	9.846	9.954	10.058	9.893
NA19454	9.6253	9.6429	9.9196	9.385	10.319	10.187	9.871	10.11	10.013	9.972	9.655	9.758	9.902	9.513	9.779	9.914	9.854	9.916	9.824	9.988	10.071	9.888	9.953
NA19455	9.7568	9.6991	9.9774	10.316	9.72	10.09	9.791	9.89	10.114	10.017	9.984	9.957	9.849	10.306	10.157	10.109	10.159	9.656	10.06	10.001	10.026	10.023	10.159
NA19456	9.7583	9.7435	10.0231	9.956	9.336	9.877	9.649	9.822	10.0	10.199	10.33	10.006	10.084	10.219	10.151	10.224	10.17	10.171	9.989	10.044	10.0	9.847	9.845
NA19457	9.8915	9.8768	10.1602	10.097	10.412	10.204	10.099	10.439	10.318	10.373	10.199	10.311	9.911	10.756	9.984	10.099	10.344	9.961	10.1	10.029	10.117	10.219	10.158
NA19461	9.7917	9.7883	10.0691	9.697	9.615	10.196	9.907	10.265	10.015	9.691	10.297	10.303	10.046	10.615	10.315	9.882	10.462	10.187	10.126	9.994	9.989	10.013	9.858
NA19462	9.5248	9.5565	9.8307	8.745	9.005	9.779	9.752	9.805	9.659	9.978	9.816	9.723	9.921	9.425	9.66	10.04	9.747	9.809	9.89	10.066	9.959	9.773	9.967
NA19463	9.7972	9.8377	10.12	10.069	10.5	10.188	9.855	10.386	10.025	9.907	10.001	10.161	10.176	8.341	10.239	10.055	10.361	9.924	10.061	10.256	9.989	10.171	10.158
NA19466	9.5772	9.6195	9.8955	8.757	9.84	10.407	10.058	9.805	9.932	9.898	9.989	9.594	9.831	9.52	9.97	9.745	9.686	9.844	9.744	10.03	10.139	9.977	9.998
NA19467	8.8091	8.7754	9.0272	9.654	8.548	9.347	9.26	8.822	9.274	9.243	8.987	9.282	9.265	8.415	9.105	8.892	9.066	8.977	9.011	9.018	9.102	8.828	9.02
NA19468	9.7553	9.7824	10.0631	9.343	10.394	9.921	10.509	10.167	10.349	10.294	9.649	10.13	10.031	9.521	9.831	10.129	9.94	9.737	9.942	10.063	10.103	9.99	10.121
NA19471	9.5974	9.6612	9.9385	9.624	9.619	10.117	9.877	9.769	9.804	9.928	9.655	9.753	9.779	9.195	10.342	10.161	9.883	9.912	9.905	9.95	9.973	10.033	9.865
NA19472	9.7446	9.8025	10.0838	8.988	9.385	9.934	9.773	10.195	9.901	10.361	10.182	10.146	10.432	9.612	10.317	10.213	10.064	10.01	10.082	10.238	10.012	10.288	9.673
NA19473	10.2985	10.354	10.6511	9.796	10.224	10.507	10.709	10.526	10.191	10.695	10.793	10.728	10.866	10.929	10.823	10.844	10.389	10.595	10.619	10.72	10.542	10.633	10.496
NA19474	9.6862	9.7402	10.0197	9.053	8.531	9.963	10.17	10.1	10.114	9.742	10.11	9.732	9.833	9.925	10.156	9.899	10.105	9.66	10.194	10.063	10.074	10.213	10.014
NA19475	9.6175	9.6449	9.9216	9.671	10.26	10.036	9.819	9.826	10.144	9.789	10.063	9.93	9.933	9.982	9.878	9.936	9.724	9.9	9.931	9.471	9.848	10.11	10.044
NA19625	9.3589	9.4053	9.6752	9.404	9.315	9.665	9.592	9.559	9.617	9.291	9.646	9.554	9.778	8.046	9.755	9.74	9.787	9.662	9.671	9.793	9.835	9.709	9.518
NA19648	9.6794	9.6558	9.9328	12.189	10.057	10.391	9.754	9.515	9.796	9.779	9.911	10.199	9.781	10.258	9.766	9.803	9.99	9.917	9.9	10.084	10.066	10.136	9.886
NA19649	9.7027	9.6677	9.9451	10.519	9.99	10.233	10.091	10.037	9.878	9.466	9.471	9.952	9.882	10.533	9.862	9.969	9.97	10.043	9.86	10.228	10.201	9.848	10.004
NA19650	9.731	9.6883	9.9663	12.566	10.104	10.197	9.891	9.976	10.149	9.327	10.085	10.173	9.747	10.376	9.805	10.245	9.943	9.955	9.822	10.006	9.776	10.106	10.029
NA19651	9.7722	9.6824	9.9603	10.666	10.006	10.16	9.984	10.031	10.142	9.925	10.252	9.893	9.872	10.222	9.843	10.096	10.084	9.964	10.004	10.159	9.885	9.89	10.093
NA19652	9.9316	9.8825	10.1661	10.737	9.956	10.417	9.993	10.053	10.006	10.187	10.421	10.457	10.118	10.604	10.034	10.274	10.304	10.175	9.975	10.299	10.184	10.306	10.112
NA19653	9.9064	9.8653	10.1484	10.812	9.932	10.621	10.18	10.12	10.392	10.08	10.18	10.005	10.16	10.563	9.657	9.836	10.367	10.157	10.091	10.188	10.137	10.28	10.305
NA19654	9.764	9.7465	10.0261	10.548	10.013	10.17	9.848	9.951	10.076	9.895	10.163	10.121	9.833	10.339	10.041	9.803	9.993	10.316	10.116	9.897	10.005	10.05	9.935
NA19655	9.9698	9.9622	10.2481	8.885	10.077	10.132	10.57	10.287	9.885	10.093	10.52	10.336	10.781	9.939	10.382	10.742	10.031	10.385	10.372	10.446	10.018	10.088	10.246
NA19656	9.7711	9.8232	10.1051	8.573	10.141	10.127	10.065	10.048	10.267	10.234	10.102	10.114	9.946	9.639	9.621	10.083	10.105	9.857	10.291	10.071	10.215	10.046	10.17
NA19657	9.9375	9.9188	10.2034	10.774	10.099	10.096	10.188	10.157	10.196	9.993	9.556	10.342	10.292	10.416	10.275	10.393	10.364	10.014	10.2	10.179	10.521	10.256	10.197
NA19658	9.556	9.5684	9.843	8.884	9.761	9.981	9.925	9.859	9.838	9.777	9.79	9.98	9.765	10.06	9.656	9.686	9.812	10.031	9.827	10.153	9.897	9.777	9.903
NA19659	9.733	9.782	10.0627	9.529	10.243	10.445	9.954	10.484	9.882	9.634	10.14	9.859	10.03	10.083	9.82	10.058	9.995	10.119	10.0	10.045	10.027	10.281	10.197
NA19660	13.6459	14.1555	14.5617	15.664	15.375	14.678	14.778	14.9	14.887	14.951	15.384	14.971	14.276	14.845	14.697	14.985	10.097	10.072	10.07	10.207	9.969	10.035	10.267
NA19661	10.5577	10.5843	10.888	11.632	11.189	11.517	11.349	11.157	11.253	11.286	11.101	10.934	11.122	11.601	10.974	11.365	10.718	10.253	10.44	9.956	10.176	10.183	10.233
NA19662	13.7655	14.2452	14.654	15.829	15.109	15.216	14.859	15.072	15.121	14.983	15.125	15.271	14.667	14.781	14.948	15.253	10.24	9.986	9.995	10.099	10.4	10.362	10.436
NA19663	9.7937	9.7919	10.0728	9.522	10.264	9.892	9.724	10.187	10.0	10.284	10.14	9.875	10.028	10.227	10.024	10.079	10.179	9.935	10.108	10.266	10.138	10.25	10.078
NA19664	9.8127	9.7595	10.0395	11.678	10.259	10.051	10.057	10.082	9.939	10.052	10.064	9.693	10.265	10.193	10.059	9.914	10.352	9.986	10.189	9.932	9.865	10.006	10.044
NA19665	9.9756	9.8836	10.1672	11.594	10.047	10.006	10.379	10.248	10.255	10.048	10.247	10.208	10.119	10.403	10.35	10.262	9.947	10.138	10.247	10.278	10.167	10.278	10.198
NA19669	9.9368	9.9348	10.2199	9.569	10.198	10.106	10.114	10.002	9.927	10.147	10.142	10.27	10.412	10.27	10.289	10.172	10.255	10.236	10.23	10.489	10.307	10.205	10.395
NA19670	9.7328	9.7603	10.0404	9.835	9.904	10.381	9.96	10.204	10.045	10.149	10.045	10.011	9.976	9.465	9.961	9.869	10.248	9.988	9.885	9.833	10.117	10.231	10.027
NA19671	9.5933	9.5847	9.8597	9.412	9.63	10.169	10.239	9.795	9.837	10.034	9.645	9.733	9.844	10.248	10.011	9.671	10.014	10.153	9.847	9.836	9.914	10.009	9.813
NA19675	10.0959	10.0493	10.3376	10.354	10.018	10.437	9.963	10.237	10.492	10.255	10.429	10.818	10.15	10.67	10.423	10.472	10.236	10.451	10.135	10.412	10.55	10.44	10.714
NA19676	9.9853	9.9167	10.2013	11.765	10.489	10.264	10.078	10.356	10.185	10.097	10.295	10.337	10.147	10.329	10.016	10.24	10.292	10.196	10.172	10.224	10.546	10.195	10.207
NA19677	9.88	9.8325	10.1146	10.886	10.478	10.206	10.024	10.113	10.292	10.212	9.999	10.427	9.863	10.492	9.817	9.968	10.365	9.994	10.03	10.054	10.031	10.445	10.137
NA19678	9.6808	9.6274	9.9036	10.268	9.839	9.969	9.925	9.714	9.973	9.835	9.944	9.841	9.809	10.516	9.789	9.959	9.65	10.166	10.087	9.964	9.938	10.111	10.033
NA19679	9.7912	9.7623	10.0424	10.644	9.746	9.95	9.579	9.91	9.975	10.17	10.326	10.016	9.98	10.394	9.979	9.955	10.195	10.059	10.218	10.119	10.036	9.829	10.179
NA19680	9.9381	9.8543	10.137	10.868	10.14	10.534	10.134	10.221	10.304	10.069	10.344	10.035	10.086	10.507	9.957	10.052	10.134	9.991	10.122	10.335	10.169	10.282	10.215
NA19681	9.6844	9.6133	9.8891	11.818	9.869	10.68	10.142	10.044	9.962	9.858	10.067	9.936	10.115	10.585	9.762	9.589	9.9	9.66	9.914	9.798	9.895	9.761	9.679
NA19682	9.6659	9.603	9.8785	11.279	9.775	9.844	9.878	9.778	9.821	9.903	10.116	9.505	9.837	10.423	9.818	9.718	9.904	9.958	9.749	9.77	9.87	9.901	10.12
NA19683	9.9026	9.8207	10.1025	13.498	10.093	9.933	10.207	10.334	9.974	10.263	10.02	9.883	9.923	10.644	9.98	10.166	10.008	10.3	9.763	10.263	10.042	10.134	10.403
NA19684	9.4567	9.4431	9.7141	8.927	9.891	10.028	9.967	9.539	9.873	9.847	9.776	9.886	9.592	9.428	9.508	9.482	9.832	10.017	9.828	9.816	9.764	9.668	9.663
NA19685	10.3264	10.3032	10.5988	10.499	10.599	11.013	11.225	10.96	11.058	11.009	11.187	11.288	10.752	11.467	11.021	10.759	10.332	10.27	10.099	10.119	10.255	10.099	10.146
NA19686	9.7694	9.7942	10.0753	9.026	9.866	10.507	10.301	9.96	10.239	10.322	9.955	9.918	10.166	9.92	10.219	10.054	10.287	10.117	9.878	10.11	10.063	10.051	10.233
NA19700	9.6066	9.6095	9.8853	10.107	9.733	9.917	9.88	9.708	10.184	9.872	9.97	9.835	10.056	9.403	9.946	9.813	9.733	9.898	9.991	9.73	10.008	9.872	9.877
NA19701	9.8786	9.8639	10.147	10.567	9.476	10.043	10.071	10.157	10.124	10.059	10.151	10.174	10.016	10.647	10.133	10.079	10.257	10.144	9.863	10.035	10.016	10.331	10.422
NA19702	9.7805	9.7882	10.0691	10.384	9.538	10.312	10.162	9.981	10.032	9.981	10.121	9.904	9.932	9.541	10.03	10.147	10.128	9.941	10.124	10.151	10.146	10.104	10.152
NA19703	9.8458	9.8716	10.1548	10.493	8.712	10.446	10.063	10.22	10.144	9.937	9.739	10.278	9.923	10.58	10.363	10.107	10.493	10.236	10.145	9.874	10.031	10.178	9.974
NA19704	9.6091	9.653	9.9299	10.334	9.427	9.849	10.055	10.015	9.751	9.935	9.993	9.861	10.125	9.225	9.953	9.994	9.733	9.99	9.953	9.749	9.469	9.818	9.957
NA19705	9.8039	9.8149	10.0966	10.337	7.981	9.875	9.986	10.161	10.404	10.143	10.118	9.875	9.88	9.611	10.055	10.058	10.158	10.14	10.026	10.084	9.928	10.081	10.208
NA19707	9.9314	9.9344	10.2194	10.186	9.67	10.571	10.228	10.207	10.48	10.389	10.11	10.045	10.421	9.953	10.319	10.127	10.134	10.264	10.23	10.222	10.19	10.149	10.226
NA19711	9.7085	9.6953	9.9734	10.055	8.668	9.859	9.977	9.855	9.968	9.914	10.042	9.775	9.996	9.254	10.031	10.081	10.032	10.249	9.944	10.163	9.985	10.237	10.043
NA19712	9.9205	9.919	10.2036	9.343	9.783	10.121	10.033	10.216	10.21	10.245	10.155	10.052	10.326	10.455	10.275	10.253	10.527	10.121	10.294	10.502	10.376	10.084	10.225
NA19713	9.5214	9.5775	9.8523	9.002	9.436	9.901	9.901	9.819	9.992	9.702	9.764	9.645	9.903	9.531	9.66	9.824	9.812	9.994	9.882	10.027	9.775	9.773	9.946
NA19716	9.7914	9.7527	10.0326	10.603	10.517	10.05	10.01	9.911	10.334	10.143	10.009	9.999	10.221	10.644	10.34	9.915	9.998	9.966	9.912	9.701	10.13	9.869	10.107
NA19717	9.7549	9.7265	10.0056	10.751	9.683	10.316	9.918	10.202	10.18	10.031	10.115	10.205	9.938	10.169	10.119	9.838	10.157	9.843	9.986	9.93	9.929	9.891	9.848
NA19718	9.7959	9.7905	10.0715	9.819	10.245	10.013	9.949	10.127	10.338	10.28	9.986	9.779	10.095	10.339	10.099	10.007	10.174	10.088	9.924	10.124	10.02	10.297	9.981
NA19719	9.647	9.6426	9.9193	10.462	9.524	9.677	10.178	9.689	9.937	10.078	9.866	9.911	9.687	8.934	9.553	9.762	9.818	10.176	10.085	9.942	10.087	10.195	9.871
NA19720	9.636	9.611	9.8868	9.865	10.138	9.72	9.866	10.023	9.966	9.919	10.167	9.818	9.985	10.227	9.886	9.806	10.022	9.947	9.702	9.776	9.883	9.739	9.922
NA19721	9.9685	9.9797	10.2661	10.12	10.807	10.228	10.253	10.29	10.159	10.315	10.318	10.406	10.087	10.675	10.16	10.183	9.992	10.252	10.219	10.162	10.332	10.308	10.196
NA19722	9.7675	9.6974	9.9756	10.847	10.259	9.943	9.89	10.109	10.211	10.109	9.973	10.241	10.02	10.258	10.225	9.704	10.088	9.944	9.73	10.029	9.988	10.034	9.79
NA19723	9.7696	9.7877	10.0686	10.505	9.958	10.417	10.084	10.048	10.02	10.152	10.182	10.315	9.882	9.403	10.016	10.309	9.81	9.996	9.916	10.128	10.005	9.982	10.072
NA19724	9.8476	9.8037	10.085	10.782	9.91	10.254	10.193	10.161	10.158	10.252	10.24	10.255	9.883	9.5	10.054	9.991	10.103	10.195	10.016	10.154	10.048	10.118	10.126
NA19725	9.8304	9.8637	10.1468	10.301	9.64	9.796	10.124	10.062	10.144	9.829	10.13	9.987	10.149	7.729	9.957	10.267	10.388	10.072	10.184	10.265	10.502	10.158	10.064
NA19726	9.9051	9.8812	10.1647	10.634	10.268	10.378	10.082	10.103	10.24	10.316	10.173	10.07	10.059	9.794	10.174	10.332	10.164	10.382	10.16	10.133	10.047	10.192	10.233
NA19727	9.764	9.7983	10.0795	9.562	10.169	10.189	10.271	10.153	10.202	10.147	10.219	9.767	10.088	8.821	9.722	10.027	9.975	10.288	10.146	10.072	9.952	10.192	10.253
NA19728	8.7574	8.6866	8.9358	9.74	8.832	8.984	8.918	9.079	8.764	8.972	9.017	9.269	8.98	9.397	8.974	8.872	8.912	8.875	9.029	8.903	9.048	8.811	9.099
NA19729	9.8367	9.8008	10.0821	10.911	10.087	10.291	10.084	10.108	10.21	10.15	10.161	10.075	9.865	10.334	10.049	10.012	10.018	9.998	9.979	10.095	10.143	10.163	10.106
NA19730	8.8704	8.9046	9.1601	8.611	9.19	9.027	9.113	9.399	9.088	9.181	9.221	9.244	9.036	9.592	9.076	9.036	9.016	9.053	9.18	8.958	9.399	9.06	9.351
NA19731	9.945	9.9041	10.1883	10.789	10.051	10.199	10.379	10.377	10.365	10.321	10.126	10.312	10.218	10.752	9.886	10.152	10.18	10.168	9.914	10.395	10.174	10.293	10.047
NA19732	10.2638	10.4175	10.7164	9.838	11.037	11.161	10.991	11.186	11.363	11.056	10.886	10.868	11.214	11.293	10.849	11.016	10.094	10.213	10.059	9.976	9.944	10.32	10.148
NA19733	9.7366	9.7621	10.0423	9.063	10.274	9.686	10.078	10.269	9.964	10.035	10.038	10.143	10.154	10.415	9.908	10.042	9.894	10.061	10.032	10.262	9.999	9.947	9.991
NA19734	9.897	9.8661	10.1492	10.675	10.283	9.954	10.203	10.308	10.192	10.045	10.061	10.487	10.183	10.293	10.021	9.942	9.908	10.176	10.267	10.055	10.208	10.004	9.88
NA19735	10.1296	10.2576	10.5519	10.133	10.707	10.515	10.6	10.615	10.747	11.014	11.099	11.082	10.776	11.184	11.139	10.737	10.112	10.121	9.765	10.157	10.011	10.185	9.919
NA19740	9.7954	9.8483	10.1308	9.6	9.755	10.55	10.125	10.232	10.242	10.205	9.738	9.915	10.011	10.213	9.993	10.18	10.25	10.132	9.945	10.196	10.067	9.957	10.198
NA19741	9.757	9.7541	10.034	10.396	10.127	10.278	9.887	9.761	10.138	10.042	9.908	10.356	10.125	10.15	10.408	9.84	10.143	9.801	10.008	10.078	9.862	10.013	9.968
NA19746	9.8801	9.9133	10.1977	10.087	10.598	10.551	10.237	9.987	10.17	10.15	10.153	10.069	10.39	10.642	9.929	10.003	10.12	10.291	10.103	10.204	10.257	10.224	10.032
NA19747	9.9789	9.9567	10.2423	10.015	9.975	9.821	9.878	9.939	10.245	10.449	10.517	9.955	10.39	10.095	10.379	10.297	10.372	10.441	10.091	10.203	10.551	10.12	10.433
NA19748	9.8375	9.8038	10.0851	10.607	10.073	10.157	10.08	9.999	9.97	10.25	10.039	10.274	10.01	10.246	10.233	9.882	10.034	10.147	10.076	9.91	10.201	10.191	10.216
NA19749	9.8972	9.8422	10.1246	11.33	9.999	10.202	10.176	9.964	9.895	10.092	9.967	9.977	10.154	10.169	9.892	10.359	10.24	10.249	10.008	10.4	10.185	10.041	10.123
NA19750	10.4104	10.4693	10.7698	11.87	11.343	10.925	10.9	11.113	11.348	11.102	10.756	10.993	10.909	11.69	11.185	11.276	10.211	9.996	10.19	10.236	10.257	10.099	10.114
NA19751	10.3825	10.4026	10.7011	11.352	11.065	11.015	11.13	10.919	11.117	11.01	10.773	11.268	10.944	11.381	10.834	10.836	10.364	10.116	10.012	10.132	10.26	10.185	10.311
NA19752	9.7739	9.778	10.0586	9.43	9.792	10.101	10.34	10.224	10.226	9.927	9.853	10.271	9.906	10.557	9.748	10.111	10.111	9.993	9.879	10.058	10.121	10.146	10.057
NA19755	9.8369	9.7749	10.0554	12.647	10.166	10.3	10.246	10.126	9.974	10.055	10.096	10.326	9.95	10.242	10.22	9.686	9.892	9.889	10.205	9.943	10.152	10.186	9.887
NA19756	9.5869	9.4765	9.7485	10.528	10.119	9.683	9.934	9.592	9.74	10.177	9.93	9.752	9.59	8.275	9.77	9.773	9.907	9.742	9.789	9.783	10.083	9.699	10.132
NA19757	9.7724	9.7412	10.0207	10.657	9.982	9.981	10.305	10.159	10.193	9.98	9.901	10.278	10.292	8.746	9.572	9.922	10.24	10.039	10.043	9.922	10.236	9.946	10.21
NA19758	9.6939	9.6665	9.9438	10.273	9.862	9.717	10.008	9.956	9.97	9.746	9.92	9.856	10.298	9.517	9.851	9.8	9.822	9.853	10.12	10.244	9.968	10.038	10.212
NA19759	9.744	9.7192	9.998	11.513	10.03	9.66	9.915	10.011	9.982	9.562	10.003	10.114	9.864	9.919	10.02	10.142	9.9	9.992	9.909	9.905	10.217	10.255	9.85
NA19760	9.778	9.7357	10.015	10.601	10.038	9.735	10.164	10.164	10.072	10.166	9.8	10.137	10.006	9.66	10.056	10.124	10.001	9.895	9.874	10.136	10.069	10.01	10.032
NA19761	8.8125	8.7458	8.9968	10.134	9.08	8.802	8.888	8.942	9.018	9.094	9.007	9.179	9.017	9.142	8.871	9.086	9.262	9.008	8.93	8.956	9.012	9.258	8.955
NA19762	9.7996	9.7991	10.0802	10.524	10.183	9.645	10.313	9.972	10.285	10.229	9.79	9.99	9.99	9.031	9.959	10.233	9.95	10.102	10.109	10.169	10.07	9.979	10.116
NA19763	8.8842	8.8711	9.1257	9.945	9.257	9.263	9.112	8.933	9.186	9.218	8.802	8.754	9.025	9.189	8.932	8.978	9.21	9.028	9.002	9.167	9.192	9.179	9.139
NA19764	9.8473	9.8335	10.1157	10.623	10.14	10.183	10.22	10.352	10.103	10.009	9.885	10.319	10.168	10.513	10.057	9.824	10.14	9.937	9.967	10.207	10.131	10.117	9.979
NA19770	10.8276	11.2333	11.5556	12.734	12.228	11.445	11.751	11.825	12.106	11.405	11.993	11.617	11.965	11.556	11.987	11.998	10.18	9.925	9.974	10.183	10.234	10.204	10.003
NA19771	9.7967	9.7702	10.0506	10.321	9.961	9.909	9.714	10.084	10.206	10.227	10.069	9.681	9.951	10.343	10.066	10.104	9.897	10.103	10.106	10.114	10.187	10.275	10.155
NA19772	9.6743	9.6673	9.9446	10.466	9.951	10.013	9.94	9.623	10.177	9.272	9.763	9.803	10.017	9.553	9.828	9.776	9.956	10.184	9.938	10.046	9.914	10.004	10.161
NA19773	9.7668	9.795	10.076	9.323	9.801	9.523	9.824	10.038	10.037	10.11	10.022	10.184	10.076	10.362	9.795	9.992	10.136	10.075	10.11	10.143	10.156	10.322	10.137
NA19774	9.8313	9.7998	10.081	10.065	9.636	10.261	10.099	10.097	10.548	10.032	10.299	10.05	10.092	10.499	9.976	10.133	10.46	10.173	10.182	9.919	9.758	10.186	9.911
NA19775	9.7309	9.6727	9.9502	10.688	9.169	9.926	9.595	10.122	10.01	10.179	9.874	9.823	10.102	10.236	9.891	9.755	10.221	9.918	9.966	9.969	10.238	10.003	10.085
NA19776	9.8006	9.8017	10.083	10.745	10.164	10.555	10.033	10.343	9.979	9.796	10.065	10.172	9.864	9.371	10.133	9.813	10.08	10.039	10.064	10.132	10.086	10.184	10.173
NA19777	9.974	9.9233	10.208	10.799	10.099	10.217	10.148	10.126	10.494	10.271	10.177	10.372	10.333	9.666	10.545	10.172	10.324	10.212	10.359	10.211	10.159	10.179	10.205
NA19778	9.7581	9.8075	10.0889	9.639	9.978	10.164	10.393	10.129	10.172	9.464	10.319	9.848	9.95	9.907	10.222	9.973	10.061	9.93	10.178	10.029	10.187	10.056	10.127
NA19779	9.8152	9.8047	10.0861	10.576	10.256	10.074	9.869	10.038	9.938	10.008	10.121	10.22	10.023	10.528	10.427	9.97	10.346	10.0	10.042	10.288	10.054	9.941	9.888
NA19780	9.8299	9.8614	10.1444	10.147	10.254	10.31	9.999	10.062	10.049	9.927	10.077	10.154	10.061	10.396	10.07	10.138	10.009	10.143	10.106	10.241	10.258	10.16	10.101
NA19781	9.795	9.8154	10.0971	9.898	10.567	10.292	10.404	10.084	9.955	10.107	10.201	10.13	10.127	10.873	9.964	10.137	10.004	10.1	9.971	10.054	9.928	9.957	9.985
NA19782	9.7771	9.7454	10.025	10.955	10.134	9.903	9.871	10.084	9.861	9.782	9.876	10.172	10.208	10.316	9.779	9.971	10.017	10.281	9.989	10.061	10.158	9.863	9.964
NA19783	9.6479	9.6817	9.9595	8.668	9.801	10.1	9.819	9.844	10.069	10.09	10.005	10.149	10.167	10.261	9.686	9.611	10.236	10.058	10.017	9.895	10.107	9.815	9.879
NA19784	9.6139	9.6266	9.9029	9.062	9.899	9.94	9.972	9.806	9.913	9.968	10.048	9.761	9.967	10.262	9.614	9.908	9.87	9.807	10.032	9.741	10.023	10.229	10.039
NA19785	9.0019	8.9435	9.2001	9.631	9.105	9.419	9.086	9.237	9.292	9.263	8.966	9.132	9.518	8.906	9.203	9.286	9.107	9.247	9.136	9.343	9.258	9.085	9.555
NA19786	9.7595	9.7953	10.0764	10.1	10.316	10.039	9.698	10.102	9.833	10.146	10.145	9.878	10.005	9.831	9.931	9.981	10.081	9.904	10.115	10.205	10.085	10.344	9.916
NA19787	8.8043	8.7548	9.006	9.273	8.984	8.701	8.994	9.093	9.105	8.918	9.077	9.155	9.27	9.124	9.123	8.717	8.979	9.105	9.135	9.347	8.987	8.977	9.012
NA19788	9.5231	9.5261	9.7994	10.935	9.755	9.328	9.881	9.795	9.855	9.791	9.89	9.7	9.688	10.03	9.593	9.852	9.713	9.774	9.78	9.668	9.776	9.729	9.848
NA19789	8.8644	8.8692	9.1237	9.542	9.25	9.091	9.325	9.135	9.026	9.142	8.994	9.183	8.675	8.549	9.128	8.964	9.193	9.267	8.974	9.019	9.177	9.146	9.137
NA19790	9.7636	9.742	10.0216	11.444	9.993	9.679	9.867	10.176	10.116	10.091	10.115	10.09	9.985	9.751	9.491	9.93	10.019	9.879	10.025	10.001	10.289	10.088	9.988
NA19792	9.7523	9.7416	10.0211	10.436	10.182	9.949	10.035	9.971	10.279	10.099	9.872	10.234	10.079	9.206	9.979	9.737	10.411	10.026	9.801	9.718	10.099	10.26	10.06
NA19794	9.652	9.6333	9.9098	10.387	9.867	10.129	9.835	9.829	10.277	10.137	9.996	10.082	9.786	9.805	9.951	9.744	10.144	9.799	9.92	9.787	10.058	9.86	9.557
NA19795	9.5709	9.6031	9.8787	8.675	9.699	9.869	9.892	9.603	9.855	9.803	9.934	9.857	9.823	10.524	9.635	9.924	9.825	9.793	10.022	9.976	10.089	9.668	10.023
NA19796	9.6995	9.7063	9.9848	9.891	10.172	10.059	10.132	10.246	9.964	9.918	10.097	9.982	9.879	10.228	9.547	9.748	9.746	10.246	9.779	9.873	10.045	10.03	10.064
NA19818	9.5824	9.6607	9.9379	9.026	9.777	9.371	9.828	10.089	9.918	10.01	9.9	9.827	9.796	9.315	9.898	10.143	9.752	10.092	10.011	10.016	9.719	9.906	10.209
NA19819	9.7409	9.7609	10.041	10.344	9.909	9.897	9.979	9.832	10.104	9.935	10.225	10.222	9.972	8.734	9.936	10.062	10.162	9.728	10.053	9.786	10.156	9.989	10.252
NA19828	9.5024	9.5082	9.781	10.125	9.607	10.144	10.031	10.232	9.934	9.977	9.779	9.809	10.112	8.533	9.534	9.648	9.876	9.713	9.673	9.587	9.548	9.867	9.639
NA19834	9.4514	9.4524	9.7236	9.282	9.583	9.815	9.583	9.866	9.699	10.048	9.719	9.59	9.533	9.887	9.98	9.667	9.329	9.557	9.797	9.747	9.707	9.883	9.852
NA19835	9.7809	9.7481	10.0278	10.241	9.567	10.03	10.005	10.035	10.196	10.056	10.098	9.947	10.097	10.491	10.166	9.974	9.925	9.842	10.207	10.271	10.03	9.91	9.921
NA19836	9.6728	9.6888	9.9668	9.811	9.407	9.812	9.637	10.259	10.107	10.064	9.574	10.041	9.922	10.176	10.01	9.972	9.756	9.935	9.93	9.987	9.841	10.209	10.104
NA19900	9.9279	9.9144	10.1989	8.937	10.159	10.178	10.1	9.791	10.238	10.268	10.153	10.252	10.12	9.982	10.111	10.254	9.979	10.449	10.077	10.384	10.204	10.357	10.391
NA19901	9.7753	9.7881	10.069	8.391	10.132	9.86	9.995	10.08	10.268	10.345	10.026	9.709	9.991	10.581	10.143	10.123	9.966	9.999	9.97	10.103	10.027	9.961	10.217
NA19902	9.8843	9.972	10.2582	8.595	10.166	10.076	10.478	10.251	10.201	10.218	10.101	9.746	10.44	10.615	10.156	10.094	10.146	10.308	10.06	10.278	10.295	10.45	10.247
NA19904	9.7201	9.6878	9.9658	9.813	9.891	9.832	10.25	9.953	10.172	9.938	10.065	9.929	9.908	10.496	10.047	9.819	9.929	10.015	10.138	10.011	9.878	9.975	10.153
NA19908	10.1056	10.0602	10.3489	9.948	10.354	10.147	9.908	10.432	11.326	10.841	11.309	10.936	11.349	10.815	10.339	10.215	10.406	9.937	10.234	9.894	10.34	10.006	10.301
NA19909	9.8215	9.9054	10.1896	8.954	10.107	10.125	10.348	10.26	9.761	10.455	10.008	9.751	10.585	9.62	10.366	10.18	9.961	10.195	10.358	10.183	10.022	10.181	10.092
NA19913	9.772	9.7545	10.0344	10.029	9.952	9.809	9.677	9.878	10.016	9.768	10.248	10.089	9.893	10.354	10.192	10.246	10.156	10.02	10.294	10.21	9.827	9.919	10.069
NA19914	9.7921	9.7465	10.0262	10.299	9.88	9.959	9.723	10.28	10.186	10.122	9.88	9.806	9.956	10.535	9.95	9.85	10.183	9.915	10.1	9.786	10.071	10.488	10.013
NA19916	9.5054	9.499	9.7715	10.004	8.99	9.729	9.455	9.412	9.672	9.415	9.569	9.854	10.001	9.304	9.813	9.852	9.94	9.842	9.808	10.018	9.864	9.963	9.857
NA19917	8.6235	8.6594	8.9079	8.443	9.186	8.778	8.789	8.696	9.247	8.703	8.976	8.82	8.939	8.457	8.746	9.177	8.768	9.1	8.97	8.776	8.88	8.768	8.893
NA19918	8.5455	8.5285	8.7732	8.749	8.309	8.925	8.839	8.674	8.859	8.322	8.786	8.704	8.579	8.051	8.514	8.898	8.975	8.833	8.857	8.904	8.915	8.862	8.791
NA19919	9.551	9.6035	9.8791	9.326	9.727	9.57	9.592	9.958	9.734	9.919	10.015	9.592	9.988	9.567	10.187	9.771	9.671	9.934	10.034	9.988	9.901	10.055	9.657
NA19920	9.6494	9.6125	9.8883	10.933	8.747	9.959	9.92	10.095	9.821	9.647	10.163	9.757	9.846	8.641	9.845	9.777	9.862	9.858	9.896	10.109	9.786	10.036	10.15
NA19921	9.5617	9.6194	9.8954	8.616	9.639	10.01	10.126	9.905	9.708	9.588	9.795	9.913	9.769	9.206	9.925	9.732	10.07	9.957	9.973	10.035	10.081	10.031	10.052
NA19922	9.8523	9.9912	10.2779	8.343	10.595	10.15	10.375	10.047	10.342	9.972	10.33	10.226	10.548	9.467	10.429	10.164	10.299	10.122	10.183	10.122	10.219	9.993	9.929
NA19923	9.7646	9.7632	10.0433	10.748	9.423	10.321	10.061	9.967	9.806	10.13	10.109	10.049	10.066	7.992	10.075	9.996	9.982	10.03	9.905	10.015	10.051	10.17	10.197
NA19924	10.1006	10.1785	10.4706	9.392	9.771	10.28	10.504	10.714	10.68	10.197	10.301	10.771	10.353	7.671	10.683	10.471	10.341	10.478	10.3	10.459	10.513	10.626	10.681
NA19982	8.5874	8.6123	8.8594	8.064	7.745	8.698	8.467	8.745	8.68	9.098	8.987	8.914	8.751	8.483	8.834	8.85	9.063	9.086	8.709	9.042	8.819	8.799	8.913
NA19983	9.7221	9.7343	10.0136	8.918	9.541	10.063	9.893	10.328	9.802	10.092	10.212	10.092	9.851	9.496	9.899	10.124	9.779	10.084	9.876	10.241	10.188	10.118	10.43
NA19984	9.8364	9.8627	10.1456	9.945	10.199	9.995	10.358	10.358	10.314	10.105	10.089	9.93	10.102	9.843	10.125	10.32	9.878	10.176	10.008	10.133	10.192	10.091	10.226
NA20126	9.7012	9.7664	10.0466	8.574	9.545	10.16	9.761	9.922	10.008	10.16	9.93	9.696	10.146	10.162	10.023	10.227	10.254	9.904	9.953	10.074	10.09	9.908	10.127
NA20127	9.6273	9.5873	9.8624	9.952	10.328	9.689	9.874	10.206	9.732	9.888	9.891	9.986	9.858	10.457	10.05	9.926	9.968	9.866	9.747	10.005	9.813	9.771	9.818
NA20128	9.8601	9.8402	10.1226	9.376	10.776	10.034	10.058	10.334	9.927	10.114	10.198	9.949	10.133	10.512	10.204	10.301	9.943	10.122	10.187	10.194	10.043	10.204	10.161
NA20129	9.7116	9.7229	10.0019	10.172	9.787	9.855	10.222	10.116	10.119	9.989	10.155	9.973	9.943	8.595	9.987	10.104	9.781	10.131	10.046	9.81	10.008	10.116	9.966
NA20274	8.8517	8.8208	9.0739	9.736	8.98	9.054	8.776	9.103	9.031	9.067	9.352	9.396	9.102	9.304	9.002	9.099	9.065	8.897	9.099	9.008	9.097	8.876	9.02
NA20276	9.7279	9.7325	10.0118	10.059	10.09	10.033	10.099	9.904	9.947	10.138	9.954	10.023	9.64	10.337	9.79	9.843	10.178	10.049	10.116	9.971	9.922	9.99	10.171
NA20278	9.5441	9.522	9.7952	10.104	9.829	10.081	9.603	9.655	9.848	9.959	9.731	9.863	9.865	9.437	9.861	9.677	9.677	9.803	9.727	9.851	9.983	9.788	10.134
NA20279	9.7108	9.6663	9.9437	11.625	9.992	10.108	9.826	9.791	10.05	9.901	9.98	9.91	9.979	8.33	10.067	9.796	9.825	10.053	10.078	9.908	10.212	10.131	10.007
NA20281	9.8332	9.8235	10.1054	10.398	9.702	9.867	9.717	10.121	10.227	9.927	9.969	9.713	10.197	10.523	10.336	9.939	10.281	10.03	10.024	10.171	10.357	10.04	10.076
NA20282	9.8136	9.8277	10.1097	10.15	9.97	9.917	9.99	9.87	10.03	10.115	9.965	10.072	10.271	9.575	10.347	9.97	10.169	10.283	10.157	10.297	10.232	9.88	10.095
NA20287	9.8024	9.7955	10.0765	10.149	9.756	9.895	10.178	10.086	9.92	10.184	10.044	10.064	10.008	10.707	10.146	10.321	9.996	10.31	9.984	10.191	10.021	9.906	9.999
NA20289	8.7639	8.6847	8.9339	10.286	9.643	9.809	8.822	8.951	8.569	9.007	8.708	8.877	8.881	9.368	9.295	9.195	8.839	8.882	9.042	8.914	8.939	8.931	9.005
NA20291	9.8603	9.7969	10.078	10.743	10.066	9.98	9.765	10.307	10.29	10.06	10.107	9.585	10.006	9.596	10.184	10.035	10.071	10.172	10.14	10.336	10.404	9.868	10.147
NA20294	9.7221	9.7529	10.0328	9.993	9.744	9.934	10.075	9.923	9.75	10.015	10.049	10.019	10.211	9.466	10.119	10.051	10.03	10.048	10.075	10.098	9.967	10.151	9.983
NA20296	9.7563	9.7573	10.0373	10.085	9.711	10.127	10.306	10.062	9.968	10.098	9.894	9.746	10.247	9.677	10.291	9.859	10.053	10.004	9.912	10.205	10.207	10.136	9.884
NA20298	9.6042	9.5989	9.8744	9.58	9.721	9.645	9.939	9.656	10.007	10.026	9.861	9.818	10.023	9.463	9.958	9.899	9.81	9.87	9.889	9.886	10.276	9.793	10.076
NA20299	9.8249	9.9235	10.2083	8.668	10.103	10.233	10.285	10.264	10.162	10.044	10.273	9.854	9.891	9.976	10.36	10.13	10.018	10.155	10.402	10.15	10.134	10.096	10.298
NA20314	9.8551	9.8341	10.1162	10.883	10.273	10.456	10.233	9.955	10.209	9.922	9.807	10.222	9.965	10.468	10.175	10.213	9.909	10.142	10.014	10.102	10.277	10.093	10.09
NA20317	9.8013	9.7853	10.0661	9.607	10.46	10.211	9.994	10.061	9.916	10.131	10.06	10.235	9.971	10.659	9.702	9.928	9.879	9.971	10.307	10.351	10.18	10.091	10.233
NA20318	9.6715	9.6881	9.9661	9.335	10.565	10.172	9.973	9.802	9.727	9.55	9.88	9.874	10.246	10.473	10.097	9.905	9.93	9.883	10.036	10.067	10.041	9.898	10.176
NA20320	9.3971	9.4659	9.7376	9.719	10.041	10.308	9.797	9.897	9.716	9.659	9.605	9.577	9.754	9.369	9.992	9.786	9.501	8.703	8.798	9.589	9.891	10.052	9.859
NA20321	9.533	9.5643	9.8388	9.886	9.842	10.216	10.031	10.112	9.943	9.598	10.319	9.727	9.759	9.479	9.891	9.862	9.483	8.92	8.93	10.019	10.219	10.191	9.853
NA20332	9.5795	9.6042	9.8798	9.206	10.463	9.983	10.082	9.936	9.742	10.138	10.191	9.743	9.828	9.7	10.04	9.715	10.063	10.073	9.836	9.96	9.605	9.752	9.625
NA20334	9.8061	9.8851	10.1687	9.227	10.532	10.021	10.014	10.218	10.013	10.201	10.235	9.903	10.363	9.632	10.175	10.256	10.179	10.371	10.006	10.359	10.217	9.731	9.95
NA20339	9.8087	9.8187	10.1004	9.598	10.059	10.725	10.172	10.083	10.257	10.196	10.008	9.988	9.941	10.37	10.127	10.17	9.781	9.973	10.117	10.201	10.029	9.995	10.101
NA20340	9.823	9.7201	9.999	10.582	9.67	9.896	10.286	10.201	10.147	10.014	9.843	10.235	10.077	10.55	9.947	10.28	9.914	10.19	9.93	9.958	10.008	10.051	10.207
NA20342	9.7212	9.7135	9.9922	9.597	9.919	9.991	9.931	10.061	9.999	10.108	10.16	10.1	9.789	10.542	9.954	10.059	9.972	9.795	10.036	9.965	10.162	10.037	9.933
NA20346	9.8977	9.9359	10.221	10.041	10.37	9.765	10.118	10.084	10.205	10.209	10.517	10.415	10.09	9.514	10.005	10.155	9.906	10.523	10.148	10.245	10.145	10.199	10.363
NA20348	9.969	9.9321	10.2171	10.448	10.475	10.289	10.269	9.971	10.022	10.454	9.934	10.377	10.399	10.353	10.224	10.338	10.264	10.115	10.195	10.231	10.217	10.267	10.212
NA20351	9.7635	9.7749	10.0554	10.047	8.757	10.302	10.094	10.243	10.237	9.81	10.115	9.906	10.243	9.616	10.123	9.947	10.002	9.946	9.86	10.081	10.013	10.196	10.049
NA20355	9.5199	9.5202	9.7934	9.841	9.655	9.812	9.987	9.869	9.656	9.764	10.014	9.829	9.779	8.894	9.951	9.728	9.991	9.643	9.867	9.801	9.997	9.71	9.83
NA20356	9.5656	9.6121	9.8879	9.161	9.501	9.843	9.51	10.078	10.051	9.975	9.73	9.563	9.912	10.227	9.86	9.899	9.763	9.868	9.779	9.74	9.812	10.013	9.845
NA20357	9.5401	9.6646	9.9419	10.146	10.245	10.02	9.873	10.108	9.82	9.965	9.747	9.947	9.169	7.492	8.992	8.888	9.158	10.205	9.985	10.067	9.971	9.934	10.241
NA20358	9.588	9.6198	9.8958	10.099	10.048	10.105	9.84	9.942	9.735	10.001	9.931	9.72	9.623	8.789	9.762	9.952	9.922	9.717	9.927	9.893	9.872	9.92	9.793
NA20359	10.6503	10.6841	10.9907	10.567	10.957	10.756	11.108	11.043	10.967	11.152	10.76	10.609	11.03	10.687	10.92	10.76	11.115	11.066	10.96	10.987	11.001	10.964	11.215
NA20362	9.7149	9.7681	10.0484	9.241	9.64	9.988	10.148	9.794	9.893	10.157	10.107	9.735	9.912	9.772	10.171	10.21	9.813	10.184	10.087	10.109	10.147	10.039	10.114
NA20412	9.7042	9.7446	10.0243	9.546	8.982	9.883	10.257	10.086	10.113	10.064	10.304	9.873	10.131	8.454	10.024	9.977	10.075	10.016	9.965	9.926	9.972	10.03	10.013
NA20502	9.4996	9.5278	9.8012	9.577	9.804	9.602	9.935	9.702	9.595	9.716	10.115	9.751	9.889	9.766	9.623	9.698	9.685	9.823	9.855	9.858	9.77	9.705	9.795
NA20503	9.7847	9.7536	10.0335	10.501	10.109	10.163	9.984	9.923	10.173	10.038	9.804	10.184	9.953	10.387	9.531	10.288	9.86	9.946	10.021	9.908	9.984	10.046	10.127
NA20504	10.3474	10.5008	10.8021	11.632	11.357	10.761	10.769	10.402	11.236	10.842	10.825	10.586	10.952	8.419	10.575	10.975	11.055	10.99	10.723	10.045	10.02	9.897	9.902
NA20505	9.6737	9.6722	9.9497	9.639	9.931	10.17	9.711	10.128	10.115	10.002	9.764	9.824	10.194	10.214	9.813	9.863	9.755	10.011	9.948	10.116	9.822	9.788	10.102
NA20506	9.7718	9.6853	9.9632	10.592	9.868	10.257	9.906	10.032	10.117	9.968	10.246	10.49	9.896	9.71	9.988	10.036	10.002	9.915	10.033	10.012	10.148	9.99	10.106
NA20507	9.6156	9.5737	9.8484	10.759	10.143	9.886	9.885	9.76	9.768	9.646	9.875	9.949	9.903	10.291	9.742	9.787	9.854	9.724	10.008	9.91	9.874	9.956	9.761
NA20508	9.6366	9.6399	9.9165	9.904	10.571	10.266	9.858	9.854	9.963	9.869	9.891	9.922	9.989	9.817	9.643	9.914	10.096	9.899	9.803	9.951	9.962	9.737	10.044
NA20509	9.7498	9.7553	10.0352	10.4	10.167	10.024	10.114	9.759	10.137	9.953	10.264	10.089	9.837	8.498	9.874	9.871	10.058	9.916	9.937	10.037	10.043	10.139	10.222
NA20510	9.7112	9.7796	10.0602	10.028	9.942	10.528	9.957	9.98	9.945	9.717	10.188	10.096	10.084	8.688	9.807	10.03	9.96	9.859	9.923	10.028	10.2	9.927	10.338
NA20511	9.8688	9.891	10.1748	10.075	10.277	10.366	10.251	10.15	10.422	9.73	9.975	9.992	10.214	10.581	9.884	10.16	10.089	10.376	10.298	10.319	10.023	10.071	10.126
NA20512	9.7742	9.8053	10.0867	9.868	10.187	10.127	10.166	10.029	10.055	10.454	10.108	9.914	9.928	9.435	9.727	9.865	10.458	10.055	10.045	10.198	9.778	10.078	10.343
NA20513	9.6241	9.6283	9.9046	11.475	9.752	10.18	9.916	9.917	9.898	9.879	9.781	9.783	9.867	9.336	9.587	9.795	10.043	9.947	9.862	9.739	10.152	9.794	10.166
NA20514	10.356	10.4529	10.7528	12.639	11.124	11.186	11.113	10.734	10.711	10.799	10.977	10.751	10.914	9.58	10.663	11.203	10.876	10.759	10.728	10.012	10.027	10.005	10.011
NA20515	9.4648	9.5676	9.8421	7.967	8.996	9.735	10.327	9.685	9.709	10.057	9.884	9.752	9.855	10.08	9.686	9.826	9.559	9.696	9.77	9.777	10.06	9.992	9.389
NA20516	9.7785	9.7542	10.0341	10.437	10.06	10.061	10.168	9.99	9.819	9.433	9.889	10.151	10.063	10.273	10.175	10.028	10.06	10.039	10.049	9.905	10.006	10.186	10.079
NA20517	9.1133	8.9038	9.1593	10.524	9.801	10.503	10.062	9.838	10.066	10.158	9.839	9.873	9.326	9.445	8.835	8.96	9.077	9.093	8.967	8.809	8.891	8.845	9.049
NA20518	8.6294	8.6088	8.8559	8.691	8.95	9.099	8.685	8.851	9.072	9.101	8.974	8.595	8.941	9.059	8.672	8.769	8.957	8.959	8.848	8.929	8.842	8.698	8.913
NA20519	9.7921	9.7769	10.0574	10.628	9.937	9.773	10.091	10.278	10.237	10.02	10.043	10.396	9.918	10.327	9.863	9.951	10.234	9.784	10.036	9.998	9.998	10.107	10.231
NA20520	9.7196	9.7347	10.0141	10.352	9.714	9.697	10.107	9.884	10.033	10.271	9.983	10.076	10.208	9.578	9.934	10.038	10.251	10.005	10.124	9.871	9.951	9.831	9.731
NA20521	9.8061	9.768	10.0483	10.54	10.509	10.365	10.076	10.083	10.034	9.907	9.934	10.034	9.892	10.423	9.91	10.106	10.031	10.164	9.734	10.122	10.009	10.057	10.14
NA20522	9.7929	9.7896	10.0705	9.731	10.06	9.929	10.307	10.188	10.118	10.106	10.105	9.93	10.199	10.597	9.757	9.878	9.988	9.956	10.221	9.924	10.018	10.341	10.191
NA20524	9.6899	9.7001	9.9784	10.427	9.712	10.078	10.049	9.942	10.207	10.045	9.926	10.089	9.912	9.193	9.923	9.85	10.019	10.01	10.022	9.839	9.972	9.911	10.074
NA20525	9.5627	9.5515	9.8256	10.78	10.175	10.238	9.84	9.986	9.888	9.314	10.082	9.822	9.779	9.092	9.374	9.694	9.647	9.844	9.932	9.907	9.843	9.704	10.036
NA20527	9.8076	9.7735	10.0539	11.703	10.513	10.529	10.237	9.938	10.246	10.015	10.107	10.397	9.801	9.568	9.804	10.007	10.16	10.058	10.011	9.96	10.102	10.027	10.215
NA20528	9.6051	9.5555	9.8297	11.608	10.301	9.665	9.75	9.92	9.739	9.51	9.57	9.677	10.038	10.056	9.729	9.821	9.99	10.02	9.927	9.62	9.713	9.759	10.069
NA20529	9.7651	9.7774	10.058	8.094	9.825	9.861	10.405	10.06	10.253	10.015	10.02	9.947	10.143	10.373	9.988	9.641	9.828	10.001	10.133	10.221	10.095	10.166	10.214
NA20530	9.7798	9.7606	10.0407	10.481	10.207	10.569	9.93	9.752	10.292	10.084	10.046	10.091	10.169	9.958	9.825	10.172	10.103	10.007	10.06	10.001	9.846	10.016	10.232
NA20531	9.7351	9.6275	9.9037	10.576	10.4	10.289	10.024	9.923	9.936	9.96	10.007	9.883	9.767	10.341	9.834	9.838	9.965	9.987	9.795	9.814	10.014	10.135	10.582
NA20532	9.9585	9.9763	10.2626	9.751	10.053	10.373	10.196	10.167	10.192	10.365	10.581	10.343	10.462	9.653	10.138	10.433	9.973	10.468	10.086	10.52	10.192	10.301	10.297
NA20533	9.937	9.9816	10.268	9.88	10.35	10.427	10.299	10.19	10.451	10.236	10.116	10.284	10.167	10.6	10.162	10.068	10.103	10.379	10.253	10.13	10.238	10.069	10.355
NA20534	9.8503	9.785	10.0658	11.605	10.274	10.224	10.107	10.207	10.197	9.823	10.218	10.168	10.302	9.53	9.97	10.29	10.074	10.264	9.983	10.12	10.082	9.84	9.875
NA20535	9.7555	9.7837	10.0645	10.573	10.446	10.373	10.137	9.759	10.013	9.909	10.052	10.32	9.805	9.349	9.726	10.115	10.064	10.052	10.0	9.85	10.184	9.99	10.035
NA20536	9.7785	9.8089	10.0903	9.525	9.765	10.279	10.215	9.986	10.03	10.063	10.285	10.102	10.207	9.587	9.858	10.011	9.908	9.972	10.158	10.365	10.073	9.847	10.226
NA20538	9.6497	9.6102	9.8859	10.567	9.961	10.155	10.098	9.722	10.144	10.052	9.833	9.907	9.852	9.233	9.811	9.84	10.12	9.787	9.995	9.97	9.912	9.977	9.973
NA20539	9.3749	9.4284	9.6989	9.544	9.722	10.111	9.731	9.964	9.873	9.659	9.748	9.526	9.739	10.241	9.569	9.656	9.34	8.733	8.634	9.626	9.815	9.858	9.867
NA20540	9.676	9.6825	9.9603	10.763	10.279	10.342	9.835	9.965	9.925	10.267	9.991	10.008	9.98	10.387	9.801	9.747	10.068	10.051	9.798	9.896	9.764	9.535	9.625
NA20541	9.6951	9.7325	10.0117	9.669	10.375	10.453	9.84	9.902	10.122	10.201	10.015	9.886	10.296	9.688	9.761	9.922	9.939	10.206	9.852	9.944	10.039	9.938	9.963
NA20542	9.6689	9.706	9.9845	8.827	10.144	9.909	9.958	9.888	10.236	10.027	10.09	9.824	10.26	9.486	9.727	9.794	9.73	10.182	10.112	10.247	9.797	9.96	9.971
NA20543	9.8022	9.8279	10.1099	9.557	9.752	10.433	10.255	10.207	9.977	10.228	10.157	10.211	10.06	10.49	9.813	10.039	10.222	10.043	9.995	10.089	10.123	9.946	10.284
NA20544	9.5717	9.5919	9.8671	10.692	10.299	9.998	9.748	9.746	10.013	9.469	9.819	9.924	9.668	9.328	9.894	9.856	9.923	9.775	9.806	9.872	9.797	9.66	9.844
NA20581	9.8575	9.8334	10.1156	9.808	10.279	9.92	9.93	9.777	10.158	10.534	10.114	10.366	10.391	10.558	9.934	10.175	10.246	10.103	9.926	10.082	10.331	9.972	10.106
NA20582	8.9608	8.9108	9.1665	9.88	8.989	9.366	8.884	9.08	9.278	9.144	9.043	9.503	9.065	9.35	8.973	9.207	9.084	9.251	9.111	9.308	9.297	9.358	9.282
NA20585	9.8308	9.8125	10.094	11.195	10.39	10.017	9.858	10.225	9.928	10.323	9.926	10.319	10.245	10.396	10.023	9.911	10.216	10.131	10.046	9.967	10.053	10.061	9.96
NA20586	9.8859	9.9115	10.1959	10.725	10.498	10.2	10.195	10.229	10.199	10.256	10.009	10.04	10.32	9.522	9.977	10.068	10.327	10.011	10.143	10.205	10.217	10.251	10.136
NA20587	9.7213	9.7229	10.0019	9.5	9.947	9.917	9.959	10.146	10.141	10.132	10.059	9.895	9.869	8.606	9.798	9.738	9.927	10.007	10.046	10.172	10.277	9.998	10.445
NA20588	9.5659	9.5284	9.8018	10.211	9.83	9.847	9.985	9.719	9.665	9.863	9.722	9.866	9.807	10.375	9.394	9.933	10.069	9.764	9.772	9.927	9.722	9.93	9.742
NA20589	10.2857	10.3865	10.6845	12.078	10.749	11.291	11.206	11.116	10.982	11.042	10.939	11.181	11.17	9.492	10.73	10.981	9.869	10.123	9.965	10.06	9.883	9.972	10.205
NA20752	10.4053	10.5332	10.8354	11.456	11.179	10.667	10.789	10.78	11.067	11.093	10.773	11.038	10.477	8.949	11.189	10.917	11.04	11.149	10.831	9.999	10.023	10.095	10.126
NA20753	10.273	10.3231	10.6193	11.62	10.857	11.006	10.817	10.74	10.826	10.83	10.661	10.971	10.463	10.433	10.698	10.768	10.872	10.643	10.502	10.007	9.838	9.971	10.047
NA20754	10.5529	10.5804	10.8839	11.294	10.984	10.675	10.771	10.613	11.025	10.79	10.739	10.806	10.748	9.681	10.867	10.784	10.656	10.886	11.015	10.967	11.025	10.921	11.127
NA20755	9.9199	9.9262	10.2111	10.681	9.961	9.917	10.294	10.068	10.21	10.473	10.47	10.284	10.351	10.247	10.253	9.978	10.264	10.167	10.237	10.176	10.086	10.263	10.101
NA20756	9.8554	9.8601	10.143	9.816	10.043	10.197	10.023	10.199	10.122	10.099	10.185	10.223	10.138	10.575	10.053	10.04	10.277	10.352	10.052	10.287	10.19	10.055	10.088
NA20757	11.545	11.5271	11.8579	12.444	11.85	12.071	11.865	11.722	12.003	11.926	11.832	12.061	11.878	12.281	11.785	11.653	11.621	11.944	11.745	11.85	11.746	11.785	11.889
NA20758	10.1529	10.1606	10.4521	10.39	9.892	10.323	9.956	10.261	9.959	10.428	10.267	10.549	10.316	10.769	10.171	10.454	10.304	10.686	10.586	10.46	10.516	10.772	10.779
NA20759	9.6813	9.6716	9.9491	10.559	10.063	9.469	9.911	10.02	10.156	9.942	10.061	10.116	9.907	9.6	9.893	9.888	9.906	9.948	9.714	9.778	10.088	9.965	10.073
NA20760	9.7631	9.7352	10.0145	11.476	10.092	9.9	10.038	9.916	10.0	10.118	10.114	9.839	9.767	8.756	9.892	10.184	9.945	10.174	9.934	10.066	10.056	9.991	10.056
NA20761	9.7522	9.729	10.0081	10.417	10.046	9.805	10.234	10.093	9.884	10.168	10.0	9.931	9.974	10.208	10.181	9.983	9.814	9.939	9.964	10.015	10.083	9.965	10.304
NA20762	9.8616	9.8331	10.1153	10.424	10.047	10.294	10.091	9.869	10.013	10.238	10.173	10.345	10.088	10.332	10.17	9.968	10.073	10.213	10.173	10.132	10.044	10.09	10.424
NA20763	9.6277	9.5703	9.8449	10.412	9.653	10.191	9.685	9.672	9.973	10.068	9.83	9.772	9.927	10.181	9.62	9.88	9.895	9.906	9.943	9.846	10.066	9.891	9.683
NA20764	9.7369	9.7687	10.049	9.303	9.775	10.064	10.261	9.946	9.843	9.816	10.29	10.185	10.466	9.552	9.978	9.943	9.876	10.324	10.185	10.209	10.259	9.96	9.909
NA20765	9.7665	9.7387	10.0181	10.18	9.794	10.458	10.204	9.971	10.073	10.21	10.04	10.457	9.953	9.239	10.093	9.991	9.845	10.112	9.856	10.146	9.997	10.084	10.04
NA20766	9.6062	9.5763	9.851	10.692	9.949	10.071	9.833	9.67	10.303	9.738	10.233	9.825	9.749	7.464	9.73	9.734	9.51	9.953	9.743	9.836	9.828	10.279	9.829
NA20767	9.7193	9.7163	9.9951	10.3	10.011	9.979	10.046	9.848	9.815	9.932	10.138	10.029	9.982	10.293	9.953	9.794	9.879	10.243	9.993	10.134	10.108	10.039	9.95
NA20768	10.01	9.9954	10.2822	11.31	10.923	10.516	10.647	10.499	10.474	10.523	10.548	10.686	10.434	9.155	10.472	10.569	9.889	10.021	9.969	10.135	10.193	9.836	10.091
NA20769	9.6592	9.65	9.9269	9.632	9.655	9.808	10.016	9.852	9.741	10.165	9.9	9.805	9.901	10.208	9.595	9.831	9.89	9.866	10.108	9.989	9.947	10.111	10.236
NA20770	8.8166	8.796	9.0484	9.452	9.294	8.874	8.975	9.012	8.898	9.201	9.075	9.148	8.841	9.258	9.005	8.953	9.135	9.185	8.94	9.241	9.015	8.992	9.043
NA20771	9.8017	9.7335	10.0128	10.732	10.063	9.759	10.086	9.965	9.992	9.928	10.004	10.387	9.761	10.388	10.06	9.945	9.935	10.094	10.161	10.023	10.047	9.972	10.228
NA20772	9.7162	9.6397	9.9163	12.09	10.078	10.11	10.192	9.858	9.68	9.62	10.114	10.098	10.005	9.52	9.889	10.046	9.672	10.107	9.715	9.966	10.141	10.073	10.004
NA20773	9.6054	9.5554	9.8296	10.542	9.84	9.779	9.977	9.781	9.813	9.919	9.903	10.12	9.765	10.019	9.682	9.912	9.784	9.933	9.786	9.559	9.723	9.835	10.056
NA20774	9.8353	9.835	10.1172	10.721	10.333	10.118	9.953	10.11	10.147	10.151	10.396	10.18	10.112	8.89	9.956	9.887	9.817	9.948	9.974	10.206	10.406	9.954	10.283
NA20775	9.8514	9.8044	10.0858	10.386	10.303	9.993	9.808	10.224	10.211	10.147	10.04	10.18	9.994	10.407	9.927	10.127	10.073	10.054	10.161	10.01	10.323	10.171	9.981
NA20778	10.8294	10.7787	11.088	11.57	11.388	11.013	10.959	11.132	11.308	11.256	10.913	10.993	10.956	11.12	10.943	11.154	11.173	10.858	11.357	11.18	11.011	10.989	11.134
NA20783	9.4049	9.4417	9.7126	9.525	9.848	9.993	9.914	9.678	9.641	9.689	9.659	9.775	9.677	10.001	9.519	9.575	9.822	9.556	9.783	9.229	9.725	9.574	9.761
NA20785	9.5165	9.4739	9.7457	11.483	10.143	9.847	9.829	9.808	9.776	9.89	10.007	9.635	9.876	9.866	9.417	9.705	9.805	9.695	9.481	9.597	9.651	9.759	9.647
NA20786	10.5232	10.5349	10.8372	10.46	10.078	10.381	10.42	10.342	10.566	10.917	10.666	10.756	10.932	11.012	10.628	11.009	10.86	11.078	10.793	10.998	10.69	11.146	18.233
NA20787	9.5893	9.5867	9.8617	9.862	9.552	9.746	9.894	9.767	9.954	9.35	9.763	9.935	9.848	10.287	9.994	9.975	9.763	9.753	9.944	10.055	9.802	9.685	9.814
NA20790	9.6982	9.7124	9.9911	8.21	9.78	9.927	9.971	9.902	10.37	10.087	10.086	9.82	9.802	10.378	9.912	9.851	9.985	9.764	10.072	9.998	9.996	9.991	10.146
NA20792	9.751	9.8524	10.1351	9.201	9.813	10.227	10.079	9.797	10.209	10.106	10.239	10.059	10.142	9.699	9.931	9.746	10.193	10.124	10.112	10.217	9.892	10.186	10.112
NA20795	9.7321	9.7475	10.0272	10.356	10.006	9.847	10.039	9.988	9.838	10.111	10.328	9.982	10.146	10.803	10.057	9.928	9.459	9.216	9.077	9.877	10.466	11.311	10.064
NA20796	9.9302	9.9374	10.2225	9.945	9.9	10.179	10.398	10.134	10.158	10.199	10.045	10.188	10.215	10.449	9.917	10.241	10.429	10.168	10.341	10.141	10.304	10.386	10.281
NA20797	9.6141	9.5969	9.8722	10.585	9.978	9.634	9.796	9.798	10.08	9.834	9.823	9.977	10.043	8.498	9.74	9.739	9.745	10.108	9.722	9.669	9.961	9.972	9.725
NA20798	9.6178	9.5514	9.8255	11.151	9.728	9.333	9.663	9.897	9.868	9.979	9.873	9.921	9.868	10.343	9.689	9.861	10.101	9.841	9.761	9.662	10.016	9.808	10.207
NA20799	9.7669	9.7422	10.0217	10.275	10.845	10.077	9.951	9.789	10.032	9.907	10.129	9.829	9.98	10.43	10.002	10.113	10.116	10.041	9.944	10.205	10.01	10.092	9.878
NA20800	9.9224	9.8532	10.1359	10.76	10.168	10.108	10.239	10.046	10.125	10.408	9.943	10.099	9.86	10.584	10.311	9.964	10.094	10.312	10.11	10.312	10.204	10.123	10.107
NA20801	9.6983	9.6923	9.9704	10.295	9.859	9.849	10.2	10.007	9.99	10.352	10.292	9.839	9.84	8.534	9.585	9.658	9.932	9.964	9.919	10.103	10.122	9.859	10.054
NA20802	9.6807	9.6956	9.9738	8.653	9.815	10.341	9.987	10.319	10.119	9.84	9.882	10.171	9.941	10.23	9.978	10.006	9.932	10.077	9.858	10.07	9.967	9.879	10.15
NA20803	9.6564	9.6171	9.893	10.589	10.107	9.956	10.012	9.598	9.718	9.973	9.905	9.901	9.91	10.463	9.476	10.177	9.73	10.165	9.594	10.051	9.842	10.061	9.913
NA20804	9.6848	9.6748	9.9524	10.508	9.801	10.123	10.067	9.959	10.108	10.004	10.113	9.936	10.033	9.458	9.873	9.73	10.013	10.042	9.807	9.826	9.992	9.8	10.039
NA20805	10.3111	10.431	10.7303	12.423	10.936	11.001	11.337	10.818	10.785	10.628	10.917	10.634	10.819	8.702	10.634	11.006	10.834	10.779	10.625	10.12	9.958	10.027	10.007
NA20806	9.5296	9.4926	9.765	10.646	9.579	9.701	9.933	9.555	9.818	9.634	9.839	10.059	9.749	9.379	9.671	9.758	9.859	9.636	9.965	9.883	9.693	9.799	9.773
NA20807	9.5666	9.5775	9.8523	8.872	10.079	9.66	9.674	9.904	9.816	9.747	9.674	10.254	9.861	10.228	9.69	9.688	9.778	9.871	9.808	10.018	10.017	10.026	9.957
NA20808	9.4071	9.4565	9.7278	9.944	9.567	9.476	9.947	9.648	9.789	9.863	9.61	9.567	9.656	8.333	9.705	9.744	10.128	9.753	9.83	9.852	9.501	9.674	9.553
NA20809	9.7682	9.8203	10.1021	9.545	9.759	10.205	10.446	9.958	10.017	9.727	10.137	10.256	10.028	10.496	9.937	10.264	10.005	10.489	9.927	10.066	10.081	9.991	10.157
NA20810	9.8079	9.7733	10.0538	10.337	9.851	9.906	10.133	10.035	10.172	9.852	10.07	10.272	9.806	10.666	9.903	10.01	10.014	10.153	10.031	10.129	10.164	10.006	9.998
NA20811	9.7089	9.7259	10.005	9.251	9.46	9.926	9.824	10.133	9.855	10.135	9.843	10.118	9.905	9.813	10.105	10.036	10.083	9.95	10.145	9.99	9.944	10.217	9.926
NA20812	9.8066	9.8063	10.0877	9.43	10.035	9.756	10.342	10.073	10.153	10.222	10.161	10.372	9.938	10.299	10.187	10.009	10.223	10.009	9.98	10.229	10.22	10.013	10.155
NA20813	10.4046	10.5445	10.847	10.972	10.848	10.766	11.15	11.193	10.902	10.988	10.824	10.78	11.011	9.643	10.928	11.093	11.083	11.366	10.58	10.193	10.06	10.016	10.199
NA20814	9.7054	9.7134	9.9921	9.206	10.023	10.093	9.85	9.954	9.896	10.086	10.032	9.907	10.131	9.627	9.748	9.945	10.181	9.81	10.082	10.203	10.106	10.026	10.105
NA20815	9.5727	9.6315	9.9079	9.37	9.56	9.964	10.321	10.044	9.898	10.118	9.829	9.972	9.925	9.097	9.67	9.651	9.765	9.921	9.891	9.917	10.01	10.038	9.613
NA20818	9.6822	9.661	9.9382	10.748	9.856	9.777	9.9	10.187	9.983	9.98	9.916	10.155	9.894	9.626	9.986	9.907	9.695	10.139	9.848	10.074	10.097	9.746	10.015
NA20819	8.818	8.777	9.0288	8.743	8.744	8.848	8.688	8.953	8.996	8.84	9.186	8.789	9.221	9.135	8.461	8.881	9.1	9.031	9.288	9.188	9.203	9.292	9.454
NA20821	10.3518	10.3017	10.5973	10.578	10.498	10.531	10.601	10.368	10.346	10.6	10.469	10.379	10.556	11.458	10.708	10.397	10.459	10.549	10.714	10.999	10.766	10.953	10.858
NA20822	9.8755	9.8622	10.1452	10.453	10.072	10.475	10.057	10.006	9.734	10.22	9.996	10.28	10.221	10.389	9.995	9.872	9.806	10.274	10.116	10.218	10.327	10.221	10.318
NA20826	10.5075	10.5442	10.8467	11.481	11.109	11.272	11.048	11.102	11.266	11.077	11.242	11.384	11.164	11.784	11.059	11.102	10.291	10.232	10.163	10.489	10.122	10.162	10.226
NA20827	9.8368	9.8019	10.0832	10.753	10.034	10.177	10.202	9.986	10.125	10.17	9.92	9.751	9.827	10.553	9.695	9.874	10.118	10.048	10.269	10.286	10.024	10.107	10.225
NA20828	9.9274	9.8953	10.1792	10.833	9.722	10.226	10.357	10.126	10.139	10.162	10.297	10.365	10.054	10.566	10.22	10.571	9.936	10.128	10.007	10.219	10.123	10.246	10.223
NA20832	10.0319	10.039	10.3271	11.645	10.28	10.748	10.378	10.237	9.998	10.118	10.014	10.493	10.125	8.702	10.296	10.36	10.17	10.409	10.317	10.566	10.431	10.561	10.442
NA20845	9.7925	9.841	10.1233	9.011	10.038	10.794	10.466	10.222	10.175	9.837	10.403	9.932	10.027	8.835	10.191	10.126	10.238	10.325	10.327	9.783	10.212	10.029	10.086
NA20846	10.0951	10.1491	10.4403	10.391	9.899	9.736	9.899	9.995	10.029	10.332	10.272	10.392	10.385	9.628	10.959	10.508	10.442	10.334	10.575	10.7	10.701	10.731	10.615
NA20847	9.4479	9.4692	9.7409	9.363	9.703	10.116	9.587	9.519	9.778	9.985	9.583	10.014	9.738	9.44	9.557	9.707	9.924	9.81	9.931	9.945	9.794	9.676	9.72
NA20849	9.8046	9.872	10.1553	9.387	9.652	9.993	10.074	9.935	9.821	10.175	9.825	10.033	9.986	9.421	10.175	10.388	10.108	10.414	10.19	10.231	10.24	10.597	10.468
NA20850	9.9081	9.9089	10.1932	10.343	9.781	9.872	9.828	10.118	9.775	9.945	10.075	10.243	10.076	8.008	10.338	10.119	10.078	10.383	10.402	10.383	10.405	10.698	10.61
NA20851	9.8606	9.8154	10.0971	11.234	9.966	10.028	9.997	10.104	9.547	9.953	9.865	9.952	10.021	10.385	9.958	10.169	9.878	10.104	10.186	10.439	10.153	10.358	10.226
NA20852	9.4515	9.4228	9.6932	9.828	9.888	9.79	9.77	9.719	9.837	9.957	9.624	9.912	9.615	9.317	9.921	9.545	9.81	9.72	9.701	9.718	9.705	9.535	9.649
NA20853	9.7352	9.7163	9.9951	11.934	9.844	10.303	10.122	10.129	9.702	10.231	10.047	10.107	9.744	9.509	9.97	9.98	9.903	9.944	9.856	9.911	10.045	10.157	10.043
NA20854	9.8721	9.8776	10.161	10.808	10.038	10.127	10.163	9.934	10.11	10.307	10.249	10.199	9.995	8.649	10.191	10.282	10.023	10.23	10.079	10.315	10.336	10.128	10.175
NA20856	9.8945	9.9356	10.2207	9.97	10.323	10.401	10.151	10.074	10.14	10.173	10.298	10.306	9.957	10.006	10.317	10.285	10.308	10.272	10.06	10.135	10.265	10.272	9.897
NA20858	9.7725	9.7887	10.0696	9.816	9.747	10.127	10.069	10.08	9.717	9.971	9.88	10.073	10.125	10.647	10.036	10.107	9.953	10.227	9.885	10.341	10.005	10.222	10.06
NA20859	9.7266	9.7535	10.0334	10.273	9.84	9.996	10.037	9.619	9.972	10.114	10.048	9.773	10.203	9.772	10.057	9.783	10.088	10.006	10.088	10.25	9.928	9.947	9.878
NA20861	9.7241	9.6947	9.9729	9.996	10.353	9.896	10.14	9.983	9.882	9.994	9.891	10.035	9.724	10.458	10.068	10.171	9.784	9.977	9.824	9.973	9.989	10.056	10.203
NA20862	9.8208	9.8207	10.1025	10.347	10.131	10.24	9.794	10.115	9.688	10.243	10.047	10.391	9.975	9.605	10.249	10.336	9.909	10.327	9.823	10.104	10.075	10.291	10.278
NA20863	9.7405	9.7342	10.0135	10.297	9.897	10.166	9.897	10.145	9.943	9.974	10.024	9.781	9.812	9.519	10.032	10.157	10.177	9.967	9.995	10.115	9.938	10.195	9.989
NA20864	8.8624	8.9007	9.1561	8.881	9.225	8.889	9.141	9.221	9.133	9.129	9.166	9.037	9.148	9.372	8.928	9.1	8.945	9.127	9.022	9.007	9.227	9.173	9.209
NA20866	9.7274	9.6511	9.928	10.524	9.889	9.854	9.818	9.965	9.717	9.814	9.893	9.571	9.834	10.612	9.807	10.166	9.742	10.042	9.943	10.162	10.158	10.146	10.084
NA20867	12.2079	12.2551	12.6068	13.437	13.261	12.948	12.717	12.928	12.989	12.654	13.178	12.884	12.701	12.611	13.053	12.848	11.969	11.698	11.909	12.085	12.149	12.162	12.175
NA20868	9.9398	9.9237	10.2085	10.598	10.457	9.865	10.281	9.98	10.157	10.292	10.204	10.073	10.161	10.35	9.911	10.152	10.29	10.259	10.384	10.167	10.419	10.206	10.326
NA20869	9.7661	9.7618	10.0419	10.326	9.756	9.987	9.941	10.006	9.942	10.35	9.836	10.045	9.949	10.328	9.966	9.904	10.08	10.08	9.633	10.19	10.106	10.099	10.044
NA20870	9.6529	9.6322	9.9086	10.505	10.124	10.019	9.918	10.11	9.786	9.788	9.954	9.543	9.843	10.571	9.868	9.853	10.05	9.898	9.934	9.856	9.935	9.837	9.89
NA20872	9.4066	9.4635	9.735	9.194	9.537	9.776	9.941	9.776	9.48	10.021	9.832	9.958	9.794	10.118	9.663	9.438	9.645	9.743	9.48	9.661	9.712	9.603	9.689
NA20874	10.0261	10.0953	10.385	11.349	10.203	10.614	10.794	10.656	10.671	10.357	11.155	11.18	10.683	10.378	11.054	10.624	10.045	9.639	10.0	9.649	9.575	9.718	9.585
NA20875	9.8995	9.8992	10.1833	10.311	9.989	9.995	10.077	9.955	9.922	10.256	10.519	10.282	9.98	9.099	10.067	10.224	10.037	10.298	10.334	10.218	10.226	10.426	10.345
NA20876	9.6629	9.6481	9.925	10.274	9.482	9.713	9.949	9.973	10.043	9.95	9.873	9.932	9.747	9.337	9.804	9.905	9.723	9.917	10.084	10.185	9.985	9.943	10.022
NA20877	9.7561	9.7485	10.0282	10.81	10.13	10.127	9.873	9.963	9.817	9.758	10.042	9.848	10.343	10.383	9.999	9.776	10.224	9.851	10.104	10.029	10.088	9.853	10.128
NA20878	9.7537	9.7638	10.044	9.91	10.242	10.458	10.027	10.288	10.038	10.208	9.971	10.36	10.338	10.435	9.978	9.97	9.875	10.055	10.05	9.971	10.107	10.055	9.733
NA20881	9.6985	9.7631	10.0433	9.308	9.065	9.53	9.716	9.502	9.715	10.075	10.055	9.954	9.748	9.46	9.698	10.037	10.208	10.07	10.286	10.28	10.112	10.377	10.195
NA20882	9.1099	9.0323	9.2915	10.963	9.572	9.393	9.659	9.691	9.399	9.445	9.393	9.739	9.275	9.758	9.363	9.377	9.369	9.316	9.19	9.126	8.862	9.239	9.03
NA20884	9.5996	9.5687	9.8433	10.067	10.185	9.735	9.752	10.039	9.998	9.666	9.876	9.916	9.472	9.493	9.909	9.833	9.631	9.965	9.998	9.843	9.838	9.693	10.035
NA20885	9.5239	9.5218	9.795	10.13	9.61	9.731	9.975	9.879	9.9	9.963	10.025	9.708	9.873	9.661	9.851	9.76	10.005	9.825	9.927	9.478	9.761	9.538	9.545
NA20886	9.7932	9.7876	10.0684	9.33	9.749	10.252	9.916	10.006	10.111	10.201	10.035	9.914	9.705	10.409	9.82	10.264	9.849	10.106	9.979	10.256	10.18	10.378	10.132
NA20887	9.8803	9.9035	10.1877	10.515	9.656	9.823	9.796	10.22	10.168	10.366	9.96	9.794	10.137	10.601	10.212	10.128	10.156	9.942	10.257	10.557	10.048	10.257	10.242
NA20888	9.8037	9.7936	10.0746	10.077	10.711	10.085	10.227	9.811	9.913	10.34	9.771	10.137	10.353	10.395	10.129	9.907	9.926	10.052	10.063	10.078	10.178	10.209	9.914
NA20889	9.5093	9.5276	9.801	9.412	9.621	10.191	10.013	9.815	9.866	9.908	9.777	9.531	9.818	10.215	9.799	9.68	9.785	9.715	9.612	9.864	9.819	9.707	9.8
NA20890	9.7096	9.753	10.0329	8.977	10.27	10.201	9.927	9.963	10.117	10.076	9.973	10.151	9.951	10.696	10.137	9.886	9.681	9.967	10.077	9.994	9.949	9.95	10.097
NA20891	8.6387	8.6417	8.8897	9.012	8.812	8.451	9.016	8.899	8.935	8.954	9.058	8.832	8.959	9.108	8.629	8.875	9.097	8.928	8.818	8.942	8.677	8.79	8.905
NA20892	9.7181	9.6988	9.9771	10.296	10.377	9.957	9.925	9.76	9.949	9.509	9.778	9.777	10.012	9.505	9.874	10.224	10.06	10.304	10.206	10.033	10.153	10.198	10.017
NA20894	9.8078	9.8119	10.0934	11.506	9.727	10.197	10.076	10.068	10.071	10.062	10.015	9.706	10.046	9.547	10.155	10.136	10.361	10.04	9.99	10.159	10.132	10.201	9.946
NA20895	9.4445	9.4814	9.7534	11.536	9.59	10.075	9.622	9.805	9.74	9.462	9.529	9.761	9.606	9.716	9.712	9.753	9.903	9.623	9.642	9.546	9.703	9.313	9.67
NA20896	9.5602	9.6062	9.8818	8.957	9.977	9.876	10.076	9.689	9.844	9.97	9.926	9.551	9.836	9.294	9.994	9.882	10.083	9.957	9.818	9.856	9.839	10.14	9.775
NA20897	9.5252	9.5103	9.7831	11.138	9.68	10.104	10.204	10.042	9.806	9.839	9.655	9.696	9.818	10.077	9.763	9.897	10.045	9.906	9.527	9.707	9.484	9.827	9.675
NA20899	8.6575	8.6933	8.9428	8.686	8.868	8.632	8.501	9.114	8.833	8.965	8.993	8.722	8.976	8.94	8.771	8.994	8.898	9.078	8.953	8.883	8.877	8.954	8.823
NA20900	8.5389	8.5781	8.8242	8.335	8.33	8.329	8.649	8.846	8.743	8.799	8.633	8.652	8.71	9.352	8.812	8.849	8.513	8.935	8.842	9.192	8.745	8.884	8.858
NA20901	9.7449	9.6687	9.9461	10.501	10.17	10.015	10.188	10.013	9.87	10.387	9.928	10.115	9.951	10.342	9.68	9.8	9.716	9.961	9.966	9.982	10.065	9.856	10.119
NA20902	9.596	9.6114	9.8872	9.322	9.932	9.499	9.867	9.915	9.817	9.948	9.849	9.78	9.835	8.823	9.855	9.974	10.097	10.037	9.85	10.061	9.92	10.076	9.875
NA20903	10.1367	10.1228	10.4132	10.746	9.955	10.021	10.545	10.231	9.955	10.455	10.322	10.302	10.839	10.989	10.4	10.685	9.967	10.539	10.372	10.651	10.532	10.528	10.303
NA20904	9.4612	9.5204	9.7936	9.365	9.241	9.438	9.82	9.685	9.92	9.931	9.835	9.417	10.005	9.132	9.904	9.603	9.681	9.885	9.885	9.865	9.871	9.835	9.594
NA20905	9.6215	9.5954	9.8707	10.329	10.073	10.243	9.825	9.848	9.845	10.064	10.005	9.727	9.778	9.53	9.882	10.09	9.751	9.895	9.9	9.945	9.884	9.857	9.95
NA20906	9.7556	9.7479	10.0276	9.584	10.12	10.101	9.804	9.767	9.589	9.852	10.0	10.098	9.915	10.406	9.949	9.91	9.771	10.145	10.32	10.298	10.043	10.345	10.246
NA20908	9.5171	9.523	9.7962	9.351	9.901	9.805	9.554	9.757	9.925	9.739	9.91	9.753	9.635	10.485	9.548	9.712	9.727	9.745	9.774	9.992	9.772	9.659	9.912
NA20910	9.4851	9.5519	9.826	9.812	10.116	9.983	10.19	9.929	9.672	9.992	9.828	9.643	9.631	8.671	9.774	9.635	9.64	9.56	9.808	9.861	9.708	9.964	9.714
NA20911	8.686	8.6733	8.9222	10.137	8.843	8.892	9.044	9.068	8.762	9.072	8.887	9.028	8.728	7.666	9.052	8.934	8.746	8.809	8.992	8.798	8.772	9.127	9.036
NA21086	9.9289	9.8829	10.1664	11.183	9.98	10.116	10.277	10.32	10.264	10.376	10.522	10.102	9.983	10.381	10.112	10.203	9.892	10.129	10.372	10.021	10.275	10.299	9.997
NA21087	9.7123	9.7067	9.9852	10.68	10.201	9.851	10.18	9.861	9.991	10.101	9.956	10.171	9.794	9.262	9.84	9.923	9.959	9.958	10.026	10.243	10.108	9.965	9.807
NA21088	9.7083	9.7271	10.0062	10.466	10.277	10.101	9.918	10.037	10.045	10.116	10.099	9.655	9.601	9.431	9.944	9.842	9.966	9.828	10.091	10.015	9.807	9.889	9.992
NA21089	9.9955	10.0041	10.2912	10.176	10.138	10.4	10.352	10.284	10.137	10.539	10.361	10.513	10.398	9.541	10.299	10.673	9.962	10.246	10.241	10.355	10.155	10.244	10.187
NA21090	9.8249	9.8684	10.1515	10.206	10.416	9.858	10.211	10.098	10.103	9.541	10.201	9.886	10.144	9.843	10.166	9.89	10.128	10.029	10.134	10.265	10.181	10.329	10.055
NA21091	9.8234	9.9353	10.2203	9.231	9.999	10.138	10.128	10.196	10.078	10.15	10.356	10.147	10.24	8.788	10.547	10.301	10.022	10.127	10.045	10.14	10.178	10.284	10.106
NA21092	9.8358	9.847	10.1296	9.993	10.009	10.299	10.214	10.353	10.056	9.953	10.258	10.387	10.225	9.7	10.197	10.187	10.051	10.028	10.339	10.083	10.359	10.103	9.913
NA21093	9.6179	9.6625	9.9397	9.692	10.141	9.999	10.04	10.036	9.876	10.153	9.91	9.951	9.916	9.277	9.9	9.794	9.885	9.899	9.852	9.897	9.801	10.163	9.684
NA21094	9.7155	9.7417	10.0212	10.058	9.774	10.159	9.742	10.04	10.3	10.016	9.955	10.123	9.831	9.569	9.873	9.912	9.915	10.081	9.93	10.167	10.108	9.818	10.205
NA21095	9.6365	9.562	9.8364	11.289	10.13	10.186	9.731	9.869	9.93	9.948	10.046	9.703	9.927	10.05	9.726	9.726	10.175	9.729	9.796	9.807	9.872	9.731	9.74
NA21097	9.8842	9.965	10.2509	9.478	10.051	10.121	10.224	10.101	10.133	10.218	10.297	10.441	9.954	9.527	9.997	10.119	10.329	10.176	10.343	10.172	10.468	10.229	10.335
NA21098	9.8853	9.9482	10.2337	10.492	9.982	10.071	9.764	10.091	9.903	10.053	9.884	10.004	11.175	9.136	10.74	10.642	10.853	10.602	9.921	10.151	10.056	10.076	10.075
NA21099	9.7445	9.7651	10.0453	9.91	10.242	10.099	9.939	9.963	10.06	9.806	10.058	10.117	10.055	9.992	10.083	10.057	9.653	10.03	9.956	9.903	10.21	10.154	10.229
NA21100	9.7742	9.7253	10.0043	10.543	9.906	9.866	9.918	10.288	10.032	10.052	10.053	9.885	10.071	9.645	10.069	9.978	10.033	9.923	10.013	9.872	10.03	10.024	10.279
NA21101	9.6973	9.6995	9.9778	10.634	10.002	9.918	10.082	9.702	10.071	9.925	9.815	9.895	9.822	8.514	10.109	9.935	9.977	9.939	10.014	10.046	10.004	10.178	10.009
NA21102	9.9822	9.95	10.2355	10.416	9.902	10.619	10.285	10.185	10.4	10.418	10.475	10.191	10.335	10.378	10.328	10.082	10.033	10.233	9.986	10.078	10.239	10.305	10.528
NA21103	9.8041	9.7702	10.0506	11.332	10.055	10.172	9.972	10.084	10.161	10.097	9.97	9.888	10.077	10.587	9.776	9.998	9.966	10.241	9.929	9.963	10.063	10.118	10.227
NA21104	9.6344	9.6328	9.9092	9.534	9.831	9.829	9.993	10.107	9.99	9.898	10.238	10.11	9.789	9.396	9.779	9.836	9.917	9.721	9.916	9.998	10.077	10.141	9.967
NA21105	9.8645	9.87	10.1532	9.986	10.253	10.157	10.168	10.188	10.206	10.142	10.276	10.416	10.063	9.794	10.074	10.026	10.453	10.233	10.086	9.962	10.174	10.138	10.371
NA21106	9.7325	9.7619	10.042	9.483	10.195	10.014	9.954	10.159	10.035	9.84	9.975	9.908	9.921	7.603	10.185	10.069	10.221	10.022	9.98	9.943	10.154	10.016	9.998
NA21107	9.5072	9.4858	9.758	10.296	8.82	9.091	9.486	9.391	10.164	9.704	9.471	9.856	9.792	6.373	9.786	9.627	9.903	9.796	9.869	9.854	9.973	9.884	9.869
NA21108	9.7105	9.6918	9.9699	10.693	10.344	9.921	10.046	10.107	10.071	10.008	10.049	9.821	9.942	10.269	9.669	9.882	10.367	9.698	10.101	9.92	9.767	9.891	10.04
NA21109	9.7236	9.6703	9.9478	10.371	10.127	9.971	9.845	9.952	9.707	10.002	9.686	10.036	9.662	10.536	10.062	10.2	9.763	9.922	10.179	9.865	10.199	10.06	10.271
NA21110	9.6152	9.6003	9.8758	10.288	10.03	9.797	9.711	9.807	9.926	9.936	10.027	9.89	9.649	7.239	9.999	9.863	9.91	9.845	9.884	10.002	9.935	9.963	9.973
NA21111	9.9266	9.9234	10.2082	9.815	9.956	10.341	9.939	10.063	10.458	10.032	10.269	9.865	10.008	10.377	10.536	10.04	10.042	10.299	10.169	10.328	10.39	10.325	10.24
NA21112	8.6777	8.6809	8.93	8.496	8.812	8.99	9.088	8.906	8.934	9.06	9.153	8.815	8.74	8.436	8.693	8.987	8.924	8.973	8.856	9.042	9.036	9.073	9.2
NA21113	8.7887	8.8156	9.0686	9.352	9.11	8.922	8.953	8.847	9.172	9.158	9.024	9.015	8.749	6.271	9.069	9.122	9.036	8.812	8.938	9.259	9.112	9.0	9.175
NA21114	9.7789	9.7621	10.0422	10.085	10.361	10.36	9.911	10.066	10.032	9.939	9.982	9.67	9.945	10.272	10.107	9.96	10.183	9.926	10.178	10.095	10.158	10.151	10.129
NA21115	9.7205	9.7149	9.9937	10.66	10.141	10.168	10.087	9.92	10.036	9.999	9.983	10.086	9.748	9.632	10.207	9.756	10.024	10.041	9.858	9.945	10.069	10.083	9.754
NA21116	9.8066	9.753	10.0328	11.324	9.928	9.978	9.933	10.131	9.879	10.048	10.046	10.33	9.926	10.357	9.819	10.26	10.114	9.953	9.945	9.999	9.993	10.114	10.225
NA21117	9.6918	9.7163	9.9951	9.089	10.015	10.244	9.877	10.121	9.939	9.959	9.857	9.969	10.166	10.284	9.565	9.976	9.925	9.849	9.901	10.123	10.044	10.027	10.035
NA21118	9.9265	9.8841	10.1677	10.418	10.107	10.133	10.178	10.123	10.29	10.014	10.384	10.277	10.063	10.465	10.1	10.489	9.92	10.241	10.147	10.239	10.286	10.075	9.952
NA21119	9.5964	9.645	9.9217	9.013	10.126	9.925	9.716	9.794	10.087	9.743	10.096	9.948	9.98	9.245	10.174	9.878	9.814	9.893	10.029	9.951	9.795	9.671	9.99
NA21120	9.4338	9.4128	9.6829	9.994	9.609	9.357	9.902	9.563	9.838	9.897	9.631	9.565	9.521	9.383	9.598	9.779	9.494	9.783	9.6	9.712	9.797	9.716	9.827
NA21122	9.809	9.814	10.0956	10.174	10.42	9.982	10.165	10.058	9.884	10.094	9.911	9.865	9.922	10.212	10.275	9.957	9.881	9.841	10.151	9.975	10.073	10.268	10.119
NA21123	9.6819	9.6944	9.9725	9.623	10.081	10.019	10.169	9.82	9.943	9.959	9.795	9.992	9.935	9.531	9.786	9.966	10.034	10.085	10.034	10.03	10.068	10.009	9.944
NA21124	9.7393	9.712	9.9906	11.354	10.006	10.066	10.043	10.32	9.874	10.008	9.994	9.966	9.813	8.461	10.104	9.99	10.068	9.917	10.041	10.058	9.947	9.919	9.923
NA21125	9.7999	9.7978	10.0789	10.615	10.196	10.118	10.234	10.217	10.212	9.875	10.056	10.255	10.047	9.553	9.583	9.839	9.993	10.145	10.141	9.782	10.03	10.315	10.325
NA21126	9.6873	9.6958	9.974	10.387	9.381	10.129	9.859	10.049	10.098	9.841	9.567	10.142	9.901	9.394	10.181	9.789	9.976	10.003	9.952	10.005	10.264	9.989	10.166
NA21127	9.9819	9.9756	10.2618	9.901	10.387	10.034	10.268	10.376	10.669	10.333	10.404	10.378	9.947	9.963	10.138	10.24	10.078	10.437	10.284	10.395	10.378	10.146	10.382
NA21128	9.7834	9.7732	10.0536	10.749	9.878	10.089	9.965	10.108	10.058	10.003	9.818	9.724	9.896	8.827	10.378	10.055	10.124	10.093	10.228	9.886	10.193	10.006	10.136
NA21129	9.7511	9.6526	9.9296	10.738	9.848	9.894	9.982	10.037	10.044	9.64	9.958	9.964	9.821	10.551	9.956	10.257	9.702	10.088	10.113	9.928	10.033	10.004	9.871
NA21130	9.7917	9.773	10.0534	10.118	9.969	9.757	10.035	10.039	10.188	9.974	10.12	10.06	9.848	10.291	10.153	10.419	10.054	9.987	10.027	10.158	9.961	10.017	10.188
NA21133	9.6852	9.7295	10.0087	8.212	10.034	10.153	9.97	9.935	9.813	10.139	9.878	9.998	9.652	10.244	10.026	9.734	9.852	10.061	10.116	10.097	10.068	9.968	9.984
NA21135	9.783	9.7369	10.0163	10.682	10.159	10.42	9.819	10.189	10.024	10.083	9.89	10.144	9.829	10.62	9.865	9.779	9.922	10.176	9.947	10.098	9.971	9.992	9.878
NA21137	9.6839	9.774	10.0545	10.548	10.185	10.233	9.811	9.907	9.86	10.107	10.184	9.974	9.561	8.177	9.912	9.964	9.967	10.072	10.107	9.85	10.106	10.055	9.591
NA21141	9.6659	9.6743	9.9519	10.72	10.156	9.98	10.073	10.091	10.155	10.108	9.71	9.825	9.827	8.693	10.089	9.835	9.725	9.978	9.883	9.848	9.944	9.768	10.271
NA21142	9.8033	9.8223	10.1041	9.348	10.593	10.161	10.138	10.085	9.8	10.13	10.099	10.293	9.916	10.456	10.252	9.908	9.962	10.133	9.961	10.267	10.169	10.162	10.187
NA21143	9.8294	9.7858	10.0666	10.775	9.754	9.855	10.053	9.833	10.196	10.124	10.288	10.041	10.235	10.389	9.827	10.133	10.228	10.143	10.074	10.018	10.161	9.894	10.123
NA21144	9.5893	9.5902	9.8653	10.132	9.958	10.264	10.138	9.842	10.016	10.024	10.01	9.73	9.659	10.021	9.359	9.932	9.84	9.681	9.698	9.978	9.865	9.995	9.628
