sample	start	end	windows	state	mean	se	off_integer
HG00096	0	400000	1182	10	10.017	0.02	False
HG00097	0	22250	73	9	9.083	0.076	False
HG00097	22250	196500	447	10	9.954	0.032	False
HG00097	196500	216250	43	9	9.061	0.1	False
HG00097	216250	400000	619	10	10.031	0.026	False
HG00099	0	21500	70	7	7.359	0.074	True
HG00099	21500	195000	446	10	9.958	0.031	False
HG00099	195000	216875	49	9	9.025	0.088	False
HG00099	216875	400000	617	10	9.98	0.025	False
HG00100	0	400000	1182	10	10.004	0.019	False
HG00101	0	198500	525	10	9.986	0.031	False
HG00101	198500	216875	40	8	7.954	0.108	False
HG00101	216875	400000	617	10	9.98	0.027	False
HG00102	0	21000	69	8	8.296	0.081	False
HG00102	21000	400000	1113	10	9.991	0.021	False
HG00103	0	400000	1182	10	10.004	0.02	False
HG00105	0	400000	1182	10	10.007	0.02	False
HG00106	0	19750	65	9	8.931	0.079	False
HG00106	19750	400000	1117	10	9.985	0.019	False
HG00107	0	197250	523	10	9.975	0.029	False
HG00107	197250	216875	42	8	8.295	0.099	False
HG00107	216875	400000	617	10	9.97	0.026	False
HG00108	0	18500	60	11	11.051	0.081	False
HG00108	18500	400000	1122	10	9.975	0.019	False
HG00109	0	21500	70	9	9.047	0.079	False
HG00109	21500	198500	455	10	10.003	0.033	False
HG00109	198500	216875	40	8	7.993	0.105	False
HG00109	216875	400000	617	10	9.967	0.027	False
HG00110	0	23125	75	9	9.146	0.078	False
HG00110	23125	198500	450	10	10.029	0.033	False
HG00110	198500	216875	40	6	6.299	0.107	False
HG00110	216875	400000	617	10	9.989	0.027	False
HG00111	0	16750	54	9	8.99	0.082	False
HG00111	16750	400000	1128	10	10.007	0.018	False
HG00112	0	400000	1182	10	9.982	0.019	False
HG00113	0	400000	1182	10	9.995	0.02	False
HG00114	0	22500	74	9	9.135	0.081	False
HG00114	22500	400000	1108	10	9.975	0.021	False
HG00115	0	197625	524	10	10.016	0.031	False
HG00115	197625	216875	41	9	8.825	0.106	False
HG00115	216875	400000	617	10	9.983	0.027	False
HG00116	0	21500	70	8	8.464	0.069	True
HG00116	21500	196000	448	10	9.939	0.029	False
HG00116	196000	227375	72	9	9.03	0.068	False
HG00116	227375	400000	592	10	9.986	0.024	False
HG00117	0	400000	1182	10	10.007	0.018	False
HG00118	0	22500	74	9	9.065	0.074	False
HG00118	22500	400000	1108	10	10.003	0.02	False
HG00119	0	21500	70	7	7.325	0.072	False
HG00119	21500	206375	463	10	9.994	0.029	False
HG00119	206375	216875	32	9	9.021	0.106	False
HG00119	216875	400000	617	10	10.012	0.024	False
HG00120	0	400000	1182	10	9.975	0.018	False
HG00121	0	19750	65	9	9.051	0.076	False
HG00121	19750	133250	279	10	10.031	0.039	False
HG00121	133250	138250	20	9	8.836	0.142	False
HG00121	138250	400000	818	10	9.972	0.022	False
HG00122	0	198500	525	10	10.038	0.027	False
HG00122	198500	216875	40	7	7.213	0.092	False
HG00122	216875	400000	617	10	10.006	0.024	False
HG00123	0	195500	517	10	10.008	0.03	False
HG00123	195500	216875	48	8	8.344	0.093	False
HG00123	216875	400000	617	10	10.01	0.026	False
HG00125	0	24000	77	9	9.228	0.08	False
HG00125	24000	133250	267	10	9.955	0.045	False
HG00125	133250	138000	19	8	7.841	0.165	False
HG00125	138000	400000	819	10	10.0	0.025	False
HG00126	0	400000	1182	10	10.023	0.018	False
HG00127	0	197625	524	11	11.004	0.029	False
HG00127	197625	216875	41	9	9.117	0.101	False
HG00127	216875	317000	307	11	11.053	0.038	False
HG00127	317000	400000	310	10	9.918	0.036	False
HG00128	0	11500	33	8	8.323	0.099	False
HG00128	11500	16500	20	7	6.77	0.128	False
HG00128	16500	21500	17	8	8.004	0.138	False
HG00128	21500	28000	19	9	9.116	0.131	False
HG00128	28000	400000	1093	10	10.015	0.018	False
HG00129	0	9250	24	9	8.972	0.144	False
HG00129	9250	16500	29	7	7.25	0.131	False
HG00129	16500	400000	1129	10	9.968	0.022	False
HG00130	0	400000	1182	10	9.963	0.021	False
HG00131	0	198500	525	11	11.009	0.03	False
HG00131	198500	216875	40	9	9.089	0.104	False
HG00131	216875	316500	305	11	10.981	0.038	False
HG00131	316500	400000	312	10	9.943	0.037	False
HG00132	0	400000	1182	10	10.007	0.021	False
HG00133	0	11250	32	10	10.153	0.097	False
HG00133	11250	16250	20	9	8.875	0.122	False
HG00133	16250	400000	1130	10	10.02	0.017	False
HG00136	0	400000	1182	10	9.99	0.021	False
HG00137	0	400000	1182	10	10.0	0.02	False
HG00138	0	400000	1182	9	8.993	0.017	False
HG00139	0	15000	47	8	8.442	0.096	True
HG00139	15000	400000	1135	10	9.985	0.02	False
HG00140	0	400000	1182	10	9.988	0.019	False
HG00141	0	22500	74	9	9.301	0.075	False
HG00141	22500	400000	1108	10	9.951	0.02	False
HG00142	0	400000	1182	11	10.979	0.022	False
HG00143	0	400000	1182	10	9.999	0.018	False
HG00145	0	23750	76	9	9.121	0.078	False
HG00145	23750	400000	1106	10	10.006	0.021	False
HG00146	0	197625	524	11	11.002	0.028	False
HG00146	197625	216875	41	9	9.041	0.096	False
HG00146	216875	316500	305	11	10.877	0.036	False
HG00146	316500	400000	312	10	10.065	0.034	False
HG00148	0	8500	21	10	9.961	0.152	False
HG00148	8500	17000	34	11	11.414	0.119	True
HG00148	17000	199750	472	10	9.996	0.034	False
HG00148	199750	215500	33	9	9.01	0.121	False
HG00148	215500	400000	622	10	10.001	0.028	False
HG00149	0	15500	49	9	8.977	0.094	False
HG00149	15500	131250	287	10	10.048	0.041	False
HG00149	131250	140250	36	9	8.887	0.113	False
HG00149	140250	400000	810	10	9.985	0.023	False
HG00150	0	17250	56	11	10.929	0.082	False
HG00150	17250	197250	467	10	9.992	0.03	False
HG00150	197250	217250	43	9	9.064	0.094	False
HG00150	217250	400000	616	10	9.963	0.025	False
HG00151	0	400000	1182	10	10.009	0.019	False
HG00154	0	194250	514	10	10.026	0.029	False
HG00154	194250	216875	51	9	9.158	0.089	False
HG00154	216875	400000	617	10	10.008	0.026	False
HG00155	0	400000	1182	10	10.005	0.021	False
HG00157	0	11250	32	9	9.454	0.118	True
HG00157	11250	20000	34	8	7.805	0.114	False
HG00157	20000	400000	1116	10	9.975	0.02	False
HG00158	0	52500	102	9	9.089	0.06	False
HG00158	52500	400000	1080	10	9.973	0.019	False
HG00159	0	400000	1182	10	10.003	0.019	False
HG00160	0	23125	75	9	9.044	0.075	False
HG00160	23125	400000	1107	10	9.978	0.02	False
HG00171	0	23750	76	10	10.205	0.071	False
HG00171	23750	194625	439	11	10.956	0.031	False
HG00171	194625	227375	75	10	10.028	0.072	False
HG00171	227375	318000	286	11	10.947	0.037	False
HG00171	318000	400000	306	10	10.011	0.035	False
HG00173	0	198500	525	10	10.056	0.031	False
HG00173	198500	216875	40	8	7.756	0.108	False
HG00173	216875	365500	490	10	9.983	0.031	False
HG00173	365500	378000	42	11	11.183	0.104	False
HG00173	378000	400000	85	10	9.956	0.075	False
HG00174	0	16000	51	11	11.165	0.092	False
HG00174	16000	400000	1131	10	10.019	0.02	False
HG00176	0	21500	70	8	8.101	0.077	False
HG00176	21500	400000	1112	10	10.003	0.02	False
HG00177	0	23750	76	9	9.099	0.076	False
HG00177	23750	400000	1106	10	10.01	0.02	False
HG00178	0	400000	1182	10	9.994	0.02	False
HG00179	0	400000	1182	10	10.016	0.019	False
HG00180	0	21750	71	8	8.159	0.077	False
HG00180	21750	400000	1111	10	10.006	0.02	False
HG00181	0	197250	523	10	10.009	0.029	False
HG00181	197250	216875	42	8	8.298	0.098	False
HG00181	216875	400000	617	10	9.998	0.026	False
HG00182	0	400000	1182	10	9.999	0.019	False
HG00183	0	400000	1182	10	9.991	0.02	False
HG00185	0	8000	19	9	9.131	0.142	False
HG00185	8000	14750	27	8	8.017	0.119	False
HG00185	14750	22000	26	9	8.93	0.122	False
HG00185	22000	400000	1110	10	10.01	0.019	False
HG00186	0	21000	69	9	9.104	0.071	False
HG00186	21000	194625	446	10	9.954	0.029	False
HG00186	194625	218000	54	9	9.029	0.08	False
HG00186	218000	400000	613	10	10.009	0.024	False
HG00187	0	23125	75	9	8.985	0.074	False
HG00187	23125	400000	1107	10	10.009	0.02	False
HG00188	0	367375	1058	10	9.992	0.021	False
HG00188	367375	378500	41	11	10.975	0.102	False
HG00188	378500	400000	83	10	9.956	0.073	False
HG00189	0	400000	1182	10	9.999	0.02	False
HG00190	0	22500	74	10	10.201	0.083	False
HG00190	22500	316000	794	11	10.968	0.026	False
HG00190	316000	400000	314	10	10.06	0.04	False
HG00231	0	197625	524	10	9.994	0.032	False
HG00231	197625	227375	66	9	9.256	0.087	False
HG00231	227375	400000	592	10	9.984	0.029	False
HG00232	0	11000	31	10	10.035	0.096	False
HG00232	11000	16500	22	9	8.982	0.114	False
HG00232	16500	23125	22	10	10.118	0.114	False
HG00232	23125	196500	445	11	11.026	0.027	False
HG00232	196500	216000	42	10	10.153	0.083	False
HG00232	216000	316500	308	11	10.897	0.031	False
HG00232	316500	400000	312	10	10.052	0.03	False
HG00233	0	23125	75	9	9.162	0.071	False
HG00233	23125	400000	1107	10	9.999	0.019	False
HG00234	0	194625	515	10	9.978	0.028	False
HG00234	194625	228000	77	9	9.121	0.068	False
HG00234	228000	400000	590	10	9.987	0.025	False
HG00235	0	17250	56	14	13.91	0.083	False
HG00235	17250	400000	1126	10	9.968	0.019	False
HG00236	0	400000	1182	10	10.021	0.02	False
HG00237	0	17000	55	9	9.119	0.096	False
HG00237	17000	400000	1127	10	9.978	0.022	False
HG00238	0	29500	91	11	11.095	0.075	False
HG00238	29500	194625	424	10	9.92	0.037	False
HG00238	194625	218000	54	9	8.901	0.097	False
HG00238	218000	400000	613	10	9.988	0.029	False
HG00239	0	20000	66	11	11.068	0.077	False
HG00239	20000	400000	1116	10	9.958	0.019	False
HG00240	0	16000	51	12	11.993	0.095	False
HG00240	16000	198500	474	11	11.016	0.033	False
HG00240	198500	216875	40	9	9.108	0.107	False
HG00240	216875	316250	304	11	11.061	0.04	False
HG00240	316250	400000	313	10	10.006	0.038	False
HG00242	0	400000	1182	10	9.952	0.018	False
HG00243	0	24500	79	9	8.95	0.065	False
HG00243	24500	199250	447	10	10.004	0.029	False
HG00243	199250	216875	39	9	8.879	0.093	False
HG00243	216875	400000	617	10	10.0	0.023	False
HG00244	0	193500	511	10	10.025	0.03	False
HG00244	193500	216875	54	9	9.08	0.087	False
HG00244	216875	400000	617	10	10.014	0.026	False
HG00245	0	9250	24	10	10.139	0.113	False
HG00245	9250	28000	65	11	11.142	0.068	False
HG00245	28000	400000	1093	10	9.993	0.017	False
HG00246	0	22500	74	9	9.092	0.072	False
HG00246	22500	400000	1108	10	9.974	0.019	False
HG00250	0	400000	1182	10	9.981	0.022	False
HG00251	0	14750	46	9	9.129	0.086	False
HG00251	14750	274250	683	10	9.995	0.023	False
HG00251	274250	325000	173	9	8.946	0.044	False
HG00251	325000	400000	280	10	10.113	0.035	False
HG00252	0	400000	1182	10	10.003	0.019	False
HG00253	0	400000	1182	10	9.958	0.019	False
HG00254	0	14750	46	9	9.26	0.095	False
HG00254	14750	194250	468	10	9.99	0.031	False
HG00254	194250	215500	46	9	9.073	0.095	False
HG00254	215500	400000	622	10	10.013	0.026	False
HG00255	0	23125	75	10	10.015	0.075	False
HG00255	23125	193125	435	11	11.001	0.033	False
HG00255	193125	227000	79	10	10.062	0.073	False
HG00255	227000	263000	115	11	10.751	0.063	False
HG00255	263000	400000	478	10	10.007	0.03	False
HG00256	0	22000	72	9	9.031	0.076	False
HG00256	22000	400000	1110	10	9.997	0.02	False
HG00257	0	20250	67	9	8.973	0.079	False
HG00257	20250	400000	1115	10	9.968	0.02	False
HG00258	0	400000	1182	10	9.982	0.019	False
HG00259	0	400000	1182	10	9.978	0.02	False
HG00260	0	400000	1182	10	10.012	0.019	False
HG00261	0	11250	32	9	9.24	0.124	False
HG00261	11250	20500	36	8	8.126	0.117	False
HG00261	20500	400000	1114	10	10.003	0.021	False
HG00262	0	23750	76	9	9.112	0.073	False
HG00262	23750	30750	19	11	11.026	0.148	False
HG00262	30750	400000	1087	10	9.992	0.02	False
HG00263	0	400000	1182	10	9.993	0.02	False
HG00264	0	23125	75	8	8.151	0.067	False
HG00264	23125	400000	1107	10	9.971	0.018	False
HG00265	0	16750	54	12	11.75	0.082	False
HG00265	16750	194625	461	10	10.009	0.03	False
HG00265	194625	217250	51	9	9.041	0.085	False
HG00265	217250	400000	616	10	9.978	0.024	False
HG00266	0	197625	524	10	10.005	0.029	False
HG00266	197625	227375	66	9	9.165	0.079	False
HG00266	227375	368750	472	10	9.921	0.03	False
HG00266	368750	378250	36	11	10.974	0.105	False
HG00266	378250	400000	84	10	10.129	0.071	False
HG00267	0	20250	67	9	9.198	0.082	False
HG00267	20250	400000	1115	10	9.996	0.021	False
HG00268	0	25500	83	9	9.055	0.068	False
HG00268	25500	201625	445	10	9.993	0.031	False
HG00268	201625	215750	33	9	9.163	0.107	False
HG00268	215750	400000	621	10	9.991	0.025	False
HG00269	0	400000	1182	10	9.972	0.02	False
HG00271	0	21000	69	9	8.955	0.072	False
HG00271	21000	400000	1113	10	10.017	0.018	False
HG00272	0	16000	51	12	12.419	0.083	True
HG00272	16000	400000	1131	10	9.953	0.018	False
HG00273	0	400000	1182	10	9.981	0.019	False
HG00274	0	400000	1182	10	10.007	0.019	False
HG00275	0	400000	1182	10	10.007	0.021	False
HG00276	0	22000	72	8	8.055	0.084	False
HG00276	22000	400000	1110	10	10.002	0.022	False
HG00277	0	400000	1182	10	9.981	0.02	False
HG00278	0	22500	74	9	9.237	0.077	False
HG00278	22500	195000	442	10	9.954	0.033	False
HG00278	195000	227375	74	9	9.076	0.077	False
HG00278	227375	400000	592	10	9.988	0.027	False
HG00280	0	400000	1182	10	10.014	0.019	False
HG00281	0	14250	44	7	7.573	0.103	True
HG00281	14250	194250	470	10	10.036	0.033	False
HG00281	194250	218000	55	9	9.151	0.092	False
HG00281	218000	400000	613	10	9.968	0.028	False
HG00282	0	24250	78	9	9.073	0.075	False
HG00282	24250	400000	1104	10	9.968	0.02	False
HG00284	0	198500	525	11	10.995	0.029	False
HG00284	198500	216875	40	8	7.924	0.102	False
HG00284	216875	316500	305	11	10.962	0.038	False
HG00284	316500	400000	312	10	10.054	0.036	False
HG00285	0	16500	53	9	9.225	0.087	False
HG00285	16500	196500	467	10	9.927	0.031	False
HG00285	196500	220000	55	9	9.127	0.085	False
HG00285	220000	400000	607	10	9.997	0.026	False
HG00288	0	400000	1182	10	9.981	0.02	False
HG00290	0	8000	19	10	9.814	0.131	False
HG00290	8000	24000	58	9	9.149	0.075	False
HG00290	24000	197625	447	10	9.987	0.028	False
HG00290	197625	216875	41	8	7.975	0.089	False
HG00290	216875	400000	617	10	10.012	0.023	False
HG00304	0	15500	49	9	9.247	0.098	False
HG00304	15500	400000	1133	10	9.979	0.021	False
HG00306	0	400000	1182	10	10.014	0.019	False
HG00308	0	16750	54	12	12.055	0.095	False
HG00308	16750	198500	471	10	9.984	0.034	False
HG00308	198500	216875	40	8	8.043	0.111	False
HG00308	216875	400000	617	10	10.036	0.028	False
HG00309	0	22250	73	9	8.99	0.067	False
HG00309	22250	400000	1109	10	10.029	0.018	False
HG00310	0	21500	70	9	9.25	0.077	False
HG00310	21500	197250	453	10	10.023	0.032	False
HG00310	197250	216500	41	8	8.05	0.1	False
HG00310	216500	400000	618	10	9.963	0.026	False
HG00311	0	11500	33	11	11.157	0.114	False
HG00311	11500	400000	1149	10	9.985	0.02	False
HG00313	0	272875	727	10	10.049	0.024	False
HG00313	272875	325500	177	9	8.991	0.046	False
HG00313	325500	400000	278	10	9.971	0.036	False
HG00315	0	21500	70	8	8.389	0.077	True
HG00315	21500	195000	446	10	10.013	0.032	False
HG00315	195000	216875	49	9	8.775	0.092	False
HG00315	216875	395500	599	10	9.986	0.026	False
HG00315	395500	400000	18	17	16.878	0.153	False
HG00318	0	400000	1182	10	10.008	0.02	False
HG00319	0	21500	70	9	9.2	0.078	False
HG00319	21500	400000	1112	10	9.995	0.02	False
HG00320	0	185000	488	10	10.026	0.029	False
HG00320	185000	400000	694	11	10.989	0.023	False
HG00321	0	400000	1182	10	10.001	0.015	False
HG00323	0	400000	1182	10	9.984	0.02	False
HG00324	0	196000	518	10	9.991	0.03	False
HG00324	196000	227375	72	9	9.073	0.076	False
HG00324	227375	400000	592	10	10.009	0.027	False
HG00325	0	400000	1182	10	10.018	0.021	False
HG00326	0	194625	515	10	10.011	0.029	False
HG00326	194625	216250	48	9	9.001	0.09	False
HG00326	216250	400000	619	10	10.009	0.025	False
HG00327	0	400000	1182	10	9.998	0.018	False
HG00328	0	23125	75	9	9.008	0.071	False
HG00328	23125	400000	1107	10	10.018	0.019	False
HG00329	0	16000	51	12	12.147	0.092	False
HG00329	16000	197250	472	10	9.941	0.032	False
HG00329	197250	216250	40	9	8.922	0.103	False
HG00329	216250	400000	619	10	10.023	0.026	False
HG00330	0	400000	1182	10	10.007	0.018	False
HG00331	0	400000	1182	11	11.0	0.021	False
HG00332	0	16750	54	11	11.163	0.094	False
HG00332	16750	400000	1128	10	9.98	0.021	False
HG00334	0	28000	89	9	9.105	0.071	False
HG00334	28000	400000	1093	10	9.992	0.021	False
HG00335	0	196750	521	10	9.999	0.03	False
HG00335	196750	214500	36	9	8.999	0.108	False
HG00335	214500	400000	625	10	9.983	0.026	False
HG00336	0	400000	1182	10	9.985	0.02	False
HG00337	0	400000	1182	10	9.984	0.021	False
HG00338	0	23125	75	9	9.057	0.074	False
HG00338	23125	100250	158	10	9.948	0.054	False
HG00338	100250	108000	29	9	8.992	0.124	False
HG00338	108000	400000	920	10	9.998	0.021	False
HG00339	0	400000	1182	10	9.954	0.018	False
HG00341	0	400000	1182	10	9.968	0.021	False
HG00342	0	197625	524	10	9.974	0.03	False
HG00342	197625	216875	41	8	8.311	0.102	False
HG00342	216875	400000	617	10	9.931	0.026	False
HG00343	0	400000	1182	10	9.977	0.019	False
HG00344	0	21500	70	8	7.886	0.079	False
HG00344	21500	195500	447	10	10.052	0.033	False
HG00344	195500	217750	51	9	9.089	0.092	False
HG00344	217750	400000	614	10	9.969	0.027	False
HG00345	0	400000	1182	10	9.988	0.02	False
HG00346	0	23125	75	9	8.949	0.07	False
HG00346	23125	221000	504	10	10.028	0.028	False
HG00346	221000	229250	18	9	8.686	0.143	False
HG00346	229250	367375	461	10	10.023	0.028	False
HG00346	367375	378500	41	11	11.144	0.093	False
HG00346	378500	400000	83	10	9.945	0.067	False
HG00349	0	13750	42	10	10.019	0.107	False
HG00349	13750	20250	25	9	8.604	0.139	False
HG00349	20250	194625	448	10	10.087	0.035	False
HG00349	194625	214875	43	9	9.106	0.106	False
HG00349	214875	400000	624	10	9.968	0.028	False
HG00350	0	17250	56	9	9.089	0.073	False
HG00350	17250	23125	19	8	8.238	0.125	False
HG00350	23125	400000	1107	10	10.007	0.017	False
HG00351	0	17000	55	11	11.098	0.097	False
HG00351	17000	197625	469	10	9.974	0.035	False
HG00351	197625	216875	41	8	8.177	0.112	False
HG00351	216875	400000	617	10	10.0	0.029	False
HG00353	0	17000	55	11	11.244	0.09	False
HG00353	17000	400000	1127	10	9.967	0.02	False
HG00355	0	400000	1182	10	9.992	0.017	False
HG00356	0	368750	1062	10	9.97	0.021	False
HG00356	368750	400000	120	9	8.998	0.062	False
HG00357	0	193125	510	10	9.992	0.029	False
HG00357	193125	216875	55	9	9.058	0.084	False
HG00357	216875	400000	617	10	9.959	0.025	False
HG00358	0	11500	33	9	9.155	0.11	False
HG00358	11500	18500	27	8	8.001	0.121	False
HG00358	18500	400000	1122	10	10.001	0.019	False
HG00360	0	400000	1182	10	9.992	0.021	False
HG00361	0	21750	71	8	7.889	0.08	False
HG00361	21750	400000	1111	10	9.98	0.021	False
HG00362	0	19750	65	9	8.954	0.087	False
HG00362	19750	400000	1117	10	9.964	0.022	False
HG00364	0	400000	1182	10	9.979	0.019	False
HG00365	0	16250	52	12	12.094	0.09	False
HG00365	16250	22250	21	10	9.888	0.141	False
HG00365	22250	263500	633	11	10.941	0.027	False
HG00365	263500	400000	476	10	10.065	0.029	False
HG00366	0	197625	524	10	10.059	0.03	False
HG00366	197625	216875	41	8	8.062	0.103	False
HG00366	216875	400000	617	10	10.015	0.027	False
HG00367	0	198500	525	10	10.002	0.031	False
HG00367	198500	216875	40	7	7.057	0.106	False
HG00367	216875	400000	617	10	10.008	0.027	False
HG00368	0	22500	74	9	8.995	0.075	False
HG00368	22500	196500	446	10	9.994	0.032	False
HG00368	196500	222875	61	9	9.308	0.083	False
HG00368	222875	400000	601	10	10.015	0.027	False
HG00369	0	11250	32	9	9.211	0.105	False
HG00369	11250	17250	24	8	8.019	0.121	False
HG00369	17250	400000	1126	10	10.001	0.018	False
HG00371	0	199250	526	10	9.984	0.028	False
HG00371	199250	217250	40	8	8.106	0.096	False
HG00371	217250	395500	598	10	9.982	0.025	False
HG00371	395500	400000	18	14	14.054	0.144	False
HG00372	0	14750	46	7	7.282	0.099	False
HG00372	14750	20250	21	8	8.028	0.147	False
HG00372	20250	199250	459	10	9.994	0.033	False
HG00372	199250	227375	64	9	9.184	0.084	False
HG00372	227375	400000	592	10	9.988	0.028	False
HG00373	0	197625	524	10	10.026	0.032	False
HG00373	197625	216875	41	9	8.989	0.109	False
HG00373	216875	400000	617	10	9.995	0.028	False
HG00375	0	23750	76	9	9.139	0.072	False
HG00375	23750	400000	1106	10	9.999	0.019	False
HG00376	0	400000	1182	10	10.012	0.019	False
HG00378	0	20250	67	9	9.217	0.08	False
HG00378	20250	275750	667	10	9.94	0.027	False
HG00378	275750	326250	173	9	8.96	0.05	False
HG00378	326250	400000	275	10	10.102	0.039	False
HG00379	0	198500	525	10	10.014	0.029	False
HG00379	198500	216875	40	8	7.883	0.099	False
HG00379	216875	400000	617	10	10.012	0.025	False
HG00380	0	194625	515	10	10.014	0.028	False
HG00380	194625	215500	45	9	8.877	0.092	False
HG00380	215500	400000	622	10	10.015	0.025	False
HG00381	0	194625	515	10	10.014	0.031	False
HG00381	194625	216875	50	9	9.176	0.096	False
HG00381	216875	400000	617	10	10.011	0.027	False
HG00382	0	24250	78	9	9.135	0.078	False
HG00382	24250	400000	1104	10	9.995	0.021	False
HG00383	0	197625	524	11	10.954	0.034	False
HG00383	197625	216875	41	9	9.191	0.116	False
HG00383	216875	316250	304	11	10.962	0.043	False
HG00383	316250	400000	313	10	10.006	0.041	False
HG00384	0	317000	872	11	10.929	0.025	False
HG00384	317000	400000	310	10	10.027	0.041	False
HG00403	0	14250	44	7	7.61	0.102	True
HG00403	14250	21500	26	9	9.007	0.132	False
HG00403	21500	400000	1112	10	9.972	0.021	False
HG00404	0	400000	1182	10	9.98	0.02	False
HG00405	0	14500	45	8	8.58	0.093	True
HG00405	14500	400000	1137	10	9.946	0.019	False
HG00406	0	400000	1182	10	10.017	0.02	False
HG00407	0	14500	45	8	8.248	0.108	False
HG00407	14500	400000	1137	10	10.011	0.022	False
HG00408	0	14750	46	9	8.959	0.096	False
HG00408	14750	400000	1136	10	10.011	0.02	False
HG00409	0	14250	44	8	8.891	0.099	True
HG00409	14250	133000	299	10	9.983	0.04	False
HG00409	133000	138250	21	8	8.092	0.148	False
HG00409	138250	400000	818	10	9.985	0.023	False
HG00410	0	21000	69	9	9.178	0.078	False
HG00410	21000	400000	1113	10	9.967	0.02	False
HG00418	0	14250	44	8	8.671	0.1	True
HG00418	14250	21500	26	10	10.101	0.13	False
HG00418	21500	400000	1112	11	10.979	0.02	False
HG00419	0	400000	1182	10	9.984	0.019	False
HG00420	0	17000	55	9	8.857	0.094	False
HG00420	17000	400000	1127	10	10.029	0.021	False
HG00421	0	14250	44	9	9.181	0.097	False
HG00421	14250	400000	1138	10	10.034	0.019	False
HG00422	0	400000	1182	10	10.01	0.019	False
HG00423	0	400000	1182	10	10.005	0.021	False
HG00427	0	8000	19	9	9.082	0.146	False
HG00427	8000	14250	25	8	7.641	0.127	False
HG00427	14250	178125	418	10	10.003	0.033	False
HG00427	178125	187875	32	9	8.798	0.114	False
HG00427	187875	400000	688	10	9.985	0.024	False
HG00428	0	15250	48	9	9.076	0.093	False
HG00428	15250	197000	474	10	10.043	0.031	False
HG00428	197000	216250	41	9	8.991	0.101	False
HG00428	216250	400000	619	10	9.994	0.026	False
HG00429	0	14250	44	8	8.343	0.102	False
HG00429	14250	177500	417	10	9.981	0.035	False
HG00429	177500	216875	104	9	9.219	0.068	False
HG00429	216875	400000	617	10	10.002	0.027	False
HG00436	0	14250	44	7	7.659	0.101	True
HG00436	14250	400000	1138	10	10.021	0.02	False
HG00437	0	400000	1182	10	10.001	0.02	False
HG00438	0	14500	45	8	8.278	0.1	False
HG00438	14500	400000	1137	10	9.984	0.02	False
HG00442	0	400000	1182	10	9.994	0.018	False
HG00443	0	14500	45	7	7.485	0.099	True
HG00443	14500	20250	22	9	9.08	0.141	False
HG00443	20250	28000	22	11	11.074	0.141	False
HG00443	28000	400000	1093	10	9.975	0.021	False
HG00444	0	22000	72	9	9.029	0.086	False
HG00444	22000	400000	1110	10	9.979	0.022	False
HG00445	0	133000	343	10	9.963	0.032	False
HG00445	133000	138250	21	8	8.074	0.128	False
HG00445	138250	400000	818	10	10.018	0.02	False
HG00446	0	400000	1182	10	10.014	0.02	False
HG00447	0	133000	343	10	9.894	0.037	False
HG00447	133000	138000	20	9	8.854	0.153	False
HG00447	138000	400000	819	10	10.067	0.024	False
HG00448	0	400000	1182	10	9.986	0.019	False
HG00449	0	400000	1182	10	10.021	0.02	False
HG00450	0	400000	1182	10	10.003	0.018	False
HG00451	0	15000	47	8	8.487	0.094	True
HG00451	15000	400000	1135	10	9.992	0.019	False
HG00452	0	14250	44	6	6.681	0.1	True
HG00452	14250	400000	1138	10	10.009	0.02	False
HG00453	0	14250	44	8	8.329	0.103	False
HG00453	14250	400000	1138	10	10.019	0.021	False
HG00457	0	400000	1182	10	10.016	0.018	False
HG00458	0	400000	1182	10	9.998	0.019	False
HG00459	0	400000	1182	10	10.005	0.022	False
HG00463	0	14500	45	7	7.577	0.096	True
HG00463	14500	26875	43	11	11.232	0.098	False
HG00463	26875	400000	1094	10	10.015	0.02	False
HG00464	0	7500	17	10	10.229	0.16	False
HG00464	7500	15000	30	9	8.824	0.12	False
HG00464	15000	133000	296	10	9.987	0.04	False
HG00464	133000	138500	22	8	8.062	0.144	False
HG00464	138500	400000	817	10	9.999	0.023	False
HG00465	0	14250	44	8	8.385	0.099	True
HG00465	14250	400000	1138	10	9.997	0.02	False
HG00472	0	14250	44	6	6.981	0.105	True
HG00472	14250	400000	1138	10	10.007	0.021	False
HG00473	0	15000	47	9	9.066	0.091	False
HG00473	15000	201625	481	10	10.012	0.03	False
HG00473	201625	216875	37	9	8.952	0.103	False
HG00473	216875	400000	617	10	10.009	0.025	False
HG00474	0	14250	44	6	6.919	0.101	True
HG00474	14250	198500	481	10	10.043	0.032	False
HG00474	198500	216875	40	9	8.963	0.106	False
HG00474	216875	400000	617	10	9.962	0.027	False
HG00475	0	400000	1182	10	10.02	0.021	False
HG00476	0	13500	41	9	9.26	0.107	False
HG00476	13500	400000	1141	10	9.984	0.021	False
HG00477	0	18000	58	9	9.211	0.087	False
HG00477	18000	400000	1124	10	10.008	0.02	False
HG00478	0	14500	45	11	11.225	0.1	False
HG00478	14500	400000	1137	10	9.971	0.02	False
HG00479	0	16500	53	8	8.388	0.097	True
HG00479	16500	400000	1129	10	9.976	0.021	False
HG00480	0	23750	76	9	9.056	0.072	False
HG00480	23750	132000	263	10	9.973	0.041	False
HG00480	132000	138250	25	9	8.912	0.129	False
HG00480	138250	400000	818	10	9.999	0.022	False
HG00500	0	400000	1182	10	9.989	0.018	False
HG00501	0	14250	44	7	7.67	0.101	True
HG00501	14250	20250	23	9	8.997	0.139	False
HG00501	20250	400000	1115	10	10.015	0.02	False
HG00502	0	16250	52	9	9.226	0.093	False
HG00502	16250	400000	1130	10	10.013	0.02	False
HG00512	0	21000	69	8	7.832	0.081	False
HG00512	21000	400000	1113	10	10.016	0.021	False
HG00513	0	18000	58	9	9.267	0.067	False
HG00513	18000	201625	470	10	9.957	0.025	False
HG00513	201625	216875	37	9	8.878	0.084	False
HG00513	216875	400000	617	10	10.007	0.021	False
HG00514	0	14250	44	7	7.426	0.094	True
HG00514	14250	21500	26	9	8.596	0.122	True
HG00514	21500	400000	1112	10	10.011	0.019	False
HG00524	0	23125	75	8	8.007	0.071	False
HG00524	23125	400000	1107	9	8.975	0.019	False
HG00525	0	400000	1182	10	9.985	0.02	False
HG00526	0	24000	77	9	8.957	0.074	False
HG00526	24000	400000	1105	10	9.987	0.02	False
HG00530	0	16000	51	9	9.11	0.089	False
HG00530	16000	400000	1131	10	9.996	0.019	False
HG00531	0	400000	1182	9	9.004	0.018	False
HG00532	0	15250	48	9	9.139	0.1	False
HG00532	15250	194625	467	10	9.994	0.034	False
HG00532	194625	216250	48	9	9.011	0.1	False
HG00532	216250	400000	619	10	10.007	0.028	False
HG00533	0	15250	48	9	9.16	0.087	False
HG00533	15250	400000	1134	10	10.008	0.018	False
HG00534	0	14500	45	8	8.801	0.103	True
HG00534	14500	400000	1137	10	9.99	0.021	False
HG00535	0	14750	46	7	7.679	0.103	True
HG00535	14750	400000	1136	10	9.995	0.021	False
HG00536	0	400000	1182	10	9.973	0.022	False
HG00537	0	14000	43	9	9.251	0.095	False
HG00537	14000	400000	1139	10	10.007	0.019	False
HG00538	0	17625	57	9	9.092	0.09	False
HG00538	17625	400000	1125	10	9.978	0.021	False
HG00542	0	14250	44	9	9.334	0.101	False
HG00542	14250	400000	1138	10	10.023	0.02	False
HG00543	0	15000	47	8	8.053	0.081	False
HG00543	15000	400000	1135	9	9.008	0.017	False
HG00544	0	132750	342	10	10.023	0.035	False
HG00544	132750	136750	16	9	8.866	0.157	False
HG00544	136750	400000	824	10	9.972	0.022	False
HG00551	0	14750	46	9	8.989	0.085	False
HG00551	14750	400000	1136	10	9.977	0.018	False
HG00552	0	14500	45	8	8.558	0.099	True
HG00552	14500	400000	1137	10	10.014	0.02	False
HG00553	0	400000	1182	10	10.003	0.018	False
HG00554	0	16000	51	10	10.02	0.085	False
HG00554	16000	24000	26	8	8.053	0.119	False
HG00554	24000	194625	438	9	8.984	0.031	False
HG00554	194625	227375	75	8	8.215	0.07	False
HG00554	227375	400000	592	9	8.958	0.025	False
HG00555	0	16000	51	11	10.658	0.092	False
HG00555	16000	23750	25	9	8.772	0.132	False
HG00555	23750	193125	434	10	10.115	0.033	False
HG00555	193125	227375	80	9	9.015	0.074	False
HG00555	227375	400000	592	10	9.945	0.027	False
HG00556	0	14500	45	8	8.526	0.1	True
HG00556	14500	400000	1137	10	10.0	0.02	False
HG00557	0	14250	44	8	8.29	0.092	False
HG00557	14250	400000	1138	10	9.983	0.018	False
HG00558	0	14250	44	8	8.241	0.103	False
HG00558	14250	400000	1138	10	10.004	0.021	False
HG00559	0	133250	344	10	10.008	0.039	False
HG00559	133250	138250	20	8	8.136	0.16	False
HG00559	138250	400000	818	10	10.008	0.025	False
HG00560	0	14750	46	9	8.906	0.105	False
HG00560	14750	400000	1136	10	9.988	0.022	False
HG00561	0	16500	53	9	9.123	0.085	False
HG00561	16500	400000	1129	10	10.009	0.019	False
HG00565	0	21500	70	9	9.154	0.084	False
HG00565	21500	132750	272	10	9.964	0.045	False
HG00565	132750	138000	21	8	7.921	0.158	False
HG00565	138000	400000	819	10	10.028	0.025	False
HG00566	0	133000	343	10	9.989	0.033	False
HG00566	133000	138000	20	8	8.399	0.134	False
HG00566	138000	248500	290	10	9.898	0.036	False
HG00566	248500	300500	156	9	8.998	0.048	False
HG00566	300500	400000	373	10	9.974	0.03	False
HG00567	0	248500	653	10	9.943	0.029	False
HG00567	248500	300500	156	9	9.18	0.059	False
HG00567	300500	400000	373	10	9.998	0.036	False
HG00577	0	400000	1182	10	10.015	0.019	False
HG00578	0	400000	1182	10	10.014	0.021	False
HG00579	0	400000	1182	10	9.998	0.02	False
HG00580	0	15000	47	9	9.112	0.094	False
HG00580	15000	400000	1135	10	9.98	0.02	False
HG00581	0	122000	312	9	8.985	0.04	False
HG00581	122000	400000	870	10	9.993	0.023	False
HG00582	0	12250	36	9	8.999	0.12	False
HG00582	12250	400000	1146	10	9.985	0.022	False
HG00583	0	14750	46	8	8.242	0.098	False
HG00583	14750	400000	1136	10	10.004	0.02	False
HG00584	0	400000	1182	10	9.999	0.018	False
HG00585	0	14500	45	9	8.953	0.097	False
HG00585	14500	400000	1137	10	9.999	0.02	False
HG00589	0	12500	37	10	9.963	0.108	False
HG00589	12500	26250	49	9	8.805	0.094	False
HG00589	26250	400000	1096	10	10.021	0.02	False
HG00590	0	14250	44	9	9.427	0.088	True
HG00590	14250	23125	31	11	11.136	0.105	False
HG00590	23125	400000	1107	10	9.988	0.018	False
HG00591	0	14250	44	9	9.199	0.094	False
HG00591	14250	24500	35	11	10.752	0.105	False
HG00591	24500	400000	1103	10	9.99	0.019	False
HG00592	0	21750	71	8	8.098	0.078	False
HG00592	21750	400000	1111	10	9.977	0.02	False
HG00593	0	17000	55	8	8.435	0.09	True
HG00593	17000	198500	470	10	10.02	0.032	False
HG00593	198500	216875	40	9	8.976	0.106	False
HG00593	216875	400000	617	10	10.006	0.027	False
HG00594	0	26000	85	8	7.989	0.068	False
HG00594	26000	400000	1097	10	9.989	0.019	False
HG00595	0	14000	43	9	9.245	0.094	False
HG00595	14000	177500	418	10	9.951	0.032	False
HG00595	177500	185500	28	9	8.563	0.114	True
HG00595	185500	400000	693	10	10.055	0.024	False
HG00596	0	400000	1182	10	9.978	0.017	False
HG00597	0	16750	54	9	8.965	0.088	False
HG00597	16750	400000	1128	10	10.01	0.02	False
HG00598	0	400000	1182	10	9.986	0.019	False
HG00599	0	14000	43	9	9.209	0.108	False
HG00599	14000	400000	1139	10	9.998	0.021	False
HG00607	0	14500	45	8	8.516	0.088	True
HG00607	14500	400000	1137	10	10.0	0.018	False
HG00608	0	400000	1182	10	10.001	0.018	False
HG00609	0	14500	45	8	8.528	0.097	True
HG00609	14500	400000	1137	10	10.029	0.02	False
HG00610	0	400000	1182	10	9.992	0.019	False
HG00611	0	400000	1182	10	10.001	0.019	False
HG00612	0	400000	1182	10	9.995	0.021	False
HG00613	0	15250	48	9	9.084	0.092	False
HG00613	15250	400000	1134	10	10.015	0.019	False
HG00614	0	15250	48	11	11.043	0.094	False
HG00614	15250	400000	1134	10	9.992	0.02	False
HG00615	0	400000	1182	10	10.011	0.019	False
HG00619	0	247375	651	9	8.95	0.025	False
HG00619	247375	300250	157	8	8.055	0.051	False
HG00619	300250	400000	374	9	8.987	0.032	False
HG00620	0	400000	1182	10	9.984	0.019	False
HG00621	0	246000	647	9	9.055	0.024	False
HG00621	246000	300250	161	8	7.903	0.049	False
HG00621	300250	400000	374	9	8.973	0.03	False
HG00622	0	14250	44	9	9.415	0.094	True
HG00622	14250	400000	1138	10	9.992	0.019	False
HG00623	0	16000	51	9	8.959	0.088	False
HG00623	16000	133250	293	10	9.984	0.039	False
HG00623	133250	138000	19	9	8.706	0.15	False
HG00623	138000	400000	819	10	9.987	0.022	False
HG00625	0	400000	1182	10	9.976	0.018	False
HG00626	0	15000	47	9	9.262	0.096	False
HG00626	15000	197625	477	10	9.993	0.032	False
HG00626	197625	216250	39	8	8.098	0.106	False
HG00626	216250	400000	619	10	10.012	0.027	False
HG00627	0	18000	58	9	9.261	0.083	False
HG00627	18000	198500	467	10	9.969	0.031	False
HG00627	198500	216875	40	8	8.245	0.1	False
HG00627	216875	400000	617	10	9.991	0.025	False
HG00628	0	8000	19	9	9.332	0.149	False
HG00628	8000	14000	24	8	7.883	0.133	False
HG00628	14000	400000	1139	10	10.0	0.02	False
HG00629	0	23125	75	9	8.93	0.065	False
HG00629	23125	400000	1107	10	9.989	0.017	False
HG00630	0	14750	46	9	9.126	0.093	False
HG00630	14750	132250	294	10	9.982	0.038	False
HG00630	132250	138250	24	8	7.888	0.132	False
HG00630	138250	400000	818	10	10.023	0.022	False
HG00631	0	14500	45	8	8.288	0.101	False
HG00631	14500	400000	1137	10	9.985	0.02	False
HG00632	0	14750	46	8	8.624	0.099	True
HG00632	14750	400000	1136	10	9.974	0.02	False
HG00634	0	400000	1182	10	10.007	0.02	False
HG00635	0	122625	313	9	9.028	0.038	False
HG00635	122625	400000	869	10	9.948	0.022	False
HG00636	0	400000	1182	10	9.982	0.018	False
HG00637	0	315500	866	11	10.954	0.025	False
HG00637	315500	400000	316	10	10.108	0.04	False
HG00638	0	10000	27	10	9.637	0.125	False
HG00638	10000	265250	686	11	10.973	0.026	False
HG00638	265250	400000	469	10	9.969	0.03	False
HG00639	0	14250	44	9	8.79	0.105	False
HG00639	14250	400000	1138	10	10.018	0.021	False
HG00640	0	400000	1182	10	10.02	0.019	False
HG00641	0	21000	69	9	9.179	0.078	False
HG00641	21000	400000	1113	10	9.969	0.02	False
HG00642	0	20500	68	9	8.728	0.078	False
HG00642	20500	400000	1114	10	10.006	0.02	False
HG00650	0	400000	1182	10	10.004	0.017	False
HG00651	0	400000	1182	8	8.026	0.016	False
HG00652	0	400000	1182	8	8.004	0.018	False
HG00653	0	15000	47	9	9.136	0.081	False
HG00653	15000	400000	1135	10	9.986	0.017	False
HG00654	0	122625	313	9	9.008	0.039	False
HG00654	122625	400000	869	10	10.009	0.023	False
HG00655	0	15000	47	9	9.029	0.1	False
HG00655	15000	400000	1135	10	9.977	0.021	False
HG00656	0	16000	51	8	8.242	0.086	False
HG00656	16000	400000	1131	9	8.992	0.019	False
HG00657	0	400000	1182	10	10.008	0.021	False
HG00658	0	16250	52	8	8.148	0.088	False
HG00658	16250	400000	1130	9	8.987	0.019	False
HG00662	0	14250	44	9	9.183	0.079	False
HG00662	14250	400000	1138	10	10.01	0.016	False
HG00663	0	400000	1182	10	9.985	0.019	False
HG00664	0	14500	45	9	9.187	0.094	False
HG00664	14500	400000	1137	10	9.987	0.019	False
HG00671	0	14250	44	8	8.287	0.095	False
HG00671	14250	123750	272	9	8.978	0.04	False
HG00671	123750	400000	866	10	9.984	0.022	False
HG00672	0	132750	342	10	9.998	0.038	False
HG00672	132750	139250	26	9	8.814	0.136	False
HG00672	139250	196000	150	10	9.933	0.058	False
HG00672	196000	216500	46	9	8.825	0.1	False
HG00672	216500	400000	618	10	10.026	0.027	False
HG00673	0	121750	311	9	9.055	0.041	False
HG00673	121750	191500	196	10	9.992	0.053	False
HG00673	191500	216875	58	9	8.982	0.092	False
HG00673	216875	400000	617	10	10.003	0.028	False
HG00674	0	15000	47	9	9.138	0.097	False
HG00674	15000	400000	1135	10	9.976	0.02	False
HG00675	0	193125	510	10	9.963	0.033	False
HG00675	193125	218000	59	9	9.047	0.093	False
HG00675	218000	400000	613	10	9.983	0.029	False
HG00683	0	400000	1182	10	10.003	0.02	False
HG00684	0	15000	47	9	9.245	0.099	False
HG00684	15000	400000	1135	10	9.972	0.021	False
HG00685	0	400000	1182	10	10.011	0.02	False
HG00689	0	400000	1182	10	9.977	0.017	False
HG00690	0	14750	46	7	7.566	0.103	True
HG00690	14750	20500	22	9	8.854	0.148	False
HG00690	20500	400000	1114	10	9.995	0.021	False
HG00691	0	400000	1182	10	10.018	0.029	False
HG00692	0	400000	1182	10	10.015	0.02	False
HG00693	0	14750	46	8	8.433	0.093	True
HG00693	14750	400000	1136	10	9.975	0.019	False
HG00694	0	15250	48	9	9.205	0.101	False
HG00694	15250	400000	1134	10	9.993	0.021	False
HG00698	0	133000	343	10	10.026	0.033	False
HG00698	133000	138000	20	8	7.9	0.136	False
HG00698	138000	400000	819	10	10.016	0.021	False
HG00699	0	26875	88	9	8.957	0.068	False
HG00699	26875	400000	1094	10	9.985	0.02	False
HG00700	0	12500	37	10	9.802	0.116	False
HG00700	12500	26500	50	9	8.619	0.1	True
HG00700	26500	133000	256	10	10.074	0.046	False
HG00700	133000	138000	20	8	7.965	0.163	False
HG00700	138000	400000	819	10	10.021	0.025	False
HG00701	0	15000	47	8	8.546	0.09	True
HG00701	15000	400000	1135	10	9.99	0.019	False
HG00702	0	400000	1182	10	10.004	0.022	False
HG00703	0	400000	1182	10	9.987	0.019	False
HG00704	0	400000	1182	10	10.0	0.02	False
HG00705	0	133000	343	10	9.993	0.036	False
HG00705	133000	138250	21	8	8.099	0.144	False
HG00705	138250	400000	818	10	9.98	0.023	False
HG00706	0	133000	343	10	10.091	0.037	False
HG00706	133000	138000	20	8	8.407	0.154	False
HG00706	138000	400000	819	10	9.987	0.024	False
HG00707	0	14500	45	8	8.61	0.091	True
HG00707	14500	133250	299	10	9.98	0.037	False
HG00707	133250	138000	19	8	8.372	0.144	False
HG00707	138000	400000	819	10	9.967	0.022	False
HG00708	0	14250	44	8	8.516	0.105	True
HG00708	14250	400000	1138	10	9.981	0.021	False
HG00709	0	14250	44	8	8.368	0.098	True
HG00709	14250	133000	299	10	10.027	0.039	False
HG00709	133000	138250	21	7	7.358	0.146	False
HG00709	138250	400000	818	10	9.996	0.023	False
HG00717	0	400000	1182	10	10.0	0.02	False
HG00728	0	7750	18	10	9.964	0.158	False
HG00728	7750	14000	25	9	8.745	0.134	False
HG00728	14000	400000	1139	10	10.031	0.02	False
HG00729	0	14500	45	9	9.158	0.095	False
HG00729	14500	400000	1137	10	10.004	0.019	False
HG00731	0	132000	339	10	10.031	0.036	False
HG00731	132000	138250	25	8	8.346	0.129	False
HG00731	138250	400000	818	10	9.992	0.022	False
HG00732	0	197000	522	10	9.988	0.03	False
HG00732	197000	216875	43	7	7.182	0.102	False
HG00732	216875	400000	617	10	10.033	0.027	False
HG00733	0	133250	344	10	9.982	0.038	False
HG00733	133250	138250	20	8	7.836	0.158	False
HG00733	138250	197250	159	10	10.016	0.057	False
HG00733	197250	216000	39	9	8.91	0.11	False
HG00733	216000	400000	620	10	9.979	0.028	False
HG00734	0	400000	1182	10	9.992	0.019	False
HG00735	0	14250	44	8	8.425	0.099	True
HG00735	14250	194250	470	10	9.989	0.032	False
HG00735	194250	217500	53	9	8.948	0.09	False
HG00735	217500	400000	615	10	9.979	0.026	False
HG00736	0	195000	516	10	10.0	0.031	False
HG00736	195000	216875	49	9	9.137	0.095	False
HG00736	216875	400000	617	10	9.988	0.027	False
HG00737	0	400000	1182	10	9.978	0.02	False
HG00738	0	400000	1182	10	9.971	0.019	False
HG00739	0	15750	50	11	11.127	0.088	False
HG00739	15750	400000	1132	10	9.99	0.019	False
HG00740	0	14750	46	8	8.224	0.09	False
HG00740	14750	197625	478	9	8.958	0.029	False
HG00740	197625	217250	42	8	7.98	0.094	False
HG00740	217250	400000	616	9	8.992	0.025	False
HG00741	0	17000	55	11	10.926	0.086	False
HG00741	17000	197000	467	10	10.004	0.031	False
HG00741	197000	216500	42	9	9.001	0.099	False
HG00741	216500	400000	618	10	10.003	0.026	False
HG00742	0	199250	526	10	9.986	0.028	False
HG00742	199250	216875	39	8	8.124	0.099	False
HG00742	216875	400000	617	10	10.025	0.025	False
HG00743	0	14250	44	8	8.629	0.107	True
HG00743	14250	400000	1138	10	9.995	0.021	False
HG00759	0	400000	1182	10	9.994	0.02	False
HG00766	0	400000	1182	10	10.008	0.021	False
HG00844	0	400000	1182	10	9.974	0.019	False
HG00851	0	133000	343	10	10.064	0.034	False
HG00851	133000	138000	20	8	7.911	0.141	False
HG00851	138000	400000	819	10	9.997	0.022	False
HG00864	0	15000	47	9	9.011	0.092	False
HG00864	15000	400000	1135	10	9.992	0.019	False
HG00867	0	14500	45	7	7.657	0.102	True
HG00867	14500	400000	1137	10	10.012	0.021	False
HG00879	0	15500	49	11	10.804	0.095	False
HG00879	15500	400000	1133	10	10.001	0.02	False
HG00881	0	14250	44	8	8.244	0.094	False
HG00881	14250	400000	1138	10	10.019	0.019	False
HG00956	0	14500	45	6	6.965	0.092	True
HG00956	14500	21500	25	9	8.969	0.123	False
HG00956	21500	176875	390	10	10.075	0.033	False
HG00956	176875	186000	30	8	7.982	0.113	False
HG00956	186000	400000	692	10	9.984	0.023	False
HG00978	0	15000	47	9	9.018	0.086	False
HG00978	15000	195000	469	10	10.014	0.028	False
HG00978	195000	217500	51	9	9.004	0.082	False
HG00978	217500	400000	615	10	10.003	0.024	False
HG00982	0	13250	40	10	10.136	0.108	False
HG00982	13250	23125	35	9	9.021	0.116	False
HG00982	23125	400000	1107	10	10.008	0.021	False
HG01028	0	23125	75	9	9.179	0.059	False
HG01028	23125	400000	1107	10	9.97	0.016	False
HG01029	0	133000	343	10	9.98	0.033	False
HG01029	133000	138250	21	8	7.9	0.131	False
HG01029	138250	400000	818	10	10.032	0.021	False
HG01031	0	14250	44	7	7.713	0.096	True
HG01031	14250	197250	479	10	10.006	0.03	False
HG01031	197250	220750	55	9	8.788	0.086	False
HG01031	220750	400000	604	10	9.992	0.026	False
HG01046	0	400000	1182	10	10.015	0.019	False
HG01047	0	16500	53	8	7.913	0.088	False
HG01047	16500	198500	472	9	8.986	0.031	False
HG01047	198500	216875	40	6	6.126	0.102	False
HG01047	216875	400000	617	9	9.001	0.026	False
HG01048	0	199750	527	11	11.009	0.028	False
HG01048	199750	217250	39	10	9.928	0.098	False
HG01048	217250	316250	303	11	10.933	0.036	False
HG01048	316250	400000	313	10	10.042	0.034	False
HG01049	0	23125	75	9	8.901	0.074	False
HG01049	23125	198500	450	10	10.05	0.032	False
HG01049	198500	216875	40	9	9.037	0.102	False
HG01049	216875	400000	617	10	10.016	0.026	False
HG01050	0	193125	510	10	10.053	0.03	False
HG01050	193125	219750	64	9	9.031	0.082	False
HG01050	219750	400000	608	10	9.988	0.027	False
HG01051	0	197625	524	10	9.976	0.03	False
HG01051	197625	216875	41	8	8.105	0.102	False
HG01051	216875	400000	617	10	9.98	0.026	False
HG01052	0	194625	515	11	11.01	0.032	False
HG01052	194625	216000	47	10	10.127	0.103	False
HG01052	216000	269000	160	11	10.91	0.057	False
HG01052	269000	373000	357	10	10.086	0.037	False
HG01052	373000	400000	103	11	10.887	0.069	False
HG01053	0	198500	525	10	10.074	0.031	False
HG01053	198500	216875	40	9	8.875	0.106	False
HG01053	216875	400000	617	10	10.023	0.027	False
HG01054	0	29500	91	10	9.802	0.068	False
HG01054	29500	192125	417	9	9.101	0.033	False
HG01054	192125	219500	65	8	8.259	0.08	False
HG01054	219500	286250	194	9	8.968	0.048	False
HG01054	286250	400000	415	10	10.0	0.031	False
HG01055	0	21000	69	10	10.308	0.082	False
HG01055	21000	26500	18	12	11.725	0.161	False
HG01055	26500	198500	438	10	9.96	0.034	False
HG01055	198500	217250	41	8	7.99	0.107	False
HG01055	217250	283750	192	10	10.059	0.051	False
HG01055	283750	316750	113	11	10.97	0.064	False
HG01055	316750	400000	311	10	9.955	0.038	False
HG01056	0	30250	93	10	9.88	0.063	False
HG01056	30250	194625	422	9	9.073	0.031	False
HG01056	194625	216250	48	8	7.981	0.088	False
HG01056	216250	283750	195	9	9.072	0.045	False
HG01056	283750	400000	424	10	9.97	0.029	False
HG01058	0	19000	62	11	11.336	0.087	False
HG01058	19000	400000	1120	10	9.943	0.021	False
HG01060	0	18250	59	10	10.144	0.086	False
HG01060	18250	263500	647	11	10.937	0.027	False
HG01060	263500	400000	476	10	10.027	0.03	False
HG01061	0	16750	54	9	9.029	0.092	False
HG01061	16750	400000	1128	10	10.017	0.021	False
HG01062	0	17625	57	8	8.158	0.081	False
HG01062	17625	400000	1125	10	10.006	0.019	False
HG01063	0	14500	45	7	7.804	0.095	True
HG01063	14500	20500	23	9	8.91	0.133	False
HG01063	20500	400000	1114	10	9.999	0.02	False
HG01064	0	197250	523	11	10.984	0.034	False
HG01064	197250	216875	42	9	9.21	0.113	False
HG01064	216875	316500	305	11	11.083	0.043	False
HG01064	316500	400000	312	10	9.95	0.041	False
HG01066	0	400000	1182	10	10.01	0.02	False
HG01067	0	23125	75	8	8.085	0.077	False
HG01067	23125	197250	448	10	9.974	0.033	False
HG01067	197250	216250	40	9	8.866	0.105	False
HG01067	216250	400000	619	10	10.024	0.027	False
HG01068	0	23125	75	9	8.854	0.072	False
HG01068	23125	400000	1107	10	9.998	0.019	False
HG01069	0	22000	72	8	8.192	0.06	False
HG01069	22000	400000	1110	10	9.986	0.016	False
HG01070	0	22250	73	9	9.036	0.083	False
HG01070	22250	400000	1109	10	9.981	0.022	False
HG01071	0	24000	77	9	9.165	0.075	False
HG01071	24000	400000	1105	10	9.966	0.02	False
HG01072	0	21500	70	9	8.95	0.084	False
HG01072	21500	400000	1112	10	9.993	0.022	False
HG01073	0	17000	55	11	11.104	0.088	False
HG01073	17000	193500	456	10	9.992	0.032	False
HG01073	193500	218250	59	9	9.045	0.085	False
HG01073	218250	400000	612	10	9.967	0.026	False
HG01074	0	400000	1182	10	9.976	0.02	False
HG01075	0	14250	44	7	7.65	0.094	True
HG01075	14250	21500	26	9	8.831	0.123	False
HG01075	21500	400000	1112	10	10.001	0.019	False
HG01077	0	14250	44	9	8.91	0.098	False
HG01077	14250	400000	1138	10	9.999	0.02	False
HG01079	0	400000	1182	10	10.002	0.018	False
HG01080	0	22000	72	9	9.125	0.079	False
HG01080	22000	400000	1110	10	9.976	0.021	False
HG01081	0	22250	73	9	8.986	0.076	False
HG01081	22250	400000	1109	10	10.013	0.02	False
HG01082	0	195000	516	10	10.027	0.031	False
HG01082	195000	216000	46	9	9.055	0.1	False
HG01082	216000	400000	620	10	9.983	0.027	False
HG01083	0	91250	212	10	10.023	0.041	False
HG01083	91250	400000	970	9	8.969	0.019	False
HG01084	0	400000	1182	10	10.007	0.02	False
HG01085	0	400000	1182	9	8.992	0.018	False
HG01086	0	21750	71	8	8.063	0.077	False
HG01086	21750	400000	1111	10	10.0	0.02	False
HG01087	0	24750	80	9	8.888	0.077	False
HG01087	24750	400000	1102	10	10.005	0.021	False
HG01088	0	24500	79	10	10.042	0.082	False
HG01088	24500	160500	346	11	10.917	0.041	False
HG01088	160500	195500	92	12	12.067	0.08	False
HG01088	195500	216875	48	11	11.172	0.106	False
HG01088	216875	299250	239	13	12.91	0.049	False
HG01088	299250	319250	77	12	11.947	0.08	False
HG01088	319250	400000	301	11	10.945	0.042	False
HG01089	0	194625	515	12	12.04	0.028	False
HG01089	194625	216000	47	11	11.032	0.087	False
HG01089	216000	262750	141	12	11.774	0.052	False
HG01089	262750	400000	479	10	10.074	0.027	False
HG01092	0	400000	1182	10	9.981	0.02	False
HG01094	0	193125	510	10	10.029	0.029	False
HG01094	193125	216875	55	9	8.971	0.085	False
HG01094	216875	400000	617	10	9.998	0.025	False
HG01095	0	132750	342	10	9.972	0.038	False
HG01095	132750	138250	22	8	7.936	0.15	False
HG01095	138250	400000	818	10	9.987	0.024	False
HG01096	0	201625	528	10	9.989	0.028	False
HG01096	201625	216250	35	9	9.063	0.105	False
HG01096	216250	400000	619	10	9.987	0.025	False
HG01097	0	14750	46	8	8.596	0.095	True
HG01097	14750	197250	477	10	9.982	0.031	False
HG01097	197250	216875	42	8	7.923	0.099	False
HG01097	216875	228250	28	9	9.221	0.122	False
HG01097	228250	400000	589	10	10.022	0.027	False
HG01098	0	400000	1182	10	9.974	0.019	False
HG01099	0	14500	45	9	9.355	0.093	True
HG01099	14500	198500	480	10	10.001	0.03	False
HG01099	198500	216875	40	9	8.99	0.098	False
HG01099	216875	400000	617	10	10.037	0.025	False
HG01100	0	23125	75	10	9.891	0.075	False
HG01100	23125	196000	443	11	11.05	0.032	False
HG01100	196000	214875	40	10	9.893	0.102	False
HG01100	214875	316250	311	11	11.02	0.037	False
HG01100	316250	400000	313	10	9.923	0.036	False
HG01101	0	368750	1062	10	10.005	0.02	False
HG01101	368750	400000	120	9	9.17	0.059	False
HG01102	0	400000	1182	10	9.98	0.018	False
HG01103	0	400000	1182	10	10.01	0.02	False
HG01104	0	400000	1182	10	10.001	0.02	False
HG01105	0	23750	76	9	9.009	0.063	False
HG01105	23750	195000	440	10	9.957	0.028	False
HG01105	195000	216500	48	9	9.151	0.079	False
HG01105	216500	400000	618	10	9.988	0.022	False
HG01106	0	194000	513	10	10.011	0.031	False
HG01106	194000	217500	54	9	9.087	0.092	False
HG01106	217500	400000	615	10	10.0	0.027	False
HG01107	0	21500	70	10	10.435	0.083	True
HG01107	21500	198500	455	12	11.994	0.034	False
HG01107	198500	216875	40	9	8.948	0.11	False
HG01107	216875	316500	305	12	11.846	0.041	False
HG01107	316500	400000	312	10	10.079	0.039	False
HG01108	0	400000	1182	10	9.983	0.019	False
HG01109	0	20000	66	9	8.709	0.08	False
HG01109	20000	197625	458	10	10.055	0.032	False
HG01109	197625	216875	41	8	8.386	0.101	True
HG01109	216875	400000	617	10	9.983	0.026	False
HG01110	0	194250	514	10	10.003	0.027	False
HG01110	194250	216875	51	9	9.164	0.083	False
HG01110	216875	400000	617	10	10.024	0.024	False
HG01111	0	198500	525	11	10.968	0.03	False
HG01111	198500	218250	45	9	9.074	0.1	False
HG01111	218250	316500	300	11	10.974	0.039	False
HG01111	316500	400000	312	10	10.021	0.037	False
HG01112	0	400000	1182	10	9.946	0.019	False
HG01113	0	23750	76	11	11.002	0.082	False
HG01113	23750	263750	631	12	11.994	0.03	False
HG01113	263750	400000	475	11	11.025	0.033	False
HG01114	0	22000	72	8	8.14	0.078	False
HG01114	22000	400000	1110	10	9.971	0.02	False
HG01119	0	400000	1182	10	9.982	0.02	False
HG01121	0	21000	69	11	10.904	0.086	False
HG01121	21000	198500	456	10	10.017	0.035	False
HG01121	198500	216500	39	9	9.038	0.114	False
HG01121	216500	400000	618	10	9.995	0.029	False
HG01122	0	16000	51	8	8.23	0.083	False
HG01122	16000	400000	1131	10	9.996	0.018	False
HG01124	0	400000	1182	10	10.023	0.019	False
HG01125	0	263000	704	11	10.952	0.026	False
HG01125	263000	400000	478	10	10.038	0.03	False
HG01126	0	263000	704	11	11.028	0.027	False
HG01126	263000	400000	478	10	10.05	0.032	False
HG01130	0	17000	55	12	11.94	0.085	False
HG01130	17000	400000	1127	10	9.983	0.019	False
HG01131	0	400000	1182	10	10.014	0.019	False
HG01133	0	23125	75	8	8.181	0.071	False
HG01133	23125	400000	1107	10	9.995	0.019	False
HG01134	0	12250	36	9	8.696	0.106	False
HG01134	12250	400000	1146	10	10.01	0.019	False
HG01135	0	24000	77	9	8.823	0.077	False
HG01135	24000	400000	1105	10	10.024	0.021	False
HG01136	0	133000	343	11	10.986	0.037	False
HG01136	133000	138250	21	10	9.585	0.15	False
HG01136	138250	198500	161	11	11.056	0.055	False
HG01136	198500	216875	40	9	9.046	0.105	False
HG01136	216875	316250	304	11	10.918	0.039	False
HG01136	316250	400000	313	10	10.03	0.037	False
HG01137	0	23125	75	9	8.991	0.074	False
HG01137	23125	190500	429	10	10.007	0.033	False
HG01137	190500	228750	91	9	9.132	0.068	False
HG01137	228750	400000	587	10	9.999	0.027	False
HG01138	0	26875	88	9	8.946	0.072	False
HG01138	26875	198500	437	10	10.064	0.034	False
HG01138	198500	227375	65	9	8.754	0.084	False
HG01138	227375	400000	592	10	9.959	0.028	False
HG01139	0	20500	68	9	8.775	0.076	False
HG01139	20500	196250	451	10	10.08	0.031	False
HG01139	196250	216875	46	8	7.855	0.093	False
HG01139	216875	400000	617	10	9.975	0.025	False
HG01140	0	400000	1182	10	9.994	0.02	False
HG01141	0	21750	71	9	8.807	0.075	False
HG01141	21750	190250	432	10	10.005	0.032	False
HG01141	190250	216875	62	9	9.177	0.08	False
HG01141	216875	400000	617	10	10.008	0.026	False
HG01142	0	14000	43	8	8.324	0.098	False
HG01142	14000	400000	1139	10	10.015	0.019	False
HG01148	0	10000	27	9	9.073	0.139	False
HG01148	10000	400000	1155	10	9.986	0.022	False
HG01149	0	195500	517	10	10.042	0.024	False
HG01149	195500	216875	48	9	9.219	0.075	False
HG01149	216875	377750	531	10	9.996	0.022	False
HG01149	377750	400000	86	9	9.063	0.056	False
HG01150	0	10000	27	9	8.651	0.126	False
HG01150	10000	197625	497	10	10.07	0.031	False
HG01150	197625	216875	41	9	8.876	0.102	False
HG01150	216875	400000	617	10	10.007	0.026	False
HG01161	0	197625	524	10	10.028	0.029	False
HG01161	197625	216875	41	8	7.988	0.1	False
HG01161	216875	400000	617	10	10.002	0.026	False
HG01162	0	15500	49	9	9.233	0.099	False
HG01162	15500	197000	473	10	9.967	0.033	False
HG01162	197000	217750	46	9	9.105	0.102	False
HG01162	217750	400000	614	10	10.027	0.028	False
HG01164	0	194000	513	10	9.993	0.03	False
HG01164	194000	217250	53	9	9.109	0.09	False
HG01164	217250	400000	616	10	10.012	0.026	False
HG01167	0	17000	55	10	10.187	0.076	False
HG01167	17000	23125	20	9	8.899	0.126	False
HG01167	23125	400000	1107	10	10.0	0.017	False
HG01168	0	197625	524	10	9.974	0.03	False
HG01168	197625	227375	66	9	9.193	0.082	False
HG01168	227375	400000	592	10	10.033	0.028	False
HG01169	0	21500	70	9	8.647	0.08	True
HG01169	21500	400000	1112	10	10.025	0.021	False
HG01170	0	23750	76	9	8.89	0.072	False
HG01170	23750	400000	1106	10	9.958	0.019	False
HG01171	0	16500	53	10	10.437	0.095	True
HG01171	16500	263000	651	12	11.933	0.028	False
HG01171	263000	400000	478	10	10.047	0.031	False
HG01172	0	14000	43	9	9.443	0.111	True
HG01172	14000	21500	27	10	10.17	0.141	False
HG01172	21500	263000	634	12	12.01	0.03	False
HG01172	263000	400000	478	10	10.063	0.033	False
HG01173	0	400000	1182	9	8.995	0.019	False
HG01174	0	197625	524	10	9.982	0.03	False
HG01174	197625	216875	41	8	8.18	0.102	False
HG01174	216875	400000	617	10	9.995	0.026	False
HG01175	0	400000	1182	10	10.022	0.02	False
HG01176	0	23125	75	9	9.081	0.065	False
HG01176	23125	400000	1107	10	9.995	0.017	False
HG01177	0	21500	70	9	8.919	0.073	False
HG01177	21500	400000	1112	10	9.999	0.019	False
HG01178	0	22250	73	8	8.051	0.074	False
HG01178	22250	400000	1109	10	10.022	0.019	False
HG01182	0	400000	1182	10	10.005	0.02	False
HG01183	0	22250	73	9	9.132	0.066	False
HG01183	22250	400000	1109	10	9.981	0.017	False
HG01184	0	23125	75	9	8.851	0.075	False
HG01184	23125	400000	1107	10	10.004	0.02	False
HG01187	0	400000	1182	10	10.018	0.019	False
HG01188	0	23125	75	9	9.11	0.082	False
HG01188	23125	400000	1107	10	10.001	0.022	False
HG01189	0	400000	1182	10	10.002	0.021	False
HG01190	0	400000	1182	10	10.023	0.019	False
HG01191	0	20500	68	11	11.044	0.071	False
HG01191	20500	198500	457	10	9.969	0.029	False
HG01191	198500	216875	40	8	7.964	0.092	False
HG01191	216875	400000	617	10	9.984	0.024	False
HG01192	0	195500	517	10	9.987	0.029	False
HG01192	195500	216875	48	9	9.074	0.091	False
HG01192	216875	400000	617	10	9.964	0.026	False
HG01197	0	271000	724	11	10.952	0.026	False
HG01197	271000	400000	458	10	10.043	0.031	False
HG01198	0	15750	50	11	11.104	0.092	False
HG01198	15750	400000	1132	10	10.011	0.02	False
HG01199	0	400000	1182	10	9.987	0.018	False
HG01200	0	14250	44	9	9.225	0.101	False
HG01200	14250	400000	1138	10	9.975	0.02	False
HG01204	0	400000	1182	8	7.997	0.018	False
HG01205	0	16500	53	12	12.05	0.091	False
HG01205	16500	197625	471	11	11.058	0.032	False
HG01205	197625	216875	41	8	8.194	0.103	False
HG01205	216875	316500	305	11	10.922	0.039	False
HG01205	316500	400000	312	10	10.074	0.037	False
HG01206	0	18250	59	9	9.028	0.081	False
HG01206	18250	198500	466	8	7.999	0.03	False
HG01206	198500	217250	41	7	7.124	0.097	False
HG01206	217250	400000	616	8	8.022	0.025	False
HG01241	0	29000	90	9	9.315	0.069	False
HG01241	29000	194625	425	10	9.923	0.034	False
HG01241	194625	220250	61	9	9.118	0.084	False
HG01241	220250	400000	606	10	9.972	0.027	False
HG01242	0	198500	525	10	9.992	0.031	False
HG01242	198500	216875	40	8	8.106	0.106	False
HG01242	216875	400000	617	10	10.025	0.027	False
HG01243	0	22500	74	9	8.893	0.072	False
HG01243	22500	198500	451	10	10.053	0.031	False
HG01243	198500	214875	33	9	9.043	0.108	False
HG01243	214875	400000	624	10	9.98	0.025	False
HG01247	0	19250	63	9	9.18	0.085	False
HG01247	19250	400000	1119	10	9.992	0.021	False
HG01248	0	23125	75	10	10.065	0.07	False
HG01248	23125	198500	450	11	10.983	0.03	False
HG01248	198500	227375	65	10	9.799	0.075	False
HG01248	227375	316500	280	11	10.97	0.037	False
HG01248	316500	400000	312	10	9.987	0.034	False
HG01249	0	400000	1182	10	9.985	0.019	False
HG01250	0	400000	1182	10	10.008	0.018	False
HG01251	0	195500	517	10	9.998	0.031	False
HG01251	195500	217750	51	9	9.008	0.094	False
HG01251	217750	400000	614	10	10.012	0.027	False
HG01252	0	197250	523	10	10.0	0.029	False
HG01252	197250	227375	67	9	9.04	0.077	False
HG01252	227375	400000	592	10	9.978	0.026	False
HG01253	0	205875	532	10	10.001	0.028	False
HG01253	205875	216000	30	9	8.925	0.111	False
HG01253	216000	400000	620	10	10.013	0.025	False
HG01254	0	10250	28	8	8.167	0.12	False
HG01254	10250	22500	46	9	8.84	0.094	False
HG01254	22500	400000	1108	10	9.982	0.02	False
HG01255	0	22500	74	9	8.968	0.067	False
HG01255	22500	196000	444	10	9.982	0.029	False
HG01255	196000	217500	49	9	9.139	0.083	False
HG01255	217500	400000	615	10	9.966	0.023	False
HG01256	0	132500	341	10	10.023	0.035	False
HG01256	132500	138000	22	8	8.166	0.135	False
HG01256	138000	400000	819	10	9.95	0.022	False
HG01257	0	14250	44	9	8.965	0.096	False
HG01257	14250	400000	1138	10	9.996	0.019	False
HG01258	0	400000	1182	10	9.992	0.02	False
HG01259	0	263250	705	11	10.992	0.026	False
HG01259	263250	400000	477	10	9.994	0.031	False
HG01260	0	14500	45	8	8.302	0.096	False
HG01260	14500	400000	1137	10	9.972	0.02	False
HG01261	0	10000	27	8	8.259	0.126	False
HG01261	10000	400000	1155	10	9.982	0.02	False
HG01269	0	17000	55	11	11.644	0.082	True
HG01269	17000	196750	466	10	10.015	0.03	False
HG01269	196750	216500	43	9	9.07	0.093	False
HG01269	216500	400000	618	10	9.989	0.025	False
HG01271	0	20250	67	10	10.292	0.085	False
HG01271	20250	29500	24	12	12.157	0.141	False
HG01271	29500	198500	434	11	10.973	0.035	False
HG01271	198500	216875	40	9	8.784	0.11	False
HG01271	216875	258250	125	11	10.918	0.064	False
HG01271	258250	400000	492	10	10.033	0.031	False
HG01272	0	15000	47	9	8.993	0.1	False
HG01272	15000	201625	481	10	9.961	0.033	False
HG01272	201625	217250	38	9	8.881	0.111	False
HG01272	217250	400000	616	10	9.996	0.028	False
HG01273	0	194250	514	11	11.024	0.031	False
HG01273	194250	216875	51	10	9.978	0.094	False
HG01273	216875	263250	140	11	10.916	0.059	False
HG01273	263250	400000	477	10	9.997	0.031	False
HG01274	0	14000	43	11	10.996	0.098	False
HG01274	14000	400000	1139	10	10.015	0.019	False
HG01275	0	400000	1182	10	10.0	0.02	False
HG01276	0	400000	1182	10	10.023	0.021	False
HG01277	0	10000	27	10	10.077	0.126	False
HG01277	10000	17625	30	11	11.126	0.119	False
HG01277	17625	400000	1125	10	9.994	0.02	False
HG01278	0	10250	28	9	8.743	0.119	False
HG01278	10250	197000	494	10	9.974	0.03	False
HG01278	197000	215750	39	9	8.965	0.101	False
HG01278	215750	400000	621	10	9.998	0.025	False
HG01279	0	10250	28	10	10.042	0.122	False
HG01279	10250	17250	28	11	11.342	0.122	False
HG01279	17250	196000	462	10	9.969	0.032	False
HG01279	196000	217250	48	9	9.106	0.094	False
HG01279	217250	400000	616	10	10.026	0.026	False
HG01280	0	197250	523	10	10.019	0.032	False
HG01280	197250	217250	43	9	8.808	0.108	False
HG01280	217250	400000	616	10	10.009	0.029	False
HG01281	0	400000	1182	10	9.988	0.02	False
HG01284	0	400000	1182	10	9.971	0.02	False
HG01286	0	21750	71	7	7.38	0.075	True
HG01286	21750	400000	1111	10	9.996	0.019	False
HG01302	0	197000	522	10	10.02	0.029	False
HG01302	197000	217750	46	9	9.005	0.093	False
HG01302	217750	400000	614	10	9.984	0.026	False
HG01303	0	400000	1182	10	10.007	0.019	False
HG01305	0	18000	58	13	13.155	0.086	False
HG01305	18000	263250	647	12	11.936	0.027	False
HG01305	263250	400000	477	10	10.067	0.03	False
HG01308	0	400000	1182	10	9.982	0.021	False
HG01311	0	15750	50	11	10.994	0.091	False
HG01311	15750	198500	475	10	10.001	0.031	False
HG01311	198500	228250	68	9	9.311	0.078	False
HG01311	228250	400000	589	10	9.969	0.027	False
HG01312	0	193125	510	10	10.01	0.031	False
HG01312	193125	217750	58	9	9.217	0.087	False
HG01312	217750	400000	614	10	9.994	0.027	False
HG01323	0	16500	53	13	13.058	0.092	False
HG01323	16500	198500	472	11	10.93	0.032	False
HG01323	198500	217250	41	9	9.302	0.104	False
HG01323	217250	318250	311	11	10.949	0.039	False
HG01323	318250	400000	305	10	9.99	0.038	False
HG01325	0	25000	81	9	8.924	0.076	False
HG01325	25000	400000	1101	10	9.979	0.021	False
HG01326	0	23750	76	9	8.894	0.075	False
HG01326	23750	400000	1106	10	10.013	0.02	False
HG01334	0	400000	1182	10	9.976	0.02	False
HG01341	0	193750	512	10	10.003	0.03	False
HG01341	193750	216875	53	9	9.192	0.088	False
HG01341	216875	400000	617	10	9.996	0.026	False
HG01342	0	197000	522	10	9.968	0.033	False
HG01342	197000	215750	39	9	8.948	0.114	False
HG01342	215750	400000	621	10	10.023	0.029	False
HG01343	0	16500	53	9	9.101	0.086	False
HG01343	16500	197625	471	10	9.948	0.03	False
HG01343	197625	216875	41	9	8.968	0.098	False
HG01343	216875	400000	617	10	10.014	0.025	False
HG01344	0	23125	75	8	8.239	0.076	False
HG01344	23125	400000	1107	10	9.971	0.02	False
HG01345	0	10250	28	8	8.235	0.114	False
HG01345	10250	127250	294	10	9.982	0.037	False
HG01345	127250	138000	41	9	9.057	0.096	False
HG01345	138000	400000	819	10	10.033	0.021	False
HG01346	0	22250	73	9	8.72	0.077	False
HG01346	22250	400000	1109	10	10.006	0.02	False
HG01347	0	16750	54	11	11.02	0.092	False
HG01347	16750	21750	17	9	8.778	0.165	False
HG01347	21750	193125	439	10	9.978	0.034	False
HG01347	193125	216875	55	9	8.956	0.092	False
HG01347	216875	400000	617	10	9.995	0.027	False
HG01348	0	400000	1182	10	9.99	0.018	False
HG01349	0	16500	53	12	12.032	0.094	False
HG01349	16500	195500	464	10	10.052	0.033	False
HG01349	195500	213125	36	9	8.552	0.114	True
HG01349	213125	400000	629	10	9.97	0.027	False
HG01350	0	18250	59	11	10.872	0.082	False
HG01350	18250	400000	1123	10	9.988	0.019	False
HG01351	0	196000	518	10	10.001	0.031	False
HG01351	196000	215250	41	9	8.906	0.105	False
HG01351	215250	400000	623	10	10.024	0.027	False
HG01352	0	11750	34	11	10.978	0.11	False
HG01352	11750	197000	488	10	9.998	0.03	False
HG01352	197000	218250	48	9	9.031	0.092	False
HG01352	218250	400000	612	10	10.002	0.026	False
HG01353	0	400000	1182	10	10.007	0.016	False
HG01354	0	19000	62	11	11.004	0.078	False
HG01354	19000	198500	463	10	10.045	0.03	False
HG01354	198500	216875	40	7	6.914	0.098	False
HG01354	216875	400000	617	10	9.975	0.025	False
HG01355	0	17000	55	11	10.972	0.085	False
HG01355	17000	196500	465	10	9.988	0.031	False
HG01355	196500	216000	42	9	9.056	0.097	False
HG01355	216000	400000	620	10	9.987	0.025	False
HG01356	0	23125	75	9	9.048	0.076	False
HG01356	23125	400000	1107	10	10.017	0.02	False
HG01357	0	16000	51	11	11.064	0.097	False
HG01357	16000	201625	477	10	9.932	0.033	False
HG01357	201625	217750	40	8	8.224	0.11	False
HG01357	217750	400000	614	10	10.022	0.028	False
HG01358	0	16500	53	11	10.906	0.09	False
HG01358	16500	208250	482	10	10.02	0.031	False
HG01358	208250	216875	30	9	8.913	0.12	False
HG01358	216875	400000	617	10	10.019	0.027	False
HG01359	0	400000	1182	10	9.979	0.02	False
HG01360	0	16000	51	10	9.907	0.085	False
HG01360	16000	23750	25	9	8.948	0.122	False
HG01360	23750	400000	1106	10	10.014	0.019	False
HG01361	0	400000	1182	10	10.025	0.018	False
HG01362	0	400000	1182	10	9.993	0.019	False
HG01363	0	16750	54	11	10.951	0.089	False
HG01363	16750	196000	464	10	10.03	0.032	False
HG01363	196000	216875	47	9	8.916	0.096	False
HG01363	216875	400000	617	10	9.986	0.026	False
HG01365	0	15250	48	8	8.202	0.092	False
HG01365	15250	31250	49	9	9.093	0.092	False
HG01365	31250	400000	1085	10	9.981	0.02	False
HG01366	0	197625	524	10	10.055	0.029	False
HG01366	197625	215500	36	9	8.922	0.106	False
HG01366	215500	400000	622	10	9.982	0.026	False
HG01367	0	14500	45	8	8.589	0.102	True
HG01367	14500	193125	465	10	9.995	0.033	False
HG01367	193125	216250	53	9	9.086	0.094	False
HG01367	216250	400000	619	10	9.987	0.028	False
HG01369	0	400000	1182	10	9.979	0.019	False
HG01372	0	400000	1182	10	9.971	0.019	False
HG01374	0	13000	39	8	8.35	0.1	True
HG01374	13000	400000	1143	10	9.991	0.019	False
HG01375	0	131250	336	10	10.006	0.036	False
HG01375	131250	138250	28	9	8.918	0.123	False
HG01375	138250	400000	818	10	10.021	0.022	False
HG01376	0	10250	28	9	9.044	0.115	False
HG01376	10250	400000	1154	10	9.984	0.018	False
HG01377	0	22250	73	9	9.337	0.078	False
HG01377	22250	198500	452	11	10.934	0.033	False
HG01377	198500	216875	40	9	9.092	0.105	False
HG01377	216875	317500	309	11	11.019	0.039	False
HG01377	317500	400000	308	10	9.992	0.038	False
HG01378	0	18250	59	11	11.11	0.074	False
HG01378	18250	132500	282	10	9.943	0.035	False
HG01378	132500	138000	22	8	7.996	0.124	False
HG01378	138000	400000	819	10	10.04	0.02	False
HG01379	0	16250	52	11	10.976	0.092	False
HG01379	16250	22500	22	10	9.722	0.141	False
HG01379	22500	197625	450	11	11.064	0.033	False
HG01379	197625	216250	39	9	9.016	0.106	False
HG01379	216250	316500	307	11	10.99	0.039	False
HG01379	316500	400000	312	10	10.019	0.037	False
HG01383	0	400000	1182	10	10.016	0.021	False
HG01384	0	400000	1182	10	10.004	0.019	False
HG01385	0	16750	54	11	10.902	0.092	False
HG01385	16750	400000	1128	10	10.014	0.021	False
HG01389	0	197625	524	10	9.991	0.029	False
HG01389	197625	216875	41	9	8.931	0.101	False
HG01389	216875	400000	617	10	10.003	0.026	False
HG01390	0	400000	1182	10	9.983	0.02	False
HG01391	0	193125	510	10	10.019	0.03	False
HG01391	193125	217750	58	9	9.18	0.086	False
HG01391	217750	400000	614	10	9.999	0.026	False
HG01392	0	21750	71	8	8.301	0.076	False
HG01392	21750	400000	1111	10	9.96	0.02	False
HG01393	0	18000	58	9	9.187	0.09	False
HG01393	18000	275125	674	10	9.971	0.027	False
HG01393	275125	325500	172	9	8.925	0.052	False
HG01393	325500	400000	278	10	10.01	0.04	False
HG01395	0	198500	525	11	11.001	0.03	False
HG01395	198500	217250	41	10	9.914	0.104	False
HG01395	217250	316500	304	11	10.922	0.039	False
HG01395	316500	400000	312	10	10.037	0.037	False
HG01396	0	400000	1182	10	10.008	0.019	False
HG01398	0	14250	44	8	8.19	0.096	False
HG01398	14250	20500	24	9	9.105	0.13	False
HG01398	20500	198500	457	10	9.982	0.031	False
HG01398	198500	216875	40	8	8.138	0.1	False
HG01398	216875	400000	617	10	9.993	0.026	False
HG01402	0	400000	1182	10	10.021	0.02	False
HG01403	0	15250	48	9	9.124	0.094	False
HG01403	15250	400000	1134	10	9.97	0.02	False
HG01405	0	16750	54	13	12.912	0.093	False
HG01405	16750	205250	477	12	11.992	0.033	False
HG01405	205250	228250	62	11	11.067	0.087	False
HG01405	228250	263250	112	12	11.893	0.067	False
HG01405	263250	316500	165	11	11.074	0.054	False
HG01405	316500	400000	312	10	10.004	0.038	False
HG01412	0	10500	29	10	9.843	0.125	False
HG01412	10500	20250	38	9	9.079	0.109	False
HG01412	20250	400000	1115	10	10.01	0.021	False
HG01413	0	318000	876	11	10.995	0.024	False
HG01413	318000	400000	306	10	9.973	0.039	False
HG01414	0	21500	70	10	9.845	0.078	False
HG01414	21500	262000	630	11	11.016	0.027	False
HG01414	262000	400000	482	10	10.043	0.029	False
HG01431	0	17000	55	11	11.655	0.084	True
HG01431	17000	208500	481	10	10.024	0.03	False
HG01431	208500	216875	29	9	8.955	0.116	False
HG01431	216875	400000	617	10	9.987	0.025	False
HG01432	0	400000	1182	10	10.003	0.021	False
HG01433	0	194625	515	10	10.049	0.029	False
HG01433	194625	217250	51	9	8.849	0.088	False
HG01433	217250	400000	616	10	10.012	0.025	False
HG01435	0	14500	45	8	8.566	0.097	True
HG01435	14500	400000	1137	10	10.007	0.02	False
HG01437	0	193125	510	9	9.032	0.028	False
HG01437	193125	214875	48	8	8.093	0.087	False
HG01437	214875	400000	624	9	8.999	0.024	False
HG01438	0	400000	1182	10	9.987	0.018	False
HG01439	0	195000	516	10	10.024	0.029	False
HG01439	195000	216500	48	9	8.91	0.091	False
HG01439	216500	400000	618	10	10.026	0.025	False
HG01440	0	29000	90	8	8.194	0.066	False
HG01440	29000	400000	1092	9	9.007	0.019	False
HG01441	0	28000	89	9	8.849	0.068	False
HG01441	28000	400000	1093	10	10.008	0.02	False
HG01443	0	14250	44	8	8.829	0.105	True
HG01443	14250	400000	1138	10	9.996	0.021	False
HG01444	0	260750	695	11	10.985	0.029	False
HG01444	260750	400000	487	10	10.013	0.033	False
HG01447	0	14500	45	8	8.589	0.101	True
HG01447	14500	198500	480	10	10.027	0.032	False
HG01447	198500	216875	40	8	8.097	0.107	False
HG01447	216875	400000	617	10	9.977	0.027	False
HG01455	0	21500	70	8	7.857	0.087	False
HG01455	21500	400000	1112	10	9.999	0.022	False
HG01456	0	10250	28	9	8.979	0.125	False
HG01456	10250	400000	1154	10	10.016	0.02	False
HG01457	0	20500	68	9	9.209	0.083	False
HG01457	20500	400000	1114	10	9.991	0.021	False
HG01459	0	15750	50	11	11.117	0.097	False
HG01459	15750	400000	1132	10	9.991	0.021	False
HG01461	0	198500	525	11	11.073	0.032	False
HG01461	198500	216875	40	9	9.009	0.112	False
HG01461	216875	315750	302	11	10.891	0.041	False
HG01461	315750	400000	315	10	10.019	0.039	False
HG01462	0	400000	1182	10	9.991	0.02	False
HG01463	0	198500	525	11	10.989	0.031	False
HG01463	198500	216000	37	9	9.145	0.113	False
HG01463	216000	316500	308	11	11.018	0.04	False
HG01463	316500	400000	312	10	9.971	0.038	False
HG01464	0	16750	54	11	11.077	0.089	False
HG01464	16750	400000	1128	10	10.023	0.02	False
HG01465	0	400000	1182	10	10.011	0.02	False
HG01466	0	16000	51	11	10.98	0.093	False
HG01466	16000	400000	1131	10	10.005	0.02	False
HG01468	0	400000	1182	10	9.997	0.02	False
HG01474	0	16750	54	8	8.584	0.09	True
HG01474	16750	21750	17	7	6.649	0.16	False
HG01474	21750	196250	448	10	9.981	0.033	False
HG01474	196250	216250	44	9	8.903	0.1	False
HG01474	216250	400000	619	10	9.992	0.027	False
HG01479	0	16750	54	11	11.11	0.091	False
HG01479	16750	400000	1128	10	10.007	0.02	False
HG01485	0	16000	51	11	10.998	0.089	False
HG01485	16000	196750	470	10	10.016	0.031	False
HG01485	196750	216875	44	8	8.011	0.096	False
HG01485	216875	400000	617	10	10.021	0.026	False
HG01486	0	28000	89	12	11.847	0.07	False
HG01486	28000	198500	436	11	11.024	0.033	False
HG01486	198500	216875	40	8	7.961	0.105	False
HG01486	216875	316500	305	11	10.882	0.039	False
HG01486	316500	400000	312	10	10.004	0.037	False
HG01488	0	29500	91	9	8.917	0.067	False
HG01488	29500	400000	1091	10	9.988	0.02	False
HG01489	0	14250	44	11	10.845	0.103	False
HG01489	14250	400000	1138	10	9.997	0.021	False
HG01490	0	194625	515	10	10.017	0.03	False
HG01490	194625	216875	50	9	9.072	0.092	False
HG01490	216875	400000	617	10	9.947	0.026	False
HG01491	0	8250	20	10	9.832	0.124	False
HG01491	8250	14750	26	9	8.862	0.108	False
HG01491	14750	400000	1136	10	9.976	0.017	False
HG01492	0	400000	1182	10	10.004	0.022	False
HG01493	0	400000	1182	10	9.989	0.019	False
HG01494	0	400000	1182	10	10.008	0.021	False
HG01495	0	23750	76	10	9.666	0.081	False
HG01495	23750	116250	217	11	11.066	0.05	False
HG01495	116250	198500	232	12	12.016	0.049	False
HG01495	198500	216875	40	11	10.755	0.111	False
HG01495	216875	400000	617	12	12.022	0.028	False
HG01496	0	22000	72	9	8.967	0.071	False
HG01496	22000	400000	1110	10	9.983	0.019	False
HG01497	0	400000	1182	10	10.017	0.02	False
HG01498	0	400000	1182	10	9.995	0.02	False
HG01499	0	400000	1182	10	9.995	0.022	False
HG01500	0	21500	70	9	8.791	0.082	False
HG01500	21500	400000	1112	10	10.012	0.021	False
HG01501	0	16250	52	11	11.099	0.086	False
HG01501	16250	400000	1130	10	9.988	0.019	False
HG01502	0	21750	71	9	9.24	0.078	False
HG01502	21750	400000	1111	10	9.957	0.02	False
HG01503	0	400000	1182	10	9.974	0.022	False
HG01504	0	19750	65	9	9.039	0.086	False
HG01504	19750	400000	1117	10	10.013	0.021	False
HG01505	0	25250	82	9	9.257	0.079	False
HG01505	25250	400000	1100	10	10.01	0.022	False
HG01506	0	16000	51	11	11.177	0.095	False
HG01506	16000	400000	1131	10	9.975	0.021	False
HG01507	0	16750	54	11	11.17	0.1	False
HG01507	16750	400000	1128	10	9.982	0.022	False
HG01508	0	17625	57	11	11.246	0.084	False
HG01508	17625	400000	1125	10	9.977	0.019	False
HG01509	0	400000	1182	10	10.015	0.022	False
HG01510	0	189000	498	10	10.034	0.033	False
HG01510	189000	217500	69	9	9.096	0.086	False
HG01510	217500	400000	615	10	10.022	0.029	False
HG01511	0	196250	519	10	10.05	0.028	False
HG01511	196250	216875	46	9	8.894	0.09	False
HG01511	216875	400000	617	10	10.021	0.025	False
HG01512	0	282000	751	9	8.969	0.027	False
HG01512	282000	400000	431	10	10.015	0.034	False
HG01513	0	18500	60	9	9.284	0.089	False
HG01513	18500	29500	31	11	10.874	0.124	False
HG01513	29500	194625	424	10	9.966	0.035	False
HG01513	194625	215250	44	9	8.903	0.104	False
HG01513	215250	400000	623	10	9.985	0.028	False
HG01514	0	197250	523	9	8.996	0.03	False
HG01514	197250	218000	46	8	8.015	0.096	False
HG01514	218000	284750	193	9	9.013	0.049	False
HG01514	284750	400000	420	10	9.989	0.032	False
HG01515	0	17000	55	11	10.946	0.09	False
HG01515	17000	400000	1127	10	9.991	0.02	False
HG01516	0	22500	74	9	9.031	0.078	False
HG01516	22500	400000	1108	10	10.012	0.021	False
HG01517	0	400000	1182	11	10.982	0.02	False
HG01518	0	194250	514	10	9.95	0.028	False
HG01518	194250	217250	52	9	9.183	0.084	False
HG01518	217250	400000	616	10	9.989	0.024	False
HG01519	0	400000	1182	10	10.002	0.019	False
HG01520	0	197250	523	10	10.095	0.032	False
HG01520	197250	215500	37	9	8.884	0.115	False
HG01520	215500	400000	622	10	9.987	0.028	False
HG01521	0	197625	524	11	10.964	0.03	False
HG01521	197625	215250	35	9	9.127	0.111	False
HG01521	215250	227375	31	10	10.089	0.118	False
HG01521	227375	317000	282	11	11.008	0.04	False
HG01521	317000	400000	310	10	9.968	0.037	False
HG01522	0	198500	525	11	10.988	0.031	False
HG01522	198500	216875	40	9	9.162	0.109	False
HG01522	216875	316750	306	11	11.055	0.04	False
HG01522	316750	400000	311	10	10.033	0.039	False
HG01523	0	197625	524	11	11.024	0.029	False
HG01523	197625	216875	41	9	9.05	0.098	False
HG01523	216875	317500	309	11	10.893	0.036	False
HG01523	317500	400000	308	10	10.085	0.035	False
HG01524	0	400000	1182	10	10.026	0.02	False
HG01525	0	11250	32	9	9.098	0.12	False
HG01525	11250	16250	20	7	7.47	0.151	True
HG01525	16250	26000	33	9	9.032	0.118	False
HG01525	26000	400000	1097	10	10.012	0.021	False
HG01526	0	11750	34	9	9.291	0.108	False
HG01526	11750	18000	24	8	8.143	0.128	False
HG01526	18000	196000	460	10	9.993	0.031	False
HG01526	196000	227375	72	9	9.108	0.074	False
HG01526	227375	400000	592	10	10.004	0.026	False
HG01527	0	17250	56	11	11.363	0.09	True
HG01527	17250	198500	469	10	9.983	0.032	False
HG01527	198500	216875	40	8	8.007	0.106	False
HG01527	216875	400000	617	10	9.991	0.027	False
HG01528	0	18250	59	11	11.074	0.087	False
HG01528	18250	400000	1123	10	9.984	0.02	False
HG01529	0	400000	1182	10	9.987	0.019	False
HG01530	0	22250	73	8	8.252	0.083	False
HG01530	22250	198500	452	10	9.95	0.035	False
HG01530	198500	217250	41	9	8.79	0.11	False
HG01530	217250	400000	616	10	9.971	0.029	False
HG01531	0	21750	71	9	8.981	0.078	False
HG01531	21750	400000	1111	10	10.013	0.02	False
HG01532	0	400000	1182	10	10.017	0.019	False
HG01536	0	15500	49	9	9.249	0.107	False
HG01536	15500	400000	1133	10	10.012	0.023	False
HG01537	0	400000	1182	10	9.996	0.019	False
HG01538	0	400000	1182	10	9.981	0.018	False
HG01550	0	400000	1182	10	9.995	0.02	False
HG01551	0	400000	1182	10	10.017	0.02	False
HG01552	0	23125	75	9	8.998	0.079	False
HG01552	23125	400000	1107	10	9.987	0.021	False
HG01556	0	15250	48	8	8.453	0.1	True
HG01556	15250	197625	476	10	9.924	0.033	False
HG01556	197625	216500	40	8	7.982	0.11	False
HG01556	216500	400000	618	10	10.002	0.028	False
HG01565	0	16000	51	9	8.902	0.08	False
HG01565	16000	400000	1131	10	10.023	0.017	False
HG01566	0	400000	1182	10	10.019	0.019	False
HG01567	0	400000	1182	10	10.017	0.02	False
HG01571	0	400000	1182	10	10.005	0.018	False
HG01572	0	16250	52	9	9.04	0.099	False
HG01572	16250	400000	1130	10	9.984	0.022	False
HG01573	0	400000	1182	10	9.993	0.022	False
HG01577	0	15000	47	9	9.183	0.102	False
HG01577	15000	132500	294	10	9.934	0.043	False
HG01577	132500	138250	23	9	8.679	0.15	False
HG01577	138250	198500	161	10	9.998	0.058	False
HG01577	198500	228000	67	9	9.191	0.085	False
HG01577	228000	272875	135	10	9.976	0.063	False
HG01577	272875	325250	176	9	8.861	0.053	False
HG01577	325250	400000	279	10	10.07	0.041	False
HG01578	0	400000	1182	10	9.987	0.018	False
HG01579	0	195500	517	10	9.98	0.028	False
HG01579	195500	227375	73	9	9.282	0.073	False
HG01579	227375	400000	592	10	9.991	0.026	False
HG01583	0	400000	1182	10	9.992	0.02	False
HG01586	0	400000	1182	10	10.003	0.019	False
HG01589	0	15000	47	8	8.404	0.092	True
HG01589	15000	22500	27	9	9.068	0.122	False
HG01589	22500	400000	1108	10	9.982	0.019	False
HG01593	0	196750	521	10	9.997	0.028	False
HG01593	196750	216500	43	9	9.112	0.092	False
HG01593	216500	400000	618	10	9.995	0.024	False
HG01595	0	400000	1182	10	10.009	0.019	False
HG01596	0	14750	46	9	9.059	0.091	False
HG01596	14750	400000	1136	10	9.992	0.019	False
HG01597	0	14250	44	8	8.701	0.101	True
HG01597	14250	400000	1138	10	10.021	0.02	False
HG01598	0	9750	26	9	9.081	0.123	False
HG01598	9750	14500	19	8	7.585	0.144	False
HG01598	14500	400000	1137	10	9.997	0.019	False
HG01599	0	400000	1182	10	10.006	0.019	False
HG01600	0	14250	44	7	7.735	0.094	True
HG01600	14250	195500	473	10	10.0	0.03	False
HG01600	195500	218000	52	9	8.935	0.087	False
HG01600	218000	400000	613	10	10.012	0.025	False
HG01601	0	21500	70	9	9.053	0.074	False
HG01601	21500	400000	1112	10	10.017	0.019	False
HG01602	0	400000	1182	10	9.969	0.02	False
HG01603	0	400000	1182	10	10.022	0.02	False
HG01604	0	22500	74	10	10.204	0.078	False
HG01604	22500	400000	1108	11	10.958	0.021	False
HG01605	0	22500	74	9	9.11	0.076	False
HG01605	22500	400000	1108	10	9.962	0.02	False
HG01606	0	400000	1182	10	10.03	0.021	False
HG01607	0	198500	525	12	11.971	0.032	False
HG01607	198500	217250	41	9	9.1	0.11	False
HG01607	217250	316750	305	12	12.051	0.041	False
HG01607	316750	400000	311	11	11.001	0.039	False
HG01608	0	199250	526	10	9.986	0.032	False
HG01608	199250	216875	39	8	8.124	0.113	False
HG01608	216875	400000	617	10	10.034	0.029	False
HG01609	0	198500	525	11	11.022	0.028	False
HG01609	198500	216875	40	7	7.066	0.099	False
HG01609	216875	317000	307	11	10.988	0.036	False
HG01609	317000	400000	310	10	10.099	0.035	False
HG01610	0	197250	523	11	11.03	0.033	False
HG01610	197250	216000	39	9	8.99	0.116	False
HG01610	216000	316000	306	11	10.973	0.042	False
HG01610	316000	400000	314	10	10.042	0.04	False
HG01611	0	13750	42	9	9.535	0.102	True
HG01611	13750	21500	28	10	10.064	0.124	False
HG01611	21500	197625	454	11	11.017	0.032	False
HG01611	197625	216875	41	9	8.904	0.103	False
HG01611	216875	316500	305	11	10.941	0.038	False
HG01611	316500	400000	312	10	10.019	0.037	False
HG01612	0	14250	44	8	8.332	0.094	False
HG01612	14250	20500	24	9	8.936	0.127	False
HG01612	20500	132500	273	10	9.972	0.039	False
HG01612	132500	138250	23	9	8.696	0.133	False
HG01612	138250	400000	818	10	10.003	0.022	False
HG01613	0	17625	57	11	11.029	0.087	False
HG01613	17625	400000	1125	10	9.96	0.02	False
HG01614	0	21500	70	11	11.05	0.076	False
HG01614	21500	193125	440	10	10.062	0.032	False
HG01614	193125	216875	55	9	8.895	0.086	False
HG01614	216875	400000	617	10	10.0	0.026	False
HG01615	0	21750	71	7	7.229	0.074	False
HG01615	21750	400000	1111	10	9.983	0.019	False
HG01616	0	400000	1182	10	9.965	0.019	False
HG01617	0	400000	1182	10	10.012	0.021	False
HG01618	0	366375	1057	10	9.975	0.021	False
HG01618	366375	378750	43	11	10.981	0.102	False
HG01618	378750	400000	82	10	10.045	0.075	False
HG01619	0	400000	1182	10	9.988	0.019	False
HG01620	0	204125	530	10	10.004	0.031	False
HG01620	204125	216875	35	9	9.022	0.114	False
HG01620	216875	400000	617	10	9.978	0.027	False
HG01621	0	400000	1182	10	9.975	0.021	False
HG01622	0	21750	71	9	9.209	0.073	False
HG01622	21750	400000	1111	10	9.992	0.019	False
HG01623	0	400000	1182	10	9.993	0.02	False
HG01624	0	21750	71	9	9.145	0.083	False
HG01624	21750	400000	1111	10	9.995	0.021	False
HG01625	0	29500	91	9	9.332	0.07	False
HG01625	29500	199250	435	11	10.966	0.034	False
HG01625	199250	216875	39	8	8.193	0.107	False
HG01625	216875	316500	305	11	11.062	0.039	False
HG01625	316500	400000	312	10	10.033	0.037	False
HG01626	0	400000	1182	10	9.954	0.018	False
HG01627	0	400000	1182	10	9.992	0.019	False
HG01628	0	23125	75	8	8.326	0.081	False
HG01628	23125	133000	268	10	9.765	0.045	False
HG01628	133000	138250	21	6	6.258	0.157	False
HG01628	138250	196750	157	10	10.095	0.059	False
HG01628	196750	217500	46	9	8.978	0.103	False
HG01628	217500	400000	615	10	10.018	0.028	False
HG01629	0	23125	75	9	9.036	0.073	False
HG01629	23125	133000	268	10	9.895	0.041	False
HG01629	133000	138250	21	7	7.182	0.142	False
HG01629	138250	400000	818	10	10.026	0.022	False
HG01630	0	197625	524	10	9.947	0.031	False
HG01630	197625	213125	29	9	8.637	0.128	False
HG01630	213125	400000	629	10	10.02	0.028	False
HG01631	0	16500	53	9	9.02	0.092	False
HG01631	16500	195000	463	10	9.975	0.033	False
HG01631	195000	218000	53	9	9.22	0.092	False
HG01631	218000	400000	613	10	9.973	0.027	False
HG01632	0	21500	70	8	8.034	0.079	False
HG01632	21500	195500	447	10	9.982	0.033	False
HG01632	195500	217250	49	9	8.987	0.094	False
HG01632	217250	400000	616	10	10.016	0.027	False
HG01633	0	20500	68	8	8.175	0.076	False
HG01633	20500	196500	452	10	10.033	0.031	False
HG01633	196500	217250	46	8	8.196	0.092	False
HG01633	217250	400000	616	10	10.003	0.025	False
HG01667	0	198500	525	10	10.015	0.028	False
HG01667	198500	216875	40	7	7.113	0.098	False
HG01667	216875	400000	617	10	10.029	0.025	False
HG01668	0	196750	521	10	9.962	0.03	False
HG01668	196750	218000	48	9	9.135	0.094	False
HG01668	218000	400000	613	10	10.01	0.026	False
HG01669	0	197625	524	10	9.952	0.03	False
HG01669	197625	217250	42	8	8.199	0.101	False
HG01669	217250	400000	616	10	10.031	0.027	False
HG01670	0	400000	1182	10	9.986	0.02	False
HG01671	0	198500	525	11	11.016	0.03	False
HG01671	198500	216875	40	9	8.962	0.103	False
HG01671	216875	316500	305	11	10.918	0.038	False
HG01671	316500	400000	312	10	10.076	0.036	False
HG01672	0	197250	523	11	10.97	0.033	False
HG01672	197250	217750	45	9	9.082	0.109	False
HG01672	217750	318750	311	11	11.016	0.042	False
HG01672	318750	400000	303	10	10.05	0.042	False
HG01673	0	201625	528	10	10.038	0.028	False
HG01673	201625	216875	37	9	8.882	0.102	False
HG01673	216875	400000	617	10	10.003	0.025	False
HG01674	0	11250	32	10	10.159	0.107	False
HG01674	11250	16500	21	9	8.762	0.132	False
HG01674	16500	400000	1129	10	10.015	0.018	False
HG01675	0	400000	1182	10	9.976	0.02	False
HG01676	0	16750	54	12	12.358	0.091	True
HG01676	16750	197625	470	10	9.984	0.032	False
HG01676	197625	216875	41	9	8.957	0.105	False
HG01676	216875	400000	617	10	10.008	0.027	False
HG01677	0	17625	57	11	10.948	0.081	False
HG01677	17625	400000	1125	10	10.023	0.019	False
HG01678	0	7500	17	10	9.946	0.162	False
HG01678	7500	20250	50	9	8.876	0.094	False
HG01678	20250	400000	1115	10	10.002	0.02	False
HG01679	0	197625	524	10	9.984	0.03	False
HG01679	197625	217250	42	8	8.19	0.103	False
HG01679	217250	316500	304	10	9.767	0.039	False
HG01679	316500	400000	312	9	9.068	0.037	False
HG01680	0	197000	522	10	9.985	0.031	False
HG01680	197000	216875	43	9	9.037	0.105	False
HG01680	216875	400000	617	10	9.997	0.028	False
HG01681	0	16250	52	11	10.853	0.089	False
HG01681	16250	21500	18	9	8.757	0.151	False
HG01681	21500	400000	1112	10	10.004	0.02	False
HG01682	0	198500	525	10	10.048	0.03	False
HG01682	198500	217250	41	8	8.065	0.104	False
HG01682	217250	400000	616	10	9.987	0.027	False
HG01683	0	21750	71	9	9.08	0.077	False
HG01683	21750	400000	1111	10	10.01	0.02	False
HG01684	0	197625	524	11	11.03	0.032	False
HG01684	197625	216875	41	9	8.839	0.11	False
HG01684	216875	222875	16	12	11.615	0.176	False
HG01684	222875	317250	292	11	10.985	0.042	False
HG01684	317250	400000	309	10	10.013	0.04	False
HG01685	0	16000	51	12	11.846	0.101	False
HG01685	16000	400000	1131	10	10.005	0.022	False
HG01686	0	14000	43	7	7.441	0.099	True
HG01686	14000	21750	28	8	8.285	0.123	False
HG01686	21750	400000	1111	10	9.987	0.02	False
HG01687	0	17000	55	11	11.453	0.081	True
HG01687	17000	196000	463	10	9.997	0.029	False
HG01687	196000	216875	47	9	8.975	0.087	False
HG01687	216875	400000	617	10	9.981	0.024	False
HG01694	0	17000	55	12	12.086	0.094	False
HG01694	17000	400000	1127	10	9.972	0.021	False
HG01695	0	24750	80	12	12.215	0.08	False
HG01695	24750	188750	417	11	10.936	0.037	False
HG01695	188750	198500	28	10	10.277	0.139	False
HG01695	198500	216875	40	8	8.099	0.113	False
HG01695	216875	316500	305	11	10.927	0.042	False
HG01695	316500	400000	312	10	10.078	0.04	False
HG01696	0	17250	56	13	12.945	0.09	False
HG01696	17250	197625	468	11	11.049	0.033	False
HG01696	197625	227375	66	10	9.756	0.083	False
HG01696	227375	392250	561	11	11.01	0.028	False
HG01696	392250	400000	31	12	11.894	0.12	False
HG01697	0	184500	486	10	10.027	0.03	False
HG01697	184500	216000	76	9	9.06	0.076	False
HG01697	216000	400000	620	10	9.977	0.026	False
HG01698	0	16500	53	11	10.901	0.096	False
HG01698	16500	400000	1129	10	10.006	0.021	False
HG01699	0	17000	55	11	11.02	0.095	False
HG01699	17000	400000	1127	10	9.982	0.021	False
HG01700	0	29500	91	10	9.939	0.07	False
HG01700	29500	282750	663	9	9.018	0.027	False
HG01700	282750	400000	428	10	9.99	0.032	False
HG01701	0	198500	525	10	10.036	0.031	False
HG01701	198500	215750	36	9	9.005	0.112	False
HG01701	215750	400000	621	10	10.009	0.027	False
HG01702	0	16000	51	11	10.842	0.099	False
HG01702	16000	194000	462	10	10.009	0.035	False
HG01702	194000	216000	49	9	9.113	0.101	False
HG01702	216000	400000	620	10	9.937	0.029	False
HG01703	0	195500	517	10	9.977	0.031	False
HG01703	195500	216875	48	9	9.074	0.098	False
HG01703	216875	400000	617	10	9.98	0.027	False
HG01704	0	194625	515	10	10.059	0.031	False
HG01704	194625	215750	46	9	8.876	0.099	False
HG01704	215750	400000	621	10	10.016	0.027	False
HG01705	0	400000	1182	10	9.959	0.02	False
HG01706	0	196500	520	10	9.988	0.028	False
HG01706	196500	217500	47	9	8.977	0.09	False
HG01706	217500	400000	615	10	10.015	0.025	False
HG01707	0	22500	74	9	8.957	0.078	False
HG01707	22500	400000	1108	10	9.988	0.021	False
HG01708	0	197250	523	10	9.99	0.031	False
HG01708	197250	217250	43	8	8.157	0.102	False
HG01708	217250	400000	616	10	9.991	0.027	False
HG01709	0	400000	1182	10	10.023	0.02	False
HG01710	0	8750	22	10	9.764	0.141	False
HG01710	8750	18000	36	8	8.341	0.11	False
HG01710	18000	400000	1124	10	9.99	0.02	False
HG01711	0	11500	33	9	9.289	0.112	False
HG01711	11500	15500	16	8	7.945	0.162	False
HG01711	15500	400000	1133	10	9.974	0.02	False
HG01746	0	21500	70	9	8.879	0.081	False
HG01746	21500	196000	448	10	9.994	0.033	False
HG01746	196000	227750	73	9	8.958	0.079	False
HG01746	227750	400000	591	10	9.961	0.028	False
HG01747	0	400000	1182	10	9.986	0.02	False
HG01748	0	16500	53	11	10.935	0.09	False
HG01748	16500	400000	1129	10	9.993	0.02	False
HG01755	0	195500	517	10	10.002	0.03	False
HG01755	195500	216875	48	9	9.113	0.095	False
HG01755	216875	400000	617	10	10.016	0.026	False
HG01756	0	197250	523	10	10.02	0.03	False
HG01756	197250	216875	42	9	9.089	0.101	False
HG01756	216875	400000	617	10	10.017	0.026	False
HG01757	0	400000	1182	10	10.015	0.019	False
HG01761	0	30500	94	10	9.939	0.071	False
HG01761	30500	196250	425	11	11.062	0.035	False
HG01761	196250	216875	46	9	9.141	0.101	False
HG01761	216875	317500	309	11	10.93	0.04	False
HG01761	317500	400000	308	10	10.059	0.039	False
HG01762	0	16750	54	13	12.647	0.086	True
HG01762	16750	195000	462	10	10.063	0.031	False
HG01762	195000	216875	49	9	9.195	0.09	False
HG01762	216875	400000	617	10	9.959	0.025	False
HG01763	0	16000	51	12	11.984	0.09	False
HG01763	16000	198500	474	10	9.965	0.031	False
HG01763	198500	227375	65	9	9.039	0.08	False
HG01763	227375	400000	592	10	9.974	0.027	False
HG01765	0	400000	1182	11	10.992	0.022	False
HG01766	0	205875	532	10	10.018	0.027	False
HG01766	205875	216875	33	9	8.699	0.105	False
HG01766	216875	400000	617	10	10.033	0.024	False
HG01767	0	194625	515	10	10.024	0.03	False
HG01767	194625	227375	75	9	9.017	0.076	False
HG01767	227375	400000	592	10	10.01	0.027	False
HG01768	0	21000	69	9	9.043	0.082	False
HG01768	21000	400000	1113	10	10.025	0.021	False
HG01770	0	20500	68	12	12.079	0.084	False
HG01770	20500	197625	456	11	10.991	0.034	False
HG01770	197625	216875	41	9	8.918	0.108	False
HG01770	216875	255000	112	11	11.04	0.068	False
HG01770	255000	400000	505	10	10.011	0.031	False
HG01771	0	17250	56	12	12.097	0.094	False
HG01771	17250	197250	467	11	10.987	0.034	False
HG01771	197250	217250	43	10	10.082	0.107	False
HG01771	217250	400000	616	11	11.02	0.028	False
HG01772	0	19750	65	13	13.017	0.084	False
HG01772	19750	195500	452	12	11.986	0.033	False
HG01772	195500	217250	49	11	11.13	0.097	False
HG01772	217250	260750	129	12	11.936	0.062	False
HG01772	260750	400000	487	11	11.011	0.031	False
HG01773	0	21500	70	12	12.133	0.079	False
HG01773	21500	264750	641	11	10.965	0.027	False
HG01773	264750	400000	471	10	10.043	0.03	False
HG01774	0	16000	51	11	11.01	0.085	False
HG01774	16000	23125	24	9	9.161	0.124	False
HG01774	23125	400000	1107	10	9.975	0.019	False
HG01775	0	16000	51	11	11.295	0.095	False
HG01775	16000	400000	1131	10	9.992	0.021	False
HG01776	0	400000	1182	10	10.007	0.021	False
HG01777	0	400000	1182	10	9.993	0.019	False
HG01778	0	400000	1182	10	10.004	0.02	False
HG01779	0	400000	1182	10	9.993	0.018	False
HG01780	0	198500	525	10	9.967	0.028	False
HG01780	198500	216875	40	8	8.12	0.099	False
HG01780	216875	400000	617	10	9.949	0.025	False
HG01781	0	198500	525	10	10.011	0.029	False
HG01781	198500	216875	40	8	8.178	0.102	False
HG01781	216875	400000	617	10	9.966	0.026	False
HG01782	0	203250	529	10	10.052	0.03	False
HG01782	203250	216875	36	9	9.063	0.111	False
HG01782	216875	400000	617	10	9.983	0.027	False
HG01783	0	22500	74	9	9.114	0.078	False
HG01783	22500	198500	451	10	10.055	0.033	False
HG01783	198500	219750	49	9	9.086	0.096	False
HG01783	219750	400000	608	10	9.998	0.027	False
HG01784	0	20500	68	9	8.774	0.079	False
HG01784	20500	400000	1114	10	10.03	0.02	False
HG01785	0	400000	1182	10	9.992	0.019	False
HG01786	0	23125	75	10	10.102	0.058	False
HG01786	23125	195000	441	11	10.953	0.025	False
HG01786	195000	215750	45	10	10.095	0.075	False
HG01786	215750	315000	303	11	11.027	0.029	False
HG01786	315000	400000	318	10	10.05	0.028	False
HG01789	0	20000	66	9	9.202	0.078	False
HG01789	20000	400000	1116	10	9.99	0.019	False
HG01790	0	16750	54	13	13.19	0.099	False
HG01790	16750	400000	1128	11	10.97	0.022	False
HG01791	0	400000	1182	10	10.001	0.021	False
HG01794	0	400000	1182	10	10.008	0.02	False
HG01795	0	15000	47	9	9.231	0.083	False
HG01795	15000	176250	412	10	10.002	0.03	False
HG01795	176250	218000	110	9	9.063	0.056	False
HG01795	218000	400000	613	10	9.99	0.023	False
HG01796	0	123750	316	9	9.041	0.038	False
HG01796	123750	400000	866	10	9.955	0.023	False
HG01797	0	12250	36	9	9.38	0.116	True
HG01797	12250	25750	48	8	7.906	0.101	False
HG01797	25750	400000	1098	10	10.002	0.022	False
HG01798	0	16250	52	9	9.098	0.082	False
HG01798	16250	400000	1130	10	10.014	0.018	False
HG01799	0	14750	46	7	7.732	0.094	True
HG01799	14750	26250	40	9	8.837	0.101	False
HG01799	26250	400000	1096	10	9.994	0.02	False
HG01800	0	14500	45	8	8.625	0.1	True
HG01800	14500	400000	1137	10	10.019	0.02	False
HG01801	0	15000	47	9	9.02	0.1	False
HG01801	15000	400000	1135	10	9.975	0.021	False
HG01802	0	15250	48	8	8.451	0.092	True
HG01802	15250	400000	1134	10	9.993	0.019	False
HG01804	0	15000	47	9	9.062	0.097	False
HG01804	15000	400000	1135	10	9.987	0.02	False
HG01805	0	400000	1182	10	9.974	0.021	False
HG01806	0	400000	1182	9	8.996	0.019	False
HG01807	0	17625	57	9	9.2	0.085	False
HG01807	17625	133250	287	10	9.972	0.04	False
HG01807	133250	137250	16	8	8.341	0.162	False
HG01807	137250	400000	822	10	10.002	0.023	False
HG01808	0	16250	52	9	9.022	0.087	False
HG01808	16250	400000	1130	10	9.968	0.019	False
HG01809	0	15250	48	8	7.951	0.093	False
HG01809	15250	121750	263	9	8.928	0.042	False
HG01809	121750	400000	871	10	9.993	0.022	False
HG01810	0	14250	44	9	9.382	0.104	True
HG01810	14250	400000	1138	10	9.98	0.021	False
HG01811	0	400000	1182	10	9.998	0.021	False
HG01812	0	15250	48	8	8.502	0.102	True
HG01812	15250	400000	1134	10	10.006	0.022	False
HG01813	0	14750	46	8	8.508	0.087	True
HG01813	14750	133000	297	10	10.054	0.036	False
HG01813	133000	138250	21	8	8.406	0.133	True
HG01813	138250	199750	163	10	9.961	0.049	False
HG01813	199750	216250	36	9	9.106	0.099	False
HG01813	216250	400000	619	10	9.996	0.024	False
HG01815	0	381750	1112	10	9.978	0.021	False
HG01815	381750	400000	70	9	9.219	0.08	False
HG01816	0	9250	24	11	11.343	0.128	False
HG01816	9250	197000	498	10	10.01	0.029	False
HG01816	197000	216875	43	8	8.273	0.095	False
HG01816	216875	400000	617	10	9.986	0.025	False
HG01817	0	14250	44	9	9.215	0.105	False
HG01817	14250	197250	479	10	9.99	0.033	False
HG01817	197250	220000	52	9	8.854	0.097	False
HG01817	220000	400000	607	10	10.001	0.028	False
HG01840	0	400000	1182	10	10.013	0.021	False
HG01841	0	400000	1182	10	10.017	0.02	False
HG01842	0	196750	521	10	10.023	0.03	False
HG01842	196750	214500	36	9	9.082	0.109	False
HG01842	214500	400000	625	10	9.994	0.026	False
HG01843	0	400000	1182	10	9.987	0.02	False
HG01844	0	400000	1182	9	9.007	0.018	False
HG01845	0	400000	1182	10	10.01	0.019	False
HG01846	0	400000	1182	10	9.989	0.021	False
HG01847	0	29500	91	9	8.687	0.065	False
HG01847	29500	400000	1091	10	9.951	0.019	False
HG01848	0	14500	45	6	6.751	0.091	True
HG01848	14500	25750	39	9	9.228	0.098	False
HG01848	25750	194250	430	10	10.033	0.031	False
HG01848	194250	215750	47	9	9.235	0.089	False
HG01848	215750	400000	621	10	10.013	0.025	False
HG01849	0	15000	47	9	9.107	0.094	False
HG01849	15000	400000	1135	10	9.991	0.019	False
HG01850	0	14500	45	9	9.501	0.104	True
HG01850	14500	400000	1137	11	10.966	0.021	False
HG01851	0	197250	523	10	10.037	0.028	False
HG01851	197250	216875	42	9	8.98	0.095	False
HG01851	216875	400000	617	10	10.017	0.025	False
HG01852	0	13750	42	7	7.162	0.101	False
HG01852	13750	122625	271	8	8.043	0.041	False
HG01852	122625	400000	869	10	9.994	0.022	False
HG01853	0	400000	1182	10	9.981	0.018	False
HG01855	0	14250	44	9	9.086	0.091	False
HG01855	14250	400000	1138	10	10.006	0.018	False
HG01857	0	400000	1182	10	10.023	0.019	False
HG01858	0	15000	47	9	9.219	0.097	False
HG01858	15000	400000	1135	10	9.997	0.02	False
HG01859	0	16250	52	11	11.111	0.093	False
HG01859	16250	24500	27	9	8.975	0.128	False
HG01859	24500	400000	1103	10	9.999	0.021	False
HG01860	0	15750	50	11	10.986	0.097	False
HG01860	15750	400000	1132	10	9.989	0.021	False
HG01861	0	400000	1182	10	9.997	0.02	False
HG01862	0	199250	526	10	10.005	0.03	False
HG01862	199250	214875	32	9	8.968	0.117	False
HG01862	214875	400000	624	10	10.01	0.027	False
HG01863	0	133000	343	10	9.939	0.04	False
HG01863	133000	138250	21	8	7.959	0.158	False
HG01863	138250	400000	818	10	10.006	0.025	False
HG01864	0	15000	47	9	8.831	0.098	False
HG01864	15000	400000	1135	10	10.005	0.02	False
HG01865	0	14500	45	8	8.659	0.101	True
HG01865	14500	400000	1137	10	9.981	0.02	False
HG01866	0	400000	1182	10	10.003	0.019	False
HG01867	0	15000	47	9	8.912	0.098	False
HG01867	15000	400000	1135	10	9.964	0.02	False
HG01868	0	14250	44	8	8.368	0.094	True
HG01868	14250	400000	1138	10	10.021	0.019	False
HG01869	0	14250	44	9	9.129	0.101	False
HG01869	14250	400000	1138	10	9.944	0.02	False
HG01870	0	15250	48	9	9.141	0.099	False
HG01870	15250	400000	1134	10	9.985	0.021	False
HG01871	0	400000	1182	10	9.977	0.02	False
HG01872	0	400000	1182	10	10.016	0.019	False
HG01873	0	400000	1182	10	9.99	0.019	False
HG01874	0	400000	1182	10	9.96	0.019	False
HG01878	0	15750	50	9	9.211	0.095	False
HG01878	15750	203250	479	10	9.946	0.032	False
HG01878	203250	216875	36	9	8.796	0.112	False
HG01878	216875	400000	617	10	10.03	0.027	False
HG01879	0	14500	45	7	7.99	0.096	True
HG01879	14500	21500	25	9	9.116	0.129	False
HG01879	21500	197625	454	10	9.957	0.032	False
HG01879	197625	217250	42	8	8.043	0.1	False
HG01879	217250	400000	616	10	10.021	0.026	False
HG01880	0	21000	69	10	10.089	0.082	False
HG01880	21000	29500	22	8	8.231	0.146	False
HG01880	29500	195500	426	10	9.903	0.035	False
HG01880	195500	218500	54	9	8.922	0.093	False
HG01880	218500	400000	611	10	9.994	0.028	False
HG01881	0	15500	49	8	8.494	0.094	True
HG01881	15500	26000	36	9	9.167	0.109	False
HG01881	26000	400000	1097	10	9.983	0.02	False
HG01882	0	18000	58	10	10.202	0.086	False
HG01882	18000	29500	33	9	8.966	0.113	False
HG01882	29500	400000	1091	10	9.994	0.02	False
HG01883	0	30500	94	8	8.253	0.064	False
HG01883	30500	400000	1088	9	8.982	0.019	False
HG01884	0	17000	55	10	9.871	0.08	False
HG01884	17000	26875	33	9	8.911	0.103	False
HG01884	26875	400000	1094	10	10.029	0.018	False
HG01885	0	400000	1182	10	9.988	0.019	False
HG01886	0	14500	45	8	8.447	0.094	True
HG01886	14500	195500	472	10	9.995	0.03	False
HG01886	195500	216875	48	9	9.007	0.091	False
HG01886	216875	400000	617	10	9.999	0.025	False
HG01887	0	16000	51	9	9.154	0.084	False
HG01887	16000	198500	474	10	9.954	0.029	False
HG01887	198500	217250	41	9	8.98	0.093	False
HG01887	217250	400000	616	10	9.983	0.024	False
HG01888	0	400000	1182	10	9.985	0.02	False
HG01889	0	14000	43	7	7.418	0.098	True
HG01889	14000	31750	55	8	8.108	0.088	False
HG01889	31750	400000	1084	9	9.003	0.02	False
HG01890	0	15000	47	9	9.201	0.097	False
HG01890	15000	400000	1135	10	9.972	0.02	False
HG01891	0	14000	43	8	8.152	0.092	False
HG01891	14000	204125	487	9	8.977	0.029	False
HG01891	204125	216000	32	8	7.724	0.107	False
HG01891	216000	400000	620	9	8.995	0.024	False
HG01892	0	262500	702	11	11.025	0.029	False
HG01892	262500	400000	480	10	10.021	0.033	False
HG01893	0	196750	521	10	9.972	0.033	False
HG01893	196750	217250	45	8	8.123	0.107	False
HG01893	217250	400000	616	10	10.024	0.029	False
HG01894	0	24000	77	9	8.938	0.069	False
HG01894	24000	205250	454	10	10.032	0.03	False
HG01894	205250	217250	35	9	8.944	0.102	False
HG01894	217250	400000	616	10	10.01	0.024	False
HG01895	0	198500	525	10	9.961	0.031	False
HG01895	198500	218250	45	9	9.009	0.1	False
HG01895	218250	400000	612	10	9.999	0.027	False
HG01896	0	201625	528	10	10.002	0.029	False
HG01896	201625	217750	40	9	9.043	0.1	False
HG01896	217750	400000	614	10	9.968	0.026	False
HG01897	0	400000	1182	10	10.006	0.018	False
HG01898	0	21000	69	9	8.902	0.078	False
HG01898	21000	201625	459	10	10.054	0.032	False
HG01898	201625	215750	33	9	8.86	0.113	False
HG01898	215750	400000	621	10	10.027	0.026	False
HG01912	0	400000	1182	10	10.003	0.021	False
HG01914	0	21750	71	9	9.294	0.08	False
HG01914	21750	400000	1111	10	9.995	0.021	False
HG01915	0	400000	1182	10	10.006	0.021	False
HG01916	0	400000	1182	10	9.99	0.022	False
HG01917	0	14250	44	6	7.033	0.116	True
HG01917	14250	77750	125	10	10.237	0.071	False
HG01917	77750	400000	1013	11	10.978	0.025	False
HG01918	0	195000	516	10	10.024	0.031	False
HG01918	195000	216000	46	9	9.046	0.099	False
HG01918	216000	400000	620	10	10.001	0.027	False
HG01919	0	14000	43	9	9.051	0.094	False
HG01919	14000	197250	480	10	10.027	0.03	False
HG01919	197250	228000	69	9	9.171	0.075	False
HG01919	228000	400000	590	10	9.998	0.026	False
HG01920	0	197625	524	12	11.997	0.032	False
HG01920	197625	228500	70	11	10.943	0.084	False
HG01920	228500	263250	111	12	11.864	0.069	False
HG01920	263250	400000	477	10	9.99	0.032	False
HG01921	0	17000	55	9	9.039	0.089	False
HG01921	17000	400000	1127	10	9.98	0.02	False
HG01922	0	15000	47	8	8.196	0.099	False
HG01922	15000	195500	470	10	10.004	0.033	False
HG01922	195500	216875	48	9	9.038	0.098	False
HG01922	216875	400000	617	10	9.981	0.027	False
HG01923	0	18750	61	8	8.268	0.08	False
HG01923	18750	400000	1121	10	9.999	0.019	False
HG01924	0	18000	58	12	12.21	0.087	False
HG01924	18000	400000	1124	10	9.949	0.02	False
HG01925	0	400000	1182	10	10.003	0.02	False
HG01926	0	21750	71	8	8.34	0.085	False
HG01926	21750	400000	1111	10	9.953	0.022	False
HG01927	0	197625	524	10	10.014	0.03	False
HG01927	197625	218000	45	9	8.841	0.099	False
HG01927	218000	400000	613	10	9.982	0.027	False
HG01928	0	20500	68	9	9.018	0.078	False
HG01928	20500	195000	448	10	9.986	0.032	False
HG01928	195000	227750	75	9	9.116	0.074	False
HG01928	227750	400000	591	10	9.983	0.026	False
HG01932	0	14750	46	8	8.69	0.096	True
HG01932	14750	400000	1136	10	9.978	0.02	False
HG01933	0	391500	1148	10	10.019	0.019	False
HG01933	391500	400000	34	11	11.087	0.108	False
HG01934	0	400000	1182	10	10.021	0.019	False
HG01935	0	21750	71	9	9.094	0.079	False
HG01935	21750	400000	1111	10	9.993	0.02	False
HG01936	0	14250	44	8	8.581	0.109	True
HG01936	14250	400000	1138	10	9.975	0.022	False
HG01937	0	13250	40	9	9.106	0.104	False
HG01937	13250	400000	1142	10	10.013	0.02	False
HG01938	0	23750	76	8	8.11	0.066	False
HG01938	23750	198500	449	9	9.025	0.029	False
HG01938	198500	227375	65	8	8.016	0.072	False
HG01938	227375	400000	592	9	9.012	0.024	False
HG01939	0	400000	1182	10	9.978	0.02	False
HG01940	0	23125	75	9	8.956	0.073	False
HG01940	23125	400000	1107	10	9.979	0.02	False
HG01941	0	15750	50	9	8.957	0.088	False
HG01941	15750	197625	474	10	9.977	0.03	False
HG01941	197625	216875	41	6	6.218	0.097	False
HG01941	216875	400000	617	10	10.035	0.025	False
HG01942	0	263250	705	12	12.027	0.027	False
HG01942	263250	400000	477	10	9.993	0.031	False
HG01943	0	198500	525	12	11.983	0.032	False
HG01943	198500	216875	40	9	9.092	0.11	False
HG01943	216875	261000	131	12	11.943	0.063	False
HG01943	261000	400000	486	10	9.992	0.031	False
HG01944	0	400000	1182	10	10.004	0.019	False
HG01945	0	15500	49	9	9.058	0.085	False
HG01945	15500	197625	475	10	9.967	0.029	False
HG01945	197625	217250	42	8	8.23	0.092	False
HG01945	217250	400000	616	10	10.0	0.024	False
HG01946	0	195500	517	10	10.014	0.028	False
HG01946	195500	216250	46	9	9.184	0.088	False
HG01946	216250	400000	619	10	10.024	0.024	False
HG01947	0	400000	1182	10	9.983	0.021	False
HG01948	0	15000	47	9	9.173	0.092	False
HG01948	15000	400000	1135	10	9.992	0.019	False
HG01949	0	198500	525	10	10.021	0.029	False
HG01949	198500	216875	40	9	9.1	0.102	False
HG01949	216875	400000	617	10	9.998	0.026	False
HG01950	0	19000	62	12	11.954	0.09	False
HG01950	19000	189250	437	11	11.003	0.036	False
HG01950	189250	217250	67	10	9.971	0.087	False
HG01950	217250	260750	129	11	10.878	0.065	False
HG01950	260750	400000	487	10	10.0	0.032	False
HG01951	0	199250	526	10	9.991	0.031	False
HG01951	199250	218000	43	9	8.846	0.105	False
HG01951	218000	400000	613	10	10.021	0.028	False
HG01952	0	17250	56	11	10.801	0.089	False
HG01952	17250	203250	473	10	10.069	0.032	False
HG01952	203250	216000	33	9	9.002	0.116	False
HG01952	216000	400000	620	10	10.005	0.027	False
HG01953	0	14500	45	8	8.404	0.099	True
HG01953	14500	400000	1137	10	9.984	0.02	False
HG01954	0	15000	47	9	9.118	0.102	False
HG01954	15000	400000	1135	10	10.027	0.021	False
HG01955	0	15000	47	8	8.445	0.088	True
HG01955	15000	400000	1135	10	9.976	0.018	False
HG01956	0	400000	1182	10	10.027	0.019	False
HG01958	0	18750	61	9	9.187	0.086	False
HG01958	18750	400000	1121	10	9.99	0.021	False
HG01959	0	21750	71	8	8.106	0.089	False
HG01959	21750	160500	354	10	9.946	0.042	False
HG01959	160500	216875	140	11	11.051	0.065	False
HG01959	216875	299000	238	12	12.093	0.051	False
HG01959	299000	400000	379	11	11.016	0.038	False
HG01960	0	14500	45	8	8.665	0.091	True
HG01960	14500	400000	1137	10	10.006	0.019	False
HG01961	0	14250	44	11	10.883	0.114	False
HG01961	14250	261500	654	12	11.95	0.031	False
HG01961	261500	400000	484	10	10.045	0.034	False
HG01965	0	266000	716	11	10.964	0.026	False
HG01965	266000	400000	466	10	10.003	0.031	False
HG01967	0	197000	522	11	11.017	0.031	False
HG01967	197000	216500	42	10	9.722	0.104	False
HG01967	216500	261500	134	11	11.041	0.06	False
HG01967	261500	400000	484	10	10.057	0.03	False
HG01968	0	400000	1182	10	9.981	0.018	False
HG01969	0	21500	70	10	10.167	0.075	False
HG01969	21500	263000	634	11	10.949	0.026	False
HG01969	263000	400000	478	10	10.009	0.029	False
HG01970	0	400000	1182	10	9.968	0.019	False
HG01971	0	14750	46	9	9.125	0.093	False
HG01971	14750	197250	477	10	10.012	0.03	False
HG01971	197250	216875	42	8	7.881	0.098	False
HG01971	216875	400000	617	10	9.986	0.026	False
HG01972	0	14250	44	8	8.437	0.099	True
HG01972	14250	190250	459	10	10.049	0.032	False
HG01972	190250	216875	62	9	9.086	0.084	False
HG01972	216875	400000	617	10	9.977	0.027	False
HG01973	0	400000	1182	10	9.966	0.02	False
HG01974	0	17625	57	11	11.104	0.092	False
HG01974	17625	400000	1125	10	10.003	0.021	False
HG01975	0	17000	55	11	11.077	0.092	False
HG01975	17000	400000	1127	10	10.028	0.021	False
HG01976	0	18000	58	11	10.806	0.085	False
HG01976	18000	400000	1124	10	10.042	0.02	False
HG01977	0	19500	64	9	9.28	0.086	False
HG01977	19500	400000	1118	10	9.991	0.021	False
HG01978	0	16250	52	11	11.057	0.089	False
HG01978	16250	400000	1130	10	10.025	0.019	False
HG01979	0	400000	1182	10	10.004	0.02	False
HG01980	0	196500	520	10	10.006	0.033	False
HG01980	196500	217250	46	9	8.743	0.105	False
HG01980	217250	282000	185	10	9.978	0.054	False
HG01980	282000	375750	337	9	9.039	0.038	False
HG01980	375750	400000	94	10	9.93	0.073	False
HG01981	0	17250	56	11	10.884	0.089	False
HG01981	17250	282250	696	10	9.963	0.026	False
HG01981	282250	376000	337	9	9.006	0.036	False
HG01981	376000	400000	93	10	9.91	0.069	False
HG01982	0	400000	1182	10	9.985	0.019	False
HG01983	0	9750	26	8	7.986	0.117	False
HG01983	9750	400000	1156	9	9.017	0.018	False
HG01984	0	400000	1182	9	9.008	0.019	False
HG01985	0	400000	1182	10	9.993	0.02	False
HG01986	0	14250	44	7	7.431	0.106	True
HG01986	14250	19250	19	8	8.3	0.162	False
HG01986	19250	160500	362	10	9.915	0.039	False
HG01986	160500	196250	94	11	11.229	0.076	False
HG01986	196250	216875	46	10	10.058	0.104	False
HG01986	216875	296250	227	12	12.103	0.049	False
HG01986	296250	400000	390	11	10.966	0.035	False
HG01987	0	14250	44	8	8.386	0.095	True
HG01987	14250	198500	481	10	10.002	0.03	False
HG01987	198500	216875	40	8	8.179	0.099	False
HG01987	216875	400000	617	10	9.998	0.025	False
HG01988	0	13750	42	9	9.154	0.106	False
HG01988	13750	198500	483	10	9.974	0.033	False
HG01988	198500	216875	40	8	7.831	0.109	False
HG01988	216875	400000	617	10	10.029	0.028	False
HG01989	0	14250	44	8	8.654	0.106	True
HG01989	14250	400000	1138	10	9.982	0.021	False
HG01990	0	196750	521	10	10.006	0.031	False
HG01990	196750	217250	45	8	8.109	0.1	False
HG01990	217250	400000	616	10	9.988	0.027	False
HG01991	0	400000	1182	10	9.993	0.019	False
HG01992	0	400000	1182	10	10.003	0.021	False
HG01993	0	400000	1182	10	9.982	0.02	False
HG01997	0	400000	1182	10	10.022	0.02	False
HG01998	0	400000	1182	10	9.987	0.019	False
HG02002	0	17250	56	11	11.206	0.084	False
HG02002	17250	400000	1126	10	9.96	0.019	False
HG02003	0	400000	1182	10	10.011	0.021	False
HG02004	0	16750	54	11	11.444	0.088	True
HG02004	16750	400000	1128	10	9.986	0.02	False
HG02006	0	400000	1182	10	10.002	0.02	False
HG02008	0	19000	62	11	11.059	0.083	False
HG02008	19000	400000	1120	10	10.018	0.02	False
HG02009	0	14500	45	9	8.98	0.106	False
HG02009	14500	400000	1137	10	10.02	0.022	False
HG02010	0	19250	63	8	8.276	0.087	False
HG02010	19250	400000	1119	10	10.002	0.021	False
HG02011	0	16750	54	9	8.939	0.091	False
HG02011	16750	400000	1128	10	10.007	0.02	False
HG02012	0	14250	44	8	8.034	0.094	False
HG02012	14250	400000	1138	10	10.027	0.019	False
HG02013	0	10000	27	9	8.783	0.138	False
HG02013	10000	400000	1155	10	9.993	0.021	False
HG02014	0	15250	48	9	8.897	0.098	False
HG02014	15250	400000	1134	10	10.03	0.021	False
HG02015	0	400000	1182	10	10.006	0.018	False
HG02016	0	197625	524	10	9.99	0.029	False
HG02016	197625	216875	41	8	7.908	0.1	False
HG02016	216875	400000	617	10	9.986	0.026	False
HG02017	0	400000	1182	10	9.987	0.021	False
HG02018	0	14250	44	8	8.526	0.105	True
HG02018	14250	400000	1138	10	10.005	0.021	False
HG02019	0	400000	1182	10	9.972	0.02	False
HG02020	0	13750	42	9	8.866	0.114	False
HG02020	13750	400000	1140	10	9.972	0.022	False
HG02023	0	14250	44	7	7.36	0.099	True
HG02023	14250	197625	480	10	10.018	0.031	False
HG02023	197625	216875	41	8	8.118	0.102	False
HG02023	216875	400000	617	10	10.014	0.026	False
HG02024	0	14250	44	7	7.462	0.104	True
HG02024	14250	400000	1138	10	9.992	0.021	False
HG02025	0	14250	44	7	7.81	0.096	True
HG02025	14250	133250	300	10	10.053	0.038	False
HG02025	133250	138000	19	7	7.206	0.151	False
HG02025	138000	400000	819	10	10.007	0.023	False
HG02026	0	400000	1182	10	10.003	0.02	False
HG02027	0	24000	77	9	9.005	0.079	False
HG02027	24000	400000	1105	10	10.026	0.021	False
HG02028	0	14750	46	9	9.265	0.105	False
HG02028	14750	400000	1136	10	10.001	0.022	False
HG02029	0	400000	1182	10	10.02	0.02	False
HG02030	0	16250	52	8	8.055	0.092	False
HG02030	16250	124125	265	9	9.027	0.043	False
HG02030	124125	400000	865	10	10.003	0.023	False
HG02031	0	400000	1182	10	9.977	0.021	False
HG02032	0	123750	316	9	9.116	0.039	False
HG02032	123750	400000	866	10	9.975	0.023	False
HG02035	0	12500	37	10	9.986	0.105	False
HG02035	12500	25500	46	9	8.867	0.094	False
HG02035	25500	400000	1099	10	9.977	0.02	False
HG02040	0	400000	1182	9	9.005	0.018	False
HG02047	0	14500	45	8	8.473	0.098	True
HG02047	14500	400000	1137	10	10.016	0.02	False
HG02048	0	14750	46	8	8.417	0.096	True
HG02048	14750	220500	531	10	9.941	0.029	False
HG02048	220500	241250	55	9	9.036	0.09	False
HG02048	241250	400000	550	10	10.023	0.028	False
HG02049	0	400000	1182	10	9.973	0.018	False
HG02050	0	14750	46	8	8.521	0.09	True
HG02050	14750	400000	1136	10	9.972	0.019	False
HG02051	0	13750	42	9	9.993	0.093	True
HG02051	13750	209000	496	11	11.013	0.028	False
HG02051	209000	216875	27	10	9.878	0.116	False
HG02051	216875	400000	617	11	11.007	0.024	False
HG02052	0	14250	44	7	8.012	0.095	True
HG02052	14250	29500	47	9	9.108	0.092	False
HG02052	29500	163500	335	10	10.038	0.036	False
HG02052	163500	198500	99	11	10.953	0.067	False
HG02052	198500	216875	40	9	9.004	0.1	False
HG02052	216875	296500	228	12	11.891	0.044	False
HG02052	296500	400000	389	11	11.073	0.032	False
HG02053	0	14250	44	8	8.239	0.108	False
HG02053	14250	400000	1138	10	9.982	0.022	False
HG02054	0	14250	44	8	8.688	0.101	True
HG02054	14250	400000	1138	10	9.984	0.02	False
HG02055	0	14000	43	8	8.358	0.098	True
HG02055	14000	400000	1139	10	9.995	0.019	False
HG02056	0	17250	56	9	9.094	0.092	False
HG02056	17250	400000	1126	10	10.001	0.021	False
HG02057	0	400000	1182	10	10.008	0.019	False
HG02058	0	400000	1182	10	10.001	0.036	False
HG02059	0	14000	43	9	9.198	0.101	False
HG02059	14000	400000	1139	10	9.993	0.02	False
HG02060	0	400000	1182	10	9.995	0.02	False
HG02061	0	14750	46	9	9.103	0.093	False
HG02061	14750	400000	1136	10	10.001	0.019	False
HG02064	0	15000	47	8	8.098	0.104	False
HG02064	15000	122000	265	9	8.987	0.046	False
HG02064	122000	400000	870	10	9.974	0.024	False
HG02067	0	400000	1182	10	9.984	0.02	False
HG02068	0	400000	1182	10	10.022	0.02	False
HG02069	0	13750	42	9	9.413	0.104	True
HG02069	13750	400000	1140	10	10.01	0.02	False
HG02070	0	400000	1182	10	9.99	0.021	False
HG02071	0	15250	48	9	9.314	0.101	False
HG02071	15250	400000	1134	10	9.998	0.021	False
HG02072	0	13500	41	9	9.031	0.101	False
HG02072	13500	194250	473	10	9.977	0.031	False
HG02072	194250	217250	52	9	8.886	0.089	False
HG02072	217250	400000	616	10	10.004	0.026	False
HG02073	0	14250	44	8	8.099	0.096	False
HG02073	14250	400000	1138	9	8.981	0.019	False
HG02074	0	122625	313	9	8.964	0.035	False
HG02074	122625	400000	869	10	9.982	0.021	False
HG02075	0	123750	316	9	8.937	0.039	False
HG02075	123750	194000	197	10	9.966	0.049	False
HG02075	194000	217250	53	9	8.932	0.091	False
HG02075	217250	400000	616	10	10.003	0.027	False
HG02076	0	400000	1182	10	10.015	0.019	False
HG02077	0	26250	86	9	9.123	0.076	False
HG02077	26250	400000	1096	10	9.97	0.022	False
HG02078	0	14250	44	6	6.758	0.094	True
HG02078	14250	21500	26	9	8.981	0.123	False
HG02078	21500	400000	1112	10	10.006	0.019	False
HG02079	0	400000	1182	10	10.011	0.02	False
HG02080	0	21500	70	9	9.042	0.079	False
HG02080	21500	132750	272	10	9.974	0.042	False
HG02080	132750	138250	22	8	8.159	0.144	False
HG02080	138250	400000	818	10	9.97	0.023	False
HG02081	0	15250	48	9	9.142	0.101	False
HG02081	15250	400000	1134	10	9.985	0.021	False
HG02082	0	400000	1182	10	9.988	0.02	False
HG02083	0	400000	1182	10	9.986	0.02	False
HG02084	0	26250	86	9	9.148	0.074	False
HG02084	26250	400000	1096	10	9.971	0.021	False
HG02085	0	400000	1182	10	9.97	0.021	False
HG02086	0	74750	159	10	10.129	0.055	False
HG02086	74750	400000	1023	11	10.956	0.022	False
HG02087	0	15000	47	8	8.472	0.093	True
HG02087	15000	400000	1135	10	10.022	0.019	False
HG02088	0	26250	86	9	8.876	0.077	False
HG02088	26250	400000	1096	10	10.016	0.022	False
HG02089	0	400000	1182	10	9.995	0.02	False
HG02090	0	400000	1182	10	10.03	0.019	False
HG02091	0	400000	1182	10	9.987	0.019	False
HG02095	0	199250	526	10	9.953	0.032	False
HG02095	199250	216875	39	8	8.084	0.112	False
HG02095	216875	400000	617	10	9.989	0.028	False
HG02102	0	14750	46	8	8.36	0.094	True
HG02102	14750	20500	22	9	9.032	0.137	False
HG02102	20500	400000	1114	10	9.985	0.02	False
HG02104	0	15000	47	6	6.741	0.087	True
HG02104	15000	21500	23	7	6.931	0.125	False
HG02104	21500	199250	456	10	10.009	0.029	False
HG02104	199250	216875	39	9	8.989	0.096	False
HG02104	216875	400000	617	10	9.957	0.024	False
HG02105	0	18000	58	9	9.092	0.086	False
HG02105	18000	400000	1124	10	10.0	0.02	False
HG02106	0	21750	71	9	8.819	0.075	False
HG02106	21750	400000	1111	10	9.995	0.019	False
HG02107	0	14750	46	8	8.569	0.081	True
HG02107	14750	133250	298	10	9.866	0.033	False
HG02107	133250	138250	20	9	8.86	0.127	False
HG02107	138250	197625	160	10	10.005	0.046	False
HG02107	197625	216000	38	8	8.025	0.09	False
HG02107	216000	400000	620	10	10.04	0.022	False
HG02108	0	28000	89	8	8.354	0.072	True
HG02108	28000	400000	1093	10	9.977	0.021	False
HG02111	0	18000	58	9	8.973	0.086	False
HG02111	18000	400000	1124	10	9.999	0.02	False
HG02113	0	15250	48	9	9.235	0.094	False
HG02113	15250	400000	1134	10	10.005	0.02	False
HG02116	0	14500	45	8	8.404	0.1	True
HG02116	14500	400000	1137	10	9.995	0.02	False
HG02120	0	400000	1182	10	10.017	0.018	False
HG02121	0	400000	1182	10	10.016	0.021	False
HG02122	0	400000	1182	10	10.006	0.018	False
HG02126	0	400000	1182	10	9.996	0.021	False
HG02127	0	16000	51	11	10.836	0.105	False
HG02127	16000	133000	292	10	9.991	0.046	False
HG02127	133000	138000	20	8	8.024	0.172	False
HG02127	138000	400000	819	10	9.972	0.026	False
HG02128	0	400000	1182	10	9.988	0.021	False
HG02129	0	14500	45	9	9.315	0.095	False
HG02129	14500	400000	1137	10	9.988	0.019	False
HG02130	0	400000	1182	10	10.027	0.019	False
HG02131	0	14500	45	8	8.532	0.095	True
HG02131	14500	400000	1137	10	10.01	0.019	False
HG02132	0	14500	45	8	8.612	0.093	True
HG02132	14500	400000	1137	10	10.015	0.019	False
HG02133	0	400000	1182	10	9.991	0.02	False
HG02134	0	14250	44	6	6.958	0.09	True
HG02134	14250	21500	26	9	8.622	0.117	True
HG02134	21500	400000	1112	10	10.038	0.018	False
HG02135	0	400000	1182	10	9.999	0.019	False
HG02136	0	133000	343	10	9.934	0.039	False
HG02136	133000	138250	21	8	8.064	0.156	False
HG02136	138250	400000	818	10	9.98	0.025	False
HG02137	0	14750	46	9	9.243	0.098	False
HG02137	14750	400000	1136	10	10.004	0.02	False
HG02138	0	15500	49	7	7.54	0.089	True
HG02138	15500	400000	1133	10	10.011	0.019	False
HG02139	0	400000	1182	10	10.028	0.019	False
HG02140	0	17000	55	9	9.024	0.094	False
HG02140	17000	400000	1127	10	9.98	0.021	False
HG02141	0	14250	44	7	7.935	0.099	True
HG02141	14250	400000	1138	10	9.98	0.02	False
HG02142	0	15250	48	9	9.275	0.096	False
HG02142	15250	400000	1134	10	10.007	0.02	False
HG02143	0	14250	44	8	8.493	0.089	True
HG02143	14250	400000	1138	10	10.002	0.018	False
HG02144	0	14750	46	9	9.201	0.101	False
HG02144	14750	198500	479	10	9.948	0.033	False
HG02144	198500	217750	43	8	8.115	0.105	False
HG02144	217750	400000	614	10	10.05	0.028	False
HG02145	0	14750	46	8	8.427	0.097	True
HG02145	14750	198500	479	10	9.966	0.031	False
HG02145	198500	216875	40	8	8.048	0.104	False
HG02145	216875	400000	617	10	10.006	0.027	False
HG02146	0	23125	75	9	8.98	0.082	False
HG02146	23125	400000	1107	10	10.024	0.022	False
HG02147	0	14500	45	7	7.312	0.108	False
HG02147	14500	188750	452	9	9.022	0.036	False
HG02147	188750	400000	685	11	10.967	0.028	False
HG02148	0	14000	43	7	7.477	0.107	True
HG02148	14000	21500	27	8	8.074	0.135	False
HG02148	21500	188250	425	9	9.056	0.036	False
HG02148	188250	400000	687	11	11.006	0.027	False
HG02150	0	195500	517	11	10.973	0.03	False
HG02150	195500	217250	49	10	10.027	0.092	False
HG02150	217250	259000	127	11	11.115	0.059	False
HG02150	259000	400000	489	10	9.985	0.029	False
HG02151	0	15500	49	9	9.261	0.098	False
HG02151	15500	400000	1133	10	9.972	0.021	False
HG02152	0	16500	53	9	9.176	0.091	False
HG02152	16500	400000	1129	10	9.98	0.02	False
HG02153	0	400000	1182	10	10.007	0.018	False
HG02154	0	15000	47	9	8.947	0.091	False
HG02154	15000	400000	1135	10	9.96	0.019	False
HG02155	0	15250	48	8	8.102	0.1	False
HG02155	15250	22000	24	9	9.058	0.141	False
HG02155	22000	400000	1110	10	9.984	0.021	False
HG02156	0	14500	45	9	9.001	0.094	False
HG02156	14500	197250	478	10	9.965	0.03	False
HG02156	197250	216875	42	9	8.942	0.097	False
HG02156	216875	400000	617	10	9.978	0.025	False
HG02164	0	14250	44	8	8.783	0.096	True
HG02164	14250	193750	468	11	10.991	0.031	False
HG02164	193750	227375	78	10	10.102	0.072	False
HG02164	227375	400000	592	11	11.014	0.026	False
HG02165	0	400000	1182	10	9.988	0.02	False
HG02166	0	14250	44	8	8.562	0.095	True
HG02166	14250	400000	1138	10	10.009	0.019	False
HG02178	0	13750	42	9	9.294	0.097	False
HG02178	13750	199250	484	10	10.033	0.03	False
HG02178	199250	216875	39	9	8.985	0.101	False
HG02178	216875	400000	617	10	9.995	0.025	False
HG02179	0	400000	1182	10	10.021	0.019	False
HG02180	0	133250	344	10	9.964	0.035	False
HG02180	133250	138250	20	8	8.162	0.143	False
HG02180	138250	400000	818	10	10.024	0.022	False
HG02181	0	400000	1182	10	9.99	0.02	False
HG02182	0	15000	47	8	8.437	0.097	True
HG02182	15000	400000	1135	10	10.023	0.02	False
HG02184	0	400000	1182	10	9.988	0.018	False
HG02185	0	218000	569	10	9.992	0.028	False
HG02185	218000	227375	21	9	8.861	0.14	False
HG02185	227375	394250	569	10	10.033	0.027	False
HG02185	394250	400000	23	11	10.86	0.133	False
HG02186	0	14000	43	9	8.957	0.095	False
HG02186	14000	400000	1139	10	10.003	0.019	False
HG02187	0	16000	51	8	8.014	0.09	False
HG02187	16000	400000	1131	9	9.003	0.019	False
HG02188	0	15000	47	9	9.172	0.102	False
HG02188	15000	400000	1135	10	9.996	0.021	False
HG02190	0	14250	44	5	6.34	0.097	True
HG02190	14250	400000	1138	10	10.007	0.02	False
HG02215	0	12000	35	10	10.193	0.113	False
HG02215	12000	18250	24	9	8.875	0.137	False
HG02215	18250	198500	466	11	11.011	0.033	False
HG02215	198500	216875	40	9	9.134	0.106	False
HG02215	216875	316750	306	11	10.96	0.039	False
HG02215	316750	400000	311	10	10.052	0.038	False
HG02219	0	14250	44	9	9.686	0.091	True
HG02219	14250	198500	481	11	11.014	0.029	False
HG02219	198500	216875	40	9	8.917	0.096	False
HG02219	216875	316750	306	11	10.995	0.035	False
HG02219	316750	400000	311	10	10.075	0.034	False
HG02220	0	19500	64	8	8.371	0.08	True
HG02220	19500	197625	460	10	9.978	0.031	False
HG02220	197625	227375	66	9	9.161	0.079	False
HG02220	227375	400000	592	10	10.025	0.026	False
HG02221	0	197625	524	10	9.97	0.03	False
HG02221	197625	216875	41	8	8.008	0.102	False
HG02221	216875	400000	617	10	10.011	0.026	False
HG02222	0	15250	48	9	8.889	0.093	False
HG02222	15250	197625	476	10	10.023	0.031	False
HG02222	197625	216875	41	8	7.935	0.1	False
HG02222	216875	400000	617	10	9.972	0.026	False
HG02223	0	400000	1182	10	9.994	0.021	False
HG02224	0	197625	524	10	10.033	0.029	False
HG02224	197625	216250	39	9	8.987	0.102	False
HG02224	216250	391500	585	10	10.032	0.027	False
HG02224	391500	400000	34	12	11.823	0.109	False
HG02225	0	16750	54	12	12.083	0.087	False
HG02225	16750	194625	461	10	10.052	0.031	False
HG02225	194625	216875	50	9	9.041	0.091	False
HG02225	216875	400000	617	10	9.978	0.026	False
HG02229	0	17625	57	11	10.954	0.088	False
HG02229	17625	195000	459	10	10.068	0.032	False
HG02229	195000	216875	49	9	8.776	0.095	False
HG02229	216875	400000	617	10	9.957	0.027	False
HG02230	0	197625	524	10	9.981	0.031	False
HG02230	197625	216875	41	9	8.848	0.105	False
HG02230	216875	400000	617	10	10.039	0.027	False
HG02231	0	198500	525	10	9.99	0.028	False
HG02231	198500	216875	40	7	7.381	0.098	True
HG02231	216875	400000	617	10	9.949	0.025	False
HG02232	0	16000	51	11	10.896	0.098	False
HG02232	16000	400000	1131	10	10.033	0.021	False
HG02233	0	23750	76	9	8.994	0.075	False
HG02233	23750	400000	1106	10	10.002	0.02	False
HG02234	0	13000	39	9	8.861	0.096	False
HG02234	13000	23125	36	8	8.147	0.1	False
HG02234	23125	400000	1107	10	10.002	0.018	False
HG02235	0	25750	84	9	9.101	0.071	False
HG02235	25750	400000	1098	10	9.99	0.02	False
HG02236	0	16750	54	12	11.822	0.092	False
HG02236	16750	196750	467	11	11.06	0.033	False
HG02236	196750	216875	44	9	9.045	0.102	False
HG02236	216875	316750	306	11	10.981	0.039	False
HG02236	316750	400000	311	10	9.968	0.038	False
HG02237	0	16250	52	11	11.144	0.103	False
HG02237	16250	30500	42	10	9.952	0.116	False
HG02237	30500	198500	431	11	11.012	0.038	False
HG02237	198500	216500	39	9	9.367	0.119	True
HG02237	216500	316000	304	11	10.845	0.044	False
HG02237	316000	400000	314	10	10.076	0.041	False
HG02238	0	21750	71	9	9.313	0.08	False
HG02238	21750	198500	454	10	9.999	0.033	False
HG02238	198500	216875	40	8	7.991	0.107	False
HG02238	216875	400000	617	10	10.033	0.027	False
HG02239	0	197625	524	10	10.028	0.029	False
HG02239	197625	216875	41	9	8.932	0.1	False
HG02239	216875	400000	617	10	10.008	0.026	False
HG02240	0	195500	517	10	10.037	0.031	False
HG02240	195500	216250	46	9	8.931	0.1	False
HG02240	216250	400000	619	10	10.037	0.027	False
HG02250	0	14500	45	8	8.55	0.103	True
HG02250	14500	99625	187	10	9.982	0.053	False
HG02250	99625	116250	61	9	9.068	0.091	False
HG02250	116250	400000	889	10	9.981	0.023	False
HG02252	0	14750	46	8	7.919	0.09	False
HG02252	14750	400000	1136	9	9.023	0.018	False
HG02253	0	21750	71	8	8.006	0.074	False
HG02253	21750	400000	1111	9	9.019	0.019	False
HG02255	0	14250	44	6	6.963	0.098	True
HG02255	14250	21500	26	8	7.811	0.128	False
HG02255	21500	198500	455	10	9.994	0.032	False
HG02255	198500	217500	42	8	8.191	0.101	False
HG02255	217500	400000	615	10	9.999	0.026	False
HG02256	0	15000	47	7	7.249	0.099	False
HG02256	15000	400000	1135	9	8.986	0.021	False
HG02257	0	14500	45	7	7.232	0.093	False
HG02257	14500	21500	25	9	8.691	0.125	False
HG02257	21500	198500	455	10	10.01	0.031	False
HG02257	198500	216875	40	8	8.031	0.099	False
HG02257	216875	400000	617	10	10.001	0.025	False
HG02258	0	29500	91	8	7.995	0.07	False
HG02258	29500	208250	444	10	10.057	0.033	False
HG02258	208250	216875	30	9	8.82	0.122	False
HG02258	216875	400000	617	10	9.989	0.027	False
HG02259	0	400000	1182	10	10.008	0.02	False
HG02260	0	21500	70	8	8.314	0.077	False
HG02260	21500	197625	454	10	9.983	0.032	False
HG02260	197625	215750	37	9	8.741	0.106	False
HG02260	215750	400000	621	10	10.028	0.026	False
HG02261	0	23750	76	9	8.875	0.069	False
HG02261	23750	383000	1040	10	10.04	0.019	False
HG02261	383000	400000	66	11	10.747	0.074	False
HG02262	0	14750	46	9	9.122	0.095	False
HG02262	14750	400000	1136	10	10.015	0.02	False
HG02265	0	400000	1182	10	9.977	0.022	False
HG02266	0	197625	524	10	10.006	0.03	False
HG02266	197625	217250	42	8	8.195	0.102	False
HG02266	217250	400000	616	10	10.006	0.027	False
HG02271	0	17625	57	11	11.007	0.09	False
HG02271	17625	400000	1125	10	9.982	0.021	False
HG02272	0	22500	74	9	8.924	0.077	False
HG02272	22500	400000	1108	10	9.997	0.02	False
HG02273	0	21750	71	9	8.775	0.077	False
HG02273	21750	400000	1111	10	9.983	0.02	False
HG02274	0	16500	53	9	9.055	0.087	False
HG02274	16500	400000	1129	10	9.95	0.019	False
HG02275	0	15250	48	8	8.379	0.1	True
HG02275	15250	400000	1134	10	10.0	0.021	False
HG02277	0	400000	1182	10	9.998	0.021	False
HG02278	0	11750	34	13	12.771	0.105	False
HG02278	11750	263250	671	12	12.034	0.025	False
HG02278	263250	400000	477	10	9.967	0.028	False
HG02279	0	196000	518	13	12.99	0.034	False
HG02279	196000	216500	46	12	11.975	0.109	False
HG02279	216500	263000	140	13	12.789	0.064	False
HG02279	263000	400000	478	10	10.022	0.034	False
HG02280	0	400000	1182	10	10.009	0.02	False
HG02281	0	194625	515	10	10.048	0.032	False
HG02281	194625	217250	51	9	9.239	0.097	False
HG02281	217250	230000	34	11	10.93	0.118	False
HG02281	230000	400000	582	10	9.955	0.029	False
HG02282	0	18000	58	10	10.166	0.09	False
HG02282	18000	28000	31	9	8.754	0.123	False
HG02282	28000	400000	1093	10	10.014	0.021	False
HG02283	0	14750	46	9	9.124	0.099	False
HG02283	14750	400000	1136	10	9.991	0.02	False
HG02284	0	75750	163	9	9.231	0.052	False
HG02284	75750	400000	1019	10	9.96	0.021	False
HG02285	0	17250	56	13	13.156	0.094	False
HG02285	17250	400000	1126	10	10.023	0.021	False
HG02286	0	195500	517	10	10.023	0.028	False
HG02286	195500	227375	73	9	9.219	0.071	False
HG02286	227375	400000	592	10	9.995	0.025	False
HG02287	0	16500	53	11	10.783	0.091	False
HG02287	16500	197625	471	10	10.021	0.032	False
HG02287	197625	216250	39	9	8.965	0.106	False
HG02287	216250	400000	619	10	9.983	0.027	False
HG02291	0	15500	49	9	8.937	0.091	False
HG02291	15500	400000	1133	10	10.024	0.019	False
HG02292	0	400000	1182	10	10.013	0.019	False
HG02293	0	14750	46	9	9.066	0.091	False
HG02293	14750	400000	1136	10	10.023	0.019	False
HG02298	0	15750	50	11	10.987	0.09	False
HG02298	15750	400000	1132	10	10.009	0.019	False
HG02299	0	199250	526	10	9.963	0.029	False
HG02299	199250	227375	64	9	9.17	0.079	False
HG02299	227375	400000	592	10	9.999	0.026	False
HG02300	0	400000	1182	10	9.985	0.02	False
HG02301	0	23125	75	9	8.972	0.072	False
HG02301	23125	400000	1107	10	10.003	0.019	False
HG02302	0	21750	71	9	8.723	0.077	False
HG02302	21750	400000	1111	10	10.007	0.02	False
HG02303	0	400000	1182	10	10.017	0.02	False
HG02304	0	14750	46	7	7.719	0.091	True
HG02304	14750	20500	22	9	8.918	0.131	False
HG02304	20500	400000	1114	10	10.008	0.019	False
HG02307	0	14250	44	9	9.148	0.111	False
HG02307	14250	400000	1138	10	9.985	0.022	False
HG02308	0	14750	46	8	8.322	0.093	False
HG02308	14750	400000	1136	10	9.997	0.019	False
HG02309	0	26875	88	8	7.824	0.073	False
HG02309	26875	400000	1094	10	10.029	0.021	False
HG02312	0	208250	535	10	9.948	0.03	False
HG02312	208250	216875	30	9	8.986	0.12	False
HG02312	216875	400000	617	10	10.018	0.027	False
HG02314	0	15000	47	7	7.749	0.096	True
HG02314	15000	25250	35	8	8.144	0.111	False
HG02314	25250	196750	439	10	10.013	0.033	False
HG02314	196750	215500	39	8	8.205	0.105	False
HG02314	215500	400000	622	10	9.998	0.026	False
HG02315	0	400000	1182	10	9.997	0.02	False
HG02316	0	14250	44	8	8.381	0.099	True
HG02316	14250	400000	1138	10	9.977	0.02	False
HG02317	0	14250	44	9	8.809	0.105	False
HG02317	14250	195000	472	10	9.904	0.034	False
HG02317	195000	216875	49	9	9.043	0.099	False
HG02317	216875	400000	617	10	10.019	0.028	False
HG02318	0	14250	44	8	8.53	0.115	True
HG02318	14250	400000	1138	10	10.016	0.023	False
HG02321	0	400000	1182	10	9.995	0.018	False
HG02322	0	8750	22	8	8.643	0.15	True
HG02322	8750	14750	24	9	8.975	0.144	False
HG02322	14750	198500	479	10	10.029	0.034	False
HG02322	198500	217750	43	9	8.923	0.108	False
HG02322	217750	394250	591	10	10.012	0.029	False
HG02322	394250	400000	23	9	8.868	0.147	False
HG02323	0	14500	45	9	9.205	0.098	False
HG02323	14500	400000	1137	10	9.994	0.02	False
HG02325	0	21000	69	8	7.947	0.091	False
HG02325	21000	400000	1113	10	10.0	0.023	False
HG02330	0	14250	44	6	7.012	0.105	True
HG02330	14250	21500	26	9	9.088	0.137	False
HG02330	21500	198500	455	10	10.023	0.034	False
HG02330	198500	216000	37	9	8.832	0.115	False
HG02330	216000	400000	620	10	10.036	0.028	False
HG02332	0	23125	75	9	9.008	0.08	False
HG02332	23125	400000	1107	10	9.991	0.021	False
HG02334	0	14250	44	6	6.159	0.093	False
HG02334	14250	199250	482	9	8.952	0.029	False
HG02334	199250	216875	39	7	6.955	0.099	False
HG02334	216875	400000	617	9	9.007	0.025	False
HG02337	0	10000	27	9	8.89	0.125	False
HG02337	10000	344500	950	10	10.007	0.022	False
HG02337	344500	400000	205	11	10.882	0.045	False
HG02339	0	10000	27	8	7.94	0.131	False
HG02339	10000	400000	1155	10	9.995	0.02	False
HG02343	0	204125	530	10	9.997	0.03	False
HG02343	204125	213125	23	9	8.81	0.14	False
HG02343	213125	400000	629	10	9.991	0.027	False
HG02345	0	400000	1182	9	9.002	0.017	False
HG02348	0	23125	75	9	8.821	0.077	False
HG02348	23125	400000	1107	10	9.992	0.021	False
HG02351	0	196250	519	10	10.028	0.031	False
HG02351	196250	217250	47	9	8.924	0.1	False
HG02351	217250	400000	616	10	10.003	0.028	False
HG02353	0	28000	89	9	8.74	0.068	False
HG02353	28000	400000	1093	10	10.016	0.02	False
HG02355	0	14750	46	9	9.112	0.103	False
HG02355	14750	400000	1136	10	9.971	0.021	False
HG02356	0	400000	1182	10	9.975	0.019	False
HG02360	0	400000	1182	10	9.991	0.021	False
HG02364	0	400000	1182	10	10.003	0.019	False
HG02367	0	14750	46	8	8.545	0.097	True
HG02367	14750	400000	1136	10	9.992	0.02	False
HG02371	0	14500	45	9	9.212	0.1	False
HG02371	14500	400000	1137	10	9.969	0.02	False
HG02373	0	16000	51	10	9.715	0.071	False
HG02373	16000	123250	263	9	9.074	0.033	False
HG02373	123250	400000	868	10	9.995	0.017	False
HG02374	0	26500	87	9	9.175	0.066	False
HG02374	26500	195000	429	10	9.953	0.032	False
HG02374	195000	217500	51	9	9.049	0.087	False
HG02374	217500	400000	615	10	10.0	0.025	False
HG02375	0	400000	1182	10	9.981	0.018	False
HG02379	0	13500	41	9	9.204	0.11	False
HG02379	13500	400000	1141	10	9.999	0.021	False
HG02380	0	14500	45	8	8.589	0.099	True
HG02380	14500	400000	1137	10	9.971	0.02	False
HG02382	0	16000	51	9	9.044	0.09	False
HG02382	16000	400000	1131	10	9.991	0.02	False
HG02383	0	26000	85	9	9.035	0.075	False
HG02383	26000	133000	258	10	10.007	0.046	False
HG02383	133000	138250	21	8	8.106	0.156	False
HG02383	138250	360750	678	10	9.954	0.027	False
HG02383	360750	400000	140	9	9.291	0.059	False
HG02384	0	400000	1182	10	10.016	0.02	False
HG02385	0	14250	44	7	7.777	0.101	True
HG02385	14250	400000	1138	10	9.974	0.02	False
HG02386	0	400000	1182	10	9.994	0.02	False
HG02389	0	16500	53	9	9.036	0.099	False
HG02389	16500	400000	1129	10	9.976	0.022	False
HG02390	0	15000	47	8	8.775	0.103	True
HG02390	15000	400000	1135	10	10.019	0.021	False
HG02391	0	400000	1182	10	10.01	0.019	False
HG02392	0	12500	37	10	10.133	0.106	False
HG02392	12500	26250	49	8	7.84	0.092	False
HG02392	26250	400000	1096	10	10.01	0.02	False
HG02394	0	400000	1182	10	10.018	0.022	False
HG02395	0	20250	67	9	8.99	0.081	False
HG02395	20250	400000	1115	10	10.02	0.02	False
HG02396	0	14500	45	8	8.328	0.094	False
HG02396	14500	400000	1137	10	10.03	0.019	False
HG02397	0	15000	47	9	9.023	0.099	False
HG02397	15000	197250	476	10	9.986	0.033	False
HG02397	197250	216875	42	9	8.803	0.105	False
HG02397	216875	400000	617	10	10.012	0.027	False
HG02398	0	400000	1182	10	10.011	0.021	False
HG02399	0	14750	46	9	9.029	0.095	False
HG02399	14750	400000	1136	10	10.019	0.019	False
HG02401	0	12250	36	10	10.048	0.119	False
HG02401	12250	30750	59	9	8.999	0.093	False
HG02401	30750	400000	1087	10	10.013	0.022	False
HG02402	0	14500	45	9	9.188	0.112	False
HG02402	14500	146250	350	10	10.079	0.042	False
HG02402	146250	400000	787	11	10.984	0.027	False
HG02406	0	15000	47	9	9.229	0.093	False
HG02406	15000	400000	1135	10	9.995	0.019	False
HG02407	0	14000	43	9	9.378	0.101	True
HG02407	14000	195000	473	10	9.954	0.032	False
HG02407	195000	217250	50	9	9.089	0.094	False
HG02407	217250	400000	616	10	10.001	0.027	False
HG02408	0	14000	43	8	7.812	0.103	False
HG02408	14000	400000	1139	9	9.012	0.02	False
HG02409	0	400000	1182	10	10.006	0.019	False
HG02410	0	400000	1182	10	10.006	0.019	False
HG02419	0	14750	46	8	8.492	0.098	True
HG02419	14750	400000	1136	10	10.022	0.02	False
HG02420	0	16250	52	10	9.975	0.104	False
HG02420	16250	31750	46	9	8.918	0.111	False
HG02420	31750	194625	417	10	9.956	0.039	False
HG02420	194625	217250	51	9	8.989	0.105	False
HG02420	217250	362000	481	10	9.929	0.034	False
HG02420	362000	400000	135	9	9.255	0.065	False
HG02425	0	14250	44	8	8.603	0.102	True
HG02425	14250	198500	481	10	9.931	0.032	False
HG02425	198500	216875	40	8	8.502	0.107	True
HG02425	216875	400000	617	10	10.005	0.027	False
HG02427	0	15000	47	6	6.534	0.094	True
HG02427	15000	21000	22	8	7.871	0.138	False
HG02427	21000	198500	456	10	10.052	0.032	False
HG02427	198500	216875	40	9	9.004	0.102	False
HG02427	216875	400000	617	10	10.001	0.026	False
HG02429	0	14000	43	8	8.598	0.1	True
HG02429	14000	400000	1139	10	10.011	0.02	False
HG02433	0	8250	20	8	7.914	0.167	False
HG02433	8250	15500	29	9	9.097	0.139	False
HG02433	15500	133000	294	10	9.976	0.046	False
HG02433	133000	138250	21	8	8.062	0.168	False
HG02433	138250	400000	818	10	9.968	0.026	False
HG02439	0	400000	1182	10	9.997	0.019	False
HG02442	0	14750	46	9	8.732	0.1	False
HG02442	14750	400000	1136	10	9.994	0.021	False
HG02445	0	19500	64	9	8.927	0.078	False
HG02445	19500	400000	1118	10	9.976	0.019	False
HG02449	0	11750	34	9	8.932	0.115	False
HG02449	11750	400000	1148	10	10.018	0.02	False
HG02450	0	15000	47	9	8.911	0.097	False
HG02450	15000	199250	479	10	10.028	0.032	False
HG02450	199250	216875	39	9	8.953	0.106	False
HG02450	216875	400000	617	10	10.026	0.027	False
HG02451	0	8000	19	7	8.02	0.156	True
HG02451	8000	28000	70	9	9.15	0.081	False
HG02451	28000	197625	435	10	9.916	0.034	False
HG02451	197625	218000	45	9	8.901	0.101	False
HG02451	218000	400000	613	10	10.013	0.027	False
HG02455	0	16250	52	10	9.97	0.091	False
HG02455	16250	263500	654	11	11.02	0.027	False
HG02455	263500	400000	476	10	10.03	0.03	False
HG02461	0	14500	45	8	7.94	0.095	False
HG02461	14500	196750	476	10	9.977	0.031	False
HG02461	196750	216500	43	9	8.925	0.097	False
HG02461	216500	400000	618	10	10.006	0.026	False
HG02462	0	15750	50	10	10.067	0.089	False
HG02462	15750	22250	23	9	8.865	0.131	False
HG02462	22250	199750	454	10	9.985	0.031	False
HG02462	199750	216875	38	9	9.037	0.102	False
HG02462	216875	400000	617	10	9.998	0.025	False
HG02463	0	21500	70	9	9.378	0.076	True
HG02463	21500	199750	457	10	10.019	0.031	False
HG02463	199750	216000	35	9	8.978	0.107	False
HG02463	216000	400000	620	10	10.027	0.026	False
HG02464	0	14750	46	7	7.342	0.107	False
HG02464	14750	400000	1136	10	10.031	0.022	False
HG02465	0	28000	89	8	8.369	0.066	True
HG02465	28000	201625	439	9	8.952	0.031	False
HG02465	201625	216875	37	8	7.907	0.103	False
HG02465	216875	400000	617	9	9.044	0.025	False
HG02466	0	14250	44	8	8.548	0.089	True
HG02466	14250	400000	1138	10	10.002	0.018	False
HG02470	0	400000	1182	10	10.022	0.02	False
HG02471	0	19000	62	9	9.241	0.084	False
HG02471	19000	28000	27	8	7.835	0.127	False
HG02471	28000	400000	1093	10	9.983	0.02	False
HG02476	0	8250	20	8	8.293	0.145	False
HG02476	8250	400000	1162	10	10.0	0.019	False
HG02477	0	133250	344	10	9.92	0.037	False
HG02477	133250	138250	20	8	8.269	0.151	False
HG02477	138250	400000	818	10	10.025	0.023	False
HG02479	0	15000	47	8	8.347	0.095	False
HG02479	15000	198500	478	10	9.924	0.031	False
HG02479	198500	216875	40	8	8.029	0.103	False
HG02479	216875	400000	617	10	10.044	0.026	False
HG02481	0	16000	51	8	8.573	0.146	True
HG02481	16000	400000	1131	10	10.021	0.032	False
HG02484	0	12250	36	9	9.216	0.108	False
HG02484	12250	208250	499	10	9.988	0.03	False
HG02484	208250	216875	30	9	8.692	0.118	False
HG02484	216875	395500	599	10	10.037	0.026	False
HG02484	395500	400000	18	9	8.874	0.154	False
HG02485	0	400000	1182	9	8.993	0.019	False
HG02489	0	14250	44	8	8.616	0.104	True
HG02489	14250	198500	481	10	9.957	0.033	False
HG02489	198500	216875	40	8	7.885	0.109	False
HG02489	216875	400000	617	10	10.034	0.028	False
HG02490	0	20000	66	9	9.051	0.078	False
HG02490	20000	400000	1116	10	9.993	0.019	False
HG02491	0	400000	1182	10	10.008	0.02	False
HG02492	0	14000	43	9	9.14	0.106	False
HG02492	14000	400000	1139	10	10.013	0.021	False
HG02493	0	17000	55	11	10.855	0.095	False
HG02493	17000	400000	1127	10	10.026	0.021	False
HG02494	0	400000	1182	10	10.002	0.02	False
HG02495	0	400000	1182	10	9.98	0.018	False
HG02496	0	14000	43	8	8.048	0.109	False
HG02496	14000	21750	28	9	9.122	0.135	False
HG02496	21750	400000	1111	10	10.037	0.022	False
HG02497	0	26500	87	9	9.137	0.072	False
HG02497	26500	400000	1095	10	9.957	0.021	False
HG02501	0	20500	68	9	9.297	0.079	False
HG02501	20500	400000	1114	10	10.007	0.02	False
HG02502	0	8250	20	7	7.869	0.151	True
HG02502	8250	23125	55	9	8.967	0.091	False
HG02502	23125	400000	1107	10	9.997	0.021	False
HG02505	0	29500	91	9	9.185	0.067	False
HG02505	29500	195500	426	10	9.927	0.033	False
HG02505	195500	216875	48	9	9.122	0.092	False
HG02505	216875	400000	617	10	10.011	0.026	False
HG02508	0	8250	20	6	6.782	0.139	True
HG02508	8250	400000	1162	9	8.998	0.019	False
HG02511	0	9750	26	9	9.054	0.126	False
HG02511	9750	155250	395	10	9.99	0.034	False
HG02511	155250	197625	103	11	10.934	0.066	False
HG02511	197625	217250	42	10	10.035	0.1	False
HG02511	217250	298500	235	12	11.911	0.044	False
HG02511	298500	400000	381	11	11.003	0.032	False
HG02512	0	16250	52	11	11.195	0.086	False
HG02512	16250	198500	473	10	9.969	0.03	False
HG02512	198500	216875	40	9	9.036	0.098	False
HG02512	216875	400000	617	10	9.999	0.025	False
HG02513	0	400000	1182	10	10.018	0.02	False
HG02514	0	400000	1182	10	10.012	0.019	False
HG02521	0	8000	19	10	10.034	0.141	False
HG02521	8000	13750	23	8	7.802	0.128	False
HG02521	13750	400000	1140	10	10.02	0.019	False
HG02522	0	10500	29	10	9.89	0.127	False
HG02522	10500	121500	281	9	9.072	0.043	False
HG02522	121500	201625	218	10	9.957	0.049	False
HG02522	201625	216500	36	9	8.959	0.114	False
HG02522	216500	400000	618	10	10.013	0.028	False
HG02523	0	123250	314	9	9.03	0.04	False
HG02523	123250	196500	206	10	10.024	0.05	False
HG02523	196500	216875	45	9	8.989	0.101	False
HG02523	216875	400000	617	10	10.005	0.027	False
HG02524	0	400000	1182	10	9.972	0.02	False
HG02525	0	400000	1182	10	9.983	0.019	False
HG02526	0	400000	1182	10	10.023	0.019	False
HG02536	0	14000	43	9	9.08	0.107	False
HG02536	14000	197000	479	10	10.005	0.033	False
HG02536	197000	227000	67	9	9.095	0.085	False
HG02536	227000	400000	593	10	10.013	0.029	False
HG02537	0	14250	44	9	8.796	0.107	False
HG02537	14250	199250	482	10	10.054	0.034	False
HG02537	199250	212000	24	9	8.666	0.145	False
HG02537	212000	400000	632	10	10.015	0.028	False
HG02541	0	21000	69	8	8.705	0.078	True
HG02541	21000	198500	456	10	9.92	0.032	False
HG02541	198500	216875	40	8	8.187	0.102	False
HG02541	216875	400000	617	10	10.004	0.026	False
HG02545	0	22500	74	9	8.967	0.082	False
HG02545	22500	400000	1108	10	9.992	0.022	False
HG02546	0	14250	44	9	8.671	0.102	False
HG02546	14250	194625	471	10	10.047	0.033	False
HG02546	194625	216500	49	9	9.0	0.096	False
HG02546	216500	400000	618	10	10.008	0.027	False
HG02549	0	16500	53	8	8.417	0.086	True
HG02549	16500	24250	25	9	9.132	0.126	False
HG02549	24250	400000	1104	10	9.987	0.019	False
HG02554	0	8750	22	8	8.824	0.121	True
HG02554	8750	15000	25	9	9.004	0.114	False
HG02554	15000	198500	478	10	10.041	0.027	False
HG02554	198500	216875	40	8	8.155	0.09	False
HG02554	216875	400000	617	10	10.013	0.023	False
HG02555	0	400000	1182	10	10.023	0.021	False
HG02557	0	14750	46	6	6.542	0.099	True
HG02557	14750	20500	22	9	9.072	0.143	False
HG02557	20500	194625	447	10	10.016	0.033	False
HG02557	194625	216250	48	9	9.062	0.097	False
HG02557	216250	400000	619	10	9.994	0.027	False
HG02558	0	22500	74	9	8.918	0.082	False
HG02558	22500	400000	1108	10	10.035	0.022	False
HG02561	0	19750	65	9	9.425	0.075	True
HG02561	19750	133000	278	10	10.048	0.038	False
HG02561	133000	138250	21	9	8.77	0.136	False
HG02561	138250	198500	161	10	9.814	0.05	False
HG02561	198500	216875	40	7	7.189	0.095	False
HG02561	216875	400000	617	10	9.986	0.024	False
HG02562	0	14750	46	7	7.613	0.087	True
HG02562	14750	21750	25	9	8.649	0.119	False
HG02562	21750	400000	1111	10	9.988	0.018	False
HG02563	0	29000	90	9	9.226	0.071	False
HG02563	29000	198500	435	10	9.996	0.034	False
HG02563	198500	222875	56	9	9.259	0.09	False
HG02563	222875	400000	601	10	10.044	0.028	False
HG02568	0	14250	44	7	7.937	0.109	True
HG02568	14250	31250	53	9	9.164	0.1	False
HG02568	31250	400000	1085	10	9.997	0.022	False
HG02569	0	20250	67	10	10.028	0.082	False
HG02569	20250	28000	22	8	8.355	0.143	False
HG02569	28000	400000	1093	10	9.996	0.021	False
HG02570	0	198500	525	10	10.002	0.029	False
HG02570	198500	214875	33	9	8.897	0.11	False
HG02570	214875	400000	624	10	9.995	0.025	False
HG02571	0	15000	47	9	8.696	0.101	False
HG02571	15000	23125	28	10	10.045	0.131	False
HG02571	23125	29500	16	7	7.279	0.174	False
HG02571	29500	197625	433	10	10.02	0.035	False
HG02571	197625	216875	41	7	7.17	0.108	False
HG02571	216875	400000	617	10	9.99	0.028	False
HG02572	0	23125	75	10	9.893	0.075	False
HG02572	23125	29500	16	8	8.286	0.163	False
HG02572	29500	197625	433	10	9.989	0.033	False
HG02572	197625	216875	41	7	7.371	0.102	True
HG02572	216875	400000	617	10	10.008	0.026	False
HG02573	0	14750	46	8	8.392	0.094	True
HG02573	14750	400000	1136	10	9.981	0.019	False
HG02574	0	22250	73	8	8.247	0.078	False
HG02574	22250	197625	451	10	9.928	0.033	False
HG02574	197625	217750	44	8	8.088	0.1	False
HG02574	217750	400000	614	10	9.984	0.027	False
HG02575	0	15250	48	8	8.497	0.093	True
HG02575	15250	196250	471	10	9.993	0.031	False
HG02575	196250	216875	46	9	9.049	0.095	False
HG02575	216875	400000	617	10	10.018	0.026	False
HG02577	0	14500	45	8	8.661	0.091	True
HG02577	14500	31750	53	9	9.005	0.085	False
HG02577	31750	400000	1084	10	9.982	0.019	False
HG02580	0	14500	45	7	7.556	0.098	True
HG02580	14500	21750	26	8	8.129	0.129	False
HG02580	21750	194625	444	10	9.987	0.033	False
HG02580	194625	216875	50	9	9.086	0.093	False
HG02580	216875	400000	617	10	9.982	0.026	False
HG02582	0	16750	54	8	8.493	0.092	True
HG02582	16750	400000	1128	10	10.017	0.021	False
HG02583	0	15000	47	9	8.838	0.087	False
HG02583	15000	400000	1135	10	10.039	0.018	False
HG02584	0	14500	45	8	8.475	0.098	True
HG02584	14500	400000	1137	10	9.99	0.02	False
HG02585	0	14250	44	8	8.157	0.1	False
HG02585	14250	400000	1138	10	10.019	0.02	False
HG02586	0	14500	45	9	9.22	0.111	False
HG02586	14500	400000	1137	10	9.985	0.022	False
HG02587	0	14500	45	7	7.657	0.104	True
HG02587	14500	194250	469	10	9.936	0.034	False
HG02587	194250	216000	48	9	8.967	0.1	False
HG02587	216000	400000	620	10	10.001	0.028	False
HG02588	0	14250	44	7	7.338	0.099	False
HG02588	14250	21500	26	8	8.115	0.128	False
HG02588	21500	400000	1112	10	9.982	0.02	False
HG02589	0	14500	45	8	8.611	0.087	True
HG02589	14500	199250	481	10	9.963	0.028	False
HG02589	199250	216875	39	9	9.036	0.093	False
HG02589	216875	400000	617	10	10.009	0.023	False
HG02590	0	22000	72	9	8.904	0.075	False
HG02590	22000	400000	1110	10	10.032	0.02	False
HG02594	0	15000	47	8	8.69	0.097	True
HG02594	15000	206375	486	10	9.94	0.031	False
HG02594	206375	216000	29	9	8.969	0.123	False
HG02594	216000	400000	620	10	10.049	0.027	False
HG02595	0	14750	46	8	8.138	0.105	False
HG02595	14750	400000	1136	10	10.019	0.022	False
HG02596	0	14500	45	7	7.973	0.101	True
HG02596	14500	195500	472	10	10.002	0.033	False
HG02596	195500	216500	47	9	8.912	0.099	False
HG02596	216500	400000	618	10	9.967	0.027	False
HG02597	0	84250	192	9	9.015	0.051	False
HG02597	84250	150500	215	10	9.909	0.049	False
HG02597	150500	169000	35	9	8.943	0.119	False
HG02597	169000	197000	80	10	10.131	0.08	False
HG02597	197000	216875	43	9	8.942	0.104	False
HG02597	216875	400000	617	10	9.994	0.027	False
HG02600	0	199250	526	10	10.031	0.031	False
HG02600	199250	217250	40	9	9.019	0.107	False
HG02600	217250	400000	616	10	10.013	0.027	False
HG02601	0	22500	74	9	9.216	0.079	False
HG02601	22500	400000	1108	10	9.971	0.021	False
HG02602	0	22250	73	9	9.006	0.073	False
HG02602	22250	400000	1109	10	9.987	0.019	False
HG02603	0	11250	32	10	9.938	0.121	False
HG02603	11250	16000	19	8	8.438	0.157	False
HG02603	16000	400000	1131	10	9.988	0.021	False
HG02604	0	17625	57	9	9.189	0.086	False
HG02604	17625	197625	467	10	9.931	0.032	False
HG02604	197625	216875	41	8	8.208	0.102	False
HG02604	216875	400000	617	10	10.016	0.026	False
HG02605	0	9750	26	10	10.154	0.127	False
HG02605	9750	25250	56	9	9.074	0.087	False
HG02605	25250	193125	428	10	9.985	0.033	False
HG02605	193125	216875	55	9	8.997	0.088	False
HG02605	216875	400000	617	10	9.963	0.026	False
HG02610	0	14250	44	7	7.298	0.09	False
HG02610	14250	23125	31	9	9.283	0.107	False
HG02610	23125	30750	20	8	7.763	0.135	False
HG02610	30750	198500	430	9	9.008	0.03	False
HG02610	198500	216875	40	6	6.122	0.094	False
HG02610	216875	400000	617	9	8.983	0.024	False
HG02611	0	23125	75	9	8.92	0.075	False
HG02611	23125	400000	1107	10	10.001	0.02	False
HG02612	0	13750	42	9	9.053	0.099	False
HG02612	13750	199250	484	10	10.009	0.031	False
HG02612	199250	216875	39	8	8.07	0.103	False
HG02612	216875	400000	617	10	10.029	0.026	False
HG02613	0	14500	45	5	5.809	0.101	True
HG02613	14500	21500	25	8	8.195	0.135	False
HG02613	21500	400000	1112	10	9.981	0.021	False
HG02614	0	14750	46	8	8.702	0.096	True
HG02614	14750	395250	1117	10	9.982	0.02	False
HG02614	395250	400000	19	9	8.935	0.15	False
HG02615	0	14250	44	7	7.921	0.09	True
HG02615	14250	400000	1138	10	10.0	0.018	False
HG02620	0	17625	57	9	8.941	0.097	False
HG02620	17625	129750	273	10	9.962	0.047	False
HG02620	129750	138250	34	9	8.834	0.128	False
HG02620	138250	400000	818	10	10.008	0.026	False
HG02621	0	14750	46	8	8.157	0.098	False
HG02621	14750	197250	477	10	10.001	0.032	False
HG02621	197250	216000	39	9	9.058	0.106	False
HG02621	216000	400000	620	10	9.996	0.027	False
HG02622	0	14500	45	8	8.25	0.092	False
HG02622	14500	192125	463	10	9.994	0.03	False
HG02622	192125	216500	56	9	9.115	0.082	False
HG02622	216500	400000	618	10	10.022	0.025	False
HG02623	0	15250	48	8	7.908	0.101	False
HG02623	15250	20500	20	9	9.221	0.156	False
HG02623	20500	28000	21	7	7.405	0.152	False
HG02623	28000	196250	430	9	8.963	0.035	False
HG02623	196250	216875	46	8	7.844	0.103	False
HG02623	216875	400000	617	9	9.038	0.028	False
HG02624	0	18750	61	8	8.551	0.08	True
HG02624	18750	400000	1121	10	10.006	0.019	False
HG02625	0	16750	54	8	8.103	0.083	False
HG02625	16750	400000	1128	9	8.986	0.019	False
HG02628	0	400000	1182	10	10.013	0.021	False
HG02629	0	14500	45	9	8.74	0.095	False
HG02629	14500	400000	1137	10	9.982	0.019	False
HG02630	0	11500	33	9	9.094	0.114	False
HG02630	11500	323750	864	10	10.043	0.023	False
HG02630	323750	334000	39	9	9.119	0.104	False
HG02630	334000	400000	246	10	9.962	0.041	False
HG02634	0	14250	44	7	7.534	0.094	True
HG02634	14250	105500	209	9	9.064	0.045	False
HG02634	105500	400000	929	10	9.989	0.021	False
HG02635	0	28000	89	9	9.339	0.067	False
HG02635	28000	400000	1093	10	10.007	0.019	False
HG02636	0	14250	44	7	7.502	0.101	True
HG02636	14250	105500	209	9	9.082	0.049	False
HG02636	105500	400000	929	10	9.999	0.022	False
HG02642	0	17625	57	8	8.521	0.088	True
HG02642	17625	400000	1125	10	9.97	0.02	False
HG02643	0	14250	44	8	8.451	0.103	True
HG02643	14250	400000	1138	10	9.974	0.021	False
HG02644	0	14500	45	8	8.359	0.101	True
HG02644	14500	400000	1137	10	10.002	0.02	False
HG02645	0	198500	525	10	10.031	0.031	False
HG02645	198500	216875	40	8	7.963	0.109	False
HG02645	216875	400000	617	10	10.025	0.028	False
HG02646	0	14250	44	9	9.083	0.102	False
HG02646	14250	400000	1138	10	9.994	0.02	False
HG02647	0	198500	525	10	10.014	0.028	False
HG02647	198500	216875	40	8	7.709	0.097	False
HG02647	216875	400000	617	10	10.017	0.025	False
HG02648	0	14750	46	8	8.487	0.095	True
HG02648	14750	193125	464	10	9.963	0.031	False
HG02648	193125	232000	98	9	9.232	0.065	False
HG02648	232000	400000	574	10	9.974	0.027	False
HG02649	0	195000	516	9	8.975	0.028	False
HG02649	195000	215250	43	8	7.912	0.094	False
HG02649	215250	400000	623	9	9.008	0.025	False
HG02650	0	14500	45	7	7.131	0.091	False
HG02650	14500	21000	24	8	8.071	0.124	False
HG02650	21000	198500	456	9	9.036	0.03	False
HG02650	198500	216875	40	8	7.979	0.096	False
HG02650	216875	400000	617	9	9.016	0.025	False
HG02651	0	400000	1182	10	9.981	0.02	False
HG02652	0	16750	54	11	11.471	0.086	True
HG02652	16750	400000	1128	10	9.991	0.019	False
HG02653	0	17250	56	11	10.947	0.096	False
HG02653	17250	400000	1126	10	10.029	0.022	False
HG02654	0	11750	34	9	9.201	0.104	False
HG02654	11750	198500	491	10	10.006	0.029	False
HG02654	198500	216875	40	8	7.862	0.096	False
HG02654	216875	400000	617	10	10.01	0.025	False
HG02655	0	16500	53	12	11.691	0.099	False
HG02655	16500	195000	463	10	10.016	0.035	False
HG02655	195000	218000	53	9	8.946	0.099	False
HG02655	218000	400000	613	10	9.982	0.029	False
HG02656	0	18250	59	11	11.184	0.084	False
HG02656	18250	196500	461	10	10.003	0.031	False
HG02656	196500	216875	45	9	8.837	0.096	False
HG02656	216875	400000	617	10	9.963	0.026	False
HG02657	0	22250	73	9	9.06	0.076	False
HG02657	22250	197000	449	10	9.973	0.032	False
HG02657	197000	217250	44	9	9.045	0.098	False
HG02657	217250	400000	616	10	10.024	0.026	False
HG02658	0	196250	519	10	9.989	0.031	False
HG02658	196250	217250	47	9	8.979	0.098	False
HG02658	217250	400000	616	10	9.979	0.027	False
HG02659	0	23125	75	9	8.985	0.078	False
HG02659	23125	400000	1107	10	9.973	0.021	False
HG02660	0	14250	44	8	8.117	0.097	False
HG02660	14250	400000	1138	9	8.985	0.019	False
HG02661	0	15500	49	8	8.552	0.091	True
HG02661	15500	400000	1133	10	9.996	0.019	False
HG02662	0	400000	1182	10	10.004	0.018	False
HG02666	0	199250	526	10	9.991	0.033	False
HG02666	199250	216875	39	9	8.792	0.117	False
HG02666	216875	400000	617	10	10.003	0.029	False
HG02667	0	14750	46	8	8.261	0.093	False
HG02667	14750	400000	1136	10	9.989	0.019	False
HG02668	0	16500	53	9	9.004	0.093	False
HG02668	16500	205875	479	10	10.006	0.033	False
HG02668	205875	216250	31	9	9.005	0.122	False
HG02668	216250	400000	619	10	10.017	0.027	False
HG02675	0	16500	53	8	8.747	0.089	True
HG02675	16500	198500	472	10	9.958	0.031	False
HG02675	198500	216875	40	9	8.91	0.103	False
HG02675	216875	400000	617	10	10.016	0.026	False
HG02676	0	14250	44	5	6.039	0.099	True
HG02676	14250	21500	26	8	7.839	0.128	False
HG02676	21500	400000	1112	10	10.029	0.02	False
HG02677	0	14750	46	8	8.34	0.094	False
HG02677	14750	22250	27	9	9.093	0.123	False
HG02677	22250	199250	453	10	10.017	0.031	False
HG02677	199250	216500	38	8	8.219	0.103	False
HG02677	216500	400000	618	10	9.987	0.026	False
HG02678	0	14000	43	8	8.637	0.112	True
HG02678	14000	400000	1139	10	9.999	0.022	False
HG02679	0	8250	20	9	8.897	0.148	False
HG02679	8250	400000	1162	10	9.996	0.02	False
HG02680	0	400000	1182	10	10.014	0.02	False
HG02681	0	400000	1182	10	9.965	0.02	False
HG02682	0	22250	73	9	9.014	0.086	False
HG02682	22250	400000	1109	10	9.992	0.022	False
HG02683	0	400000	1182	10	10.004	0.02	False
HG02684	0	197250	523	10	9.96	0.03	False
HG02684	197250	227375	67	9	9.128	0.082	False
HG02684	227375	400000	592	10	9.995	0.028	False
HG02685	0	201625	528	10	9.988	0.029	False
HG02685	201625	216875	37	8	7.835	0.106	False
HG02685	216875	400000	617	10	9.981	0.026	False
HG02686	0	15000	47	8	8.435	0.089	True
HG02686	15000	197625	477	10	9.959	0.029	False
HG02686	197625	216875	41	8	8.237	0.095	False
HG02686	216875	400000	617	10	9.986	0.025	False
HG02687	0	7750	18	10	9.981	0.151	False
HG02687	7750	22000	54	9	8.847	0.087	False
HG02687	22000	205250	459	10	9.974	0.031	False
HG02687	205250	216500	33	9	8.979	0.111	False
HG02687	216500	400000	618	10	10.004	0.026	False
HG02688	0	190750	505	8	7.99	0.028	False
HG02688	190750	216875	60	7	7.075	0.077	False
HG02688	216875	400000	617	8	8.023	0.024	False
HG02689	0	23125	75	8	8.119	0.069	False
HG02689	23125	196000	443	9	8.961	0.03	False
HG02689	196000	217250	48	8	7.95	0.086	False
HG02689	217250	400000	616	9	9.016	0.024	False
HG02690	0	16000	51	11	11.033	0.097	False
HG02690	16000	196000	467	10	10.011	0.034	False
HG02690	196000	216000	44	9	8.998	0.104	False
HG02690	216000	400000	620	10	9.99	0.028	False
HG02691	0	16500	53	11	11.067	0.085	False
HG02691	16500	400000	1129	10	10.021	0.019	False
HG02692	0	16000	51	11	11.262	0.088	False
HG02692	16000	400000	1131	10	9.998	0.019	False
HG02694	0	195000	516	10	10.014	0.031	False
HG02694	195000	220750	62	9	9.035	0.087	False
HG02694	220750	400000	604	10	10.007	0.028	False
HG02696	0	20250	67	8	7.936	0.072	False
HG02696	20250	400000	1115	9	8.983	0.018	False
HG02697	0	15000	47	8	8.051	0.103	False
HG02697	15000	400000	1135	10	9.977	0.021	False
HG02698	0	14250	44	8	8.55	0.096	True
HG02698	14250	400000	1138	10	10.004	0.019	False
HG02699	0	400000	1182	10	10.024	0.02	False
HG02700	0	10250	28	7	7.292	0.134	False
HG02700	10250	22000	44	9	8.686	0.107	False
HG02700	22000	400000	1110	10	10.014	0.022	False
HG02701	0	15000	47	8	8.186	0.086	False
HG02701	15000	21750	24	9	8.89	0.12	False
HG02701	21750	400000	1111	10	10.033	0.018	False
HG02702	0	14500	45	8	8.58	0.102	True
HG02702	14500	198500	480	10	9.906	0.033	False
HG02702	198500	216875	40	8	8.065	0.108	False
HG02702	216875	400000	617	10	10.029	0.028	False
HG02703	0	14750	46	8	7.926	0.102	False
HG02703	14750	157250	377	9	9.022	0.038	False
HG02703	157250	199250	103	10	9.89	0.071	False
HG02703	199250	400000	656	11	11.005	0.027	False
HG02704	0	14500	45	7	7.089	0.091	False
HG02704	14500	166250	387	9	9.066	0.033	False
HG02704	166250	198500	93	10	9.976	0.067	False
HG02704	198500	216875	40	9	9.008	0.097	False
HG02704	216875	400000	617	11	11.018	0.025	False
HG02715	0	15750	50	8	8.493	0.099	True
HG02715	15750	400000	1132	10	9.996	0.021	False
HG02716	0	15000	47	9	9.182	0.092	False
HG02716	15000	196000	471	10	9.996	0.03	False
HG02716	196000	217250	48	9	8.821	0.091	False
HG02716	217250	400000	616	10	10.045	0.025	False
HG02717	0	15000	47	8	8.421	0.086	True
HG02717	15000	400000	1135	10	9.979	0.018	False
HG02721	0	14500	45	3	3.744	0.093	True
HG02721	14500	21500	25	7	7.146	0.125	False
HG02721	21500	197625	454	10	10.042	0.031	False
HG02721	197625	216875	41	9	8.663	0.097	False
HG02721	216875	322750	328	10	9.996	0.035	False
HG02721	322750	334250	44	9	9.119	0.093	False
HG02721	334250	400000	245	10	10.054	0.039	False
HG02722	0	14250	44	7	7.877	0.105	True
HG02722	14250	193500	467	10	10.018	0.034	False
HG02722	193500	216250	52	9	8.985	0.096	False
HG02722	216250	400000	619	10	10.025	0.028	False
HG02723	0	14250	44	4	5.478	0.098	True
HG02723	14250	21500	26	8	7.816	0.128	False
HG02723	21500	193125	440	10	10.029	0.033	False
HG02723	193125	217250	56	9	9.104	0.087	False
HG02723	217250	400000	616	10	10.019	0.026	False
HG02724	0	400000	1182	10	9.998	0.02	False
HG02725	0	15500	49	8	8.192	0.093	False
HG02725	15500	400000	1133	10	9.989	0.02	False
HG02726	0	400000	1182	10	9.987	0.019	False
HG02727	0	400000	1182	10	10.001	0.02	False
HG02728	0	16000	51	11	11.143	0.086	False
HG02728	16000	196000	467	10	9.957	0.03	False
HG02728	196000	216250	45	9	9.149	0.092	False
HG02728	216250	400000	619	10	10.016	0.025	False
HG02729	0	16250	52	11	11.001	0.086	False
HG02729	16250	192125	456	10	10.031	0.03	False
HG02729	192125	217500	59	9	9.072	0.08	False
HG02729	217500	400000	615	10	10.007	0.025	False
HG02731	0	13750	42	9	9.144	0.105	False
HG02731	13750	400000	1140	10	9.982	0.02	False
HG02733	0	15250	48	8	8.314	0.082	False
HG02733	15250	197625	476	9	8.967	0.027	False
HG02733	197625	216875	41	8	8.061	0.089	False
HG02733	216875	400000	617	9	8.997	0.023	False
HG02734	0	400000	1182	10	9.992	0.019	False
HG02735	0	195500	517	10	10.015	0.031	False
HG02735	195500	218000	52	9	9.002	0.093	False
HG02735	218000	400000	613	10	9.993	0.027	False
HG02736	0	15750	50	8	8.476	0.092	True
HG02736	15750	197250	473	10	9.996	0.031	False
HG02736	197250	216875	42	9	9.07	0.1	False
HG02736	216875	400000	617	10	10.024	0.026	False
HG02737	0	16000	51	12	12.085	0.088	False
HG02737	16000	23125	24	9	9.093	0.129	False
HG02737	23125	197250	448	10	9.987	0.031	False
HG02737	197250	227375	67	8	8.272	0.077	False
HG02737	227375	400000	592	10	10.001	0.026	False
HG02738	0	16000	51	12	12.266	0.084	False
HG02738	16000	198500	474	10	10.006	0.029	False
HG02738	198500	216875	40	7	7.174	0.095	False
HG02738	216875	400000	617	10	10.027	0.024	False
HG02756	0	14250	44	4	5.121	0.094	True
HG02756	14250	21500	26	7	6.99	0.122	False
HG02756	21500	197625	454	9	9.006	0.031	False
HG02756	197625	216875	41	8	7.771	0.097	False
HG02756	216875	400000	617	9	9.006	0.025	False
HG02757	0	16250	52	9	8.988	0.08	False
HG02757	16250	205250	479	10	9.973	0.027	False
HG02757	205250	218500	40	9	9.032	0.091	False
HG02757	218500	303250	248	10	10.02	0.038	False
HG02757	303250	400000	363	9	9.001	0.03	False
HG02759	0	8500	21	8	7.801	0.13	False
HG02759	8500	195500	496	9	9.066	0.028	False
HG02759	195500	216000	45	8	8.086	0.089	False
HG02759	216000	400000	620	9	9.001	0.024	False
HG02760	0	15500	49	8	8.473	0.099	True
HG02760	15500	30000	43	11	10.802	0.106	False
HG02760	30000	400000	1090	10	10.01	0.021	False
HG02761	0	14250	44	8	8.403	0.097	True
HG02761	14250	400000	1138	10	9.986	0.019	False
HG02762	0	16500	53	9	9.073	0.087	False
HG02762	16500	400000	1129	10	9.984	0.019	False
HG02763	0	21000	69	8	8.513	0.072	True
HG02763	21000	400000	1113	10	10.0	0.018	False
HG02764	0	22250	73	9	9.117	0.073	False
HG02764	22250	400000	1109	10	10.0	0.019	False
HG02768	0	14250	44	9	9.164	0.1	False
HG02768	14250	400000	1138	10	9.985	0.02	False
HG02769	0	14500	45	9	9.181	0.092	False
HG02769	14500	400000	1137	10	9.967	0.019	False
HG02770	0	400000	1182	10	9.988	0.02	False
HG02771	0	14250	44	8	8.243	0.101	False
HG02771	14250	400000	1138	10	10.032	0.02	False
HG02772	0	15000	47	8	8.228	0.088	False
HG02772	15000	209750	494	9	8.944	0.028	False
HG02772	209750	217250	25	8	8.01	0.12	False
HG02772	217250	400000	616	9	9.024	0.024	False
HG02773	0	15000	47	8	8.201	0.088	False
HG02773	15000	198500	478	9	8.966	0.029	False
HG02773	198500	218500	46	8	8.054	0.089	False
HG02773	218500	400000	611	9	8.983	0.025	False
HG02774	0	400000	1182	10	10.001	0.021	False
HG02775	0	59750	126	9	9.131	0.063	False
HG02775	59750	73000	26	10	10.268	0.144	False
HG02775	73000	85750	45	9	8.919	0.111	False
HG02775	85750	150000	208	10	9.91	0.051	False
HG02775	150000	168500	36	9	8.511	0.121	True
HG02775	168500	197625	83	10	9.949	0.081	False
HG02775	197625	216875	41	8	8.038	0.109	False
HG02775	216875	400000	617	10	9.992	0.028	False
HG02776	0	400000	1182	10	10.02	0.024	False
HG02778	0	400000	1182	10	10.022	0.019	False
HG02780	0	15000	47	9	9.2	0.086	False
HG02780	15000	197625	477	10	9.99	0.028	False
HG02780	197625	216875	41	8	7.867	0.092	False
HG02780	216875	400000	617	10	10.011	0.024	False
HG02783	0	15250	48	9	9.078	0.091	False
HG02783	15250	400000	1134	10	9.976	0.019	False
HG02784	0	197000	522	10	9.995	0.029	False
HG02784	197000	216875	43	9	9.032	0.097	False
HG02784	216875	400000	617	10	10.007	0.026	False
HG02785	0	195500	517	10	9.993	0.032	False
HG02785	195500	216000	45	9	8.996	0.104	False
HG02785	216000	400000	620	10	9.969	0.028	False
HG02786	0	198500	525	10	9.94	0.026	False
HG02786	198500	216875	40	7	7.164	0.092	False
HG02786	216875	400000	617	10	9.995	0.023	False
HG02787	0	195500	517	10	9.996	0.03	False
HG02787	195500	217500	50	9	8.941	0.091	False
HG02787	217500	400000	615	10	10.025	0.026	False
HG02788	0	197625	524	10	10.016	0.031	False
HG02788	197625	216500	40	8	7.784	0.107	False
HG02788	216500	400000	618	10	10.022	0.027	False
HG02789	0	400000	1182	10	10.023	0.021	False
HG02790	0	14250	44	9	9.178	0.091	False
HG02790	14250	400000	1138	10	9.97	0.018	False
HG02791	0	400000	1182	10	10.012	0.02	False
HG02792	0	400000	1182	10	9.989	0.021	False
HG02793	0	197250	523	10	10.004	0.032	False
HG02793	197250	216875	42	8	8.123	0.108	False
HG02793	216875	400000	617	10	9.994	0.028	False
HG02794	0	199250	526	10	10.009	0.029	False
HG02794	199250	216875	39	8	8.153	0.101	False
HG02794	216875	400000	617	10	9.954	0.025	False
HG02798	0	14500	45	8	8.735	0.095	True
HG02798	14500	400000	1137	10	10.003	0.019	False
HG02799	0	22250	73	7	7.719	0.075	True
HG02799	22250	29000	17	9	8.887	0.156	False
HG02799	29000	194250	424	10	9.98	0.033	False
HG02799	194250	218250	56	9	8.99	0.086	False
HG02799	218250	400000	612	10	10.011	0.026	False
HG02800	0	14250	44	7	7.553	0.095	True
HG02800	14250	28000	45	9	9.154	0.094	False
HG02800	28000	190000	413	10	9.953	0.033	False
HG02800	190000	216875	63	9	9.209	0.08	False
HG02800	216875	400000	617	10	9.99	0.026	False
HG02804	0	21750	71	9	9.183	0.076	False
HG02804	21750	400000	1111	10	9.995	0.02	False
HG02805	0	14750	46	7	7.697	0.097	True
HG02805	14750	400000	1136	10	9.996	0.02	False
HG02806	0	21500	70	8	8.557	0.074	True
HG02806	21500	133000	273	10	9.968	0.04	False
HG02806	133000	138250	21	8	7.961	0.14	False
HG02806	138250	400000	818	10	10.018	0.022	False
HG02807	0	14000	43	8	8.26	0.085	False
HG02807	14000	30500	51	9	9.115	0.078	False
HG02807	30500	196500	426	10	9.934	0.028	False
HG02807	196500	216875	45	8	8.258	0.083	False
HG02807	216875	400000	617	10	10.039	0.022	False
HG02808	0	400000	1182	10	10.014	0.02	False
HG02809	0	14500	45	8	8.234	0.092	False
HG02809	14500	21750	26	9	8.963	0.121	False
HG02809	21750	196750	450	10	10.002	0.031	False
HG02809	196750	214875	37	9	8.756	0.102	False
HG02809	214875	400000	624	10	10.038	0.025	False
HG02810	0	21750	71	8	8.007	0.076	False
HG02810	21750	198500	454	10	10.0	0.032	False
HG02810	198500	216875	40	7	7.224	0.102	False
HG02810	216875	400000	617	10	9.984	0.026	False
HG02811	0	400000	1182	10	9.981	0.019	False
HG02812	0	24250	78	9	9.07	0.073	False
HG02812	24250	198500	447	10	9.98	0.032	False
HG02812	198500	216875	40	8	7.992	0.102	False
HG02812	216875	400000	617	10	9.971	0.026	False
HG02813	0	21500	70	8	8.343	0.083	False
HG02813	21500	400000	1112	10	9.989	0.021	False
HG02814	0	18250	59	8	8.453	0.081	True
HG02814	18250	195000	457	10	9.989	0.031	False
HG02814	195000	216000	46	9	9.057	0.092	False
HG02814	216000	400000	620	10	10.022	0.025	False
HG02815	0	14250	44	7	7.096	0.096	False
HG02815	14250	19000	18	8	8.337	0.149	False
HG02815	19000	400000	1120	10	10.006	0.019	False
HG02816	0	14250	44	7	7.327	0.084	False
HG02816	14250	198500	481	9	9.035	0.027	False
HG02816	198500	216875	40	8	8.153	0.088	False
HG02816	216875	400000	617	9	9.014	0.023	False
HG02817	0	14250	44	9	8.708	0.102	False
HG02817	14250	400000	1138	10	9.996	0.02	False
HG02818	0	16250	52	8	8.168	0.084	False
HG02818	16250	400000	1130	9	9.019	0.018	False
HG02819	0	14250	44	6	6.863	0.098	True
HG02819	14250	20250	23	8	8.283	0.136	False
HG02819	20250	211250	480	10	9.94	0.031	False
HG02819	211250	217250	19	9	8.598	0.15	False
HG02819	217250	400000	616	10	10.028	0.026	False
HG02820	0	14750	46	9	9.039	0.096	False
HG02820	14750	400000	1136	10	10.004	0.02	False
HG02821	0	21000	69	8	8.112	0.074	False
HG02821	21000	203250	460	10	9.978	0.03	False
HG02821	203250	216875	36	9	8.885	0.102	False
HG02821	216875	400000	617	10	10.0	0.025	False
HG02836	0	23125	75	9	9.101	0.076	False
HG02836	23125	400000	1107	10	10.018	0.02	False
HG02837	0	400000	1182	10	9.995	0.019	False
HG02838	0	19000	62	9	8.962	0.084	False
HG02838	19000	400000	1120	10	10.003	0.02	False
HG02839	0	14250	44	6	6.215	0.095	False
HG02839	14250	20500	24	8	8.219	0.128	False
HG02839	20500	400000	1114	10	10.014	0.019	False
HG02840	0	18000	58	10	9.738	0.096	False
HG02840	18000	28000	31	8	8.183	0.131	False
HG02840	28000	196750	432	10	10.047	0.037	False
HG02840	196750	216500	43	9	9.018	0.111	False
HG02840	216500	400000	618	10	10.007	0.029	False
HG02841	0	400000	1182	10	10.008	0.019	False
HG02851	0	10000	27	9	8.905	0.137	False
HG02851	10000	198500	498	10	9.974	0.033	False
HG02851	198500	216875	40	6	6.372	0.113	True
HG02851	216875	400000	617	10	9.978	0.029	False
HG02852	0	16250	52	9	9.004	0.096	False
HG02852	16250	400000	1130	10	10.007	0.021	False
HG02853	0	15000	47	9	9.17	0.094	False
HG02853	15000	198500	478	10	9.947	0.031	False
HG02853	198500	216875	40	8	8.106	0.102	False
HG02853	216875	400000	617	10	9.989	0.026	False
HG02854	0	8250	20	7	8.009	0.165	True
HG02854	8250	198500	505	10	9.953	0.034	False
HG02854	198500	216875	40	8	8.081	0.116	False
HG02854	216875	400000	617	10	10.007	0.03	False
HG02855	0	14250	44	8	8.668	0.094	True
HG02855	14250	201625	484	10	9.984	0.03	False
HG02855	201625	216875	37	9	9.04	0.102	False
HG02855	216875	400000	617	10	10.026	0.025	False
HG02856	0	15750	50	9	9.076	0.091	False
HG02856	15750	197000	472	10	9.981	0.031	False
HG02856	197000	215500	38	9	8.957	0.104	False
HG02856	215500	400000	622	10	9.99	0.026	False
HG02860	0	14750	46	8	8.285	0.1	False
HG02860	14750	196750	475	10	9.98	0.033	False
HG02860	196750	216875	44	8	7.906	0.103	False
HG02860	216875	400000	617	10	10.0	0.027	False
HG02861	0	16500	53	8	8.319	0.09	False
HG02861	16500	400000	1129	10	9.997	0.02	False
HG02862	0	17625	57	7	7.634	0.088	True
HG02862	17625	199250	469	10	9.996	0.032	False
HG02862	199250	217750	42	8	8.187	0.103	False
HG02862	217750	400000	614	10	9.98	0.027	False
HG02869	0	14500	45	6	6.767	0.094	True
HG02869	14500	400000	1137	9	8.988	0.019	False
HG02870	0	8250	20	5	6.887	0.126	True
HG02870	8250	17000	35	7	7.532	0.095	True
HG02870	17000	195000	461	10	10.013	0.027	False
HG02870	195000	218000	53	9	9.234	0.077	False
HG02870	218000	400000	613	10	9.975	0.023	False
HG02871	0	14500	45	7	7.697	0.092	True
HG02871	14500	209250	494	10	9.997	0.029	False
HG02871	209250	216875	26	9	8.917	0.121	False
HG02871	216875	400000	617	10	10.0	0.025	False
HG02878	0	21750	71	8	8.134	0.074	False
HG02878	21750	400000	1111	10	10.002	0.019	False
HG02879	0	14250	44	9	9.03	0.095	False
HG02879	14250	400000	1138	10	10.001	0.019	False
HG02880	0	21000	69	8	8.298	0.079	False
HG02880	21000	400000	1113	10	9.993	0.02	False
HG02881	0	400000	1182	10	9.975	0.02	False
HG02882	0	14250	44	6	6.945	0.094	True
HG02882	14250	198500	481	10	9.997	0.03	False
HG02882	198500	216875	40	8	8.101	0.099	False
HG02882	216875	400000	617	10	10.01	0.025	False
HG02883	0	15000	47	9	8.846	0.094	False
HG02883	15000	400000	1135	10	9.984	0.02	False
HG02884	0	28000	89	9	9.052	0.068	False
HG02884	28000	197625	435	10	10.027	0.032	False
HG02884	197625	216500	40	9	9.1	0.101	False
HG02884	216500	400000	618	10	9.989	0.026	False
HG02885	0	14250	44	7	7.639	0.087	True
HG02885	14250	400000	1138	10	9.99	0.017	False
HG02886	0	14500	45	7	7.094	0.097	False
HG02886	14500	195500	472	10	10.025	0.031	False
HG02886	195500	217500	50	9	8.944	0.092	False
HG02886	217500	400000	615	10	9.988	0.026	False
HG02887	0	30000	92	9	8.873	0.073	False
HG02887	30000	198500	433	10	9.973	0.035	False
HG02887	198500	216500	39	8	7.758	0.112	False
HG02887	216500	400000	618	10	9.983	0.028	False
HG02888	0	14500	45	6	6.859	0.106	True
HG02888	14500	21500	25	9	8.957	0.143	False
HG02888	21500	198500	455	10	9.992	0.035	False
HG02888	198500	216875	40	8	7.804	0.113	False
HG02888	216875	400000	617	10	10.03	0.029	False
HG02889	0	14250	44	8	8.539	0.094	True
HG02889	14250	198500	481	10	9.98	0.03	False
HG02889	198500	216875	40	8	8.124	0.099	False
HG02889	216875	400000	617	10	9.963	0.025	False
HG02890	0	14750	46	6	7.087	0.106	True
HG02890	14750	21500	24	9	8.852	0.146	False
HG02890	21500	400000	1112	10	10.014	0.022	False
HG02891	0	400000	1182	10	10.016	0.02	False
HG02892	0	14750	46	7	8.074	0.093	True
HG02892	14750	21500	24	9	8.617	0.129	False
HG02892	21500	392500	1082	10	10.016	0.02	False
HG02892	392500	400000	30	11	10.85	0.115	False
HG02895	0	29000	90	8	8.069	0.065	False
HG02895	29000	197625	434	9	8.987	0.031	False
HG02895	197625	216875	41	7	7.054	0.097	False
HG02895	216875	400000	617	9	9.0	0.025	False
HG02896	0	22500	74	9	9.033	0.072	False
HG02896	22500	190250	429	10	9.994	0.031	False
HG02896	190250	218250	67	9	9.217	0.075	False
HG02896	218250	400000	612	10	9.993	0.025	False
HG02897	0	198500	525	10	9.997	0.031	False
HG02897	198500	216875	40	8	7.876	0.109	False
HG02897	216875	400000	617	10	10.005	0.028	False
HG02922	0	16250	52	8	8.003	0.097	False
HG02922	16250	31000	44	9	9.065	0.107	False
HG02922	31000	400000	1086	10	9.99	0.022	False
HG02923	0	14250	44	7	7.6	0.099	True
HG02923	14250	197625	480	10	10.038	0.031	False
HG02923	197625	216250	39	9	8.924	0.105	False
HG02923	216250	400000	619	10	9.991	0.026	False
HG02924	0	14500	45	6	6.4	0.097	True
HG02924	14500	42250	55	9	9.296	0.089	False
HG02924	42250	198500	425	10	10.023	0.033	False
HG02924	198500	216500	39	9	8.803	0.104	False
HG02924	216500	400000	618	10	9.991	0.026	False
HG02938	0	21500	70	8	7.997	0.072	False
HG02938	21500	400000	1112	10	10.015	0.019	False
HG02941	0	400000	1182	9	9.015	0.018	False
HG02943	0	9000	23	8	8.748	0.137	True
HG02943	9000	198500	502	10	9.965	0.031	False
HG02943	198500	216875	40	7	7.089	0.104	False
HG02943	216875	400000	617	10	9.972	0.027	False
HG02944	0	13750	42	9	9.261	0.107	False
HG02944	13750	157250	381	10	9.98	0.037	False
HG02944	157250	218000	146	11	10.956	0.059	False
HG02944	218000	297250	227	12	12.081	0.048	False
HG02944	297250	400000	386	11	10.993	0.035	False
HG02945	0	205250	531	10	9.981	0.029	False
HG02945	205250	216875	34	9	8.899	0.109	False
HG02945	216875	400000	617	10	10.022	0.026	False
HG02946	0	400000	1182	10	9.98	0.019	False
HG02947	0	14500	45	8	8.736	0.107	True
HG02947	14500	400000	1137	11	11.012	0.022	False
HG02948	0	14500	45	8	8.289	0.088	False
HG02948	14500	24000	32	9	9.0	0.105	False
HG02948	24000	400000	1105	10	9.996	0.018	False
HG02952	0	16000	51	8	8.252	0.106	False
HG02952	16000	194000	462	10	10.064	0.037	False
HG02952	194000	217250	53	9	9.083	0.104	False
HG02952	217250	400000	616	10	10.014	0.031	False
HG02953	0	21500	70	8	8.575	0.081	True
HG02953	21500	400000	1112	10	9.984	0.021	False
HG02954	0	14250	44	7	7.52	0.098	True
HG02954	14250	194250	470	10	9.929	0.031	False
HG02954	194250	216875	51	9	9.033	0.091	False
HG02954	216875	400000	617	10	9.997	0.026	False
HG02964	0	14500	45	8	8.499	0.094	True
HG02964	14500	400000	1137	10	9.983	0.019	False
HG02965	0	15250	48	8	8.473	0.094	True
HG02965	15250	196500	472	10	10.017	0.031	False
HG02965	196500	216875	45	8	8.407	0.097	True
HG02965	216875	400000	617	10	9.999	0.026	False
HG02966	0	14500	45	9	9.347	0.097	False
HG02966	14500	198500	480	10	10.018	0.031	False
HG02966	198500	216875	40	8	7.879	0.103	False
HG02966	216875	400000	617	10	10.009	0.026	False
HG02968	0	14500	45	8	8.52	0.101	True
HG02968	14500	400000	1137	10	9.994	0.021	False
HG02970	0	17625	57	9	8.891	0.096	False
HG02970	17625	400000	1125	10	10.02	0.022	False
HG02971	0	14500	45	8	8.346	0.111	False
HG02971	14500	166000	386	10	10.074	0.04	False
HG02971	166000	216875	134	11	10.965	0.066	False
HG02971	216875	296750	229	12	11.892	0.051	False
HG02971	296750	400000	388	11	11.058	0.037	False
HG02972	0	14500	45	8	8.717	0.105	True
HG02972	14500	165750	385	10	10.036	0.037	False
HG02972	165750	214500	127	11	10.792	0.064	False
HG02972	214500	298250	243	12	11.839	0.047	False
HG02972	298250	400000	382	11	11.095	0.035	False
HG02973	0	400000	1182	10	9.993	0.022	False
HG02974	0	14500	45	7	7.186	0.101	False
HG02974	14500	400000	1137	10	9.982	0.021	False
HG02975	0	15000	47	9	9.045	0.093	False
HG02975	15000	400000	1135	10	10.005	0.019	False
HG02976	0	14250	44	6	6.856	0.09	True
HG02976	14250	26250	42	9	9.474	0.092	True
HG02976	26250	201625	442	10	9.953	0.03	False
HG02976	201625	216875	37	9	9.016	0.098	False
HG02976	216875	400000	617	10	9.997	0.024	False
HG02977	0	14500	45	7	7.685	0.108	True
HG02977	14500	209250	494	10	10.0	0.034	False
HG02977	209250	216875	26	9	8.72	0.142	False
HG02977	216875	400000	617	10	9.993	0.029	False
HG02978	0	14250	44	8	8.572	0.099	True
HG02978	14250	196500	476	10	10.016	0.031	False
HG02978	196500	216875	45	9	8.945	0.098	False
HG02978	216875	400000	617	10	10.022	0.026	False
HG02979	0	198500	525	10	9.994	0.03	False
HG02979	198500	216875	40	8	8.064	0.105	False
HG02979	216875	400000	617	10	9.977	0.027	False
HG02980	0	21500	70	9	8.997	0.076	False
HG02980	21500	133750	276	10	9.999	0.04	False
HG02980	133750	138000	17	8	8.217	0.16	False
HG02980	138000	196000	155	10	10.068	0.054	False
HG02980	196000	216875	47	8	7.978	0.093	False
HG02980	216875	400000	617	10	9.998	0.026	False
HG02981	0	16250	52	8	8.822	0.092	True
HG02981	16250	21500	18	7	6.897	0.156	False
HG02981	21500	133500	275	10	10.024	0.042	False
HG02981	133500	138000	18	8	8.043	0.161	False
HG02981	138000	199250	163	10	10.0	0.055	False
HG02981	199250	214875	32	9	8.767	0.117	False
HG02981	214875	400000	624	10	10.034	0.027	False
HG02982	0	14750	46	9	9.062	0.097	False
HG02982	14750	400000	1136	10	10.002	0.02	False
HG02983	0	400000	1182	10	9.998	0.019	False
HG02984	0	14750	46	8	8.6	0.092	True
HG02984	14750	23125	29	10	9.839	0.116	False
HG02984	23125	29500	16	8	8.103	0.156	False
HG02984	29500	400000	1091	10	10.013	0.019	False
HG03006	0	16500	53	10	10.201	0.079	False
HG03006	16500	23125	22	9	8.887	0.122	False
HG03006	23125	197625	449	10	10.006	0.028	False
HG03006	197625	216875	41	8	7.889	0.089	False
HG03006	216875	400000	617	10	10.036	0.023	False
HG03007	0	17250	56	11	11.1	0.093	False
HG03007	17250	400000	1126	10	9.979	0.021	False
HG03008	0	22500	74	9	8.94	0.074	False
HG03008	22500	195500	443	10	10.044	0.032	False
HG03008	195500	216500	47	9	8.97	0.092	False
HG03008	216500	400000	618	10	9.981	0.026	False
HG03009	0	195000	516	10	10.012	0.03	False
HG03009	195000	216875	49	9	9.142	0.094	False
HG03009	216875	400000	617	10	9.952	0.027	False
HG03012	0	198500	525	10	10.019	0.03	False
HG03012	198500	216875	40	9	9.055	0.103	False
HG03012	216875	400000	617	10	10.005	0.026	False
HG03015	0	198500	525	10	9.976	0.031	False
HG03015	198500	217500	42	8	8.251	0.105	False
HG03015	217500	400000	615	10	10.048	0.028	False
HG03016	0	194625	515	10	9.937	0.031	False
HG03016	194625	216500	49	9	9.116	0.095	False
HG03016	216500	400000	618	10	10.031	0.027	False
HG03017	0	198500	525	10	9.986	0.029	False
HG03017	198500	216875	40	9	8.846	0.102	False
HG03017	216875	400000	617	10	10.009	0.026	False
HG03018	0	400000	1182	10	9.985	0.02	False
HG03019	0	14250	44	7	7.9	0.095	True
HG03019	14250	21000	25	9	8.853	0.127	False
HG03019	21000	400000	1113	10	10.02	0.019	False
HG03021	0	16000	51	11	10.75	0.087	False
HG03021	16000	400000	1131	10	10.009	0.019	False
HG03022	0	198500	525	9	8.987	0.031	False
HG03022	198500	215750	36	8	7.868	0.113	False
HG03022	215750	400000	621	9	9.004	0.027	False
HG03024	0	15000	47	9	8.786	0.101	False
HG03024	15000	400000	1135	10	9.986	0.021	False
HG03025	0	16250	52	9	9.227	0.092	False
HG03025	16250	197625	472	10	9.98	0.032	False
HG03025	197625	216875	41	8	8.029	0.104	False
HG03025	216875	400000	617	10	9.99	0.027	False
HG03026	0	13750	42	9	8.93	0.105	False
HG03026	13750	195500	475	10	10.023	0.033	False
HG03026	195500	218500	54	9	9.0	0.093	False
HG03026	218500	400000	611	10	10.007	0.028	False
HG03027	0	14250	44	7	7.407	0.101	True
HG03027	14250	29000	46	8	8.435	0.099	True
HG03027	29000	198500	435	10	9.953	0.034	False
HG03027	198500	216875	40	7	7.179	0.106	False
HG03027	216875	400000	617	10	10.013	0.027	False
HG03028	0	14500	45	7	7.639	0.1	True
HG03028	14500	19500	19	9	8.738	0.154	False
HG03028	19500	199750	463	10	9.984	0.033	False
HG03028	199750	216000	35	9	8.997	0.113	False
HG03028	216000	400000	620	10	10.043	0.027	False
HG03029	0	14250	44	7	7.538	0.093	True
HG03029	14250	30250	49	9	9.068	0.088	False
HG03029	30250	400000	1089	10	10.023	0.019	False
HG03033	0	22000	72	8	8.326	0.073	False
HG03033	22000	400000	1110	10	10.024	0.019	False
HG03034	0	18750	61	8	8.765	0.09	True
HG03034	18750	29000	29	7	7.228	0.13	False
HG03034	29000	400000	1092	10	9.994	0.022	False
HG03035	0	29500	91	8	8.37	0.075	True
HG03035	29500	132750	251	10	10.087	0.048	False
HG03035	132750	138250	22	8	8.241	0.158	False
HG03035	138250	400000	818	10	9.991	0.025	False
HG03039	0	7500	17	9	9.17	0.168	False
HG03039	7500	21500	53	8	8.153	0.095	False
HG03039	21500	198500	455	10	9.975	0.034	False
HG03039	198500	216875	40	8	7.981	0.11	False
HG03039	216875	400000	617	10	10.017	0.028	False
HG03040	0	28000	89	8	8.254	0.076	False
HG03040	28000	400000	1093	10	9.96	0.022	False
HG03041	0	13750	42	8	8.148	0.094	False
HG03041	13750	21750	29	9	8.813	0.113	False
HG03041	21750	196500	449	10	9.99	0.03	False
HG03041	196500	216000	42	9	8.969	0.094	False
HG03041	216000	400000	620	10	10.024	0.024	False
HG03045	0	377250	1094	10	9.988	0.021	False
HG03045	377250	400000	88	9	8.947	0.074	False
HG03046	0	7500	17	8	8.958	0.164	True
HG03046	7500	16250	35	10	9.798	0.114	False
HG03046	16250	29500	39	9	8.845	0.108	False
HG03046	29500	400000	1091	10	10.022	0.021	False
HG03047	0	8000	19	9	9.021	0.156	False
HG03047	8000	377750	1077	10	10.01	0.021	False
HG03047	377750	400000	86	9	9.114	0.074	False
HG03048	0	400000	1182	10	9.981	0.019	False
HG03049	0	400000	1182	10	10.0	0.019	False
HG03050	0	15000	47	9	9.122	0.095	False
HG03050	15000	400000	1135	10	10.02	0.02	False
HG03052	0	14500	45	8	8.48	0.105	True
HG03052	14500	194250	469	10	9.975	0.034	False
HG03052	194250	217500	53	9	9.1	0.096	False
HG03052	217500	400000	615	10	10.007	0.028	False
HG03054	0	21500	70	8	8.519	0.075	True
HG03054	21500	128250	254	10	10.017	0.042	False
HG03054	128250	138250	40	9	9.144	0.101	False
HG03054	138250	400000	818	10	10.002	0.022	False
HG03055	0	14500	45	8	8.258	0.102	False
HG03055	14500	198500	480	10	9.951	0.033	False
HG03055	198500	216875	40	8	8.227	0.109	False
HG03055	216875	400000	617	10	10.03	0.028	False
HG03056	0	14250	44	7	7.482	0.104	True
HG03056	14250	21500	26	9	8.68	0.136	False
HG03056	21500	400000	1112	10	9.992	0.021	False
HG03057	0	14500	45	9	8.934	0.108	False
HG03057	14500	400000	1137	10	9.991	0.022	False
HG03058	0	23125	75	9	9.01	0.072	False
HG03058	23125	400000	1107	10	9.988	0.019	False
HG03060	0	14500	45	8	8.39	0.111	True
HG03060	14500	163500	381	10	10.106	0.04	False
HG03060	163500	217500	141	11	10.848	0.065	False
HG03060	217500	296250	225	12	11.964	0.052	False
HG03060	296250	400000	390	11	11.054	0.037	False
HG03061	0	8500	21	8	8.17	0.133	False
HG03061	8500	23125	54	9	8.962	0.083	False
HG03061	23125	400000	1107	10	10.001	0.019	False
HG03063	0	14750	46	7	7.846	0.099	True
HG03063	14750	400000	1136	10	9.986	0.02	False
HG03064	0	21500	70	9	8.858	0.073	False
HG03064	21500	400000	1112	10	10.027	0.019	False
HG03065	0	16250	52	7	7.772	0.082	True
HG03065	16250	209000	486	10	9.916	0.028	False
HG03065	209000	216875	27	9	8.87	0.113	False
HG03065	216875	400000	617	10	10.018	0.024	False
HG03066	0	16000	51	11	11.363	0.094	True
HG03066	16000	196500	469	10	9.924	0.032	False
HG03066	196500	217250	46	8	8.33	0.099	False
HG03066	217250	400000	616	10	10.031	0.027	False
HG03069	0	22500	74	9	9.134	0.072	False
HG03069	22500	400000	1108	10	9.986	0.019	False
HG03072	0	9000	23	6	7.239	0.118	True
HG03072	9000	14500	22	8	8.086	0.12	False
HG03072	14500	195000	471	10	10.005	0.027	False
HG03072	195000	216875	49	9	9.034	0.081	False
HG03072	216875	400000	617	10	10.011	0.023	False
HG03073	0	14000	43	9	8.962	0.1	False
HG03073	14000	198500	482	10	10.032	0.031	False
HG03073	198500	216875	40	9	8.921	0.103	False
HG03073	216875	400000	617	10	9.972	0.026	False
HG03074	0	14000	43	9	9.072	0.094	False
HG03074	14000	400000	1139	10	10.018	0.019	False
HG03077	0	14500	45	8	8.302	0.102	False
HG03077	14500	28000	44	9	9.026	0.103	False
HG03077	28000	400000	1093	10	10.017	0.021	False
HG03078	0	14750	46	9	8.883	0.1	False
HG03078	14750	400000	1136	10	10.017	0.021	False
HG03079	0	14250	44	8	8.339	0.096	False
HG03079	14250	400000	1138	10	10.006	0.019	False
HG03081	0	16500	53	10	10.203	0.086	False
HG03081	16500	26500	34	9	8.882	0.107	False
HG03081	26500	400000	1095	10	9.995	0.019	False
HG03082	0	14250	44	7	7.512	0.093	True
HG03082	14250	197250	479	9	9.02	0.03	False
HG03082	197250	216875	42	8	8.057	0.095	False
HG03082	216875	400000	617	9	9.015	0.025	False
HG03084	0	9500	25	8	8.623	0.13	True
HG03084	9500	15500	24	9	9.08	0.133	False
HG03084	15500	400000	1133	10	9.992	0.02	False
HG03085	0	28000	89	9	9.172	0.072	False
HG03085	28000	400000	1093	10	9.967	0.021	False
HG03086	0	24000	77	9	8.744	0.075	False
HG03086	24000	199750	450	10	10.022	0.033	False
HG03086	199750	218250	43	9	8.991	0.101	False
HG03086	218250	400000	612	10	10.031	0.027	False
HG03088	0	14750	46	8	8.227	0.098	False
HG03088	14750	400000	1136	10	9.989	0.02	False
HG03091	0	14500	45	8	8.225	0.087	False
HG03091	14500	132250	295	9	9.064	0.036	False
HG03091	132250	138250	24	8	7.951	0.122	False
HG03091	138250	199750	163	9	8.983	0.048	False
HG03091	199750	216000	35	8	7.78	0.099	False
HG03091	216000	400000	620	9	9.016	0.024	False
HG03095	0	9750	26	9	8.763	0.139	False
HG03095	9750	400000	1156	10	10.021	0.021	False
HG03096	0	19750	65	9	8.828	0.087	False
HG03096	19750	400000	1117	10	10.008	0.021	False
HG03097	0	18750	61	11	11.067	0.083	False
HG03097	18750	195000	455	10	10.019	0.032	False
HG03097	195000	309500	328	9	9.017	0.037	False
HG03097	309500	400000	338	10	10.009	0.035	False
HG03098	0	14000	43	10	10.326	0.099	False
HG03098	14000	30500	51	9	9.154	0.092	False
HG03098	30500	400000	1088	10	9.995	0.02	False
HG03099	0	13750	42	7	7.856	0.105	True
HG03099	13750	20250	25	9	8.474	0.137	True
HG03099	20250	400000	1115	10	10.012	0.021	False
HG03100	0	16000	51	9	9.03	0.091	False
HG03100	16000	400000	1131	10	10.01	0.02	False
HG03101	0	19250	63	9	9.018	0.079	False
HG03101	19250	400000	1119	10	10.014	0.019	False
HG03103	0	13000	39	8	8.408	0.089	True
HG03103	13000	20250	28	9	8.98	0.105	False
HG03103	20250	198500	458	10	9.965	0.027	False
HG03103	198500	216875	40	7	7.146	0.088	False
HG03103	216875	400000	617	10	10.034	0.022	False
HG03105	0	28000	89	9	9.276	0.069	False
HG03105	28000	196500	431	10	9.924	0.033	False
HG03105	196500	217250	46	9	9.105	0.096	False
HG03105	217250	400000	616	10	10.033	0.026	False
HG03108	0	14750	46	7	7.78	0.087	True
HG03108	14750	21500	24	9	8.739	0.12	False
HG03108	21500	400000	1112	10	10.008	0.018	False
HG03109	0	16500	53	9	9.314	0.089	False
HG03109	16500	400000	1129	10	9.988	0.02	False
HG03110	0	14000	43	9	9.198	0.096	False
HG03110	14000	196250	476	10	10.039	0.03	False
HG03110	196250	216875	46	9	8.77	0.093	False
HG03110	216875	400000	617	10	9.994	0.026	False
HG03111	0	14250	44	9	8.99	0.101	False
HG03111	14250	400000	1138	10	9.988	0.02	False
HG03112	0	28000	89	9	9.018	0.07	False
HG03112	28000	400000	1093	10	10.032	0.02	False
HG03113	0	22250	73	9	8.907	0.08	False
HG03113	22250	400000	1109	10	9.995	0.021	False
HG03114	0	15250	48	9	9.176	0.098	False
HG03114	15250	400000	1134	10	10.006	0.021	False
HG03115	0	400000	1182	10	9.98	0.021	False
HG03116	0	14500	45	8	8.247	0.094	False
HG03116	14500	400000	1137	10	10.01	0.019	False
HG03117	0	21500	70	8	8.287	0.071	False
HG03117	21500	132750	272	10	10.023	0.038	False
HG03117	132750	138000	21	8	7.686	0.133	False
HG03117	138000	400000	819	10	9.954	0.021	False
HG03118	0	13000	39	9	9.074	0.113	False
HG03118	13000	400000	1143	10	9.997	0.021	False
HG03119	0	14250	44	8	8.599	0.108	True
HG03119	14250	21500	26	9	9.117	0.14	False
HG03119	21500	132250	270	10	9.969	0.046	False
HG03119	132250	138250	24	8	8.177	0.15	False
HG03119	138250	400000	818	10	9.992	0.025	False
HG03120	0	198500	525	10	10.003	0.028	False
HG03120	198500	216875	40	8	7.825	0.099	False
HG03120	216875	400000	617	10	10.026	0.025	False
HG03121	0	26875	88	9	8.709	0.074	False
HG03121	26875	400000	1094	10	10.005	0.021	False
HG03122	0	28000	89	9	8.859	0.073	False
HG03122	28000	197000	433	10	10.044	0.035	False
HG03122	197000	214875	36	9	8.75	0.115	False
HG03122	214875	400000	624	10	9.99	0.028	False
HG03123	0	30500	94	9	9.161	0.071	False
HG03123	30500	400000	1088	10	9.973	0.021	False
HG03124	0	198500	525	10	9.964	0.03	False
HG03124	198500	216875	40	8	7.946	0.104	False
HG03124	216875	400000	617	10	10.02	0.026	False
HG03125	0	30000	92	9	9.276	0.068	False
HG03125	30000	198500	433	10	9.918	0.033	False
HG03125	198500	216500	39	8	8.208	0.105	False
HG03125	216500	400000	618	10	10.023	0.026	False
HG03126	0	400000	1182	10	10.011	0.02	False
HG03127	0	11750	34	7	7.951	0.108	True
HG03127	11750	16000	17	9	8.971	0.152	False
HG03127	16000	25000	30	11	10.843	0.115	False
HG03127	25000	195000	435	10	9.984	0.032	False
HG03127	195000	216875	49	9	8.866	0.09	False
HG03127	216875	400000	617	10	10.047	0.025	False
HG03128	0	15000	47	8	8.043	0.101	False
HG03128	15000	400000	1135	10	10.004	0.021	False
HG03129	0	22500	74	7	7.692	0.082	True
HG03129	22500	197000	448	10	9.974	0.035	False
HG03129	197000	216875	43	9	9.013	0.108	False
HG03129	216875	227000	24	11	10.915	0.144	False
HG03129	227000	400000	593	10	10.012	0.029	False
HG03130	0	21500	70	9	9.097	0.075	False
HG03130	21500	400000	1112	10	10.003	0.019	False
HG03131	0	23125	75	8	8.338	0.076	False
HG03131	23125	198500	450	10	10.044	0.033	False
HG03131	198500	216875	40	9	8.961	0.105	False
HG03131	216875	400000	617	10	10.0	0.027	False
HG03132	0	14250	44	7	7.668	0.094	True
HG03132	14250	21000	25	9	9.11	0.125	False
HG03132	21000	199250	457	10	9.992	0.031	False
HG03132	199250	400000	656	9	8.985	0.025	False
HG03133	0	19500	64	9	9.199	0.081	False
HG03133	19500	400000	1118	10	10.012	0.02	False
HG03134	0	18750	61	9	8.744	0.085	False
HG03134	18750	195500	456	10	10.05	0.033	False
HG03134	195500	400000	665	9	9.019	0.026	False
HG03135	0	14250	44	8	8.549	0.1	True
HG03135	14250	28000	45	9	9.15	0.099	False
HG03135	28000	400000	1093	10	10.021	0.02	False
HG03136	0	15000	47	8	8.694	0.096	True
HG03136	15000	400000	1135	10	9.998	0.02	False
HG03137	0	9000	23	9	8.875	0.13	False
HG03137	9000	14250	21	8	8.009	0.136	False
HG03137	14250	205250	487	10	9.978	0.03	False
HG03137	205250	217750	37	9	9.03	0.102	False
HG03137	217750	400000	614	10	10.0	0.025	False
HG03139	0	400000	1182	10	10.015	0.02	False
HG03157	0	15000	47	8	8.205	0.089	False
HG03157	15000	400000	1135	9	8.975	0.018	False
HG03159	0	23125	75	8	8.518	0.074	True
HG03159	23125	199750	452	10	9.944	0.032	False
HG03159	199750	218000	42	9	9.061	0.099	False
HG03159	218000	400000	613	10	10.004	0.026	False
HG03160	0	400000	1182	10	9.996	0.022	False
HG03161	0	22250	73	8	8.013	0.079	False
HG03161	22250	400000	1109	10	10.0	0.021	False
HG03162	0	10250	28	8	7.899	0.12	False
HG03162	10250	28000	61	9	9.021	0.082	False
HG03162	28000	400000	1093	10	10.011	0.02	False
HG03163	0	14250	44	8	8.37	0.1	True
HG03163	14250	400000	1138	10	10.017	0.02	False
HG03164	0	8250	20	6	6.725	0.14	True
HG03164	8250	30750	75	9	8.831	0.072	False
HG03164	30750	400000	1087	10	10.014	0.019	False
HG03166	0	12250	36	9	9.686	0.106	True
HG03166	12250	400000	1146	10	10.008	0.019	False
HG03168	0	14250	44	6	6.76	0.095	True
HG03168	14250	28000	45	8	8.221	0.093	False
HG03168	28000	195000	427	10	9.964	0.032	False
HG03168	195000	218000	53	9	9.101	0.086	False
HG03168	218000	314500	293	10	9.961	0.037	False
HG03168	314500	334500	76	9	9.215	0.071	False
HG03168	334500	400000	244	10	10.037	0.04	False
HG03169	0	10000	27	8	8.079	0.127	False
HG03169	10000	25500	56	9	9.085	0.088	False
HG03169	25500	400000	1099	10	9.973	0.02	False
HG03170	0	14250	44	7	7.618	0.096	True
HG03170	14250	21500	26	8	8.066	0.124	False
HG03170	21500	323500	826	10	9.965	0.023	False
HG03170	323500	334500	42	9	8.974	0.097	False
HG03170	334500	400000	244	10	10.122	0.04	False
HG03172	0	14250	44	8	8.37	0.096	True
HG03172	14250	198500	481	10	10.021	0.031	False
HG03172	198500	216875	40	9	8.876	0.101	False
HG03172	216875	400000	617	10	9.996	0.026	False
HG03175	0	14250	44	6	7.165	0.091	True
HG03175	14250	23125	31	11	11.754	0.108	True
HG03175	23125	400000	1107	10	9.972	0.018	False
HG03189	0	9000	23	8	7.967	0.138	False
HG03189	9000	196000	495	10	9.993	0.031	False
HG03189	196000	217500	49	9	8.923	0.095	False
HG03189	217500	400000	615	10	9.99	0.027	False
HG03190	0	15750	50	9	9.159	0.091	False
HG03190	15750	400000	1132	10	9.999	0.019	False
HG03191	0	400000	1182	10	10.025	0.019	False
HG03193	0	400000	1182	10	9.981	0.019	False
HG03195	0	26875	88	9	9.255	0.068	False
HG03195	26875	400000	1094	10	9.99	0.02	False
HG03196	0	28000	89	9	8.879	0.077	False
HG03196	28000	400000	1093	10	10.046	0.022	False
HG03197	0	19000	62	10	9.875	0.083	False
HG03197	19000	28000	27	8	8.001	0.126	False
HG03197	28000	198500	436	10	10.049	0.033	False
HG03197	198500	216000	37	9	8.95	0.108	False
HG03197	216000	400000	620	10	10.006	0.026	False
HG03198	0	28000	89	9	8.863	0.073	False
HG03198	28000	195500	428	10	10.065	0.035	False
HG03198	195500	216875	48	9	9.109	0.099	False
HG03198	216875	400000	617	10	10.018	0.028	False
HG03199	0	8000	19	8	8.224	0.156	False
HG03199	8000	196000	499	10	9.996	0.032	False
HG03199	196000	216875	47	9	9.088	0.099	False
HG03199	216875	400000	617	10	10.015	0.027	False
HG03200	0	10000	27	9	8.864	0.117	False
HG03200	10000	190750	478	10	10.028	0.029	False
HG03200	190750	216500	59	9	9.086	0.079	False
HG03200	216500	400000	618	10	9.995	0.025	False
HG03202	0	21000	69	7	7.598	0.082	True
HG03202	21000	198500	456	10	10.024	0.034	False
HG03202	198500	216875	40	8	7.742	0.108	False
HG03202	216875	400000	617	10	10.005	0.028	False
HG03209	0	10000	27	9	8.954	0.125	False
HG03209	10000	18500	33	10	11.08	0.113	True
HG03209	18500	28000	29	9	9.074	0.121	False
HG03209	28000	400000	1093	10	10.021	0.02	False
HG03212	0	10250	28	9	9.2	0.12	False
HG03212	10250	19750	37	10	9.837	0.105	False
HG03212	19750	30000	27	8	8.183	0.123	False
HG03212	30000	195000	424	10	9.953	0.033	False
HG03212	195000	218000	53	9	9.073	0.088	False
HG03212	218000	400000	613	10	9.998	0.026	False
HG03224	0	14250	44	7	7.651	0.089	True
HG03224	14250	400000	1138	9	9.012	0.018	False
HG03225	0	14250	44	5	5.801	0.104	True
HG03225	14250	21500	26	7	6.95	0.135	False
HG03225	21500	400000	1112	10	9.984	0.021	False
HG03228	0	14250	44	8	8.464	0.1	True
HG03228	14250	197625	480	10	9.959	0.032	False
HG03228	197625	216875	41	8	8.031	0.104	False
HG03228	216875	400000	617	10	9.999	0.027	False
HG03229	0	17000	55	8	8.179	0.087	False
HG03229	17000	190750	450	10	10.037	0.032	False
HG03229	190750	216875	60	9	8.998	0.083	False
HG03229	216875	400000	617	10	10.034	0.026	False
HG03230	0	14750	46	7	7.351	0.101	True
HG03230	14750	192750	463	10	10.041	0.033	False
HG03230	192750	216875	56	9	9.158	0.091	False
HG03230	216875	400000	617	10	9.984	0.028	False
HG03234	0	198500	525	10	10.028	0.03	False
HG03234	198500	216875	40	8	8.006	0.103	False
HG03234	216875	400000	617	10	10.003	0.026	False
HG03235	0	23125	75	9	8.936	0.07	False
HG03235	23125	194625	440	10	10.005	0.031	False
HG03235	194625	216875	50	8	8.429	0.086	True
HG03235	216875	400000	617	10	9.955	0.025	False
HG03236	0	197250	523	10	10.002	0.03	False
HG03236	197250	216875	42	7	7.16	0.1	False
HG03236	216875	400000	617	10	10.003	0.026	False
HG03237	0	14250	44	10	10.163	0.09	False
HG03237	14250	23125	31	9	9.031	0.107	False
HG03237	23125	400000	1107	10	10.01	0.018	False
HG03238	0	400000	1182	10	10.026	0.02	False
HG03239	0	19000	62	11	10.81	0.088	False
HG03239	19000	400000	1120	10	10.02	0.021	False
HG03240	0	198500	525	10	9.932	0.031	False
HG03240	198500	217250	41	7	7.248	0.107	False
HG03240	217250	400000	616	10	9.982	0.028	False
HG03241	0	14750	46	8	8.359	0.101	True
HG03241	14750	400000	1136	10	10.009	0.021	False
HG03242	0	203250	529	10	9.981	0.029	False
HG03242	203250	216875	36	8	8.022	0.107	False
HG03242	216875	400000	617	10	10.0	0.026	False
HG03246	0	14500	45	8	8.339	0.103	False
HG03246	14500	28000	44	9	8.812	0.104	False
HG03246	28000	197000	433	10	10.052	0.035	False
HG03246	197000	216250	41	9	8.971	0.108	False
HG03246	216250	400000	619	10	9.966	0.028	False
HG03247	0	400000	1182	10	10.011	0.021	False
HG03248	0	16750	54	9	9.283	0.089	False
HG03248	16750	24750	26	8	8.145	0.128	False
HG03248	24750	199250	446	10	9.985	0.033	False
HG03248	199250	216875	39	9	8.997	0.105	False
HG03248	216875	400000	617	10	10.003	0.026	False
HG03249	0	20000	66	8	8.021	0.08	False
HG03249	20000	197625	458	10	9.994	0.032	False
HG03249	197625	216875	41	8	7.963	0.101	False
HG03249	216875	365750	491	10	9.941	0.029	False
HG03249	365750	400000	126	12	12.027	0.058	False
HG03250	0	28000	89	8	8.201	0.067	False
HG03250	28000	400000	1093	10	9.999	0.02	False
HG03251	0	21000	69	8	8.084	0.075	False
HG03251	21000	195000	447	10	9.988	0.031	False
HG03251	195000	216875	49	9	8.845	0.089	False
HG03251	216875	365125	489	10	9.996	0.028	False
HG03251	365125	400000	128	12	12.007	0.055	False
HG03258	0	189500	500	10	9.981	0.032	False
HG03258	189500	218500	71	9	9.17	0.081	False
HG03258	218500	400000	611	10	10.006	0.027	False
HG03259	0	400000	1182	10	10.033	0.018	False
HG03260	0	7750	18	9	9.274	0.149	False
HG03260	7750	12250	18	11	10.904	0.149	False
HG03260	12250	31000	60	9	9.19	0.082	False
HG03260	31000	195000	420	10	9.958	0.033	False
HG03260	195000	216875	49	9	9.169	0.09	False
HG03260	216875	400000	617	10	10.002	0.026	False
HG03265	0	16250	52	9	8.844	0.09	False
HG03265	16250	400000	1130	10	9.991	0.02	False
HG03267	0	16250	52	9	9.266	0.088	False
HG03267	16250	400000	1130	10	9.991	0.019	False
HG03268	0	14750	46	8	8.215	0.096	False
HG03268	14750	21000	23	9	8.875	0.135	False
HG03268	21000	400000	1113	10	10.015	0.02	False
HG03269	0	21000	69	8	8.348	0.085	False
HG03269	21000	400000	1113	10	10.014	0.022	False
HG03270	0	23125	75	9	8.815	0.06	False
HG03270	23125	194625	440	10	10.03	0.026	False
HG03270	194625	217250	51	9	9.211	0.073	False
HG03270	217250	400000	616	10	9.995	0.021	False
HG03271	0	14750	46	9	9.081	0.097	False
HG03271	14750	199750	481	10	10.025	0.031	False
HG03271	199750	216875	38	8	8.188	0.106	False
HG03271	216875	400000	617	10	10.011	0.026	False
HG03272	0	16500	53	9	8.891	0.091	False
HG03272	16500	195000	463	10	9.992	0.032	False
HG03272	195000	216875	49	9	8.961	0.095	False
HG03272	216875	400000	617	10	10.017	0.027	False
HG03279	0	23125	75	9	9.124	0.068	False
HG03279	23125	400000	1107	10	9.987	0.018	False
HG03280	0	14250	44	6	7.111	0.093	True
HG03280	14250	400000	1138	10	9.991	0.019	False
HG03291	0	14250	44	8	8.504	0.105	True
HG03291	14250	400000	1138	10	9.983	0.021	False
HG03294	0	14250	44	7	7.323	0.107	False
HG03294	14250	160500	381	10	9.956	0.038	False
HG03294	160500	192125	83	11	11.25	0.082	False
HG03294	192125	216875	57	10	9.988	0.094	False
HG03294	216875	296750	229	12	12.044	0.049	False
HG03294	296750	400000	388	11	10.946	0.035	False
HG03295	0	17625	57	10	9.78	0.089	False
HG03295	17625	29500	34	11	11.122	0.115	False
HG03295	29500	400000	1091	10	10.009	0.021	False
HG03296	0	14500	45	8	8.293	0.1	False
HG03296	14500	154750	374	10	10.05	0.036	False
HG03296	154750	191500	88	11	11.006	0.075	False
HG03296	191500	216875	58	10	10.122	0.088	False
HG03296	216875	293500	219	12	11.917	0.047	False
HG03296	293500	400000	398	11	10.995	0.033	False
HG03297	0	198500	525	10	9.967	0.03	False
HG03297	198500	216875	40	7	6.97	0.105	False
HG03297	216875	400000	617	10	10.008	0.027	False
HG03298	0	14000	43	9	9.126	0.094	False
HG03298	14000	400000	1139	10	9.994	0.019	False
HG03299	0	198500	525	10	10.0	0.029	False
HG03299	198500	216875	40	8	7.964	0.1	False
HG03299	216875	400000	617	10	10.014	0.025	False
HG03300	0	14750	46	8	8.583	0.098	True
HG03300	14750	198500	479	10	9.988	0.032	False
HG03300	198500	217750	43	8	8.053	0.102	False
HG03300	217750	400000	614	10	10.019	0.027	False
HG03301	0	22500	74	9	9.061	0.074	False
HG03301	22500	198500	451	10	10.005	0.031	False
HG03301	198500	216875	40	8	8.059	0.1	False
HG03301	216875	400000	617	10	10.007	0.026	False
HG03302	0	197625	524	10	10.009	0.032	False
HG03302	197625	216500	40	8	8.448	0.11	True
HG03302	216500	400000	618	10	10.014	0.028	False
HG03303	0	11500	33	9	9.065	0.12	False
HG03303	11500	199750	494	10	10.001	0.032	False
HG03303	199750	216000	35	9	8.798	0.116	False
HG03303	216000	400000	620	10	10.034	0.028	False
HG03304	0	14250	44	8	8.42	0.094	True
HG03304	14250	194625	471	10	9.968	0.03	False
HG03304	194625	217500	52	9	9.118	0.086	False
HG03304	217500	400000	615	10	9.983	0.025	False
HG03305	0	14250	44	8	8.323	0.092	False
HG03305	14250	20250	23	9	9.105	0.128	False
HG03305	20250	198500	458	10	9.978	0.03	False
HG03305	198500	216875	40	9	8.85	0.097	False
HG03305	216875	400000	617	10	10.017	0.025	False
HG03306	0	15000	47	8	8.369	0.095	True
HG03306	15000	203250	482	10	9.988	0.031	False
HG03306	203250	216875	36	8	8.373	0.109	True
HG03306	216875	400000	617	10	9.964	0.026	False
HG03307	0	14500	45	9	8.95	0.096	False
HG03307	14500	23125	30	10	9.902	0.117	False
HG03307	23125	29500	16	8	8.028	0.161	False
HG03307	29500	197250	432	10	10.029	0.033	False
HG03307	197250	216875	42	8	7.962	0.099	False
HG03307	216875	400000	617	10	10.049	0.026	False
HG03308	0	14250	44	7	7.62	0.103	True
HG03308	14250	197625	480	10	10.059	0.033	False
HG03308	197625	216875	41	8	7.953	0.106	False
HG03308	216875	400000	617	10	9.978	0.028	False
HG03309	0	400000	1182	10	9.995	0.021	False
HG03310	0	14500	45	7	7.517	0.096	True
HG03310	14500	395750	1120	10	9.988	0.02	False
HG03310	395750	400000	17	9	8.951	0.159	False
HG03311	0	14250	44	6	6.721	0.104	True
HG03311	14250	400000	1138	10	10.005	0.021	False
HG03312	0	198500	525	10	10.086	0.032	False
HG03312	198500	216875	40	9	9.058	0.111	False
HG03312	216875	400000	617	10	9.989	0.028	False
HG03313	0	14750	46	8	8.056	0.103	False
HG03313	14750	197250	477	10	10.016	0.033	False
HG03313	197250	216875	42	8	7.916	0.108	False
HG03313	216875	400000	617	10	10.019	0.028	False
HG03314	0	14500	45	8	8.428	0.1	True
HG03314	14500	198500	480	10	9.992	0.032	False
HG03314	198500	216875	40	7	7.065	0.107	False
HG03314	216875	400000	617	10	10.0	0.027	False
HG03342	0	21500	70	8	8.416	0.072	True
HG03342	21500	26875	18	9	9.008	0.142	False
HG03342	26875	400000	1094	10	10.0	0.019	False
HG03343	0	8250	20	9	9.083	0.123	False
HG03343	8250	15000	27	8	8.112	0.106	False
HG03343	15000	197625	477	10	9.988	0.026	False
HG03343	197625	216875	41	8	8.177	0.086	False
HG03343	216875	400000	617	10	9.982	0.022	False
HG03344	0	400000	1182	10	10.023	0.02	False
HG03350	0	15000	47	8	8.175	0.085	False
HG03350	15000	29500	44	9	9.313	0.088	False
HG03350	29500	400000	1091	10	10.019	0.018	False
HG03351	0	14500	45	8	8.097	0.096	False
HG03351	14500	198500	480	10	9.975	0.031	False
HG03351	198500	216875	40	8	8.034	0.102	False
HG03351	216875	400000	617	10	9.973	0.026	False
HG03352	0	14250	44	6	7.082	0.104	True
HG03352	14250	205875	488	10	10.005	0.033	False
HG03352	205875	216500	32	9	8.867	0.122	False
HG03352	216500	400000	618	10	9.991	0.028	False
HG03354	0	22500	74	9	9.145	0.072	False
HG03354	22500	400000	1108	10	9.988	0.019	False
HG03363	0	14500	45	7	7.757	0.1	True
HG03363	14500	201625	483	10	10.016	0.032	False
HG03363	201625	216875	37	9	8.89	0.11	False
HG03363	216875	400000	617	10	9.995	0.027	False
HG03366	0	400000	1182	10	10.005	0.018	False
HG03367	0	21500	70	9	9.132	0.074	False
HG03367	21500	196500	450	10	10.05	0.03	False
HG03367	196500	217250	46	9	9.11	0.091	False
HG03367	217250	400000	616	10	10.01	0.025	False
HG03368	0	195500	517	10	9.977	0.034	False
HG03368	195500	216250	46	9	8.772	0.108	False
HG03368	216250	400000	619	10	10.001	0.03	False
HG03369	0	14750	46	8	8.416	0.083	True
HG03369	14750	203250	483	10	9.96	0.027	False
HG03369	203250	217250	37	9	9.097	0.093	False
HG03369	217250	400000	616	10	10.012	0.023	False
HG03370	0	28000	89	9	9.039	0.072	False
HG03370	28000	198500	436	10	10.031	0.034	False
HG03370	198500	217250	41	8	8.17	0.107	False
HG03370	217250	400000	616	10	9.954	0.028	False
HG03371	0	14500	45	8	8.053	0.1	False
HG03371	14500	28000	44	9	9.331	0.101	False
HG03371	28000	201625	439	10	10.02	0.034	False
HG03371	201625	216875	37	8	8.313	0.11	False
HG03371	216875	400000	617	10	9.991	0.027	False
HG03372	0	14250	44	6	7.165	0.091	True
HG03372	14250	400000	1138	10	10.005	0.018	False
HG03373	0	15000	47	8	8.353	0.097	True
HG03373	15000	21750	24	9	8.91	0.136	False
HG03373	21750	400000	1111	10	10.021	0.02	False
HG03374	0	14500	45	6	6.739	0.097	True
HG03374	14500	21500	25	9	8.842	0.13	False
HG03374	21500	400000	1112	10	10.02	0.02	False
HG03376	0	14750	46	8	8.208	0.098	False
HG03376	14750	188500	450	10	10.03	0.033	False
HG03376	188500	216875	69	9	8.933	0.081	False
HG03376	216875	400000	617	10	9.999	0.027	False
HG03378	0	14250	44	8	8.49	0.098	True
HG03378	14250	400000	1138	10	10.003	0.02	False
HG03380	0	198500	525	10	9.979	0.029	False
HG03380	198500	216875	40	7	7.313	0.1	False
HG03380	216875	400000	617	10	9.998	0.026	False
HG03382	0	198500	525	10	9.996	0.031	False
HG03382	198500	216875	40	8	7.915	0.107	False
HG03382	216875	400000	617	10	9.989	0.027	False
HG03385	0	10000	27	7	7.346	0.125	False
HG03385	10000	24000	50	9	9.048	0.092	False
HG03385	24000	400000	1105	10	10.007	0.02	False
HG03388	0	14250	44	7	7.617	0.097	True
HG03388	14250	400000	1138	10	9.991	0.02	False
HG03391	0	15250	48	9	8.884	0.088	False
HG03391	15250	59500	77	10	10.138	0.072	False
HG03391	59500	198500	400	9	8.95	0.032	False
HG03391	198500	217250	41	7	7.031	0.095	False
HG03391	217250	400000	616	9	9.004	0.025	False
HG03394	0	400000	1182	10	9.997	0.02	False
HG03397	0	14250	44	6	6.955	0.099	True
HG03397	14250	198500	481	10	9.95	0.031	False
HG03397	198500	217500	42	8	7.85	0.101	False
HG03397	217500	400000	615	10	10.038	0.027	False
HG03401	0	24500	79	9	9.06	0.071	False
HG03401	24500	197625	445	10	10.028	0.031	False
HG03401	197625	216875	41	8	8.113	0.099	False
HG03401	216875	400000	617	10	9.96	0.025	False
HG03410	0	16250	52	8	8.382	0.095	True
HG03410	16250	400000	1130	10	9.988	0.021	False
HG03419	0	14250	44	7	7.872	0.099	True
HG03419	14250	198500	481	10	9.988	0.031	False
HG03419	198500	217500	42	9	9.01	0.101	False
HG03419	217500	400000	615	10	9.982	0.027	False
HG03428	0	15000	47	8	8.384	0.098	True
HG03428	15000	400000	1135	10	9.981	0.02	False
HG03432	0	18000	58	9	9.241	0.076	False
HG03432	18000	29500	33	8	8.021	0.101	False
HG03432	29500	204125	439	9	8.884	0.029	False
HG03432	204125	217250	36	8	7.89	0.097	False
HG03432	217250	400000	616	9	9.022	0.024	False
HG03433	0	198500	525	10	9.966	0.026	False
HG03433	198500	216875	40	9	9.072	0.091	False
HG03433	216875	400000	617	10	9.996	0.023	False
HG03436	0	15000	47	9	9.065	0.101	False
HG03436	15000	198500	478	10	10.024	0.033	False
HG03436	198500	216875	40	8	8.017	0.109	False
HG03436	216875	400000	617	10	10.019	0.028	False
HG03437	0	14500	45	8	8.705	0.1	True
HG03437	14500	22500	29	11	11.182	0.124	False
HG03437	22500	400000	1108	10	9.986	0.021	False
HG03438	0	30250	93	9	9.123	0.073	False
HG03438	30250	400000	1089	10	9.986	0.022	False
HG03439	0	14500	45	6	7.141	0.112	True
HG03439	14500	21500	25	8	7.597	0.15	False
HG03439	21500	163500	356	10	9.984	0.042	False
HG03439	163500	195000	90	12	11.8	0.083	False
HG03439	195000	216875	49	10	10.263	0.107	False
HG03439	216875	297000	230	14	13.949	0.051	False
HG03439	297000	400000	387	12	11.967	0.038	False
HG03442	0	198500	525	10	10.056	0.031	False
HG03442	198500	216875	40	9	8.9	0.106	False
HG03442	216875	400000	617	10	10.029	0.027	False
HG03445	0	400000	1182	10	9.985	0.021	False
HG03446	0	400000	1182	10	10.03	0.022	False
HG03449	0	21750	71	7	7.398	0.074	True
HG03449	21750	207375	463	10	10.009	0.031	False
HG03449	207375	216500	30	9	9.054	0.114	False
HG03449	216500	400000	618	10	10.001	0.025	False
HG03451	0	28000	89	9	9.16	0.072	False
HG03451	28000	400000	1093	10	10.017	0.021	False
HG03452	0	7500	17	10	9.86	0.14	False
HG03452	7500	14500	28	9	9.006	0.109	False
HG03452	14500	400000	1137	10	10.019	0.018	False
HG03453	0	59750	126	9	9.298	0.058	False
HG03453	59750	400000	1056	10	10.003	0.02	False
HG03454	0	26000	85	8	8.548	0.072	True
HG03454	26000	400000	1097	10	9.981	0.021	False
HG03455	0	14250	44	6	7.063	0.104	True
HG03455	14250	21000	25	9	8.76	0.137	False
HG03455	21000	400000	1113	10	9.985	0.021	False
HG03456	0	14500	45	7	7.632	0.091	True
HG03456	14500	21000	24	9	8.665	0.124	False
HG03456	21000	400000	1113	10	9.987	0.019	False
HG03457	0	14250	44	8	8.288	0.086	False
HG03457	14250	29500	47	9	8.824	0.083	False
HG03457	29500	198500	434	10	9.982	0.029	False
HG03457	198500	217250	41	9	8.806	0.089	False
HG03457	217250	400000	616	10	10.022	0.023	False
HG03458	0	17250	56	8	8.001	0.088	False
HG03458	17250	400000	1126	10	9.988	0.02	False
HG03460	0	14250	44	10	10.379	0.098	True
HG03460	14250	30000	48	9	8.828	0.094	False
HG03460	30000	400000	1090	10	10.01	0.02	False
HG03461	0	14250	44	9	9.499	0.102	True
HG03461	14250	400000	1138	10	10.003	0.02	False
HG03464	0	14250	44	7	7.917	0.103	True
HG03464	14250	400000	1138	10	10.019	0.021	False
HG03469	0	14250	44	8	8.758	0.103	True
HG03469	14250	29500	47	11	11.002	0.1	False
HG03469	29500	196500	429	10	9.954	0.035	False
HG03469	196500	217750	48	9	8.931	0.099	False
HG03469	217750	400000	614	10	9.994	0.028	False
HG03470	0	14250	44	8	8.311	0.087	False
HG03470	14250	400000	1138	10	10.005	0.017	False
HG03472	0	14750	46	9	9.104	0.107	False
HG03472	14750	198500	479	10	9.981	0.035	False
HG03472	198500	216500	39	9	8.772	0.117	False
HG03472	216500	400000	618	10	10.0	0.029	False
HG03473	0	15000	47	9	8.977	0.097	False
HG03473	15000	194625	468	10	10.048	0.032	False
HG03473	194625	216875	50	8	8.091	0.094	False
HG03473	216875	400000	617	10	10.003	0.027	False
HG03476	0	400000	1182	10	10.011	0.022	False
HG03478	0	198500	525	10	10.027	0.031	False
HG03478	198500	218000	44	9	8.939	0.102	False
HG03478	218000	400000	613	10	9.984	0.027	False
HG03479	0	21750	71	10	9.789	0.072	False
HG03479	21750	26875	17	8	8.089	0.148	False
HG03479	26875	195000	428	10	9.983	0.031	False
HG03479	195000	216875	49	9	9.093	0.087	False
HG03479	216875	400000	617	10	9.993	0.025	False
HG03480	0	20250	67	10	9.893	0.071	False
HG03480	20250	30000	25	9	8.946	0.116	False
HG03480	30000	196750	429	10	10.04	0.029	False
HG03480	196750	216875	44	9	9.014	0.087	False
HG03480	216875	400000	617	10	10.004	0.023	False
HG03484	0	19750	65	9	9.095	0.09	False
HG03484	19750	400000	1117	10	9.996	0.022	False
HG03485	0	15000	47	9	9.203	0.097	False
HG03485	15000	400000	1135	10	9.992	0.02	False
HG03486	0	21500	70	9	8.775	0.077	False
HG03486	21500	400000	1112	10	10.003	0.02	False
HG03487	0	15000	47	9	8.826	0.092	False
HG03487	15000	293500	737	10	9.983	0.024	False
HG03487	293500	400000	398	9	9.025	0.031	False
HG03488	0	22250	73	9	8.856	0.078	False
HG03488	22250	400000	1109	10	10.019	0.021	False
HG03489	0	24250	78	9	8.919	0.076	False
HG03489	24250	400000	1104	10	10.024	0.021	False
HG03490	0	198500	525	10	10.02	0.029	False
HG03490	198500	216875	40	8	7.883	0.102	False
HG03490	216875	400000	617	10	9.948	0.026	False
HG03491	0	400000	1182	10	9.993	0.019	False
HG03492	0	400000	1182	10	10.003	0.019	False
HG03499	0	400000	1182	9	8.997	0.017	False
HG03511	0	14750	46	9	9.245	0.097	False
HG03511	14750	400000	1136	10	10.011	0.02	False
HG03514	0	20500	68	10	9.88	0.079	False
HG03514	20500	29500	23	8	8.143	0.136	False
HG03514	29500	203250	438	10	10.06	0.033	False
HG03514	203250	217250	37	9	9.06	0.107	False
HG03514	217250	400000	616	10	9.975	0.026	False
HG03515	0	400000	1182	10	9.986	0.018	False
HG03516	0	400000	1182	10	9.995	0.02	False
HG03517	0	17000	55	9	8.905	0.075	False
HG03517	17000	198500	470	10	10.017	0.027	False
HG03517	198500	216000	37	9	8.913	0.091	False
HG03517	216000	400000	620	10	10.009	0.022	False
HG03518	0	14500	45	9	8.785	0.097	False
HG03518	14500	196250	474	10	10.026	0.031	False
HG03518	196250	216875	46	8	7.899	0.096	False
HG03518	216875	400000	617	10	9.993	0.026	False
HG03519	0	198500	525	10	9.982	0.028	False
HG03519	198500	216875	40	7	7.045	0.097	False
HG03519	216875	400000	617	10	9.993	0.025	False
HG03520	0	28000	89	9	8.967	0.071	False
HG03520	28000	400000	1093	10	9.997	0.021	False
HG03521	0	16000	51	10	9.999	0.092	False
HG03521	16000	194000	462	9	8.981	0.032	False
HG03521	194000	217250	53	8	7.974	0.09	False
HG03521	217250	400000	616	9	8.989	0.027	False
HG03522	0	17625	57	9	8.869	0.079	False
HG03522	17625	28000	32	8	7.71	0.105	False
HG03522	28000	400000	1093	9	9.005	0.018	False
HG03538	0	11000	31	8	7.994	0.12	False
HG03538	11000	400000	1151	10	9.987	0.02	False
HG03539	0	8750	22	10	10.013	0.143	False
HG03539	8750	15250	26	9	8.772	0.132	False
HG03539	15250	400000	1134	10	10.017	0.02	False
HG03540	0	9000	23	8	8.42	0.132	True
HG03540	9000	400000	1159	10	10.02	0.019	False
HG03547	0	14750	46	9	8.795	0.094	False
HG03547	14750	198500	479	10	10.039	0.031	False
HG03547	198500	216875	40	8	8.07	0.101	False
HG03547	216875	379250	537	10	10.023	0.028	False
HG03547	379250	400000	80	9	8.977	0.072	False
HG03548	0	13000	39	9	9.137	0.114	False
HG03548	13000	400000	1143	10	9.993	0.022	False
HG03556	0	8250	20	8	8.782	0.15	True
HG03556	8250	199750	507	10	10.055	0.031	False
HG03556	199750	217250	39	9	8.72	0.107	False
HG03556	217250	400000	616	10	10.007	0.027	False
HG03557	0	14500	45	7	7.214	0.086	False
HG03557	14500	400000	1137	9	9.019	0.017	False
HG03558	0	21500	70	8	8.112	0.078	False
HG03558	21500	400000	1112	10	9.973	0.02	False
HG03559	0	18000	58	9	9.121	0.092	False
HG03559	18000	29500	33	8	8.223	0.122	False
HG03559	29500	400000	1091	10	10.004	0.022	False
HG03563	0	14250	44	8	7.823	0.098	False
HG03563	14250	400000	1138	10	10.002	0.02	False
HG03565	0	10750	30	7	7.841	0.125	True
HG03565	10750	201625	498	10	10.014	0.032	False
HG03565	201625	218000	41	9	9.003	0.107	False
HG03565	218000	400000	613	10	10.051	0.028	False
HG03567	0	11000	31	8	8.819	0.118	True
HG03567	11000	400000	1151	10	9.997	0.02	False
HG03571	0	13750	42	9	9.144	0.1	False
HG03571	13750	400000	1140	10	9.998	0.02	False
HG03572	0	18750	61	9	8.908	0.086	False
HG03572	18750	28000	28	7	6.981	0.128	False
HG03572	28000	400000	1093	10	10.027	0.021	False
HG03574	0	29500	91	9	9.038	0.07	False
HG03574	29500	198500	434	10	9.967	0.034	False
HG03574	198500	216875	40	8	8.118	0.106	False
HG03574	216875	400000	617	10	10.032	0.027	False
HG03575	0	8250	20	8	8.105	0.141	False
HG03575	8250	20250	47	10	10.022	0.092	False
HG03575	20250	29000	23	8	8.282	0.132	False
HG03575	29000	199250	436	10	9.953	0.032	False
HG03575	199250	216875	39	9	9.12	0.101	False
HG03575	216875	400000	617	10	9.988	0.026	False
HG03576	0	23125	75	9	9.036	0.087	False
HG03576	23125	29500	16	7	6.891	0.188	False
HG03576	29500	196500	429	10	9.952	0.038	False
HG03576	196500	216875	45	8	8.418	0.112	True
HG03576	216875	400000	617	10	9.995	0.03	False
HG03577	0	196500	520	10	9.999	0.033	False
HG03577	196500	216875	45	9	8.754	0.108	False
HG03577	216875	400000	617	10	9.968	0.029	False
HG03578	0	14250	44	8	8.486	0.097	True
HG03578	14250	208750	493	10	10.003	0.03	False
HG03578	208750	216875	28	9	8.888	0.122	False
HG03578	216875	400000	617	10	10.012	0.026	False
HG03579	0	14250	44	8	8.638	0.102	True
HG03579	14250	198500	481	10	10.034	0.032	False
HG03579	198500	216000	37	9	8.902	0.111	False
HG03579	216000	400000	620	10	10.002	0.027	False
HG03582	0	14250	44	8	8.16	0.096	False
HG03582	14250	108750	221	9	9.065	0.045	False
HG03582	108750	400000	917	10	9.962	0.021	False
HG03583	0	13750	42	9	8.921	0.1	False
HG03583	13750	400000	1140	10	10.023	0.02	False
HG03584	0	106875	258	9	9.048	0.042	False
HG03584	106875	400000	924	10	10.009	0.022	False
HG03585	0	400000	1182	10	9.99	0.019	False
HG03589	0	197000	522	10	10.002	0.029	False
HG03589	197000	217500	45	8	8.207	0.095	False
HG03589	217500	400000	615	10	10.006	0.026	False
HG03593	0	22500	74	11	11.299	0.088	False
HG03593	22500	400000	1108	13	12.976	0.023	False
HG03594	0	16000	51	9	9.313	0.092	False
HG03594	16000	400000	1131	10	10.014	0.02	False
HG03595	0	133250	344	10	10.047	0.037	False
HG03595	133250	139000	23	9	8.678	0.139	False
HG03595	139000	400000	815	10	10.005	0.023	False
HG03596	0	15750	50	9	9.351	0.093	True
HG03596	15750	400000	1132	10	9.988	0.02	False
HG03598	0	9000	23	11	11.295	0.145	False
HG03598	9000	17250	33	10	9.786	0.121	False
HG03598	17250	197625	468	11	11.012	0.034	False
HG03598	197625	216875	41	9	9.015	0.108	False
HG03598	216875	316750	306	11	10.907	0.04	False
HG03598	316750	400000	311	10	10.065	0.039	False
HG03600	0	14250	44	8	8.652	0.093	True
HG03600	14250	400000	1138	10	9.999	0.019	False
HG03603	0	400000	1182	10	9.979	0.017	False
HG03604	0	18250	59	9	9.052	0.082	False
HG03604	18250	197625	465	10	9.969	0.031	False
HG03604	197625	216875	41	9	8.751	0.098	False
HG03604	216875	400000	617	10	9.997	0.025	False
HG03605	0	14500	45	8	8.393	0.109	True
HG03605	14500	198500	480	10	10.022	0.035	False
HG03605	198500	216875	40	9	9.006	0.116	False
HG03605	216875	400000	617	10	9.974	0.03	False
HG03606	0	14250	44	8	8.135	0.094	False
HG03606	14250	84250	148	9	9.145	0.053	False
HG03606	84250	198500	333	10	9.955	0.036	False
HG03606	198500	216875	40	8	8.216	0.098	False
HG03606	216875	400000	617	10	10.018	0.025	False
HG03607	0	14750	46	9	9.152	0.093	False
HG03607	14750	196000	472	10	9.958	0.031	False
HG03607	196000	216875	47	9	9.166	0.092	False
HG03607	216875	400000	617	10	10.015	0.026	False
HG03611	0	400000	1182	9	8.991	0.013	False
HG03615	0	198500	525	10	10.006	0.029	False
HG03615	198500	216875	40	8	8.195	0.101	False
HG03615	216875	400000	617	10	10.01	0.026	False
HG03616	0	14500	45	7	7.282	0.096	False
HG03616	14500	21750	26	8	7.86	0.127	False
HG03616	21750	400000	1111	10	10.026	0.02	False
HG03617	0	18500	60	8	8.287	0.084	False
HG03617	18500	199250	466	10	10.001	0.032	False
HG03617	199250	216875	39	9	8.89	0.104	False
HG03617	216875	400000	617	10	9.979	0.026	False
HG03618	0	16250	52	11	11.023	0.086	False
HG03618	16250	400000	1130	10	9.988	0.019	False
HG03619	0	400000	1182	10	9.975	0.02	False
HG03620	0	16250	52	11	10.955	0.092	False
HG03620	16250	400000	1130	10	9.997	0.02	False
HG03624	0	16250	52	11	11.226	0.094	False
HG03624	16250	400000	1130	10	9.983	0.021	False
HG03625	0	400000	1182	10	10.008	0.018	False
HG03626	0	16250	52	11	11.19	0.088	False
HG03626	16250	400000	1130	10	10.005	0.019	False
HG03629	0	29000	90	9	9.13	0.072	False
HG03629	29000	194250	424	10	9.965	0.035	False
HG03629	194250	216000	48	9	8.939	0.099	False
HG03629	216000	400000	620	10	9.978	0.028	False
HG03631	0	197250	523	10	10.001	0.03	False
HG03631	197250	216875	42	8	8.183	0.1	False
HG03631	216875	400000	617	10	9.952	0.026	False
HG03633	0	198500	525	10	10.029	0.031	False
HG03633	198500	216875	40	8	7.864	0.106	False
HG03633	216875	400000	617	10	9.991	0.027	False
HG03634	0	400000	1182	10	10.003	0.02	False
HG03635	0	194625	515	10	10.007	0.03	False
HG03635	194625	216000	47	9	8.945	0.094	False
HG03635	216000	400000	620	10	10.033	0.026	False
HG03636	0	201625	528	10	10.01	0.03	False
HG03636	201625	220000	47	9	9.153	0.096	False
HG03636	220000	400000	607	10	9.991	0.027	False
HG03639	0	23125	75	9	9.12	0.067	False
HG03639	23125	400000	1107	10	10.011	0.018	False
HG03640	0	58250	120	9	9.165	0.063	False
HG03640	58250	197625	404	10	9.908	0.036	False
HG03640	197625	216500	40	8	8.168	0.108	False
HG03640	216500	400000	618	10	10.026	0.028	False
HG03641	0	400000	1182	10	10.021	0.019	False
HG03642	0	198500	525	10	9.977	0.031	False
HG03642	198500	216875	40	8	8.077	0.107	False
HG03642	216875	400000	617	10	9.979	0.027	False
HG03643	0	400000	1182	10	10.005	0.021	False
HG03644	0	23125	75	8	8.224	0.075	False
HG03644	23125	400000	1107	9	8.978	0.02	False
HG03645	0	17000	55	12	12.09	0.086	False
HG03645	17000	199250	471	10	9.974	0.031	False
HG03645	199250	216875	39	8	8.133	0.102	False
HG03645	216875	400000	617	10	9.995	0.026	False
HG03646	0	15000	47	9	9.26	0.092	False
HG03646	15000	150000	358	10	10.038	0.035	False
HG03646	150000	169000	37	9	8.804	0.108	False
HG03646	169000	400000	740	10	9.967	0.023	False
HG03649	0	400000	1182	10	9.976	0.021	False
HG03650	0	196500	520	10	9.954	0.029	False
HG03650	196500	227375	70	9	9.197	0.074	False
HG03650	227375	400000	592	10	10.009	0.026	False
HG03651	0	20250	67	9	9.127	0.076	False
HG03651	20250	198500	458	10	10.025	0.031	False
HG03651	198500	227375	65	9	8.792	0.077	False
HG03651	227375	400000	592	10	9.981	0.026	False
HG03652	0	400000	1182	10	10.012	0.019	False
HG03653	0	14500	45	10	10.512	0.099	True
HG03653	14500	198500	480	11	10.944	0.032	False
HG03653	198500	216500	39	9	9.126	0.107	False
HG03653	216500	290000	208	11	10.955	0.048	False
HG03653	290000	400000	410	10	9.999	0.032	False
HG03654	0	15000	47	9	9.212	0.095	False
HG03654	15000	22500	27	10	9.932	0.125	False
HG03654	22500	291500	703	11	11.004	0.026	False
HG03654	291500	400000	405	10	9.965	0.032	False
HG03660	0	15000	47	9	9.089	0.088	False
HG03660	15000	205875	485	10	9.987	0.029	False
HG03660	205875	217250	34	9	9.064	0.104	False
HG03660	217250	400000	616	10	10.022	0.024	False
HG03663	0	18000	58	11	10.859	0.089	False
HG03663	18000	400000	1124	10	10.011	0.021	False
HG03667	0	400000	1182	10	9.986	0.019	False
HG03668	0	14250	44	6	7.071	0.097	True
HG03668	14250	400000	1138	10	10.003	0.02	False
HG03669	0	14500	45	8	8.417	0.093	True
HG03669	14500	400000	1137	10	10.023	0.019	False
HG03672	0	14000	43	9	9.148	0.086	False
HG03672	14000	84250	149	10	10.008	0.048	False
HG03672	84250	149375	211	11	11.0	0.041	False
HG03672	149375	168500	38	10	10.03	0.096	False
HG03672	168500	198500	84	11	10.951	0.065	False
HG03672	198500	216875	40	10	10.037	0.089	False
HG03672	216875	400000	617	11	10.942	0.023	False
HG03673	0	196250	519	10	10.033	0.031	False
HG03673	196250	216875	46	9	8.965	0.101	False
HG03673	216875	400000	617	10	10.006	0.028	False
HG03679	0	23125	75	9	9.101	0.074	False
HG03679	23125	400000	1107	10	10.025	0.02	False
HG03680	0	196500	520	10	10.041	0.032	False
HG03680	196500	217250	46	8	8.08	0.103	False
HG03680	217250	400000	616	10	9.953	0.028	False
HG03681	0	14250	44	9	9.247	0.104	False
HG03681	14250	400000	1138	10	9.988	0.021	False
HG03682	0	17625	57	12	11.994	0.096	False
HG03682	17625	195500	460	11	10.965	0.036	False
HG03682	195500	218000	52	10	10.03	0.101	False
HG03682	218000	400000	613	11	11.001	0.03	False
HG03683	0	15000	47	8	8.508	0.096	True
HG03683	15000	196500	473	10	9.991	0.032	False
HG03683	196500	217250	46	9	8.721	0.097	False
HG03683	217250	400000	616	10	10.022	0.027	False
HG03684	0	14250	44	8	8.494	0.096	True
HG03684	14250	195000	472	10	9.947	0.031	False
HG03684	195000	216875	49	9	8.971	0.091	False
HG03684	216875	400000	617	10	10.001	0.026	False
HG03685	0	22250	73	7	7.372	0.066	True
HG03685	22250	198500	452	9	8.936	0.028	False
HG03685	198500	216875	40	7	6.793	0.089	False
HG03685	216875	400000	617	9	9.006	0.023	False
HG03686	0	14500	45	8	8.62	0.094	True
HG03686	14500	191125	461	10	10.015	0.031	False
HG03686	191125	217250	60	9	8.586	0.081	True
HG03686	217250	395750	599	10	10.021	0.026	False
HG03686	395750	400000	17	11	11.03	0.155	False
HG03687	0	400000	1182	10	9.991	0.022	False
HG03688	0	400000	1182	10	10.007	0.019	False
HG03689	0	16000	51	11	11.128	0.084	False
HG03689	16000	198500	474	10	9.99	0.029	False
HG03689	198500	217250	41	9	8.987	0.094	False
HG03689	217250	400000	616	10	9.999	0.024	False
HG03690	0	21500	70	9	8.595	0.079	True
HG03690	21500	198500	455	10	10.063	0.033	False
HG03690	198500	216875	40	8	8.191	0.105	False
HG03690	216875	400000	617	10	9.985	0.027	False
HG03691	0	16000	51	13	12.866	0.091	False
HG03691	16000	198500	474	10	10.035	0.031	False
HG03691	198500	216875	40	7	6.794	0.103	False
HG03691	216875	400000	617	10	10.032	0.026	False
HG03692	0	16750	54	11	11.274	0.095	False
HG03692	16750	400000	1128	10	10.005	0.021	False
HG03693	0	199250	526	10	9.952	0.028	False
HG03693	199250	210500	18	8	8.095	0.144	False
HG03693	210500	216875	21	9	9.008	0.133	False
HG03693	216875	400000	617	10	9.973	0.025	False
HG03694	0	196000	518	10	9.978	0.029	False
HG03694	196000	215250	41	9	9.004	0.099	False
HG03694	215250	400000	623	10	10.008	0.025	False
HG03695	0	16250	52	11	11.072	0.095	False
HG03695	16250	400000	1130	10	9.975	0.021	False
HG03696	0	400000	1182	10	10.006	0.02	False
HG03697	0	23125	75	9	9.123	0.076	False
HG03697	23125	196500	445	10	9.953	0.033	False
HG03697	196500	217250	46	8	8.317	0.097	False
HG03697	217250	400000	616	10	9.992	0.027	False
HG03698	0	198500	525	10	9.946	0.032	False
HG03698	198500	217250	41	8	8.004	0.11	False
HG03698	217250	400000	616	10	9.963	0.028	False
HG03699	0	400000	1182	9	9.007	0.015	False
HG03700	0	66250	128	9	9.114	0.059	False
HG03700	66250	73250	25	10	10.182	0.137	False
HG03700	73250	84250	39	9	9.067	0.111	False
HG03700	84250	190000	310	10	9.934	0.039	False
HG03700	190000	216875	63	9	9.059	0.082	False
HG03700	216875	400000	617	10	10.011	0.026	False
HG03701	0	59250	124	8	7.999	0.052	False
HG03701	59250	195000	392	9	8.972	0.031	False
HG03701	195000	216875	49	8	8.061	0.082	False
HG03701	216875	400000	617	9	9.001	0.023	False
HG03702	0	133000	343	10	10.055	0.035	False
HG03702	133000	137750	19	9	8.527	0.149	True
HG03702	137750	400000	820	10	9.992	0.022	False
HG03703	0	400000	1182	10	9.996	0.021	False
HG03704	0	400000	1182	10	9.992	0.019	False
HG03705	0	14500	45	8	8.503	0.102	True
HG03705	14500	21000	24	9	9.048	0.139	False
HG03705	21000	400000	1113	10	9.993	0.021	False
HG03706	0	16000	51	11	11.082	0.094	False
HG03706	16000	205250	480	10	9.993	0.032	False
HG03706	205250	217250	35	9	9.07	0.113	False
HG03706	217250	400000	616	10	9.977	0.027	False
HG03707	0	18000	58	8	8.44	0.091	True
HG03707	18000	196750	463	10	9.977	0.034	False
HG03707	196750	227000	68	9	9.118	0.084	False
HG03707	227000	400000	593	10	9.989	0.029	False
HG03708	0	8000	19	9	9.017	0.135	False
HG03708	8000	195000	497	10	9.999	0.028	False
HG03708	195000	217250	50	9	9.083	0.083	False
HG03708	217250	400000	616	10	10.035	0.024	False
HG03709	0	194000	513	10	9.985	0.033	False
HG03709	194000	216875	52	9	9.035	0.099	False
HG03709	216875	400000	617	10	9.967	0.029	False
HG03710	0	16500	53	11	11.146	0.091	False
HG03710	16500	400000	1129	10	9.983	0.02	False
HG03711	0	14750	46	9	9.056	0.109	False
HG03711	14750	195000	470	10	10.033	0.036	False
HG03711	195000	214500	41	9	9.014	0.115	False
HG03711	214500	400000	625	10	9.958	0.03	False
HG03713	0	15250	48	6	6.625	0.108	True
HG03713	15250	21500	22	8	8.013	0.159	False
HG03713	21500	71250	76	9	9.08	0.09	False
HG03713	71250	392000	1004	10	9.955	0.024	False
HG03713	392000	400000	32	11	10.898	0.131	False
HG03714	0	400000	1182	10	9.993	0.018	False
HG03716	0	400000	1182	10	9.999	0.021	False
HG03717	0	195500	517	9	9.023	0.027	False
HG03717	195500	216875	48	8	7.921	0.084	False
HG03717	216875	400000	617	9	9.036	0.024	False
HG03718	0	19750	65	11	10.963	0.081	False
HG03718	19750	400000	1117	10	10.008	0.02	False
HG03719	0	195500	517	10	10.087	0.028	False
HG03719	195500	216875	48	9	9.071	0.089	False
HG03719	216875	400000	617	10	9.994	0.025	False
HG03720	0	400000	1182	10	9.989	0.021	False
HG03721	0	8500	21	10	9.75	0.134	False
HG03721	8500	16750	33	11	11.006	0.107	False
HG03721	16750	56250	58	9	9.256	0.083	False
HG03721	56250	195500	405	10	9.998	0.032	False
HG03721	195500	217250	49	9	8.82	0.088	False
HG03721	217250	364125	487	10	9.981	0.028	False
HG03721	364125	392500	99	12	12.172	0.062	False
HG03721	392500	400000	30	13	12.761	0.111	False
HG03722	0	16750	54	11	11.38	0.085	True
HG03722	16750	198500	471	10	9.971	0.03	False
HG03722	198500	216875	40	9	9.017	0.099	False
HG03722	216875	400000	617	10	10.031	0.025	False
HG03725	0	14250	44	9	9.268	0.096	False
HG03725	14250	400000	1138	10	10.005	0.019	False
HG03727	0	18000	58	11	11.064	0.089	False
HG03727	18000	400000	1124	10	9.992	0.021	False
HG03729	0	23125	75	9	9.113	0.071	False
HG03729	23125	400000	1107	10	10.004	0.019	False
HG03730	0	14750	46	9	9.033	0.097	False
HG03730	14750	400000	1136	10	9.987	0.02	False
HG03731	0	14750	46	10	10.075	0.112	False
HG03731	14750	82250	138	11	11.115	0.067	False
HG03731	82250	198500	341	12	11.936	0.043	False
HG03731	198500	217250	41	10	10.014	0.119	False
HG03731	217250	400000	616	12	12.046	0.031	False
HG03732	0	364125	1053	10	9.992	0.021	False
HG03732	364125	400000	129	12	12.047	0.058	False
HG03733	0	16750	54	12	11.778	0.089	False
HG03733	16750	198500	471	11	11.026	0.032	False
HG03733	198500	216250	38	9	9.168	0.106	False
HG03733	216250	400000	619	11	11.019	0.026	False
HG03736	0	22250	73	8	7.92	0.079	False
HG03736	22250	195500	444	9	9.079	0.034	False
HG03736	195500	216875	48	8	7.873	0.097	False
HG03736	216875	400000	617	9	8.991	0.027	False
HG03738	0	16000	51	10	10.795	0.093	True
HG03738	16000	22000	21	8	7.628	0.145	False
HG03738	22000	133000	271	10	9.983	0.042	False
HG03738	133000	139000	24	9	8.822	0.138	False
HG03738	139000	294750	420	10	9.998	0.034	False
HG03738	294750	400000	395	9	9.033	0.033	False
HG03740	0	22000	72	9	9.195	0.078	False
HG03740	22000	400000	1110	10	10.007	0.02	False
HG03741	0	14000	43	9	9.39	0.089	True
HG03741	14000	194250	471	10	9.99	0.028	False
HG03741	194250	216500	50	9	9.019	0.083	False
HG03741	216500	400000	618	10	10.012	0.024	False
HG03742	0	198500	525	10	9.974	0.03	False
HG03742	198500	216250	38	8	8.177	0.105	False
HG03742	216250	400000	619	10	10.003	0.026	False
HG03743	0	16000	51	11	11.216	0.093	False
HG03743	16000	197250	472	10	10.009	0.032	False
HG03743	197250	216875	42	8	8.226	0.102	False
HG03743	216875	400000	617	10	10.008	0.027	False
HG03744	0	197625	524	11	11.044	0.031	False
HG03744	197625	216875	41	9	9.263	0.108	False
HG03744	216875	316250	304	11	10.907	0.04	False
HG03744	316250	400000	313	10	10.038	0.039	False
HG03745	0	15750	50	9	8.972	0.098	False
HG03745	15750	190500	454	10	9.966	0.034	False
HG03745	190500	219000	68	9	9.195	0.084	False
HG03745	219000	400000	610	10	10.031	0.028	False
HG03746	0	16000	51	11	11.182	0.087	False
HG03746	16000	196000	467	10	10.001	0.03	False
HG03746	196000	216000	44	9	9.093	0.094	False
HG03746	216000	400000	620	10	9.99	0.025	False
HG03750	0	17250	56	11	10.955	0.085	False
HG03750	17250	201625	472	10	10.006	0.031	False
HG03750	201625	217750	40	9	9.131	0.1	False
HG03750	217750	400000	614	10	10.013	0.026	False
HG03752	0	14250	44	8	8.374	0.105	True
HG03752	14250	20500	24	9	8.884	0.143	False
HG03752	20500	400000	1114	10	9.986	0.021	False
HG03753	0	14250	44	7	7.72	0.103	True
HG03753	14250	197250	479	10	9.997	0.033	False
HG03753	197250	218500	48	9	8.816	0.099	False
HG03753	218500	400000	611	10	9.995	0.028	False
HG03754	0	16250	52	11	11.019	0.092	False
HG03754	16250	400000	1130	10	10.011	0.02	False
HG03755	0	196250	519	10	9.951	0.029	False
HG03755	196250	218500	52	9	9.116	0.087	False
HG03755	218500	400000	611	10	10.012	0.025	False
HG03756	0	15750	50	9	9.177	0.085	False
HG03756	15750	193125	460	10	10.02	0.029	False
HG03756	193125	217250	56	9	9.051	0.08	False
HG03756	217250	400000	616	10	9.983	0.024	False
HG03757	0	16500	53	11	11.099	0.088	False
HG03757	16500	400000	1129	10	9.978	0.019	False
HG03760	0	7750	18	11	10.898	0.141	False
HG03760	7750	197625	506	10	9.997	0.028	False
HG03760	197625	216500	40	8	8.103	0.095	False
HG03760	216500	400000	618	10	10.03	0.024	False
HG03761	0	197250	523	10	9.993	0.028	False
HG03761	197250	216875	42	9	9.025	0.094	False
HG03761	216875	400000	617	10	9.974	0.025	False
HG03762	0	400000	1182	10	10.021	0.02	False
HG03763	0	197250	523	10	9.995	0.029	False
HG03763	197250	220000	52	9	8.907	0.089	False
HG03763	220000	400000	607	10	9.986	0.026	False
HG03765	0	400000	1182	10	9.991	0.02	False
HG03767	0	400000	1182	10	9.972	0.019	False
HG03770	0	196750	521	10	9.971	0.032	False
HG03770	196750	216875	44	8	8.245	0.106	False
HG03770	216875	400000	617	10	9.956	0.028	False
HG03771	0	400000	1182	10	9.973	0.018	False
HG03772	0	16250	52	12	11.879	0.091	False
HG03772	16250	197250	471	10	10.037	0.032	False
HG03772	197250	216875	42	8	8.028	0.101	False
HG03772	216875	400000	617	10	10.012	0.026	False
HG03773	0	15000	47	11	11.236	0.091	False
HG03773	15000	183500	435	10	9.963	0.031	False
HG03773	183500	227375	108	9	9.139	0.062	False
HG03773	227375	400000	592	10	9.997	0.026	False
HG03774	0	16750	54	12	12.015	0.088	False
HG03774	16750	198500	471	10	10.028	0.031	False
HG03774	198500	216875	40	8	7.846	0.102	False
HG03774	216875	400000	617	10	10.02	0.026	False
HG03775	0	197250	523	10	10.02	0.033	False
HG03775	197250	217250	43	8	8.256	0.111	False
HG03775	217250	400000	616	10	10.014	0.029	False
HG03777	0	197625	524	10	9.978	0.032	False
HG03777	197625	216875	41	7	7.092	0.109	False
HG03777	216875	400000	617	10	10.026	0.028	False
HG03778	0	17625	57	9	9.23	0.08	False
HG03778	17625	400000	1125	10	9.991	0.018	False
HG03779	0	197250	523	10	10.007	0.029	False
HG03779	197250	216875	42	9	8.968	0.097	False
HG03779	216875	400000	617	10	9.994	0.025	False
HG03780	0	23125	75	9	9.108	0.078	False
HG03780	23125	197250	448	10	9.993	0.033	False
HG03780	197250	217500	44	9	8.972	0.101	False
HG03780	217500	400000	615	10	10.003	0.027	False
HG03781	0	14250	44	9	9.064	0.099	False
HG03781	14250	198500	481	10	9.976	0.031	False
HG03781	198500	217250	41	8	7.949	0.103	False
HG03781	217250	400000	616	10	10.009	0.027	False
HG03782	0	16000	51	12	11.667	0.101	False
HG03782	16000	400000	1131	10	10.03	0.022	False
HG03784	0	400000	1182	10	9.974	0.02	False
HG03785	0	203250	529	10	9.989	0.03	False
HG03785	203250	216875	36	8	8.115	0.11	False
HG03785	216875	400000	617	10	10.044	0.027	False
HG03786	0	201625	528	10	9.978	0.031	False
HG03786	201625	217250	38	9	8.713	0.109	False
HG03786	217250	400000	616	10	10.025	0.027	False
HG03787	0	16250	52	11	11.269	0.092	False
HG03787	16250	198500	473	10	9.968	0.032	False
HG03787	198500	216875	40	7	7.063	0.105	False
HG03787	216875	400000	617	10	10.025	0.027	False
HG03788	0	194250	514	10	9.963	0.031	False
HG03788	194250	216875	51	9	8.999	0.093	False
HG03788	216875	400000	617	10	10.012	0.027	False
HG03789	0	400000	1182	10	10.021	0.02	False
HG03790	0	196000	518	10	10.017	0.03	False
HG03790	196000	216875	47	9	9.02	0.094	False
HG03790	216875	400000	617	10	9.99	0.026	False
HG03792	0	16000	51	9	9.105	0.095	False
HG03792	16000	197000	471	10	9.968	0.033	False
HG03792	197000	216250	41	9	8.878	0.106	False
HG03792	216250	400000	619	10	10.004	0.027	False
HG03793	0	17250	56	9	9.054	0.089	False
HG03793	17250	400000	1126	10	9.969	0.02	False
HG03794	0	84250	192	9	8.976	0.049	False
HG03794	84250	149750	212	10	9.993	0.047	False
HG03794	149750	170000	39	9	8.827	0.109	False
HG03794	170000	198500	82	10	9.968	0.077	False
HG03794	198500	216875	40	7	7.077	0.104	False
HG03794	216875	400000	617	10	9.981	0.027	False
HG03795	0	84250	192	9	8.986	0.045	False
HG03795	84250	150500	215	10	10.04	0.044	False
HG03795	150500	169000	35	9	8.767	0.106	False
HG03795	169000	198500	83	10	10.034	0.071	False
HG03795	198500	217250	41	7	7.152	0.095	False
HG03795	217250	400000	616	10	9.968	0.025	False
HG03796	0	176875	460	10	10.014	0.033	False
HG03796	176875	261500	238	9	9.042	0.045	False
HG03796	261500	400000	484	10	9.987	0.03	False
HG03797	0	16000	51	13	13.084	0.086	False
HG03797	16000	197250	472	10	9.998	0.03	False
HG03797	197250	216875	42	8	7.93	0.094	False
HG03797	216875	400000	617	10	9.98	0.025	False
HG03798	0	16500	53	12	11.7	0.084	False
HG03798	16500	197250	470	10	10.045	0.029	False
HG03798	197250	218000	46	8	8.017	0.09	False
HG03798	218000	400000	613	10	9.971	0.025	False
HG03799	0	23125	75	9	9.057	0.073	False
HG03799	23125	400000	1107	10	9.996	0.019	False
HG03800	0	14750	46	9	9.143	0.097	False
HG03800	14750	400000	1136	10	10.004	0.02	False
HG03801	0	23125	75	9	8.899	0.083	False
HG03801	23125	400000	1107	10	10.012	0.022	False
HG03802	0	194625	515	10	9.995	0.03	False
HG03802	194625	218000	54	9	9.048	0.089	False
HG03802	218000	400000	613	10	10.009	0.026	False
HG03803	0	198500	525	10	9.982	0.031	False
HG03803	198500	216875	40	8	8.148	0.108	False
HG03803	216875	400000	617	10	9.982	0.027	False
HG03804	0	199250	526	10	9.994	0.031	False
HG03804	199250	216875	39	9	9.003	0.109	False
HG03804	216875	400000	617	10	9.99	0.027	False
HG03805	0	9250	24	10	10.107	0.131	False
HG03805	9250	16250	28	9	8.723	0.121	False
HG03805	16250	400000	1130	10	10.018	0.019	False
HG03806	0	400000	1182	10	10.015	0.019	False
HG03807	0	196000	518	10	10.034	0.031	False
HG03807	196000	215750	43	9	8.99	0.102	False
HG03807	215750	400000	621	10	9.954	0.027	False
HG03808	0	198500	525	10	10.013	0.03	False
HG03808	198500	216875	40	8	7.874	0.105	False
HG03808	216875	400000	617	10	9.993	0.027	False
HG03809	0	16000	51	11	11.308	0.092	False
HG03809	16000	197250	472	10	9.932	0.032	False
HG03809	197250	217250	43	8	8.144	0.1	False
HG03809	217250	400000	616	10	9.975	0.026	False
HG03812	0	198500	525	10	9.992	0.03	False
HG03812	198500	216875	40	8	7.982	0.103	False
HG03812	216875	400000	617	10	9.983	0.026	False
HG03814	0	198500	525	10	9.985	0.03	False
HG03814	198500	216875	40	8	7.863	0.105	False
HG03814	216875	400000	617	10	10.017	0.027	False
HG03815	0	400000	1182	10	9.983	0.018	False
HG03816	0	198500	525	10	10.036	0.032	False
HG03816	198500	216875	40	8	8.12	0.112	False
HG03816	216875	400000	617	10	9.968	0.028	False
HG03817	0	400000	1182	10	10.015	0.018	False
HG03821	0	18000	58	7	7.721	0.079	True
HG03821	18000	193125	452	10	9.974	0.03	False
HG03821	193125	227375	80	9	9.236	0.067	False
HG03821	227375	400000	592	10	10.017	0.025	False
HG03823	0	400000	1182	10	10.03	0.019	False
HG03824	0	400000	1182	10	10.014	0.02	False
HG03825	0	14250	44	9	9.142	0.095	False
HG03825	14250	400000	1138	10	10.023	0.019	False
HG03826	0	14500	45	8	8.806	0.098	True
HG03826	14500	197250	478	10	9.945	0.031	False
HG03826	197250	216875	42	8	8.224	0.101	False
HG03826	216875	400000	617	10	10.005	0.026	False
HG03829	0	198500	525	10	9.993	0.03	False
HG03829	198500	216875	40	8	8.009	0.104	False
HG03829	216875	400000	617	10	10.043	0.027	False
HG03830	0	23750	76	9	9.113	0.076	False
HG03830	23750	382000	1037	10	9.966	0.021	False
HG03830	382000	393250	42	11	11.015	0.103	False
HG03830	393250	400000	27	10	10.123	0.128	False
HG03831	0	22250	73	9	8.964	0.073	False
HG03831	22250	196250	446	10	9.987	0.031	False
HG03831	196250	216875	46	9	9.094	0.092	False
HG03831	216875	382000	548	10	10.038	0.027	False
HG03831	382000	393750	44	11	10.971	0.094	False
HG03831	393750	400000	25	10	10.233	0.124	False
HG03832	0	199250	526	10	10.015	0.03	False
HG03832	199250	216875	39	8	7.78	0.107	False
HG03832	216875	400000	617	10	10.024	0.027	False
HG03833	0	8250	20	11	10.966	0.143	False
HG03833	8250	400000	1162	10	9.983	0.019	False
HG03834	0	8000	19	11	11.094	0.161	False
HG03834	8000	198500	506	10	10.057	0.033	False
HG03834	198500	216875	40	8	7.995	0.111	False
HG03834	216875	400000	617	10	9.996	0.028	False
HG03836	0	15500	49	9	9.214	0.094	False
HG03836	15500	400000	1133	10	10.013	0.02	False
HG03837	0	55000	107	9	9.127	0.064	False
HG03837	55000	195500	410	10	9.915	0.034	False
HG03837	195500	216250	46	9	8.931	0.096	False
HG03837	216250	400000	619	10	10.043	0.026	False
HG03838	0	198500	525	10	10.045	0.031	False
HG03838	198500	212250	26	9	8.837	0.132	False
HG03838	212250	400000	631	10	10.007	0.027	False
HG03844	0	400000	1182	10	9.998	0.021	False
HG03846	0	262250	701	10	9.963	0.025	False
HG03846	262250	400000	481	9	9.023	0.029	False
HG03848	0	14500	45	9	9.265	0.096	False
HG03848	14500	198500	480	10	9.957	0.031	False
HG03848	198500	216875	40	8	8.156	0.102	False
HG03848	216875	400000	617	10	9.994	0.026	False
HG03849	0	400000	1182	10	9.99	0.02	False
HG03850	0	9250	24	9	9.147	0.131	False
HG03850	9250	197625	500	10	10.023	0.03	False
HG03850	197625	216250	39	8	8.052	0.103	False
HG03850	216250	229250	34	9	9.116	0.11	False
HG03850	229250	400000	585	10	10.02	0.027	False
HG03851	0	197625	524	11	10.972	0.031	False
HG03851	197625	217250	42	9	9.269	0.104	False
HG03851	217250	262750	137	11	10.944	0.059	False
HG03851	262750	400000	479	10	10.013	0.031	False
HG03854	0	400000	1182	9	8.99	0.019	False
HG03856	0	194625	515	11	11.002	0.033	False
HG03856	194625	222875	66	10	10.118	0.089	False
HG03856	222875	292250	199	11	11.11	0.053	False
HG03856	292250	400000	402	10	9.995	0.036	False
HG03857	0	255000	677	11	10.983	0.027	False
HG03857	255000	400000	505	10	10.032	0.03	False
HG03858	0	400000	1182	10	10.009	0.019	False
HG03861	0	16250	52	12	12.064	0.092	False
HG03861	16250	194000	461	10	9.926	0.032	False
HG03861	194000	216875	52	9	9.157	0.092	False
HG03861	216875	400000	617	10	10.006	0.027	False
HG03862	0	190250	503	9	8.979	0.029	False
HG03862	190250	216875	62	8	8.088	0.08	False
HG03862	216875	400000	617	9	9.006	0.025	False
HG03863	0	26500	87	9	9.08	0.07	False
HG03863	26500	197625	437	10	9.962	0.033	False
HG03863	197625	216875	41	8	7.821	0.102	False
HG03863	216875	400000	617	10	9.983	0.026	False
HG03864	0	17625	57	11	10.841	0.083	False
HG03864	17625	197625	467	10	9.996	0.031	False
HG03864	197625	216875	41	8	8.164	0.098	False
HG03864	216875	400000	617	10	9.991	0.025	False
HG03866	0	400000	1182	10	10.012	0.019	False
HG03867	0	14500	45	11	10.961	0.1	False
HG03867	14500	400000	1137	10	9.995	0.02	False
HG03868	0	15000	47	8	8.508	0.091	True
HG03868	15000	400000	1135	10	10.025	0.019	False
HG03869	0	400000	1182	10	9.984	0.019	False
HG03870	0	15250	48	10	9.798	0.098	False
HG03870	15250	57250	68	11	10.887	0.084	False
HG03870	57250	400000	1066	10	10.026	0.021	False
HG03871	0	194625	515	10	10.057	0.029	False
HG03871	194625	216500	49	9	8.843	0.089	False
HG03871	216500	400000	618	10	10.018	0.025	False
HG03872	0	14250	44	9	9.327	0.104	False
HG03872	14250	196500	476	10	10.019	0.033	False
HG03872	196500	216875	45	9	8.795	0.103	False
HG03872	216875	400000	617	10	10.02	0.028	False
HG03873	0	400000	1182	10	9.996	0.018	False
HG03874	0	400000	1182	10	9.994	0.02	False
HG03875	0	198500	525	10	9.987	0.029	False
HG03875	198500	216875	40	8	8.244	0.101	False
HG03875	216875	400000	617	10	10.013	0.026	False
HG03882	0	400000	1182	10	10.003	0.02	False
HG03884	0	22500	74	9	9.253	0.081	False
HG03884	22500	400000	1108	10	9.985	0.021	False
HG03885	0	400000	1182	10	9.994	0.02	False
HG03886	0	199250	526	10	9.943	0.03	False
HG03886	199250	216875	39	8	7.931	0.107	False
HG03886	216875	400000	617	10	10.018	0.027	False
HG03887	0	15000	47	7	7.979	0.095	True
HG03887	15000	400000	1135	10	9.976	0.02	False
HG03888	0	196000	518	10	9.958	0.031	False
HG03888	196000	216875	47	9	8.966	0.099	False
HG03888	216875	400000	617	10	9.993	0.027	False
HG03890	0	10000	27	9	9.355	0.129	False
HG03890	10000	14250	17	8	7.808	0.162	False
HG03890	14250	400000	1138	10	9.979	0.02	False
HG03894	0	195000	516	10	10.031	0.029	False
HG03894	195000	222875	65	9	8.987	0.078	False
HG03894	222875	393750	576	10	9.977	0.026	False
HG03894	393750	400000	25	11	11.995	0.125	True
HG03895	0	15750	50	9	9.19	0.09	False
HG03895	15750	400000	1132	10	9.998	0.019	False
HG03896	0	197250	523	10	9.973	0.03	False
HG03896	197250	216875	42	8	8.212	0.102	False
HG03896	216875	400000	617	10	9.981	0.027	False
HG03897	0	400000	1182	10	9.993	0.018	False
HG03898	0	14750	46	9	9.117	0.091	False
HG03898	14750	196750	475	10	9.997	0.03	False
HG03898	196750	216875	44	9	8.991	0.093	False
HG03898	216875	400000	617	10	9.987	0.025	False
HG03899	0	7500	17	12	11.932	0.159	False
HG03899	7500	15500	32	13	12.807	0.116	False
HG03899	15500	193750	463	11	10.995	0.032	False
HG03899	193750	217750	56	10	9.945	0.088	False
HG03899	217750	400000	614	11	10.968	0.027	False
HG03900	0	14250	44	7	7.804	0.105	True
HG03900	14250	196250	475	10	10.012	0.034	False
HG03900	196250	216875	46	9	8.96	0.103	False
HG03900	216875	400000	617	10	10.005	0.028	False
HG03902	0	400000	1182	10	10.022	0.016	False
HG03904	0	20500	68	8	8.356	0.074	True
HG03904	20500	400000	1114	10	10.011	0.019	False
HG03905	0	21750	71	8	8.088	0.075	False
HG03905	21750	188250	424	10	9.981	0.032	False
HG03905	188250	227375	95	9	9.123	0.065	False
HG03905	227375	400000	592	10	10.016	0.026	False
HG03906	0	23750	76	9	9.096	0.073	False
HG03906	23750	400000	1106	10	9.995	0.019	False
HG03907	0	16000	51	11	11.112	0.089	False
HG03907	16000	400000	1131	10	9.977	0.019	False
HG03908	0	193750	512	10	10.017	0.029	False
HG03908	193750	217250	54	9	9.144	0.084	False
HG03908	217250	400000	616	10	9.984	0.025	False
HG03909	0	20000	66	11	10.951	0.081	False
HG03909	20000	197250	457	10	10.054	0.032	False
HG03909	197250	219000	49	9	8.823	0.094	False
HG03909	219000	400000	610	10	9.989	0.027	False
HG03910	0	400000	1182	10	9.985	0.02	False
HG03911	0	199250	526	10	9.983	0.03	False
HG03911	199250	216250	37	9	8.958	0.11	False
HG03911	216250	400000	619	10	9.972	0.027	False
HG03913	0	16500	53	11	10.905	0.09	False
HG03913	16500	195000	463	10	10.027	0.032	False
HG03913	195000	217750	52	9	8.97	0.091	False
HG03913	217750	400000	614	10	10.008	0.026	False
HG03914	0	14000	43	9	8.698	0.106	False
HG03914	14000	198500	482	10	10.018	0.033	False
HG03914	198500	217250	41	8	7.924	0.108	False
HG03914	217250	292750	216	10	10.028	0.049	False
HG03914	292750	400000	400	9	9.003	0.034	False
HG03915	0	400000	1182	10	9.996	0.022	False
HG03916	0	17000	55	12	11.872	0.093	False
HG03916	17000	198500	470	11	11.015	0.033	False
HG03916	198500	216875	40	8	8.323	0.109	False
HG03916	216875	312250	290	11	11.021	0.041	False
HG03916	312250	400000	327	10	10.043	0.038	False
HG03917	0	197625	524	11	10.989	0.029	False
HG03917	197625	217250	42	9	9.248	0.098	False
HG03917	217250	315750	301	11	10.956	0.037	False
HG03917	315750	400000	315	10	10.063	0.035	False
HG03919	0	198500	525	10	10.009	0.028	False
HG03919	198500	216000	37	9	8.739	0.102	False
HG03919	216000	331750	365	10	9.983	0.033	False
HG03919	331750	400000	255	9	9.067	0.038	False
HG03920	0	16000	51	10	10.038	0.097	False
HG03920	16000	84250	141	9	8.964	0.061	False
HG03920	84250	195500	325	10	10.014	0.04	False
HG03920	195500	216250	46	9	9.084	0.102	False
HG03920	216250	400000	619	10	9.987	0.028	False
HG03922	0	21000	69	9	8.682	0.075	False
HG03922	21000	400000	1113	10	9.991	0.019	False
HG03925	0	16000	51	13	13.495	0.085	True
HG03925	16000	196000	467	11	10.994	0.029	False
HG03925	196000	216000	44	10	9.947	0.091	False
HG03925	216000	360250	478	11	11.065	0.028	False
HG03925	360250	400000	142	10	9.978	0.051	False
HG03926	0	197625	524	10	9.987	0.029	False
HG03926	197625	216875	41	8	8.301	0.099	False
HG03926	216875	400000	617	10	9.948	0.026	False
HG03927	0	24250	78	9	8.849	0.072	False
HG03927	24250	198500	447	10	10.004	0.032	False
HG03927	198500	216875	40	9	9.067	0.101	False
HG03927	216875	400000	617	10	10.006	0.026	False
HG03928	0	14750	46	8	8.383	0.095	True
HG03928	14750	194625	469	10	10.042	0.031	False
HG03928	194625	216875	50	9	8.998	0.091	False
HG03928	216875	400000	617	10	9.972	0.026	False
HG03929	0	197625	524	10	9.987	0.033	False
HG03929	197625	216875	41	8	7.786	0.112	False
HG03929	216875	400000	617	10	9.99	0.029	False
HG03930	0	14250	44	9	9.206	0.098	False
HG03930	14250	400000	1138	10	9.991	0.02	False
HG03931	0	20250	67	9	8.755	0.078	False
HG03931	20250	400000	1115	10	9.993	0.02	False
HG03934	0	198500	525	10	9.987	0.031	False
HG03934	198500	217750	43	8	8.189	0.104	False
HG03934	217750	400000	614	10	9.979	0.028	False
HG03937	0	18500	60	11	11.202	0.09	False
HG03937	18500	198500	465	10	9.985	0.034	False
HG03937	198500	216000	37	8	8.202	0.114	False
HG03937	216000	400000	620	10	9.966	0.028	False
HG03940	0	400000	1182	10	9.984	0.02	False
HG03941	0	18750	61	12	12.008	0.085	False
HG03941	18750	196000	457	11	11.05	0.033	False
HG03941	196000	216875	47	9	9.216	0.097	False
HG03941	216875	315500	301	11	10.899	0.039	False
HG03941	315500	400000	316	10	10.053	0.037	False
HG03942	0	197625	524	11	10.979	0.03	False
HG03942	197625	216875	41	10	10.014	0.104	False
HG03942	216875	316500	305	11	10.868	0.039	False
HG03942	316500	400000	312	10	10.031	0.037	False
HG03943	0	263000	704	11	10.956	0.029	False
HG03943	263000	400000	478	10	10.039	0.033	False
HG03944	0	14500	45	9	9.269	0.099	False
HG03944	14500	198500	480	10	9.967	0.032	False
HG03944	198500	216875	40	9	8.86	0.105	False
HG03944	216875	400000	617	10	10.051	0.027	False
HG03945	0	193750	512	9	8.988	0.029	False
HG03945	193750	216875	53	8	7.872	0.088	False
HG03945	216875	400000	617	9	9.0	0.026	False
HG03947	0	16750	54	8	8.169	0.09	False
HG03947	16750	198500	471	11	11.012	0.032	False
HG03947	198500	216875	40	9	9.14	0.105	False
HG03947	216875	316500	305	11	10.849	0.039	False
HG03947	316500	400000	312	10	10.031	0.037	False
HG03949	0	400000	1182	10	9.983	0.018	False
HG03950	0	21000	69	10	9.701	0.085	False
HG03950	21000	109500	199	11	11.124	0.053	False
HG03950	109500	400000	914	10	9.979	0.024	False
HG03951	0	14250	44	9	8.703	0.113	False
HG03951	14250	400000	1138	10	9.999	0.023	False
HG03953	0	204125	530	10	10.073	0.03	False
HG03953	204125	217750	38	9	9.037	0.108	False
HG03953	217750	400000	614	10	9.989	0.027	False
HG03955	0	400000	1182	10	9.99	0.019	False
HG03960	0	29000	90	10	10.344	0.071	False
HG03960	29000	295500	699	11	10.989	0.027	False
HG03960	295500	400000	393	10	10.047	0.034	False
HG03963	0	8000	19	9	9.12	0.13	False
HG03963	8000	15250	29	8	8.131	0.105	False
HG03963	15250	205250	483	10	10.025	0.027	False
HG03963	205250	216875	34	9	8.774	0.097	False
HG03963	216875	400000	617	10	9.994	0.023	False
HG03965	0	17000	55	9	9.039	0.083	False
HG03965	17000	400000	1127	10	10.021	0.019	False
HG03967	0	16000	51	9	9.155	0.089	False
HG03967	16000	198500	474	10	9.963	0.03	False
HG03967	198500	215750	36	9	8.927	0.106	False
HG03967	215750	400000	621	10	10.02	0.025	False
HG03968	0	400000	1182	10	9.989	0.017	False
HG03969	0	197000	522	10	9.957	0.029	False
HG03969	197000	217250	44	9	8.857	0.096	False
HG03969	217250	400000	616	10	10.017	0.026	False
HG03971	0	198500	525	10	9.99	0.03	False
HG03971	198500	216875	40	8	8.086	0.105	False
HG03971	216875	400000	617	10	10.018	0.027	False
HG03973	0	400000	1182	10	9.995	0.02	False
HG03974	0	400000	1182	10	9.993	0.021	False
HG03976	0	195000	516	10	9.996	0.031	False
HG03976	195000	218250	54	9	8.95	0.092	False
HG03976	218250	400000	612	10	9.97	0.028	False
HG03977	0	16000	51	12	12.223	0.1	False
HG03977	16000	197625	473	11	10.993	0.034	False
HG03977	197625	216875	41	8	7.961	0.111	False
HG03977	216875	315500	301	11	10.919	0.042	False
HG03977	315500	400000	316	10	10.033	0.039	False
HG03978	0	400000	1182	10	10.01	0.021	False
HG03985	0	198500	525	10	9.953	0.03	False
HG03985	198500	217250	41	8	8.128	0.102	False
HG03985	217250	400000	616	10	9.998	0.026	False
HG03986	0	193125	510	10	10.026	0.031	False
HG03986	193125	216500	54	9	9.18	0.09	False
HG03986	216500	400000	618	10	10.013	0.027	False
HG03989	0	16750	54	10	10.301	0.083	False
HG03989	16750	195500	463	11	10.974	0.03	False
HG03989	195500	216875	48	10	10.02	0.088	False
HG03989	216875	263750	142	11	10.942	0.053	False
HG03989	263750	400000	475	10	9.968	0.028	False
HG03990	0	21000	69	9	8.923	0.073	False
HG03990	21000	199250	457	10	10.04	0.03	False
HG03990	199250	217250	40	9	8.992	0.096	False
HG03990	217250	400000	616	10	9.991	0.025	False
HG03991	0	20250	67	9	9.122	0.074	False
HG03991	20250	400000	1115	10	9.99	0.018	False
HG03992	0	400000	1182	10	9.985	0.018	False
HG03995	0	197250	523	10	10.042	0.028	False
HG03995	197250	216875	42	8	8.078	0.093	False
HG03995	216875	400000	617	10	9.99	0.024	False
HG03998	0	14250	44	7	7.709	0.096	True
HG03998	14250	21500	26	9	9.06	0.125	False
HG03998	21500	400000	1112	10	9.988	0.02	False
HG03999	0	13750	42	9	9.471	0.096	True
HG03999	13750	24250	36	11	10.88	0.104	False
HG03999	24250	204125	452	10	9.977	0.031	False
HG03999	204125	217250	36	9	8.866	0.104	False
HG03999	217250	400000	616	10	10.038	0.025	False
HG04001	0	23750	76	11	10.744	0.069	False
HG04001	23750	197625	448	10	10.031	0.03	False
HG04001	197625	216875	41	9	9.129	0.094	False
HG04001	216875	293500	219	10	10.017	0.042	False
HG04001	293500	400000	398	9	8.971	0.03	False
HG04002	0	400000	1182	10	9.994	0.02	False
HG04003	0	23125	75	9	9.044	0.068	False
HG04003	23125	400000	1107	10	10.006	0.018	False
HG04006	0	15250	48	9	9.18	0.086	False
HG04006	15250	197250	475	10	9.944	0.029	False
HG04006	197250	219500	50	9	9.035	0.084	False
HG04006	219500	400000	609	10	10.035	0.024	False
HG04014	0	194000	513	9	8.943	0.027	False
HG04014	194000	216875	52	8	8.231	0.082	False
HG04014	216875	292750	217	9	9.026	0.042	False
HG04014	292750	400000	400	8	7.99	0.029	False
HG04015	0	400000	1182	10	9.978	0.019	False
HG04017	0	7250	16	9	9.237	0.155	False
HG04017	7250	14500	29	8	7.852	0.115	False
HG04017	14500	259875	649	10	9.986	0.025	False
HG04017	259875	266375	23	11	11.206	0.131	False
HG04017	266375	400000	465	10	9.985	0.029	False
HG04018	0	381500	1111	10	9.98	0.018	False
HG04018	381500	393250	44	11	11.233	0.09	False
HG04018	393250	400000	27	10	10.011	0.115	False
HG04019	0	197625	524	10	10.007	0.03	False
HG04019	197625	217500	43	9	9.024	0.101	False
HG04019	217500	400000	615	10	10.004	0.027	False
HG04020	0	16000	51	11	11.08	0.084	False
HG04020	16000	400000	1131	10	9.963	0.018	False
HG04022	0	400000	1182	10	9.99	0.018	False
HG04023	0	29500	91	11	11.01	0.071	False
HG04023	29500	400000	1091	10	10.002	0.021	False
HG04025	0	193750	512	10	9.966	0.03	False
HG04025	193750	216875	53	9	9.004	0.088	False
HG04025	216875	400000	617	10	10.002	0.026	False
HG04026	0	400000	1182	10	9.984	0.02	False
HG04029	0	14500	45	7	7.611	0.094	True
HG04029	14500	400000	1137	10	10.011	0.019	False
HG04033	0	400000	1182	10	10.002	0.017	False
HG04035	0	400000	1182	10	9.988	0.02	False
HG04036	0	263000	704	11	10.992	0.025	False
HG04036	263000	400000	478	10	10.041	0.029	False
HG04038	0	23125	75	9	9.155	0.073	False
HG04038	23125	400000	1107	10	10.007	0.02	False
HG04039	0	20500	68	11	10.733	0.081	False
HG04039	20500	197625	456	10	10.016	0.033	False
HG04039	197625	246750	126	11	10.945	0.061	False
HG04039	246750	400000	532	10	9.989	0.029	False
HG04042	0	197625	524	11	11.066	0.03	False
HG04042	197625	217750	44	10	9.901	0.098	False
HG04042	217750	228500	26	12	11.883	0.127	False
HG04042	228500	400000	588	11	11.024	0.027	False
HG04047	0	195500	517	10	10.011	0.027	False
HG04047	195500	216875	48	8	8.086	0.086	False
HG04047	216875	400000	617	10	9.993	0.024	False
HG04054	0	16250	52	12	12.083	0.086	False
HG04054	16250	198500	473	10	10.01	0.03	False
HG04054	198500	216875	40	8	8.127	0.098	False
HG04054	216875	400000	617	10	9.972	0.025	False
HG04056	0	199250	526	10	9.994	0.03	False
HG04056	199250	216875	39	8	8.28	0.105	False
HG04056	216875	400000	617	10	10.009	0.026	False
HG04059	0	197000	522	10	10.002	0.029	False
HG04059	197000	216000	40	9	8.91	0.102	False
HG04059	216000	400000	620	10	9.972	0.026	False
HG04060	0	21750	71	7	7.219	0.068	False
HG04060	21750	400000	1111	9	8.992	0.018	False
HG04061	0	198500	525	10	9.972	0.028	False
HG04061	198500	216875	40	8	7.991	0.098	False
HG04061	216875	400000	617	10	9.994	0.025	False
HG04062	0	194625	515	10	9.981	0.029	False
HG04062	194625	218000	54	9	8.974	0.086	False
HG04062	218000	400000	613	10	9.992	0.026	False
HG04063	0	17000	55	8	8.055	0.085	False
HG04063	17000	22500	19	9	9.119	0.145	False
HG04063	22500	400000	1108	10	10.003	0.019	False
HG04070	0	190500	504	12	11.964	0.032	False
HG04070	190500	218250	66	11	11.134	0.084	False
HG04070	218250	263250	135	12	11.964	0.061	False
HG04070	263250	400000	477	10	10.029	0.031	False
HG04075	0	195500	517	10	9.999	0.028	False
HG04075	195500	217250	49	9	9.073	0.088	False
HG04075	217250	400000	616	10	10.018	0.025	False
HG04076	0	198500	525	10	9.997	0.03	False
HG04076	198500	217250	41	8	8.117	0.103	False
HG04076	217250	400000	616	10	9.98	0.027	False
HG04080	0	400000	1182	10	10.016	0.019	False
HG04090	0	400000	1182	10	9.983	0.019	False
HG04093	0	14750	46	7	6.823	0.087	False
HG04093	14750	21500	24	8	8.051	0.121	False
HG04093	21500	198500	455	9	8.974	0.029	False
HG04093	198500	216875	40	8	7.98	0.094	False
HG04093	216875	400000	617	9	8.976	0.024	False
HG04094	0	198500	525	10	9.957	0.031	False
HG04094	198500	216875	40	8	8.045	0.109	False
HG04094	216875	400000	617	10	9.988	0.028	False
HG04096	0	197250	523	10	9.968	0.029	False
HG04096	197250	218500	48	9	9.174	0.091	False
HG04096	218500	400000	611	10	10.011	0.026	False
HG04098	0	14250	44	8	8.442	0.099	True
HG04098	14250	190250	459	10	10.031	0.032	False
HG04098	190250	216250	60	9	8.977	0.085	False
HG04098	216250	400000	619	10	10.006	0.027	False
HG04099	0	16750	54	11	11.08	0.091	False
HG04099	16750	400000	1128	10	9.993	0.02	False
HG04100	0	15750	50	12	12.324	0.077	False
HG04100	15750	198500	475	10	9.928	0.026	False
HG04100	198500	216875	40	8	7.987	0.086	False
HG04100	216875	400000	617	10	10.013	0.022	False
HG04106	0	14750	46	9	9.273	0.088	False
HG04106	14750	400000	1136	10	10.004	0.018	False
HG04107	0	199250	526	10	9.982	0.032	False
HG04107	199250	216875	39	8	8.104	0.112	False
HG04107	216875	400000	617	10	9.978	0.028	False
HG04115	0	8250	20	9	9.03	0.142	False
HG04115	8250	189000	478	10	10.076	0.03	False
HG04115	189000	216875	67	9	9.184	0.078	False
HG04115	216875	392250	586	10	9.964	0.026	False
HG04115	392250	400000	31	11	11.607	0.113	True
HG04118	0	400000	1182	10	10.014	0.019	False
HG04122	0	196250	519	10	9.981	0.032	False
HG04122	196250	216875	46	9	8.913	0.103	False
HG04122	216875	400000	617	10	10.006	0.028	False
HG04127	0	263000	704	11	11.002	0.026	False
HG04127	263000	400000	478	10	9.998	0.03	False
HG04131	0	400000	1182	10	9.994	0.017	False
HG04132	0	400000	1182	10	9.995	0.019	False
HG04133	0	400000	1182	10	10.014	0.019	False
HG04134	0	400000	1182	10	9.975	0.019	False
HG04135	0	14250	44	8	8.605	0.095	True
HG04135	14250	196500	476	10	9.934	0.03	False
HG04135	196500	222875	61	9	9.154	0.081	False
HG04135	222875	400000	601	10	10.024	0.026	False
HG04136	0	400000	1182	10	9.983	0.02	False
HG04140	0	16750	54	11	11.016	0.089	False
HG04140	16750	203250	475	10	9.957	0.032	False
HG04140	203250	217250	37	9	8.87	0.108	False
HG04140	217250	400000	616	10	10.006	0.026	False
HG04141	0	198500	525	10	10.033	0.027	False
HG04141	198500	217250	41	9	8.835	0.091	False
HG04141	217250	400000	616	10	9.998	0.024	False
HG04142	0	400000	1182	10	9.979	0.021	False
HG04144	0	198500	525	10	10.046	0.03	False
HG04144	198500	216875	40	8	8.106	0.104	False
HG04144	216875	400000	617	10	9.986	0.027	False
HG04146	0	194250	514	10	9.996	0.032	False
HG04146	194250	217250	52	9	8.996	0.095	False
HG04146	217250	400000	616	10	9.992	0.028	False
HG04147	0	14500	45	7	7.782	0.102	True
HG04147	14500	198500	480	10	9.943	0.033	False
HG04147	198500	216875	40	7	7.346	0.109	False
HG04147	216875	331750	362	10	9.984	0.037	False
HG04147	331750	400000	255	9	9.047	0.042	False
HG04148	0	16500	53	9	9.314	0.089	False
HG04148	16500	196000	465	10	9.968	0.032	False
HG04148	196000	216000	44	9	9.048	0.098	False
HG04148	216000	331750	365	10	9.91	0.035	False
HG04148	331750	400000	255	9	9.12	0.04	False
HG04149	0	14250	44	9	9.342	0.098	False
HG04149	14250	197000	478	10	10.022	0.031	False
HG04149	197000	216500	42	9	9.068	0.101	False
HG04149	216500	400000	618	10	9.964	0.026	False
HG04150	0	400000	1182	11	10.991	0.02	False
HG04151	0	196750	521	11	11.006	0.033	False
HG04151	196750	216875	44	9	9.224	0.107	False
HG04151	216875	400000	617	11	10.987	0.029	False
HG04152	0	198500	525	10	9.985	0.028	False
HG04152	198500	216875	40	8	8.189	0.096	False
HG04152	216875	400000	617	10	10.001	0.024	False
HG04153	0	22500	74	9	9.069	0.065	False
HG04153	22500	400000	1108	10	10.001	0.017	False
HG04155	0	23125	75	9	9.046	0.072	False
HG04155	23125	400000	1107	10	9.984	0.019	False
HG04156	0	16000	51	9	9.17	0.087	False
HG04156	16000	400000	1131	10	9.996	0.019	False
HG04157	0	24000	77	9	8.878	0.072	False
HG04157	24000	400000	1105	10	10.033	0.019	False
HG04158	0	197625	524	10	9.982	0.029	False
HG04158	197625	216000	38	9	8.978	0.102	False
HG04158	216000	400000	620	10	10.031	0.025	False
HG04159	0	21000	69	11	10.782	0.072	False
HG04159	21000	400000	1113	10	10.018	0.018	False
HG04160	0	400000	1182	10	10.008	0.02	False
HG04161	0	198500	525	10	9.984	0.029	False
HG04161	198500	216875	40	8	8.072	0.1	False
HG04161	216875	400000	617	10	10.031	0.026	False
HG04162	0	400000	1182	10	10.018	0.019	False
HG04164	0	17625	57	11	11.041	0.078	False
HG04164	17625	400000	1125	10	10.01	0.018	False
HG04171	0	197625	524	10	10.006	0.027	False
HG04171	197625	216000	38	8	8.277	0.097	False
HG04171	216000	400000	620	10	9.952	0.024	False
HG04173	0	400000	1182	10	9.993	0.019	False
HG04174	0	197250	523	10	10.023	0.03	False
HG04174	197250	216500	41	9	9.115	0.102	False
HG04174	216500	400000	618	10	9.996	0.026	False
HG04175	0	400000	1182	10	10.017	0.018	False
HG04176	0	400000	1182	10	10.002	0.021	False
HG04177	0	17625	57	9	9.149	0.086	False
HG04177	17625	186625	434	10	9.972	0.032	False
HG04177	186625	216875	74	9	9.223	0.077	False
HG04177	216875	400000	617	10	9.977	0.026	False
HG04180	0	16000	51	12	11.693	0.093	False
HG04180	16000	400000	1131	10	10.028	0.02	False
HG04182	0	400000	1182	10	9.988	0.019	False
HG04183	0	12000	35	7	7.809	0.092	True
HG04183	12000	21500	35	8	8.101	0.092	False
HG04183	21500	29500	21	9	9.037	0.119	False
HG04183	29500	400000	1091	10	9.99	0.017	False
HG04184	0	8000	19	9	9.016	0.144	False
HG04184	8000	21000	50	8	8.051	0.089	False
HG04184	21000	28000	20	9	8.91	0.141	False
HG04184	28000	400000	1093	10	10.008	0.019	False
HG04185	0	400000	1182	10	9.994	0.021	False
HG04186	0	400000	1182	10	9.981	0.02	False
HG04187	0	196000	518	10	9.973	0.033	False
HG04187	196000	216875	47	9	8.996	0.104	False
HG04187	216875	400000	617	10	10.02	0.029	False
HG04188	0	15750	50	12	12.161	0.095	False
HG04188	15750	198500	475	10	9.938	0.032	False
HG04188	198500	216875	40	7	6.79	0.106	False
HG04188	216875	400000	617	10	10.026	0.027	False
HG04189	0	15500	49	9	9.243	0.087	False
HG04189	15500	400000	1133	10	9.947	0.018	False
HG04191	0	16750	54	9	9.245	0.091	False
HG04191	16750	194625	461	10	9.946	0.033	False
HG04191	194625	216875	50	9	9.145	0.094	False
HG04191	216875	400000	617	10	9.975	0.027	False
HG04192	0	197000	522	10	10.022	0.03	False
HG04192	197000	216875	43	9	9.07	0.101	False
HG04192	216875	400000	617	10	9.997	0.027	False
HG04193	0	198500	525	10	9.986	0.031	False
HG04193	198500	216500	39	8	8.129	0.108	False
HG04193	216500	400000	618	10	10.017	0.027	False
HG04194	0	14750	46	8	8.306	0.096	False
HG04194	14750	400000	1136	10	9.978	0.02	False
HG04195	0	84250	192	9	9.073	0.048	False
HG04195	84250	400000	990	10	9.977	0.021	False
HG04198	0	195500	517	10	9.998	0.026	False
HG04198	195500	218000	52	9	9.175	0.078	False
HG04198	218000	400000	613	10	10.016	0.023	False
HG04199	0	16250	52	12	12.193	0.086	False
HG04199	16250	191125	454	10	9.995	0.031	False
HG04199	191125	216875	59	9	9.188	0.081	False
HG04199	216875	400000	617	10	9.999	0.025	False
HG04200	0	192125	508	10	10.018	0.028	False
HG04200	192125	216250	55	9	9.091	0.082	False
HG04200	216250	400000	619	10	10.021	0.024	False
HG04202	0	400000	1182	9	8.985	0.018	False
HG04204	0	20000	66	9	9.21	0.079	False
HG04204	20000	197000	456	10	10.012	0.032	False
HG04204	197000	217250	44	9	8.798	0.097	False
HG04204	217250	400000	616	10	10.004	0.026	False
HG04206	0	400000	1182	10	9.998	0.018	False
HG04209	0	16500	53	12	12.125	0.093	False
HG04209	16500	292750	729	10	9.911	0.026	False
HG04209	292750	400000	400	9	9.063	0.033	False
HG04210	0	16000	51	11	11.156	0.087	False
HG04210	16000	197250	472	10	9.93	0.03	False
HG04210	197250	216875	42	9	9.035	0.095	False
HG04210	216875	400000	617	10	9.988	0.025	False
HG04211	0	400000	1182	10	9.99	0.02	False
HG04212	0	14750	46	8	8.401	0.086	True
HG04212	14750	400000	1136	10	9.975	0.018	False
HG04214	0	400000	1182	10	9.98	0.018	False
HG04215	0	198500	525	10	10.004	0.03	False
HG04215	198500	216875	40	9	8.857	0.104	False
HG04215	216875	400000	617	10	10.029	0.027	False
HG04216	0	16500	53	11	11.041	0.093	False
HG04216	16500	194625	462	10	9.974	0.033	False
HG04216	194625	217250	51	9	9.103	0.095	False
HG04216	217250	400000	616	10	10.001	0.027	False
HG04217	0	400000	1182	10	10.016	0.019	False
HG04219	0	206375	533	10	10.009	0.03	False
HG04219	206375	217500	34	9	8.918	0.115	False
HG04219	217500	400000	615	10	10.04	0.027	False
HG04222	0	21000	69	9	8.729	0.071	False
HG04222	21000	400000	1113	10	10.019	0.018	False
HG04225	0	16000	51	12	12.017	0.08	False
HG04225	16000	198500	474	10	9.965	0.028	False
HG04225	198500	216875	40	8	8.169	0.09	False
HG04225	216875	400000	617	10	9.979	0.023	False
HG04227	0	400000	1182	10	9.993	0.02	False
HG04228	0	400000	1182	10	10.022	0.019	False
HG04229	0	263000	704	11	10.972	0.025	False
HG04229	263000	400000	478	10	10.037	0.03	False
HG04235	0	22500	74	9	8.745	0.08	False
HG04235	22500	400000	1108	10	10.006	0.021	False
HG04238	0	197250	523	10	9.981	0.029	False
HG04238	197250	217250	43	9	8.948	0.097	False
HG04238	217250	400000	616	10	9.998	0.026	False
HG04239	0	15000	47	8	8.332	0.098	False
HG04239	15000	400000	1135	10	9.991	0.02	False
NA06984	0	400000	1182	10	9.995	0.019	False
NA06985	0	400000	1182	10	10.006	0.019	False
NA06986	0	400000	1182	10	10.017	0.019	False
NA06989	0	18000	58	12	11.95	0.092	False
NA06989	18000	400000	1124	10	10.004	0.021	False
NA06991	0	400000	1182	10	10.005	0.022	False
NA06993	0	22000	72	9	9.077	0.076	False
NA06993	22000	400000	1110	10	10.0	0.02	False
NA06994	0	400000	1182	10	10.009	0.019	False
NA06995	0	400000	1182	10	10.02	0.02	False
NA06997	0	193500	511	9	9.074	0.028	False
NA06997	193500	216500	53	8	8.023	0.082	False
NA06997	216500	400000	618	9	8.942	0.024	False
NA07000	0	23125	75	9	9.116	0.072	False
NA07000	23125	400000	1107	10	9.985	0.019	False
NA07014	0	400000	1182	10	9.98	0.019	False
NA07019	0	14250	44	8	8.917	0.101	True
NA07019	14250	400000	1138	10	10.014	0.02	False
NA07022	0	16500	53	9	9.244	0.092	False
NA07022	16500	197625	471	10	9.983	0.032	False
NA07022	197625	216875	41	8	8.226	0.104	False
NA07022	216875	400000	617	10	10.006	0.027	False
NA07029	0	23125	75	9	8.899	0.077	False
NA07029	23125	195000	441	10	10.055	0.033	False
NA07029	195000	216875	49	9	9.106	0.095	False
NA07029	216875	400000	617	10	9.98	0.027	False
NA07031	0	21500	70	9	8.669	0.08	False
NA07031	21500	400000	1112	10	10.018	0.021	False
NA07034	0	23750	76	9	8.945	0.077	False
NA07034	23750	133000	267	10	9.978	0.043	False
NA07034	133000	138250	21	8	8.19	0.151	False
NA07034	138250	400000	818	10	9.984	0.024	False
NA07037	0	400000	1182	10	9.981	0.019	False
NA07045	0	11250	32	9	8.9	0.106	False
NA07045	11250	25250	50	8	8.174	0.085	False
NA07045	25250	400000	1100	9	9.002	0.018	False
NA07048	0	131500	337	10	9.977	0.036	False
NA07048	131500	138000	26	9	8.532	0.126	True
NA07048	138000	197000	159	10	10.063	0.053	False
NA07048	197000	227375	68	9	8.871	0.076	False
NA07048	227375	400000	592	10	9.999	0.026	False
NA07051	0	400000	1182	10	9.981	0.021	False
NA07055	0	10750	30	12	11.775	0.125	False
NA07055	10750	197625	494	10	9.983	0.032	False
NA07055	197625	216875	41	8	8.174	0.107	False
NA07055	216875	400000	617	10	9.983	0.028	False
NA07056	0	400000	1182	10	10.007	0.02	False
NA07345	0	16750	54	13	12.984	0.091	False
NA07345	16750	133000	289	10	9.927	0.041	False
NA07345	133000	138250	21	8	8.112	0.15	False
NA07345	138250	198500	161	10	9.999	0.056	False
NA07345	198500	216875	40	8	8.429	0.106	True
NA07345	216875	400000	617	10	10.009	0.027	False
NA07346	0	23125	75	9	9.036	0.074	False
NA07346	23125	129000	252	10	10.058	0.042	False
NA07346	129000	140250	45	9	9.056	0.097	False
NA07346	140250	196500	148	10	9.901	0.056	False
NA07346	196500	216875	45	8	7.934	0.095	False
NA07346	216875	227375	25	9	9.14	0.128	False
NA07346	227375	400000	592	10	10.026	0.026	False
NA07347	0	21750	71	8	8.119	0.074	False
NA07347	21750	400000	1111	10	9.972	0.019	False
NA07348	0	16250	52	11	11.312	0.1	False
NA07348	16250	133000	291	10	9.976	0.044	False
NA07348	133000	138250	21	8	8.238	0.163	False
NA07348	138250	198500	161	10	9.933	0.06	False
NA07348	198500	216875	40	8	8.299	0.114	False
NA07348	216875	400000	617	10	10.027	0.029	False
NA07349	0	22250	73	8	8.12	0.081	False
NA07349	22250	400000	1109	10	9.961	0.021	False
NA07357	0	22250	73	9	9.036	0.08	False
NA07357	22250	400000	1109	10	10.009	0.021	False
NA07435	0	400000	1182	10	9.988	0.02	False
NA10830	0	197000	522	10	10.002	0.033	False
NA10830	197000	216875	43	9	9.048	0.109	False
NA10830	216875	400000	617	10	10.032	0.029	False
NA10831	0	7500	17	10	9.951	0.157	False
NA10831	7500	22500	57	9	8.961	0.086	False
NA10831	22500	194625	441	10	9.994	0.032	False
NA10831	194625	216875	50	9	9.067	0.091	False
NA10831	216875	400000	617	10	9.966	0.026	False
NA10835	0	400000	1182	10	9.981	0.021	False
NA10836	0	198500	525	11	11.044	0.031	False
NA10836	198500	216875	40	9	9.115	0.108	False
NA10836	216875	318500	313	11	10.878	0.039	False
NA10836	318500	400000	304	10	10.017	0.039	False
NA10837	0	400000	1182	10	9.995	0.019	False
NA10838	0	369250	1064	10	10.018	0.02	False
NA10838	369250	400000	118	9	8.944	0.057	False
NA10839	0	197625	524	10	10.003	0.027	False
NA10839	197625	216875	41	8	8.034	0.093	False
NA10839	216875	400000	617	10	10.004	0.024	False
NA10840	0	133000	343	10	9.983	0.037	False
NA10840	133000	137750	19	8	8.04	0.155	False
NA10840	137750	196000	156	10	10.146	0.056	False
NA10840	196000	216875	47	9	9.133	0.096	False
NA10840	216875	400000	617	10	9.97	0.027	False
NA10842	0	21750	71	9	8.984	0.075	False
NA10842	21750	400000	1111	10	9.994	0.019	False
NA10843	0	15250	48	11	10.855	0.092	False
NA10843	15250	400000	1134	10	9.986	0.019	False
NA10845	0	196500	520	10	9.981	0.029	False
NA10845	196500	216875	45	9	9.046	0.095	False
NA10845	216875	400000	617	10	9.945	0.026	False
NA10846	0	400000	1182	10	9.981	0.02	False
NA10847	0	400000	1182	10	10.02	0.02	False
NA10851	0	15750	50	11	11.016	0.097	False
NA10851	15750	199250	476	10	10.008	0.033	False
NA10851	199250	227375	64	9	8.991	0.086	False
NA10851	227375	400000	592	10	10.005	0.028	False
NA10852	0	20250	67	9	8.932	0.077	False
NA10852	20250	400000	1115	10	10.026	0.019	False
NA10854	0	24000	77	9	8.993	0.071	False
NA10854	24000	400000	1105	10	9.972	0.019	False
NA10855	0	400000	1182	10	9.999	0.019	False
NA10856	0	400000	1182	10	10.013	0.02	False
NA10857	0	14250	44	8	8.419	0.095	True
NA10857	14250	21750	27	9	9.292	0.121	False
NA10857	21750	28000	18	11	10.961	0.149	False
NA10857	28000	400000	1093	10	9.995	0.019	False
NA10859	0	23125	75	10	10.061	0.078	False
NA10859	23125	198500	450	11	11.028	0.033	False
NA10859	198500	216875	40	7	7.319	0.107	False
NA10859	216875	316500	305	11	10.866	0.039	False
NA10859	316500	400000	312	10	10.042	0.038	False
NA10860	0	400000	1182	10	9.961	0.02	False
NA10861	0	400000	1182	10	10.001	0.022	False
NA10863	0	21500	70	7	7.453	0.08	True
NA10863	21500	400000	1112	10	9.941	0.021	False
NA10864	0	342500	969	10	9.993	0.02	False
NA10864	342500	400000	213	11	11.051	0.042	False
NA10865	0	18750	61	9	9.133	0.085	False
NA10865	18750	400000	1121	10	9.998	0.02	False
NA11829	0	400000	1182	10	10.003	0.017	False
NA11830	0	21500	70	9	9.235	0.078	False
NA11830	21500	400000	1112	10	10.006	0.02	False
NA11831	0	24250	78	9	9.125	0.068	False
NA11831	24250	400000	1104	10	9.98	0.019	False
NA11832	0	132750	342	10	10.002	0.035	False
NA11832	132750	138250	22	8	8.111	0.136	False
NA11832	138250	197625	160	10	9.931	0.052	False
NA11832	197625	218000	45	9	8.879	0.093	False
NA11832	218000	400000	613	10	9.976	0.025	False
NA11839	0	391500	1148	10	9.99	0.02	False
NA11839	391500	400000	34	11	10.875	0.111	False
NA11840	0	23125	75	8	8.348	0.077	False
NA11840	23125	400000	1107	10	10.0	0.02	False
NA11843	0	20250	67	9	9.142	0.081	False
NA11843	20250	400000	1115	10	9.992	0.02	False
NA11881	0	198500	525	12	11.985	0.032	False
NA11881	198500	216875	40	7	6.979	0.111	False
NA11881	216875	316250	304	12	11.882	0.041	False
NA11881	316250	400000	313	10	10.11	0.039	False
NA11882	0	23125	75	10	10.103	0.08	False
NA11882	23125	180250	394	11	10.909	0.037	False
NA11882	180250	400000	713	10	9.983	0.026	False
NA11891	0	10000	27	9	8.858	0.117	False
NA11891	10000	15750	23	8	7.873	0.127	False
NA11891	15750	198500	475	9	9.065	0.029	False
NA11891	198500	216875	40	7	7.087	0.096	False
NA11891	216875	304500	259	9	8.81	0.039	False
NA11891	304500	400000	358	7	7.093	0.032	False
NA11892	0	21500	70	9	8.678	0.144	False
NA11892	21500	400000	1112	10	10.033	0.037	False
NA11893	0	342750	970	10	10.014	0.021	False
NA11893	342750	400000	212	11	10.882	0.044	False
NA11894	0	18000	58	11	11.006	0.085	False
NA11894	18000	197625	466	10	10.074	0.032	False
NA11894	197625	216000	38	9	9.214	0.105	False
NA11894	216000	400000	620	10	10.001	0.026	False
NA11917	0	400000	1182	10	9.976	0.02	False
NA11918	0	22500	74	9	8.838	0.081	False
NA11918	22500	400000	1108	10	9.981	0.021	False
NA11919	0	17250	56	11	11.102	0.088	False
NA11919	17250	400000	1126	10	10.02	0.02	False
NA11920	0	400000	1182	10	9.985	0.02	False
NA11930	0	196500	520	9	8.958	0.028	False
NA11930	196500	218250	50	8	7.986	0.087	False
NA11930	218250	400000	612	9	9.024	0.025	False
NA11931	0	23125	75	9	9.152	0.098	False
NA11931	23125	400000	1107	10	10.006	0.026	False
NA11932	0	400000	1182	10	9.996	0.019	False
NA11933	0	17000	55	11	11.168	0.084	False
NA11933	17000	400000	1127	10	9.993	0.019	False
NA11992	0	13750	42	11	11.09	0.107	False
NA11992	13750	195500	475	10	10.024	0.033	False
NA11992	195500	216875	48	9	8.931	0.1	False
NA11992	216875	400000	617	10	9.983	0.028	False
NA11993	0	400000	1182	10	9.957	0.021	False
NA11994	0	400000	1182	10	10.013	0.019	False
NA11995	0	23125	75	9	9.14	0.076	False
NA11995	23125	400000	1107	10	9.996	0.02	False
NA12003	0	369750	1066	10	10.023	0.02	False
NA12003	369750	400000	116	9	8.99	0.059	False
NA12004	0	165500	429	10	10.02	0.032	False
NA12004	165500	185000	59	11	11.02	0.084	False
NA12004	185000	197625	36	10	9.852	0.113	False
NA12004	197625	214000	31	11	11.206	0.113	False
NA12004	214000	400000	627	10	10.031	0.025	False
NA12005	0	16000	51	11	11.068	0.096	False
NA12005	16000	400000	1131	10	9.99	0.021	False
NA12006	0	22250	73	9	9.098	0.083	False
NA12006	22250	199250	453	10	9.989	0.035	False
NA12006	199250	216875	39	8	7.983	0.113	False
NA12006	216875	400000	617	10	9.985	0.028	False
NA12043	0	17625	57	9	8.915	0.076	False
NA12043	17625	400000	1125	10	10.028	0.017	False
NA12044	0	21500	70	10	10.03	0.075	False
NA12044	21500	28000	19	11	11.322	0.143	False
NA12044	28000	400000	1093	10	9.994	0.019	False
NA12045	0	400000	1182	10	9.978	0.019	False
NA12046	0	400000	1182	10	10.008	0.019	False
NA12056	0	17000	55	11	10.903	0.091	False
NA12056	17000	400000	1127	10	10.031	0.021	False
NA12057	0	23125	75	9	9.014	0.075	False
NA12057	23125	199750	452	10	10.003	0.032	False
NA12057	199750	227375	63	9	8.962	0.082	False
NA12057	227375	400000	592	10	9.964	0.027	False
NA12058	0	195000	516	11	10.973	0.035	False
NA12058	195000	216250	47	9	9.359	0.111	True
NA12058	216250	318250	314	11	10.968	0.044	False
NA12058	318250	400000	305	10	9.95	0.043	False
NA12144	0	22500	74	9	9.086	0.084	False
NA12144	22500	400000	1108	10	9.96	0.022	False
NA12145	0	195500	517	10	10.042	0.031	False
NA12145	195500	227375	73	9	9.192	0.079	False
NA12145	227375	400000	592	10	9.981	0.028	False
NA12146	0	400000	1182	10	10.001	0.019	False
NA12154	0	17625	57	11	10.948	0.095	False
NA12154	17625	400000	1125	10	10.002	0.022	False
NA12155	0	21750	71	9	9.044	0.076	False
NA12155	21750	196000	447	10	10.056	0.032	False
NA12155	196000	227375	72	9	9.006	0.076	False
NA12155	227375	400000	592	10	10.004	0.026	False
NA12156	0	400000	1182	10	9.994	0.018	False
NA12234	0	21500	70	7	7.164	0.081	False
NA12234	21500	400000	1112	10	9.967	0.021	False
NA12236	0	196750	521	10	9.996	0.028	False
NA12236	196750	215250	38	9	8.93	0.1	False
NA12236	215250	400000	623	10	9.971	0.025	False
NA12239	0	18250	59	11	10.752	0.083	False
NA12239	18250	197625	465	10	10.056	0.031	False
NA12239	197625	216875	41	8	7.972	0.1	False
NA12239	216875	400000	617	10	10.006	0.026	False
NA12248	0	400000	1182	11	10.977	0.02	False
NA12249	0	400000	1182	10	9.967	0.018	False
NA12264	0	196000	518	10	9.998	0.03	False
NA12264	196000	227375	72	9	9.218	0.077	False
NA12264	227375	400000	592	10	9.965	0.027	False
NA12272	0	17250	56	11	10.849	0.087	False
NA12272	17250	198500	469	10	10.015	0.031	False
NA12272	198500	216875	40	8	8.118	0.103	False
NA12272	216875	400000	617	10	10.018	0.026	False
NA12273	0	400000	1182	10	9.982	0.018	False
NA12274	0	12000	35	12	12.153	0.121	False
NA12274	12000	23750	41	10	10.18	0.112	False
NA12274	23750	197625	448	11	11.03	0.035	False
NA12274	197625	216875	41	9	9.094	0.112	False
NA12274	216875	316750	306	11	10.881	0.042	False
NA12274	316750	400000	311	10	10.076	0.04	False
NA12275	0	400000	1182	10	10.015	0.021	False
NA12282	0	400000	1182	10	9.98	0.02	False
NA12283	0	19000	62	9	9.149	0.073	False
NA12283	19000	400000	1120	10	9.993	0.018	False
NA12286	0	21000	69	8	8.243	0.081	False
NA12286	21000	133000	274	10	10.051	0.043	False
NA12286	133000	137250	17	8	8.096	0.164	False
NA12286	137250	400000	822	10	9.993	0.024	False
NA12287	0	400000	1182	11	10.992	0.019	False
NA12329	0	19750	65	11	11.021	0.082	False
NA12329	19750	400000	1117	10	10.011	0.02	False
NA12335	0	400000	1182	10	10.016	0.019	False
NA12336	0	400000	1182	10	10.007	0.019	False
NA12340	0	400000	1182	10	9.988	0.021	False
NA12341	0	400000	1182	10	9.987	0.018	False
NA12342	0	400000	1182	10	9.996	0.018	False
NA12343	0	400000	1182	10	9.975	0.018	False
NA12344	0	23125	75	9	9.022	0.086	False
NA12344	23125	400000	1107	10	9.984	0.023	False
NA12347	0	400000	1182	10	9.995	0.019	False
NA12348	0	194000	513	10	10.004	0.03	False
NA12348	194000	229500	85	9	9.091	0.07	False
NA12348	229500	400000	584	10	9.985	0.027	False
NA12376	0	400000	1182	10	10.024	0.019	False
NA12383	0	198500	525	10	10.006	0.031	False
NA12383	198500	216875	40	8	8.157	0.108	False
NA12383	216875	400000	617	10	10.036	0.028	False
NA12386	0	198500	525	10	10.025	0.03	False
NA12386	198500	216875	40	8	7.878	0.103	False
NA12386	216875	400000	617	10	10.008	0.026	False
NA12399	0	23125	75	11	10.919	0.078	False
NA12399	23125	199250	451	12	11.993	0.033	False
NA12399	199250	216875	39	11	11.039	0.108	False
NA12399	216875	400000	617	12	11.974	0.027	False
NA12400	0	400000	1182	10	9.993	0.018	False
NA12413	0	199250	526	10	10.006	0.032	False
NA12413	199250	216875	39	9	9.015	0.112	False
NA12413	216875	400000	617	10	9.991	0.028	False
NA12414	0	400000	1182	10	9.986	0.02	False
NA12485	0	400000	1182	10	9.977	0.019	False
NA12489	0	20250	67	11	10.973	0.083	False
NA12489	20250	400000	1115	10	10.014	0.021	False
NA12546	0	16750	54	13	12.996	0.09	False
NA12546	16750	198500	471	11	10.988	0.032	False
NA12546	198500	216875	40	9	9.159	0.105	False
NA12546	216875	315750	302	11	11.041	0.039	False
NA12546	315750	400000	315	10	9.965	0.037	False
NA12707	0	23750	76	9	9.231	0.076	False
NA12707	23750	400000	1106	10	9.995	0.02	False
NA12716	0	400000	1182	10	10.024	0.019	False
NA12717	0	21750	71	9	9.005	0.077	False
NA12717	21750	256750	613	10	9.928	0.027	False
NA12717	256750	400000	498	9	9.047	0.029	False
NA12718	0	14250	44	9	8.977	0.096	False
NA12718	14250	133000	299	10	10.044	0.039	False
NA12718	133000	138250	21	8	8.152	0.144	False
NA12718	138250	400000	818	10	9.95	0.023	False
NA12739	0	400000	1182	10	10.004	0.017	False
NA12740	0	271750	726	10	9.985	0.024	False
NA12740	271750	325500	178	9	8.894	0.046	False
NA12740	325500	400000	278	10	10.062	0.036	False
NA12748	0	400000	1182	10	9.977	0.019	False
NA12749	0	16000	51	11	11.11	0.091	False
NA12749	16000	400000	1131	10	10.009	0.02	False
NA12750	0	400000	1182	10	10.005	0.02	False
NA12751	0	11500	33	10	10.125	0.099	False
NA12751	11500	17000	22	9	8.847	0.121	False
NA12751	17000	134000	292	10	10.025	0.035	False
NA12751	134000	138000	16	9	8.796	0.147	False
NA12751	138000	193125	147	10	10.014	0.05	False
NA12751	193125	229000	86	9	9.268	0.061	False
NA12751	229000	271750	130	10	9.895	0.052	False
NA12751	271750	325000	176	9	8.941	0.043	False
NA12751	325000	400000	280	10	10.074	0.033	False
NA12752	0	400000	1182	10	9.988	0.02	False
NA12753	0	16750	54	9	9.086	0.092	False
NA12753	16750	195500	463	10	10.029	0.033	False
NA12753	195500	227375	73	9	8.789	0.08	False
NA12753	227375	400000	592	10	10.014	0.028	False
NA12760	0	18750	61	11	11.062	0.083	False
NA12760	18750	400000	1121	10	9.998	0.02	False
NA12761	0	24000	77	9	9.137	0.08	False
NA12761	24000	400000	1105	10	10.016	0.022	False
NA12762	0	196250	519	10	9.998	0.027	False
NA12762	196250	216875	46	9	9.216	0.088	False
NA12762	216875	400000	617	10	9.952	0.024	False
NA12763	0	195500	517	10	10.01	0.028	False
NA12763	195500	227375	73	9	9.045	0.071	False
NA12763	227375	400000	592	10	10.012	0.025	False
NA12766	0	14500	45	8	8.277	0.09	False
NA12766	14500	30000	47	9	9.102	0.088	False
NA12766	30000	400000	1090	10	9.992	0.019	False
NA12767	0	17625	57	11	10.817	0.088	False
NA12767	17625	400000	1125	10	10.032	0.02	False
NA12775	0	23125	75	9	9.011	0.077	False
NA12775	23125	400000	1107	10	9.978	0.02	False
NA12776	0	14500	45	9	8.956	0.102	False
NA12776	14500	400000	1137	10	9.985	0.021	False
NA12777	0	400000	1182	10	10.009	0.02	False
NA12778	0	400000	1182	10	9.994	0.02	False
NA12801	0	11250	32	8	7.988	0.106	False
NA12801	11250	24000	45	7	6.986	0.089	False
NA12801	24000	400000	1105	8	7.993	0.018	False
NA12802	0	400000	1182	10	9.988	0.02	False
NA12812	0	196250	519	9	8.977	0.027	False
NA12812	196250	228000	73	8	8.281	0.069	False
NA12812	228000	400000	590	9	9.01	0.024	False
NA12813	0	11250	32	8	8.042	0.088	False
NA12813	11250	16250	20	7	7.122	0.111	False
NA12813	16250	400000	1130	9	8.996	0.015	False
NA12814	0	16750	54	11	10.874	0.087	False
NA12814	16750	400000	1128	10	9.995	0.02	False
NA12815	0	20000	66	11	10.975	0.081	False
NA12815	20000	28000	23	9	8.981	0.137	False
NA12815	28000	203250	440	10	10.016	0.033	False
NA12815	203250	215250	30	9	9.022	0.12	False
NA12815	215250	400000	623	10	9.983	0.026	False
NA12817	0	16000	51	10	10.05	0.088	False
NA12817	16000	26000	34	9	9.03	0.108	False
NA12817	26000	197625	439	10	10.007	0.032	False
NA12817	197625	218000	45	9	8.887	0.094	False
NA12817	218000	400000	613	10	10.01	0.026	False
NA12818	0	197625	524	10	10.034	0.028	False
NA12818	197625	216875	41	8	8.095	0.097	False
NA12818	216875	400000	617	10	9.971	0.025	False
NA12827	0	400000	1182	10	10.012	0.017	False
NA12828	0	24000	77	9	8.808	0.079	False
NA12828	24000	400000	1105	10	9.998	0.021	False
NA12829	0	197625	524	10	9.977	0.024	False
NA12829	197625	227375	66	9	9.278	0.064	False
NA12829	227375	400000	592	10	10.02	0.022	False
NA12830	0	196750	521	10	9.985	0.031	False
NA12830	196750	216875	44	8	8.01	0.102	False
NA12830	216875	400000	617	10	10.001	0.027	False
NA12832	0	400000	1182	10	9.985	0.019	False
NA12842	0	198500	525	10	9.957	0.029	False
NA12842	198500	216875	40	8	8.235	0.099	False
NA12842	216875	400000	617	10	9.924	0.025	False
NA12843	0	23125	75	9	9.233	0.079	False
NA12843	23125	400000	1107	10	9.983	0.021	False
NA12864	0	400000	1182	10	10.018	0.02	False
NA12865	0	20250	67	9	9.107	0.073	False
NA12865	20250	400000	1115	10	9.988	0.018	False
NA12872	0	24000	77	9	9.152	0.066	False
NA12872	24000	400000	1105	10	9.988	0.018	False
NA12873	0	23125	75	9	9.182	0.071	False
NA12873	23125	400000	1107	10	9.995	0.019	False
NA12874	0	22250	73	9	8.994	0.072	False
NA12874	22250	199250	453	10	10.064	0.03	False
NA12874	199250	218000	43	9	8.965	0.093	False
NA12874	218000	400000	613	10	10.004	0.025	False
NA12875	0	199250	526	10	9.991	0.029	False
NA12875	199250	227375	64	9	8.938	0.08	False
NA12875	227375	400000	592	10	9.973	0.026	False
NA12877	0	21500	70	8	8.395	0.082	True
NA12877	21500	400000	1112	10	9.997	0.021	False
NA12878	0	16250	52	11	11.245	0.096	False
NA12878	16250	365750	1004	10	9.978	0.022	False
NA12878	365750	400000	126	9	9.213	0.062	False
NA12889	0	23125	75	8	8.225	0.063	False
NA12889	23125	194000	438	10	9.964	0.028	False
NA12889	194000	216875	52	9	9.094	0.076	False
NA12889	216875	400000	617	10	10.001	0.022	False
NA12890	0	17250	56	12	11.938	0.088	False
NA12890	17250	400000	1126	10	9.994	0.02	False
NA12891	0	16000	51	11	11.274	0.087	False
NA12891	16000	368750	1011	10	9.993	0.02	False
NA12891	368750	400000	120	9	9.091	0.057	False
NA12892	0	400000	1182	10	10.03	0.018	False
NA18484	0	7250	16	10	10.223	0.155	False
NA18484	7250	28000	73	9	9.225	0.073	False
NA18484	28000	400000	1093	10	9.992	0.019	False
NA18485	0	13250	40	6	6.833	0.1	True
NA18485	13250	21750	31	8	8.171	0.113	False
NA18485	21750	400000	1111	10	9.97	0.019	False
NA18486	0	15000	47	9	8.921	0.101	False
NA18486	15000	400000	1135	10	10.022	0.021	False
NA18487	0	15000	47	7	7.519	0.095	True
NA18487	15000	21500	23	9	8.77	0.135	False
NA18487	21500	190500	434	10	9.955	0.033	False
NA18487	190500	216875	61	9	8.988	0.083	False
NA18487	216875	400000	617	10	9.991	0.026	False
NA18488	0	18750	61	10	9.842	0.093	False
NA18488	18750	28000	28	7	6.827	0.138	False
NA18488	28000	400000	1093	10	10.003	0.023	False
NA18489	0	10000	27	6	7.033	0.094	True
NA18489	10000	14250	17	7	6.921	0.118	False
NA18489	14250	29500	47	9	9.333	0.071	False
NA18489	29500	400000	1091	10	9.975	0.015	False
NA18497	0	14250	44	9	9.106	0.128	False
NA18497	14250	56250	68	10	9.858	0.105	False
NA18497	56250	197625	412	11	11.046	0.044	False
NA18497	197625	216875	41	10	9.836	0.132	False
NA18497	216875	400000	617	11	11.001	0.034	False
NA18498	0	26500	87	9	9.084	0.069	False
NA18498	26500	196750	434	10	9.961	0.033	False
NA18498	196750	217250	45	9	8.889	0.096	False
NA18498	217250	400000	616	10	9.989	0.026	False
NA18499	0	400000	1182	10	9.988	0.02	False
NA18500	0	14000	43	8	8.337	0.103	False
NA18500	14000	21750	28	9	8.866	0.127	False
NA18500	21750	42250	29	12	12.118	0.128	False
NA18500	42250	400000	1082	10	9.996	0.021	False
NA18501	0	22250	73	9	9.113	0.077	False
NA18501	22250	125500	246	10	9.987	0.044	False
NA18501	125500	400000	863	9	9.009	0.023	False
NA18502	0	15750	50	7	7.55	0.093	True
NA18502	15750	22250	23	8	7.995	0.138	False
NA18502	22250	30750	22	11	10.978	0.143	False
NA18502	30750	197250	428	10	10.001	0.034	False
NA18502	197250	216875	42	9	8.839	0.102	False
NA18502	216875	400000	617	10	10.002	0.027	False
NA18503	0	8250	20	7	8.089	0.154	True
NA18503	8250	15000	27	8	8.163	0.133	False
NA18503	15000	400000	1135	10	9.985	0.021	False
NA18504	0	14250	44	8	8.711	0.093	True
NA18504	14250	400000	1138	10	9.963	0.019	False
NA18505	0	14500	45	8	8.132	0.091	False
NA18505	14500	400000	1137	10	9.981	0.018	False
NA18506	0	14250	44	4	5.244	0.104	True
NA18506	14250	400000	1138	10	10.021	0.021	False
NA18507	0	13750	42	7	7.886	0.103	True
NA18507	13750	198500	483	10	10.02	0.032	False
NA18507	198500	216000	37	9	8.561	0.11	True
NA18507	216000	400000	620	10	10.022	0.027	False
NA18508	0	14250	44	6	6.508	0.082	True
NA18508	14250	133000	299	10	10.055	0.033	False
NA18508	133000	138250	21	8	8.022	0.122	False
NA18508	138250	400000	818	10	10.002	0.019	False
NA18510	0	14250	44	8	8.474	0.102	True
NA18510	14250	400000	1138	10	9.993	0.02	False
NA18511	0	14250	44	8	8.406	0.085	True
NA18511	14250	194250	470	10	10.02	0.027	False
NA18511	194250	217250	52	9	8.99	0.079	False
NA18511	217250	400000	616	10	9.989	0.023	False
NA18515	0	15000	47	8	8.536	0.1	True
NA18515	15000	400000	1135	10	9.986	0.021	False
NA18516	0	14250	44	7	7.413	0.096	True
NA18516	14250	400000	1138	10	10.025	0.019	False
NA18517	0	14250	44	8	8.313	0.1	False
NA18517	14250	197625	480	10	10.045	0.032	False
NA18517	197625	217250	42	8	7.983	0.102	False
NA18517	217250	400000	616	10	10.02	0.027	False
NA18518	0	203250	529	10	10.003	0.028	False
NA18518	203250	216875	36	8	8.031	0.103	False
NA18518	216875	400000	617	10	9.999	0.025	False
NA18519	0	23125	75	10	9.846	0.081	False
NA18519	23125	29500	16	8	8.106	0.176	False
NA18519	29500	199250	435	10	9.96	0.036	False
NA18519	199250	216000	36	8	7.945	0.117	False
NA18519	216000	400000	620	10	9.986	0.028	False
NA18520	0	17250	56	9	8.919	0.086	False
NA18520	17250	400000	1126	10	9.981	0.02	False
NA18521	0	14500	45	8	8.247	0.101	False
NA18521	14500	400000	1137	10	9.995	0.021	False
NA18522	0	14500	45	9	9.143	0.108	False
NA18522	14500	196750	476	10	9.927	0.035	False
NA18522	196750	219500	52	9	9.094	0.101	False
NA18522	219500	400000	609	10	10.018	0.03	False
NA18523	0	18750	61	8	8.103	0.087	False
NA18523	18750	400000	1121	10	9.986	0.021	False
NA18525	0	15000	47	8	8.364	0.089	True
NA18525	15000	400000	1135	10	9.981	0.019	False
NA18526	0	400000	1182	10	10.001	0.019	False
NA18528	0	195000	516	10	9.964	0.031	False
NA18528	195000	216875	49	9	8.888	0.098	False
NA18528	216875	400000	617	10	9.998	0.028	False
NA18530	0	354750	1018	10	9.99	0.021	False
NA18530	354750	369000	45	9	9.145	0.096	False
NA18530	369000	400000	119	10	10.033	0.059	False
NA18531	0	17625	57	9	9.125	0.088	False
NA18531	17625	22500	17	12	12.077	0.162	False
NA18531	22500	400000	1108	10	10.009	0.02	False
NA18532	0	23125	75	8	8.169	0.076	False
NA18532	23125	400000	1107	9	8.983	0.02	False
NA18533	0	400000	1182	10	10.001	0.02	False
NA18534	0	195500	517	10	10.021	0.031	False
NA18534	195500	218500	54	9	9.181	0.092	False
NA18534	218500	400000	611	10	9.969	0.027	False
NA18535	0	197625	524	10	10.013	0.032	False
NA18535	197625	216875	41	9	8.991	0.108	False
NA18535	216875	400000	617	10	9.992	0.028	False
NA18536	0	14750	46	9	9.308	0.092	False
NA18536	14750	195000	470	10	10.009	0.03	False
NA18536	195000	224750	67	9	9.261	0.076	False
NA18536	224750	400000	599	10	9.993	0.026	False
NA18537	0	14500	45	5	5.857	0.096	True
NA18537	14500	21500	25	8	7.66	0.129	False
NA18537	21500	400000	1112	10	9.998	0.02	False
NA18538	0	14500	45	9	8.95	0.085	False
NA18538	14500	400000	1137	10	9.99	0.017	False
NA18539	0	22500	74	9	8.971	0.072	False
NA18539	22500	197000	448	10	9.954	0.031	False
NA18539	197000	216875	43	9	8.978	0.095	False
NA18539	216875	400000	617	10	10.022	0.025	False
NA18541	0	14250	44	7	7.82	0.097	True
NA18541	14250	400000	1138	10	9.99	0.019	False
NA18542	0	400000	1182	10	9.996	0.019	False
NA18543	0	14500	45	7	7.909	0.102	True
NA18543	14500	400000	1137	10	9.98	0.021	False
NA18544	0	400000	1182	10	10.018	0.021	False
NA18545	0	400000	1182	10	9.981	0.019	False
NA18546	0	197625	524	9	8.951	0.029	False
NA18546	197625	217750	44	7	7.102	0.096	False
NA18546	217750	400000	614	9	9.0	0.026	False
NA18547	0	14500	45	8	8.554	0.088	True
NA18547	14500	400000	1137	10	10.019	0.018	False
NA18548	0	14000	43	8	8.5	0.095	True
NA18548	14000	400000	1139	10	10.0	0.019	False
NA18549	0	194000	513	10	9.936	0.031	False
NA18549	194000	220250	63	9	9.168	0.084	False
NA18549	220250	400000	606	10	10.002	0.027	False
NA18550	0	16000	51	11	10.852	0.083	False
NA18550	16000	400000	1131	10	9.991	0.018	False
NA18552	0	14250	44	9	9.171	0.103	False
NA18552	14250	400000	1138	10	9.996	0.021	False
NA18553	0	400000	1182	10	9.981	0.018	False
NA18555	0	400000	1182	10	9.995	0.018	False
NA18557	0	14250	44	8	8.834	0.1	True
NA18557	14250	400000	1138	10	10.002	0.02	False
NA18558	0	14500	45	8	8.383	0.094	True
NA18558	14500	400000	1137	10	9.981	0.019	False
NA18559	0	178750	463	10	10.002	0.03	False
NA18559	178750	187875	31	9	8.606	0.113	True
NA18559	187875	400000	688	10	9.984	0.024	False
NA18560	0	400000	1182	10	10.01	0.02	False
NA18561	0	14250	44	8	8.56	0.099	True
NA18561	14250	400000	1138	10	10.015	0.02	False
NA18562	0	23750	76	9	9.062	0.076	False
NA18562	23750	400000	1106	10	9.99	0.02	False
NA18563	0	16250	52	8	8.311	0.085	False
NA18563	16250	400000	1130	10	10.01	0.019	False
NA18564	0	14500	45	6	6.98	0.101	True
NA18564	14500	21500	25	9	9.084	0.136	False
NA18564	21500	400000	1112	10	10.01	0.021	False
NA18565	0	15000	47	9	9.0	0.08	False
NA18565	15000	197625	477	10	10.006	0.026	False
NA18565	197625	216875	41	9	9.065	0.085	False
NA18565	216875	400000	617	10	10.017	0.022	False
NA18566	0	14500	45	8	8.471	0.096	True
NA18566	14500	400000	1137	10	10.025	0.02	False
NA18567	0	14750	46	9	9.252	0.099	False
NA18567	14750	133000	297	10	10.059	0.041	False
NA18567	133000	138250	21	8	7.832	0.15	False
NA18567	138250	400000	818	10	10.006	0.024	False
NA18570	0	400000	1182	10	9.972	0.02	False
NA18571	0	14750	46	7	7.593	0.092	True
NA18571	14750	400000	1136	10	10.015	0.019	False
NA18572	0	15500	49	9	9.119	0.076	False
NA18572	15500	196000	469	10	10.046	0.026	False
NA18572	196000	217500	49	9	9.077	0.076	False
NA18572	217500	400000	615	10	9.983	0.021	False
NA18573	0	23125	75	9	8.988	0.077	False
NA18573	23125	176875	385	10	10.041	0.036	False
NA18573	176875	184250	25	9	8.906	0.131	False
NA18573	184250	400000	697	10	9.956	0.025	False
NA18574	0	7750	18	8	8.023	0.151	False
NA18574	7750	14250	26	9	8.957	0.126	False
NA18574	14250	400000	1138	10	9.966	0.019	False
NA18577	0	14500	45	8	8.524	0.096	True
NA18577	14500	400000	1137	10	9.991	0.02	False
NA18579	0	21000	69	9	8.798	0.081	False
NA18579	21000	400000	1113	10	9.996	0.021	False
NA18582	0	400000	1182	10	10.01	0.019	False
NA18591	0	14500	45	8	8.615	0.089	True
NA18591	14500	176875	415	10	10.024	0.031	False
NA18591	176875	184500	26	9	9.005	0.116	False
NA18591	184500	400000	696	10	10.013	0.023	False
NA18592	0	14750	46	8	8.23	0.097	False
NA18592	14750	400000	1136	10	9.97	0.02	False
NA18593	0	14750	46	9	9.46	0.1	True
NA18593	14750	25500	37	11	10.858	0.112	False
NA18593	25500	400000	1099	10	10.03	0.021	False
NA18595	0	400000	1182	10	9.993	0.023	False
NA18596	0	15250	48	9	9.106	0.1	False
NA18596	15250	400000	1134	10	9.978	0.021	False
NA18597	0	198500	525	10	9.991	0.031	False
NA18597	198500	217750	43	9	9.022	0.104	False
NA18597	217750	400000	614	10	10.013	0.028	False
NA18599	0	14750	46	9	9.055	0.09	False
NA18599	14750	400000	1136	10	9.983	0.019	False
NA18602	0	400000	1182	10	9.993	0.021	False
NA18603	0	15000	47	8	8.166	0.091	False
NA18603	15000	400000	1135	10	10.0	0.019	False
NA18605	0	14250	44	7	7.843	0.098	True
NA18605	14250	400000	1138	10	9.993	0.02	False
NA18606	0	14500	45	8	8.397	0.088	True
NA18606	14500	132750	297	10	9.992	0.036	False
NA18606	132750	138000	21	8	8.212	0.133	False
NA18606	138000	400000	819	10	9.978	0.021	False
NA18608	0	23125	75	9	9.07	0.075	False
NA18608	23125	400000	1107	10	10.008	0.02	False
NA18609	0	400000	1182	10	9.986	0.02	False
NA18610	0	133000	343	10	10.022	0.041	False
NA18610	133000	138000	20	8	8.257	0.169	False
NA18610	138000	400000	819	10	9.966	0.026	False
NA18611	0	400000	1182	10	9.99	0.019	False
NA18612	0	400000	1182	10	9.993	0.017	False
NA18613	0	13750	42	8	8.578	0.104	True
NA18613	13750	400000	1140	10	10.005	0.02	False
NA18614	0	400000	1182	10	9.992	0.022	False
NA18615	0	400000	1182	10	9.963	0.019	False
NA18616	0	15250	48	9	9.176	0.093	False
NA18616	15250	400000	1134	10	9.989	0.019	False
NA18617	0	14500	45	9	9.112	0.111	False
NA18617	14500	400000	1137	10	9.968	0.023	False
NA18618	0	400000	1182	10	10.003	0.019	False
NA18619	0	400000	1182	10	9.991	0.021	False
NA18620	0	400000	1182	10	10.009	0.019	False
NA18621	0	14750	46	9	9.056	0.096	False
NA18621	14750	197625	478	10	9.998	0.031	False
NA18621	197625	216875	41	8	7.847	0.102	False
NA18621	216875	400000	617	10	9.972	0.026	False
NA18622	0	14500	45	8	8.446	0.095	True
NA18622	14500	400000	1137	10	10.014	0.019	False
NA18623	0	400000	1182	10	9.976	0.019	False
NA18624	0	21000	69	8	8.511	0.086	True
NA18624	21000	400000	1113	10	9.954	0.022	False
NA18625	0	14250	44	6	6.93	0.11	True
NA18625	14250	400000	1138	10	9.987	0.022	False
NA18626	0	14500	45	9	9.084	0.092	False
NA18626	14500	400000	1137	10	9.974	0.019	False
NA18627	0	400000	1182	10	10.031	0.02	False
NA18628	0	21500	70	9	9.107	0.077	False
NA18628	21500	400000	1112	10	9.992	0.02	False
NA18629	0	16250	52	9	8.994	0.078	False
NA18629	16250	400000	1130	10	10.029	0.017	False
NA18630	0	14250	44	7	7.618	0.088	True
NA18630	14250	400000	1138	10	9.984	0.018	False
NA18631	0	14500	45	7	7.601	0.097	True
NA18631	14500	19250	18	9	8.835	0.153	False
NA18631	19250	400000	1119	10	10.029	0.02	False
NA18632	0	21000	69	9	8.736	0.076	False
NA18632	21000	400000	1113	10	10.001	0.019	False
NA18633	0	400000	1182	10	9.984	0.018	False
NA18634	0	14500	45	8	8.359	0.098	True
NA18634	14500	400000	1137	10	10.006	0.02	False
NA18635	0	206375	533	9	8.985	0.028	False
NA18635	206375	215250	26	8	7.894	0.122	False
NA18635	215250	400000	623	9	8.998	0.025	False
NA18636	0	176250	459	10	10.006	0.031	False
NA18636	176250	188750	38	9	9.004	0.106	False
NA18636	188750	400000	685	10	9.978	0.024	False
NA18637	0	17000	55	9	9.041	0.084	False
NA18637	17000	400000	1127	10	10.025	0.019	False
NA18638	0	400000	1182	10	9.982	0.016	False
NA18639	0	14500	45	9	9.055	0.105	False
NA18639	14500	133000	298	10	10.021	0.043	False
NA18639	133000	139750	27	9	8.796	0.141	False
NA18639	139750	400000	812	10	10.005	0.025	False
NA18640	0	14250	44	8	8.38	0.098	True
NA18640	14250	400000	1138	10	10.003	0.02	False
NA18641	0	400000	1182	10	9.993	0.018	False
NA18642	0	133000	343	10	10.046	0.038	False
NA18642	133000	138250	21	7	6.888	0.154	False
NA18642	138250	400000	818	10	9.957	0.024	False
NA18643	0	400000	1182	10	10.014	0.02	False
NA18644	0	400000	1182	10	9.988	0.017	False
NA18645	0	400000	1182	10	10.003	0.021	False
NA18646	0	24000	77	9	9.273	0.079	False
NA18646	24000	400000	1105	10	9.993	0.021	False
NA18647	0	14250	44	6	6.835	0.099	True
NA18647	14250	21500	26	9	9.002	0.128	False
NA18647	21500	191125	436	10	10.005	0.033	False
NA18647	191125	216500	58	9	8.902	0.086	False
NA18647	216500	400000	618	10	9.984	0.026	False
NA18648	0	400000	1182	10	10.013	0.019	False
NA18740	0	14250	44	7	7.661	0.097	True
NA18740	14250	400000	1138	10	10.01	0.019	False
NA18745	0	16000	51	10	9.62	0.109	True
NA18745	16000	400000	1131	11	11.038	0.024	False
NA18747	0	15750	50	8	8.347	0.097	False
NA18747	15750	400000	1132	10	9.982	0.021	False
NA18748	0	17250	56	8	8.404	0.083	True
NA18748	17250	123750	260	9	8.954	0.041	False
NA18748	123750	400000	866	10	10.005	0.021	False
NA18749	0	14250	44	7	7.903	0.105	True
NA18749	14250	195500	473	10	10.023	0.034	False
NA18749	195500	216500	47	9	8.925	0.102	False
NA18749	216500	400000	618	10	9.981	0.028	False
NA18757	0	400000	1182	10	9.992	0.021	False
NA18852	0	14500	45	7	7.643	0.09	True
NA18852	14500	400000	1137	10	10.013	0.018	False
NA18853	0	8250	20	6	7.358	0.148	True
NA18853	8250	14250	24	7	6.889	0.135	False
NA18853	14250	21500	26	8	7.86	0.13	False
NA18853	21500	400000	1112	10	10.004	0.02	False
NA18854	0	18750	61	8	8.466	0.087	True
NA18854	18750	400000	1121	10	10.017	0.021	False
NA18855	0	14500	45	6	6.927	0.096	True
NA18855	14500	21500	25	9	9.164	0.128	False
NA18855	21500	220250	506	10	10.06	0.03	False
NA18855	220250	318250	301	11	10.92	0.038	False
NA18855	318250	400000	305	10	10.065	0.036	False
NA18856	0	23125	75	9	9.023	0.073	False
NA18856	23125	400000	1107	10	10.028	0.019	False
NA18857	0	14750	46	6	6.773	0.1	True
NA18857	14750	21500	24	8	8.232	0.138	False
NA18857	21500	400000	1112	10	10.022	0.021	False
NA18858	0	24000	77	9	8.902	0.073	False
NA18858	24000	400000	1105	10	10.027	0.02	False
NA18859	0	26000	85	9	9.252	0.073	False
NA18859	26000	94250	137	10	9.928	0.061	False
NA18859	94250	104000	25	9	8.787	0.146	False
NA18859	104000	133000	96	10	9.887	0.071	False
NA18859	133000	137000	16	8	8.331	0.167	False
NA18859	137000	192750	150	10	10.054	0.058	False
NA18859	192750	219500	64	9	9.158	0.084	False
NA18859	219500	400000	609	10	10.002	0.027	False
NA18860	0	23125	75	9	8.947	0.088	False
NA18860	23125	400000	1107	10	10.019	0.023	False
NA18861	0	14000	43	8	8.431	0.098	True
NA18861	14000	400000	1139	10	10.021	0.02	False
NA18862	0	10250	28	8	8.313	0.118	False
NA18862	10250	28000	61	9	8.925	0.08	False
NA18862	28000	400000	1093	10	10.021	0.019	False
NA18863	0	14250	44	7	7.062	0.1	False
NA18863	14250	400000	1138	10	10.006	0.02	False
NA18864	0	10250	28	8	8.445	0.128	True
NA18864	10250	196000	490	10	9.96	0.032	False
NA18864	196000	216875	47	9	8.819	0.099	False
NA18864	216875	400000	617	10	10.014	0.027	False
NA18865	0	8250	20	4	6.823	0.144	True
NA18865	8250	14250	24	6	6.285	0.131	False
NA18865	14250	196500	476	10	10.068	0.031	False
NA18865	196500	217250	46	9	8.744	0.095	False
NA18865	217250	400000	616	10	9.994	0.026	False
NA18867	0	15000	47	9	9.222	0.096	False
NA18867	15000	23125	28	11	11.151	0.124	False
NA18867	23125	400000	1107	10	10.02	0.02	False
NA18868	0	14500	45	7	7.107	0.089	False
NA18868	14500	400000	1137	8	8.006	0.018	False
NA18869	0	14250	44	9	8.928	0.095	False
NA18869	14250	400000	1138	10	10.013	0.019	False
NA18870	0	23125	75	9	9.18	0.077	False
NA18870	23125	197625	449	10	9.927	0.033	False
NA18870	197625	216875	41	8	8.037	0.105	False
NA18870	216875	400000	617	10	10.041	0.027	False
NA18871	0	14000	43	8	8.742	0.09	True
NA18871	14000	21000	26	9	8.96	0.116	False
NA18871	21000	400000	1113	10	10.01	0.018	False
NA18872	0	23125	75	8	7.971	0.079	False
NA18872	23125	198500	450	10	9.997	0.034	False
NA18872	198500	216875	40	9	8.998	0.109	False
NA18872	216875	400000	617	10	10.003	0.028	False
NA18873	0	14500	45	8	8.114	0.103	False
NA18873	14500	194000	468	10	10.062	0.034	False
NA18873	194000	216500	51	9	8.95	0.097	False
NA18873	216500	400000	618	10	10.048	0.028	False
NA18874	0	15500	49	7	7.713	0.098	True
NA18874	15500	21000	20	8	7.964	0.154	False
NA18874	21000	198500	456	10	10.015	0.034	False
NA18874	198500	216875	40	9	8.702	0.109	False
NA18874	216875	400000	617	10	9.995	0.028	False
NA18875	0	21000	69	8	8.407	0.08	True
NA18875	21000	196750	452	10	9.937	0.033	False
NA18875	196750	214875	37	9	8.745	0.109	False
NA18875	214875	400000	624	10	10.043	0.027	False
NA18876	0	18500	60	9	9.134	0.083	False
NA18876	18500	28000	29	8	8.024	0.119	False
NA18876	28000	400000	1093	10	10.024	0.02	False
NA18877	0	132750	342	10	10.02	0.035	False
NA18877	132750	138500	23	9	8.823	0.134	False
NA18877	138500	197250	158	10	10.07	0.053	False
NA18877	197250	220000	52	9	9.119	0.087	False
NA18877	220000	400000	607	10	10.016	0.026	False
NA18878	0	16250	52	8	8.237	0.083	False
NA18878	16250	322250	839	9	8.997	0.021	False
NA18878	322250	334000	45	8	8.154	0.089	False
NA18878	334000	400000	246	9	9.002	0.038	False
NA18879	0	197625	524	10	10.049	0.033	False
NA18879	197625	216875	41	7	7.108	0.114	False
NA18879	216875	400000	617	10	10.001	0.03	False
NA18881	0	400000	1182	10	9.972	0.014	False
NA18906	0	14750	46	9	9.213	0.094	False
NA18906	14750	196500	474	10	9.993	0.031	False
NA18906	196500	216875	45	9	9.062	0.095	False
NA18906	216875	400000	617	10	9.992	0.026	False
NA18907	0	196000	518	10	10.053	0.031	False
NA18907	196000	216000	44	9	9.023	0.101	False
NA18907	216000	400000	620	10	9.985	0.027	False
NA18908	0	14250	44	8	7.864	0.102	False
NA18908	14250	400000	1138	10	10.002	0.021	False
NA18909	0	400000	1182	10	10.009	0.022	False
NA18910	0	24000	77	9	9.023	0.075	False
NA18910	24000	400000	1105	10	9.986	0.02	False
NA18911	0	21500	70	9	9.034	0.085	False
NA18911	21500	400000	1112	10	10.004	0.022	False
NA18912	0	16000	51	12	11.808	0.092	False
NA18912	16000	197250	472	10	10.025	0.032	False
NA18912	197250	217250	43	8	8.265	0.1	False
NA18912	217250	400000	616	10	9.983	0.027	False
NA18913	0	197250	523	10	10.016	0.032	False
NA18913	197250	216875	42	9	9.118	0.11	False
NA18913	216875	400000	617	10	10.014	0.029	False
NA18914	0	94250	222	10	10.126	0.045	False
NA18914	94250	105000	29	9	8.635	0.13	False
NA18914	105000	400000	931	10	9.984	0.021	False
NA18915	0	14250	44	7	7.68	0.084	True
NA18915	14250	21500	26	9	8.973	0.109	False
NA18915	21500	196750	451	10	10.033	0.027	False
NA18915	196750	211750	28	9	9.125	0.105	False
NA18915	211750	400000	633	10	10.01	0.022	False
NA18916	0	14500	45	9	9.205	0.104	False
NA18916	14500	400000	1137	10	9.995	0.021	False
NA18917	0	22500	74	9	8.818	0.076	False
NA18917	22500	400000	1108	10	10.0	0.02	False
NA18923	0	14250	44	9	8.738	0.101	False
NA18923	14250	400000	1138	10	10.02	0.02	False
NA18924	0	8000	19	7	7.834	0.142	True
NA18924	8000	22500	55	10	9.866	0.084	False
NA18924	22500	30000	18	8	8.334	0.146	False
NA18924	30000	198500	433	10	10.026	0.031	False
NA18924	198500	216875	40	9	8.849	0.098	False
NA18924	216875	400000	617	10	9.992	0.025	False
NA18925	0	7500	17	8	8.978	0.149	True
NA18925	7500	400000	1165	10	10.01	0.018	False
NA18930	0	30000	92	9	8.928	0.062	False
NA18930	30000	400000	1090	10	10.031	0.018	False
NA18933	0	7500	17	9	9.013	0.156	False
NA18933	7500	15000	30	7	7.192	0.118	False
NA18933	15000	21500	23	9	9.16	0.134	False
NA18933	21500	42250	30	12	11.568	0.12	True
NA18933	42250	400000	1082	10	10.0	0.02	False
NA18934	0	14250	44	8	8.587	0.104	True
NA18934	14250	400000	1138	10	9.986	0.021	False
NA18935	0	14250	44	7	7.517	0.102	True
NA18935	14250	21500	26	9	8.796	0.133	False
NA18935	21500	400000	1112	10	9.987	0.021	False
NA18939	0	15000	47	9	9.209	0.107	False
NA18939	15000	132750	295	10	10.045	0.045	False
NA18939	132750	138000	21	8	8.263	0.165	False
NA18939	138000	400000	819	10	9.966	0.026	False
NA18940	0	400000	1182	10	9.98	0.019	False
NA18941	0	15250	48	7	7.45	0.094	True
NA18941	15250	20000	18	8	8.334	0.154	False
NA18941	20000	400000	1116	10	10.007	0.02	False
NA18942	0	400000	1182	10	9.998	0.019	False
NA18943	0	14250	44	8	8.619	0.097	True
NA18943	14250	400000	1138	10	9.995	0.019	False
NA18944	0	21750	71	9	8.814	0.077	False
NA18944	21750	400000	1111	10	10.036	0.02	False
NA18945	0	14500	45	8	8.488	0.097	True
NA18945	14500	400000	1137	10	10.014	0.02	False
NA18946	0	21000	69	8	8.468	0.084	True
NA18946	21000	196000	449	10	9.979	0.035	False
NA18946	196000	217750	50	9	9.022	0.099	False
NA18946	217750	400000	614	10	9.971	0.028	False
NA18947	0	400000	1182	10	9.984	0.02	False
NA18948	0	193125	510	10	10.0	0.031	False
NA18948	193125	225375	74	9	8.993	0.079	False
NA18948	225375	400000	598	10	9.976	0.028	False
NA18949	0	400000	1182	10	10.01	0.021	False
NA18950	0	400000	1182	10	9.994	0.019	False
NA18951	0	400000	1182	11	10.992	0.019	False
NA18952	0	400000	1182	10	10.008	0.019	False
NA18953	0	14250	44	7	7.659	0.106	True
NA18953	14250	21500	26	9	8.892	0.138	False
NA18953	21500	400000	1112	10	9.981	0.022	False
NA18954	0	21750	71	10	10.135	0.094	False
NA18954	21750	400000	1111	12	11.952	0.024	False
NA18956	0	14250	44	8	8.376	0.101	True
NA18956	14250	400000	1138	10	9.992	0.02	False
NA18957	0	14500	45	8	8.267	0.101	False
NA18957	14500	400000	1137	10	9.973	0.021	False
NA18959	0	14000	43	9	8.998	0.085	False
NA18959	14000	338250	910	10	9.994	0.019	False
NA18959	338250	400000	229	11	10.992	0.036	False
NA18960	0	400000	1182	10	9.977	0.018	False
NA18961	0	400000	1182	10	10.012	0.02	False
NA18962	0	15000	47	9	9.206	0.095	False
NA18962	15000	400000	1135	10	10.005	0.02	False
NA18963	0	14750	46	9	9.24	0.096	False
NA18963	14750	211000	500	10	9.945	0.03	False
NA18963	211000	217250	20	9	8.742	0.145	False
NA18963	217250	400000	616	10	10.017	0.026	False
NA18964	0	400000	1182	10	9.994	0.02	False
NA18965	0	16000	51	9	9.16	0.085	False
NA18965	16000	400000	1131	10	10.025	0.018	False
NA18966	0	18000	58	8	8.331	0.091	False
NA18966	18000	400000	1124	10	9.989	0.021	False
NA18967	0	400000	1182	10	9.996	0.019	False
NA18968	0	400000	1182	10	9.98	0.019	False
NA18969	0	400000	1182	10	9.999	0.019	False
NA18970	0	14250	44	9	8.936	0.092	False
NA18970	14250	400000	1138	10	9.987	0.018	False
NA18971	0	8250	20	10	9.959	0.143	False
NA18971	8250	13250	20	9	8.752	0.143	False
NA18971	13250	400000	1142	10	10.028	0.019	False
NA18972	0	14500	45	9	9.298	0.088	False
NA18972	14500	197625	479	10	10.062	0.028	False
NA18972	197625	217250	42	9	8.8	0.091	False
NA18972	217250	400000	616	10	9.999	0.024	False
NA18973	0	29500	91	9	8.89	0.068	False
NA18973	29500	196750	430	10	10.018	0.033	False
NA18973	196750	216875	44	9	9.138	0.097	False
NA18973	216875	400000	617	10	9.953	0.026	False
NA18974	0	13000	39	9	9.375	0.097	True
NA18974	13000	400000	1143	10	10.01	0.018	False
NA18975	0	15000	47	8	8.314	0.094	False
NA18975	15000	400000	1135	10	10.007	0.02	False
NA18976	0	400000	1182	10	9.992	0.02	False
NA18977	0	14750	46	8	8.258	0.099	False
NA18977	14750	21000	23	9	9.043	0.14	False
NA18977	21000	400000	1113	10	9.983	0.02	False
NA18978	0	12500	37	10	10.007	0.107	False
NA18978	12500	26250	49	9	8.703	0.093	False
NA18978	26250	132750	256	10	10.065	0.043	False
NA18978	132750	137250	18	9	8.656	0.154	False
NA18978	137250	400000	822	10	10.021	0.023	False
NA18979	0	133000	343	10	9.955	0.036	False
NA18979	133000	138250	21	8	8.209	0.144	False
NA18979	138250	400000	818	10	9.997	0.023	False
NA18980	0	400000	1182	10	9.992	0.02	False
NA18981	0	12000	35	9	9.204	0.116	False
NA18981	12000	400000	1147	10	10.014	0.021	False
NA18982	0	195500	517	10	9.971	0.039	False
NA18982	195500	216875	48	9	8.897	0.121	False
NA18982	216875	400000	617	10	9.998	0.034	False
NA18983	0	14750	46	9	9.148	0.097	False
NA18983	14750	400000	1136	10	9.99	0.02	False
NA18984	0	133000	343	10	9.938	0.05	False
NA18984	133000	138250	21	8	8.107	0.201	False
NA18984	138250	400000	818	10	9.984	0.032	False
NA18985	0	15000	47	9	9.127	0.098	False
NA18985	15000	400000	1135	10	10.023	0.02	False
NA18986	0	15500	49	9	9.153	0.102	False
NA18986	15500	400000	1133	10	9.999	0.022	False
NA18987	0	400000	1182	10	10.0	0.02	False
NA18988	0	400000	1182	10	10.008	0.037	False
NA18989	0	400000	1182	10	9.969	0.021	False
NA18990	0	197000	522	10	10.028	0.03	False
NA18990	197000	215750	39	9	8.92	0.105	False
NA18990	215750	400000	621	10	10.008	0.026	False
NA18991	0	133000	343	10	10.002	0.035	False
NA18991	133000	138250	21	8	7.958	0.139	False
NA18991	138250	400000	818	10	9.956	0.022	False
NA18992	0	22250	73	10	10.102	0.084	False
NA18992	22250	133250	271	11	11.025	0.046	False
NA18992	133250	137250	16	9	9.087	0.18	False
NA18992	137250	204125	170	11	10.951	0.058	False
NA18992	204125	217750	38	10	9.973	0.116	False
NA18992	217750	263250	137	11	10.909	0.063	False
NA18992	263250	400000	477	10	10.004	0.033	False
NA18993	0	15000	47	9	9.219	0.094	False
NA18993	15000	400000	1135	10	9.979	0.019	False
NA18994	0	14500	45	8	8.387	0.091	True
NA18994	14500	400000	1137	10	9.983	0.018	False
NA18995	0	400000	1182	10	9.981	0.017	False
NA18997	0	391000	1146	10	9.988	0.022	False
NA18997	391000	400000	36	11	10.892	0.119	False
NA18998	0	14000	43	9	9.339	0.106	False
NA18998	14000	25750	41	11	11.161	0.109	False
NA18998	25750	400000	1098	10	9.975	0.021	False
NA18999	0	400000	1182	10	10.004	0.018	False
NA19000	0	12500	37	10	10.183	0.108	False
NA19000	12500	26500	50	9	8.787	0.093	False
NA19000	26500	400000	1095	10	9.983	0.02	False
NA19001	0	400000	1182	10	10.008	0.02	False
NA19002	0	400000	1182	10	9.975	0.019	False
NA19003	0	400000	1182	10	9.999	0.021	False
NA19004	0	400000	1182	11	11.018	0.035	False
NA19005	0	20250	67	8	8.408	0.081	True
NA19005	20250	400000	1115	10	9.989	0.02	False
NA19006	0	126500	321	9	8.957	0.05	False
NA19006	126500	400000	861	10	9.993	0.029	False
NA19007	0	192750	509	10	9.974	0.033	False
NA19007	192750	216875	56	9	9.08	0.097	False
NA19007	216875	400000	617	10	9.974	0.029	False
NA19009	0	14250	44	8	8.506	0.089	True
NA19009	14250	400000	1138	10	10.0	0.018	False
NA19010	0	14500	45	7	7.719	0.098	True
NA19010	14500	400000	1137	10	9.993	0.02	False
NA19011	0	15500	49	9	9.046	0.09	False
NA19011	15500	196000	469	10	9.994	0.031	False
NA19011	196000	218250	52	9	9.101	0.088	False
NA19011	218250	400000	612	10	9.97	0.026	False
NA19012	0	400000	1182	10	9.999	0.02	False
NA19017	0	14250	44	8	8.321	0.091	False
NA19017	14250	400000	1138	10	10.005	0.018	False
NA19019	0	14250	44	7	7.392	0.095	True
NA19019	14250	24500	35	9	9.029	0.106	False
NA19019	24500	400000	1103	10	10.006	0.019	False
NA19020	0	17625	57	8	8.529	0.089	True
NA19020	17625	23125	18	11	11.337	0.158	False
NA19020	23125	29500	16	8	7.661	0.167	False
NA19020	29500	400000	1091	10	9.987	0.021	False
NA19023	0	16000	51	8	8.144	0.089	False
NA19023	16000	133250	293	10	9.803	0.039	False
NA19023	133250	138250	20	8	8.111	0.147	False
NA19023	138250	198500	161	10	9.998	0.053	False
NA19023	198500	216875	40	8	8.233	0.101	False
NA19023	216875	400000	617	10	10.023	0.026	False
NA19024	0	14250	44	7	7.818	0.099	True
NA19024	14250	194625	471	10	10.045	0.032	False
NA19024	194625	216250	48	9	8.963	0.095	False
NA19024	216250	400000	619	10	10.008	0.026	False
NA19025	0	14000	43	7	7.58	0.104	True
NA19025	14000	21500	27	9	8.738	0.131	False
NA19025	21500	400000	1112	10	10.031	0.021	False
NA19026	0	400000	1182	10	10.025	0.02	False
NA19027	0	14500	45	7	7.622	0.092	True
NA19027	14500	25750	39	11	10.798	0.098	False
NA19027	25750	400000	1098	10	10.0	0.019	False
NA19028	0	14250	44	6	6.79	0.099	True
NA19028	14250	21500	26	8	7.994	0.128	False
NA19028	21500	400000	1112	10	10.007	0.02	False
NA19030	0	14500	45	8	8.325	0.104	False
NA19030	14500	400000	1137	10	9.973	0.021	False
NA19031	0	23125	75	10	9.905	0.065	False
NA19031	23125	29500	16	8	8.067	0.14	False
NA19031	29500	198500	434	10	9.975	0.028	False
NA19031	198500	212000	25	9	9.292	0.112	False
NA19031	212000	400000	632	11	11.01	0.022	False
NA19035	0	15000	47	9	9.068	0.099	False
NA19035	15000	400000	1135	10	9.983	0.021	False
NA19036	0	16250	52	8	8.341	0.079	False
NA19036	16250	24000	25	9	8.909	0.114	False
NA19036	24000	400000	1105	10	9.997	0.018	False
NA19037	0	8250	20	7	8.23	0.129	True
NA19037	8250	21500	50	8	8.099	0.082	False
NA19037	21500	198500	455	10	10.0	0.028	False
NA19037	198500	216500	39	8	8.078	0.092	False
NA19037	216500	400000	618	10	10.026	0.023	False
NA19038	0	20500	68	9	8.864	0.078	False
NA19038	20500	194625	447	10	9.987	0.032	False
NA19038	194625	216875	50	9	9.054	0.091	False
NA19038	216875	400000	617	10	9.992	0.026	False
NA19041	0	14250	44	7	7.322	0.113	False
NA19041	14250	20250	23	9	9.106	0.156	False
NA19041	20250	207375	467	10	10.04	0.036	False
NA19041	207375	216875	31	9	8.584	0.134	True
NA19041	216875	400000	617	10	9.967	0.03	False
NA19042	0	14250	44	7	7.552	0.087	True
NA19042	14250	21500	26	9	9.212	0.113	False
NA19042	21500	29500	21	11	10.841	0.125	False
NA19042	29500	400000	1091	10	10.023	0.018	False
NA19043	0	21000	69	9	9.418	0.074	True
NA19043	21000	42250	31	11	10.894	0.112	False
NA19043	42250	197000	422	10	9.984	0.031	False
NA19043	197000	216500	42	9	8.917	0.094	False
NA19043	216500	400000	618	10	10.014	0.025	False
NA19054	0	14250	44	9	8.829	0.11	False
NA19054	14250	400000	1138	10	10.026	0.022	False
NA19055	0	14750	46	9	9.193	0.083	False
NA19055	14750	400000	1136	10	10.003	0.017	False
NA19056	0	14250	44	9	9.078	0.101	False
NA19056	14250	400000	1138	10	9.98	0.02	False
NA19057	0	15250	48	8	8.476	0.097	True
NA19057	15250	400000	1134	10	10.012	0.02	False
NA19058	0	14250	44	8	8.209	0.094	False
NA19058	14250	400000	1138	10	9.994	0.019	False
NA19059	0	22000	72	9	9.242	0.076	False
NA19059	22000	400000	1110	10	9.998	0.02	False
NA19060	0	22500	74	9	9.055	0.085	False
NA19060	22500	400000	1108	10	10.01	0.023	False
NA19062	0	400000	1182	10	10.02	0.02	False
NA19063	0	393500	1156	10	10.018	0.017	False
NA19063	393500	400000	26	11	11.034	0.111	False
NA19064	0	21500	70	8	8.363	0.075	True
NA19064	21500	400000	1112	10	9.986	0.019	False
NA19065	0	14500	45	8	8.515	0.104	True
NA19065	14500	400000	1137	10	10.007	0.021	False
NA19066	0	400000	1182	10	10.007	0.021	False
NA19067	0	17000	55	9	9.312	0.083	False
NA19067	17000	400000	1127	10	10.005	0.019	False
NA19068	0	14500	45	8	8.836	0.094	True
NA19068	14500	28000	44	11	11.165	0.095	False
NA19068	28000	400000	1093	10	9.958	0.02	False
NA19070	0	14750	46	9	9.048	0.093	False
NA19070	14750	400000	1136	10	10.011	0.019	False
NA19072	0	132750	342	10	9.988	0.036	False
NA19072	132750	138250	22	8	7.913	0.141	False
NA19072	138250	400000	818	10	10.009	0.023	False
NA19074	0	400000	1182	10	10.017	0.019	False
NA19075	0	14250	44	8	8.346	0.101	False
NA19075	14250	400000	1138	10	9.976	0.02	False
NA19076	0	196500	520	10	9.998	0.028	False
NA19076	196500	216875	45	9	9.138	0.091	False
NA19076	216875	400000	617	10	10.004	0.025	False
NA19077	0	17625	57	10	10.168	0.083	False
NA19077	17625	23750	19	12	12.045	0.143	False
NA19077	23750	133250	268	10	9.971	0.04	False
NA19077	133250	138250	20	8	8.334	0.144	False
NA19077	138250	400000	818	10	10.004	0.022	False
NA19078	0	15000	47	8	8.079	0.084	False
NA19078	15000	400000	1135	9	8.977	0.018	False
NA19079	0	14500	45	8	8.709	0.077	True
NA19079	14500	26000	40	11	11.394	0.082	True
NA19079	26000	400000	1097	10	9.992	0.016	False
NA19080	0	400000	1182	11	11.03	0.033	False
NA19081	0	400000	1182	10	10.002	0.022	False
NA19082	0	14250	44	8	8.184	0.116	False
NA19082	14250	400000	1138	10	10.03	0.023	False
NA19083	0	15000	47	9	8.825	0.096	False
NA19083	15000	400000	1135	10	10.033	0.02	False
NA19084	0	400000	1182	10	9.976	0.018	False
NA19085	0	13000	39	8	8.436	0.109	True
NA19085	13000	400000	1143	10	10.015	0.021	False
NA19086	0	14000	43	9	9.198	0.098	False
NA19086	14000	400000	1139	10	9.987	0.019	False
NA19087	0	400000	1182	10	9.973	0.02	False
NA19088	0	196000	518	10	10.014	0.028	False
NA19088	196000	217250	48	9	8.912	0.087	False
NA19088	217250	400000	616	10	10.026	0.024	False
NA19089	0	400000	1182	10	10.021	0.02	False
NA19090	0	400000	1182	10	9.992	0.017	False
NA19091	0	12250	36	9	9.4	0.1	True
NA19091	12250	400000	1146	10	10.018	0.018	False
NA19092	0	14250	44	7	7.303	0.098	False
NA19092	14250	400000	1138	10	10.024	0.02	False
NA19093	0	14750	46	8	8.333	0.094	False
NA19093	14750	21500	24	9	9.031	0.131	False
NA19093	21500	196750	451	10	10.043	0.032	False
NA19093	196750	217750	47	9	8.979	0.093	False
NA19093	217750	400000	614	10	9.987	0.026	False
NA19094	0	14250	44	6	6.654	0.123	True
NA19094	14250	400000	1138	10	10.001	0.025	False
NA19095	0	15000	47	8	8.246	0.104	False
NA19095	15000	25750	37	9	9.032	0.117	False
NA19095	25750	182000	392	10	10.097	0.038	False
NA19095	182000	198500	49	9	9.036	0.107	False
NA19095	198500	215750	36	8	8.014	0.119	False
NA19095	215750	274500	169	9	8.971	0.057	False
NA19095	274500	400000	452	10	10.023	0.033	False
NA19096	0	26500	87	9	9.056	0.071	False
NA19096	26500	400000	1095	10	10.023	0.021	False
NA19097	0	400000	1182	10	9.997	0.018	False
NA19098	0	195500	517	10	9.99	0.029	False
NA19098	195500	219750	57	9	9.139	0.082	False
NA19098	219750	400000	608	10	10.027	0.025	False
NA19099	0	28000	89	8	8.227	0.067	False
NA19099	28000	198500	436	10	9.984	0.032	False
NA19099	198500	217750	43	9	9.04	0.096	False
NA19099	217750	400000	614	10	10.001	0.026	False
NA19100	0	23125	75	8	8.186	0.08	False
NA19100	23125	400000	1107	10	10.011	0.021	False
NA19101	0	26000	85	8	8.093	0.081	False
NA19101	26000	201625	443	10	9.957	0.037	False
NA19101	201625	216875	37	9	9.027	0.122	False
NA19101	216875	231000	39	11	10.779	0.119	False
NA19101	231000	400000	578	10	9.996	0.031	False
NA19102	0	20500	68	9	9.354	0.08	True
NA19102	20500	400000	1114	10	9.993	0.02	False
NA19103	0	21750	71	8	8.397	0.091	True
NA19103	21750	400000	1111	10	9.984	0.023	False
NA19107	0	14750	46	8	8.086	0.097	False
NA19107	14750	197625	478	10	9.984	0.031	False
NA19107	197625	216875	41	7	6.822	0.102	False
NA19107	216875	400000	617	10	9.984	0.026	False
NA19108	0	14000	43	9	9.215	0.1	False
NA19108	14000	198500	482	10	9.952	0.031	False
NA19108	198500	216875	40	9	8.862	0.104	False
NA19108	216875	400000	617	10	10.017	0.027	False
NA19109	0	14250	44	8	7.9	0.105	False
NA19109	14250	198500	481	10	10.112	0.033	False
NA19109	198500	216875	40	8	7.659	0.11	False
NA19109	216875	400000	617	10	9.997	0.028	False
NA19113	0	14500	45	7	7.395	0.104	True
NA19113	14500	21500	25	9	8.771	0.14	False
NA19113	21500	400000	1112	10	10.018	0.021	False
NA19114	0	198500	525	10	9.97	0.031	False
NA19114	198500	216875	40	8	8.028	0.106	False
NA19114	216875	400000	617	10	10.009	0.027	False
NA19115	0	19750	65	9	9.263	0.08	False
NA19115	19750	198500	460	10	9.972	0.032	False
NA19115	198500	216875	40	9	9.204	0.102	False
NA19115	216875	228750	30	11	10.826	0.118	False
NA19115	228750	400000	587	10	10.008	0.027	False
NA19116	0	14500	45	8	8.515	0.095	True
NA19116	14500	197625	479	10	9.925	0.03	False
NA19116	197625	216875	41	8	7.978	0.099	False
NA19116	216875	400000	617	10	9.975	0.026	False
NA19117	0	400000	1182	10	9.992	0.02	False
NA19118	0	198500	525	10	10.0	0.028	False
NA19118	198500	215500	35	9	8.971	0.103	False
NA19118	215500	400000	622	10	9.969	0.024	False
NA19119	0	23750	76	9	8.924	0.076	False
NA19119	23750	400000	1106	10	9.99	0.02	False
NA19120	0	18750	61	10	9.701	0.092	False
NA19120	18750	28000	28	8	8.311	0.136	False
NA19120	28000	198500	436	10	10.015	0.036	False
NA19120	198500	216875	40	8	8.175	0.114	False
NA19120	216875	400000	617	10	10.006	0.029	False
NA19121	0	14250	44	7	7.676	0.1	True
NA19121	14250	400000	1138	10	9.992	0.02	False
NA19122	0	13750	42	8	8.739	0.098	True
NA19122	13750	197250	481	10	10.069	0.03	False
NA19122	197250	217750	45	9	8.881	0.095	False
NA19122	217750	400000	614	10	10.006	0.026	False
NA19123	0	14250	44	6	6.955	0.096	True
NA19123	14250	198500	481	10	10.017	0.03	False
NA19123	198500	218000	44	9	8.816	0.096	False
NA19123	218000	400000	613	10	9.994	0.026	False
NA19127	0	14250	44	8	8.379	0.098	True
NA19127	14250	198500	481	10	10.011	0.031	False
NA19127	198500	216875	40	9	8.926	0.102	False
NA19127	216875	400000	617	10	10.003	0.026	False
NA19128	0	18750	61	10	9.888	0.076	False
NA19128	18750	28000	28	8	7.937	0.112	False
NA19128	28000	400000	1093	10	10.022	0.018	False
NA19129	0	28000	89	9	9.1	0.069	False
NA19129	28000	400000	1093	10	10.005	0.02	False
NA19130	0	15500	49	8	8.22	0.091	False
NA19130	15500	199750	478	10	10.006	0.03	False
NA19130	199750	216875	38	9	8.828	0.103	False
NA19130	216875	400000	617	10	10.025	0.026	False
NA19131	0	14250	44	8	8.576	0.085	True
NA19131	14250	21500	26	9	9.166	0.111	False
NA19131	21500	400000	1112	10	10.0	0.017	False
NA19132	0	14250	44	8	8.404	0.103	True
NA19132	14250	400000	1138	10	9.996	0.021	False
NA19137	0	29500	91	9	8.928	0.068	False
NA19137	29500	197625	433	10	10.007	0.033	False
NA19137	197625	216875	41	9	8.761	0.101	False
NA19137	216875	400000	617	10	10.012	0.026	False
NA19138	0	14500	45	8	8.402	0.097	True
NA19138	14500	400000	1137	10	9.989	0.02	False
NA19139	0	14250	44	8	8.208	0.105	False
NA19139	14250	21750	27	9	9.009	0.134	False
NA19139	21750	400000	1111	10	9.969	0.021	False
NA19140	0	15000	47	8	8.407	0.097	True
NA19140	15000	30500	47	9	9.241	0.098	False
NA19140	30500	189250	405	10	10.004	0.035	False
NA19140	189250	216500	65	9	9.142	0.083	False
NA19140	216500	400000	618	10	10.015	0.027	False
NA19141	0	8250	20	7	7.599	0.158	True
NA19141	8250	400000	1162	10	10.01	0.021	False
NA19142	0	16000	51	9	8.797	0.1	False
NA19142	16000	189750	450	10	10.05	0.035	False
NA19142	189750	216875	64	9	8.928	0.09	False
NA19142	216875	400000	617	10	10.006	0.029	False
NA19143	0	14000	43	8	8.338	0.106	False
NA19143	14000	400000	1139	10	9.98	0.021	False
NA19144	0	14250	44	8	8.001	0.107	False
NA19144	14250	18750	17	10	9.981	0.173	False
NA19144	18750	29500	30	8	8.165	0.13	False
NA19144	29500	400000	1091	10	9.972	0.022	False
NA19145	0	14250	44	6	6.893	0.095	True
NA19145	14250	400000	1138	10	9.997	0.019	False
NA19146	0	17000	55	9	9.151	0.092	False
NA19146	17000	196000	463	10	9.999	0.033	False
NA19146	196000	216875	47	8	8.157	0.1	False
NA19146	216875	400000	617	10	9.996	0.028	False
NA19147	0	23125	75	9	8.887	0.081	False
NA19147	23125	400000	1107	10	9.999	0.022	False
NA19148	0	23125	75	9	8.846	0.078	False
NA19148	23125	198500	450	10	10.005	0.033	False
NA19148	198500	219750	49	9	8.995	0.096	False
NA19148	219750	400000	608	10	9.993	0.027	False
NA19149	0	16250	52	9	9.03	0.092	False
NA19149	16250	198500	473	10	10.029	0.032	False
NA19149	198500	216500	39	8	7.92	0.106	False
NA19149	216500	400000	618	10	10.016	0.027	False
NA19150	0	14750	46	8	8.631	0.111	True
NA19150	14750	164750	382	10	9.983	0.04	False
NA19150	164750	215500	132	11	10.997	0.068	False
NA19150	215500	297250	236	12	11.966	0.051	False
NA19150	297250	400000	386	11	11.023	0.038	False
NA19151	0	198500	525	10	10.05	0.029	False
NA19151	198500	217250	41	8	8.111	0.1	False
NA19151	217250	400000	616	10	9.983	0.026	False
NA19152	0	16000	51	8	8.414	0.091	True
NA19152	16000	196250	468	10	10.025	0.032	False
NA19152	196250	216875	46	9	9.002	0.096	False
NA19152	216875	400000	617	10	9.989	0.026	False
NA19153	0	199250	526	10	10.006	0.03	False
NA19153	199250	217250	40	8	8.305	0.105	False
NA19153	217250	400000	616	10	10.016	0.027	False
NA19154	0	19000	62	8	8.254	0.082	False
NA19154	19000	197000	460	10	10.006	0.032	False
NA19154	197000	216875	43	8	8.061	0.098	False
NA19154	216875	400000	617	10	9.977	0.026	False
NA19159	0	14250	44	7	7.679	0.091	True
NA19159	14250	21500	26	8	8.419	0.118	True
NA19159	21500	201625	458	10	9.931	0.03	False
NA19159	201625	218000	41	9	8.717	0.094	False
NA19159	218000	400000	613	10	10.001	0.024	False
NA19160	0	22250	73	10	10.21	0.082	False
NA19160	22250	42250	27	12	12.216	0.138	False
NA19160	42250	194250	414	10	9.883	0.036	False
NA19160	194250	216875	51	9	8.985	0.098	False
NA19160	216875	400000	617	10	9.992	0.028	False
NA19161	0	14500	45	9	9.266	0.097	False
NA19161	14500	22000	27	10	9.909	0.125	False
NA19161	22000	42250	28	12	11.867	0.126	False
NA19161	42250	400000	1082	10	10.02	0.02	False
NA19171	0	400000	1182	10	10.0	0.02	False
NA19172	0	14750	46	7	7.843	0.096	True
NA19172	14750	400000	1136	10	9.999	0.02	False
NA19173	0	16250	52	8	8.436	0.088	True
NA19173	16250	400000	1130	10	10.004	0.019	False
NA19174	0	194625	515	10	9.969	0.029	False
NA19174	194625	216875	50	9	9.161	0.089	False
NA19174	216875	400000	617	10	9.988	0.025	False
NA19175	0	25250	82	9	9.268	0.07	False
NA19175	25250	400000	1100	10	9.968	0.02	False
NA19176	0	29500	91	8	8.411	0.117	True
NA19176	29500	400000	1091	10	9.993	0.035	False
NA19177	0	14250	44	8	8.217	0.099	False
NA19177	14250	400000	1138	10	9.977	0.02	False
NA19184	0	28000	89	9	8.873	0.077	False
NA19184	28000	196000	429	10	10.043	0.037	False
NA19184	196000	215750	43	9	8.936	0.111	False
NA19184	215750	400000	621	10	10.006	0.029	False
NA19185	0	8750	22	7	7.43	0.13	True
NA19185	8750	14500	23	8	7.871	0.127	False
NA19185	14500	25250	37	9	8.916	0.101	False
NA19185	25250	400000	1100	10	9.995	0.019	False
NA19186	0	28000	89	9	9.128	0.07	False
NA19186	28000	192750	420	10	9.943	0.034	False
NA19186	192750	217250	57	9	9.1	0.088	False
NA19186	217250	400000	616	10	9.992	0.027	False
NA19189	0	195000	516	10	10.043	0.029	False
NA19189	195000	213750	38	9	8.918	0.102	False
NA19189	213750	400000	628	10	9.974	0.025	False
NA19190	0	23125	75	9	9.114	0.07	False
NA19190	23125	198500	450	10	9.989	0.03	False
NA19190	198500	216875	40	9	8.987	0.096	False
NA19190	216875	400000	617	10	9.983	0.025	False
NA19191	0	400000	1182	10	10.01	0.019	False
NA19197	0	14250	44	6	6.841	0.101	True
NA19197	14250	400000	1138	10	10.003	0.02	False
NA19198	0	400000	1182	10	9.985	0.018	False
NA19199	0	14250	44	8	8.563	0.099	True
NA19199	14250	196500	476	10	9.978	0.032	False
NA19199	196500	216000	42	9	8.954	0.101	False
NA19199	216000	400000	620	10	9.997	0.026	False
NA19200	0	14500	45	8	8.362	0.099	True
NA19200	14500	197000	477	10	9.976	0.032	False
NA19200	197000	214000	33	9	8.8	0.115	False
NA19200	214000	400000	627	10	10.039	0.026	False
NA19201	0	400000	1182	10	9.984	0.02	False
NA19202	0	14750	46	8	8.15	0.103	False
NA19202	14750	400000	1136	10	10.001	0.021	False
NA19203	0	56750	114	9	9.219	0.059	False
NA19203	56750	197625	410	10	9.946	0.032	False
NA19203	197625	216250	39	9	8.916	0.1	False
NA19203	216250	400000	619	10	10.026	0.025	False
NA19204	0	199250	526	10	10.068	0.029	False
NA19204	199250	215500	34	9	8.736	0.109	False
NA19204	215500	400000	622	10	10.009	0.026	False
NA19205	0	20000	66	10	9.788	0.081	False
NA19205	20000	28000	23	8	8.109	0.138	False
NA19205	28000	198500	436	10	10.108	0.033	False
NA19205	198500	216000	37	9	8.903	0.108	False
NA19205	216000	400000	620	10	9.984	0.027	False
NA19206	0	195000	516	10	10.007	0.029	False
NA19206	195000	217250	50	9	9.09	0.089	False
NA19206	217250	400000	616	10	9.993	0.025	False
NA19207	0	15000	47	9	9.046	0.093	False
NA19207	15000	400000	1135	10	10.028	0.019	False
NA19208	0	195500	517	10	10.002	0.031	False
NA19208	195500	215250	42	9	8.901	0.105	False
NA19208	215250	400000	623	10	9.97	0.027	False
NA19209	0	31000	96	9	9.119	0.059	False
NA19209	31000	400000	1086	10	10.015	0.018	False
NA19210	0	14250	44	7	7.402	0.09	True
NA19210	14250	21500	26	9	8.639	0.117	True
NA19210	21500	400000	1112	10	10.001	0.018	False
NA19211	0	14500	45	8	8.38	0.1	True
NA19211	14500	400000	1137	10	9.99	0.02	False
NA19213	0	30500	94	9	9.233	0.068	False
NA19213	30500	400000	1088	10	10.009	0.02	False
NA19214	0	198500	525	10	10.026	0.037	False
NA19214	198500	217250	41	8	7.92	0.125	False
NA19214	217250	400000	616	10	9.996	0.032	False
NA19215	0	400000	1182	10	9.986	0.019	False
NA19221	0	8250	20	8	7.781	0.15	False
NA19221	8250	29500	71	9	8.818	0.08	False
NA19221	29500	199250	435	10	10.084	0.034	False
NA19221	199250	218000	43	9	8.904	0.103	False
NA19221	218000	227000	20	11	10.915	0.15	False
NA19221	227000	400000	593	10	10.005	0.028	False
NA19222	0	8250	20	9	8.978	0.14	False
NA19222	8250	197250	503	10	10.023	0.029	False
NA19222	197250	219000	49	9	9.093	0.09	False
NA19222	219000	400000	610	10	9.998	0.025	False
NA19223	0	23750	76	9	8.809	0.075	False
NA19223	23750	400000	1106	10	10.018	0.02	False
NA19224	0	19000	62	9	8.8	0.078	False
NA19224	19000	28000	27	8	7.66	0.118	False
NA19224	28000	400000	1093	10	10.007	0.019	False
NA19225	0	19000	62	10	9.954	0.09	False
NA19225	19000	28000	27	8	8.402	0.137	False
NA19225	28000	400000	1093	10	10.019	0.022	False
NA19226	0	26000	85	9	8.785	0.068	False
NA19226	26000	400000	1097	10	10.001	0.019	False
NA19235	0	19000	62	9	9.23	0.09	False
NA19235	19000	133000	281	10	9.955	0.044	False
NA19235	133000	138250	21	8	8.264	0.159	False
NA19235	138250	191125	142	10	9.884	0.063	False
NA19235	191125	216875	59	9	9.134	0.092	False
NA19235	216875	400000	617	10	10.014	0.028	False
NA19236	0	14250	44	8	8.43	0.1	True
NA19236	14250	197625	480	10	10.011	0.032	False
NA19236	197625	216875	41	8	7.929	0.104	False
NA19236	216875	400000	617	10	10.033	0.027	False
NA19237	0	10000	27	9	8.743	0.133	False
NA19237	10000	199250	499	10	10.004	0.032	False
NA19237	199250	216875	39	8	8.222	0.11	False
NA19237	216875	400000	617	10	10.008	0.028	False
NA19238	0	196000	518	10	9.954	0.026	False
NA19238	196000	218000	51	9	9.243	0.081	False
NA19238	218000	400000	613	10	10.011	0.023	False
NA19239	0	182500	478	10	9.984	0.032	False
NA19239	182500	271750	248	9	9.017	0.044	False
NA19239	271750	400000	456	10	9.985	0.031	False
NA19240	0	198500	525	10	9.998	0.03	False
NA19240	198500	216875	40	9	8.992	0.105	False
NA19240	216875	400000	617	10	9.987	0.027	False
NA19247	0	19250	63	9	8.712	0.083	False
NA19247	19250	400000	1119	10	10.014	0.02	False
NA19248	0	400000	1182	10	10.021	0.019	False
NA19249	0	400000	1182	10	9.997	0.021	False
NA19256	0	400000	1182	10	9.997	0.02	False
NA19257	0	14250	44	6	6.881	0.089	True
NA19257	14250	21500	26	9	9.004	0.115	False
NA19257	21500	207375	464	10	9.995	0.029	False
NA19257	207375	216875	31	9	8.724	0.106	False
NA19257	216875	400000	617	10	10.041	0.024	False
NA19258	0	14750	46	8	8.472	0.092	True
NA19258	14750	21750	25	9	8.889	0.124	False
NA19258	21750	198500	454	10	9.981	0.031	False
NA19258	198500	217250	41	9	9.013	0.097	False
NA19258	217250	400000	616	10	10.002	0.025	False
NA19307	0	14250	44	6	6.886	0.087	True
NA19307	14250	21500	26	9	8.66	0.113	False
NA19307	21500	400000	1112	10	10.016	0.018	False
NA19308	0	194250	514	10	10.002	0.028	False
NA19308	194250	215750	47	9	9.238	0.09	False
NA19308	215750	400000	621	10	10.01	0.025	False
NA19309	0	400000	1182	10	9.994	0.021	False
NA19310	0	20500	68	8	8.401	0.085	True
NA19310	20500	400000	1114	10	9.994	0.022	False
NA19312	0	13750	42	8	8.206	0.097	False
NA19312	13750	198500	483	10	10.016	0.03	False
NA19312	198500	216875	40	9	8.913	0.1	False
NA19312	216875	400000	617	10	10.012	0.025	False
NA19314	0	14250	44	6	6.949	0.096	True
NA19314	14250	21500	26	9	8.681	0.125	False
NA19314	21500	400000	1112	10	10.01	0.02	False
NA19315	0	14250	44	7	7.776	0.097	True
NA19315	14250	195500	473	10	10.006	0.031	False
NA19315	195500	215750	44	9	9.082	0.097	False
NA19315	215750	400000	621	10	10.012	0.026	False
NA19316	0	14750	46	9	9.047	0.094	False
NA19316	14750	196750	475	10	9.976	0.031	False
NA19316	196750	216500	43	9	8.972	0.098	False
NA19316	216500	400000	618	10	10.001	0.026	False
NA19317	0	388500	1136	10	9.996	0.018	False
NA19317	388500	400000	46	9	9.324	0.088	False
NA19318	0	14500	45	9	8.585	0.152	False
NA19318	14500	400000	1137	10	10.012	0.031	False
NA19319	0	14750	46	8	8.452	0.096	True
NA19319	14750	198500	479	10	9.972	0.031	False
NA19319	198500	216875	40	8	7.941	0.103	False
NA19319	216875	400000	617	10	9.994	0.026	False
NA19320	0	197625	524	10	10.016	0.028	False
NA19320	197625	213750	30	9	8.688	0.114	False
NA19320	213750	400000	628	10	9.993	0.025	False
NA19321	0	13750	42	7	7.56	0.101	True
NA19321	13750	21500	28	8	8.292	0.124	False
NA19321	21500	400000	1112	10	10.012	0.02	False
NA19323	0	20500	68	10	9.726	0.081	False
NA19323	20500	26875	20	8	8.315	0.149	False
NA19323	26875	400000	1094	10	10.015	0.021	False
NA19324	0	400000	1182	10	10.011	0.019	False
NA19327	0	29000	90	9	8.807	0.082	False
NA19327	29000	197000	432	10	10.056	0.039	False
NA19327	197000	218500	49	9	8.956	0.111	False
NA19327	218500	228500	23	11	10.943	0.161	False
NA19327	228500	400000	588	10	9.986	0.032	False
NA19328	0	13250	40	9	8.708	0.09	False
NA19328	13250	400000	1142	10	10.019	0.017	False
NA19331	0	21500	70	9	8.804	0.072	False
NA19331	21500	400000	1112	10	10.015	0.019	False
NA19332	0	16500	53	9	9.402	0.087	True
NA19332	16500	400000	1129	10	10.005	0.019	False
NA19334	0	14500	45	8	8.579	0.098	True
NA19334	14500	20500	23	9	8.983	0.137	False
NA19334	20500	400000	1114	10	10.014	0.02	False
NA19338	0	14500	45	8	8.557	0.101	True
NA19338	14500	400000	1137	10	9.993	0.021	False
NA19346	0	400000	1182	9	9.015	0.026	False
NA19347	0	29000	90	9	8.803	0.07	False
NA19347	29000	400000	1092	10	10.01	0.021	False
NA19350	0	18000	58	9	9.018	0.09	False
NA19350	18000	28000	31	8	8.199	0.123	False
NA19350	28000	206375	444	10	10.047	0.034	False
NA19350	206375	215750	28	9	8.628	0.13	False
NA19350	215750	400000	621	10	10.018	0.028	False
NA19351	0	198500	525	10	10.016	0.033	False
NA19351	198500	216875	40	8	8.165	0.116	False
NA19351	216875	400000	617	10	10.002	0.03	False
NA19355	0	8500	21	8	8.109	0.133	False
NA19355	8500	400000	1161	9	8.978	0.018	False
NA19360	0	14250	44	5	5.997	0.103	True
NA19360	14250	18750	17	7	7.139	0.166	False
NA19360	18750	30000	31	9	8.742	0.123	False
NA19360	30000	199250	434	10	10.024	0.035	False
NA19360	199250	216500	38	8	8.113	0.111	False
NA19360	216500	400000	618	10	9.969	0.028	False
NA19372	0	16500	53	9	9.004	0.086	False
NA19372	16500	400000	1129	10	10.001	0.019	False
NA19374	0	15250	48	9	9.111	0.074	False
NA19374	15250	400000	1134	10	9.972	0.016	False
NA19375	0	10500	29	8	8.077	0.129	False
NA19375	10500	400000	1153	10	9.976	0.021	False
NA19376	0	12750	38	8	8.251	0.105	False
NA19376	12750	198500	487	10	10.003	0.031	False
NA19376	198500	217250	41	9	8.901	0.102	False
NA19376	217250	400000	616	10	9.97	0.026	False
NA19377	0	21000	69	8	8.33	0.071	False
NA19377	21000	201625	459	10	10.051	0.029	False
NA19377	201625	217250	38	9	8.639	0.095	True
NA19377	217250	400000	616	10	10.011	0.024	False
NA19378	0	14250	44	8	8.033	0.099	False
NA19378	14250	400000	1138	9	8.995	0.02	False
NA19379	0	8500	21	9	9.087	0.147	False
NA19379	8500	23125	54	10	9.975	0.091	False
NA19379	23125	29500	16	8	8.232	0.168	False
NA19379	29500	400000	1091	10	10.015	0.021	False
NA19380	0	19500	64	9	8.685	0.105	False
NA19380	19500	400000	1118	10	10.008	0.026	False
NA19383	0	17625	57	8	8.362	0.09	True
NA19383	17625	400000	1125	10	10.004	0.021	False
NA19384	0	18500	60	10	9.883	0.082	False
NA19384	18500	28000	29	9	8.928	0.118	False
NA19384	28000	400000	1093	10	10.025	0.02	False
NA19385	0	14250	44	8	8.358	0.104	True
NA19385	14250	196500	476	10	9.964	0.033	False
NA19385	196500	216875	45	9	9.061	0.102	False
NA19385	216875	400000	617	10	10.025	0.028	False
NA19390	0	15250	48	6	6.815	0.094	True
NA19390	15250	28000	41	7	6.904	0.102	False
NA19390	28000	195500	428	9	8.976	0.033	False
NA19390	195500	217500	50	8	7.933	0.092	False
NA19390	217500	400000	615	9	9.015	0.026	False
NA19391	0	8750	22	8	8.224	0.138	False
NA19391	8750	25500	61	9	8.999	0.083	False
NA19391	25500	195500	434	10	10.097	0.033	False
NA19391	195500	216500	47	9	9.034	0.094	False
NA19391	216500	400000	618	10	10.015	0.026	False
NA19393	0	22500	74	7	7.647	0.082	True
NA19393	22500	400000	1108	10	10.01	0.022	False
NA19394	0	21000	69	9	8.989	0.078	False
NA19394	21000	400000	1113	10	9.999	0.02	False
NA19395	0	28000	89	9	9.24	0.069	False
NA19395	28000	198500	436	10	9.949	0.033	False
NA19395	198500	216000	37	9	9.001	0.107	False
NA19395	216000	400000	620	10	10.019	0.026	False
NA19397	0	14750	46	7	7.606	0.095	True
NA19397	14750	23125	29	9	9.279	0.12	False
NA19397	23125	29500	16	8	7.944	0.162	False
NA19397	29500	197625	433	10	9.946	0.033	False
NA19397	197625	216875	41	9	8.768	0.101	False
NA19397	216875	400000	617	10	10.046	0.026	False
NA19399	0	400000	1182	10	9.986	0.02	False
NA19401	0	17625	57	9	9.008	0.081	False
NA19401	17625	400000	1125	10	10.006	0.019	False
NA19403	0	324500	900	10	10.026	0.022	False
NA19403	324500	334500	38	9	8.945	0.105	False
NA19403	334500	400000	244	10	9.933	0.041	False
NA19404	0	400000	1182	10	10.002	0.021	False
NA19428	0	21750	71	9	9.05	0.083	False
NA19428	21750	28000	18	8	7.929	0.164	False
NA19428	28000	198500	436	10	9.957	0.035	False
NA19428	198500	216875	40	8	7.982	0.11	False
NA19428	216875	400000	617	10	9.993	0.028	False
NA19429	0	9250	24	9	9.015	0.14	False
NA19429	9250	400000	1158	10	10.026	0.021	False
NA19430	0	21500	70	8	8.344	0.081	False
NA19430	21500	201625	458	10	9.97	0.033	False
NA19430	201625	216000	34	9	8.739	0.117	False
NA19430	216000	400000	620	10	9.991	0.027	False
NA19431	0	14250	44	8	8.551	0.104	True
NA19431	14250	400000	1138	10	9.983	0.021	False
NA19434	0	14500	45	7	7.65	0.098	True
NA19434	14500	21500	25	9	8.712	0.131	False
NA19434	21500	400000	1112	10	10.005	0.02	False
NA19435	0	8250	20	7	7.941	0.15	True
NA19435	8250	400000	1162	10	9.992	0.02	False
NA19436	0	194250	514	10	10.063	0.032	False
NA19436	194250	218000	55	9	8.86	0.093	False
NA19436	218000	400000	613	10	10.001	0.028	False
NA19437	0	14250	44	6	6.613	0.103	True
NA19437	14250	24250	34	11	10.106	0.117	True
NA19437	24250	400000	1104	10	10.02	0.021	False
NA19438	0	14250	44	9	9.136	0.098	False
NA19438	14250	400000	1138	10	9.976	0.02	False
NA19439	0	28000	89	9	9.043	0.067	False
NA19439	28000	400000	1093	10	9.986	0.02	False
NA19440	0	14500	45	9	8.987	0.099	False
NA19440	14500	132000	294	10	10.075	0.04	False
NA19440	132000	138250	25	9	8.601	0.136	False
NA19440	138250	400000	818	10	10.018	0.023	False
NA19443	0	7500	17	9	8.942	0.156	False
NA19443	7500	198500	508	10	9.932	0.03	False
NA19443	198500	217250	41	8	7.934	0.1	False
NA19443	217250	400000	616	10	10.038	0.026	False
NA19445	0	21500	70	8	7.816	0.084	False
NA19445	21500	400000	1112	10	10.03	0.022	False
NA19446	0	26500	87	9	8.931	0.072	False
NA19446	26500	400000	1095	10	9.999	0.021	False
NA19448	0	14250	44	7	7.52	0.104	True
NA19448	14250	28000	45	9	9.101	0.103	False
NA19448	28000	400000	1093	10	10.019	0.021	False
NA19449	0	14250	44	8	8.368	0.103	True
NA19449	14250	400000	1138	10	10.025	0.021	False
NA19451	0	15000	47	8	8.329	0.092	False
NA19451	15000	21000	22	9	8.889	0.135	False
NA19451	21000	400000	1113	10	10.028	0.019	False
NA19452	0	20250	67	8	8.435	0.084	True
NA19452	20250	400000	1115	10	10.001	0.021	False
NA19454	0	14500	45	8	8.493	0.101	True
NA19454	14500	195500	472	10	9.986	0.033	False
NA19454	195500	217500	50	9	9.191	0.096	False
NA19454	217500	400000	615	10	10.005	0.028	False
NA19455	0	400000	1182	10	9.977	0.018	False
NA19456	0	400000	1182	10	9.983	0.019	False
NA19457	0	16000	51	9	9.163	0.097	False
NA19457	16000	400000	1131	10	10.01	0.021	False
NA19461	0	28000	89	9	9.108	0.066	False
NA19461	28000	400000	1093	10	9.989	0.019	False
NA19462	0	14250	44	8	8.187	0.094	False
NA19462	14250	201625	484	10	9.962	0.03	False
NA19462	201625	216875	37	9	9.022	0.102	False
NA19462	216875	400000	617	10	10.007	0.025	False
NA19463	0	14000	43	9	9.184	0.099	False
NA19463	14000	196750	478	10	10.017	0.031	False
NA19463	196750	216875	44	8	7.746	0.098	False
NA19463	216875	400000	617	10	10.045	0.026	False
NA19466	0	15250	48	8	8.407	0.106	True
NA19466	15250	197000	474	10	10.006	0.035	False
NA19466	197000	216500	42	9	8.983	0.113	False
NA19466	216500	400000	618	10	9.992	0.03	False
NA19467	0	198500	525	9	8.955	0.026	False
NA19467	198500	216875	40	8	8.081	0.091	False
NA19467	216875	400000	617	9	8.997	0.023	False
NA19468	0	14250	44	8	8.575	0.101	True
NA19468	14250	196750	477	10	9.984	0.032	False
NA19468	196750	217250	45	9	9.054	0.1	False
NA19468	217250	400000	616	10	9.986	0.027	False
NA19471	0	29000	90	9	9.192	0.069	False
NA19471	29000	194625	425	10	9.903	0.034	False
NA19471	194625	217750	53	9	8.978	0.09	False
NA19471	217750	400000	614	10	10.027	0.027	False
NA19472	0	14500	45	8	8.405	0.098	True
NA19472	14500	28000	44	9	8.811	0.1	False
NA19472	28000	198500	436	10	10.076	0.033	False
NA19472	198500	218500	46	9	9.056	0.097	False
NA19472	218500	400000	611	10	9.998	0.027	False
NA19473	0	14250	44	9	9.413	0.109	True
NA19473	14250	400000	1138	11	11.021	0.022	False
NA19474	0	9750	26	9	9.149	0.125	False
NA19474	9750	28000	63	8	8.052	0.081	False
NA19474	28000	131000	246	10	10.073	0.043	False
NA19474	131000	138000	28	9	8.881	0.123	False
NA19474	138000	400000	819	10	9.977	0.023	False
NA19475	0	23125	75	9	9.118	0.08	False
NA19475	23125	324000	823	10	9.966	0.025	False
NA19475	324000	333500	36	9	8.957	0.113	False
NA19475	333500	400000	248	10	10.082	0.043	False
NA19625	0	12500	37	9	9.109	0.111	False
NA19625	12500	197625	487	10	9.99	0.032	False
NA19625	197625	216875	41	8	7.819	0.105	False
NA19625	216875	400000	617	10	10.05	0.027	False
NA19648	0	17000	55	12	11.975	0.085	False
NA19648	17000	400000	1127	10	9.974	0.019	False
NA19649	0	133500	345	10	9.987	0.037	False
NA19649	133500	138250	19	8	8.147	0.155	False
NA19649	138250	400000	818	10	9.988	0.023	False
NA19650	0	18250	59	12	11.95	0.089	False
NA19650	18250	132500	282	10	10.007	0.043	False
NA19650	132500	138250	23	8	7.965	0.146	False
NA19650	138250	400000	818	10	10.001	0.024	False
NA19651	0	400000	1182	10	10.001	0.019	False
NA19652	0	400000	1182	10	10.008	0.018	False
NA19653	0	400000	1182	10	9.975	0.02	False
NA19654	0	400000	1182	10	10.003	0.02	False
NA19655	0	23125	75	8	8.151	0.077	False
NA19655	23125	133000	268	10	9.866	0.043	False
NA19655	133000	138250	21	8	8.317	0.149	False
NA19655	138250	195500	153	10	10.252	0.057	False
NA19655	195500	216875	48	9	9.14	0.096	False
NA19655	216875	400000	617	10	10.004	0.027	False
NA19656	0	21750	71	8	8.132	0.077	False
NA19656	21750	197625	453	10	10.039	0.032	False
NA19656	197625	216875	41	9	8.976	0.102	False
NA19656	216875	400000	617	10	9.979	0.026	False
NA19657	0	400000	1182	10	10.004	0.02	False
NA19658	0	21750	71	9	8.739	0.078	False
NA19658	21750	400000	1111	10	10.005	0.02	False
NA19659	0	21750	71	9	9.058	0.08	False
NA19659	21750	400000	1111	10	9.994	0.021	False
NA19660	0	184250	485	15	15.004	0.034	False
NA19660	184250	216500	79	14	14.013	0.083	False
NA19660	216500	263000	140	15	14.841	0.062	False
NA19660	263000	400000	478	10	10.032	0.032	False
NA19661	0	263250	705	11	10.95	0.027	False
NA19661	263250	400000	477	10	9.992	0.032	False
NA19662	0	190000	502	15	15.015	0.035	False
NA19662	190000	216875	63	14	13.758	0.094	False
NA19662	216875	263000	139	15	14.853	0.065	False
NA19662	263000	400000	478	10	10.016	0.034	False
NA19663	0	23125	75	9	9.006	0.086	False
NA19663	23125	400000	1107	10	10.0	0.023	False
NA19664	0	18250	59	11	11.076	0.092	False
NA19664	18250	400000	1123	10	9.994	0.022	False
NA19665	0	19500	64	11	10.895	0.082	False
NA19665	19500	400000	1118	10	9.995	0.02	False
NA19669	0	21750	71	9	9.127	0.085	False
NA19669	21750	400000	1111	10	9.991	0.022	False
NA19670	0	14500	45	9	8.96	0.095	False
NA19670	14500	198500	480	10	10.026	0.03	False
NA19670	198500	218500	46	9	9.096	0.094	False
NA19670	218500	400000	611	10	10.018	0.026	False
NA19671	0	22250	73	9	8.975	0.079	False
NA19671	22250	400000	1109	10	9.991	0.021	False
NA19675	0	400000	1182	10	10.005	0.03	False
NA19676	0	21000	69	11	11.042	0.084	False
NA19676	21000	400000	1113	10	9.985	0.021	False
NA19677	0	400000	1182	10	10.016	0.021	False
NA19678	0	400000	1182	10	10.017	0.017	False
NA19679	0	400000	1182	10	10.004	0.021	False
NA19680	0	400000	1182	10	10.022	0.019	False
NA19681	0	17250	56	11	11.369	0.095	True
NA19681	17250	400000	1126	10	9.963	0.022	False
NA19682	0	16500	53	11	11.032	0.09	False
NA19682	16500	400000	1129	10	9.99	0.02	False
NA19683	0	17250	56	13	12.958	0.089	False
NA19683	17250	400000	1126	10	9.999	0.02	False
NA19684	0	18250	59	9	8.687	0.088	False
NA19684	18250	400000	1123	10	9.992	0.021	False
NA19685	0	22000	72	10	9.981	0.088	False
NA19685	22000	263000	632	11	10.98	0.031	False
NA19685	263000	400000	478	10	10.031	0.034	False
NA19686	0	21750	71	9	8.668	0.079	False
NA19686	21750	400000	1111	10	9.993	0.02	False
NA19700	0	13000	39	9	9.198	0.106	False
NA19700	13000	195000	477	10	9.996	0.032	False
NA19700	195000	218000	53	9	9.095	0.091	False
NA19700	218000	400000	613	10	9.986	0.027	False
NA19701	0	400000	1182	10	9.999	0.019	False
NA19702	0	196500	520	10	9.991	0.028	False
NA19702	196500	217250	46	9	8.913	0.089	False
NA19702	217250	400000	616	10	10.021	0.024	False
NA19703	0	20000	66	10	9.932	0.079	False
NA19703	20000	26875	22	8	8.046	0.137	False
NA19703	26875	400000	1094	10	9.988	0.02	False
NA19704	0	197000	522	10	9.985	0.031	False
NA19704	197000	217250	44	9	8.892	0.101	False
NA19704	217250	400000	616	10	9.976	0.027	False
NA19705	0	21000	69	10	9.851	0.075	False
NA19705	21000	30000	23	7	7.466	0.131	True
NA19705	30000	198500	433	10	10.033	0.032	False
NA19705	198500	216875	40	9	9.062	0.099	False
NA19705	216875	400000	617	10	10.021	0.025	False
NA19707	0	30000	92	9	9.207	0.068	False
NA19707	30000	197250	431	10	9.912	0.033	False
NA19707	197250	220750	55	9	9.096	0.088	False
NA19707	220750	400000	604	10	9.994	0.027	False
NA19711	0	23125	75	10	9.723	0.083	False
NA19711	23125	29500	16	8	7.818	0.18	False
NA19711	29500	195000	425	10	10.07	0.037	False
NA19711	195000	217250	50	9	8.956	0.102	False
NA19711	217250	400000	616	10	10.01	0.029	False
NA19712	0	28000	89	9	8.889	0.07	False
NA19712	28000	400000	1093	10	10.023	0.02	False
NA19713	0	15750	50	8	8.373	0.092	True
NA19713	15750	194625	465	10	9.996	0.032	False
NA19713	194625	216500	49	9	9.054	0.093	False
NA19713	216500	400000	618	10	9.959	0.026	False
NA19716	0	400000	1182	10	10.001	0.02	False
NA19717	0	400000	1182	10	9.999	0.022	False
NA19718	0	15000	47	9	9.05	0.097	False
NA19718	15000	400000	1135	10	9.983	0.02	False
NA19719	0	194250	514	10	10.056	0.034	False
NA19719	194250	228750	81	9	8.713	0.083	False
NA19719	228750	400000	587	10	10.044	0.031	False
NA19720	0	14750	46	9	9.155	0.087	False
NA19720	14750	400000	1136	10	9.982	0.018	False
NA19721	0	18750	61	9	9.244	0.086	False
NA19721	18750	400000	1121	10	10.008	0.02	False
NA19722	0	400000	1182	10	10.014	0.021	False
NA19723	0	193125	510	10	10.029	0.032	False
NA19723	193125	216875	55	9	8.828	0.094	False
NA19723	216875	400000	617	10	9.977	0.028	False
NA19724	0	195000	516	10	10.062	0.03	False
NA19724	195000	216875	49	9	8.918	0.093	False
NA19724	216875	400000	617	10	10.008	0.026	False
NA19725	0	198500	525	10	9.963	0.035	False
NA19725	198500	216875	40	7	7.061	0.122	False
NA19725	216875	400000	617	10	10.008	0.031	False
NA19726	0	195500	517	10	9.975	0.03	False
NA19726	195500	216875	48	9	9.068	0.094	False
NA19726	216875	400000	617	10	9.982	0.026	False
NA19727	0	17000	55	9	9.073	0.08	False
NA19727	17000	197625	469	10	9.981	0.029	False
NA19727	197625	216875	41	8	8.152	0.092	False
NA19727	216875	400000	617	10	9.943	0.024	False
NA19728	0	400000	1182	9	8.985	0.019	False
NA19729	0	400000	1182	10	10.003	0.019	False
NA19730	0	22500	74	8	7.925	0.07	False
NA19730	22500	400000	1108	9	8.966	0.018	False
NA19731	0	400000	1182	10	10.0	0.02	False
NA19732	0	20500	68	9	9.293	0.077	False
NA19732	20500	264000	640	11	10.923	0.026	False
NA19732	264000	400000	474	10	10.012	0.029	False
NA19733	0	20500	68	9	8.687	0.083	False
NA19733	20500	400000	1114	10	10.031	0.021	False
NA19734	0	400000	1182	10	9.992	0.02	False
NA19735	0	23125	75	10	9.914	0.079	False
NA19735	23125	262250	626	11	10.992	0.029	False
NA19735	262250	400000	481	10	9.992	0.031	False
NA19740	0	21750	71	9	9.037	0.079	False
NA19740	21750	400000	1111	10	9.974	0.02	False
NA19741	0	400000	1182	10	9.997	0.021	False
NA19746	0	400000	1182	10	9.998	0.02	False
NA19747	0	9750	26	9	8.777	0.157	False
NA19747	9750	400000	1156	10	10.025	0.024	False
NA19748	0	9250	24	9	8.786	0.131	False
NA19748	9250	400000	1158	10	9.984	0.019	False
NA19749	0	19750	65	11	10.856	0.087	False
NA19749	19750	400000	1117	10	10.028	0.021	False
NA19750	0	263000	704	11	10.983	0.027	False
NA19750	263000	400000	478	10	9.989	0.031	False
NA19751	0	264000	708	11	10.968	0.027	False
NA19751	264000	400000	474	10	10.031	0.032	False
NA19752	0	23125	75	9	8.951	0.077	False
NA19752	23125	400000	1107	10	9.994	0.02	False
NA19755	0	17250	56	12	12.059	0.096	False
NA19755	17250	400000	1126	10	9.98	0.022	False
NA19756	0	198500	525	10	10.031	0.027	False
NA19756	198500	216875	40	8	7.938	0.094	False
NA19756	216875	400000	617	10	9.987	0.024	False
NA19757	0	198500	525	10	10.053	0.03	False
NA19757	198500	216875	40	8	8.033	0.104	False
NA19757	216875	400000	617	10	10.006	0.027	False
NA19758	0	196000	518	10	10.013	0.032	False
NA19758	196000	217250	48	9	9.092	0.101	False
NA19758	217250	400000	616	10	9.995	0.028	False
NA19759	0	21000	69	11	11.056	0.084	False
NA19759	21000	400000	1113	10	10.024	0.021	False
NA19760	0	197000	522	10	10.03	0.029	False
NA19760	197000	217250	44	9	9.072	0.097	False
NA19760	217250	400000	616	10	9.998	0.026	False
NA19761	0	10750	30	9	9.174	0.115	False
NA19761	10750	24750	50	10	10.05	0.089	False
NA19761	24750	400000	1102	9	9.004	0.019	False
NA19762	0	197250	523	10	10.032	0.027	False
NA19762	197250	216875	42	8	8.268	0.091	False
NA19762	216875	400000	617	10	9.993	0.024	False
NA19763	0	400000	1182	9	9.01	0.019	False
NA19764	0	400000	1182	10	10.022	0.019	False
NA19770	0	197625	524	12	11.975	0.031	False
NA19770	197625	216875	41	11	10.772	0.105	False
NA19770	216875	263000	139	12	12.088	0.059	False
NA19770	263000	400000	478	10	10.001	0.031	False
NA19771	0	400000	1182	10	9.964	0.02	False
NA19772	0	197625	524	10	9.951	0.031	False
NA19772	197625	216875	41	9	9.015	0.105	False
NA19772	216875	400000	617	10	10.001	0.027	False
NA19773	0	22250	73	9	8.972	0.081	False
NA19773	22250	400000	1109	10	9.986	0.021	False
NA19774	0	28000	89	9	9.18	0.069	False
NA19774	28000	400000	1093	10	10.01	0.02	False
NA19775	0	400000	1182	10	10.004	0.021	False
NA19776	0	194625	515	10	9.963	0.03	False
NA19776	194625	217500	52	9	8.93	0.089	False
NA19776	217500	400000	615	10	10.017	0.026	False
NA19777	0	196500	520	10	9.991	0.026	False
NA19777	196500	217250	46	9	8.966	0.084	False
NA19777	217250	400000	616	10	10.022	0.023	False
NA19778	0	23125	75	9	9.074	0.074	False
NA19778	23125	133000	268	10	10.007	0.041	False
NA19778	133000	138250	21	9	8.8	0.144	False
NA19778	138250	197250	159	10	9.96	0.054	False
NA19778	197250	216500	41	9	9.027	0.1	False
NA19778	216500	400000	618	10	10.002	0.026	False
NA19779	0	400000	1182	10	10.027	0.021	False
NA19780	0	14250	44	9	9.157	0.099	False
NA19780	14250	400000	1138	10	9.977	0.02	False
NA19781	0	15000	47	9	8.919	0.081	False
NA19781	15000	400000	1135	10	10.019	0.017	False
NA19782	0	400000	1182	10	10.006	0.02	False
NA19783	0	22250	73	8	8.283	0.077	False
NA19783	22250	400000	1109	10	9.997	0.02	False
NA19784	0	19500	64	9	8.667	0.076	False
NA19784	19500	400000	1118	10	10.001	0.018	False
NA19785	0	400000	1182	9	9.021	0.02	False
NA19786	0	400000	1182	10	9.978	0.02	False
NA19787	0	400000	1182	9	9.022	0.019	False
NA19788	0	12500	37	11	11.154	0.109	False
NA19788	12500	400000	1145	10	9.981	0.02	False
NA19789	0	185000	488	9	8.97	0.031	False
NA19789	185000	216875	77	8	8.082	0.078	False
NA19789	216875	400000	617	9	8.978	0.027	False
NA19790	0	17250	56	11	10.96	0.081	False
NA19790	17250	22500	18	9	8.857	0.142	False
NA19790	22500	195500	443	10	10.031	0.03	False
NA19790	195500	216250	46	9	9.104	0.089	False
NA19790	216250	400000	619	10	9.92	0.024	False
NA19792	0	194250	514	10	10.019	0.031	False
NA19792	194250	227375	76	9	9.018	0.078	False
NA19792	227375	400000	592	10	9.978	0.028	False
NA19794	0	400000	1182	10	10.011	0.017	False
NA19795	0	17250	56	8	8.343	0.092	False
NA19795	17250	400000	1126	10	9.993	0.021	False
NA19796	0	14250	44	9	9.157	0.099	False
NA19796	14250	400000	1138	10	9.989	0.02	False
NA19818	0	16250	52	8	8.56	0.098	True
NA19818	16250	198500	473	10	10.042	0.034	False
NA19818	198500	216875	40	9	8.848	0.112	False
NA19818	216875	400000	617	10	10.02	0.029	False
NA19819	0	198500	525	10	10.002	0.027	False
NA19819	198500	217500	42	8	8.107	0.093	False
NA19819	217500	400000	615	10	9.997	0.024	False
NA19828	0	204125	530	10	10.054	0.028	False
NA19828	204125	216875	35	8	8.138	0.105	False
NA19828	216875	400000	617	10	9.946	0.025	False
NA19834	0	29500	91	9	9.172	0.059	False
NA19834	29500	400000	1091	10	10.001	0.017	False
NA19835	0	400000	1182	10	10.011	0.019	False
NA19836	0	28000	89	9	9.292	0.07	False
NA19836	28000	400000	1093	10	9.975	0.02	False
NA19900	0	14500	45	8	8.092	0.095	False
NA19900	14500	400000	1137	10	10.015	0.019	False
NA19901	0	14250	44	7	7.483	0.102	True
NA19901	14250	21500	26	9	8.78	0.133	False
NA19901	21500	400000	1112	10	10.003	0.021	False
NA19902	0	14000	43	7	7.892	0.099	True
NA19902	14000	21500	27	9	8.753	0.125	False
NA19902	21500	400000	1112	10	10.026	0.02	False
NA19904	0	16000	51	9	9.136	0.099	False
NA19904	16000	400000	1131	10	10.012	0.022	False
NA19908	0	14000	43	9	9.148	0.102	False
NA19908	14000	90750	167	10	9.995	0.054	False
NA19908	90750	205250	321	11	10.955	0.039	False
NA19908	205250	400000	651	10	10.034	0.026	False
NA19909	0	16500	53	8	7.974	0.091	False
NA19909	16500	197250	470	10	10.008	0.032	False
NA19909	197250	217250	43	9	8.966	0.101	False
NA19909	217250	400000	616	10	10.023	0.027	False
NA19913	0	400000	1182	10	9.989	0.021	False
NA19914	0	400000	1182	10	10.013	0.019	False
NA19916	0	133000	343	10	9.984	0.032	False
NA19916	133000	138250	21	8	8.291	0.129	False
NA19916	138250	198500	161	10	10.141	0.048	False
NA19916	198500	211750	24	9	8.677	0.117	False
NA19916	211750	400000	633	10	10.013	0.023	False
NA19917	0	14500	45	8	7.939	0.095	False
NA19917	14500	199250	481	9	8.991	0.031	False
NA19917	199250	217250	40	8	8.039	0.101	False
NA19917	217250	400000	616	9	9.039	0.026	False
NA19918	0	133000	343	9	9.045	0.036	False
NA19918	133000	138000	20	7	7.022	0.15	False
NA19918	138000	197000	159	9	8.954	0.054	False
NA19918	197000	214875	36	8	7.784	0.108	False
NA19918	214875	400000	624	9	9.013	0.026	False
NA19919	0	19000	62	9	9.014	0.083	False
NA19919	19000	197250	461	10	10.017	0.032	False
NA19919	197250	217500	44	9	9.004	0.099	False
NA19919	217500	227375	23	11	10.985	0.137	False
NA19919	227375	400000	592	10	10.022	0.027	False
NA19920	0	21750	71	10	10.303	0.075	False
NA19920	21750	30000	21	8	7.863	0.139	False
NA19920	30000	133000	251	10	9.955	0.042	False
NA19920	133000	138250	21	8	8.126	0.143	False
NA19920	138250	199750	163	10	9.869	0.052	False
NA19920	199750	216500	37	8	8.003	0.104	False
NA19920	216500	400000	618	10	9.984	0.026	False
NA19921	0	19000	62	8	8.33	0.086	False
NA19921	19000	194625	453	10	9.953	0.033	False
NA19921	194625	216875	50	9	8.875	0.096	False
NA19921	216875	400000	617	10	9.994	0.027	False
NA19922	0	18250	59	8	8.336	0.094	False
NA19922	18250	204125	471	11	10.942	0.035	False
NA19922	204125	216875	35	9	9.368	0.122	True
NA19922	216875	400000	617	11	10.997	0.029	False
NA19923	0	18250	59	10	10.123	0.085	False
NA19923	18250	28000	30	9	8.742	0.119	False
NA19923	28000	198500	436	10	9.935	0.033	False
NA19923	198500	216875	40	7	7.335	0.103	False
NA19923	216875	400000	617	10	9.982	0.026	False
NA19924	0	22500	74	9	9.348	0.084	False
NA19924	22500	198500	451	11	10.943	0.036	False
NA19924	198500	216875	40	7	7.381	0.114	True
NA19924	216875	400000	617	11	10.988	0.029	False
NA19982	0	15000	47	7	7.475	0.098	True
NA19982	15000	23125	28	9	9.263	0.127	False
NA19982	23125	29500	16	7	7.047	0.168	False
NA19982	29500	198500	434	9	8.96	0.034	False
NA19982	198500	216875	40	8	7.902	0.106	False
NA19982	216875	400000	617	9	8.992	0.027	False
NA19983	0	16750	54	8	8.454	0.088	True
NA19983	16750	199750	473	10	10.056	0.031	False
NA19983	199750	216875	38	9	8.878	0.105	False
NA19983	216875	400000	617	10	10.019	0.026	False
NA19984	0	16500	53	9	9.15	0.092	False
NA19984	16500	194250	461	10	10.004	0.033	False
NA19984	194250	218000	55	9	9.0	0.09	False
NA19984	218000	400000	613	10	9.996	0.027	False
NA20126	0	14250	44	7	7.966	0.102	True
NA20126	14250	400000	1138	10	10.015	0.021	False
NA20127	0	400000	1182	10	9.997	0.019	False
NA20128	0	14250	44	8	8.469	0.096	True
NA20128	14250	400000	1138	10	9.992	0.019	False
NA20129	0	198500	525	10	10.006	0.029	False
NA20129	198500	216875	40	8	8.061	0.101	False
NA20129	216875	400000	617	10	9.996	0.026	False
NA20274	0	400000	1182	9	9.004	0.019	False
NA20276	0	14750	46	9	9.246	0.099	False
NA20276	14750	400000	1136	10	9.978	0.02	False
NA20278	0	194625	515	10	10.023	0.03	False
NA20278	194625	216250	48	9	9.013	0.094	False
NA20278	216250	400000	619	10	9.953	0.026	False
NA20279	0	16500	53	11	11.248	0.09	False
NA20279	16500	198500	472	10	10.018	0.032	False
NA20279	198500	218000	44	8	7.927	0.099	False
NA20279	218000	400000	613	10	10.007	0.027	False
NA20281	0	400000	1182	10	9.984	0.021	False
NA20282	0	199750	527	10	9.966	0.03	False
NA20282	199750	216875	38	9	9.004	0.107	False
NA20282	216875	400000	617	10	10.003	0.027	False
NA20287	0	13750	42	9	9.272	0.08	False
NA20287	13750	400000	1140	10	9.989	0.016	False
NA20289	0	63000	127	10	9.987	0.053	False
NA20289	63000	400000	1055	9	8.982	0.018	False
NA20291	0	204125	530	10	9.974	0.031	False
NA20291	204125	218000	39	9	8.906	0.109	False
NA20291	218000	400000	613	10	10.024	0.028	False
NA20294	0	14750	46	9	9.096	0.101	False
NA20294	14750	23125	29	12	12.448	0.127	True
NA20294	23125	197625	449	10	9.968	0.034	False
NA20294	197625	216875	41	9	8.914	0.107	False
NA20294	216875	400000	617	10	10.004	0.028	False
NA20296	0	400000	1182	10	9.981	0.021	False
NA20298	0	23125	75	9	9.143	0.073	False
NA20298	23125	199750	452	10	9.959	0.031	False
NA20298	199750	217750	41	9	9.074	0.099	False
NA20298	217750	400000	614	10	9.991	0.026	False
NA20299	0	14250	44	7	7.638	0.098	True
NA20299	14250	20250	23	9	8.679	0.136	False
NA20299	20250	195500	450	10	9.978	0.032	False
NA20299	195500	216875	48	9	9.062	0.094	False
NA20299	216875	400000	617	10	10.007	0.026	False
NA20314	0	400000	1182	10	10.012	0.021	False
NA20317	0	14250	44	8	8.41	0.101	True
NA20317	14250	400000	1138	10	9.992	0.02	False
NA20318	0	14750	46	8	8.528	0.092	True
NA20318	14750	132750	296	10	10.026	0.038	False
NA20318	132750	138500	23	9	8.827	0.133	False
NA20318	138500	400000	817	10	10.012	0.022	False
NA20320	0	18750	61	9	9.233	0.088	False
NA20320	18750	196250	458	10	9.922	0.034	False
NA20320	196250	216875	46	9	9.039	0.101	False
NA20320	216875	272875	162	10	10.037	0.056	False
NA20320	272875	325250	176	9	8.944	0.052	False
NA20320	325250	400000	279	10	10.062	0.041	False
NA20321	0	133000	343	10	9.988	0.036	False
NA20321	133000	138250	21	8	8.491	0.144	True
NA20321	138250	193500	147	10	10.001	0.056	False
NA20321	193500	218000	58	9	9.177	0.084	False
NA20321	218000	272875	158	10	9.907	0.053	False
NA20321	272875	323000	167	9	8.906	0.05	False
NA20321	323000	400000	288	10	10.049	0.037	False
NA20332	0	15250	48	8	8.355	0.094	True
NA20332	15250	194250	466	10	9.996	0.032	False
NA20332	194250	216250	49	9	8.999	0.093	False
NA20332	216250	400000	619	10	9.985	0.026	False
NA20334	0	15000	47	8	8.16	0.091	False
NA20334	15000	201625	481	10	9.956	0.03	False
NA20334	201625	217500	39	9	8.971	0.1	False
NA20334	217500	400000	615	10	10.001	0.025	False
NA20339	0	24000	77	9	9.058	0.07	False
NA20339	24000	400000	1105	10	10.018	0.019	False
NA20340	0	19500	64	10	10.067	0.076	False
NA20340	19500	25750	20	9	8.62	0.135	False
NA20340	25750	400000	1098	10	9.987	0.019	False
NA20342	0	23125	75	9	9.007	0.075	False
NA20342	23125	400000	1107	10	9.98	0.02	False
NA20346	0	15250	48	9	9.219	0.098	False
NA20346	15250	197625	476	10	9.998	0.033	False
NA20346	197625	224500	58	9	9.062	0.089	False
NA20346	224500	400000	600	10	10.012	0.028	False
NA20348	0	400000	1182	10	9.992	0.019	False
NA20351	0	16250	52	9	9.238	0.089	False
NA20351	16250	22250	21	10	10.111	0.14	False
NA20351	22250	29500	18	8	7.879	0.151	False
NA20351	29500	194000	422	10	9.942	0.033	False
NA20351	194000	215250	46	9	9.107	0.095	False
NA20351	215250	400000	623	10	9.999	0.026	False
NA20355	0	195000	516	10	10.061	0.031	False
NA20355	195000	217750	52	9	8.717	0.093	False
NA20355	217750	400000	614	10	10.009	0.027	False
NA20356	0	25500	83	9	8.918	0.073	False
NA20356	25500	400000	1099	10	9.985	0.021	False
NA20357	0	182250	477	10	10.005	0.031	False
NA20357	182250	198500	48	9	9.046	0.1	False
NA20357	198500	216875	40	7	7.014	0.104	False
NA20357	216875	270250	158	9	9.017	0.054	False
NA20357	270250	400000	459	10	10.016	0.03	False
NA20358	0	198500	525	10	9.941	0.029	False
NA20358	198500	217250	41	8	8.192	0.099	False
NA20358	217250	400000	616	10	10.001	0.026	False
NA20359	0	14000	43	9	9.64	0.1	True
NA20359	14000	197625	481	11	11.056	0.031	False
NA20359	197625	216250	39	10	10.023	0.105	False
NA20359	216250	400000	619	11	11.007	0.026	False
NA20362	0	14500	45	8	8.494	0.091	True
NA20362	14500	203250	484	10	9.982	0.029	False
NA20362	203250	216000	33	9	9.073	0.106	False
NA20362	216000	400000	620	10	10.014	0.025	False
NA20412	0	28000	89	9	8.882	0.07	False
NA20412	28000	197625	435	10	10.048	0.033	False
NA20412	197625	216875	41	8	7.808	0.103	False
NA20412	216875	400000	617	10	9.972	0.027	False
NA20502	0	22500	74	9	9.06	0.076	False
NA20502	22500	400000	1108	10	10.001	0.02	False
NA20503	0	400000	1182	10	10.026	0.019	False
NA20504	0	197625	524	11	10.982	0.031	False
NA20504	197625	216875	41	8	7.969	0.105	False
NA20504	216875	316750	306	11	11.002	0.039	False
NA20504	316750	400000	311	10	10.058	0.038	False
NA20505	0	22500	74	9	9.128	0.078	False
NA20505	22500	400000	1108	10	9.977	0.021	False
NA20506	0	194250	514	10	9.987	0.029	False
NA20506	194250	218000	55	9	9.134	0.084	False
NA20506	218000	400000	613	10	9.972	0.025	False
NA20507	0	400000	1182	10	9.985	0.019	False
NA20508	0	17000	55	9	9.166	0.084	False
NA20508	17000	400000	1127	10	9.972	0.019	False
NA20509	0	198500	525	10	10.043	0.028	False
NA20509	198500	218000	44	8	8.073	0.092	False
NA20509	218000	400000	613	10	9.995	0.025	False
NA20510	0	197625	524	10	10.059	0.032	False
NA20510	197625	216875	41	8	8.027	0.108	False
NA20510	216875	400000	617	10	9.988	0.028	False
NA20511	0	12000	35	9	9.18	0.11	False
NA20511	12000	400000	1147	10	10.031	0.02	False
NA20512	0	16000	51	9	9.117	0.087	False
NA20512	16000	197625	473	10	10.003	0.03	False
NA20512	197625	222875	57	9	9.123	0.082	False
NA20512	222875	400000	601	10	9.991	0.025	False
NA20513	0	16750	54	11	11.124	0.089	False
NA20513	16750	195500	463	10	9.954	0.032	False
NA20513	195500	227375	73	9	8.934	0.077	False
NA20513	227375	400000	592	10	9.986	0.027	False
NA20514	0	20500	68	12	12.041	0.086	False
NA20514	20500	199250	458	11	10.976	0.035	False
NA20514	199250	216875	39	9	8.811	0.113	False
NA20514	216875	316500	305	11	10.88	0.041	False
NA20514	316500	400000	312	10	10.043	0.039	False
NA20515	0	23125	75	8	7.884	0.093	False
NA20515	23125	389250	1064	10	10.006	0.025	False
NA20515	389250	400000	43	9	9.202	0.121	False
NA20516	0	131750	338	10	9.99	0.037	False
NA20516	131750	139000	29	9	8.815	0.123	False
NA20516	139000	400000	815	10	10.01	0.023	False
NA20517	0	188750	497	10	10.028	0.028	False
NA20517	188750	400000	685	9	9.015	0.023	False
NA20518	0	22500	74	8	8.214	0.066	False
NA20518	22500	400000	1108	9	8.976	0.017	False
NA20519	0	400000	1182	10	10.0	0.019	False
NA20520	0	199750	527	10	10.051	0.028	False
NA20520	199750	214875	31	9	9.041	0.111	False
NA20520	214875	400000	624	10	10.009	0.025	False
NA20521	0	400000	1182	10	9.996	0.019	False
NA20522	0	24250	78	9	9.135	0.078	False
NA20522	24250	400000	1104	10	10.018	0.021	False
NA20524	0	197625	524	10	9.966	0.029	False
NA20524	197625	227375	66	9	9.026	0.079	False
NA20524	227375	400000	592	10	9.987	0.026	False
NA20525	0	197625	524	10	10.011	0.028	False
NA20525	197625	217500	43	9	8.746	0.093	False
NA20525	217500	400000	615	10	10.009	0.025	False
NA20527	0	17250	56	11	11.048	0.093	False
NA20527	17250	196000	462	10	10.004	0.034	False
NA20527	196000	228750	77	9	9.093	0.079	False
NA20527	228750	400000	587	10	10.003	0.029	False
NA20528	0	16000	51	11	11.619	0.095	True
NA20528	16000	400000	1131	10	10.013	0.021	False
NA20529	0	15000	47	7	7.813	0.093	True
NA20529	15000	21500	23	8	8.272	0.133	False
NA20529	21500	400000	1112	10	9.978	0.02	False
NA20530	0	400000	1182	10	9.995	0.018	False
NA20531	0	386000	1126	10	10.003	0.019	False
NA20531	386000	400000	56	11	10.744	0.083	False
NA20532	0	24000	77	9	9.022	0.074	False
NA20532	24000	198500	448	10	10.036	0.032	False
NA20532	198500	216500	39	9	8.798	0.104	False
NA20532	216500	400000	618	10	10.012	0.026	False
NA20533	0	23125	75	9	9.086	0.071	False
NA20533	23125	400000	1107	10	9.972	0.019	False
NA20534	0	18000	58	11	10.97	0.081	False
NA20534	18000	198500	467	10	9.945	0.03	False
NA20534	198500	216875	40	9	9.023	0.098	False
NA20534	216875	400000	617	10	9.929	0.025	False
NA20535	0	197625	524	10	9.993	0.029	False
NA20535	197625	217250	42	9	8.802	0.1	False
NA20535	217250	400000	616	10	9.992	0.026	False
NA20536	0	23125	75	9	8.925	0.078	False
NA20536	23125	194625	440	10	10.032	0.034	False
NA20536	194625	217250	51	9	9.049	0.095	False
NA20536	217250	400000	616	10	9.983	0.027	False
NA20538	0	195500	517	10	10.002	0.031	False
NA20538	195500	226000	68	9	9.001	0.083	False
NA20538	226000	400000	597	10	10.024	0.028	False
NA20539	0	23125	75	9	9.144	0.075	False
NA20539	23125	268250	646	10	9.928	0.027	False
NA20539	268250	325000	181	9	8.964	0.049	False
NA20539	325000	400000	280	10	10.029	0.038	False
NA20540	0	400000	1182	10	9.981	0.02	False
NA20541	0	21500	70	9	9.028	0.073	False
NA20541	21500	199250	456	10	9.979	0.03	False
NA20541	199250	227375	64	9	8.98	0.076	False
NA20541	227375	400000	592	10	9.969	0.025	False
NA20542	0	12000	35	9	8.768	0.11	False
NA20542	12000	23125	40	8	7.9	0.103	False
NA20542	23125	199250	451	10	10.011	0.032	False
NA20542	199250	227375	64	9	8.797	0.082	False
NA20542	227375	400000	592	10	9.988	0.027	False
NA20543	0	23750	76	9	8.928	0.078	False
NA20543	23750	400000	1106	10	10.024	0.021	False
NA20544	0	193750	512	10	9.996	0.028	False
NA20544	193750	216875	53	9	9.006	0.083	False
NA20544	216875	400000	617	10	10.028	0.024	False
NA20581	0	22500	74	9	9.12	0.072	False
NA20581	22500	400000	1108	10	9.978	0.019	False
NA20582	0	400000	1182	9	8.995	0.019	False
NA20585	0	400000	1182	10	10.019	0.02	False
NA20586	0	198500	525	10	10.019	0.031	False
NA20586	198500	227375	65	9	8.911	0.085	False
NA20586	227375	400000	592	10	9.997	0.028	False
NA20587	0	20000	66	9	9.255	0.075	False
NA20587	20000	199250	460	10	10.007	0.03	False
NA20587	199250	216875	39	8	7.966	0.097	False
NA20587	216875	400000	617	10	9.979	0.025	False
NA20588	0	400000	1182	10	9.97	0.019	False
NA20589	0	199250	526	11	11.065	0.03	False
NA20589	199250	216875	39	9	8.999	0.107	False
NA20589	216875	262750	138	11	10.841	0.059	False
NA20589	262750	400000	479	10	10.05	0.03	False
NA20752	0	197625	524	11	10.93	0.034	False
NA20752	197625	216875	41	8	8.287	0.116	False
NA20752	216875	313250	293	11	10.997	0.045	False
NA20752	313250	400000	324	10	10.023	0.041	False
NA20753	0	190500	504	11	10.989	0.033	False
NA20753	190500	216875	61	10	9.978	0.09	False
NA20753	216875	316750	306	11	10.908	0.041	False
NA20753	316750	400000	311	10	10.051	0.039	False
NA20754	0	198500	525	11	10.982	0.031	False
NA20754	198500	216875	40	9	8.975	0.108	False
NA20754	216875	400000	617	11	10.987	0.028	False
NA20755	0	400000	1182	10	9.993	0.021	False
NA20756	0	14750	46	9	8.959	0.105	False
NA20756	14750	400000	1136	10	10.009	0.022	False
NA20757	0	400000	1182	12	12.037	0.021	False
NA20758	0	400000	1182	10	9.993	0.02	False
NA20759	0	197625	524	10	10.039	0.029	False
NA20759	197625	215500	36	9	8.925	0.106	False
NA20759	215500	400000	622	10	10.008	0.026	False
NA20760	0	17000	55	11	11.172	0.095	False
NA20760	17000	199250	471	10	10.025	0.034	False
NA20760	199250	216875	39	8	8.22	0.113	False
NA20760	216875	400000	617	10	10.0	0.028	False
NA20761	0	400000	1182	10	9.997	0.019	False
NA20762	0	400000	1182	10	10.024	0.015	False
NA20763	0	400000	1182	10	9.959	0.019	False
NA20764	0	20000	66	9	8.955	0.084	False
NA20764	20000	197000	456	10	10.037	0.034	False
NA20764	197000	215250	37	9	8.987	0.112	False
NA20764	215250	400000	623	10	10.006	0.027	False
NA20765	0	196750	521	10	10.032	0.029	False
NA20765	196750	218500	50	9	8.908	0.09	False
NA20765	218500	400000	611	10	9.962	0.026	False
NA20766	0	198500	525	10	10.06	0.031	False
NA20766	198500	216875	40	7	6.975	0.107	False
NA20766	216875	400000	617	10	9.991	0.027	False
NA20767	0	400000	1182	10	10.014	0.019	False
NA20768	0	199250	526	10	10.046	0.031	False
NA20768	199250	216875	39	8	8.342	0.109	False
NA20768	216875	400000	617	10	9.98	0.028	False
NA20769	0	20250	67	9	9.239	0.081	False
NA20769	20250	400000	1115	10	9.975	0.02	False
NA20770	0	400000	1182	9	8.996	0.018	False
NA20771	0	400000	1182	10	9.993	0.017	False
NA20772	0	16000	51	12	11.934	0.099	False
NA20772	16000	198500	474	10	10.011	0.034	False
NA20772	198500	216500	39	9	8.915	0.114	False
NA20772	216500	400000	618	10	9.999	0.029	False
NA20773	0	400000	1182	10	9.996	0.019	False
NA20774	0	195000	516	10	10.032	0.027	False
NA20774	195000	216875	49	8	8.231	0.084	False
NA20774	216875	400000	617	10	9.952	0.024	False
NA20775	0	400000	1182	10	10.027	0.019	False
NA20778	0	400000	1182	11	10.981	0.02	False
NA20783	0	23125	75	9	9.178	0.075	False
NA20783	23125	400000	1107	10	9.929	0.02	False
NA20785	0	16750	54	11	11.22	0.088	False
NA20785	16750	400000	1128	10	10.009	0.02	False
NA20786	0	379000	1101	11	10.98	0.022	False
NA20786	379000	400000	81	18	18.001	0.08	False
NA20787	0	133000	343	10	9.987	0.04	False
NA20787	133000	138250	21	7	7.273	0.16	False
NA20787	138250	400000	818	10	9.986	0.025	False
NA20790	0	22000	72	8	8.024	0.077	False
NA20790	22000	400000	1110	10	9.99	0.02	False
NA20792	0	15000	47	8	8.833	0.087	True
NA20792	15000	21750	24	9	9.125	0.122	False
NA20792	21750	197000	451	10	10.065	0.029	False
NA20792	197000	215750	39	9	8.826	0.095	False
NA20792	215750	400000	621	10	9.991	0.024	False
NA20795	0	272875	727	10	9.98	0.025	False
NA20795	272875	325250	176	9	8.967	0.049	False
NA20795	325250	354000	112	10	9.973	0.06	False
NA20795	354000	377500	80	11	11.118	0.072	False
NA20795	377500	400000	87	10	9.988	0.07	False
NA20796	0	23125	75	9	9.155	0.075	False
NA20796	23125	400000	1107	10	9.999	0.02	False
NA20797	0	198500	525	10	9.998	0.029	False
NA20797	198500	216875	40	8	8.093	0.101	False
NA20797	216875	400000	617	10	9.978	0.026	False
NA20798	0	17000	55	11	11.081	0.088	False
NA20798	17000	400000	1127	10	9.99	0.02	False
NA20799	0	400000	1182	10	10.01	0.019	False
NA20800	0	400000	1182	10	9.999	0.019	False
NA20801	0	197250	523	10	10.052	0.029	False
NA20801	197250	216875	42	8	7.788	0.099	False
NA20801	216875	400000	617	10	9.966	0.026	False
NA20802	0	21500	70	8	8.163	0.078	False
NA20802	21500	400000	1112	10	9.976	0.02	False
NA20803	0	400000	1182	10	9.974	0.019	False
NA20804	0	197250	523	10	10.016	0.03	False
NA20804	197250	218250	47	9	9.087	0.096	False
NA20804	218250	400000	612	10	9.974	0.027	False
NA20805	0	16750	54	12	12.108	0.087	False
NA20805	16750	197625	470	11	10.944	0.031	False
NA20805	197625	216875	41	8	8.129	0.1	False
NA20805	216875	316500	305	11	10.926	0.037	False
NA20805	316500	400000	312	10	10.115	0.036	False
NA20806	0	197625	524	10	9.97	0.03	False
NA20806	197625	227375	66	9	9.126	0.081	False
NA20806	227375	400000	592	10	9.989	0.027	False
NA20807	0	15500	49	8	8.351	0.094	True
NA20807	15500	400000	1133	10	9.977	0.02	False
NA20808	0	198500	525	10	9.986	0.03	False
NA20808	198500	216875	40	8	8.134	0.103	False
NA20808	216875	400000	617	10	9.986	0.026	False
NA20809	0	22500	74	9	8.963	0.076	False
NA20809	22500	400000	1108	10	9.98	0.02	False
NA20810	0	400000	1182	10	9.987	0.02	False
NA20811	0	22250	73	9	8.859	0.075	False
NA20811	22250	195000	443	10	10.029	0.032	False
NA20811	195000	216875	49	9	9.092	0.092	False
NA20811	216875	400000	617	10	10.002	0.026	False
NA20812	0	22000	72	9	8.95	0.077	False
NA20812	22000	400000	1110	10	9.996	0.02	False
NA20813	0	13500	41	10	10.149	0.103	False
NA20813	13500	198500	484	11	11.008	0.031	False
NA20813	198500	216875	40	9	8.915	0.104	False
NA20813	216875	318750	314	11	10.879	0.038	False
NA20813	318750	400000	303	10	10.053	0.037	False
NA20814	0	23750	76	9	8.947	0.077	False
NA20814	23750	198500	449	10	10.062	0.033	False
NA20814	198500	216875	40	9	9.041	0.106	False
NA20814	216875	400000	617	10	9.967	0.027	False
NA20815	0	20250	67	9	9.043	0.093	False
NA20815	20250	198500	458	10	10.07	0.037	False
NA20815	198500	227375	65	9	8.68	0.094	False
NA20815	227375	400000	592	10	10.003	0.031	False
NA20818	0	194625	515	10	10.01	0.03	False
NA20818	194625	216875	50	9	9.099	0.093	False
NA20818	216875	400000	617	10	9.94	0.027	False
NA20819	0	400000	1182	9	9.004	0.027	False
NA20821	0	400000	1182	11	10.965	0.021	False
NA20822	0	400000	1182	10	9.993	0.019	False
NA20826	0	263000	704	11	10.999	0.024	False
NA20826	263000	400000	478	10	10.012	0.028	False
NA20827	0	400000	1182	10	9.957	0.018	False
NA20828	0	400000	1182	10	10.01	0.02	False
NA20832	0	16750	54	11	11.06	0.09	False
NA20832	16750	195500	463	10	10.011	0.032	False
NA20832	195500	216875	48	8	8.126	0.095	False
NA20832	216875	400000	617	10	9.995	0.027	False
NA20845	0	20500	68	8	8.358	0.079	True
NA20845	20500	199250	458	10	9.929	0.032	False
NA20845	199250	216250	37	8	8.09	0.107	False
NA20845	216250	400000	619	10	10.058	0.026	False
NA20846	0	196500	520	10	10.016	0.031	False
NA20846	196500	218250	50	9	8.943	0.095	False
NA20846	218250	400000	612	10	10.036	0.027	False
NA20847	0	23125	75	9	9.087	0.072	False
NA20847	23125	194625	440	10	9.982	0.031	False
NA20847	194625	216000	47	9	8.949	0.091	False
NA20847	216000	400000	620	10	9.978	0.025	False
NA20849	0	22500	74	9	9.099	0.073	False
NA20849	22500	194250	440	10	9.955	0.031	False
NA20849	194250	216875	51	9	8.875	0.088	False
NA20849	216875	400000	617	10	10.016	0.025	False
NA20850	0	198500	525	10	10.013	0.026	False
NA20850	198500	216875	40	7	7.215	0.09	False
NA20850	216875	400000	617	10	10.003	0.023	False
NA20851	0	16000	51	11	11.146	0.093	False
NA20851	16000	400000	1131	10	10.006	0.02	False
NA20852	0	15500	49	9	9.099	0.097	False
NA20852	15500	197625	475	10	9.955	0.033	False
NA20852	197625	217500	43	9	8.976	0.103	False
NA20852	217500	400000	615	10	10.01	0.027	False
NA20853	0	16000	51	12	11.769	0.09	False
NA20853	16000	193125	459	10	10.018	0.031	False
NA20853	193125	216500	54	9	9.066	0.087	False
NA20853	216500	400000	618	10	9.972	0.026	False
NA20854	0	197625	524	10	10.012	0.028	False
NA20854	197625	216875	41	8	8.053	0.096	False
NA20854	216875	400000	617	10	9.989	0.025	False
NA20856	0	16000	51	9	9.254	0.094	False
NA20856	16000	400000	1131	10	10.005	0.02	False
NA20858	0	16000	51	9	9.292	0.09	False
NA20858	16000	400000	1131	10	9.979	0.02	False
NA20859	0	198500	525	10	10.031	0.028	False
NA20859	198500	216875	40	9	9.154	0.098	False
NA20859	216875	400000	617	10	10.013	0.025	False
NA20861	0	14500	45	9	9.214	0.102	False
NA20861	14500	400000	1137	10	10.013	0.021	False
NA20862	0	197625	524	10	10.039	0.03	False
NA20862	197625	216875	41	9	8.805	0.104	False
NA20862	216875	400000	617	10	10.009	0.027	False
NA20863	0	196750	521	10	10.01	0.028	False
NA20863	196750	216500	43	9	9.005	0.094	False
NA20863	216500	400000	618	10	10.023	0.025	False
NA20864	0	22500	74	8	8.223	0.071	False
NA20864	22500	400000	1108	9	8.98	0.019	False
NA20866	0	400000	1182	10	9.978	0.018	False
NA20867	0	194000	513	13	13.028	0.034	False
NA20867	194000	217250	53	12	11.969	0.1	False
NA20867	217250	261000	130	13	13.069	0.066	False
NA20867	261000	400000	486	12	11.979	0.033	False
NA20868	0	400000	1182	10	10.027	0.018	False
NA20869	0	400000	1182	10	10.02	0.019	False
NA20870	0	400000	1182	10	9.998	0.019	False
NA20872	0	23125	75	9	8.978	0.074	False
NA20872	23125	400000	1107	10	10.003	0.02	False
NA20874	0	195000	516	11	11.004	0.032	False
NA20874	195000	218000	53	10	10.016	0.095	False
NA20874	218000	263000	135	11	11.068	0.062	False
NA20874	263000	400000	478	10	9.97	0.032	False
NA20875	0	198500	525	10	10.033	0.028	False
NA20875	198500	216500	39	8	8.252	0.098	False
NA20875	216500	400000	618	10	9.988	0.025	False
NA20876	0	191500	507	10	9.993	0.03	False
NA20876	191500	218500	64	9	9.145	0.08	False
NA20876	218500	400000	611	10	9.981	0.026	False
NA20877	0	400000	1182	10	10.032	0.02	False
NA20878	0	18500	60	9	9.123	0.083	False
NA20878	18500	400000	1122	10	9.997	0.02	False
NA20881	0	57500	117	9	9.104	0.059	False
NA20881	57500	195000	399	10	9.94	0.033	False
NA20881	195000	217500	51	9	8.89	0.088	False
NA20881	217500	400000	615	10	10.011	0.025	False
NA20882	0	16000	51	10	9.817	0.078	False
NA20882	16000	400000	1131	9	8.993	0.017	False
NA20884	0	194625	515	10	9.995	0.03	False
NA20884	194625	216875	50	9	9.255	0.092	False
NA20884	216875	400000	617	10	10.008	0.026	False
NA20885	0	400000	1182	10	10.001	0.02	False
NA20886	0	8500	21	10	10.246	0.152	False
NA20886	8500	16500	32	8	8.161	0.123	False
NA20886	16500	400000	1129	10	9.994	0.021	False
NA20887	0	400000	1182	10	10.007	0.02	False
NA20888	0	8000	19	9	8.916	0.152	False
NA20888	8000	400000	1163	10	10.011	0.02	False
NA20889	0	23125	75	9	9.006	0.074	False
NA20889	23125	400000	1107	10	10.003	0.02	False
NA20890	0	20000	66	8	8.34	0.083	False
NA20890	20000	400000	1116	10	10.0	0.021	False
NA20891	0	15500	49	9	8.867	0.096	False
NA20891	15500	23125	26	8	7.864	0.132	False
NA20891	23125	400000	1107	9	8.986	0.021	False
NA20892	0	203250	529	10	9.95	0.03	False
NA20892	203250	217250	37	9	9.006	0.109	False
NA20892	217250	400000	616	10	10.031	0.027	False
NA20894	0	16250	52	11	11.07	0.1	False
NA20894	16250	196250	467	10	9.958	0.035	False
NA20894	196250	217250	47	9	8.893	0.105	False
NA20894	217250	400000	616	10	10.014	0.029	False
NA20895	0	16250	52	11	11.342	0.091	False
NA20895	16250	400000	1130	10	9.977	0.02	False
NA20896	0	14500	45	8	8.216	0.099	False
NA20896	14500	21750	26	9	9.068	0.131	False
NA20896	21750	196250	448	10	9.956	0.033	False
NA20896	196250	217250	47	9	9.118	0.097	False
NA20896	217250	400000	616	10	10.004	0.027	False
NA20897	0	16000	51	11	10.857	0.086	False
NA20897	16000	400000	1131	10	9.988	0.019	False
NA20899	0	15250	48	8	8.13	0.093	False
NA20899	15250	400000	1134	9	8.979	0.02	False
NA20900	0	23125	75	8	8.126	0.077	False
NA20900	23125	400000	1107	9	8.961	0.02	False
NA20901	0	400000	1182	10	10.0	0.019	False
NA20902	0	21000	69	9	9.009	0.075	False
NA20902	21000	197625	455	10	9.943	0.031	False
NA20902	197625	216875	41	8	8.188	0.098	False
NA20902	216875	400000	617	10	9.989	0.025	False
NA20903	0	400000	1182	10	9.992	0.021	False
NA20904	0	58000	119	9	9.1	0.055	False
NA20904	58000	195500	398	10	9.951	0.031	False
NA20904	195500	217250	49	9	8.844	0.085	False
NA20904	217250	400000	616	10	9.993	0.024	False
NA20905	0	196000	518	10	10.039	0.024	False
NA20905	196000	214875	40	9	9.113	0.081	False
NA20905	214875	400000	624	10	10.024	0.021	False
NA20906	0	14250	44	7	7.991	0.089	True
NA20906	14250	400000	1138	10	9.984	0.018	False
NA20908	0	21500	70	9	9.216	0.077	False
NA20908	21500	400000	1112	10	10.002	0.02	False
NA20910	0	14000	43	9	9.316	0.102	False
NA20910	14000	195500	474	10	10.045	0.032	False
NA20910	195500	216875	48	8	8.121	0.097	False
NA20910	216875	400000	617	10	9.982	0.027	False
NA20911	0	16000	51	10	10.094	0.089	False
NA20911	16000	198500	474	9	8.963	0.031	False
NA20911	198500	216875	40	7	7.132	0.101	False
NA20911	216875	400000	617	9	8.988	0.026	False
NA21086	0	400000	1182	10	10.011	0.017	False
NA21087	0	194625	515	10	9.994	0.031	False
NA21087	194625	218500	56	9	8.905	0.091	False
NA21087	218500	400000	611	10	9.991	0.028	False
NA21088	0	194625	515	10	10.033	0.029	False
NA21088	194625	218000	54	9	8.993	0.087	False
NA21088	218000	400000	613	10	10.001	0.026	False
NA21089	0	15750	50	9	9.208	0.093	False
NA21089	15750	195500	467	10	10.001	0.032	False
NA21089	195500	216000	45	9	8.923	0.098	False
NA21089	216000	400000	620	10	10.016	0.027	False
NA21090	0	9750	26	10	9.928	0.126	False
NA21090	9750	14750	20	9	8.757	0.144	False
NA21090	14750	132750	296	10	10.028	0.039	False
NA21090	132750	138250	22	8	8.063	0.141	False
NA21090	138250	400000	818	10	9.983	0.023	False
NA21091	0	14250	44	8	8.502	0.098	True
NA21091	14250	21500	26	9	9.093	0.127	False
NA21091	21500	197625	454	10	10.042	0.032	False
NA21091	197625	216875	41	8	8.015	0.101	False
NA21091	216875	400000	617	10	10.006	0.026	False
NA21092	0	14750	46	9	8.978	0.092	False
NA21092	14750	191500	461	10	10.001	0.03	False
NA21092	191500	216875	58	9	9.003	0.082	False
NA21092	216875	400000	617	10	10.024	0.025	False
NA21093	0	8500	21	10	9.798	0.124	False
NA21093	8500	21000	48	9	9.019	0.082	False
NA21093	21000	199750	458	10	10.008	0.028	False
NA21093	199750	216875	38	9	8.762	0.093	False
NA21093	216875	393750	592	10	10.006	0.024	False
NA21093	393750	400000	25	9	9.032	0.114	False
NA21094	0	195500	517	10	10.005	0.026	False
NA21094	195500	216875	48	9	9.017	0.082	False
NA21094	216875	400000	617	10	9.959	0.023	False
NA21095	0	16000	51	11	10.937	0.099	False
NA21095	16000	400000	1131	10	9.988	0.021	False
NA21097	0	25000	81	9	9.024	0.073	False
NA21097	25000	199250	445	10	10.038	0.033	False
NA21097	199250	218000	43	9	8.927	0.1	False
NA21097	218000	400000	613	10	10.018	0.027	False
NA21098	0	175500	456	10	10.016	0.032	False
NA21098	175500	197250	67	11	11.108	0.084	False
NA21098	197250	216875	42	9	8.635	0.101	True
NA21098	216875	292500	216	11	10.827	0.046	False
NA21098	292500	400000	401	10	10.04	0.032	False
NA21099	0	400000	1182	10	9.989	0.02	False
NA21100	0	400000	1182	10	9.993	0.021	False
NA21101	0	197250	523	10	9.99	0.029	False
NA21101	197250	216500	41	8	7.833	0.099	False
NA21101	216500	400000	618	10	10.021	0.026	False
NA21102	0	400000	1182	10	10.001	0.018	False
NA21103	0	16500	53	11	10.924	0.089	False
NA21103	16500	400000	1129	10	10.022	0.02	False
NA21104	0	22250	73	9	9.067	0.081	False
NA21104	22250	197625	451	10	10.063	0.034	False
NA21104	197625	216875	41	9	8.789	0.108	False
NA21104	216875	400000	617	10	9.984	0.028	False
NA21105	0	14500	45	9	9.051	0.093	False
NA21105	14500	194625	470	10	9.995	0.03	False
NA21105	194625	216875	50	9	9.154	0.089	False
NA21105	216875	400000	617	10	10.011	0.025	False
NA21106	0	14250	44	8	8.51	0.081	True
NA21106	14250	198500	481	10	9.988	0.026	False
NA21106	198500	216875	40	7	7.115	0.085	False
NA21106	216875	400000	617	10	10.038	0.022	False
NA21107	0	16000	51	10	10.031	0.088	False
NA21107	16000	83750	139	9	9.15	0.056	False
NA21107	83750	149375	213	10	9.981	0.045	False
NA21107	149375	168500	38	9	9.061	0.107	False
NA21107	168500	197625	83	10	10.052	0.073	False
NA21107	197625	216875	41	6	6.147	0.098	False
NA21107	216875	400000	617	10	9.983	0.025	False
NA21108	0	400000	1182	10	10.009	0.021	False
NA21109	0	400000	1182	10	9.983	0.02	False
NA21110	0	198500	525	10	10.024	0.024	False
NA21110	198500	216875	40	7	6.895	0.085	False
NA21110	216875	400000	617	10	10.019	0.022	False
NA21111	0	17250	56	9	8.903	0.082	False
NA21111	17250	400000	1126	10	9.986	0.019	False
NA21112	0	22250	73	8	8.036	0.072	False
NA21112	22250	195000	443	9	8.952	0.031	False
NA21112	195000	227375	74	8	8.103	0.072	False
NA21112	227375	400000	592	9	8.997	0.025	False
NA21113	0	197250	523	9	9.012	0.03	False
NA21113	197250	216875	42	6	5.914	0.102	False
NA21113	216875	400000	617	9	8.989	0.027	False
NA21114	0	400000	1182	10	9.996	0.022	False
NA21115	0	194625	515	10	9.976	0.03	False
NA21115	194625	211500	33	9	8.971	0.112	False
NA21115	211500	400000	634	10	9.997	0.026	False
NA21116	0	12500	37	11	10.987	0.11	False
NA21116	12500	400000	1145	10	10.013	0.02	False
NA21117	0	20500	68	9	8.673	0.075	False
NA21117	20500	400000	1114	10	10.01	0.019	False
NA21118	0	400000	1182	10	10.028	0.019	False
NA21119	0	14500	45	8	8.396	0.101	True
NA21119	14500	21500	25	9	8.944	0.135	False
NA21119	21500	192750	439	10	10.012	0.034	False
NA21119	192750	216875	56	9	8.943	0.09	False
NA21119	216875	400000	617	10	10.016	0.027	False
NA21120	0	188500	496	10	10.009	0.032	False
NA21120	188500	227750	95	9	9.214	0.07	False
NA21120	227750	400000	591	10	9.962	0.028	False
NA21122	0	400000	1182	10	10.023	0.02	False
NA21123	0	21000	69	9	9.187	0.074	False
NA21123	21000	195500	448	10	9.99	0.031	False
NA21123	195500	228500	77	9	9.172	0.07	False
NA21123	228500	400000	588	10	10.003	0.025	False
NA21124	0	198500	525	10	10.085	0.029	False
NA21124	198500	216875	40	8	8.027	0.1	False
NA21124	216875	400000	617	10	10.025	0.026	False
NA21125	0	198500	525	10	10.018	0.028	False
NA21125	198500	230750	78	9	9.121	0.071	False
NA21125	230750	400000	579	10	9.964	0.026	False
NA21126	0	198500	525	10	10.013	0.031	False
NA21126	198500	216000	37	9	8.905	0.113	False
NA21126	216000	400000	620	10	9.981	0.028	False
NA21127	0	16500	53	9	8.934	0.082	False
NA21127	16500	188750	444	10	10.045	0.03	False
NA21127	188750	228500	97	9	9.252	0.061	False
NA21127	228500	400000	588	10	9.98	0.025	False
NA21128	0	14750	46	10	10.395	0.086	True
NA21128	14750	23125	29	9	8.968	0.109	False
NA21128	23125	197625	449	10	9.888	0.029	False
NA21128	197625	216875	41	8	8.204	0.092	False
NA21128	216875	400000	617	10	10.013	0.024	False
NA21129	0	400000	1182	10	10.004	0.022	False
NA21130	0	400000	1182	10	10.011	0.019	False
NA21133	0	23125	75	8	8.005	0.068	False
NA21133	23125	400000	1107	10	10.017	0.018	False
NA21135	0	400000	1182	10	10.016	0.019	False
NA21137	0	195000	516	10	9.978	0.033	False
NA21137	195000	216875	49	8	8.007	0.102	False
NA21137	216875	400000	617	10	9.982	0.029	False
NA21141	0	198500	525	10	10.007	0.028	False
NA21141	198500	217250	41	8	8.063	0.095	False
NA21141	217250	400000	616	10	9.992	0.025	False
NA21142	0	14500	45	8	8.599	0.09	True
NA21142	14500	400000	1137	10	10.023	0.018	False
NA21143	0	400000	1182	10	10.002	0.018	False
NA21144	0	400000	1182	10	10.024	0.019	False
