sample	mode	engine	depth	read_length	insert_median	gc_L	ctrl_dup_frac	gc_rel_35	gc_rel_65	gc_curve_max_se	ctrl_region_sd	flagged_chromosomes	truth.auto	chrEBV.copies	chrM.copies	truth.chrX	truth.chrY	eof_marker	rDNA45S.cn_single	rDNA45S.cn_anchor	rDNA45S.cn_all	rDNA45S.cn_median	rDNA45S.window_log_sd	rDNA45S.cn_all_flat	rDNA45S.dup_flag_frac	rDNA45S.5ETS	rDNA45S.5ETS.flat	rDNA45S.18S	rDNA45S.18S.flat	rDNA45S.ITS1	rDNA45S.ITS1.flat	rDNA45S.5.8S	rDNA45S.5.8S.flat	rDNA45S.ITS2	rDNA45S.ITS2.flat	rDNA45S.28S	rDNA45S.28S.flat	rDNA45S.3ETS	rDNA45S.3ETS.flat	rDNA45S.IGS	rDNA45S.IGS.flat	rDNA5S.cn_single	rDNA5S.cn_anchor	rDNA5S.cn_all	rDNA5S.cn_median	rDNA5S.window_log_sd	rDNA5S.cn_all_flat	rDNA5S.dup_flag_frac	rDNA5S.5S	rDNA5S.5S.flat	rDNA5S.Alu	rDNA5S.Alu.flat	DJ.cn_single	DJ.cn_anchor	DJ.cn_all	DJ.cn_median	DJ.window_log_sd	DJ.cn_all_flat	DJ.dup_flag_frac	elapsed_sec	primary	records	placement_bin	input	panel_sha256	controls_sha256	sinks_sha256	n_classes
HG00096	fetch	0.1.0+fae1124	38.827	150	424	400	0.0974	0.9654	1.3032	0.0644	0.0398		2.0034	14.5352	867.4046	0.9816	0.9679	present	416.949	416.95	397.73	400.76	0.1834	448.84	0.0541	385.8	509.15	433.67	502.33	304.38	384.63	384.63	515.26	319.07	419.86	334.44	429.81	290.51	378.11	414.21	444.61	155.786	NA	155.79	153.04	0.0805	204.23	0.0315	137.0	179.1	133.79	176.34	9.828	9.83	9.88	9.89	0.1098	9.78	0.0585	4.28	8433483	8704573	1000	/scratch.global/lanej/1000G/ngs_dose/1000G_highcov/crams/HG00096.cram	9ab0a0e8	184ab16e	9dd52ba1	3
HG00097	fetch	0.1.0+fae1124	37.597	150	434	450	0.1114	0.9668	1.2533	0.0647	0.0493		1.9982	23.6957	981.7812	1.9205	0.0024	present	568.965	568.97	542.3	549.97	0.2025	589.82	0.0587	534.72	610.83	566.3	639.59	432.4	491.52	488.13	570.2	426.67	490.13	442.7	528.59	399.99	454.34	563.33	598.44	165.085	NA	165.08	163.86	0.0839	202.36	0.0331	144.75	178.42	136.56	168.31	9.674	9.67	9.83	9.84	0.1143	9.77	0.0657	7.87	9287697	9569843	1000	/scratch.global/lanej/1000G/ngs_dose/1000G_highcov/crams/HG00097.cram	9ab0a0e8	184ab16e	9dd52ba1	3
HG00099	fetch	0.1.0+fae1124	42.478	150	432	450	0.0845	0.9668	1.2455	0.0652	0.0565		1.9898	8.6067	669.6943	1.9433	0.0027	present	544.742	544.74	530.95	540.12	0.1626	590.79	0.055	527.46	680.54	557.42	633.96	444.53	566.81	575.68	755.59	425.77	549.71	453.4	567.3	383.28	490.82	547.96	582.16	151.088	NA	151.09	149.54	0.0815	191.05	0.0253	140.13	177.13	130.65	167.24	9.367	9.37	9.54	9.63	0.1324	9.46	0.048	8.49	10626145	10949326	1000	/scratch.global/lanej/1000G/ngs_dose/1000G_highcov/crams/HG00099.cram	9ab0a0e8	184ab16e	9dd52ba1	3
HG00100	fetch	0.1.0+fae1124	35.299	150	423	400	0.0856	0.9744	1.206	0.0555	0.0421		1.9946	22.0529	675.0613	1.9428	0.0026	present	361.778	361.78	355.09	357.58	0.1877	387.28	0.0505	354.11	434.91	386.51	428.48	300.1	350.7	381.19	479.16	293.41	361.82	311.53	375.31	284.9	342.36	363.83	382.61	180.892	NA	180.89	177.87	0.0712	222.54	0.0283	159.46	193.6	158.34	196.49	9.707	9.71	9.8	9.8	0.1085	9.73	0.0511	5.94	7222389	7463978	1000	/scratch.global/lanej/1000G/ngs_dose/1000G_highcov/crams/HG00100.cram	9ab0a0e8	184ab16e	9dd52ba1	3
HG00101	fetch	0.1.0+fae1124	38.711	150	445	450	0.0994	0.9666	1.2448	0.0636	0.0415		1.9977	31.2988	718.5276	0.9901	0.9736	present	454.053	454.05	434.0	432.89	0.1916	477.32	0.0534	422.42	504.27	463.0	527.29	339.65	407.15	411.86	506.63	334.45	405.02	358.21	436.73	311.81	366.77	451.3	480.78	180.703	NA	180.7	175.38	0.0854	224.18	0.0275	159.72	196.22	159.25	199.63	9.642	9.64	9.69	9.72	0.1159	9.62	0.0558	7.42	8996739	9262731	1000	/scratch.global/lanej/1000G/ngs_dose/1000G_highcov/crams/HG00101.cram	9ab0a0e8	184ab16e	9dd52ba1	3
HG00102	fetch	0.1.0+fae1124	36.831	150	441	450	0.1071	0.9651	1.2157	0.0749	0.0397		2.0073	32.0533	842.0226	1.9663	0.003	present	446.769	446.77	433.33	437.39	0.1877	474.72	0.0538	414.9	495.72	439.01	495.85	348.41	415.59	442.17	536.39	328.6	394.66	357.25	427.76	313.46	371.94	452.29	480.76	137.834	NA	137.83	137.48	0.1028	166.98	0.0288	130.61	157.85	122.49	149.37	9.539	9.54	9.71	9.75	0.1306	9.66	0.0616	8.77	8532593	8800071	1000	/scratch.global/lanej/1000G/ngs_dose/1000G_highcov/crams/HG00102.cram	9ab0a0e8	184ab16e	9dd52ba1	3
HG00103	fetch	0.1.0+fae1124	37.334	150	415	400	0.1043	0.9602	1.2789	0.0613	0.0496		1.9899	52.6953	741.9364	0.99	0.9809	present	373.857	373.86	357.99	358.33	0.1904	402.45	0.0528	345.69	439.17	360.67	420.15	267.64	324.8	358.55	464.08	278.4	354.13	291.71	366.3	245.82	305.94	376.3	406.41	255.14	NA	255.14	252.42	0.0775	327.02	0.0289	236.97	302.14	224.71	289.42	9.736	9.74	9.85	9.88	0.1141	9.76	0.0629	5.04	8233747	8512635	1000	/scratch.global/lanej/1000G/ngs_dose/1000G_highcov/crams/HG00103.cram	9ab0a0e8	184ab16e	9dd52ba1	3
HG00105	fetch	0.1.0+fae1124	32.342	150	434	450	0.0589	0.9721	1.2103	0.0754	0.0438		2.0063	41.1483	670.9387	0.9902	0.9819	present	461.164	461.16	436.67	436.47	0.2125	468.42	0.0357	420.11	478.9	465.95	515.08	327.45	372.87	406.78	475.04	310.56	357.13	356.04	417.94	291.45	329.2	456.04	477.04	121.943	NA	121.94	120.43	0.1101	146.18	0.0184	118.15	141.55	109.04	131.63	9.737	9.74	9.81	9.82	0.1165	9.75	0.032	6.01	7330828	7553481	1000	/scratch.global/lanej/1000G/ngs_dose/1000G_highcov/crams/HG00105.cram	9ab0a0e8	184ab16e	9dd52ba1	3
HG00106	fetch	0.1.0+fae1124	40.876	150	430	450	0.0888	0.9784	1.1905	0.0564	0.0406		2.0011	26.2036	711.3685	1.9566	0.0021	present	333.857	333.86	326.43	329.6	0.1777	353.26	0.0473	324.78	402.36	348.18	381.31	275.3	337.03	348.29	436.15	260.12	321.89	282.78	339.7	238.82	295.99	335.67	348.68	160.771	NA	160.77	160.7	0.0789	195.7	0.0302	145.68	176.88	139.41	172.29	9.727	9.73	9.83	9.83	0.1097	9.75	0.0521	7.34	8334495	8616417	1000	/scratch.global/lanej/1000G/ngs_dose/1000G_highcov/crams/HG00106.cram	9ab0a0e8	184ab16e	9dd52ba1	3
HG00107	fetch	0.1.0+fae1124	38.304	150	422	400	0.1123	0.9731	1.2035	0.0602	0.0421		1.9995	60.8392	754.0197	0.9922	0.9919	present	325.474	325.47	313.31	315.04	0.2088	340.2	0.0529	300.48	356.82	327.03	365.89	229.13	258.21	320.07	388.42	241.91	288.47	263.56	311.36	215.65	248.88	327.14	345.2	202.929	NA	202.93	203.39	0.0863	244.68	0.0338	190.91	228.38	167.47	202.9	9.718	9.72	9.76	9.71	0.1132	9.69	0.0678	4.38	7981580	8255018	1000	/scratch.global/lanej/1000G/ngs_dose/1000G_highcov/crams/HG00107.cram	9ab0a0e8	184ab16e	9dd52ba1	3
HG00108	fetch	0.1.0+fae1124	37.386	150	432	450	0.1045	0.977	1.1741	0.075	0.0445		1.9967	62.5461	690.4156	0.9956	0.9857	present	524.374	524.37	498.82	505.04	0.2326	527.07	0.0565	497.57	525.55	522.99	575.09	394.11	421.6	506.28	552.56	381.23	410.52	412.4	466.34	350.62	364.68	515.92	538.75	165.397	NA	165.4	162.96	0.0973	191.39	0.0276	148.46	170.92	144.09	167.09	9.875	9.87	9.92	9.92	0.1148	9.87	0.0605	5.03	9100700	9387024	1000	/scratch.global/lanej/1000G/ngs_dose/1000G_highcov/crams/HG00108.cram	9ab0a0e8	184ab16e	9dd52ba1	3
HG00109	fetch	0.1.0+fae1124	39.551	150	440	450	0.0623	0.9724	1.1972	0.0579	0.0453		1.9947	74.0579	772.6669	1.0026	0.9758	present	462.401	462.4	434.63	433.68	0.2326	464.9	0.0392	422.5	473.76	465.11	512.38	326.97	369.82	412.9	479.93	314.24	359.2	354.38	413.85	302.67	333.85	452.77	473.38	152.607	NA	152.61	151.83	0.1044	182.04	0.0197	134.35	158.23	125.67	151.57	9.515	9.52	9.61	9.61	0.1219	9.55	0.0359	7.41	8830941	9099466	1000	/scratch.global/lanej/1000G/ngs_dose/1000G_highcov/crams/HG00109.cram	9ab0a0e8	184ab16e	9dd52ba1	3
HG00110	fetch	0.1.0+fae1124	36.177	150	440	450	0.1045	0.967	1.2296	0.0741	0.0412		1.9981	50.9846	659.333	1.9352	0.0024	present	265.927	265.93	257.89	259.55	0.1695	282.12	0.0471	258.33	304.1	266.64	301.86	213.16	252.87	269.65	326.95	200.43	239.81	214.6	258.38	191.03	221.47	266.75	283.4	134.782	NA	134.78	135.87	0.0886	164.78	0.027	128.22	154.74	112.37	138.8	9.561	9.56	9.66	9.71	0.1339	9.6	0.0597	5.96	7375613	7641423	1000	/scratch.global/lanej/1000G/ngs_dose/1000G_highcov/crams/HG00110.cram	9ab0a0e8	184ab16e	9dd52ba1	3
HG00111	fetch	0.1.0+fae1124	35.708	150	440	450	0.0552	0.9748	1.1905	0.0604	0.0619		2.0007	69.0538	698.5521	1.9177	0.0035	present	382.839	382.84	373.87	373.94	0.2046	399.76	0.0346	345.37	387.96	381.97	419.63	275.98	312.45	340.88	393.3	265.57	302.86	293.04	339.22	235.32	260.92	395.03	413.3	223.962	NA	223.96	219.94	0.0927	263.54	0.0174	203.03	236.42	197.99	234.94	9.783	9.78	9.95	9.96	0.1197	9.9	0.0311	5.25	7834398	8059540	1000	/scratch.global/lanej/1000G/ngs_dose/1000G_highcov/crams/HG00111.cram	9ab0a0e8	184ab16e	9dd52ba1	3
HG00112	fetch	0.1.0+fae1124	37.649	150	442	450	0.1033	0.9684	1.2328	0.0616	0.0391		2.0035	34.6581	771.115	1.0009	0.9822	present	480.563	480.56	451.63	456.74	0.216	490.59	0.0567	443.67	513.0	475.94	537.33	348.24	406.13	440.1	520.92	346.85	407.03	369.4	442.71	318.31	365.67	469.71	496.31	156.995	NA	156.99	153.54	0.0962	192.41	0.0271	139.69	169.41	133.24	164.93	9.588	9.59	9.68	9.7	0.1074	9.61	0.0624	7.21	8949540	9219512	1000	/scratch.global/lanej/1000G/ngs_dose/1000G_highcov/crams/HG00112.cram	9ab0a0e8	184ab16e	9dd52ba1	3
HG00113	fetch	0.1.0+fae1124	33.564	150	426	450	0.0826	0.9599	1.2834	0.073	0.0432		2.0048	32.7494	736.8395	0.9912	0.992	present	532.009	532.01	521.2	523.05	0.1605	589.17	0.0524	525.69	704.11	557.05	642.05	461.84	609.39	574.3	776.38	439.92	586.78	458.94	587.26	408.24	544.31	532.49	571.67	165.404	NA	165.4	166.4	0.0569	213.21	0.029	142.34	183.77	143.19	186.79	9.711	9.71	9.8	9.79	0.1044	9.71	0.0487	9.62	8161098	8409826	1000	/scratch.global/lanej/1000G/ngs_dose/1000G_highcov/crams/HG00113.cram	9ab0a0e8	184ab16e	9dd52ba1	3
HG00114	fetch	0.1.0+fae1124	38.061	150	431	450	0.0912	0.9681	1.2568	0.0597	0.0462		1.9997	15.2348	776.4718	0.9999	0.9837	present	535.092	535.09	526.54	529.75	0.1691	582.71	0.0563	533.76	680.77	564.74	636.67	460.24	582.05	564.32	732.66	438.69	561.2	461.17	574.38	415.78	526.31	538.01	569.23	220.521	NA	220.52	217.57	0.0807	278.12	0.0359	205.67	258.22	178.31	228.02	9.543	9.54	9.69	9.68	0.1108	9.6	0.0527	6.82	9179962	9435929	1000	/scratch.global/lanej/1000G/ngs_dose/1000G_highcov/crams/HG00114.cram	9ab0a0e8	184ab16e	9dd52ba1	3
HG00115	fetch	0.1.0+fae1124	32.966	150	431	450	0.0822	0.9628	1.2369	0.0677	0.0468		2.0003	21.3909	712.9246	0.9998	0.9848	present	335.642	335.64	326.43	328.97	0.1987	363.64	0.0461	327.76	425.14	350.72	398.64	288.51	370.19	355.3	465.27	268.36	347.74	285.41	356.99	250.83	325.37	334.11	355.17	265.009	NA	265.01	266.55	0.0723	335.21	0.0275	253.33	319.42	222.78	285.95	9.704	9.7	9.81	9.84	0.1067	9.73	0.0493	6.55	6981484	7204715	1000	/scratch.global/lanej/1000G/ngs_dose/1000G_highcov/crams/HG00115.cram	9ab0a0e8	184ab16e	9dd52ba1	3
HG00116	fetch	0.1.0+fae1124	51.684	150	424	400	0.1188	0.9779	1.1461	0.0519	0.0367		2.0129	95.1395	804.4244	0.9921	0.9844	present	376.889	376.89	360.76	360.85	0.1967	383.86	0.0613	362.31	410.03	389.92	423.46	289.85	313.93	374.56	431.7	288.09	325.58	309.32	350.17	269.9	300.39	370.98	387.1	212.376	NA	212.38	212.66	0.0804	244.89	0.0326	191.7	220.92	181.33	209.66	9.398	9.4	9.53	9.56	0.1135	9.49	0.0705	8.96	11354533	11687566	1000	/scratch.global/lanej/1000G/ngs_dose/1000G_highcov/crams/HG00116.cram	9ab0a0e8	184ab16e	9dd52ba1	3
HG00117	fetch	0.1.0+fae1124	43.815	150	432	450	0.0947	0.9679	1.2267	0.064	0.0392		2.0081	43.401	800.0344	0.9909	0.9704	present	494.255	494.25	484.08	488.52	0.1643	536.06	0.0559	479.09	607.4	508.03	575.93	397.52	499.13	495.25	631.98	381.24	482.57	408.5	504.09	359.25	456.67	500.88	531.72	239.741	NA	239.74	236.03	0.07	299.71	0.0266	223.21	278.4	206.28	261.28	9.719	9.72	9.81	9.82	0.1091	9.73	0.0521	7.31	10407887	10717971	1000	/scratch.global/lanej/1000G/ngs_dose/1000G_highcov/crams/HG00117.cram	9ab0a0e8	184ab16e	9dd52ba1	3
HG00118	fetch	0.1.0+fae1124	39.733	150	423	400	0.1046	0.9684	1.243	0.0488	0.0385		1.9922	14.9913	806.9644	1.8962	0.0023	present	440.937	440.94	421.0	423.83	0.2181	462.11	0.0558	414.4	509.69	462.2	518.55	320.63	380.13	420.78	525.86	336.11	412.91	357.75	435.22	307.09	373.27	436.09	461.46	127.421	NA	127.42	127.14	0.0758	157.94	0.0337	118.22	146.02	105.48	131.34	9.767	9.77	9.89	9.94	0.1185	9.81	0.0599	8.21	8879405	9157682	1000	/scratch.global/lanej/1000G/ngs_dose/1000G_highcov/crams/HG00118.cram	9ab0a0e8	184ab16e	9dd52ba1	3
HG00119	fetch	0.1.0+fae1124	39.319	150	433	450	0.0883	0.9897	1.1315	0.071	0.0557		1.9889	21.7368	971.5974	0.9884	0.9881	present	556.103	556.1	525.87	527.01	0.2208	536.67	0.0504	489.07	467.82	547.25	580.08	360.8	352.62	447.81	444.57	369.17	362.16	410.15	436.07	326.37	306.34	553.42	566.43	151.737	NA	151.74	146.79	0.1026	165.6	0.0196	134.3	145.73	133.52	145.41	9.562	9.56	9.74	9.81	0.1371	9.71	0.0503	6.57	9377114	9659301	1000	/scratch.global/lanej/1000G/ngs_dose/1000G_highcov/crams/HG00119.cram	9ab0a0e8	184ab16e	9dd52ba1	3
HG00120	fetch	0.1.0+fae1124	43.818	150	427	450	0.1017	0.9681	1.2328	0.0684	0.039		1.9961	19.5318	760.0342	1.9504	0.0023	present	353.634	353.63	344.56	345.8	0.168	379.96	0.0555	338.81	424.6	363.41	409.07	295.22	365.66	359.42	456.3	279.79	350.36	299.36	367.36	263.4	329.16	354.63	375.64	218.5	NA	218.5	214.68	0.078	271.77	0.0351	200.63	249.62	179.34	225.78	9.644	9.64	9.73	9.72	0.1035	9.65	0.0609	4.95	8922184	9224063	1000	/scratch.global/lanej/1000G/ngs_dose/1000G_highcov/crams/HG00120.cram	9ab0a0e8	184ab16e	9dd52ba1	3
HG00121	fetch	0.1.0+fae1124	37.231	150	432	450	0.1019	0.9647	1.2372	0.0621	0.0388		1.9967	21.283	988.1826	1.9555	0.0026	present	438.266	438.27	426.56	427.38	0.1792	472.76	0.0535	423.27	536.32	461.94	523.52	355.39	449.12	434.76	564.95	342.82	438.53	365.5	455.18	324.64	406.91	439.35	466.13	183.655	NA	183.65	181.48	0.0767	231.68	0.0305	172.78	215.62	162.87	208.71	9.894	9.89	9.96	9.96	0.1171	9.89	0.0619	5.28	8496639	8767474	1000	/scratch.global/lanej/1000G/ngs_dose/1000G_highcov/crams/HG00121.cram	9ab0a0e8	184ab16e	9dd52ba1	3
HG00122	fetch	0.1.0+fae1124	38.844	150	432	450	0.0725	0.9598	1.3164	0.0667	0.0409		1.9969	21.1258	936.3929	1.957	0.0029	present	290.379	290.38	283.56	286.62	0.1751	325.83	0.0391	290.01	402.5	304.22	357.83	232.16	317.15	292.94	414.01	228.18	316.53	244.15	324.89	213.95	295.54	291.54	315.58	146.494	NA	146.49	146.16	0.0674	197.79	0.0231	136.8	184.27	127.41	175.19	9.723	9.72	9.78	9.87	0.1209	9.68	0.0432	6.79	8044265	8332386	1000	/scratch.global/lanej/1000G/ngs_dose/1000G_highcov/crams/HG00122.cram	9ab0a0e8	184ab16e	9dd52ba1	3
HG00123	fetch	0.1.0+fae1124	35.763	150	428	450	0.0933	0.9633	1.2571	0.069	0.0397		2.002	11.1128	804.8993	1.9456	0.0029	present	506.95	506.95	488.49	495.48	0.1912	546.69	0.0537	482.52	629.7	526.06	601.77	422.91	546.26	512.44	671.36	400.19	520.74	425.17	535.01	378.19	494.81	501.75	535.53	170.073	NA	170.07	165.96	0.0805	216.38	0.0251	152.33	193.27	147.34	189.99	9.636	9.64	9.73	9.7	0.1139	9.65	0.0535	7.21	8396033	8651086	1000	/scratch.global/lanej/1000G/ngs_dose/1000G_highcov/crams/HG00123.cram	9ab0a0e8	184ab16e	9dd52ba1	3
HG00125	fetch	0.1.0+fae1124	32.865	150	434	450	0.0757	0.972	1.1885	0.0557	0.0419		1.9866	22.3886	716.2221	1.9453	0.0026	present	344.325	344.33	331.66	336.74	0.2007	360.92	0.0407	338.16	411.49	355.6	394.85	282.41	343.44	347.89	432.74	266.16	326.99	287.08	344.44	252.48	304.76	339.63	356.47	163.587	NA	163.59	161.94	0.0963	198.43	0.0236	144.31	172.89	141.53	174.33	9.701	9.7	9.77	9.84	0.1238	9.71	0.0414	4.82	6628916	6840795	1000	/scratch.global/lanej/1000G/ngs_dose/1000G_highcov/crams/HG00125.cram	9ab0a0e8	184ab16e	9dd52ba1	3
HG00126	fetch	0.1.0+fae1124	46.983	150	436	450	0.0682	0.951	1.3197	0.0682	0.0612		1.9928	14.3688	1056.1543	0.9774	0.9735	present	537.838	537.84	524.36	536.48	0.1746	606.18	0.0491	517.08	716.2	556.66	660.2	450.87	614.89	544.65	767.17	428.09	592.29	449.19	597.65	408.59	562.93	540.97	590.69	120.476	NA	120.48	119.78	0.0751	162.38	0.0237	113.29	152.61	102.17	139.91	9.779	9.78	9.93	9.95	0.1039	9.85	0.04	6.56	11704375	12041802	1000	/scratch.global/lanej/1000G/ngs_dose/1000G_highcov/crams/HG00126.cram	9ab0a0e8	184ab16e	9dd52ba1	3
HG00127	fetch	0.1.0+fae1124	39.837	150	425	400	0.1003	0.97	1.2187	0.0557	0.0384		1.9931	7.5579	818.9477	1.9439	0.0035	present	429.935	429.94	415.73	421.95	0.1682	456.69	0.0522	407.54	491.7	440.1	494.44	323.2	379.4	429.05	525.99	340.57	410.91	351.81	422.68	303.74	364.08	430.98	459.01	230.056	NA	230.06	232.82	0.0755	281.09	0.0285	220.69	268.24	201.45	247.37	10.238	10.24	10.29	10.26	0.1198	10.24	0.0612	5.55	9119528	9407115	1000	/scratch.global/lanej/1000G/ngs_dose/1000G_highcov/crams/HG00127.cram	9ab0a0e8	184ab16e	9dd52ba1	3
HG00128	fetch	0.1.0+fae1124	48.523	150	431	450	0.0899	0.9526	1.366	0.0495	0.0425		1.9836	11.675	1419.1064	1.948	0.0026	present	483.784	483.78	463.08	465.67	0.1924	541.86	0.0572	430.21	617.3	482.96	581.68	355.04	501.12	400.3	583.4	340.92	488.24	372.22	511.18	324.57	464.01	490.52	537.52	202.626	NA	202.63	196.85	0.0874	282.65	0.0295	193.89	270.43	177.31	251.59	9.896	9.9	10.09	10.14	0.1253	9.97	0.0525	14.68	12130330	12482757	1000	/scratch.global/lanej/1000G/ngs_dose/1000G_highcov/crams/HG00128.cram	9ab0a0e8	184ab16e	9dd52ba1	3
HG00129	fetch	0.1.0+fae1124	33.995	150	440	450	0.0845	0.9901	1.1038	0.0755	0.0425		1.9895	26.8515	777.5467	0.9931	0.9749	present	323.195	323.2	304.16	304.42	0.2379	307.9	0.0396	278.95	263.18	308.76	322.82	202.29	195.18	251.15	245.86	204.35	197.88	232.27	242.6	179.45	166.29	321.86	327.57	181.94	NA	181.94	177.72	0.1007	194.73	0.0196	155.77	165.2	159.87	171.08	9.311	9.31	9.44	9.45	0.1254	9.41	0.0483	4.15	6923328	7155807	1000	/scratch.global/lanej/1000G/ngs_dose/1000G_highcov/crams/HG00129.cram	9ab0a0e8	184ab16e	9dd52ba1	3
HG00130	fetch	0.1.0+fae1124	34.375	150	444	450	0.0798	0.9883	1.1242	0.0643	0.0454		2.0011	28.4731	795.0448	1.9264	0.0028	present	323.378	323.38	303.19	300.03	0.231	307.95	0.0385	293.24	274.9	317.46	334.83	209.38	200.77	269.2	263.8	214.51	207.0	238.03	251.55	192.38	176.84	317.13	323.91	196.577	NA	196.58	190.56	0.099	214.24	0.0214	174.75	189.03	172.74	188.35	9.688	9.69	9.8	9.83	0.1223	9.77	0.0453	9.47	7155575	7383876	1000	/scratch.global/lanej/1000G/ngs_dose/1000G_highcov/crams/HG00130.cram	9ab0a0e8	184ab16e	9dd52ba1	3
HG00131	fetch	0.1.0+fae1124	38.37	150	433	450	0.1129	0.984	1.135	0.0676	0.0334		2.0059	5.5152	785.3495	0.9875	0.9791	present	428.627	428.63	412.46	415.91	0.2014	429.82	0.0579	400.6	416.65	428.5	462.16	323.54	340.53	408.69	440.08	314.85	334.07	342.51	377.96	282.84	289.29	428.02	441.69	96.836	NA	96.84	96.77	0.0906	108.88	0.0335	92.74	103.21	76.46	86.49	10.356	10.36	10.34	10.32	0.1156	10.29	0.0694	6.26	8214772	8488645	1000	/scratch.global/lanej/1000G/ngs_dose/1000G_highcov/crams/HG00131.cram	9ab0a0e8	184ab16e	9dd52ba1	3
HG00132	fetch	0.1.0+fae1124	37.11	150	418	400	0.1171	0.9556	1.2903	0.0528	0.0532		1.9981	28.3431	823.3279	1.9417	0.0022	present	342.762	342.76	333.02	337.81	0.1614	379.28	0.0594	318.61	424.39	349.41	406.7	265.64	341.4	362.96	485.21	276.14	366.18	287.16	366.56	248.72	326.54	345.94	375.65	259.538	NA	259.54	258.06	0.0661	334.59	0.0335	247.63	319.32	230.11	297.57	9.647	9.65	9.73	9.74	0.1109	9.65	0.0716	9.37	7990180	8259408	1000	/scratch.global/lanej/1000G/ngs_dose/1000G_highcov/crams/HG00132.cram	9ab0a0e8	184ab16e	9dd52ba1	3
HG00133	fetch	0.1.0+fae1124	56.515	150	424	400	0.0862	0.9661	1.2303	0.0398	0.0365		1.9923	32.5772	816.8219	1.8841	0.0024	present	339.245	339.25	328.6	332.77	0.1762	366.44	0.0502	322.34	417.21	344.02	389.31	266.04	333.11	352.58	458.39	269.82	346.99	283.21	350.9	254.11	326.27	340.08	362.78	253.777	NA	253.78	254.17	0.0669	317.63	0.0295	226.55	283.89	217.43	273.18	9.616	9.62	9.7	9.73	0.0964	9.63	0.0504	13.55	11896694	12289025	1000	/scratch.global/lanej/1000G/ngs_dose/1000G_highcov/crams/HG00133.cram	9ab0a0e8	184ab16e	9dd52ba1	3
HG00136	fetch	0.1.0+fae1124	37.157	150	408	400	0.1163	0.9615	1.2447	0.0633	0.0456		2.0086	41.3203	774.0432	0.9993	0.9904	present	508.047	508.05	496.52	504.24	0.1572	556.86	0.063	496.39	637.96	517.61	594.53	400.93	500.02	531.08	690.21	417.91	537.75	432.6	539.8	383.49	487.01	511.6	549.83	185.193	NA	185.19	184.35	0.0689	234.11	0.0382	168.81	211.7	157.23	200.02	9.576	9.58	9.68	9.72	0.1032	9.61	0.07	6.74	8926050	9202708	1000	/scratch.global/lanej/1000G/ngs_dose/1000G_highcov/crams/HG00136.cram	9ab0a0e8	184ab16e	9dd52ba1	3
HG00137	fetch	0.1.0+fae1124	36.784	150	441	450	0.0866	0.9904	1.1388	0.0785	0.0403		2.004	23.1614	878.0207	1.9571	0.0026	present	484.559	484.56	458.26	456.08	0.2178	470.82	0.0456	428.86	419.68	477.83	509.71	315.14	314.87	391.73	395.06	324.78	325.31	355.99	384.42	292.84	284.2	482.28	495.03	226.876	NA	226.88	218.26	0.1035	252.43	0.0192	195.31	215.63	206.22	229.92	9.953	9.95	10.01	10.06	0.1118	9.97	0.0484	6.84	8578484	8840023	1000	/scratch.global/lanej/1000G/ngs_dose/1000G_highcov/crams/HG00137.cram	9ab0a0e8	184ab16e	9dd52ba1	3
HG00138	fetch	0.1.0+fae1124	38.976	150	443	450	0.0869	0.9722	1.2077	0.0732	0.0406		1.9878	38.1346	830.9682	0.9854	0.9719	present	335.262	335.26	320.44	322.67	0.2068	343.66	0.0441	311.39	341.41	332.11	369.47	249.65	276.73	315.37	358.79	246.62	275.92	263.01	306.03	230.71	248.41	333.23	351.14	158.148	NA	158.15	156.22	0.0887	188.37	0.0253	142.24	167.95	137.62	164.96	8.723	8.72	8.84	8.84	0.1131	8.8	0.0499	7.06	7766384	8029469	1000	/scratch.global/lanej/1000G/ngs_dose/1000G_highcov/crams/HG00138.cram	9ab0a0e8	184ab16e	9dd52ba1	3
HG00139	fetch	0.1.0+fae1124	40.874	150	440	450	0.1414	0.9768	1.1776	0.0649	0.0411		1.9981	18.7133	737.364	0.9866	0.7875	present	391.601	391.6	378.87	380.01	0.1967	404.48	0.0689	371.28	412.16	388.93	428.69	301.34	335.82	388.36	441.6	297.33	333.99	321.47	370.28	267.69	294.98	392.15	410.62	229.175	NA	229.17	228.95	0.0887	269.43	0.038	202.22	236.63	203.72	241.3	9.677	9.68	9.78	9.8	0.1206	9.73	0.0803	6.38	9173285	9474280	1000	/scratch.global/lanej/1000G/ngs_dose/1000G_highcov/crams/HG00139.cram	9ab0a0e8	184ab16e	9dd52ba1	3
HG00140	fetch	0.1.0+fae1124	37.848	150	396	400	0.1073	0.9599	1.2845	0.0683	0.0492		1.9967	93.6873	668.9403	0.9914	0.9691	present	537.62	537.62	521.19	529.03	0.1614	594.02	0.0613	521.2	697.09	551.88	645.6	438.3	557.0	580.67	785.08	448.02	596.9	459.05	589.05	404.08	529.14	534.82	580.59	157.954	NA	157.95	159.3	0.0734	205.84	0.0357	146.76	191.03	123.43	161.56	9.866	9.87	9.97	10.0	0.1107	9.88	0.0627	5.97	9679127	9978239	1000	/scratch.global/lanej/1000G/ngs_dose/1000G_highcov/crams/HG00140.cram	9ab0a0e8	184ab16e	9dd52ba1	3
HG00141	fetch	0.1.0+fae1124	36.85	150	430	450	0.0599	0.9932	1.1278	0.0748	0.0402		2.0111	18.3788	690.5966	0.9922	0.9977	present	398.688	398.69	378.69	381.0	0.2021	390.15	0.0366	374.2	395.65	408.36	429.57	299.08	318.41	371.72	406.24	290.34	312.24	317.04	349.29	261.43	272.4	391.22	396.96	212.579	NA	212.58	212.28	0.0947	238.86	0.025	209.6	233.16	167.27	189.74	9.65	9.65	9.7	9.72	0.1261	9.64	0.0318	14.06	7721667	7932129	1000	/scratch.global/lanej/1000G/ngs_dose/1000G_highcov/crams/HG00141.cram	9ab0a0e8	184ab16e	9dd52ba1	3
HG00142	fetch	0.1.0+fae1124	36.403	150	418	400	0.1102	0.9585	1.28	0.0662	0.0472	chr11,chr13	2.0487	85.3747	939.4907	0.9866	0.9679	present	524.661	524.66	503.83	516.78	0.1641	567.99	0.0609	499.67	646.29	524.19	605.36	405.02	505.39	546.61	713.13	419.94	540.19	434.22	546.62	371.09	475.29	520.78	562.4	250.301	NA	250.3	249.64	0.0672	319.27	0.0354	241.68	308.38	207.15	265.11	10.39	10.39	10.48	10.55	0.1248	10.4	0.0586	14.13	9358988	9645183	1000	/scratch.global/lanej/1000G/ngs_dose/1000G_highcov/crams/HG00142.cram	9ab0a0e8	184ab16e	9dd52ba1	3
HG00143	fetch	0.1.0+fae1124	36.345	150	434	450	0.0709	0.9839	1.1242	0.0606	0.0491		2.0004	34.0675	668.031	0.9902	0.9702	present	384.936	384.94	364.3	364.26	0.2033	380.42	0.0391	358.29	383.63	388.36	416.45	281.79	303.95	354.13	388.39	272.97	296.41	301.88	335.75	258.78	275.28	377.45	388.34	164.656	NA	164.66	161.89	0.0971	186.77	0.021	146.32	164.75	147.09	168.09	9.802	9.8	9.89	9.89	0.1093	9.83	0.0403	4.44	7171175	7378361	1000	/scratch.global/lanej/1000G/ngs_dose/1000G_highcov/crams/HG00143.cram	9ab0a0e8	184ab16e	9dd52ba1	3
HG00145	fetch	0.1.0+fae1124	33.917	150	430	450	0.0766	0.9554	1.2936	0.0756	0.0449		1.9903	203.572	682.6566	0.989	0.9518	present	459.241	459.24	445.34	449.78	0.1541	509.15	0.0467	448.68	594.04	465.69	548.32	382.6	500.34	481.96	648.82	371.83	492.32	386.11	498.63	350.58	460.98	456.97	498.44	165.204	NA	165.2	164.21	0.0711	215.95	0.0225	150.32	196.72	145.89	192.9	9.639	9.64	9.8	9.82	0.1241	9.74	0.0441	7.56	8451245	8719123	1000	/scratch.global/lanej/1000G/ngs_dose/1000G_highcov/crams/HG00145.cram	9ab0a0e8	184ab16e	9dd52ba1	3
HG00146	fetch	0.1.0+fae1124	48.416	150	424	400	0.0928	0.9678	1.2171	0.0452	0.034		1.9964	32.8512	690.1174	1.9567	0.0025	present	479.764	479.76	464.84	474.07	0.1523	513.99	0.0565	468.56	595.26	486.16	543.71	372.15	459.39	500.07	639.71	385.59	489.13	404.73	494.75	351.4	442.05	478.65	507.75	151.04	NA	151.04	152.03	0.0867	186.59	0.0353	141.44	173.87	121.84	151.36	10.361	10.36	10.4	10.4	0.1152	10.33	0.0541	7.83	11570197	11926922	1000	/scratch.global/lanej/1000G/ngs_dose/1000G_highcov/crams/HG00146.cram	9ab0a0e8	184ab16e	9dd52ba1	3
HG00148	fetch	0.1.0+fae1124	35.176	150	419	400	0.1173	0.9632	1.293	0.068	0.041		2.0021	12.0567	1087.0056	0.9986	0.9812	present	361.155	361.16	352.26	356.89	0.1974	401.23	0.0599	352.7	479.15	377.55	437.73	290.52	378.59	372.32	509.43	292.42	395.11	311.99	403.67	281.24	377.01	361.71	390.44	163.567	NA	163.57	160.66	0.0739	214.42	0.0361	144.6	189.33	138.06	181.9	9.753	9.75	9.76	9.73	0.1114	9.67	0.0664	4.04	7656389	7924120	1000	/scratch.global/lanej/1000G/ngs_dose/1000G_highcov/crams/HG00148.cram	9ab0a0e8	184ab16e	9dd52ba1	3
HG00149	fetch	0.1.0+fae1124	36.46	150	433	450	0.0811	0.9572	1.2717	0.0646	0.049	chr12	2.0006	64.4554	659.3634	0.9949	1.0378	present	491.151	491.15	481.13	484.93	0.1592	547.93	0.0511	488.22	651.72	508.78	594.68	419.95	556.76	535.47	719.54	407.17	543.81	419.66	540.39	377.0	504.56	492.11	533.17	185.423	NA	185.42	185.66	0.0677	241.59	0.0235	176.06	227.76	160.65	212.58	9.719	9.72	9.82	9.83	0.1197	9.74	0.0461	11.24	8549499	8811226	1000	/scratch.global/lanej/1000G/ngs_dose/1000G_highcov/crams/HG00149.cram	9ab0a0e8	184ab16e	9dd52ba1	3
HG00150	fetch	0.1.0+fae1124	44.212	150	426	450	0.087	0.9676	1.2429	0.0546	0.0478		1.9986	63.0553	637.1359	1.9423	0.0028	present	468.838	468.84	455.23	455.35	0.1585	507.14	0.0544	459.96	592.55	475.74	541.95	393.93	501.21	484.12	631.96	374.28	481.64	387.55	483.75	360.59	462.48	468.07	498.47	163.714	NA	163.71	163.62	0.0653	206.5	0.0331	145.07	183.07	136.22	173.89	9.694	9.69	9.76	9.76	0.1029	9.68	0.0515	6.99	10296526	10618142	1000	/scratch.global/lanej/1000G/ngs_dose/1000G_highcov/crams/HG00150.cram	9ab0a0e8	184ab16e	9dd52ba1	3
HG00151	fetch	0.1.0+fae1124	39.174	150	426	450	0.0803	0.9693	1.2234	0.067	0.0489		1.9957	43.3199	806.5362	0.9944	0.982	present	344.798	344.8	340.33	341.24	0.1514	374.01	0.0475	351.97	439.08	356.36	399.38	308.87	379.8	345.25	436.97	291.14	362.4	295.24	359.71	280.57	347.96	347.05	366.72	138.787	NA	138.79	139.21	0.0643	171.02	0.0239	134.18	166.03	121.32	150.98	10.038	10.04	10.18	10.23	0.1107	10.1	0.0488	6.4	8363384	8622195	1000	/scratch.global/lanej/1000G/ngs_dose/1000G_highcov/crams/HG00151.cram	9ab0a0e8	184ab16e	9dd52ba1	3
HG00154	fetch	0.1.0+fae1124	38.211	150	445	450	0.1032	0.969	1.2445	0.0685	0.0498		2.0008	58.7157	703.7692	1.3226	0.0033	present	379.842	379.84	362.7	359.92	0.192	394.91	0.0523	347.69	401.0	363.54	412.87	276.75	322.02	322.71	384.07	267.83	314.21	288.27	346.23	247.22	280.41	381.36	404.18	208.51	NA	208.51	204.84	0.0985	255.3	0.0293	189.24	229.56	188.31	232.18	9.975	9.97	10.12	10.12	0.1159	10.05	0.063	6.39	8460637	8726413	1000	/scratch.global/lanej/1000G/ngs_dose/1000G_highcov/crams/HG00154.cram	9ab0a0e8	184ab16e	9dd52ba1	3
HG00155	fetch	0.1.0+fae1124	34.149	150	422	400	0.0732	0.9617	1.2246	0.0672	0.0444		1.9878	114.506	703.1929	0.9911	0.9055	present	209.912	209.91	201.71	206.39	0.192	223.91	0.0378	201.82	252.92	213.5	241.82	162.74	195.53	215.29	273.21	166.21	207.82	172.39	210.41	153.25	189.0	208.11	222.69	203.131	NA	203.13	202.38	0.0729	251.69	0.0233	193.38	238.95	176.47	219.63	9.706	9.71	9.79	9.77	0.1086	9.74	0.0435	5.25	6573938	6805238	1000	/scratch.global/lanej/1000G/ngs_dose/1000G_highcov/crams/HG00155.cram	9ab0a0e8	184ab16e	9dd52ba1	3
HG00157	fetch	0.1.0+fae1124	34.388	150	418	400	0.0854	0.962	1.2484	0.0717	0.052		2.0081	57.1215	709.5495	0.9968	0.9806	present	474.65	474.65	461.83	469.21	0.1651	521.26	0.0511	468.74	614.56	489.11	565.38	392.33	496.64	485.04	642.2	393.78	515.04	406.44	513.36	363.87	471.77	472.95	509.71	223.077	NA	223.08	221.23	0.0618	285.66	0.0333	199.74	254.92	188.47	242.68	9.662	9.66	9.88	9.92	0.1335	9.8	0.0465	5.81	8048541	8290549	1000	/scratch.global/lanej/1000G/ngs_dose/1000G_highcov/crams/HG00157.cram	9ab0a0e8	184ab16e	9dd52ba1	3
HG00158	fetch	0.1.0+fae1124	40.459	150	437	450	0.0878	0.965	1.2592	0.0634	0.051		1.9921	74.364	693.7796	1.9327	0.003	present	295.936	295.94	291.1	294.47	0.1866	328.14	0.0522	282.33	382.27	310.82	356.07	250.12	333.81	287.8	392.3	232.8	313.88	245.99	314.57	215.22	291.01	301.73	321.95	136.204	NA	136.2	136.39	0.0666	175.28	0.028	125.01	160.76	114.79	149.82	9.691	9.69	9.83	9.88	0.1225	9.74	0.0473	6.65	8594243	8874227	1000	/scratch.global/lanej/1000G/ngs_dose/1000G_highcov/crams/HG00158.cram	9ab0a0e8	184ab16e	9dd52ba1	3
HG00159	fetch	0.1.0+fae1124	38.232	150	436	450	0.0852	0.9778	1.1778	0.0736	0.0436		2.0005	20.7921	735.4855	0.9863	0.88	present	606.126	606.13	582.13	593.22	0.1885	617.69	0.0513	580.27	632.75	595.17	654.68	446.69	491.32	547.02	618.96	448.5	498.48	472.93	543.4	421.27	451.43	605.43	630.81	270.785	NA	270.79	263.28	0.0826	318.06	0.022	234.93	273.7	233.48	276.21	9.84	9.84	9.9	9.91	0.1165	9.83	0.0479	9.02	9351572	9636398	1000	/scratch.global/lanej/1000G/ngs_dose/1000G_highcov/crams/HG00159.cram	9ab0a0e8	184ab16e	9dd52ba1	3
HG00160	fetch	0.1.0+fae1124	36.527	150	434	450	0.083	0.9685	1.2376	0.0616	0.0461		1.9973	26.3353	710.8717	0.9942	0.9965	present	508.482	508.48	510.9	510.44	0.167	568.28	0.0524	486.03	628.9	513.64	583.82	434.15	552.32	525.08	688.64	409.22	527.69	427.69	534.08	390.33	503.49	532.66	565.63	252.693	NA	252.69	253.33	0.07	319.14	0.0279	224.72	284.5	219.64	281.22	9.691	9.69	9.83	9.85	0.1244	9.75	0.0462	5.42	8690870	8939748	1000	/scratch.global/lanej/1000G/ngs_dose/1000G_highcov/crams/HG00160.cram	9ab0a0e8	184ab16e	9dd52ba1	3
HG00171	fetch	0.1.0+fae1124	38.014	150	426	450	0.0545	0.9746	1.1766	0.0676	0.0366		2.0043	21.527	1038.3603	1.9428	0.0032	present	359.167	359.17	338.99	338.26	0.2164	360.59	0.0348	328.18	363.84	366.03	400.72	263.08	291.84	335.12	383.91	244.44	274.57	275.09	316.83	228.5	249.94	352.92	367.95	218.59	NA	218.59	218.33	0.0933	257.22	0.0175	193.1	226.34	188.53	223.81	10.182	10.18	10.24	10.2	0.1194	10.19	0.0322	9.96	8448965	8725097	1000	/scratch.global/lanej/1000G/ngs_dose/1000G_highcov/crams/HG00171.cram	9ab0a0e8	184ab16e	9dd52ba1	3
HG00173	fetch	0.1.0+fae1124	33.912	150	430	450	0.0798	0.9621	1.2586	0.0699	0.043		1.9954	61.3237	812.3102	1.9387	0.0025	present	419.912	419.91	409.18	414.48	0.1751	459.17	0.0471	409.84	528.7	435.66	501.61	363.8	460.68	441.2	579.67	341.1	438.72	356.7	450.05	324.29	415.95	418.87	449.71	246.699	NA	246.7	244.25	0.0752	316.09	0.0275	230.34	297.24	209.25	271.17	9.604	9.6	9.67	9.7	0.1193	9.59	0.0459	5.9	7644506	7890042	1000	/scratch.global/lanej/1000G/ngs_dose/1000G_highcov/crams/HG00173.cram	9ab0a0e8	184ab16e	9dd52ba1	3
HG00174	fetch	0.1.0+fae1124	37.992	150	443	450	0.0865	0.9822	1.1441	0.0644	0.0387		1.9939	30.1935	1057.8459	1.8627	0.0027	present	450.046	450.05	422.89	422.2	0.2272	434.02	0.0447	393.18	373.92	436.69	468.35	295.56	287.62	347.67	345.97	302.31	295.99	326.13	350.4	258.47	240.4	445.52	458.95	147.46	NA	147.46	143.55	0.1012	163.35	0.0209	128.6	141.66	133.59	147.72	9.946	9.95	9.97	10.0	0.1047	9.93	0.0496	9.5	8644506	8913743	1000	/scratch.global/lanej/1000G/ngs_dose/1000G_highcov/crams/HG00174.cram	9ab0a0e8	184ab16e	9dd52ba1	3
HG00176	fetch	0.1.0+fae1124	38.027	150	430	450	0.0824	0.9666	1.2342	0.0619	0.057		1.9979	68.3427	958.4799	1.7887	0.0027	present	383.579	383.58	365.94	365.89	0.2053	402.48	0.0462	352.02	418.78	396.06	449.98	293.13	348.48	366.95	450.1	279.43	336.31	305.73	371.55	262.43	307.91	379.83	405.26	216.169	NA	216.17	210.43	0.083	267.84	0.0242	201.67	248.82	188.5	235.8	9.693	9.69	9.91	9.94	0.1277	9.84	0.0476	11.02	8271830	8549680	1000	/scratch.global/lanej/1000G/ngs_dose/1000G_highcov/crams/HG00176.cram	9ab0a0e8	184ab16e	9dd52ba1	3
HG00177	fetch	0.1.0+fae1124	35.443	150	426	450	0.0952	0.9671	1.2311	0.0725	0.0388		1.9963	102.4645	745.7372	1.9568	0.0024	present	472.074	472.07	461.06	464.33	0.1729	508.66	0.0553	472.37	586.5	494.05	556.43	395.74	489.34	488.01	619.93	376.96	471.5	402.95	494.24	377.55	463.88	470.57	499.53	189.162	NA	189.16	188.06	0.0757	234.95	0.0346	176.11	217.2	151.14	190.2	9.476	9.48	9.58	9.57	0.1107	9.52	0.0571	4.84	8240088	8479292	1000	/scratch.global/lanej/1000G/ngs_dose/1000G_highcov/crams/HG00177.cram	9ab0a0e8	184ab16e	9dd52ba1	3
HG00178	fetch	0.1.0+fae1124	35.55	150	421	400	0.0811	0.9645	1.2233	0.0568	0.0384		2.0182	29.6516	896.3554	1.9572	0.0023	present	419.79	419.79	404.77	410.55	0.1853	450.87	0.0452	404.09	514.3	424.12	482.94	337.15	407.36	427.68	552.96	334.95	426.05	355.72	437.97	313.95	390.66	416.08	445.4	191.186	NA	191.19	189.19	0.0657	239.27	0.0256	175.18	217.89	165.2	208.01	9.649	9.65	9.73	9.75	0.11	9.66	0.0453	4.69	7787605	8041068	1000	/scratch.global/lanej/1000G/ngs_dose/1000G_highcov/crams/HG00178.cram	9ab0a0e8	184ab16e	9dd52ba1	3
HG00179	fetch	0.1.0+fae1124	34.404	150	439	450	0.0625	0.9791	1.2334	0.0621	0.0393		1.9967	87.3419	917.0826	1.9563	0.0031	present	434.713	434.71	410.07	415.95	0.2241	440.07	0.0372	393.82	444.96	431.07	479.07	303.73	344.11	358.43	419.55	292.78	335.68	323.51	382.24	270.24	299.5	430.61	450.82	244.443	NA	244.44	242.64	0.0992	295.31	0.0215	230.68	277.65	211.43	257.1	9.801	9.8	9.89	9.88	0.1187	9.83	0.0347	7.23	7989526	8252531	1000	/scratch.global/lanej/1000G/ngs_dose/1000G_highcov/crams/HG00179.cram	9ab0a0e8	184ab16e	9dd52ba1	3
HG00180	fetch	0.1.0+fae1124	38.293	150	418	400	0.0672	0.9633	1.2228	0.0653	0.0394		1.9911	38.9906	737.999	1.9604	0.0023	present	450.75	450.75	437.25	446.25	0.1762	485.43	0.0438	438.98	550.79	466.02	528.52	354.31	424.46	478.91	610.6	364.69	456.23	379.17	464.44	336.75	416.24	449.51	480.77	215.881	NA	215.88	216.11	0.0768	269.1	0.0213	195.31	242.71	190.17	238.3	9.503	9.5	9.65	9.71	0.1206	9.59	0.0398	7.65	8685872	8949658	1000	/scratch.global/lanej/1000G/ngs_dose/1000G_highcov/crams/HG00180.cram	9ab0a0e8	184ab16e	9dd52ba1	3
HG00181	fetch	0.1.0+fae1124	37.091	150	427	450	0.0829	0.9623	1.2781	0.0685	0.0437		2.0115	39.5627	743.6519	1.0023	0.9798	present	395.009	395.01	390.5	391.37	0.1732	436.33	0.0495	385.28	503.16	421.44	478.56	343.55	443.01	421.62	552.48	324.17	421.29	343.25	431.82	308.31	402.9	400.08	426.27	151.323	NA	151.32	149.06	0.0685	192.43	0.0266	128.99	164.03	131.99	169.89	9.478	9.48	9.55	9.59	0.1131	9.47	0.0473	5.27	7975000	8233386	1000	/scratch.global/lanej/1000G/ngs_dose/1000G_highcov/crams/HG00181.cram	9ab0a0e8	184ab16e	9dd52ba1	3
HG00182	fetch	0.1.0+fae1124	38.686	150	433	450	0.1094	0.9766	1.18	0.0772	0.0344		2.0053	17.494	691.1535	0.994	0.9849	present	397.625	397.63	391.79	391.24	0.1748	421.0	0.0579	384.45	457.82	413.68	452.3	328.55	390.02	403.74	490.1	310.61	372.47	329.66	389.04	291.39	345.19	405.15	421.05	188.493	NA	188.49	186.56	0.0742	225.5	0.0324	184.2	218.37	166.58	202.24	9.743	9.74	9.79	9.81	0.1102	9.73	0.0636	10.78	8105246	8357261	1000	/scratch.global/lanej/1000G/ngs_dose/1000G_highcov/crams/HG00182.cram	9ab0a0e8	184ab16e	9dd52ba1	3
HG00183	fetch	0.1.0+fae1124	36.107	150	423	400	0.0902	0.9615	1.254	0.057	0.0394		2.006	54.8326	1126.0703	0.9866	0.9749	present	389.411	389.41	378.25	384.01	0.1999	425.29	0.0492	385.45	504.69	411.43	471.3	320.35	404.79	404.25	530.98	322.87	419.59	333.29	417.78	299.49	388.24	386.45	415.1	199.645	NA	199.64	197.58	0.0776	252.82	0.0339	190.07	241.62	167.41	212.56	9.92	9.92	9.97	10.02	0.1156	9.89	0.0532	9.17	7983122	8229115	1000	/scratch.global/lanej/1000G/ngs_dose/1000G_highcov/crams/HG00183.cram	9ab0a0e8	184ab16e	9dd52ba1	3
HG00185	fetch	0.1.0+fae1124	38.549	150	435	450	0.1056	0.9668	1.264	0.07	0.0484		1.9919	52.148	1037.9703	0.9883	0.7478	present	371.416	371.42	358.7	362.36	0.1923	396.16	0.0558	352.58	428.77	386.53	439.54	277.34	337.6	342.26	426.47	275.25	338.18	297.59	366.54	255.55	307.14	372.41	397.1	184.751	NA	184.75	184.2	0.0824	231.72	0.0305	159.01	198.45	160.16	202.65	9.536	9.54	9.74	9.75	0.1122	9.67	0.0616	4.54	8287910	8555900	1000	/scratch.global/lanej/1000G/ngs_dose/1000G_highcov/crams/HG00185.cram	9ab0a0e8	184ab16e	9dd52ba1	3
HG00186	fetch	0.1.0+fae1124	36.581	150	417	400	0.0658	0.9793	1.1949	0.0825	0.0391		2.0019	12.7084	796.9405	0.9908	0.9759	present	385.24	385.24	365.18	366.07	0.2028	390.75	0.0384	355.47	409.72	398.52	436.68	261.26	288.07	357.94	421.53	274.23	315.59	302.94	351.97	248.85	282.66	380.52	397.07	206.483	NA	206.48	201.6	0.0945	245.52	0.0218	191.08	227.17	172.8	206.08	9.654	9.65	9.68	9.69	0.1164	9.61	0.0365	7.96	7769149	8019084	1000	/scratch.global/lanej/1000G/ngs_dose/1000G_highcov/crams/HG00186.cram	9ab0a0e8	184ab16e	9dd52ba1	3
HG00187	fetch	0.1.0+fae1124	37.981	150	430	450	0.0666	0.977	1.1915	0.0623	0.0402		2.0042	37.4513	782.242	0.9814	0.844	present	308.829	308.83	293.86	294.02	0.2183	312.61	0.0369	285.73	322.72	315.03	342.99	212.93	242.69	274.97	319.32	210.03	241.24	240.73	279.85	199.36	222.72	306.49	318.0	216.647	NA	216.65	208.21	0.1047	256.89	0.0174	199.1	232.85	187.76	225.27	9.492	9.49	9.57	9.55	0.1122	9.51	0.0392	5.86	7606655	7852218	1000	/scratch.global/lanej/1000G/ngs_dose/1000G_highcov/crams/HG00187.cram	9ab0a0e8	184ab16e	9dd52ba1	3
HG00188	fetch	0.1.0+fae1124	34.796	150	422	400	0.0815	0.9631	1.2597	0.0544	0.0416		2.0034	38.5899	867.1012	0.9856	0.9822	present	352.494	352.49	336.23	345.54	0.2051	379.78	0.0437	341.24	451.96	355.47	408.37	265.13	339.7	366.39	485.23	275.47	361.87	294.19	370.84	255.0	334.55	345.92	372.65	206.671	NA	206.67	206.56	0.0635	262.61	0.0254	203.62	260.03	176.2	224.36	9.624	9.62	9.75	9.76	0.1105	9.68	0.0476	11.04	7516992	7768360	1000	/scratch.global/lanej/1000G/ngs_dose/1000G_highcov/crams/HG00188.cram	9ab0a0e8	184ab16e	9dd52ba1	3
HG00189	fetch	0.1.0+fae1124	32.78	150	428	450	0.0758	0.9637	1.2317	0.0726	0.0416	chr9	2.0109	62.9908	808.1438	0.989	0.9793	present	541.494	541.49	524.19	524.97	0.1694	587.18	0.0458	508.33	641.88	526.78	608.23	446.4	559.87	531.52	688.29	426.81	542.42	442.39	551.4	417.66	521.11	543.7	585.45	192.27	NA	192.27	194.89	0.0798	242.44	0.024	167.28	210.31	160.98	205.25	9.772	9.77	9.87	9.91	0.1204	9.81	0.0419	8.06	8193836	8424799	1000	/scratch.global/lanej/1000G/ngs_dose/1000G_highcov/crams/HG00189.cram	9ab0a0e8	184ab16e	9dd52ba1	3
HG00190	fetch	0.1.0+fae1124	37.616	150	440	450	0.1092	0.982	1.1472	0.0584	0.0477		1.9897	58.4071	730.3168	0.9951	0.9669	present	337.465	337.47	323.38	325.26	0.1944	338.19	0.0559	311.83	322.56	331.94	359.08	251.34	263.55	317.53	336.5	244.36	257.17	263.65	291.13	219.84	225.86	336.72	349.45	209.106	NA	209.11	208.14	0.0871	236.15	0.0267	187.79	210.23	184.47	209.38	10.061	10.06	10.13	10.1	0.1178	10.1	0.0664	5.37	8198653	8466134	1000	/scratch.global/lanej/1000G/ngs_dose/1000G_highcov/crams/HG00190.cram	9ab0a0e8	184ab16e	9dd52ba1	3
HG00231	fetch	0.1.0+fae1124	35.913	150	431	450	0.0918	0.9697	1.2092	0.0807	0.0454		2.0094	83.2567	754.099	1.934	0.0025	present	328.237	328.24	317.85	319.43	0.1749	349.62	0.0516	318.27	392.09	331.79	372.96	266.61	326.41	335.1	420.07	261.11	323.03	273.89	332.81	234.55	287.5	327.01	346.79	172.729	NA	172.73	172.17	0.0749	212.71	0.025	156.19	191.63	144.73	180.4	9.82	9.82	9.9	9.92	0.1069	9.84	0.054	4.06	7652688	7898218	1000	/scratch.global/lanej/1000G/ngs_dose/1000G_highcov/crams/HG00231.cram	9ab0a0e8	184ab16e	9dd52ba1	3
HG00232	fetch	0.1.0+fae1124	62.741	150	433	450	0.1282	0.9764	1.1818	0.0505	0.0453		1.9913	45.219	718.0339	1.9243	0.0026	present	315.842	315.84	304.7	307.68	0.1826	329.61	0.0703	298.18	358.61	320.04	352.23	252.7	301.68	311.35	378.41	244.77	294.55	263.33	310.71	230.41	276.23	314.28	329.01	227.79	NA	227.79	227.85	0.0722	271.33	0.0354	203.27	241.85	192.83	231.83	10.309	10.31	10.46	10.46	0.1125	10.4	0.076	8.55	12843514	13265832	1000	/scratch.global/lanej/1000G/ngs_dose/1000G_highcov/crams/HG00232.cram	9ab0a0e8	184ab16e	9dd52ba1	3
HG00233	fetch	0.1.0+fae1124	46.048	150	427	450	0.0719	0.9756	1.1768	0.0538	0.0411		1.9972	29.2875	681.5869	1.9499	0.003	present	390.851	390.85	370.62	369.41	0.1969	394.79	0.0429	354.28	392.31	397.37	435.93	282.75	316.62	355.47	404.79	268.55	302.71	305.99	351.98	255.44	279.66	385.96	403.11	212.772	NA	212.77	209.13	0.0966	249.37	0.0196	198.78	229.98	187.21	221.45	9.466	9.47	9.55	9.56	0.1128	9.51	0.0408	23.52	9954749	10273152	1000	/scratch.global/lanej/1000G/ngs_dose/1000G_highcov/crams/HG00233.cram	9ab0a0e8	184ab16e	9dd52ba1	3
HG00234	fetch	0.1.0+fae1124	41.981	150	436	450	0.07	0.9799	1.1645	0.0625	0.0447		2.0055	31.8007	752.5165	0.9859	0.9703	present	353.646	353.65	337.1	339.11	0.2033	354.67	0.0399	333.91	361.21	357.18	385.02	257.01	280.12	318.85	358.3	246.08	271.22	275.27	311.8	232.02	245.87	350.33	362.45	149.189	NA	149.19	144.58	0.1089	172.43	0.021	137.2	157.21	132.33	154.07	9.475	9.48	9.52	9.54	0.1071	9.47	0.0396	20.05	8789634	9073482	1000	/scratch.global/lanej/1000G/ngs_dose/1000G_highcov/crams/HG00234.cram	9ab0a0e8	184ab16e	9dd52ba1	3
HG00235	fetch	0.1.0+fae1124	42.137	150	433	450	0.0924	0.9641	1.2569	0.065	0.0471		2.0012	14.2614	779.555	1.9179	0.0031	present	439.88	439.88	429.03	430.78	0.1562	482.3	0.0539	419.51	551.92	453.69	519.71	360.01	468.41	446.75	594.06	344.67	453.19	367.42	465.59	329.96	433.87	443.31	474.78	167.425	NA	167.43	166.55	0.0773	214.64	0.0252	153.2	195.5	141.02	183.72	9.801	9.8	9.71	9.65	0.1317	9.64	0.0535	10.15	9618261	9918894	1000	/scratch.global/lanej/1000G/ngs_dose/1000G_highcov/crams/HG00235.cram	9ab0a0e8	184ab16e	9dd52ba1	3
HG00236	fetch	0.1.0+fae1124	43.363	150	428	450	0.076	0.9692	1.1995	0.0582	0.0374		2.0054	21.3731	940.9339	1.9383	0.0027	present	377.682	377.68	363.53	363.23	0.1768	395.66	0.045	365.41	436.38	387.23	431.06	304.45	361.05	370.8	453.98	284.46	341.72	302.1	360.45	269.05	317.53	375.16	395.76	217.664	NA	217.66	218.9	0.0778	263.29	0.0261	198.39	239.65	190.1	232.24	9.328	9.33	9.4	9.4	0.1073	9.35	0.0443	5.47	9148805	9435864	1000	/scratch.global/lanej/1000G/ngs_dose/1000G_highcov/crams/HG00236.cram	9ab0a0e8	184ab16e	9dd52ba1	3
HG00237	fetch	0.1.0+fae1124	36.585	150	422	400	0.1003	0.9595	1.3199	0.0584	0.0401		2.0046	17.2034	1031.0176	1.8934	0.003	present	393.118	393.12	373.48	377.11	0.1923	421.0	0.0528	369.76	466.12	390.72	459.5	261.24	311.23	336.51	435.7	287.02	362.24	300.72	381.65	255.22	314.23	392.09	425.12	216.253	NA	216.25	210.87	0.0904	282.02	0.028	194.38	252.24	190.93	250.16	9.391	9.39	9.47	9.48	0.1057	9.39	0.0598	10.91	8278651	8547520	1000	/scratch.global/lanej/1000G/ngs_dose/1000G_highcov/crams/HG00237.cram	9ab0a0e8	184ab16e	9dd52ba1	3
HG00238	fetch	0.1.0+fae1124	32.351	150	424	400	0.0667	0.9773	1.1999	0.0635	0.0483		2.0164	71.4904	639.7633	1.9413	0.0019	present	420.424	420.42	401.94	399.87	0.1936	431.95	0.0383	385.15	446.24	426.8	470.53	283.85	312.99	375.25	444.07	302.75	350.62	333.0	387.76	277.45	314.8	420.6	440.9	194.415	NA	194.42	190.88	0.1065	231.55	0.0161	184.55	219.59	172.32	205.79	9.736	9.74	9.75	9.73	0.1239	9.7	0.0386	6.82	7019668	7255234	1000	/scratch.global/lanej/1000G/ngs_dose/1000G_highcov/crams/HG00238.cram	9ab0a0e8	184ab16e	9dd52ba1	3
HG00239	fetch	0.1.0+fae1124	39.111	150	433	450	0.0819	0.9677	1.205	0.0703	0.0514		2.0092	24.2454	618.9741	1.9227	0.0021	present	427.216	427.22	414.19	412.51	0.1959	448.67	0.0501	414.51	468.97	446.48	501.02	347.42	396.0	437.3	509.62	331.21	380.85	344.42	406.11	304.61	341.03	426.55	452.07	202.5	NA	202.5	202.62	0.0859	244.02	0.0233	180.79	215.85	177.11	215.45	9.962	9.96	10.0	10.06	0.1196	9.96	0.0474	7.3	8604313	8844862	1000	/scratch.global/lanej/1000G/ngs_dose/1000G_highcov/crams/HG00239.cram	9ab0a0e8	184ab16e	9dd52ba1	3
HG00240	fetch	0.1.0+fae1124	33.609	150	431	450	0.0992	0.9666	1.2262	0.0785	0.0576		1.9919	41.947	615.6764	1.9247	0.0021	present	524.887	524.89	511.81	514.83	0.1702	563.85	0.0542	514.85	635.1	544.8	614.43	442.41	542.27	547.65	693.92	422.25	524.73	441.77	540.91	404.84	493.2	524.58	556.64	181.076	NA	181.08	179.7	0.0683	224.82	0.0355	159.99	197.63	152.21	191.46	10.428	10.43	10.47	10.44	0.1207	10.4	0.0601	5.91	7998319	8229521	1000	/scratch.global/lanej/1000G/ngs_dose/1000G_highcov/crams/HG00240.cram	9ab0a0e8	184ab16e	9dd52ba1	3
HG00242	fetch	0.1.0+fae1124	45.887	150	432	450	0.0786	0.9782	1.1484	0.056	0.0474		2.0022	79.3696	699.4783	0.9859	0.9538	present	443.851	443.85	427.53	426.98	0.1794	453.3	0.0486	429.65	472.98	453.03	492.97	365.7	402.66	455.19	510.87	347.05	384.96	361.59	408.2	325.07	355.31	438.92	457.64	185.112	NA	185.11	183.97	0.0799	212.21	0.0225	164.84	188.81	157.27	181.17	9.618	9.62	9.68	9.72	0.1136	9.65	0.0455	6.34	9990454	10273818	1000	/scratch.global/lanej/1000G/ngs_dose/1000G_highcov/crams/HG00242.cram	9ab0a0e8	184ab16e	9dd52ba1	3
HG00243	fetch	0.1.0+fae1124	45.55	150	432	450	0.1006	0.9643	1.2392	0.0571	0.0572		1.995	24.6134	674.9298	0.9933	0.9863	present	383.029	383.03	369.26	373.32	0.1821	406.34	0.0545	379.41	464.91	395.37	446.02	322.12	392.93	367.24	458.01	311.4	383.31	319.44	388.45	295.39	358.51	377.2	400.58	183.337	NA	183.34	183.37	0.0658	225.41	0.0257	176.88	216.82	159.91	198.38	9.806	9.81	10.04	10.06	0.1138	9.98	0.0594	8.23	9622976	9927177	1000	/scratch.global/lanej/1000G/ngs_dose/1000G_highcov/crams/HG00243.cram	9ab0a0e8	184ab16e	9dd52ba1	3
HG00244	fetch	0.1.0+fae1124	40.628	150	431	450	0.0859	0.9673	1.2177	0.0794	0.0403		2.0005	24.4192	1035.9165	0.9873	0.8076	present	507.55	507.55	488.21	485.04	0.1883	532.77	0.0529	479.93	559.34	524.69	592.26	402.86	472.14	496.01	592.55	389.08	459.55	406.58	485.7	367.73	424.51	504.47	535.94	164.959	NA	164.96	165.17	0.0877	200.58	0.0279	160.26	193.02	141.9	174.23	9.844	9.84	10.01	10.04	0.1091	9.96	0.0509	6.81	9722614	10000863	1000	/scratch.global/lanej/1000G/ngs_dose/1000G_highcov/crams/HG00244.cram	9ab0a0e8	184ab16e	9dd52ba1	3
HG00245	fetch	0.1.0+fae1124	48.207	150	424	400	0.0888	0.9912	1.1228	0.0476	0.0368		2.0057	18.8564	771.3762	1.9541	0.0032	present	393.688	393.69	378.79	379.8	0.2117	392.48	0.0508	383.41	408.26	409.91	433.06	300.32	306.05	388.89	425.12	311.99	334.47	323.13	351.7	283.71	294.87	389.03	398.65	115.139	NA	115.14	113.76	0.083	128.1	0.0252	106.68	117.62	99.66	111.35	9.724	9.72	9.75	9.76	0.1107	9.71	0.0529	10.52	10084753	10390751	1000	/scratch.global/lanej/1000G/ngs_dose/1000G_highcov/crams/HG00245.cram	9ab0a0e8	184ab16e	9dd52ba1	3
HG00246	fetch	0.1.0+fae1124	37.351	150	425	400	0.0776	0.973	1.2155	0.0533	0.038		1.9924	96.1465	1164.1581	0.9923	0.3122	present	446.433	446.43	432.19	427.11	0.1579	471.1	0.0453	424.52	511.86	459.01	511.82	345.94	403.94	433.71	529.25	359.53	432.32	367.16	437.98	332.99	397.58	446.97	471.75	183.529	NA	183.53	184.17	0.0744	222.38	0.0249	167.86	203.37	161.6	196.37	9.858	9.86	9.94	9.96	0.116	9.88	0.0445	7.93	8774820	9035601	1000	/scratch.global/lanej/1000G/ngs_dose/1000G_highcov/crams/HG00246.cram	9ab0a0e8	184ab16e	9dd52ba1	3
HG00250	fetch	0.1.0+fae1124	35.33	150	432	450	0.1066	0.9636	1.2461	0.0854	0.0468		1.9912	59.6289	729.171	1.8834	0.0035	present	512.51	512.51	486.23	483.56	0.1955	532.45	0.0574	473.09	538.16	505.21	579.19	370.83	425.27	462.85	543.72	365.62	423.13	391.41	471.65	331.26	372.71	507.74	543.35	219.559	NA	219.56	214.22	0.0869	271.78	0.028	199.28	245.23	193.87	241.76	9.609	9.61	9.68	9.7	0.1185	9.63	0.0603	12.44	8809708	9064633	1000	/scratch.global/lanej/1000G/ngs_dose/1000G_highcov/crams/HG00250.cram	9ab0a0e8	184ab16e	9dd52ba1	3
HG00251	fetch	0.1.0+fae1124	44.474	150	418	400	0.0724	0.9677	1.2196	0.0589	0.0426		2.007	109.0777	844.8069	0.9807	0.9595	present	508.425	508.43	483.48	487.78	0.191	524.18	0.0471	479.77	552.4	514.41	578.78	341.43	378.41	453.95	538.75	363.85	424.39	402.41	474.56	330.74	371.39	503.6	533.12	178.749	NA	178.75	176.6	0.0878	216.06	0.0204	165.84	196.97	156.61	190.71	9.53	9.53	9.71	9.76	0.1141	9.65	0.0422	8.77	10755652	11086781	1000	/scratch.global/lanej/1000G/ngs_dose/1000G_highcov/crams/HG00251.cram	9ab0a0e8	184ab16e	9dd52ba1	3
HG00252	fetch	0.1.0+fae1124	37.497	150	436	450	0.0752	0.9687	1.2348	0.0738	0.0422		1.9914	37.513	727.6344	0.9881	0.9636	present	477.606	477.61	459.15	459.37	0.1973	508.33	0.0493	457.88	576.71	486.46	553.51	381.42	477.05	464.13	596.47	372.58	471.42	389.73	482.31	344.74	430.4	473.63	502.86	259.997	NA	260.0	261.15	0.0771	325.52	0.0239	239.59	298.9	228.79	289.87	9.678	9.68	9.78	9.77	0.1099	9.69	0.0444	8.84	8676784	8928089	1000	/scratch.global/lanej/1000G/ngs_dose/1000G_highcov/crams/HG00252.cram	9ab0a0e8	184ab16e	9dd52ba1	3
HG00253	fetch	0.1.0+fae1124	40.483	150	432	450	0.0921	0.9652	1.22	0.0586	0.0373		2.0082	80.903	863.0506	1.9345	0.0027	present	466.365	466.37	453.4	460.49	0.1952	500.19	0.0537	449.24	557.42	473.67	533.64	386.69	474.93	476.73	603.95	374.25	465.81	386.12	473.11	353.9	436.35	467.28	496.3	231.74	NA	231.74	229.31	0.0701	288.46	0.0265	208.61	259.51	200.72	253.04	9.585	9.59	9.7	9.75	0.1215	9.64	0.0513	9.39	9422851	9703578	1000	/scratch.global/lanej/1000G/ngs_dose/1000G_highcov/crams/HG00253.cram	9ab0a0e8	184ab16e	9dd52ba1	3
HG00254	fetch	0.1.0+fae1124	38.413	150	441	450	0.0834	0.9673	1.2197	0.0571	0.0411		1.995	67.3663	804.9938	1.9309	0.0027	present	472.066	472.07	453.24	453.28	0.2171	491.12	0.0477	442.64	506.49	463.27	520.5	352.0	404.43	436.6	514.88	350.12	406.31	366.25	434.47	327.31	369.43	472.92	499.94	173.846	NA	173.85	170.24	0.0847	210.37	0.025	152.37	183.22	151.28	184.55	9.454	9.45	9.58	9.57	0.1188	9.53	0.0482	5.81	8682911	8943109	1000	/scratch.global/lanej/1000G/ngs_dose/1000G_highcov/crams/HG00254.cram	9ab0a0e8	184ab16e	9dd52ba1	3
HG00255	fetch	0.1.0+fae1124	38.481	150	424	400	0.0906	0.9663	1.2363	0.0457	0.0492		1.9871	17.8801	789.4285	1.9156	0.0028	present	391.387	391.39	381.75	382.96	0.1573	424.68	0.0506	381.43	483.9	399.49	453.41	316.77	387.71	410.24	526.44	319.32	404.51	332.55	409.94	310.0	388.35	392.67	419.54	271.91	NA	271.91	274.83	0.0651	339.85	0.0287	260.99	324.63	233.53	293.44	10.034	10.03	10.16	10.17	0.1131	10.09	0.0538	12.05	8484191	8751403	1000	/scratch.global/lanej/1000G/ngs_dose/1000G_highcov/crams/HG00255.cram	9ab0a0e8	184ab16e	9dd52ba1	3
HG00256	fetch	0.1.0+fae1124	37.399	150	398	400	0.1081	0.9688	1.1945	0.0629	0.0367		2.0021	32.0337	761.2431	0.9887	0.9688	present	498.83	498.83	486.82	491.81	0.1515	534.89	0.0611	483.89	594.5	503.79	564.77	406.17	481.42	523.33	648.2	412.2	502.96	428.06	512.44	384.4	468.3	500.34	531.63	179.532	NA	179.53	179.48	0.0622	217.61	0.0251	166.93	203.11	157.64	191.52	9.552	9.55	9.65	9.65	0.1153	9.6	0.0648	10.57	8737194	8987030	1000	/scratch.global/lanej/1000G/ngs_dose/1000G_highcov/crams/HG00256.cram	9ab0a0e8	184ab16e	9dd52ba1	3
HG00257	fetch	0.1.0+fae1124	38.522	150	438	450	0.0754	0.9669	1.2636	0.0572	0.0361		2.0046	15.885	888.9042	1.955	0.0025	present	501.378	501.38	489.0	497.54	0.1796	545.74	0.0467	482.64	626.77	512.42	584.27	410.35	526.07	518.69	682.98	390.35	506.44	414.91	524.06	382.74	495.53	505.41	537.7	233.259	NA	233.26	234.11	0.0812	299.04	0.0238	211.83	271.79	204.24	265.3	9.756	9.76	9.87	9.88	0.1211	9.78	0.0422	11.42	9287347	9570988	1000	/scratch.global/lanej/1000G/ngs_dose/1000G_highcov/crams/HG00257.cram	9ab0a0e8	184ab16e	9dd52ba1	3
HG00258	fetch	0.1.0+fae1124	41.36	150	435	450	0.0744	0.9744	1.1951	0.067	0.0374		1.9972	39.122	1061.7594	1.9518	0.0023	present	304.471	304.47	290.7	293.5	0.1989	311.5	0.0404	280.66	320.16	306.32	337.23	215.22	246.87	265.71	310.1	209.07	241.55	233.56	272.69	188.03	212.74	304.42	318.12	189.746	NA	189.75	185.38	0.0971	225.5	0.0212	172.29	202.66	161.45	193.87	9.647	9.65	9.72	9.75	0.1096	9.66	0.0427	13.25	8756384	9034708	1000	/scratch.global/lanej/1000G/ngs_dose/1000G_highcov/crams/HG00258.cram	9ab0a0e8	184ab16e	9dd52ba1	3
HG00259	fetch	0.1.0+fae1124	35.56	150	430	450	0.0983	0.9675	1.2558	0.0655	0.0416		2.0012	25.2875	704.5317	1.938	0.0028	present	480.275	480.28	469.82	472.21	0.175	520.57	0.0547	462.08	577.22	492.39	559.55	401.58	498.54	485.23	620.3	383.67	482.16	399.94	496.19	374.73	463.27	484.71	515.97	185.359	NA	185.36	185.83	0.0663	233.47	0.0288	167.57	210.23	159.16	202.92	9.715	9.72	9.78	9.77	0.1075	9.71	0.0586	10.48	8333662	8579275	1000	/scratch.global/lanej/1000G/ngs_dose/1000G_highcov/crams/HG00259.cram	9ab0a0e8	184ab16e	9dd52ba1	3
HG00260	fetch	0.1.0+fae1124	34.425	150	425	400	0.0701	0.9452	1.3583	0.0601	0.037		1.9956	33.081	786.121	0.9943	0.9893	present	397.401	397.4	386.66	393.51	0.1618	457.85	0.0407	390.46	575.44	421.18	509.08	317.44	443.06	399.01	590.62	319.27	465.62	339.13	466.23	301.17	436.54	397.36	440.15	77.873	NA	77.87	78.18	0.0663	108.45	0.02	73.8	103.18	67.81	94.85	9.867	9.87	9.91	9.88	0.1086	9.8	0.0418	5.79	7672977	7925568	1000	/scratch.global/lanej/1000G/ngs_dose/1000G_highcov/crams/HG00260.cram	9ab0a0e8	184ab16e	9dd52ba1	3
HG00261	fetch	0.1.0+fae1124	35.572	150	431	450	0.0905	0.9637	1.2302	0.0755	0.0369		2.0009	14.9581	958.3215	2.1616	0.0027	present	534.486	534.49	513.55	521.38	0.1906	571.59	0.0525	516.91	643.83	545.12	627.11	441.13	542.26	537.14	683.96	426.81	532.27	446.58	551.89	391.18	482.96	526.27	564.21	223.937	NA	223.94	219.09	0.0849	280.8	0.0284	212.74	268.18	192.61	243.63	9.553	9.55	9.75	9.78	0.1466	9.68	0.0544	4.74	8741549	8986706	1000	/scratch.global/lanej/1000G/ngs_dose/1000G_highcov/crams/HG00261.cram	9ab0a0e8	184ab16e	9dd52ba1	3
HG00262	fetch	0.1.0+fae1124	34.719	150	409	400	0.1082	0.9518	1.2966	0.0601	0.0424		2.0055	112.1561	830.8225	1.9037	0.0027	present	630.349	630.35	607.17	617.43	0.1749	696.61	0.0627	603.54	821.57	640.47	752.31	505.15	651.46	640.95	879.98	517.9	700.71	535.97	694.78	482.88	643.25	624.03	680.1	221.197	NA	221.2	221.28	0.0699	290.94	0.0293	195.24	257.15	192.22	253.77	9.589	9.59	9.7	9.71	0.1172	9.62	0.0621	9.01	9490046	9770767	1000	/scratch.global/lanej/1000G/ngs_dose/1000G_highcov/crams/HG00262.cram	9ab0a0e8	184ab16e	9dd52ba1	3
HG00263	fetch	0.1.0+fae1124	34.308	150	432	450	0.0829	0.9727	1.2266	0.0579	0.0386		2.0069	44.3668	702.7267	1.9428	0.0024	present	517.769	517.77	501.83	509.81	0.1901	546.03	0.0502	520.79	624.08	538.44	600.15	437.14	521.87	532.43	656.17	410.51	496.5	433.55	523.93	391.89	464.03	512.0	538.41	168.117	NA	168.12	167.59	0.0895	206.97	0.0261	153.17	187.65	145.15	180.87	9.713	9.71	9.74	9.75	0.1104	9.67	0.0488	5.57	8046688	8277061	1000	/scratch.global/lanej/1000G/ngs_dose/1000G_highcov/crams/HG00263.cram	9ab0a0e8	184ab16e	9dd52ba1	3
HG00264	fetch	0.1.0+fae1124	37.821	150	424	400	0.0821	0.9789	1.1717	0.0644	0.0549		1.99	28.9576	783.6533	1.0011	0.8769	present	455.148	455.15	425.59	433.71	0.2369	443.42	0.0471	414.51	415.28	456.71	497.76	287.88	278.38	373.86	390.89	317.81	323.11	340.17	371.16	263.87	258.87	445.21	463.7	197.612	NA	197.61	195.53	0.0972	222.57	0.0199	176.05	195.76	179.19	202.6	9.693	9.69	9.87	9.96	0.1257	9.84	0.0464	4.91	8531941	8796311	1000	/scratch.global/lanej/1000G/ngs_dose/1000G_highcov/crams/HG00264.cram	9ab0a0e8	184ab16e	9dd52ba1	3
HG00265	fetch	0.1.0+fae1124	39.535	150	424	400	0.0887	0.963	1.2391	0.0539	0.05		1.9964	15.9362	871.0522	0.9935	0.9948	present	460.383	460.38	438.95	441.39	0.1949	483.84	0.0498	430.37	515.95	466.38	531.78	332.35	386.78	429.18	527.24	345.75	417.84	368.43	446.63	317.16	374.89	456.47	488.05	165.847	NA	165.85	164.47	0.0745	205.44	0.0285	143.22	174.99	147.73	184.31	9.855	9.86	9.89	9.84	0.1053	9.83	0.0525	8.16	8669743	8952368	1000	/scratch.global/lanej/1000G/ngs_dose/1000G_highcov/crams/HG00265.cram	9ab0a0e8	184ab16e	9dd52ba1	3
HG00266	fetch	0.1.0+fae1124	36.27	150	415	400	0.1234	0.9626	1.24	0.052	0.0539		2.0054	34.3673	645.5061	1.9361	0.0027	present	431.064	431.06	416.35	423.16	0.1598	465.93	0.0625	421.34	546.61	439.23	501.44	340.76	422.63	428.43	563.45	349.48	453.41	359.93	449.67	318.31	405.05	428.56	458.62	220.952	NA	220.95	216.3	0.0654	280.47	0.043	196.31	247.48	182.47	233.14	9.607	9.61	9.74	9.76	0.1122	9.66	0.0715	5.42	8445151	8721207	1000	/scratch.global/lanej/1000G/ngs_dose/1000G_highcov/crams/HG00266.cram	9ab0a0e8	184ab16e	9dd52ba1	3
HG00267	fetch	0.1.0+fae1124	38.167	150	436	450	0.094	0.9591	1.2838	0.0668	0.0453		2.0	60.4791	760.7786	0.9919	0.9547	present	405.903	405.9	385.84	388.56	0.2159	433.1	0.0503	393.21	490.22	414.12	481.88	330.17	409.72	374.9	482.04	315.46	397.24	324.69	411.47	301.81	372.31	396.51	428.08	166.447	NA	166.45	167.24	0.0775	215.98	0.0262	150.38	194.46	148.79	195.6	9.655	9.65	9.8	9.77	0.1117	9.72	0.0539	4.06	8225020	8485236	1000	/scratch.global/lanej/1000G/ngs_dose/1000G_highcov/crams/HG00267.cram	9ab0a0e8	184ab16e	9dd52ba1	3
HG00268	fetch	0.1.0+fae1124	35.296	150	431	450	0.0712	0.9566	1.3005	0.0587	0.0528		1.9971	57.872	849.2415	1.9223	0.0025	present	485.85	485.85	475.9	476.94	0.1679	543.12	0.0442	472.58	636.65	509.01	594.57	410.19	547.23	492.05	673.51	391.84	529.03	410.13	534.89	368.15	494.17	489.58	530.01	156.378	NA	156.38	154.43	0.0734	206.82	0.0181	137.1	180.19	138.02	185.71	9.602	9.6	9.79	9.76	0.1212	9.7	0.0406	7.62	8543324	8809847	1000	/scratch.global/lanej/1000G/ngs_dose/1000G_highcov/crams/HG00268.cram	9ab0a0e8	184ab16e	9dd52ba1	3
HG00269	fetch	0.1.0+fae1124	34.156	150	434	450	0.0744	0.9744	1.1815	0.0767	0.046		2.0005	61.2528	725.2644	1.9429	0.003	present	570.443	570.44	543.42	540.49	0.194	577.02	0.0454	523.48	568.95	576.12	632.54	417.06	459.13	535.03	599.95	404.46	448.34	441.43	505.38	380.35	408.04	566.11	591.07	226.773	NA	226.77	224.12	0.1002	265.2	0.0206	200.61	231.7	202.21	238.43	9.537	9.54	9.57	9.58	0.125	9.53	0.0377	5.87	8512879	8769561	1000	/scratch.global/lanej/1000G/ngs_dose/1000G_highcov/crams/HG00269.cram	9ab0a0e8	184ab16e	9dd52ba1	3
HG00271	fetch	0.1.0+fae1124	37.666	150	435	450	0.0717	0.968	1.215	0.0687	0.0538		1.9853	43.0651	875.2257	0.9973	0.9759	present	321.971	321.97	306.75	299.34	0.2428	331.4	0.0393	277.94	311.68	305.88	343.04	217.39	246.59	275.04	319.59	208.34	238.53	234.63	277.17	200.7	221.84	326.55	345.24	167.429	NA	167.43	165.41	0.0942	202.56	0.026	148.02	176.82	138.04	168.71	9.644	9.64	9.76	9.77	0.1204	9.71	0.0415	4.9	7855428	8134039	1000	/scratch.global/lanej/1000G/ngs_dose/1000G_highcov/crams/HG00271.cram	9ab0a0e8	184ab16e	9dd52ba1	3
HG00272	fetch	0.1.0+fae1124	50.159	150	421	400	0.0904	0.9619	1.2479	0.0527	0.0477		1.9952	133.9339	733.5968	1.9387	0.0022	present	484.283	484.28	468.17	474.0	0.1624	525.62	0.0577	477.53	616.95	499.05	570.2	386.04	479.45	513.14	670.23	396.46	510.48	412.72	515.38	371.86	474.39	479.03	515.41	234.736	NA	234.74	236.01	0.0758	297.37	0.026	218.45	275.96	204.52	260.42	9.92	9.92	9.9	9.88	0.1278	9.84	0.0485	4.89	11699181	12058955	1000	/scratch.global/lanej/1000G/ngs_dose/1000G_highcov/crams/HG00272.cram	9ab0a0e8	184ab16e	9dd52ba1	3
HG00273	fetch	0.1.0+fae1124	39.378	150	425	400	0.0802	0.9695	1.2166	0.0809	0.043		2.0019	27.8862	801.004	0.9884	0.9724	present	534.184	534.18	509.6	512.44	0.2041	552.62	0.0498	496.5	577.95	538.61	602.63	381.11	424.41	508.96	608.82	398.91	466.49	424.98	502.66	359.61	410.61	530.53	560.74	239.458	NA	239.46	237.37	0.0847	290.58	0.0308	223.08	268.63	200.16	244.16	9.685	9.69	9.72	9.77	0.1092	9.66	0.0462	14.6	9429062	9727555	1000	/scratch.global/lanej/1000G/ngs_dose/1000G_highcov/crams/HG00273.cram	9ab0a0e8	184ab16e	9dd52ba1	3
HG00274	fetch	0.1.0+fae1124	36.992	150	422	400	0.0907	0.9626	1.2698	0.0569	0.0434		1.9959	41.4499	1123.831	1.9431	0.0027	present	357.96	357.96	343.45	347.06	0.1909	385.02	0.0487	349.66	445.47	368.7	426.13	279.14	335.57	318.36	413.71	282.17	358.12	287.44	360.07	261.19	325.83	354.7	381.9	195.194	NA	195.19	193.82	0.0793	250.15	0.025	186.59	239.08	170.61	219.54	9.985	9.98	10.14	10.16	0.1256	10.05	0.0515	7.08	7995939	8260851	1000	/scratch.global/lanej/1000G/ngs_dose/1000G_highcov/crams/HG00274.cram	9ab0a0e8	184ab16e	9dd52ba1	3
HG00275	fetch	0.1.0+fae1124	36.112	150	439	450	0.0912	0.9684	1.2639	0.057	0.0419		1.9955	24.8013	720.323	1.9269	0.0024	present	427.588	427.59	409.45	413.24	0.1971	452.75	0.0499	396.36	488.64	430.0	490.04	319.5	391.94	399.4	504.32	307.82	382.12	335.08	414.34	284.99	347.56	427.51	455.16	155.16	NA	155.16	152.22	0.0822	195.04	0.0285	132.74	166.15	139.04	176.82	9.825	9.82	9.94	9.9	0.1151	9.86	0.0513	7.74	8088860	8345585	1000	/scratch.global/lanej/1000G/ngs_dose/1000G_highcov/crams/HG00275.cram	9ab0a0e8	184ab16e	9dd52ba1	3
HG00276	fetch	0.1.0+fae1124	32.726	150	413	400	0.0745	0.9678	1.2315	0.0653	0.0432		1.9967	29.5683	1161.035	1.9234	0.0029	present	556.888	556.89	540.02	546.19	0.1501	601.15	0.0458	535.96	677.31	569.05	648.1	444.76	544.83	594.08	757.01	457.43	575.26	476.44	585.89	424.66	532.94	554.81	593.84	126.706	NA	126.71	126.6	0.0754	157.67	0.0285	124.39	154.74	105.49	131.76	9.552	9.55	9.74	9.82	0.1206	9.69	0.0429	5.61	8205171	8436518	1000	/scratch.global/lanej/1000G/ngs_dose/1000G_highcov/crams/HG00276.cram	9ab0a0e8	184ab16e	9dd52ba1	3
HG00277	fetch	0.1.0+fae1124	38.563	150	425	400	0.1083	0.9705	1.2228	0.0519	0.0399		1.9971	54.0587	719.5772	0.9876	0.9891	present	428.76	428.76	409.16	412.21	0.186	447.7	0.0563	414.34	501.84	436.86	489.55	317.1	364.35	412.99	511.32	321.74	389.88	345.07	414.56	316.69	375.18	422.68	447.92	189.813	NA	189.81	190.82	0.0739	233.1	0.0277	166.13	202.89	164.64	203.24	9.797	9.8	9.85	9.85	0.1159	9.78	0.0637	5.06	8178489	8433183	1000	/scratch.global/lanej/1000G/ngs_dose/1000G_highcov/crams/HG00277.cram	9ab0a0e8	184ab16e	9dd52ba1	3
HG00278	fetch	0.1.0+fae1124	41.364	150	442	450	0.1116	0.9666	1.2324	0.0722	0.039		2.0032	57.3969	684.7708	0.9967	0.9849	present	432.983	432.98	413.38	411.29	0.1915	451.18	0.0571	396.27	461.39	424.59	481.94	319.8	373.5	370.58	444.87	314.16	370.81	332.28	400.21	286.03	328.59	433.12	459.69	192.264	NA	192.26	189.29	0.0882	236.47	0.0382	181.09	221.64	154.99	192.15	9.689	9.69	9.83	9.84	0.1156	9.76	0.0635	10.66	9391357	9696175	1000	/scratch.global/lanej/1000G/ngs_dose/1000G_highcov/crams/HG00278.cram	9ab0a0e8	184ab16e	9dd52ba1	3
HG00280	fetch	0.1.0+fae1124	41.511	150	421	400	0.1106	0.966	1.2319	0.0527	0.0436		1.9957	71.6339	614.0228	0.9918	0.9796	present	491.825	491.82	467.64	469.27	0.1912	515.78	0.0614	466.52	575.35	499.71	564.44	349.73	415.56	464.96	584.09	363.2	449.64	399.22	486.28	349.58	423.79	484.54	515.59	148.141	NA	148.14	149.62	0.0768	183.92	0.0279	132.67	163.19	127.81	159.7	9.636	9.64	9.68	9.68	0.1259	9.61	0.0657	7.15	9738033	10018952	1000	/scratch.global/lanej/1000G/ngs_dose/1000G_highcov/crams/HG00280.cram	9ab0a0e8	184ab16e	9dd52ba1	3
HG00281	fetch	0.1.0+fae1124	35.736	150	431	450	0.0672	0.9572	1.3022	0.0529	0.0437		2.0017	34.256	1098.1321	1.9523	0.0026	present	446.953	446.95	434.62	437.31	0.1629	499.46	0.0409	426.46	596.93	453.87	533.08	356.97	490.23	430.89	605.72	344.95	478.96	371.11	489.25	320.33	448.43	450.8	487.99	286.238	NA	286.24	284.95	0.0723	380.28	0.0229	269.88	360.14	237.83	320.09	9.678	9.68	9.82	9.92	0.1267	9.72	0.0383	4.84	8470674	8740614	1000	/scratch.global/lanej/1000G/ngs_dose/1000G_highcov/crams/HG00281.cram	9ab0a0e8	184ab16e	9dd52ba1	3
HG00282	fetch	0.1.0+fae1124	36.283	150	428	450	0.0963	0.9671	1.256	0.0734	0.0446		1.9996	71.9598	660.244	1.9458	0.0029	present	387.831	387.83	377.25	376.42	0.1931	416.19	0.0505	375.6	451.42	397.55	455.37	300.3	362.53	375.92	470.25	294.57	360.75	315.0	390.24	291.86	344.77	390.47	416.04	162.715	NA	162.72	157.17	0.0862	206.34	0.0262	149.63	187.2	143.48	184.7	9.534	9.53	9.68	9.66	0.1214	9.61	0.0558	4.61	8222039	8487799	1000	/scratch.global/lanej/1000G/ngs_dose/1000G_highcov/crams/HG00282.cram	9ab0a0e8	184ab16e	9dd52ba1	3
HG00284	fetch	0.1.0+fae1124	37.204	150	425	400	0.0977	0.9703	1.2141	0.0554	0.04		2.0078	43.1891	720.9311	0.9927	0.9802	present	363.24	363.24	347.49	349.36	0.1852	378.69	0.0499	336.32	408.94	368.97	411.72	272.75	310.92	340.64	423.77	280.0	339.62	290.95	348.92	256.07	303.41	361.43	380.92	195.768	NA	195.77	194.81	0.0841	240.47	0.026	173.36	212.56	167.42	206.57	10.444	10.44	10.5	10.5	0.1254	10.41	0.058	6.18	7972045	8224359	1000	/scratch.global/lanej/1000G/ngs_dose/1000G_highcov/crams/HG00284.cram	9ab0a0e8	184ab16e	9dd52ba1	3
HG00285	fetch	0.1.0+fae1124	39.312	150	434	450	0.0958	0.9651	1.2508	0.0565	0.0517		1.9954	58.5095	622.2893	1.9523	0.0029	present	485.922	485.92	467.03	470.36	0.177	512.68	0.0538	459.17	550.92	492.11	557.25	374.5	448.41	465.29	566.13	362.8	437.47	387.04	470.58	326.54	391.1	484.7	515.08	156.835	NA	156.83	154.89	0.0798	194.55	0.0251	145.73	180.25	136.89	171.45	9.617	9.62	9.77	9.76	0.1169	9.71	0.0567	6.76	9344494	9619657	1000	/scratch.global/lanej/1000G/ngs_dose/1000G_highcov/crams/HG00285.cram	9ab0a0e8	184ab16e	9dd52ba1	3
HG00288	fetch	0.1.0+fae1124	34.914	150	435	450	0.0629	0.9874	1.1341	0.0608	0.0455		2.0014	46.9248	674.9727	1.9484	0.0026	present	563.367	563.37	540.31	541.81	0.2045	559.21	0.041	546.79	567.55	576.13	614.92	418.13	437.11	521.44	555.53	413.03	434.75	449.56	493.02	394.71	405.85	557.12	570.75	236.232	NA	236.23	235.81	0.0965	264.59	0.0189	221.06	246.61	204.46	230.05	9.782	9.78	9.92	9.92	0.1186	9.87	0.0365	9.19	8338736	8558963	1000	/scratch.global/lanej/1000G/ngs_dose/1000G_highcov/crams/HG00288.cram	9ab0a0e8	184ab16e	9dd52ba1	3
HG00290	fetch	0.1.0+fae1124	49.868	150	421	400	0.0801	0.9633	1.2478	0.052	0.0495		1.995	286.4011	1047.4003	0.9936	0.9703	present	603.456	603.46	578.28	587.14	0.1874	651.01	0.058	558.5	735.38	618.04	707.21	457.8	584.51	611.42	808.74	480.07	629.86	501.59	630.8	430.06	560.66	599.01	643.25	242.892	NA	242.89	243.74	0.0764	308.45	0.0242	221.45	280.58	207.29	264.51	9.642	9.64	9.84	9.87	0.1161	9.77	0.0479	6.41	13391301	13785572	1000	/scratch.global/lanej/1000G/ngs_dose/1000G_highcov/crams/HG00290.cram	9ab0a0e8	184ab16e	9dd52ba1	3
HG00304	fetch	0.1.0+fae1124	37.864	150	426	450	0.1027	0.9659	1.2669	0.0615	0.0425		2.0033	40.2207	700.6397	1.9248	0.0028	present	434.47	434.47	418.9	417.39	0.1786	464.15	0.055	415.69	513.45	448.27	510.67	332.46	410.25	415.77	524.88	332.88	414.87	353.39	439.44	304.18	373.36	433.21	461.91	205.776	NA	205.78	206.0	0.076	261.14	0.0334	184.29	232.15	176.56	227.06	9.635	9.64	9.77	9.83	0.1238	9.7	0.0548	5.89	8493030	8744431	1000	/scratch.global/lanej/1000G/ngs_dose/1000G_highcov/crams/HG00304.cram	9ab0a0e8	184ab16e	9dd52ba1	3
HG00306	fetch	0.1.0+fae1124	36.894	150	437	450	0.0819	0.9683	1.2294	0.0757	0.0444		2.0083	242.7597	754.7588	1.9386	0.0022	present	386.506	386.51	372.29	376.26	0.1941	411.75	0.0452	375.87	475.96	400.47	453.88	307.56	385.82	378.06	485.61	299.86	380.24	319.79	395.63	275.83	348.38	382.69	405.44	161.675	NA	161.68	158.42	0.0759	202.67	0.0228	144.95	181.17	139.35	177.09	9.445	9.44	9.54	9.53	0.1127	9.47	0.048	6.65	8569934	8824334	1000	/scratch.global/lanej/1000G/ngs_dose/1000G_highcov/crams/HG00306.cram	9ab0a0e8	184ab16e	9dd52ba1	3
HG00308	fetch	0.1.0+fae1124	35.016	150	433	450	0.0621	0.9741	1.2509	0.063	0.0492		1.9831	99.9237	726.3881	0.9884	0.9688	present	464.139	464.14	434.1	431.71	0.228	472.09	0.0382	421.32	490.93	464.28	521.46	331.8	387.87	389.55	466.13	314.75	371.26	354.34	425.96	297.11	341.99	452.81	478.57	145.383	NA	145.38	143.16	0.1034	178.43	0.0178	131.14	160.04	130.74	161.79	9.671	9.67	9.69	9.71	0.1226	9.63	0.0341	4.84	8151270	8395111	1000	/scratch.global/lanej/1000G/ngs_dose/1000G_highcov/crams/HG00308.cram	9ab0a0e8	184ab16e	9dd52ba1	3
HG00309	fetch	0.1.0+fae1124	38.787	150	418	400	0.1084	0.9604	1.2716	0.0523	0.0603		1.9882	41.1756	623.708	1.9191	0.0026	present	464.898	464.9	444.6	448.28	0.1767	496.29	0.0567	447.82	545.98	464.08	541.53	334.9	388.74	450.68	567.25	348.73	429.32	370.6	458.88	322.52	382.94	461.69	498.95	216.371	NA	216.37	212.23	0.0774	275.23	0.0327	200.34	250.91	190.58	244.31	9.731	9.73	9.87	9.89	0.1125	9.8	0.063	4.42	8719716	9009669	1000	/scratch.global/lanej/1000G/ngs_dose/1000G_highcov/crams/HG00309.cram	9ab0a0e8	184ab16e	9dd52ba1	3
HG00310	fetch	0.1.0+fae1124	37.191	150	433	450	0.0874	0.965	1.2725	0.0749	0.052		1.9865	21.1684	1117.433	0.9886	0.9798	present	507.225	507.22	489.08	496.03	0.2166	541.57	0.0508	484.11	579.65	528.56	608.54	394.56	474.45	480.9	593.58	385.83	468.74	408.99	503.97	358.29	422.92	505.6	542.29	204.84	NA	204.84	204.76	0.0707	257.36	0.0293	184.72	229.73	175.31	222.71	9.832	9.83	9.95	9.99	0.1265	9.89	0.0498	6.9	9060617	9325857	1000	/scratch.global/lanej/1000G/ngs_dose/1000G_highcov/crams/HG00310.cram	9ab0a0e8	184ab16e	9dd52ba1	3
HG00311	fetch	0.1.0+fae1124	36.854	150	424	400	0.1104	0.9683	1.2578	0.0577	0.0397		2.0009	28.1344	774.9474	1.0038	0.9812	present	306.648	306.65	292.26	296.4	0.1884	320.48	0.0556	287.74	339.1	310.43	354.96	212.0	235.51	272.35	332.93	221.22	263.85	239.91	289.85	196.34	223.31	305.28	325.69	167.856	NA	167.86	165.31	0.0792	209.16	0.0307	144.78	177.46	143.92	180.68	9.62	9.62	9.67	9.69	0.113	9.59	0.0629	5.55	7291362	7535152	1000	/scratch.global/lanej/1000G/ngs_dose/1000G_highcov/crams/HG00311.cram	9ab0a0e8	184ab16e	9dd52ba1	3
HG00313	fetch	0.1.0+fae1124	39.939	150	427	450	0.0662	0.9738	1.1939	0.0568	0.0547		1.9955	93.5036	746.4123	1.9386	0.0034	present	469.342	469.34	445.78	449.34	0.2096	478.27	0.0422	433.89	489.02	471.26	522.95	343.38	387.56	421.41	483.59	333.98	379.34	367.34	426.65	310.05	347.33	463.57	486.66	181.383	NA	181.38	177.66	0.1034	214.62	0.0169	166.48	196.95	158.87	188.79	9.709	9.71	9.89	9.91	0.1243	9.84	0.0392	7.03	9575342	9869804	1000	/scratch.global/lanej/1000G/ngs_dose/1000G_highcov/crams/HG00313.cram	9ab0a0e8	184ab16e	9dd52ba1	3
HG00315	fetch	0.1.0+fae1124	35.454	150	411	400	0.058	0.97	1.2185	0.052	0.0493		2.0024	129.2475	767.3122	1.9261	0.0034	present	351.425	351.43	335.5	340.19	0.2052	362.63	0.0345	336.52	381.24	357.57	400.11	245.3	266.83	327.22	381.11	256.12	291.61	274.5	320.4	233.67	259.91	348.89	369.71	273.665	NA	273.67	268.74	0.0947	327.57	0.02	251.89	299.54	234.89	282.24	9.594	9.59	9.68	9.62	0.142	9.64	0.0341	4.37	7968614	8218229	1000	/scratch.global/lanej/1000G/ngs_dose/1000G_highcov/crams/HG00315.cram	9ab0a0e8	184ab16e	9dd52ba1	3
HG00318	fetch	0.1.0+fae1124	34.243	150	420	400	0.0775	0.9553	1.2822	0.061	0.0449		1.9966	62.0643	747.8127	1.9234	0.0032	present	399.549	399.55	385.79	394.81	0.1848	442.39	0.0425	384.99	523.24	411.7	480.2	304.27	402.45	419.91	573.31	318.63	431.93	337.34	436.79	290.1	391.14	397.83	433.02	211.392	NA	211.39	211.5	0.0715	276.45	0.0215	198.34	258.27	184.78	243.09	9.663	9.66	9.76	9.78	0.1089	9.69	0.046	4.12	7831505	8079293	1000	/scratch.global/lanej/1000G/ngs_dose/1000G_highcov/crams/HG00318.cram	9ab0a0e8	184ab16e	9dd52ba1	3
HG00319	fetch	0.1.0+fae1124	37.946	150	422	400	0.0809	0.9576	1.273	0.055	0.043		1.9954	79.5442	805.4423	1.9237	0.0024	present	278.16	278.16	270.17	273.41	0.1614	309.15	0.0419	268.77	362.05	283.1	331.79	226.53	289.56	293.59	397.93	228.08	304.6	233.01	298.49	204.49	270.41	278.62	303.8	290.804	NA	290.8	295.36	0.0774	377.01	0.0278	271.55	353.55	247.39	321.61	9.554	9.55	9.69	9.72	0.1131	9.62	0.0465	6.95	7963985	8232912	1000	/scratch.global/lanej/1000G/ngs_dose/1000G_highcov/crams/HG00319.cram	9ab0a0e8	184ab16e	9dd52ba1	3
HG00320	fetch	0.1.0+fae1124	43.779	150	435	450	0.0726	0.9784	1.1968	0.0507	0.0548		1.9964	74.8845	842.8377	1.9177	0.0022	present	444.659	444.66	421.6	420.74	0.2033	449.71	0.0441	406.46	447.38	445.23	490.64	319.12	354.86	396.45	451.27	306.83	344.15	339.33	393.11	288.83	313.14	440.39	460.8	113.546	NA	113.55	111.5	0.0923	134.58	0.0214	102.59	120.47	97.66	116.62	10.315	10.31	10.46	10.49	0.1266	10.41	0.0416	4.81	9861366	10166142	1000	/scratch.global/lanej/1000G/ngs_dose/1000G_highcov/crams/HG00320.cram	9ab0a0e8	184ab16e	9dd52ba1	3
HG00321	fetch	0.1.0+fae1124	62.273	150	428	450	0.1106	0.9724	1.1874	0.0686	0.0528		1.9976	71.2338	691.3355	0.9887	0.9886	present	501.385	501.39	487.9	491.25	0.1552	531.71	0.068	481.16	588.12	511.63	567.36	418.87	508.27	513.18	637.74	401.66	492.68	424.54	509.34	373.03	454.27	501.64	527.33	259.38	NA	259.38	258.08	0.0753	315.15	0.042	234.61	283.75	217.78	268.24	9.715	9.71	9.86	9.87	0.1022	9.8	0.061	10.05	14582826	15015380	1000	/scratch.global/lanej/1000G/ngs_dose/1000G_highcov/crams/HG00321.cram	9ab0a0e8	184ab16e	9dd52ba1	3
HG00323	fetch	0.1.0+fae1124	33.868	150	413	400	0.072	0.9651	1.1971	0.0635	0.0575		2.0001	48.7687	634.7854	1.9418	0.0025	present	537.296	537.3	522.47	529.4	0.1636	577.15	0.0468	515.79	636.45	548.81	617.73	408.36	491.78	556.05	692.8	424.92	523.14	446.18	538.2	386.5	474.84	540.88	577.4	170.421	NA	170.42	169.62	0.0779	208.06	0.0238	151.67	184.6	144.34	177.08	9.711	9.71	9.83	9.83	0.1108	9.79	0.0431	4.96	8240060	8478780	1000	/scratch.global/lanej/1000G/ngs_dose/1000G_highcov/crams/HG00323.cram	9ab0a0e8	184ab16e	9dd52ba1	3
HG00324	fetch	0.1.0+fae1124	37.212	150	438	450	0.1029	0.9656	1.2479	0.0798	0.0533		2.0038	18.88	674.5382	1.9522	0.003	present	456.332	456.33	436.29	438.27	0.1893	483.48	0.0558	417.07	520.91	461.36	526.91	333.17	413.37	411.38	521.07	329.13	412.02	362.03	447.51	308.82	383.96	455.65	485.31	109.056	NA	109.06	108.83	0.0783	136.7	0.031	108.63	136.09	94.78	119.93	9.868	9.87	9.98	10.01	0.121	9.9	0.0563	7.09	8614482	8868180	1000	/scratch.global/lanej/1000G/ngs_dose/1000G_highcov/crams/HG00324.cram	9ab0a0e8	184ab16e	9dd52ba1	3
HG00325	fetch	0.1.0+fae1124	33.85	150	436	450	0.0832	0.9694	1.2373	0.0668	0.0419		1.995	307.0583	945.0206	0.9902	0.9824	present	564.291	564.29	547.72	552.26	0.1769	609.33	0.0486	533.15	684.64	578.49	658.06	451.96	578.61	558.36	729.33	431.18	557.22	468.47	583.96	422.76	539.29	566.75	602.61	175.082	NA	175.08	174.14	0.0752	220.07	0.0292	163.59	203.31	144.88	184.97	10.008	10.01	10.1	10.13	0.1164	10.02	0.0489	8.24	9003083	9239329	1000	/scratch.global/lanej/1000G/ngs_dose/1000G_highcov/crams/HG00325.cram	9ab0a0e8	184ab16e	9dd52ba1	3
HG00326	fetch	0.1.0+fae1124	48.415	150	417	400	0.1287	0.9795	1.1639	0.06	0.0406		1.9882	25.7014	737.8803	1.9424	0.003	present	182.465	182.46	175.13	176.45	0.1775	186.4	0.0568	177.26	200.76	189.01	205.25	139.08	153.21	169.8	195.31	139.6	158.41	145.9	165.92	123.92	138.76	180.9	188.56	197.148	NA	197.15	195.0	0.0897	227.62	0.0464	187.73	215.63	163.29	189.2	9.657	9.66	9.72	9.75	0.1087	9.68	0.0756	5.48	8652796	8950214	1000	/scratch.global/lanej/1000G/ngs_dose/1000G_highcov/crams/HG00326.cram	9ab0a0e8	184ab16e	9dd52ba1	3
HG00327	fetch	0.1.0+fae1124	37.201	150	415	400	0.0743	0.9552	1.266	0.0446	0.0649		2.0	54.6445	619.9681	1.9038	0.002	present	478.331	478.33	457.0	468.37	0.1719	520.49	0.0445	447.82	592.13	466.81	543.16	365.21	476.59	469.06	620.31	381.98	501.83	389.22	495.65	329.5	437.09	475.03	516.29	195.359	NA	195.36	193.3	0.0674	250.63	0.0211	186.98	240.32	169.72	218.49	9.774	9.77	9.97	9.99	0.1209	9.91	0.0426	5.79	8787395	9067212	1000	/scratch.global/lanej/1000G/ngs_dose/1000G_highcov/crams/HG00327.cram	9ab0a0e8	184ab16e	9dd52ba1	3
HG00328	fetch	0.1.0+fae1124	35.228	150	437	450	0.0656	0.9815	1.1635	0.0562	0.0458		1.9925	25.9993	694.774	1.9371	0.0032	present	454.15	454.15	431.39	433.49	0.2163	454.65	0.0383	411.57	457.51	453.8	490.55	321.12	359.07	407.56	461.45	315.89	355.0	350.08	398.33	291.71	322.13	451.23	465.26	163.038	NA	163.04	160.01	0.1013	188.59	0.0147	152.53	175.26	142.81	166.31	9.419	9.42	9.56	9.58	0.1182	9.5	0.0363	10.02	7522924	7734928	1000	/scratch.global/lanej/1000G/ngs_dose/1000G_highcov/crams/HG00328.cram	9ab0a0e8	184ab16e	9dd52ba1	3
HG00329	fetch	0.1.0+fae1124	39.812	150	437	450	0.0976	0.9708	1.2158	0.0625	0.0463		2.002	51.9983	684.7934	0.9896	0.9757	present	310.29	310.29	297.42	302.57	0.1999	321.81	0.0528	298.95	342.58	310.19	347.99	238.54	273.86	268.36	317.89	230.59	267.98	242.94	289.03	205.32	232.14	308.6	325.39	189.834	NA	189.83	185.16	0.0859	231.03	0.0292	170.88	206.92	167.4	205.63	10.03	10.03	10.05	10.02	0.1143	9.98	0.0585	6.93	8533251	8806043	1000	/scratch.global/lanej/1000G/ngs_dose/1000G_highcov/crams/HG00329.cram	9ab0a0e8	184ab16e	9dd52ba1	3
HG00330	fetch	0.1.0+fae1124	37.195	150	432	450	0.1049	0.9625	1.2394	0.0624	0.052		1.9956	36.6837	748.6215	1.9021	0.0032	present	463.674	463.67	445.39	448.47	0.2023	490.75	0.0577	434.87	520.73	479.32	546.53	356.02	425.61	443.11	544.54	350.78	424.06	375.91	458.87	322.8	382.96	460.86	491.94	104.651	NA	104.65	104.54	0.0897	130.37	0.0272	98.84	122.76	88.57	111.41	9.486	9.49	9.61	9.61	0.1071	9.55	0.0623	8.07	8626694	8885154	1000	/scratch.global/lanej/1000G/ngs_dose/1000G_highcov/crams/HG00330.cram	9ab0a0e8	184ab16e	9dd52ba1	3
HG00331	fetch	0.1.0+fae1124	37.985	150	422	400	0.0936	0.9737	1.2026	0.0636	0.0584		1.9971	44.7388	1077.5628	1.9091	0.0023	present	498.293	498.29	477.27	480.57	0.1868	516.21	0.052	461.03	524.32	509.57	570.81	367.93	400.93	450.97	528.79	374.63	429.24	398.34	465.2	349.32	389.34	496.25	525.9	233.06	NA	233.06	231.47	0.078	279.27	0.0307	203.92	241.67	199.03	239.88	10.903	10.9	11.09	11.12	0.1121	11.03	0.0557	5.24	8700625	8979575	1000	/scratch.global/lanej/1000G/ngs_dose/1000G_highcov/crams/HG00331.cram	9ab0a0e8	184ab16e	9dd52ba1	3
HG00332	fetch	0.1.0+fae1124	39.26	150	440	450	0.088	0.9884	1.1172	0.0676	0.0407		1.9898	86.6477	917.6875	1.9199	0.0035	present	406.075	406.07	381.83	382.48	0.2223	389.26	0.0462	363.61	350.74	401.24	423.2	264.25	259.38	336.4	335.86	277.69	273.84	296.56	314.39	221.91	210.59	400.74	409.33	206.773	NA	206.77	201.63	0.1032	224.74	0.0218	189.27	204.94	188.68	204.79	9.593	9.59	9.59	9.58	0.1191	9.55	0.0515	7.42	9056481	9363208	1000	/scratch.global/lanej/1000G/ngs_dose/1000G_highcov/crams/HG00332.cram	9ab0a0e8	184ab16e	9dd52ba1	3
HG00334	fetch	0.1.0+fae1124	36.541	150	426	450	0.1065	0.9693	1.2567	0.0658	0.0397		1.9917	12.3718	855.2118	1.9559	0.0026	present	414.855	414.86	398.99	399.94	0.1977	438.13	0.0565	390.72	462.68	419.93	478.25	306.51	363.16	381.37	461.67	299.39	357.83	326.85	398.62	271.85	320.02	415.67	442.67	154.061	NA	154.06	153.49	0.08	192.43	0.0309	140.15	174.71	128.35	161.64	9.814	9.81	9.89	9.89	0.1126	9.82	0.0614	4.75	8145945	8390401	1000	/scratch.global/lanej/1000G/ngs_dose/1000G_highcov/crams/HG00334.cram	9ab0a0e8	184ab16e	9dd52ba1	3
HG00335	fetch	0.1.0+fae1124	35.606	150	424	400	0.065	0.9779	1.177	0.0551	0.0589		1.9989	67.7626	722.6364	0.9904	0.9868	present	402.849	402.85	380.34	380.52	0.2114	405.27	0.0395	370.98	421.66	412.81	450.81	278.93	300.15	381.1	441.33	294.5	333.55	321.49	366.79	262.94	292.03	394.67	411.95	150.305	NA	150.31	147.9	0.1058	175.17	0.0189	133.02	155.7	135.17	157.61	9.826	9.83	9.95	10.0	0.1123	9.89	0.037	5.14	7539858	7742694	1000	/scratch.global/lanej/1000G/ngs_dose/1000G_highcov/crams/HG00335.cram	9ab0a0e8	184ab16e	9dd52ba1	3
HG00336	fetch	0.1.0+fae1124	42.075	150	448	450	0.1995	0.9981	1.0456	0.0712	0.0469		1.9996	73.3045	698.5134	0.9949	0.9921	present	407.473	407.47	386.82	393.66	0.2107	380.3	0.0874	380.22	330.86	395.68	400.06	302.6	271.73	408.24	366.16	289.88	259.61	299.09	293.96	247.47	212.69	402.47	402.75	111.075	NA	111.08	111.29	0.1019	111.82	0.0602	103.91	103.39	94.2	94.53	9.724	9.72	9.82	9.86	0.1172	9.82	0.1159	7.44	8889883	9156962	1000	/scratch.global/lanej/1000G/ngs_dose/1000G_highcov/crams/HG00336.cram	9ab0a0e8	184ab16e	9dd52ba1	3
HG00337	fetch	0.1.0+fae1124	34.895	150	436	450	0.0934	0.9628	1.2599	0.0663	0.0488		2.0027	117.1303	871.0304	1.9245	0.003	present	323.192	323.19	313.44	316.09	0.1988	351.2	0.0527	312.88	400.54	332.48	382.43	276.1	348.27	313.09	407.91	262.9	335.88	268.07	335.21	248.64	314.54	322.03	345.99	201.579	NA	201.58	199.52	0.0735	254.34	0.031	186.93	237.8	174.19	221.01	9.786	9.79	9.91	9.93	0.1225	9.85	0.0533	5.07	7957965	8208338	1000	/scratch.global/lanej/1000G/ngs_dose/1000G_highcov/crams/HG00337.cram	9ab0a0e8	184ab16e	9dd52ba1	3
HG00338	fetch	0.1.0+fae1124	39.264	150	423	400	0.0667	0.9832	1.1423	0.0745	0.0513		1.9909	68.1547	832.3336	0.9903	0.9921	present	365.046	365.05	345.44	342.3	0.1904	360.51	0.0376	336.23	360.55	369.08	395.69	271.7	274.42	324.25	357.93	272.56	294.24	291.21	319.8	261.44	270.45	357.57	369.09	208.494	NA	208.49	204.45	0.0872	234.75	0.0245	200.94	224.63	176.86	199.74	9.89	9.89	10.08	10.12	0.1235	10.03	0.0364	4.38	8107700	8339594	1000	/scratch.global/lanej/1000G/ngs_dose/1000G_highcov/crams/HG00338.cram	9ab0a0e8	184ab16e	9dd52ba1	3
HG00339	fetch	0.1.0+fae1124	45.084	150	435	450	0.0706	0.9786	1.182	0.0627	0.0451		2.0085	84.0684	715.7686	1.9378	0.0024	present	635.457	635.46	609.05	616.28	0.2285	647.02	0.0503	547.22	606.03	608.24	663.72	420.42	469.33	528.72	605.94	408.81	460.92	466.45	536.26	366.99	399.23	649.42	676.06	225.49	NA	225.49	222.35	0.1026	263.91	0.0207	209.66	242.48	196.25	231.86	9.583	9.58	9.65	9.68	0.1121	9.6	0.04	6.8	11351243	11682807	1000	/scratch.global/lanej/1000G/ngs_dose/1000G_highcov/crams/HG00339.cram	9ab0a0e8	184ab16e	9dd52ba1	3
HG00341	fetch	0.1.0+fae1124	36.628	150	430	450	0.0965	0.9595	1.2949	0.0675	0.0428		1.9967	121.5203	802.6417	0.986	0.9717	present	297.24	297.24	285.24	284.38	0.1853	320.95	0.0478	282.57	360.98	303.63	353.4	222.2	284.95	282.02	370.05	219.27	284.08	236.4	302.73	208.43	263.68	296.32	318.74	255.932	NA	255.93	254.97	0.0806	333.87	0.0296	226.62	291.09	217.87	289.0	9.666	9.67	9.73	9.74	0.1155	9.65	0.0532	6.67	7808220	8066457	1000	/scratch.global/lanej/1000G/ngs_dose/1000G_highcov/crams/HG00341.cram	9ab0a0e8	184ab16e	9dd52ba1	3
HG00342	fetch	0.1.0+fae1124	36.412	150	432	450	0.0766	0.9625	1.2512	0.0662	0.0427		2.0014	158.6691	929.7612	0.9964	0.9609	present	433.283	433.28	422.47	420.94	0.1709	470.61	0.0445	425.13	546.41	447.3	508.05	348.49	442.96	424.9	550.64	343.38	440.32	360.87	448.98	315.42	404.34	435.2	463.96	176.921	NA	176.92	174.13	0.0733	222.23	0.0227	166.79	209.6	154.83	196.56	9.317	9.32	9.41	9.47	0.1274	9.34	0.0416	8.11	8499645	8730484	1000	/scratch.global/lanej/1000G/ngs_dose/1000G_highcov/crams/HG00342.cram	9ab0a0e8	184ab16e	9dd52ba1	3
HG00343	fetch	0.1.0+fae1124	35.932	150	441	450	0.077	0.9633	1.2656	0.0584	0.0385		1.9968	55.0169	719.6873	1.9161	0.0025	present	432.415	432.42	418.32	422.37	0.1869	470.12	0.0449	409.59	535.66	442.14	510.03	339.49	439.35	431.22	576.48	332.86	436.81	353.5	449.87	304.54	394.36	433.66	464.31	176.976	NA	176.98	175.08	0.0821	227.84	0.023	163.5	209.73	155.04	202.49	9.455	9.45	9.52	9.53	0.1142	9.43	0.0423	4.64	8186402	8427073	1000	/scratch.global/lanej/1000G/ngs_dose/1000G_highcov/crams/HG00343.cram	9ab0a0e8	184ab16e	9dd52ba1	3
HG00344	fetch	0.1.0+fae1124	38.109	150	432	450	0.0718	0.9577	1.2854	0.0574	0.0423		1.9902	74.7214	767.4688	1.9264	0.002	present	498.803	498.8	476.13	481.4	0.2	544.12	0.0455	465.49	636.72	498.47	584.93	395.23	529.5	455.76	627.37	390.25	529.07	402.64	522.4	354.11	482.99	493.84	534.46	149.466	NA	149.47	149.07	0.0773	195.15	0.0257	136.1	179.33	128.56	169.41	9.374	9.37	9.6	9.73	0.1406	9.51	0.0397	5.24	8911804	9175703	1000	/scratch.global/lanej/1000G/ngs_dose/1000G_highcov/crams/HG00344.cram	9ab0a0e8	184ab16e	9dd52ba1	3
HG00345	fetch	0.1.0+fae1124	36.89	150	427	450	0.0807	0.9843	1.1279	0.0824	0.0455		1.9958	71.9571	604.1456	0.9961	0.9805	present	558.913	558.91	535.42	537.51	0.2211	551.12	0.0469	507.27	494.94	529.03	565.8	374.76	373.98	479.92	491.14	382.61	384.94	411.95	445.57	359.53	342.99	564.32	580.66	131.789	NA	131.79	130.4	0.0878	146.57	0.0211	109.27	119.87	111.29	124.33	9.913	9.91	9.95	9.94	0.1269	9.9	0.0433	6.16	8946042	9222052	1000	/scratch.global/lanej/1000G/ngs_dose/1000G_highcov/crams/HG00345.cram	9ab0a0e8	184ab16e	9dd52ba1	3
HG00346	fetch	0.1.0+fae1124	34.31	150	417	400	0.0602	0.9769	1.2122	0.0607	0.0387		2.0039	45.3028	741.6142	1.9326	0.0032	present	371.859	371.86	352.76	359.42	0.212	379.45	0.0344	349.08	398.97	382.07	424.65	255.36	278.97	336.03	397.49	264.52	304.15	289.9	340.94	229.65	258.38	367.55	385.98	138.143	NA	138.14	135.43	0.0979	167.22	0.0156	122.78	146.89	120.84	147.32	9.349	9.35	9.46	9.43	0.1199	9.4	0.0335	8.55	7175931	7421313	1000	/scratch.global/lanej/1000G/ngs_dose/1000G_highcov/crams/HG00346.cram	9ab0a0e8	184ab16e	9dd52ba1	3
HG00349	fetch	0.1.0+fae1124	40.408	150	441	450	0.1032	0.9755	1.2004	0.0503	0.0504		1.9849	99.0435	891.5225	1.9292	0.002	present	469.856	469.86	454.41	457.88	0.1826	490.77	0.0559	457.22	534.97	476.82	528.01	380.01	442.48	494.72	585.19	363.15	425.74	385.27	452.75	335.56	391.93	467.42	491.07	220.187	NA	220.19	219.29	0.0856	262.65	0.0349	207.27	247.08	180.92	217.55	9.779	9.78	9.88	9.91	0.1156	9.82	0.0597	6.74	9438022	9727779	1000	/scratch.global/lanej/1000G/ngs_dose/1000G_highcov/crams/HG00349.cram	9ab0a0e8	184ab16e	9dd52ba1	3
HG00350	fetch	0.1.0+fae1124	52.472	150	433	450	0.0945	0.977	1.1957	0.0493	0.0383		2.0041	39.764	786.037	1.9473	0.0033	present	544.375	544.37	524.75	537.06	0.2042	565.33	0.0627	543.37	623.54	544.6	603.86	452.68	516.6	559.22	659.36	430.3	497.41	453.26	532.43	411.05	466.71	536.29	563.54	285.23	NA	285.23	284.47	0.0762	341.75	0.0316	253.08	303.7	244.65	295.42	9.647	9.65	9.77	9.76	0.1028	9.71	0.0536	7.86	12986865	13340735	1000	/scratch.global/lanej/1000G/ngs_dose/1000G_highcov/crams/HG00350.cram	9ab0a0e8	184ab16e	9dd52ba1	3
HG00351	fetch	0.1.0+fae1124	33.661	150	433	450	0.0889	0.9681	1.2274	0.0594	0.0431		2.0037	26.125	700.1879	0.996	0.93	present	411.685	411.68	396.9	399.04	0.1746	436.72	0.0482	397.42	489.92	421.99	476.44	332.64	406.99	417.33	525.7	318.14	394.01	339.31	414.52	298.09	364.04	408.46	432.9	165.705	NA	165.71	163.98	0.0656	205.16	0.0326	156.4	193.22	142.59	178.52	9.676	9.68	9.73	9.76	0.1173	9.66	0.0534	4.86	7393378	7614625	1000	/scratch.global/lanej/1000G/ngs_dose/1000G_highcov/crams/HG00351.cram	9ab0a0e8	184ab16e	9dd52ba1	3
HG00353	fetch	0.1.0+fae1124	36.278	150	421	400	0.1009	0.9649	1.261	0.0627	0.0415		2.0055	58.0012	696.2475	1.9657	0.0027	present	414.012	414.01	396.02	399.95	0.2025	435.7	0.0533	391.61	458.26	411.09	470.75	293.04	326.35	361.58	439.94	308.4	364.67	320.94	389.34	277.78	317.6	413.93	443.81	225.415	NA	225.42	220.99	0.0751	282.65	0.0307	209.12	258.34	195.85	247.5	9.873	9.87	9.89	9.89	0.1098	9.83	0.0588	6.41	8230967	8498914	1000	/scratch.global/lanej/1000G/ngs_dose/1000G_highcov/crams/HG00353.cram	9ab0a0e8	184ab16e	9dd52ba1	3
HG00355	fetch	0.1.0+fae1124	52.655	150	424	400	0.0925	0.9742	1.1886	0.0561	0.0407		1.9938	79.6107	747.2125	1.9521	0.003	present	362.662	362.66	354.11	357.99	0.1683	387.92	0.054	346.97	429.8	372.36	414.59	290.13	346.96	376.95	470.46	293.83	360.93	311.34	373.69	275.39	339.28	364.86	385.37	335.348	NA	335.35	331.3	0.0791	407.73	0.0359	302.93	370.11	275.9	336.38	9.761	9.76	9.83	9.86	0.1219	9.77	0.0487	11.12	11672283	12036466	1000	/scratch.global/lanej/1000G/ngs_dose/1000G_highcov/crams/HG00355.cram	9ab0a0e8	184ab16e	9dd52ba1	3
HG00356	fetch	0.1.0+fae1124	37.245	150	434	450	0.0813	0.9655	1.2727	0.0602	0.0394		1.9934	34.2057	1092.913	1.948	0.0021	present	456.258	456.26	437.63	443.71	0.174	493.78	0.0474	422.29	573.82	467.97	535.07	365.3	487.39	448.03	616.25	347.8	470.52	374.73	482.61	327.3	443.23	453.47	483.76	168.109	NA	168.11	169.2	0.088	218.65	0.0243	158.17	205.88	146.58	193.74	9.459	9.46	9.52	9.54	0.1187	9.43	0.0458	8.22	8286866	8543659	1000	/scratch.global/lanej/1000G/ngs_dose/1000G_highcov/crams/HG00356.cram	9ab0a0e8	184ab16e	9dd52ba1	3
HG00357	fetch	0.1.0+fae1124	37.754	150	419	400	0.1102	0.9629	1.2202	0.0601	0.0432		2.001	195.4229	788.6692	1.8524	0.0022	present	478.821	478.82	460.3	470.64	0.1907	507.61	0.06	449.16	537.35	482.0	551.98	332.49	385.4	458.01	558.98	360.58	431.71	385.28	464.4	340.61	403.93	479.8	513.98	131.488	NA	131.49	130.23	0.0919	161.68	0.0261	128.58	157.49	115.74	142.92	9.636	9.64	9.77	9.8	0.1096	9.71	0.0638	5.18	9335392	9610316	1000	/scratch.global/lanej/1000G/ngs_dose/1000G_highcov/crams/HG00357.cram	9ab0a0e8	184ab16e	9dd52ba1	3
HG00358	fetch	0.1.0+fae1124	40.198	150	433	450	0.0914	0.9722	1.2346	0.0602	0.0441		2.0016	26.1321	749.8785	0.9911	0.9792	present	482.885	482.89	475.01	476.96	0.1685	521.37	0.0537	470.67	592.3	504.72	562.11	407.8	506.94	503.63	644.21	384.53	483.81	412.94	505.03	352.87	440.17	488.31	513.96	220.091	NA	220.09	222.6	0.0832	271.76	0.0371	205.6	253.89	176.8	220.8	9.578	9.58	9.73	9.74	0.1382	9.66	0.0504	20.85	9398371	9670114	1000	/scratch.global/lanej/1000G/ngs_dose/1000G_highcov/crams/HG00358.cram	9ab0a0e8	184ab16e	9dd52ba1	3
HG00360	fetch	0.1.0+fae1124	36.296	150	446	450	0.0733	0.964	1.2866	0.0531	0.0368		2.0038	44.8358	1066.4819	0.9979	0.9703	present	321.356	321.36	307.92	312.63	0.2055	348.95	0.0432	308.21	417.69	332.96	385.24	256.75	342.45	311.33	428.58	247.8	335.23	261.29	339.23	229.15	309.07	317.63	340.49	216.772	NA	216.77	217.34	0.0755	284.9	0.0239	212.61	279.37	184.35	246.16	9.418	9.42	9.5	9.51	0.1111	9.4	0.0409	6.94	7391719	7622458	1000	/scratch.global/lanej/1000G/ngs_dose/1000G_highcov/crams/HG00360.cram	9ab0a0e8	184ab16e	9dd52ba1	3
HG00361	fetch	0.1.0+fae1124	36.782	150	423	400	0.106	0.9708	1.2265	0.0559	0.0344		1.9902	239.0947	862.6112	1.143	0.0023	present	414.952	414.95	393.93	397.33	0.1917	427.97	0.0562	396.79	455.27	408.67	463.26	289.77	319.25	374.24	444.73	311.13	361.32	325.06	385.85	275.9	309.67	409.85	434.88	229.021	NA	229.02	221.11	0.0926	279.76	0.035	205.93	247.46	198.97	244.91	9.524	9.52	9.65	9.67	0.1433	9.58	0.0597	6.57	8858014	9114375	1000	/scratch.global/lanej/1000G/ngs_dose/1000G_highcov/crams/HG00361.cram	9ab0a0e8	184ab16e	9dd52ba1	3
HG00362	fetch	0.1.0+fae1124	38.118	150	435	450	0.0893	0.9623	1.274	0.0607	0.0386		1.9881	20.9008	787.4903	1.9456	0.0032	present	471.763	471.76	457.26	468.09	0.2122	518.6	0.0536	457.48	615.99	493.7	574.59	394.45	523.78	491.48	670.19	378.07	508.17	404.38	522.14	361.95	485.87	467.76	502.9	210.919	NA	210.92	208.82	0.0692	275.19	0.0276	195.71	255.16	181.14	239.78	9.463	9.46	9.57	9.58	0.1178	9.48	0.0499	6.68	8907733	9175368	1000	/scratch.global/lanej/1000G/ngs_dose/1000G_highcov/crams/HG00362.cram	9ab0a0e8	184ab16e	9dd52ba1	3
HG00364	fetch	0.1.0+fae1124	36.214	150	435	450	0.0763	0.9681	1.2332	0.0513	0.0425		1.9943	28.5827	772.507	1.9384	0.003	present	489.353	489.35	468.36	467.4	0.2035	508.23	0.045	454.75	511.31	491.0	557.52	357.79	406.52	450.14	520.63	356.12	407.45	378.84	450.72	327.71	365.61	488.37	518.39	231.117	NA	231.12	230.15	0.0836	282.14	0.0277	201.45	243.55	194.33	239.36	9.731	9.73	9.82	9.82	0.1113	9.76	0.0445	8.37	8263080	8501730	1000	/scratch.global/lanej/1000G/ngs_dose/1000G_highcov/crams/HG00364.cram	9ab0a0e8	184ab16e	9dd52ba1	3
HG00365	fetch	0.1.0+fae1124	36.952	150	440	450	0.0819	0.9725	1.2306	0.0663	0.0391		1.9981	33.663	1081.2551	1.9413	0.0023	present	446.432	446.43	430.16	434.12	0.2096	474.34	0.046	412.97	519.7	455.64	513.39	352.87	439.96	435.58	555.59	343.96	433.24	368.46	452.95	314.49	394.24	445.71	471.46	187.973	NA	187.97	187.69	0.0857	233.84	0.0308	185.05	229.76	156.85	197.52	10.082	10.08	10.14	10.11	0.1153	10.06	0.0491	5.71	8513241	8759879	1000	/scratch.global/lanej/1000G/ngs_dose/1000G_highcov/crams/HG00365.cram	9ab0a0e8	184ab16e	9dd52ba1	3
HG00366	fetch	0.1.0+fae1124	32.59	150	429	450	0.0696	0.9583	1.32	0.0787	0.0362		1.9973	57.2816	1147.2774	0.9958	0.9833	present	221.26	221.26	218.47	218.87	0.1689	250.66	0.035	228.62	317.85	237.25	278.1	187.47	256.34	225.04	317.71	178.47	247.56	191.66	254.2	167.54	231.73	222.72	240.65	235.276	NA	235.28	234.17	0.0657	315.79	0.0252	217.07	291.07	201.67	275.26	9.757	9.76	9.77	9.78	0.1102	9.67	0.0407	8.37	6686352	6929239	1000	/scratch.global/lanej/1000G/ngs_dose/1000G_highcov/crams/HG00366.cram	9ab0a0e8	184ab16e	9dd52ba1	3
HG00367	fetch	0.1.0+fae1124	35.504	150	431	450	0.0578	0.9805	1.1895	0.0626	0.043		1.991	22.5243	837.6309	1.9307	0.0035	present	403.831	403.83	384.37	388.23	0.2078	410.58	0.0355	384.92	440.68	412.74	452.48	294.28	335.27	364.41	429.7	284.14	328.14	313.87	367.11	253.73	286.84	399.07	415.07	125.745	NA	125.75	123.7	0.097	150.05	0.0166	116.84	139.42	109.0	131.22	9.396	9.4	9.45	9.46	0.1329	9.38	0.0339	6.51	7623838	7838844	1000	/scratch.global/lanej/1000G/ngs_dose/1000G_highcov/crams/HG00367.cram	9ab0a0e8	184ab16e	9dd52ba1	3
HG00368	fetch	0.1.0+fae1124	36.178	150	429	450	0.0613	0.9799	1.1795	0.0559	0.0386		2.0042	57.792	845.2596	1.9378	0.0032	present	351.414	351.41	333.74	334.73	0.2084	356.08	0.0363	328.1	381.02	367.69	400.16	258.41	298.9	319.58	378.29	250.57	292.67	277.74	323.97	233.59	269.66	345.69	358.24	143.716	NA	143.72	141.59	0.104	170.46	0.0152	132.34	156.56	124.12	148.71	9.241	9.24	9.32	9.37	0.1143	9.26	0.0353	6.18	7180398	7398424	1000	/scratch.global/lanej/1000G/ngs_dose/1000G_highcov/crams/HG00368.cram	9ab0a0e8	184ab16e	9dd52ba1	3
HG00369	fetch	0.1.0+fae1124	51.632	150	435	450	0.0815	0.9611	1.2877	0.0571	0.0367		1.9977	36.9168	997.5357	0.9851	0.9728	present	522.341	522.34	503.72	510.79	0.1697	569.99	0.054	511.71	684.67	542.0	625.35	424.14	558.91	520.97	708.79	408.2	545.4	436.64	562.73	380.43	505.35	516.68	554.97	253.547	NA	253.55	252.46	0.0806	330.66	0.029	239.61	312.95	215.13	284.35	9.616	9.62	9.76	9.83	0.1142	9.67	0.0462	6.25	12004148	12368070	1000	/scratch.global/lanej/1000G/ngs_dose/1000G_highcov/crams/HG00369.cram	9ab0a0e8	184ab16e	9dd52ba1	3
HG00371	fetch	0.1.0+fae1124	41.068	150	439	450	0.1048	0.9755	1.2082	0.0674	0.0485		1.9905	23.3485	820.3757	0.986	0.972	present	439.904	439.9	421.08	426.22	0.1971	453.15	0.055	411.4	466.44	435.84	485.17	320.47	367.44	393.11	458.65	317.22	366.17	338.49	398.0	288.76	323.22	439.95	462.16	249.545	NA	249.54	246.01	0.0845	299.0	0.0314	239.88	283.72	210.11	254.05	9.871	9.87	9.88	9.88	0.1164	9.81	0.0628	5.58	9314025	9607427	1000	/scratch.global/lanej/1000G/ngs_dose/1000G_highcov/crams/HG00371.cram	9ab0a0e8	184ab16e	9dd52ba1	3
HG00372	fetch	0.1.0+fae1124	36.453	150	419	400	0.1076	0.963	1.2572	0.0638	0.0492		1.9963	76.0828	750.1537	0.9976	0.9984	present	299.374	299.37	282.29	285.85	0.2169	310.51	0.0523	272.02	324.8	294.92	337.76	211.46	239.35	250.77	307.96	219.94	263.59	229.18	277.82	200.73	233.84	295.83	315.93	226.125	NA	226.13	222.56	0.075	281.39	0.0372	206.99	255.78	192.89	241.15	9.449	9.45	9.64	9.74	0.1359	9.57	0.0631	5.2	7437312	7685073	1000	/scratch.global/lanej/1000G/ngs_dose/1000G_highcov/crams/HG00372.cram	9ab0a0e8	184ab16e	9dd52ba1	3
HG00373	fetch	0.1.0+fae1124	36.139	150	420	400	0.1055	0.9713	1.2121	0.0583	0.0496		2.0079	89.7695	683.3861	1.944	0.0032	present	325.153	325.15	310.58	318.85	0.236	338.24	0.0535	289.95	339.27	314.37	354.21	212.74	241.46	288.25	345.56	232.63	274.03	253.83	301.46	224.43	259.06	327.73	347.53	217.277	NA	217.28	213.93	0.0859	263.85	0.0405	193.12	232.11	180.3	220.26	9.729	9.73	9.82	9.83	0.1081	9.76	0.0618	5.49	7768805	8025533	1000	/scratch.global/lanej/1000G/ngs_dose/1000G_highcov/crams/HG00373.cram	9ab0a0e8	184ab16e	9dd52ba1	3
HG00375	fetch	0.1.0+fae1124	40.124	150	428	450	0.0855	0.9711	1.2173	0.0762	0.0432		1.9913	17.9515	997.3003	0.99	0.9704	present	619.368	619.37	595.89	595.87	0.1922	650.84	0.056	602.8	712.05	641.55	721.7	513.73	605.12	632.36	774.65	491.31	587.9	506.25	611.86	465.86	542.02	610.87	647.25	160.192	NA	160.19	157.78	0.0811	197.89	0.0296	152.6	187.52	136.65	170.94	9.607	9.61	9.71	9.69	0.1093	9.64	0.0494	5.16	10248732	10513493	1000	/scratch.global/lanej/1000G/ngs_dose/1000G_highcov/crams/HG00375.cram	9ab0a0e8	184ab16e	9dd52ba1	3
HG00376	fetch	0.1.0+fae1124	37.479	150	432	450	0.074	0.963	1.2528	0.0656	0.0391		2.0026	64.2607	672.2701	1.8371	0.0025	present	407.934	407.93	397.64	399.91	0.168	444.17	0.0446	399.93	522.12	416.96	475.42	332.62	430.99	403.07	534.11	321.71	421.15	338.99	427.06	299.42	388.56	409.95	436.21	256.987	NA	256.99	257.85	0.0789	326.67	0.0273	243.55	307.69	213.99	275.92	9.719	9.72	9.82	9.83	0.1087	9.73	0.0435	7.39	8706650	8974293	1000	/scratch.global/lanej/1000G/ngs_dose/1000G_highcov/crams/HG00376.cram	9ab0a0e8	184ab16e	9dd52ba1	3
HG00378	fetch	0.1.0+fae1124	37.683	150	418	400	0.0652	0.9703	1.1982	0.0583	0.0461		1.9968	33.7524	898.8778	1.945	0.0025	present	454.241	454.24	437.66	444.87	0.1719	477.62	0.0415	436.37	517.06	458.14	511.32	353.29	405.52	463.28	556.27	363.05	429.16	377.7	445.35	327.49	384.42	450.93	479.21	248.807	NA	248.81	244.31	0.0905	297.96	0.0212	225.64	270.2	220.23	264.45	9.587	9.59	9.71	9.74	0.1267	9.67	0.0375	7.59	8453982	8709282	1000	/scratch.global/lanej/1000G/ngs_dose/1000G_highcov/crams/HG00378.cram	9ab0a0e8	184ab16e	9dd52ba1	3
HG00379	fetch	0.1.0+fae1124	39.097	150	430	450	0.1017	0.9653	1.228	0.0531	0.0462		2.0075	28.5704	740.4718	1.9271	0.0021	present	367.829	367.83	357.29	363.77	0.1716	395.4	0.0524	360.63	453.77	379.72	428.26	301.89	377.16	365.7	466.13	284.69	358.89	308.76	379.06	279.79	350.44	366.89	390.08	201.156	NA	201.16	200.73	0.0815	249.49	0.0335	192.75	238.33	167.91	210.62	9.518	9.52	9.6	9.59	0.1112	9.54	0.0598	5.35	7952932	8209629	1000	/scratch.global/lanej/1000G/ngs_dose/1000G_highcov/crams/HG00379.cram	9ab0a0e8	184ab16e	9dd52ba1	3
HG00380	fetch	0.1.0+fae1124	38.066	150	431	450	0.0858	0.9665	1.2287	0.0479	0.0509		2.0007	58.7441	721.7087	1.8581	0.0026	present	535.702	535.7	515.42	520.42	0.1835	571.8	0.0526	520.29	654.03	542.27	616.61	424.84	532.95	521.91	668.79	413.83	524.31	443.38	549.49	388.49	486.14	530.51	564.88	189.558	NA	189.56	190.62	0.0735	238.35	0.0338	174.39	217.05	155.3	198.32	9.856	9.86	9.99	10.01	0.1122	9.91	0.0477	6.57	9003996	9254673	1000	/scratch.global/lanej/1000G/ngs_dose/1000G_highcov/crams/HG00380.cram	9ab0a0e8	184ab16e	9dd52ba1	3
HG00381	fetch	0.1.0+fae1124	37.527	150	436	450	0.074	0.9537	1.2922	0.0649	0.0433		1.998	80.6155	776.3035	1.938	0.0029	present	370.166	370.17	357.22	359.88	0.1908	405.32	0.0417	359.0	481.81	364.9	424.94	293.01	388.6	371.18	506.67	286.53	384.84	300.4	389.3	268.78	358.16	369.93	398.0	223.4	NA	223.4	221.72	0.0748	292.8	0.0234	200.42	262.21	190.81	253.57	9.649	9.65	9.74	9.71	0.1162	9.65	0.0436	5.99	8608839	8883661	1000	/scratch.global/lanej/1000G/ngs_dose/1000G_highcov/crams/HG00381.cram	9ab0a0e8	184ab16e	9dd52ba1	3
HG00382	fetch	0.1.0+fae1124	35.656	150	421	400	0.0757	0.9656	1.2579	0.0611	0.0464		2.0001	57.556	768.8709	1.0013	0.9788	present	400.985	400.98	390.58	396.4	0.1585	437.74	0.0436	391.61	509.69	411.68	471.94	310.62	388.81	404.3	531.69	323.53	420.1	335.66	421.55	302.13	387.7	403.37	431.73	192.386	NA	192.39	194.03	0.07	244.95	0.0266	180.22	228.52	168.5	215.69	9.665	9.67	9.79	9.78	0.1158	9.7	0.0437	5.38	8061262	8302834	1000	/scratch.global/lanej/1000G/ngs_dose/1000G_highcov/crams/HG00382.cram	9ab0a0e8	184ab16e	9dd52ba1	3
HG00383	fetch	0.1.0+fae1124	37.672	150	420	400	0.0923	0.9665	1.2274	0.0513	0.0544		1.9971	13.0407	616.5934	1.925	0.0022	present	469.995	469.99	451.49	458.26	0.1551	502.16	0.0508	436.11	557.24	465.49	528.83	362.02	442.77	439.69	567.42	371.13	471.24	385.62	475.81	349.0	440.25	469.19	500.5	226.864	NA	226.86	225.44	0.079	284.09	0.0332	208.93	262.16	184.15	231.44	10.668	10.67	10.72	10.76	0.117	10.64	0.0542	4.7	8319021	8588119	1000	/scratch.global/lanej/1000G/ngs_dose/1000G_highcov/crams/HG00383.cram	9ab0a0e8	184ab16e	9dd52ba1	3
HG00384	fetch	0.1.0+fae1124	37.152	150	431	450	0.0873	0.9715	1.2248	0.0698	0.0509		1.9941	119.4678	512.7488	1.7664	0.0039	present	528.063	528.06	504.06	508.6	0.1803	546.95	0.0509	500.43	572.24	520.65	586.17	383.43	441.93	441.31	519.86	391.22	454.4	406.61	481.64	359.13	403.45	525.32	556.44	245.388	NA	245.39	240.03	0.0821	295.37	0.0243	228.75	273.25	220.15	266.36	10.593	10.59	10.76	10.76	0.1137	10.7	0.0503	5.47	9012954	9292028	1000	/scratch.global/lanej/1000G/ngs_dose/1000G_highcov/crams/HG00384.cram	9ab0a0e8	184ab16e	9dd52ba1	3
HG00403	fetch	0.1.0+fae1124	36.322	150	433	450	0.1106	0.9589	1.3071	0.0744	0.0446		2.0045	27.9825	1093.8931	0.9979	1.0331	present	407.753	407.75	390.0	388.38	0.1724	438.97	0.0544	387.12	491.64	416.87	485.66	321.75	410.23	404.1	523.65	312.76	401.66	330.36	421.13	295.89	372.88	402.58	434.08	207.107	NA	207.11	203.5	0.0725	268.6	0.0303	182.41	233.74	180.63	237.32	9.766	9.77	9.87	9.91	0.1365	9.79	0.063	5.13	8107096	8375667	1000	/scratch.global/lanej/1000G/ngs_dose/1000G_highcov/crams/HG00403.cram	9ab0a0e8	184ab16e	9dd52ba1	3
HG00404	fetch	0.1.0+fae1124	33.883	150	431	450	0.0918	0.9659	1.2736	0.0579	0.0414		1.9898	20.6851	697.1998	1.9574	0.0026	present	399.197	399.2	390.36	390.36	0.175	438.02	0.0502	396.54	508.66	424.9	490.6	333.65	425.51	413.21	539.22	325.15	419.14	339.07	431.07	294.18	377.01	399.27	428.31	158.259	NA	158.26	157.82	0.075	205.34	0.0275	138.68	178.85	136.21	179.56	9.887	9.89	9.93	9.94	0.12	9.85	0.0535	4.42	7345117	7585791	1000	/scratch.global/lanej/1000G/ngs_dose/1000G_highcov/crams/HG00404.cram	9ab0a0e8	184ab16e	9dd52ba1	3
HG00405	fetch	0.1.0+fae1124	36.039	150	448	450	0.0855	0.9635	1.2295	0.0608	0.0418		2.0158	30.4041	852.2939	1.9418	0.0014	present	432.471	432.47	416.98	420.3	0.1703	468.59	0.0484	416.42	551.27	443.26	506.66	354.99	462.0	433.45	582.26	341.75	451.14	360.7	455.69	319.91	421.94	428.59	458.52	140.304	NA	140.3	139.79	0.0865	178.94	0.0235	126.01	160.99	120.84	156.39	9.499	9.5	9.7	9.73	0.1261	9.63	0.0476	5.61	7791152	7998876	1000	/scratch.global/lanej/1000G/ngs_dose/1000G_highcov/crams/HG00405.cram	9ab0a0e8	184ab16e	9dd52ba1	3
HG00406	fetch	0.1.0+fae1124	36.594	150	447	450	0.0752	0.9698	1.2374	0.0709	0.0373		2.0006	10.9792	864.3274	0.9924	0.9834	present	529.867	529.87	515.05	525.51	0.2045	570.2	0.0473	531.01	676.07	550.73	622.94	430.57	544.08	551.4	713.02	422.08	539.16	444.46	553.04	394.07	500.66	527.22	558.21	187.585	NA	187.59	187.2	0.0713	236.9	0.0226	166.78	209.22	163.57	209.94	9.603	9.6	9.68	9.67	0.1189	9.6	0.0436	4.51	8647226	8890531	1000	/scratch.global/lanej/1000G/ngs_dose/1000G_highcov/crams/HG00406.cram	9ab0a0e8	184ab16e	9dd52ba1	3
HG00407	fetch	0.1.0+fae1124	39.381	150	436	450	0.0968	0.9621	1.2879	0.0661	0.0515		2.0026	41.0901	773.1963	1.9186	0.0029	present	598.876	598.88	578.09	575.92	0.184	651.55	0.0607	583.99	771.23	624.31	718.73	499.3	651.83	606.47	806.22	477.74	629.04	503.45	641.28	443.95	585.53	591.85	635.11	151.825	NA	151.82	150.48	0.0743	195.41	0.0302	141.27	181.61	135.21	176.19	9.456	9.46	9.65	9.67	0.1195	9.57	0.0579	6.77	10397931	10702304	1000	/scratch.global/lanej/1000G/ngs_dose/1000G_highcov/crams/HG00407.cram	9ab0a0e8	184ab16e	9dd52ba1	3
HG00408	fetch	0.1.0+fae1124	37.181	150	444	450	0.091	0.973	1.1954	0.0783	0.0486		1.9827	49.4601	652.6661	1.9278	0.0017	present	646.238	646.24	630.92	639.25	0.1823	685.32	0.0573	635.87	781.55	670.71	736.55	552.26	668.95	695.86	871.31	537.85	660.58	557.43	667.68	500.71	610.05	643.96	673.85	169.085	NA	169.08	168.79	0.0709	204.74	0.0252	162.04	196.88	144.01	176.26	9.94	9.94	10.08	10.07	0.1168	10.02	0.053	6.22	9014516	9235195	1000	/scratch.global/lanej/1000G/ngs_dose/1000G_highcov/crams/HG00408.cram	9ab0a0e8	184ab16e	9dd52ba1	3
HG00409	fetch	0.1.0+fae1124	32.72	150	430	450	0.0663	0.9675	1.2382	0.0606	0.0461		2.0043	79.5541	727.9944	0.9906	0.9684	present	396.206	396.21	383.73	385.24	0.1648	424.95	0.0405	385.86	479.98	410.98	467.89	332.17	411.11	413.69	525.0	318.0	397.94	331.4	409.44	300.47	371.64	393.12	418.71	151.284	NA	151.28	147.38	0.0745	189.91	0.0237	135.57	169.25	128.31	163.24	9.626	9.63	9.7	9.74	0.1211	9.63	0.0374	6.0	7127565	7344858	1000	/scratch.global/lanej/1000G/ngs_dose/1000G_highcov/crams/HG00409.cram	9ab0a0e8	184ab16e	9dd52ba1	3
HG00410	fetch	0.1.0+fae1124	37.235	150	435	450	0.0667	0.9562	1.3046	0.0677	0.0381		2.0043	13.4345	762.5232	1.9392	0.0025	present	556.075	556.07	539.41	542.95	0.1664	618.66	0.0456	534.15	736.07	572.86	673.14	446.55	603.35	540.95	757.78	432.34	593.28	460.98	606.82	406.09	555.36	557.48	603.98	208.893	NA	208.89	206.56	0.0868	277.87	0.0232	177.72	237.68	175.65	236.66	9.47	9.47	9.56	9.58	0.1175	9.47	0.0371	6.34	8987346	9267346	1000	/scratch.global/lanej/1000G/ngs_dose/1000G_highcov/crams/HG00410.cram	9ab0a0e8	184ab16e	9dd52ba1	3
HG00418	fetch	0.1.0+fae1124	38.26	150	435	450	0.0718	0.9571	1.2886	0.0751	0.082		2.007	54.5318	771.3873	0.9807	0.9763	present	488.735	488.74	463.73	464.75	0.1891	527.5	0.0482	458.95	614.06	502.3	586.64	383.07	507.24	468.61	637.9	371.82	498.47	399.5	518.36	343.05	456.51	478.09	516.34	188.243	NA	188.24	187.01	0.0819	247.57	0.0225	175.92	230.68	157.39	210.04	10.049	10.05	10.31	10.35	0.1233	10.21	0.0422	6.52	8497144	8731652	1000	/scratch.global/lanej/1000G/ngs_dose/1000G_highcov/crams/HG00418.cram	9ab0a0e8	184ab16e	9dd52ba1	3
HG00419	fetch	0.1.0+fae1124	37.252	150	436	450	0.0962	0.9707	1.2337	0.0655	0.0395		1.9863	68.1685	1433.1804	1.9337	0.0022	present	691.493	691.49	664.4	668.65	0.1804	717.59	0.0587	669.87	757.63	704.62	791.19	534.0	604.38	626.0	736.01	527.01	604.83	549.64	653.96	481.26	533.47	686.53	723.92	164.504	NA	164.5	162.56	0.0789	200.62	0.0274	143.19	174.59	140.34	172.09	9.765	9.76	9.83	9.84	0.115	9.76	0.0569	10.03	10100031	10380149	1000	/scratch.global/lanej/1000G/ngs_dose/1000G_highcov/crams/HG00419.cram	9ab0a0e8	184ab16e	9dd52ba1	3
HG00420	fetch	0.1.0+fae1124	36.892	150	441	450	0.0888	0.9669	1.2653	0.0643	0.0453		2.0017	44.3919	761.9887	0.9795	0.9738	present	623.492	623.49	606.54	612.68	0.1555	678.79	0.0565	614.0	796.75	644.97	736.48	533.71	690.33	648.43	857.81	511.49	668.54	536.03	678.2	491.34	633.15	619.19	660.87	151.12	NA	151.12	151.4	0.0685	193.55	0.0274	140.59	177.93	127.05	165.53	9.549	9.55	9.72	9.72	0.12	9.64	0.0537	5.84	8850359	9068950	1000	/scratch.global/lanej/1000G/ngs_dose/1000G_highcov/crams/HG00420.cram	9ab0a0e8	184ab16e	9dd52ba1	3
HG00421	fetch	0.1.0+fae1124	38.639	150	427	450	0.0841	0.9589	1.2912	0.0808	0.0457		1.9903	31.6588	756.7669	0.9842	0.9684	present	417.935	417.93	399.25	403.06	0.1797	448.28	0.0495	398.11	492.98	425.1	496.72	310.58	383.82	388.61	494.26	309.32	386.69	326.22	411.42	278.71	341.34	414.82	448.84	214.146	NA	214.15	211.73	0.083	275.68	0.0304	198.57	254.82	180.84	235.1	9.804	9.8	9.95	9.98	0.1167	9.87	0.0507	6.22	8603315	8881509	1000	/scratch.global/lanej/1000G/ngs_dose/1000G_highcov/crams/HG00421.cram	9ab0a0e8	184ab16e	9dd52ba1	3
HG00422	fetch	0.1.0+fae1124	38.654	150	433	450	0.0676	0.9697	1.2204	0.068	0.0444		2.0047	25.93	736.9013	1.9255	0.0028	present	428.122	428.12	404.13	400.82	0.1944	437.33	0.0416	392.69	444.85	430.52	481.79	302.47	344.03	385.95	453.41	299.33	344.65	332.02	393.21	276.63	308.07	420.8	445.09	152.007	NA	152.01	150.57	0.0969	184.16	0.0201	146.78	176.65	134.02	163.81	9.58	9.58	9.71	9.73	0.1101	9.67	0.0377	9.33	8639749	8910422	1000	/scratch.global/lanej/1000G/ngs_dose/1000G_highcov/crams/HG00422.cram	9ab0a0e8	184ab16e	9dd52ba1	3
HG00423	fetch	0.1.0+fae1124	37.243	150	446	450	0.0958	0.9664	1.2555	0.0548	0.0523		2.0111	68.5654	828.3382	1.9261	0.0019	present	356.885	356.89	347.43	346.6	0.1477	390.23	0.0507	345.63	463.31	367.42	416.82	293.14	386.11	346.34	462.69	287.78	381.88	299.2	376.86	263.68	354.67	357.96	382.06	264.491	NA	264.49	265.5	0.0621	334.61	0.0324	242.21	307.22	223.73	286.51	9.568	9.57	9.75	9.78	0.1122	9.67	0.0568	4.84	7740160	7977336	1000	/scratch.global/lanej/1000G/ngs_dose/1000G_highcov/crams/HG00423.cram	9ab0a0e8	184ab16e	9dd52ba1	3
HG00427	fetch	0.1.0+fae1124	39.721	150	446	450	0.0772	0.959	1.2903	0.0548	0.04		1.9912	19.4427	893.9845	0.9814	0.9759	present	432.585	432.58	418.05	423.68	0.1866	475.53	0.0481	426.97	575.11	446.65	520.62	337.3	449.32	407.41	561.52	324.44	438.82	347.23	453.77	300.75	402.33	432.48	465.9	160.358	NA	160.36	158.01	0.0821	212.93	0.0215	148.65	196.22	137.46	185.93	9.406	9.41	9.55	9.57	0.1304	9.45	0.0444	5.77	8321909	8570475	1000	/scratch.global/lanej/1000G/ngs_dose/1000G_highcov/crams/HG00427.cram	9ab0a0e8	184ab16e	9dd52ba1	3
HG00428	fetch	0.1.0+fae1124	35.738	150	432	450	0.0822	0.9782	1.1656	0.0595	0.059		1.9943	31.7874	911.5815	1.918	0.0032	present	487.939	487.94	462.04	459.61	0.2102	478.76	0.0475	435.0	424.93	482.8	521.39	324.25	325.9	414.59	420.51	336.21	338.31	366.99	398.63	290.72	277.97	484.24	502.09	204.587	NA	204.59	199.8	0.0993	227.58	0.0212	182.43	200.12	179.67	199.79	9.689	9.69	9.85	9.82	0.112	9.83	0.0481	7.99	9330330	9570484	1000	/scratch.global/lanej/1000G/ngs_dose/1000G_highcov/crams/HG00428.cram	9ab0a0e8	184ab16e	9dd52ba1	3
HG00429	fetch	0.1.0+fae1124	38.069	150	445	450	0.0977	0.9711	1.2198	0.057	0.0412		1.9945	18.6084	860.6085	0.9884	0.9768	present	477.046	477.05	466.26	473.2	0.1463	517.38	0.0546	467.97	601.33	490.05	554.27	404.14	508.27	490.51	636.9	383.5	488.96	404.59	499.63	350.4	448.85	478.67	508.44	161.691	NA	161.69	162.27	0.06	201.61	0.0252	148.48	187.08	142.37	179.15	9.642	9.64	9.79	9.81	0.1217	9.72	0.058	4.81	8238602	8461512	1000	/scratch.global/lanej/1000G/ngs_dose/1000G_highcov/crams/HG00429.cram	9ab0a0e8	184ab16e	9dd52ba1	3
HG00436	fetch	0.1.0+fae1124	34.273	150	414	400	0.0777	0.9575	1.2461	0.0691	0.041		1.9835	17.7872	1331.7865	0.9972	0.9642	present	478.19	478.19	465.26	473.67	0.1482	528.9	0.0466	454.82	614.29	496.08	570.59	378.66	497.3	493.39	668.41	390.85	525.6	412.37	526.31	347.25	466.03	479.79	518.06	181.018	NA	181.02	181.13	0.0646	232.9	0.0237	172.71	221.46	158.1	204.67	9.616	9.62	9.79	9.86	0.1277	9.72	0.046	4.52	8272007	8522960	1000	/scratch.global/lanej/1000G/ngs_dose/1000G_highcov/crams/HG00436.cram	9ab0a0e8	184ab16e	9dd52ba1	3
HG00437	fetch	0.1.0+fae1124	36.515	150	427	450	0.1071	0.9652	1.2422	0.0663	0.039		2.0064	25.8708	793.3619	1.9432	0.0026	present	451.456	451.46	427.09	435.17	0.2104	466.44	0.0599	420.32	486.16	455.57	516.66	323.39	378.06	415.53	492.57	328.79	386.32	355.22	425.37	300.06	342.74	443.08	471.58	142.11	NA	142.11	141.65	0.0768	173.17	0.0352	133.91	161.52	120.17	147.37	9.47	9.47	9.49	9.52	0.1202	9.44	0.0617	4.3	8462637	8715814	1000	/scratch.global/lanej/1000G/ngs_dose/1000G_highcov/crams/HG00437.cram	9ab0a0e8	184ab16e	9dd52ba1	3
HG00438	fetch	0.1.0+fae1124	37.114	150	449	450	0.0935	0.9669	1.2329	0.0577	0.0421		1.9938	33.7554	945.0519	1.9234	0.002	present	519.221	519.22	502.5	510.74	0.1723	559.51	0.0547	510.39	659.41	529.67	601.79	435.13	556.26	548.45	716.16	428.12	552.78	439.34	547.14	381.64	492.07	514.01	546.85	195.722	NA	195.72	196.95	0.068	246.01	0.0278	185.26	232.15	162.94	207.65	9.447	9.45	9.62	9.64	0.128	9.55	0.0541	4.72	8398824	8628920	1000	/scratch.global/lanej/1000G/ngs_dose/1000G_highcov/crams/HG00438.cram	9ab0a0e8	184ab16e	9dd52ba1	3
HG00442	fetch	0.1.0+fae1124	38.657	150	432	450	0.0789	0.9663	1.2407	0.0635	0.0401		2.007	12.5555	878.2811	0.9905	0.9861	present	581.8	581.8	566.51	570.75	0.1706	632.7	0.0522	550.03	711.82	591.6	676.8	458.45	592.19	590.01	772.59	456.87	594.76	483.36	608.36	424.53	550.46	587.34	625.8	212.266	NA	212.27	212.01	0.0755	270.8	0.0247	205.54	258.27	182.25	237.13	9.471	9.47	9.54	9.59	0.1109	9.46	0.045	5.55	9259472	9518632	1000	/scratch.global/lanej/1000G/ngs_dose/1000G_highcov/crams/HG00442.cram	9ab0a0e8	184ab16e	9dd52ba1	3
HG00443	fetch	0.1.0+fae1124	40.112	150	424	400	0.0978	0.9648	1.267	0.0575	0.0457		1.9943	17.5613	836.447	1.9131	0.003	present	539.895	539.89	528.71	538.44	0.1869	592.24	0.0594	530.11	692.49	572.27	651.91	452.48	556.71	555.3	736.58	446.14	581.35	465.1	584.19	417.18	530.81	541.58	579.57	130.553	NA	130.55	131.87	0.0694	166.93	0.029	116.37	148.08	110.4	141.97	9.696	9.7	9.85	9.91	0.1299	9.77	0.0564	4.9	9644869	9937138	1000	/scratch.global/lanej/1000G/ngs_dose/1000G_highcov/crams/HG00443.cram	9ab0a0e8	184ab16e	9dd52ba1	3
HG00444	fetch	0.1.0+fae1124	37.396	150	441	450	0.0922	0.9768	1.1976	0.0596	0.0362		2.0105	32.0946	773.8084	1.0026	0.9792	present	730.1	730.1	716.26	722.72	0.1578	780.53	0.0614	708.24	893.22	745.4	818.54	609.07	754.15	756.01	960.91	598.2	749.51	626.09	754.17	563.25	709.09	736.24	769.28	146.939	NA	146.94	147.02	0.0608	178.27	0.0266	135.88	165.42	131.32	161.37	9.57	9.57	9.68	9.7	0.1231	9.62	0.0534	7.2	9595667	9825889	1000	/scratch.global/lanej/1000G/ngs_dose/1000G_highcov/crams/HG00444.cram	9ab0a0e8	184ab16e	9dd52ba1	3
HG00445	fetch	0.1.0+fae1124	40.992	150	441	450	0.0729	0.971	1.2074	0.0835	0.0573		1.9882	84.2781	813.9889	0.9842	0.9696	present	509.887	509.89	483.05	483.72	0.1955	519.7	0.0475	467.99	519.92	500.37	560.32	360.95	404.7	438.09	506.1	361.34	409.63	388.82	456.1	340.75	371.39	504.86	532.23	157.603	NA	157.6	153.99	0.0854	189.07	0.0261	144.77	171.98	137.35	166.11	9.796	9.8	9.91	9.94	0.1213	9.85	0.0428	5.94	10100899	10407301	1000	/scratch.global/lanej/1000G/ngs_dose/1000G_highcov/crams/HG00445.cram	9ab0a0e8	184ab16e	9dd52ba1	3
HG00446	fetch	0.1.0+fae1124	37.604	150	441	450	0.0871	0.967	1.2594	0.0776	0.0443		1.9966	18.2068	711.786	1.9262	0.0025	present	532.745	532.75	516.17	519.14	0.1773	574.11	0.0529	511.64	650.14	550.1	629.06	428.56	541.29	531.72	691.36	417.08	533.21	444.08	555.89	384.53	482.98	531.88	566.22	120.038	NA	120.04	119.46	0.087	152.12	0.0294	115.16	145.2	97.33	124.88	9.546	9.55	9.64	9.68	0.1378	9.56	0.0504	8.39	8865665	9122984	1000	/scratch.global/lanej/1000G/ngs_dose/1000G_highcov/crams/HG00446.cram	9ab0a0e8	184ab16e	9dd52ba1	3
HG00447	fetch	0.1.0+fae1124	36.645	150	449	450	0.0913	0.9647	1.2269	0.06	0.0573		2.0035	87.1503	788.7373	1.9	0.0015	present	486.024	486.02	472.15	476.65	0.1701	526.76	0.0545	475.86	617.43	498.36	566.83	403.49	518.48	486.7	638.12	398.08	516.55	407.64	508.52	357.77	463.69	484.79	516.54	166.367	NA	166.37	167.75	0.0763	209.41	0.0329	151.88	190.26	140.13	179.01	9.99	9.99	10.21	10.26	0.1462	10.14	0.0519	5.37	8423681	8648448	1000	/scratch.global/lanej/1000G/ngs_dose/1000G_highcov/crams/HG00447.cram	9ab0a0e8	184ab16e	9dd52ba1	3
HG00448	fetch	0.1.0+fae1124	40.222	150	434	450	0.0759	0.9748	1.1713	0.0722	0.0417		2.0114	13.0083	796.3236	0.9923	0.9699	present	564.992	564.99	546.35	550.26	0.1923	584.82	0.052	550.72	625.35	587.74	642.8	465.18	529.34	583.49	677.74	440.75	505.96	464.43	537.61	419.04	472.93	560.36	586.22	153.599	NA	153.6	150.89	0.0897	181.08	0.0249	138.18	161.55	132.96	158.55	9.274	9.27	9.38	9.41	0.1177	9.33	0.0434	5.57	9661953	9915887	1000	/scratch.global/lanej/1000G/ngs_dose/1000G_highcov/crams/HG00448.cram	9ab0a0e8	184ab16e	9dd52ba1	3
HG00449	fetch	0.1.0+fae1124	35.399	150	448	450	0.0763	0.9645	1.2476	0.0681	0.05		2.0033	35.9694	751.1635	1.9191	0.0021	present	719.535	719.54	688.51	692.68	0.1788	761.89	0.0515	674.08	849.9	734.71	831.34	559.71	699.77	714.59	916.14	549.96	695.07	584.64	723.88	501.39	627.99	712.12	755.7	197.89	NA	197.89	198.55	0.0881	248.26	0.0242	178.66	223.74	170.98	217.0	9.591	9.59	9.71	9.71	0.1143	9.64	0.0457	8.08	9483904	9739546	1000	/scratch.global/lanej/1000G/ngs_dose/1000G_highcov/crams/HG00449.cram	9ab0a0e8	184ab16e	9dd52ba1	3
HG00450	fetch	0.1.0+fae1124	38.641	150	448	450	0.0691	0.9627	1.2683	0.0573	0.0463		1.9952	58.8318	691.2354	1.9403	0.0015	present	767.681	767.68	741.45	751.9	0.1877	834.42	0.0562	761.31	1001.65	791.67	916.28	617.26	801.26	767.44	1033.14	592.32	781.03	631.37	808.58	557.18	726.68	762.0	815.58	177.474	NA	177.47	179.07	0.0843	230.46	0.0233	167.16	216.76	154.41	203.58	9.53	9.53	9.64	9.66	0.1099	9.54	0.0402	5.96	10272046	10522175	1000	/scratch.global/lanej/1000G/ngs_dose/1000G_highcov/crams/HG00450.cram	9ab0a0e8	184ab16e	9dd52ba1	3
HG00451	fetch	0.1.0+fae1124	38.298	150	435	450	0.0902	0.9869	1.1351	0.0761	0.0535		1.9929	25.9752	934.1842	0.9875	0.9905	present	400.372	400.37	379.8	372.19	0.2087	387.41	0.0454	349.37	325.94	395.82	422.26	269.45	258.56	324.59	317.72	273.74	264.01	299.38	317.81	245.21	223.2	398.84	409.44	190.511	NA	190.51	183.32	0.1052	208.25	0.0195	161.86	174.84	167.61	183.19	9.748	9.75	9.89	9.89	0.1186	9.86	0.0529	9.45	8241938	8512026	1000	/scratch.global/lanej/1000G/ngs_dose/1000G_highcov/crams/HG00451.cram	9ab0a0e8	184ab16e	9dd52ba1	3
HG00452	fetch	0.1.0+fae1124	35.526	150	431	450	0.0891	0.9778	1.2027	0.0637	0.0506		1.9873	21.6487	614.0352	1.9219	0.0027	present	526.927	526.93	505.06	512.03	0.2424	535.18	0.0504	512.17	555.41	547.65	597.58	413.23	455.04	518.94	579.52	414.95	459.19	431.44	493.97	381.03	407.42	517.53	539.2	226.222	NA	226.22	224.97	0.0835	264.56	0.0283	203.95	235.27	193.97	228.53	9.699	9.7	9.91	10.04	0.1549	9.86	0.0527	5.09	8118614	8368914	1000	/scratch.global/lanej/1000G/ngs_dose/1000G_highcov/crams/HG00452.cram	9ab0a0e8	184ab16e	9dd52ba1	3
HG00453	fetch	0.1.0+fae1124	40.081	150	452	450	0.0904	0.9622	1.2796	0.0675	0.0452		1.9867	26.3113	748.4885	1.9161	0.0023	present	471.616	471.62	456.84	466.24	0.2308	518.49	0.053	473.08	642.94	492.95	570.38	404.32	541.74	493.55	680.93	391.7	531.92	406.69	528.2	374.46	506.9	463.83	497.88	197.842	NA	197.84	197.95	0.0747	259.97	0.0278	188.74	247.45	167.42	223.68	9.248	9.25	9.39	9.42	0.1196	9.3	0.0536	4.98	8836258	9078701	1000	/scratch.global/lanej/1000G/ngs_dose/1000G_highcov/crams/HG00453.cram	9ab0a0e8	184ab16e	9dd52ba1	3
HG00457	fetch	0.1.0+fae1124	37.238	150	442	450	0.0725	0.9714	1.2395	0.0551	0.0384		1.9963	24.7798	786.166	0.9954	0.9883	present	419.98	419.98	406.08	407.0	0.2015	448.68	0.0435	405.73	519.92	438.71	493.13	334.07	422.74	430.34	557.71	330.43	422.78	348.77	433.56	304.95	390.49	417.72	440.81	177.253	NA	177.25	175.1	0.0751	223.57	0.021	165.73	208.98	156.92	200.69	9.58	9.58	9.64	9.7	0.1076	9.56	0.0427	6.33	8235297	8473939	1000	/scratch.global/lanej/1000G/ngs_dose/1000G_highcov/crams/HG00457.cram	9ab0a0e8	184ab16e	9dd52ba1	3
HG00458	fetch	0.1.0+fae1124	37.922	150	438	450	0.0757	0.9621	1.2666	0.0643	0.0486		2.0091	36.4858	770.4854	1.9183	0.0028	present	375.392	375.39	365.09	364.08	0.183	409.98	0.0437	364.67	479.7	395.78	454.07	302.43	394.06	380.58	508.67	300.06	395.51	316.25	402.42	270.77	354.25	375.26	400.97	250.927	NA	250.93	248.51	0.0758	323.01	0.0188	228.69	293.02	217.99	284.83	9.514	9.51	9.58	9.57	0.1168	9.5	0.0421	5.49	8248365	8509762	1000	/scratch.global/lanej/1000G/ngs_dose/1000G_highcov/crams/HG00458.cram	9ab0a0e8	184ab16e	9dd52ba1	3
HG00459	fetch	0.1.0+fae1124	36.736	150	440	450	0.0889	0.9632	1.2189	0.0637	0.0521		2.0028	104.8841	1059.9766	0.9879	0.9529	present	501.448	501.45	482.4	487.62	0.1946	537.68	0.0531	492.99	634.38	513.01	585.24	429.05	544.45	530.67	686.9	410.34	525.74	436.89	541.51	388.4	501.01	489.73	522.58	222.54	NA	222.54	221.22	0.0657	278.57	0.0229	201.25	252.01	192.77	244.48	9.505	9.5	9.72	9.75	0.1242	9.66	0.051	5.32	8330292	8546889	1000	/scratch.global/lanej/1000G/ngs_dose/1000G_highcov/crams/HG00459.cram	9ab0a0e8	184ab16e	9dd52ba1	3
HG00463	fetch	0.1.0+fae1124	37.568	150	436	450	0.0845	0.9631	1.2602	0.0709	0.0506		2.0003	32.9574	881.7113	0.9924	0.952	present	423.56	423.56	406.32	414.68	0.2142	447.91	0.0485	407.09	483.44	433.46	496.18	332.14	393.74	404.28	493.77	323.67	388.28	336.18	412.39	292.56	344.23	420.01	448.97	168.43	NA	168.43	169.56	0.076	211.82	0.0209	149.97	188.46	148.39	188.28	9.596	9.6	9.78	9.85	0.1348	9.71	0.0483	5.48	8700752	8981203	1000	/scratch.global/lanej/1000G/ngs_dose/1000G_highcov/crams/HG00463.cram	9ab0a0e8	184ab16e	9dd52ba1	3
HG00464	fetch	0.1.0+fae1124	37.816	150	435	450	0.0878	0.9625	1.2762	0.061	0.0602		1.9899	16.164	887.2082	1.9111	0.0026	present	461.688	461.69	445.11	446.96	0.199	493.42	0.0516	449.3	536.82	481.64	554.38	368.45	441.05	431.57	532.06	353.37	427.84	373.06	460.88	334.32	393.81	458.38	492.48	145.471	NA	145.47	143.05	0.0793	183.85	0.0244	130.67	164.38	127.81	162.97	9.727	9.73	9.85	9.83	0.1209	9.78	0.052	5.75	8695953	8962084	1000	/scratch.global/lanej/1000G/ngs_dose/1000G_highcov/crams/HG00464.cram	9ab0a0e8	184ab16e	9dd52ba1	3
HG00465	fetch	0.1.0+fae1124	37.146	150	444	450	0.0908	0.9642	1.2378	0.0752	0.0529		2.0038	64.0958	744.3774	0.9815	0.9768	present	552.46	552.46	538.31	547.13	0.177	604.11	0.0549	545.05	713.4	576.8	661.51	473.62	611.35	597.81	793.36	459.37	600.39	477.93	602.2	421.62	549.86	548.72	587.42	170.007	NA	170.01	169.17	0.0702	216.4	0.0212	147.27	187.53	145.5	187.69	9.59	9.59	9.74	9.79	0.1268	9.67	0.0543	6.15	8585146	8808205	1000	/scratch.global/lanej/1000G/ngs_dose/1000G_highcov/crams/HG00465.cram	9ab0a0e8	184ab16e	9dd52ba1	3
HG00472	fetch	0.1.0+fae1124	33.964	150	437	450	0.0968	0.9719	1.2134	0.07	0.0426		2.0024	59.1313	752.6215	0.9957	0.9753	present	478.865	478.87	462.64	459.18	0.1678	506.49	0.0527	464.7	569.98	495.31	551.29	386.86	470.25	480.67	596.28	376.52	461.72	397.72	479.09	351.57	429.54	475.1	501.99	167.425	NA	167.43	166.04	0.0797	204.09	0.028	152.62	186.37	142.96	175.75	9.294	9.29	9.48	9.54	0.1417	9.42	0.0565	5.93	7626614	7847259	1000	/scratch.global/lanej/1000G/ngs_dose/1000G_highcov/crams/HG00472.cram	9ab0a0e8	184ab16e	9dd52ba1	3
HG00473	fetch	0.1.0+fae1124	41.017	150	433	450	0.0885	0.968	1.2231	0.0623	0.045		1.9834	52.6107	744.4383	1.9381	0.003	present	734.82	734.82	692.92	693.44	0.2293	754.84	0.0586	685.67	791.48	741.54	835.4	517.23	599.65	688.29	807.91	519.66	605.75	574.57	684.57	491.77	566.99	718.77	763.67	151.154	NA	151.15	150.13	0.0951	184.28	0.0251	138.46	167.78	131.44	161.69	9.802	9.8	9.89	9.91	0.1172	9.83	0.0525	5.95	10997677	11311973	1000	/scratch.global/lanej/1000G/ngs_dose/1000G_highcov/crams/HG00473.cram	9ab0a0e8	184ab16e	9dd52ba1	3
HG00474	fetch	0.1.0+fae1124	38.788	150	449	450	0.0778	0.9621	1.2663	0.0505	0.0472		2.0039	56.6889	840.9974	0.9875	0.9778	present	519.673	519.67	502.6	501.04	0.1825	562.59	0.0508	492.15	635.47	541.65	621.04	416.11	532.09	507.26	669.29	398.09	515.96	424.97	538.31	376.84	482.68	519.88	555.59	147.083	NA	147.08	146.66	0.0835	189.22	0.0222	131.63	168.92	124.35	162.22	9.407	9.41	9.57	9.65	0.1461	9.49	0.0442	5.27	8846971	9090017	1000	/scratch.global/lanej/1000G/ngs_dose/1000G_highcov/crams/HG00474.cram	9ab0a0e8	184ab16e	9dd52ba1	3
HG00475	fetch	0.1.0+fae1124	37.727	150	420	400	0.1015	0.966	1.2156	0.065	0.0475		1.9957	65.4097	863.1621	0.9851	0.9784	present	319.928	319.93	303.77	296.23	0.1788	331.04	0.0502	297.31	346.65	322.81	364.99	233.4	259.31	295.14	353.65	244.36	287.46	254.43	300.62	212.32	240.44	315.59	335.65	147.195	NA	147.19	142.98	0.0824	177.99	0.0275	133.2	159.04	126.52	153.88	9.669	9.67	9.83	9.81	0.1201	9.76	0.0607	5.17	7711856	7971866	1000	/scratch.global/lanej/1000G/ngs_dose/1000G_highcov/crams/HG00475.cram	9ab0a0e8	184ab16e	9dd52ba1	3
HG00476	fetch	0.1.0+fae1124	34.667	150	420	400	0.103	0.9646	1.2259	0.0616	0.0549		1.9897	70.7643	643.5421	1.9296	0.0027	present	379.509	379.51	363.22	372.14	0.1852	405.21	0.0543	357.39	453.97	384.4	439.1	272.19	335.39	384.82	489.63	291.15	366.83	313.57	384.67	259.21	326.74	376.59	403.98	175.253	NA	175.25	174.33	0.0819	217.09	0.0308	162.11	202.32	154.86	191.96	9.78	9.78	9.9	9.95	0.1306	9.83	0.0615	5.02	7708758	7957051	1000	/scratch.global/lanej/1000G/ngs_dose/1000G_highcov/crams/HG00476.cram	9ab0a0e8	184ab16e	9dd52ba1	3
HG00477	fetch	0.1.0+fae1124	39.657	150	447	450	0.1129	0.9754	1.1824	0.0742	0.0497		2.0114	26.6432	740.3376	1.0	0.9732	present	402.033	402.03	385.92	388.75	0.1537	422.37	0.0598	388.23	486.96	404.82	448.67	335.27	414.1	374.2	472.6	323.27	403.33	331.66	398.46	293.7	367.88	396.59	417.28	155.391	NA	155.39	156.12	0.0737	187.83	0.035	139.4	169.15	132.77	162.12	9.872	9.87	10.05	10.07	0.1267	9.99	0.0674	3.68	7994107	8218641	1000	/scratch.global/lanej/1000G/ngs_dose/1000G_highcov/crams/HG00477.cram	9ab0a0e8	184ab16e	9dd52ba1	3
HG00478	fetch	0.1.0+fae1124	36.041	150	437	450	0.0638	0.9752	1.2024	0.0696	0.0438		2.0098	51.6014	690.1719	0.9914	0.9771	present	406.437	406.44	384.24	387.23	0.2504	409.3	0.0392	382.02	422.78	423.26	465.68	293.92	328.67	366.52	417.64	285.46	321.54	318.48	369.66	254.63	278.71	397.53	414.68	147.266	NA	147.27	143.47	0.1093	174.95	0.0178	124.63	146.5	133.1	159.52	9.916	9.92	9.92	9.95	0.1239	9.86	0.0364	3.85	7961946	8215148	1000	/scratch.global/lanej/1000G/ngs_dose/1000G_highcov/crams/HG00478.cram	9ab0a0e8	184ab16e	9dd52ba1	3
HG00479	fetch	0.1.0+fae1124	33.309	150	433	450	0.059	0.9763	1.1954	0.0676	0.0536		1.9979	26.0186	719.0306	1.9057	0.003	present	295.123	295.12	278.94	279.7	0.2073	298.47	0.0327	276.72	310.76	297.81	327.38	206.45	233.33	255.39	297.27	200.3	228.87	223.7	260.43	179.58	197.72	290.91	304.43	168.951	NA	168.95	165.96	0.099	200.36	0.018	153.02	179.77	147.67	176.61	9.465	9.46	9.56	9.56	0.1396	9.51	0.0354	4.17	6744195	6989960	1000	/scratch.global/lanej/1000G/ngs_dose/1000G_highcov/crams/HG00479.cram	9ab0a0e8	184ab16e	9dd52ba1	3
HG00480	fetch	0.1.0+fae1124	36.945	150	450	450	0.0882	0.9707	1.2258	0.0703	0.0453		2.0017	94.5897	740.1346	0.9808	0.9921	present	329.185	329.18	319.08	324.36	0.1588	353.97	0.0491	324.0	420.37	335.77	379.0	272.78	348.24	349.85	459.99	265.17	343.07	278.54	346.87	239.55	309.92	326.92	345.89	188.774	NA	188.77	187.1	0.0769	237.57	0.0269	167.88	211.45	165.74	211.67	9.816	9.82	9.96	9.93	0.1345	9.88	0.0524	3.56	7333051	7539363	1000	/scratch.global/lanej/1000G/ngs_dose/1000G_highcov/crams/HG00480.cram	9ab0a0e8	184ab16e	9dd52ba1	3
HG00500	fetch	0.1.0+fae1124	40.463	150	419	400	0.0768	0.969	1.1908	0.0617	0.0444		1.9906	17.613	629.1873	0.9967	0.9876	present	495.524	495.52	479.61	490.47	0.2318	520.4	0.0538	496.94	580.36	521.48	580.86	397.97	448.93	516.72	616.16	400.39	469.96	420.99	493.73	378.67	434.89	488.94	517.4	182.111	NA	182.11	181.82	0.0774	217.87	0.0228	164.74	195.44	158.4	190.49	9.525	9.53	9.66	9.66	0.1119	9.61	0.0445	5.26	9159663	9421729	1000	/scratch.global/lanej/1000G/ngs_dose/1000G_highcov/crams/HG00500.cram	9ab0a0e8	184ab16e	9dd52ba1	3
HG00501	fetch	0.1.0+fae1124	33.714	150	450	450	0.0949	0.9708	1.2047	0.0721	0.0475	chr12	2.0329	67.3872	762.0916	1.9377	0.0018	present	499.816	499.82	483.25	491.61	0.1647	530.99	0.0523	486.44	614.36	501.89	561.64	415.47	519.8	512.07	655.51	399.22	504.79	415.05	507.25	376.64	474.19	496.72	523.0	217.943	NA	217.94	217.4	0.0649	268.97	0.0239	205.46	252.53	191.03	239.11	9.807	9.81	9.98	10.01	0.1452	9.9	0.0567	6.19	7542489	7743614	1000	/scratch.global/lanej/1000G/ngs_dose/1000G_highcov/crams/HG00501.cram	9ab0a0e8	184ab16e	9dd52ba1	3
HG00502	fetch	0.1.0+fae1124	36.64	150	450	450	0.0845	0.9652	1.269	0.0625	0.0404		1.9965	38.5813	743.901	0.9904	0.9659	present	447.616	447.62	430.76	437.71	0.1605	488.73	0.0486	434.88	590.88	444.4	513.17	363.36	487.26	441.82	607.37	347.67	471.67	364.19	470.68	335.35	454.34	444.85	477.69	197.378	NA	197.38	196.7	0.0693	257.5	0.022	182.48	237.61	169.5	224.49	9.501	9.5	9.71	9.71	0.121	9.63	0.0496	4.23	7721506	7933431	1000	/scratch.global/lanej/1000G/ngs_dose/1000G_highcov/crams/HG00502.cram	9ab0a0e8	184ab16e	9dd52ba1	3
HG00512	fetch	0.1.0+fae1124	38.359	150	447	450	0.0915	0.9784	1.1873	0.0657	0.0431		2.0024	63.2023	722.0045	0.9983	0.9743	present	381.939	381.94	373.72	375.73	0.1596	404.78	0.0505	381.57	460.49	385.73	425.88	323.38	388.22	421.9	519.1	314.38	381.6	323.29	385.38	291.62	350.04	382.64	400.24	200.563	NA	200.56	199.23	0.0728	242.25	0.0258	182.26	218.52	173.8	213.01	9.499	9.5	9.72	9.75	0.1447	9.65	0.0538	7.3	7855272	8074958	1000	/scratch.global/lanej/1000G/ngs_dose/1000G_highcov/crams/HG00512.cram	9ab0a0e8	184ab16e	9dd52ba1	3
HG00513	fetch	0.1.0+fae1124	70.864	150	439	450	0.1019	0.9734	1.201	0.0476	0.0473		1.9985	175.5411	719.6167	1.9223	0.0023	present	483.88	483.88	474.37	474.72	0.1555	515.61	0.0684	468.59	570.4	501.86	555.5	391.81	474.64	487.99	605.02	382.47	468.12	404.95	486.27	357.94	433.12	489.32	512.86	109.951	NA	109.95	110.5	0.0757	133.78	0.0276	102.81	124.29	94.92	117.05	9.668	9.67	9.84	9.86	0.1126	9.77	0.061	6.64	16994968	17521056	1000	/scratch.global/lanej/1000G/ngs_dose/1000G_highcov/crams/HG00513.cram	9ab0a0e8	184ab16e	9dd52ba1	3
HG00514	fetch	0.1.0+fae1124	37.602	150	446	450	0.0982	0.968	1.2177	0.0608	0.0489		1.9978	210.8072	958.5602	1.9344	0.0013	present	565.25	565.25	548.73	555.88	0.158	609.59	0.0586	551.46	705.1	576.25	649.54	472.57	596.18	545.8	708.53	461.54	589.86	472.12	584.28	421.97	538.09	563.87	600.18	197.389	NA	197.39	195.63	0.0583	247.38	0.0227	179.31	224.51	175.38	223.11	9.669	9.67	9.98	10.03	0.1411	9.92	0.0585	5.16	9394528	9628722	1000	/scratch.global/lanej/1000G/ngs_dose/1000G_highcov/crams/HG00514.cram	9ab0a0e8	184ab16e	9dd52ba1	3
HG00524	fetch	0.1.0+fae1124	36.191	150	433	450	0.086	0.9627	1.2336	0.081	0.0481		1.998	70.3928	1083.4511	0.9891	0.9974	present	211.368	211.37	201.76	202.5	0.1893	221.19	0.0403	199.58	233.05	211.85	242.25	160.97	188.13	187.87	224.25	160.22	188.84	165.97	200.11	143.78	166.89	209.4	223.42	172.621	NA	172.62	169.18	0.0739	212.67	0.0258	160.71	197.62	145.75	180.85	8.931	8.93	9.09	9.1	0.1402	9.03	0.0489	6.14	6837370	7088503	1000	/scratch.global/lanej/1000G/ngs_dose/1000G_highcov/crams/HG00524.cram	9ab0a0e8	184ab16e	9dd52ba1	3
HG00525	fetch	0.1.0+fae1124	34.712	150	442	450	0.0626	0.9776	1.1837	0.066	0.0513		1.9924	89.9352	830.0561	1.9153	0.004	present	516.971	516.97	488.59	483.64	0.2195	515.04	0.0401	480.42	516.41	531.18	576.44	376.52	408.96	480.19	534.28	370.01	405.26	407.09	461.58	346.73	365.58	505.23	524.43	175.463	NA	175.46	170.69	0.099	202.97	0.0193	158.73	182.01	157.39	183.07	9.543	9.54	9.64	9.65	0.1216	9.58	0.0378	5.01	8476716	8696834	1000	/scratch.global/lanej/1000G/ngs_dose/1000G_highcov/crams/HG00525.cram	9ab0a0e8	184ab16e	9dd52ba1	3
HG00526	fetch	0.1.0+fae1124	37.382	150	439	450	0.0871	0.9636	1.2544	0.0567	0.0489		2.0078	57.3693	607.0755	0.9859	0.98	present	381.508	381.51	369.06	368.51	0.1631	416.76	0.0471	374.29	502.47	389.69	447.51	318.66	423.01	379.17	511.86	305.12	408.74	320.96	410.19	285.68	384.92	378.5	405.59	198.786	NA	198.79	197.48	0.0707	256.71	0.0268	183.73	235.62	172.53	226.92	9.772	9.77	9.94	9.93	0.13	9.86	0.0528	6.02	7731914	7953093	1000	/scratch.global/lanej/1000G/ngs_dose/1000G_highcov/crams/HG00526.cram	9ab0a0e8	184ab16e	9dd52ba1	3
HG00530	fetch	0.1.0+fae1124	37.663	150	424	400	0.0871	0.9688	1.2249	0.0677	0.0385		1.9948	25.1597	856.2682	0.9905	0.9806	present	691.604	691.6	659.57	655.92	0.1738	716.41	0.0561	649.07	754.32	683.12	770.04	499.24	554.81	636.82	760.74	522.56	609.61	549.09	651.04	475.37	542.36	686.63	727.09	188.4	NA	188.4	184.28	0.0873	229.01	0.0266	179.4	216.5	158.95	194.14	9.538	9.54	9.67	9.73	0.1225	9.61	0.0496	5.87	9856134	10123139	1000	/scratch.global/lanej/1000G/ngs_dose/1000G_highcov/crams/HG00530.cram	9ab0a0e8	184ab16e	9dd52ba1	3
HG00531	fetch	0.1.0+fae1124	37.882	150	434	450	0.0812	0.9807	1.1518	0.0786	0.0504		1.9929	36.3851	824.0465	1.9277	0.0025	present	461.158	461.16	431.43	426.53	0.2057	448.61	0.0434	406.18	402.14	452.52	490.36	304.47	309.58	377.68	387.26	317.04	322.85	340.48	371.8	283.97	276.49	452.36	469.77	211.607	NA	211.61	206.64	0.0874	236.82	0.0249	190.26	210.18	180.93	202.63	8.642	8.64	8.7	8.67	0.1104	8.68	0.048	7.18	8284042	8554986	1000	/scratch.global/lanej/1000G/ngs_dose/1000G_highcov/crams/HG00531.cram	9ab0a0e8	184ab16e	9dd52ba1	3
HG00532	fetch	0.1.0+fae1124	38.519	150	451	450	0.0706	0.9572	1.2923	0.0642	0.0462		2.0048	25.6577	672.9668	0.9781	0.9748	present	842.045	842.05	806.42	807.94	0.1754	916.87	0.0578	805.55	1075.44	867.79	1013.6	668.89	882.57	809.66	1103.35	642.59	859.68	682.3	885.12	601.84	796.31	832.51	899.01	195.433	NA	195.43	193.05	0.0764	256.86	0.0213	175.7	230.69	171.93	229.01	9.516	9.52	9.63	9.64	0.1202	9.54	0.0411	5.88	10421513	10667025	1000	/scratch.global/lanej/1000G/ngs_dose/1000G_highcov/crams/HG00532.cram	9ab0a0e8	184ab16e	9dd52ba1	3
HG00533	fetch	0.1.0+fae1124	37.495	150	415	400	0.0852	0.9597	1.2636	0.0644	0.048		1.994	24.3871	728.3167	0.9872	0.9626	present	378.565	378.56	364.1	369.89	0.1661	415.29	0.0478	362.47	486.78	392.23	455.47	295.93	386.06	388.02	523.86	305.96	409.86	322.04	412.27	268.73	357.73	374.27	406.2	189.743	NA	189.74	190.16	0.0702	245.13	0.0232	172.44	221.63	165.07	214.57	9.783	9.78	9.94	9.98	0.1088	9.86	0.0498	3.83	7952781	8219127	1000	/scratch.global/lanej/1000G/ngs_dose/1000G_highcov/crams/HG00533.cram	9ab0a0e8	184ab16e	9dd52ba1	3
HG00534	fetch	0.1.0+fae1124	37.83	150	442	450	0.0913	0.98	1.1825	0.0606	0.0451		1.9955	51.7921	659.076	1.9499	0.0027	present	455.611	455.61	434.64	434.03	0.1907	461.07	0.0497	428.84	464.21	447.0	491.13	345.97	378.68	427.27	473.33	346.46	380.85	358.38	408.51	312.83	335.9	450.78	470.72	160.504	NA	160.5	159.15	0.0828	186.92	0.0263	144.57	167.17	139.5	163.26	9.549	9.55	9.68	9.66	0.1202	9.62	0.0539	6.46	8487405	8757262	1000	/scratch.global/lanej/1000G/ngs_dose/1000G_highcov/crams/HG00534.cram	9ab0a0e8	184ab16e	9dd52ba1	3
HG00535	fetch	0.1.0+fae1124	36.493	150	441	450	0.0891	0.9636	1.2497	0.0677	0.0549		1.9857	35.3147	799.8965	0.9843	0.9723	present	442.678	442.68	431.61	436.53	0.1732	484.71	0.0508	449.68	587.59	454.38	521.17	370.8	479.1	456.32	606.69	359.37	470.14	374.33	472.55	342.78	444.47	440.83	472.35	181.958	NA	181.96	179.84	0.0711	231.87	0.0235	161.53	205.52	154.42	199.31	9.453	9.45	9.66	9.72	0.132	9.59	0.0509	11.83	7851492	8069891	1000	/scratch.global/lanej/1000G/ngs_dose/1000G_highcov/crams/HG00535.cram	9ab0a0e8	184ab16e	9dd52ba1	3
HG00536	fetch	0.1.0+fae1124	33.994	150	426	450	0.0793	0.9524	1.2642	0.0819	0.0442		2.0054	14.4366	776.9621	0.9963	0.9847	present	414.821	414.82	404.76	409.2	0.1653	454.87	0.0447	415.08	520.63	421.73	489.83	353.12	438.57	448.35	575.4	340.22	428.3	352.81	442.03	326.69	406.13	413.42	447.45	200.922	NA	200.92	199.85	0.0751	255.87	0.026	186.27	237.4	173.66	223.53	9.605	9.61	9.73	9.76	0.1218	9.67	0.0458	4.32	7260302	7495361	1000	/scratch.global/lanej/1000G/ngs_dose/1000G_highcov/crams/HG00536.cram	9ab0a0e8	184ab16e	9dd52ba1	3
HG00537	fetch	0.1.0+fae1124	34.155	150	420	400	0.0589	0.9759	1.1911	0.0542	0.0554		1.9953	14.9638	809.4467	1.917	0.0029	present	566.214	566.21	536.6	536.71	0.2038	572.87	0.0407	531.99	589.74	581.3	640.96	380.81	405.51	538.43	616.01	403.95	452.17	447.59	512.9	384.28	416.92	556.84	584.42	126.734	NA	126.73	125.11	0.1073	149.02	0.0193	112.32	130.35	110.82	131.09	9.533	9.53	9.65	9.65	0.122	9.61	0.0337	8.93	8335898	8579952	1000	/scratch.global/lanej/1000G/ngs_dose/1000G_highcov/crams/HG00537.cram	9ab0a0e8	184ab16e	9dd52ba1	3
HG00538	fetch	0.1.0+fae1124	37.92	150	446	450	0.0999	0.9712	1.1948	0.057	0.0525		1.9935	34.7042	677.6923	0.984	0.9703	present	441.115	441.12	426.77	428.61	0.1677	467.67	0.0531	418.17	520.98	453.34	505.35	367.88	450.95	464.88	583.02	356.13	441.12	375.37	452.48	343.6	428.46	437.69	461.68	171.113	NA	171.11	170.28	0.072	208.36	0.0288	150.96	184.65	150.8	185.62	9.655	9.66	9.78	9.77	0.1226	9.73	0.0584	7.3	7930659	8154449	1000	/scratch.global/lanej/1000G/ngs_dose/1000G_highcov/crams/HG00538.cram	9ab0a0e8	184ab16e	9dd52ba1	3
HG00542	fetch	0.1.0+fae1124	36.105	150	434	450	0.0686	0.9754	1.2386	0.0736	0.0434		1.9863	81.9333	638.9395	0.9885	0.9909	present	245.711	245.71	233.76	236.37	0.2307	252.81	0.0365	229.51	265.05	258.96	288.89	182.5	209.66	223.17	265.61	174.11	202.73	192.21	229.23	153.83	175.1	242.47	255.21	249.087	NA	249.09	240.52	0.1043	303.78	0.0247	218.03	266.72	220.54	270.69	9.675	9.68	9.7	9.69	0.1188	9.63	0.0408	7.38	7415778	7668481	1000	/scratch.global/lanej/1000G/ngs_dose/1000G_highcov/crams/HG00542.cram	9ab0a0e8	184ab16e	9dd52ba1	3
HG00543	fetch	0.1.0+fae1124	42.477	150	431	450	0.091	0.9677	1.2385	0.0672	0.048		2.0	62.9787	683.978	1.9297	0.0027	present	444.987	444.99	432.05	431.2	0.1619	481.57	0.0528	422.18	549.2	453.45	513.88	358.74	458.92	452.19	589.35	351.95	454.24	373.35	463.78	321.66	419.09	446.17	475.14	321.77	NA	321.77	320.37	0.0761	402.72	0.0296	295.52	371.35	276.1	349.36	8.691	8.69	8.82	8.84	0.1059	8.76	0.0535	8.0	9940465	10251391	1000	/scratch.global/lanej/1000G/ngs_dose/1000G_highcov/crams/HG00543.cram	9ab0a0e8	184ab16e	9dd52ba1	3
HG00544	fetch	0.1.0+fae1124	36.427	150	444	450	0.0881	0.9704	1.2217	0.0644	0.0506		2.0048	53.7971	674.4454	1.9402	0.0023	present	334.271	334.27	325.77	326.62	0.1597	362.83	0.0465	330.68	428.37	345.93	391.59	280.57	362.49	363.9	474.81	265.69	345.43	285.17	355.0	254.37	330.38	333.35	354.53	110.899	NA	110.9	110.22	0.0684	139.34	0.0238	97.97	121.39	96.15	123.02	9.686	9.69	9.79	9.76	0.1126	9.72	0.0542	5.99	7028906	7239805	1000	/scratch.global/lanej/1000G/ngs_dose/1000G_highcov/crams/HG00544.cram	9ab0a0e8	184ab16e	9dd52ba1	3
HG00551	fetch	0.1.0+fae1124	50.98	150	424	400	0.0835	0.9438	1.3374	0.0451	0.0446		1.9894	30.4596	831.8763	1.8969	0.0026	present	502.26	502.26	489.41	493.7	0.1603	580.85	0.0571	486.73	722.26	527.65	637.51	391.88	558.28	507.95	753.5	403.84	593.96	425.26	584.15	379.23	556.51	505.63	560.65	173.429	NA	173.43	171.37	0.0695	240.15	0.0295	156.63	217.26	154.8	215.48	9.641	9.64	9.75	9.78	0.1183	9.65	0.0475	5.98	12308853	12685674	1000	/scratch.global/lanej/1000G/ngs_dose/1000G_highcov/crams/HG00551.cram	9ab0a0e8	184ab16e	9dd52ba1	3
HG00552	fetch	0.1.0+fae1124	38.725	150	445	450	0.0953	0.9652	1.2267	0.0523	0.0517		1.9946	64.9409	821.3541	0.9793	0.9445	present	509.525	509.53	493.89	496.82	0.1551	554.72	0.0547	496.21	653.1	512.97	587.51	424.36	549.83	509.66	676.25	410.26	537.57	426.43	535.31	378.06	497.66	507.94	544.14	123.072	NA	123.07	123.23	0.0615	155.72	0.0271	111.24	140.84	106.35	136.45	9.592	9.59	9.84	9.88	0.125	9.77	0.0547	5.11	8681313	8909952	1000	/scratch.global/lanej/1000G/ngs_dose/1000G_highcov/crams/HG00552.cram	9ab0a0e8	184ab16e	9dd52ba1	3
HG00553	fetch	0.1.0+fae1124	38.985	150	419	400	0.0809	0.9583	1.2463	0.0658	0.0522		2.0053	83.7982	739.1645	0.987	0.9512	present	566.132	566.13	546.85	552.7	0.1544	613.54	0.0506	539.23	691.33	567.42	652.33	448.56	552.41	571.22	739.25	451.96	576.3	473.67	589.01	422.45	534.97	564.79	608.34	181.592	NA	181.59	181.43	0.0705	228.93	0.0257	167.3	211.16	161.1	203.77	9.651	9.65	9.81	9.79	0.1101	9.74	0.0475	6.52	9823467	10121306	1000	/scratch.global/lanej/1000G/ngs_dose/1000G_highcov/crams/HG00553.cram	9ab0a0e8	184ab16e	9dd52ba1	3
HG00554	fetch	0.1.0+fae1124	38.368	150	431	450	0.104	0.963	1.287	0.0664	0.0395		2.0059	26.1098	935.4576	1.9407	0.0027	present	337.927	337.93	320.9	321.65	0.1875	357.81	0.0509	315.88	387.56	335.84	390.27	248.94	305.47	303.68	385.38	251.47	312.7	259.79	326.74	222.34	268.64	334.71	359.5	201.972	NA	201.97	197.2	0.0902	259.66	0.0349	191.39	244.43	171.48	223.0	8.848	8.85	8.9	8.91	0.1116	8.82	0.0594	4.54	8201033	8477498	1000	/scratch.global/lanej/1000G/ngs_dose/1000G_highcov/crams/HG00554.cram	9ab0a0e8	184ab16e	9dd52ba1	3
HG00555	fetch	0.1.0+fae1124	35.221	150	439	450	0.0687	0.9704	1.2268	0.0618	0.0552		1.9921	37.1906	825.1398	1.9102	0.0019	present	405.119	405.12	386.67	381.4	0.1915	422.41	0.0418	387.43	462.94	409.84	461.94	303.22	359.88	381.67	463.65	292.87	351.02	317.32	382.79	256.49	305.53	401.33	424.6	123.308	NA	123.31	124.16	0.0849	151.66	0.0191	111.03	136.8	106.0	131.51	9.594	9.59	9.73	9.78	0.1278	9.67	0.0379	4.45	7215848	7431593	1000	/scratch.global/lanej/1000G/ngs_dose/1000G_highcov/crams/HG00555.cram	9ab0a0e8	184ab16e	9dd52ba1	3
HG00556	fetch	0.1.0+fae1124	32.919	150	419	400	0.0742	0.9669	1.2474	0.069	0.0472		2.0032	11.3008	824.4857	0.99	0.9671	present	410.074	410.07	391.4	395.2	0.1572	438.33	0.0434	389.52	505.73	411.56	466.26	310.97	396.8	411.36	535.31	324.83	420.1	338.43	422.13	301.74	391.32	404.34	432.82	149.065	NA	149.07	148.26	0.0771	187.22	0.0225	138.52	173.33	126.41	159.58	9.51	9.51	9.66	9.64	0.1338	9.6	0.0429	3.63	7271764	7496575	1000	/scratch.global/lanej/1000G/ngs_dose/1000G_highcov/crams/HG00556.cram	9ab0a0e8	184ab16e	9dd52ba1	3
HG00557	fetch	0.1.0+fae1124	36.861	150	456	450	0.0743	0.9688	1.2577	0.061	0.036		1.9951	25.1568	657.1325	1.9503	0.0027	present	557.053	557.05	529.82	528.16	0.1643	589.44	0.0475	513.43	659.64	554.91	632.2	422.86	536.65	549.25	715.45	421.03	540.57	443.78	556.69	387.14	496.0	550.75	585.32	161.345	NA	161.35	160.35	0.0811	205.41	0.0196	138.43	176.28	142.52	183.83	9.647	9.65	9.71	9.73	0.1246	9.63	0.0437	5.51	8563650	8806605	1000	/scratch.global/lanej/1000G/ngs_dose/1000G_highcov/crams/HG00557.cram	9ab0a0e8	184ab16e	9dd52ba1	3
HG00558	fetch	0.1.0+fae1124	36.09	150	445	450	0.0856	0.959	1.2676	0.0658	0.0475		1.9841	17.9427	759.7174	1.9161	0.0021	present	376.883	376.88	362.09	361.21	0.1603	408.93	0.0482	360.65	482.7	390.27	447.41	320.38	422.03	374.2	507.29	306.69	409.24	315.18	402.44	279.03	371.63	371.27	398.37	177.499	NA	177.5	176.24	0.0633	228.6	0.026	167.02	215.13	152.25	198.95	9.712	9.71	9.88	9.88	0.13	9.8	0.05	4.94	7277462	7482787	1000	/scratch.global/lanej/1000G/ngs_dose/1000G_highcov/crams/HG00558.cram	9ab0a0e8	184ab16e	9dd52ba1	3
HG00559	fetch	0.1.0+fae1124	36.237	150	397	400	0.0792	0.9581	1.2701	0.0675	0.0575		1.9888	51.4187	642.9151	0.9843	0.9852	present	556.16	556.16	536.85	548.5	0.1533	614.92	0.0514	531.57	724.63	570.69	666.57	440.99	584.28	556.92	757.62	457.06	618.97	473.31	608.62	424.51	573.8	552.43	600.6	188.439	NA	188.44	188.18	0.0648	243.46	0.0228	175.83	227.5	163.03	211.35	9.791	9.79	9.89	9.92	0.1203	9.82	0.0481	6.75	9026373	9299422	1000	/scratch.global/lanej/1000G/ngs_dose/1000G_highcov/crams/HG00559.cram	9ab0a0e8	184ab16e	9dd52ba1	3
HG00560	fetch	0.1.0+fae1124	35.563	150	432	450	0.1063	0.9623	1.293	0.0629	0.0435		1.9966	39.0674	839.47	1.9241	0.0025	present	463.881	463.88	442.03	441.9	0.1916	495.86	0.0561	423.75	547.47	481.02	554.4	344.41	441.86	437.3	570.94	342.25	442.87	369.32	470.65	323.75	418.9	459.95	492.43	206.034	NA	206.03	207.12	0.0821	267.7	0.0352	185.92	240.42	174.19	229.68	9.656	9.66	9.8	9.81	0.1232	9.71	0.0634	5.0	8191866	8435438	1000	/scratch.global/lanej/1000G/ngs_dose/1000G_highcov/crams/HG00560.cram	9ab0a0e8	184ab16e	9dd52ba1	3
HG00561	fetch	0.1.0+fae1124	38.406	150	449	450	0.0969	0.9713	1.2129	0.0565	0.0479		1.9965	49.9239	677.7997	1.9403	0.0017	present	590.011	590.01	571.34	577.91	0.157	634.13	0.0579	566.43	739.04	611.45	688.07	495.67	635.02	626.09	818.26	478.28	618.55	502.4	619.75	443.67	579.49	585.33	620.08	273.087	NA	273.09	272.76	0.068	338.41	0.0289	256.53	319.64	233.41	292.28	9.719	9.72	9.86	9.87	0.1159	9.79	0.0576	6.13	9404893	9638028	1000	/scratch.global/lanej/1000G/ngs_dose/1000G_highcov/crams/HG00561.cram	9ab0a0e8	184ab16e	9dd52ba1	3
HG00565	fetch	0.1.0+fae1124	34.229	150	431	450	0.07	0.9717	1.2003	0.069	0.0367		1.9922	19.4533	844.1057	0.9874	0.9846	present	266.875	266.88	256.96	257.7	0.2023	276.02	0.0378	254.05	289.97	274.82	304.19	200.9	229.76	253.23	296.94	196.81	227.28	212.33	248.79	180.44	203.43	266.41	279.13	250.88	NA	250.88	247.58	0.0912	299.27	0.0207	215.83	256.1	223.24	268.47	9.534	9.53	9.57	9.61	0.1256	9.52	0.0394	5.22	6863164	7086593	1000	/scratch.global/lanej/1000G/ngs_dose/1000G_highcov/crams/HG00565.cram	9ab0a0e8	184ab16e	9dd52ba1	3
HG00566	fetch	0.1.0+fae1124	50.625	150	439	450	0.1107	0.9753	1.2104	0.0658	0.0364		1.9966	36.0897	729.3898	1.9616	0.0025	present	575.998	576.0	561.19	567.17	0.159	607.42	0.0693	554.18	669.0	591.33	649.07	471.34	568.14	619.28	758.52	462.26	561.39	487.49	582.15	435.99	524.21	576.77	602.7	139.946	NA	139.95	137.67	0.0796	169.42	0.0361	131.19	157.39	118.34	145.2	9.694	9.69	9.7	9.72	0.1172	9.64	0.0686	7.18	12820260	13188094	1000	/scratch.global/lanej/1000G/ngs_dose/1000G_highcov/crams/HG00566.cram	9ab0a0e8	184ab16e	9dd52ba1	3
HG00567	fetch	0.1.0+fae1124	34.884	150	447	450	0.1651	0.9865	1.1222	0.064	0.0517		1.9867	36.3039	778.4676	0.9936	0.9798	present	473.755	473.76	460.93	461.36	0.1753	473.8	0.0807	466.98	456.6	498.13	527.74	392.69	393.11	504.34	513.48	370.91	373.44	376.82	405.93	355.36	342.57	473.24	486.39	229.677	NA	229.68	228.63	0.088	254.76	0.0439	205.07	223.94	195.86	218.75	9.757	9.76	9.82	9.81	0.1306	9.79	0.0994	5.23	7341524	7545913	1000	/scratch.global/lanej/1000G/ngs_dose/1000G_highcov/crams/HG00567.cram	9ab0a0e8	184ab16e	9dd52ba1	3
HG00577	fetch	0.1.0+fae1124	35.452	150	434	450	0.0706	0.966	1.2454	0.0582	0.0528		1.9933	32.1972	774.693	0.9876	0.9684	present	398.065	398.07	380.36	383.2	0.2089	418.26	0.043	370.8	450.81	409.89	462.54	299.52	361.92	363.91	452.67	295.49	361.21	317.22	386.76	261.85	314.74	394.91	419.49	182.466	NA	182.47	182.4	0.0791	225.97	0.0216	175.69	217.48	160.28	200.23	9.593	9.59	9.78	9.82	0.1197	9.72	0.041	4.14	7120500	7339572	1000	/scratch.global/lanej/1000G/ngs_dose/1000G_highcov/crams/HG00577.cram	9ab0a0e8	184ab16e	9dd52ba1	3
HG00578	fetch	0.1.0+fae1124	36.893	150	445	450	0.0902	0.9645	1.2231	0.0543	0.0497		2.0023	61.2121	678.8498	1.9076	0.0015	present	360.139	360.14	350.12	355.24	0.1729	391.31	0.048	359.88	469.95	371.91	422.97	302.6	389.25	371.05	489.42	283.92	369.43	305.7	381.54	266.7	347.6	357.99	381.95	167.299	NA	167.3	165.5	0.073	210.48	0.0227	151.02	190.28	145.99	186.05	9.495	9.5	9.62	9.63	0.1116	9.55	0.053	5.17	7452584	7670657	1000	/scratch.global/lanej/1000G/ngs_dose/1000G_highcov/crams/HG00578.cram	9ab0a0e8	184ab16e	9dd52ba1	3
HG00579	fetch	0.1.0+fae1124	36.71	150	452	450	0.0899	0.9663	1.2301	0.0613	0.0487		2.003	54.4602	734.5683	1.93	0.0016	present	442.646	442.65	434.43	433.65	0.16	483.82	0.05	438.28	570.43	459.61	519.14	375.76	481.34	466.7	611.11	361.01	467.21	375.54	466.64	330.35	429.85	445.62	473.95	151.256	NA	151.26	149.86	0.0646	189.48	0.0251	135.07	169.65	134.2	170.16	9.583	9.58	9.7	9.7	0.1235	9.63	0.0517	4.02	8015946	8232737	1000	/scratch.global/lanej/1000G/ngs_dose/1000G_highcov/crams/HG00579.cram	9ab0a0e8	184ab16e	9dd52ba1	3
HG00580	fetch	0.1.0+fae1124	39.159	150	433	450	0.1182	0.9683	1.2732	0.0627	0.0474		1.9909	16.7717	976.7396	0.9972	0.9919	present	580.44	580.44	557.55	559.52	0.1909	617.8	0.0671	541.45	668.6	593.5	677.02	452.32	556.21	534.68	674.99	439.43	546.07	469.36	581.02	406.71	496.36	578.09	616.94	158.904	NA	158.9	158.43	0.0854	199.72	0.0316	150.37	188.46	143.11	181.55	9.939	9.94	10.05	10.05	0.1154	9.97	0.065	15.5	9840795	10139129	1000	/scratch.global/lanej/1000G/ngs_dose/1000G_highcov/crams/HG00580.cram	9ab0a0e8	184ab16e	9dd52ba1	3
HG00581	fetch	0.1.0+fae1124	34.91	150	435	450	0.0815	0.9615	1.2839	0.0696	0.0515		1.9901	20.3118	878.6201	1.9126	0.0021	present	357.037	357.04	347.54	357.86	0.2293	393.72	0.0448	362.12	481.09	385.5	447.13	297.74	393.57	369.59	501.01	279.04	373.05	304.97	393.15	267.75	352.63	353.66	380.73	143.647	NA	143.65	144.49	0.0867	187.23	0.0214	139.78	180.47	121.42	160.8	9.332	9.33	9.54	9.59	0.1305	9.46	0.0468	4.5	7350711	7587543	1000	/scratch.global/lanej/1000G/ngs_dose/1000G_highcov/crams/HG00581.cram	9ab0a0e8	184ab16e	9dd52ba1	3
HG00582	fetch	0.1.0+fae1124	35.54	150	441	450	0.0925	0.9722	1.2345	0.0684	0.0488		1.993	75.502	743.3849	1.9328	0.0015	present	428.821	428.82	417.65	428.61	0.198	462.04	0.0551	438.63	562.75	452.94	507.66	365.27	461.44	462.65	600.73	359.2	459.41	366.93	454.59	330.76	423.41	423.83	448.29	170.034	NA	170.03	169.46	0.0583	213.37	0.0254	155.37	195.33	148.82	189.31	9.772	9.77	9.87	9.92	0.1226	9.79	0.0525	6.68	7606448	7820421	1000	/scratch.global/lanej/1000G/ngs_dose/1000G_highcov/crams/HG00582.cram	9ab0a0e8	184ab16e	9dd52ba1	3
HG00583	fetch	0.1.0+fae1124	36.797	150	435	450	0.0558	0.9863	1.1523	0.0749	0.039		1.9971	11.6868	849.8124	0.9845	0.9812	present	389.75	389.75	371.81	369.03	0.2137	385.93	0.0347	364.59	388.37	404.03	430.04	294.58	316.64	368.71	403.94	284.76	308.27	311.45	346.99	255.07	268.45	384.29	392.53	129.777	NA	129.78	127.77	0.101	147.55	0.0127	120.65	135.99	113.1	129.5	9.756	9.76	9.85	9.89	0.1267	9.79	0.0323	3.93	7592733	7807177	1000	/scratch.global/lanej/1000G/ngs_dose/1000G_highcov/crams/HG00583.cram	9ab0a0e8	184ab16e	9dd52ba1	3
HG00584	fetch	0.1.0+fae1124	44.366	150	434	450	0.0707	0.9812	1.1832	0.0637	0.0498		1.9964	73.6068	753.0383	1.9137	0.0029	present	402.701	402.7	377.37	376.33	0.2068	401.15	0.0417	351.62	384.79	402.84	441.97	282.41	311.78	341.29	387.37	268.59	299.55	306.16	352.01	248.46	266.94	395.39	412.74	164.04	NA	164.04	161.44	0.1019	192.62	0.0207	141.55	164.72	144.32	170.7	9.7	9.7	9.82	9.82	0.1305	9.76	0.0401	11.73	9785653	10102668	1000	/scratch.global/lanej/1000G/ngs_dose/1000G_highcov/crams/HG00584.cram	9ab0a0e8	184ab16e	9dd52ba1	3
HG00585	fetch	0.1.0+fae1124	35.342	150	433	450	0.0719	0.9656	1.2303	0.064	0.0552		1.9832	26.1499	685.2973	1.9143	0.0017	present	328.561	328.56	309.21	309.05	0.2046	340.77	0.0404	303.81	370.67	333.88	377.55	241.57	292.2	277.43	346.78	242.89	297.79	253.81	310.05	211.42	255.59	321.47	342.19	197.758	NA	197.76	193.25	0.0898	245.88	0.0205	183.98	228.85	172.64	216.97	9.587	9.59	9.72	9.74	0.1237	9.65	0.0418	8.87	6645576	6849218	1000	/scratch.global/lanej/1000G/ngs_dose/1000G_highcov/crams/HG00585.cram	9ab0a0e8	184ab16e	9dd52ba1	3
HG00589	fetch	0.1.0+fae1124	38.169	150	424	400	0.0732	0.9741	1.1877	0.0692	0.0407		2.0084	12.0919	777.3238	0.9893	0.9639	present	503.071	503.07	472.87	474.63	0.1992	507.42	0.0444	450.42	516.73	515.53	568.28	331.01	360.24	452.68	532.26	349.13	401.45	395.13	456.94	304.86	341.29	494.06	518.41	152.855	NA	152.85	150.45	0.1011	180.83	0.0198	146.68	172.6	132.22	157.05	9.498	9.5	9.66	9.66	0.1189	9.61	0.0434	5.1	8626475	8897066	1000	/scratch.global/lanej/1000G/ngs_dose/1000G_highcov/crams/HG00589.cram	9ab0a0e8	184ab16e	9dd52ba1	3
HG00590	fetch	0.1.0+fae1124	36.168	150	414	400	0.0798	0.9556	1.2428	0.0534	0.0451		2.0032	28.2861	785.9575	1.9454	0.0024	present	506.667	506.67	488.98	499.22	0.1547	553.87	0.0497	488.16	637.82	516.63	600.06	402.41	505.88	539.22	712.29	418.12	544.82	431.27	543.57	382.15	493.09	501.95	544.26	175.554	NA	175.55	174.94	0.0752	224.32	0.0241	172.6	219.81	150.9	193.87	9.505	9.5	9.62	9.66	0.1168	9.56	0.047	6.41	8565425	8836782	1000	/scratch.global/lanej/1000G/ngs_dose/1000G_highcov/crams/HG00590.cram	9ab0a0e8	184ab16e	9dd52ba1	3
HG00591	fetch	0.1.0+fae1124	38.67	150	446	450	0.0702	0.9593	1.2945	0.0553	0.0419		1.9974	40.103	668.2974	0.9817	0.9746	present	625.908	625.91	595.67	594.01	0.1815	674.85	0.0516	600.45	797.69	639.21	745.7	483.09	639.69	609.24	821.73	471.01	629.37	510.08	660.22	423.89	561.32	614.08	660.47	171.23	NA	171.23	172.92	0.0687	224.62	0.0221	160.47	208.07	146.6	195.64	9.595	9.59	9.73	9.72	0.1228	9.63	0.043	7.48	9258125	9497668	1000	/scratch.global/lanej/1000G/ngs_dose/1000G_highcov/crams/HG00591.cram	9ab0a0e8	184ab16e	9dd52ba1	3
HG00592	fetch	0.1.0+fae1124	38.528	150	430	450	0.0635	0.9706	1.2319	0.0654	0.053		1.9952	28.48	694.094	0.9783	0.9721	present	296.925	296.93	282.07	287.74	0.2291	308.49	0.0362	281.01	334.07	308.04	346.67	212.24	253.3	255.67	314.57	210.92	254.9	232.64	283.12	190.84	223.78	292.73	309.93	132.537	NA	132.54	132.47	0.0975	164.9	0.0182	122.09	150.12	114.65	144.66	9.536	9.54	9.74	9.79	0.1333	9.67	0.0368	5.24	7630377	7895197	1000	/scratch.global/lanej/1000G/ngs_dose/1000G_highcov/crams/HG00592.cram	9ab0a0e8	184ab16e	9dd52ba1	3
HG00593	fetch	0.1.0+fae1124	37.28	150	432	450	0.0835	0.9903	1.1233	0.0673	0.0513		2.0038	44.7051	946.0471	1.9341	0.0023	present	451.506	451.51	425.11	425.72	0.2193	432.53	0.0467	398.85	378.99	450.46	476.41	295.37	287.99	377.05	369.52	312.58	304.95	339.17	358.63	253.26	238.2	445.11	454.52	161.983	NA	161.98	158.78	0.1061	176.03	0.0228	143.17	153.7	143.25	155.97	9.569	9.57	9.74	9.79	0.1194	9.71	0.0487	7.52	8350017	8613715	1000	/scratch.global/lanej/1000G/ngs_dose/1000G_highcov/crams/HG00593.cram	9ab0a0e8	184ab16e	9dd52ba1	3
HG00594	fetch	0.1.0+fae1124	39.798	150	432	450	0.0713	0.9572	1.3014	0.0475	0.0464		1.9926	65.7667	776.7958	0.9897	0.9669	present	351.752	351.75	337.57	346.42	0.2188	387.83	0.044	345.3	479.98	367.84	432.77	283.89	389.29	354.36	499.43	270.63	375.88	289.4	382.95	246.52	341.5	346.66	375.3	111.329	NA	111.33	111.81	0.0767	148.88	0.0191	99.89	133.12	95.52	129.92	9.364	9.36	9.58	9.61	0.1272	9.48	0.0412	6.38	8010802	8249112	1000	/scratch.global/lanej/1000G/ngs_dose/1000G_highcov/crams/HG00594.cram	9ab0a0e8	184ab16e	9dd52ba1	3
HG00595	fetch	0.1.0+fae1124	34.302	150	425	400	0.0772	0.9589	1.2569	0.0609	0.0434		1.9891	24.8959	881.1997	0.9891	0.9801	present	526.105	526.1	509.22	517.07	0.1528	578.72	0.0486	499.12	668.65	524.78	608.49	412.52	528.11	533.61	719.26	422.04	562.57	445.37	566.38	383.38	504.58	526.75	570.19	180.732	NA	180.73	179.26	0.0734	232.41	0.0226	171.73	220.74	155.57	200.92	9.669	9.67	9.76	9.76	0.1275	9.68	0.0466	6.77	8098670	8337762	1000	/scratch.global/lanej/1000G/ngs_dose/1000G_highcov/crams/HG00595.cram	9ab0a0e8	184ab16e	9dd52ba1	3
HG00596	fetch	0.1.0+fae1124	48.119	150	419	400	0.0862	0.9696	1.2106	0.054	0.042		1.9933	55.4455	729.6821	1.9468	0.0026	present	727.84	727.84	703.11	712.41	0.148	777.68	0.065	688.67	877.11	742.6	832.97	560.9	687.2	766.37	981.81	593.5	752.09	620.79	756.87	544.16	683.86	724.38	768.92	145.036	NA	145.04	145.08	0.0688	178.62	0.0259	135.0	166.21	127.54	157.69	9.726	9.73	9.83	9.85	0.1033	9.76	0.0525	6.26	13059106	13417001	1000	/scratch.global/lanej/1000G/ngs_dose/1000G_highcov/crams/HG00596.cram	9ab0a0e8	184ab16e	9dd52ba1	3
HG00597	fetch	0.1.0+fae1124	36.855	150	451	450	0.089	0.9646	1.2309	0.0657	0.0467		1.9941	27.7154	753.7679	1.925	0.0015	present	628.616	628.62	607.79	618.08	0.167	679.96	0.058	610.94	797.42	640.58	729.39	521.74	673.68	648.32	858.67	512.4	669.4	530.38	665.98	471.02	612.54	623.14	665.03	141.447	NA	141.45	141.8	0.0741	179.44	0.0272	126.17	159.55	122.63	157.88	9.562	9.56	9.73	9.74	0.1192	9.66	0.0543	6.58	9040172	9261967	1000	/scratch.global/lanej/1000G/ngs_dose/1000G_highcov/crams/HG00597.cram	9ab0a0e8	184ab16e	9dd52ba1	3
HG00598	fetch	0.1.0+fae1124	38.238	150	436	450	0.0808	0.9654	1.2439	0.0847	0.0416		1.995	23.8431	952.1124	0.9805	0.9716	present	696.474	696.47	661.73	656.74	0.1951	726.6	0.0539	623.07	736.95	694.28	791.29	500.33	587.73	614.61	744.24	501.05	595.64	542.18	657.18	464.4	544.83	692.5	738.44	164.828	NA	164.83	161.77	0.0886	204.12	0.0255	148.85	185.16	146.8	183.0	9.671	9.67	9.8	9.8	0.1098	9.73	0.0484	8.29	10072565	10372319	1000	/scratch.global/lanej/1000G/ngs_dose/1000G_highcov/crams/HG00598.cram	9ab0a0e8	184ab16e	9dd52ba1	3
HG00599	fetch	0.1.0+fae1124	37.607	150	438	450	0.1024	0.975	1.1894	0.0587	0.0414		1.9926	40.2661	730.0686	1.9446	0.0028	present	464.152	464.15	440.99	434.2	0.1928	465.73	0.0566	419.09	441.51	462.74	504.95	338.83	360.63	434.45	469.76	332.49	355.85	357.26	403.36	297.12	310.61	459.88	480.55	145.358	NA	145.36	142.76	0.0877	168.54	0.0267	127.3	146.94	126.61	147.49	9.733	9.73	9.85	9.84	0.1255	9.81	0.0573	11.25	8644453	8923289	1000	/scratch.global/lanej/1000G/ngs_dose/1000G_highcov/crams/HG00599.cram	9ab0a0e8	184ab16e	9dd52ba1	3
HG00607	fetch	0.1.0+fae1124	41.145	150	410	400	0.0793	0.9571	1.2475	0.0659	0.0471		1.9903	84.8001	692.2542	0.986	0.984	present	395.2	395.2	382.23	387.7	0.1488	431.9	0.0472	374.72	491.68	407.86	468.6	305.14	391.39	416.99	547.09	320.52	420.12	342.3	428.15	299.3	388.36	393.04	424.71	134.752	NA	134.75	133.37	0.0654	169.31	0.0225	122.49	153.26	119.29	150.52	9.563	9.56	9.74	9.8	0.1228	9.68	0.0462	5.84	9118943	9407648	1000	/scratch.global/lanej/1000G/ngs_dose/1000G_highcov/crams/HG00607.cram	9ab0a0e8	184ab16e	9dd52ba1	3
HG00608	fetch	0.1.0+fae1124	49.482	150	423	400	0.0848	0.9679	1.2429	0.0502	0.0395		2.0033	26.587	1165.9799	1.9581	0.0025	present	385.423	385.42	373.68	376.18	0.1746	415.04	0.0515	391.27	497.2	407.82	461.45	315.48	388.76	395.78	507.29	320.91	405.4	330.35	408.36	303.24	383.47	380.02	404.81	128.593	NA	128.59	129.25	0.0593	161.17	0.0254	112.99	141.75	114.04	143.49	9.752	9.75	9.86	9.84	0.1043	9.78	0.0503	10.97	11147683	11488147	1000	/scratch.global/lanej/1000G/ngs_dose/1000G_highcov/crams/HG00608.cram	9ab0a0e8	184ab16e	9dd52ba1	3
HG00609	fetch	0.1.0+fae1124	38.844	150	452	450	0.0691	0.9547	1.3118	0.0533	0.0458		2.0027	58.0002	704.855	0.9941	0.9785	present	391.547	391.55	375.55	369.05	0.1886	430.67	0.0434	376.26	518.41	404.81	475.28	298.3	405.92	369.65	515.09	291.02	400.46	314.32	414.51	268.38	368.91	389.2	421.35	149.204	NA	149.2	148.68	0.0843	199.09	0.0194	130.24	173.31	124.92	169.29	9.695	9.69	9.86	9.86	0.1258	9.77	0.0389	6.6	8043740	8277781	1000	/scratch.global/lanej/1000G/ngs_dose/1000G_highcov/crams/HG00609.cram	9ab0a0e8	184ab16e	9dd52ba1	3
HG00610	fetch	0.1.0+fae1124	38.246	150	433	450	0.0635	0.9742	1.1988	0.0751	0.0481		1.9944	49.7643	764.8732	0.982	0.9848	present	795.342	795.34	743.68	758.79	0.2303	797.87	0.0511	719.28	821.66	802.72	887.95	546.13	624.82	698.62	818.33	535.58	618.72	608.8	715.81	496.72	563.46	775.61	810.77	128.843	NA	128.84	125.04	0.1023	154.89	0.0178	111.62	133.5	115.16	139.83	9.73	9.73	9.82	9.8	0.1213	9.75	0.0365	8.39	10486111	10785010	1000	/scratch.global/lanej/1000G/ngs_dose/1000G_highcov/crams/HG00610.cram	9ab0a0e8	184ab16e	9dd52ba1	3
HG00611	fetch	0.1.0+fae1124	38.546	150	405	400	0.0725	0.974	1.2026	0.0481	0.053		1.9976	63.4494	736.3258	1.8659	0.003	present	752.122	752.12	710.25	703.2	0.1838	770.26	0.0542	668.77	789.76	763.56	854.47	520.27	571.03	674.0	816.11	542.24	638.39	597.97	704.37	490.45	560.94	741.67	783.29	178.717	NA	178.72	175.5	0.0949	215.94	0.0214	166.76	201.73	165.07	199.93	9.862	9.86	9.95	9.96	0.1193	9.89	0.0423	6.1	10445346	10741465	1000	/scratch.global/lanej/1000G/ngs_dose/1000G_highcov/crams/HG00611.cram	9ab0a0e8	184ab16e	9dd52ba1	3
HG00612	fetch	0.1.0+fae1124	36.693	150	447	450	0.0927	0.9661	1.2344	0.0633	0.0519		2.0006	58.0339	797.765	1.9257	0.0018	present	752.852	752.85	726.1	738.74	0.179	812.24	0.0641	729.26	944.1	772.32	881.36	630.86	804.61	806.89	1048.85	620.27	798.15	642.01	796.9	561.53	727.02	741.83	794.55	154.33	NA	154.33	156.35	0.0769	192.84	0.0259	134.27	168.26	133.18	168.17	9.682	9.68	9.83	9.84	0.1232	9.77	0.0531	7.24	9924315	10155191	1000	/scratch.global/lanej/1000G/ngs_dose/1000G_highcov/crams/HG00612.cram	9ab0a0e8	184ab16e	9dd52ba1	3
HG00613	fetch	0.1.0+fae1124	36.782	150	428	450	0.1015	0.9565	1.2947	0.0681	0.049		1.992	41.3576	673.2427	0.9933	0.9652	present	484.613	484.61	459.14	456.6	0.1934	515.5	0.0562	450.48	547.44	478.75	563.09	340.82	416.31	438.25	548.15	345.37	425.86	369.07	464.74	313.75	377.33	480.18	521.23	220.62	NA	220.62	219.17	0.0852	284.48	0.0287	194.59	249.09	188.48	245.41	9.702	9.7	9.83	9.83	0.1205	9.76	0.0586	13.94	8623351	8890657	1000	/scratch.global/lanej/1000G/ngs_dose/1000G_highcov/crams/HG00613.cram	9ab0a0e8	184ab16e	9dd52ba1	3
HG00614	fetch	0.1.0+fae1124	36.266	150	435	450	0.0985	0.9603	1.3255	0.062	0.0502		1.9868	16.0989	891.1378	1.9308	0.0032	present	531.043	531.04	502.36	498.71	0.1832	567.06	0.0556	496.11	635.16	531.67	622.68	408.03	515.78	463.84	609.94	400.53	514.22	415.36	534.78	368.36	465.34	521.64	563.26	121.609	NA	121.61	120.79	0.0851	159.89	0.0269	110.51	146.25	106.73	141.47	10.111	10.11	10.16	10.19	0.1336	10.06	0.0556	8.48	8753181	9004708	1000	/scratch.global/lanej/1000G/ngs_dose/1000G_highcov/crams/HG00614.cram	9ab0a0e8	184ab16e	9dd52ba1	3
HG00615	fetch	0.1.0+fae1124	37.144	150	448	450	0.0945	0.971	1.2222	0.0505	0.0497		1.9972	37.7517	755.2072	1.9209	0.0025	present	540.898	540.9	522.35	526.36	0.1525	579.36	0.055	535.06	684.25	548.23	618.56	446.17	563.4	553.37	717.58	432.69	552.88	453.16	559.98	401.71	511.52	534.88	568.12	218.496	NA	218.5	217.08	0.0748	272.72	0.0225	199.22	248.6	187.27	236.77	9.847	9.85	9.98	9.98	0.1172	9.91	0.0539	5.3	8506322	8731664	1000	/scratch.global/lanej/1000G/ngs_dose/1000G_highcov/crams/HG00615.cram	9ab0a0e8	184ab16e	9dd52ba1	3
HG00619	fetch	0.1.0+fae1124	45.207	150	430	450	0.2307	1.0093	0.995	0.0849	0.0442		1.9933	59.7318	696.1258	0.9866	0.9514	present	448.258	448.26	420.19	419.48	0.1845	403.14	0.0991	412.24	343.95	443.07	431.33	328.98	285.19	458.83	396.18	319.78	276.12	341.58	321.41	280.22	229.7	433.97	426.15	156.65	NA	156.65	157.87	0.1014	150.34	0.0555	142.82	134.45	130.6	125.06	8.683	8.68	8.79	8.81	0.1243	8.79	0.1381	6.93	9675169	9965381	1000	/scratch.global/lanej/1000G/ngs_dose/1000G_highcov/crams/HG00619.cram	9ab0a0e8	184ab16e	9dd52ba1	3
HG00620	fetch	0.1.0+fae1124	38.896	150	428	450	0.1057	0.9687	1.2429	0.0808	0.0391		1.9984	39.0777	693.1428	1.9358	0.0023	present	519.083	519.08	502.55	507.13	0.1619	558.21	0.0611	489.63	630.01	535.45	606.75	423.26	539.6	534.81	688.5	405.66	520.04	438.1	543.62	379.61	490.28	517.82	549.92	143.625	NA	143.63	145.34	0.0691	180.02	0.0283	131.39	164.28	119.2	151.21	9.769	9.77	9.83	9.83	0.1167	9.75	0.0627	10.14	9263499	9539331	1000	/scratch.global/lanej/1000G/ngs_dose/1000G_highcov/crams/HG00620.cram	9ab0a0e8	184ab16e	9dd52ba1	3
HG00621	fetch	0.1.0+fae1124	36.48	150	442	450	0.0906	0.9636	1.2398	0.0647	0.0503		1.9974	40.1362	755.8466	0.9902	0.9755	present	590.9	590.9	579.08	577.67	0.1504	646.63	0.0546	569.81	749.04	610.33	690.53	500.46	646.82	597.82	793.97	486.66	636.74	503.69	631.63	459.52	602.3	595.56	633.53	160.186	NA	160.19	158.18	0.0673	202.66	0.0236	145.7	184.87	139.05	178.22	8.679	8.68	8.84	8.86	0.1245	8.77	0.0541	7.28	8625385	8848947	1000	/scratch.global/lanej/1000G/ngs_dose/1000G_highcov/crams/HG00621.cram	9ab0a0e8	184ab16e	9dd52ba1	3
HG00622	fetch	0.1.0+fae1124	34.466	150	417	400	0.0679	0.966	1.2337	0.0554	0.0437		1.9957	64.2637	753.483	0.9979	0.9756	present	405.394	405.39	390.43	390.37	0.1595	436.55	0.0413	391.56	503.48	414.1	471.26	309.6	388.18	411.98	532.18	321.84	413.93	343.41	424.42	308.23	391.78	401.63	430.49	96.945	NA	96.94	97.73	0.0621	120.72	0.0182	88.23	109.15	82.79	103.64	9.726	9.73	9.82	9.86	0.1112	9.76	0.0381	4.7	7472975	7714692	1000	/scratch.global/lanej/1000G/ngs_dose/1000G_highcov/crams/HG00622.cram	9ab0a0e8	184ab16e	9dd52ba1	3
HG00623	fetch	0.1.0+fae1124	39.021	150	417	400	0.0782	0.9623	1.2502	0.048	0.0469	chr12	2.0119	26.7984	1022.3489	1.9262	0.0027	present	517.717	517.72	501.27	512.42	0.1719	561.93	0.0497	491.6	635.78	527.82	600.96	414.94	517.91	551.33	716.07	425.09	547.39	448.84	557.15	387.51	494.27	514.86	553.18	215.83	NA	215.83	215.69	0.0644	270.46	0.0266	197.85	247.86	188.91	237.51	9.796	9.8	9.87	9.92	0.1185	9.81	0.0463	9.81	10484323	10793665	1000	/scratch.global/lanej/1000G/ngs_dose/1000G_highcov/crams/HG00623.cram	9ab0a0e8	184ab16e	9dd52ba1	3
HG00625	fetch	0.1.0+fae1124	38.479	150	429	450	0.077	0.9743	1.1868	0.0688	0.0402		1.998	46.6543	633.2703	0.9847	0.9855	present	284.881	284.88	271.55	274.29	0.2338	289.46	0.0413	269.83	299.35	295.46	324.57	216.34	241.66	278.58	316.8	213.4	240.03	230.13	264.93	199.82	219.5	279.54	292.16	120.055	NA	120.06	117.51	0.0934	140.85	0.0213	105.55	122.87	105.39	124.57	9.742	9.74	9.82	9.87	0.1182	9.77	0.0441	5.08	7707073	7981483	1000	/scratch.global/lanej/1000G/ngs_dose/1000G_highcov/crams/HG00625.cram	9ab0a0e8	184ab16e	9dd52ba1	3
HG00626	fetch	0.1.0+fae1124	36.939	150	425	400	0.0868	0.9742	1.1955	0.0592	0.0474		2.0028	27.6911	762.4107	1.9628	0.0031	present	382.494	382.49	365.15	366.98	0.2188	389.95	0.0469	361.32	409.56	396.55	435.28	287.06	308.56	377.36	439.43	301.85	343.5	318.64	366.89	277.63	306.59	375.41	392.56	143.755	NA	143.76	141.78	0.0781	169.62	0.0239	117.96	138.23	125.11	148.25	9.587	9.59	9.7	9.72	0.1166	9.64	0.0527	13.95	7777537	8031418	1000	/scratch.global/lanej/1000G/ngs_dose/1000G_highcov/crams/HG00626.cram	9ab0a0e8	184ab16e	9dd52ba1	3
HG00627	fetch	0.1.0+fae1124	36.606	150	435	450	0.074	0.9758	1.182	0.0727	0.0407		1.9954	88.0863	718.0462	0.9852	0.9762	present	411.631	411.63	390.56	390.7	0.2342	419.72	0.0448	372.74	432.18	421.11	463.02	309.91	360.33	370.66	439.54	300.59	352.48	325.38	381.53	277.21	319.12	405.94	424.34	156.474	NA	156.47	153.64	0.0831	186.54	0.0218	134.11	158.33	137.29	165.62	9.529	9.53	9.66	9.67	0.1159	9.6	0.0429	4.59	7413739	7633572	1000	/scratch.global/lanej/1000G/ngs_dose/1000G_highcov/crams/HG00627.cram	9ab0a0e8	184ab16e	9dd52ba1	3
HG00628	fetch	0.1.0+fae1124	39.377	150	434	450	0.0961	0.9681	1.2747	0.0624	0.0397		1.9994	28.9214	950.2435	0.9947	0.9767	present	423.566	423.57	407.85	409.17	0.1842	455.54	0.0549	396.35	508.26	438.8	502.44	327.11	418.52	391.71	511.88	318.97	412.03	341.12	430.91	297.21	378.57	423.73	452.19	175.232	NA	175.23	171.91	0.081	224.62	0.0253	159.75	202.81	156.34	203.4	9.724	9.72	9.82	9.86	0.1225	9.73	0.0553	4.73	8865227	9134156	1000	/scratch.global/lanej/1000G/ngs_dose/1000G_highcov/crams/HG00628.cram	9ab0a0e8	184ab16e	9dd52ba1	3
HG00629	fetch	0.1.0+fae1124	49.603	150	411	400	0.0824	0.9608	1.2321	0.043	0.0453		2.004	52.0713	713.2562	1.9315	0.0021	present	604.916	604.92	585.85	596.41	0.1475	658.57	0.0604	588.06	771.91	622.53	706.83	466.61	601.39	641.83	838.99	497.82	647.25	520.34	648.34	450.5	592.14	601.47	645.86	180.061	NA	180.06	178.41	0.0688	225.1	0.0262	165.23	207.45	156.65	196.36	9.391	9.39	9.53	9.54	0.1097	9.48	0.0476	6.84	12415275	12778012	1000	/scratch.global/lanej/1000G/ngs_dose/1000G_highcov/crams/HG00629.cram	9ab0a0e8	184ab16e	9dd52ba1	3
HG00630	fetch	0.1.0+fae1124	39.137	150	442	450	0.106	0.9777	1.1982	0.0644	0.0415		1.9949	8.8784	891.0904	0.9941	0.9597	present	422.052	422.05	407.47	409.91	0.1671	444.82	0.0573	422.4	526.42	426.91	472.93	350.99	434.82	419.47	527.63	339.19	423.42	354.0	427.58	313.56	390.44	416.47	436.68	181.387	NA	181.39	181.08	0.0709	221.19	0.0298	168.01	203.59	157.05	194.12	9.84	9.84	9.9	9.91	0.1278	9.83	0.0639	6.46	8022935	8246653	1000	/scratch.global/lanej/1000G/ngs_dose/1000G_highcov/crams/HG00630.cram	9ab0a0e8	184ab16e	9dd52ba1	3
HG00631	fetch	0.1.0+fae1124	35.304	150	437	450	0.0955	0.9607	1.2754	0.0724	0.0428		1.999	8.106	874.2681	0.9879	0.9814	present	573.15	573.15	554.46	556.22	0.1781	620.17	0.0565	564.66	701.31	588.32	682.96	447.67	553.29	555.43	709.9	433.78	543.8	458.18	579.22	401.52	495.44	572.94	616.25	162.012	NA	162.01	159.67	0.0885	210.2	0.0273	139.52	180.49	139.51	183.51	9.714	9.71	9.87	9.89	0.1271	9.78	0.0543	7.53	8723109	8975981	1000	/scratch.global/lanej/1000G/ngs_dose/1000G_highcov/crams/HG00631.cram	9ab0a0e8	184ab16e	9dd52ba1	3
HG00632	fetch	0.1.0+fae1124	34.685	150	430	450	0.0984	0.9636	1.2733	0.0789	0.0455		1.9902	17.2049	791.7198	2.0109	0.0024	present	423.302	423.3	410.57	415.37	0.1819	456.39	0.0527	416.01	517.99	438.68	503.11	329.71	410.85	406.34	516.87	319.84	402.3	341.68	428.32	292.83	362.95	424.4	453.04	168.864	NA	168.86	166.75	0.0799	216.18	0.0249	146.23	185.27	148.1	192.47	9.492	9.49	9.64	9.66	0.1265	9.57	0.0544	7.25	7858938	8103255	1000	/scratch.global/lanej/1000G/ngs_dose/1000G_highcov/crams/HG00632.cram	9ab0a0e8	184ab16e	9dd52ba1	3
HG00634	fetch	0.1.0+fae1124	37.687	150	429	450	0.0934	0.9715	1.2185	0.083	0.0476		2.0058	15.2372	654.2236	0.9928	0.9798	present	316.911	316.91	305.5	308.83	0.1984	329.77	0.0462	309.77	353.56	324.26	361.76	240.58	276.72	302.43	355.77	242.32	281.18	252.78	299.27	220.32	248.2	315.59	332.18	102.55	NA	102.55	101.5	0.0701	123.95	0.026	92.52	110.65	90.99	111.06	9.685	9.69	9.8	9.83	0.1166	9.73	0.0539	4.31	7219474	7473815	1000	/scratch.global/lanej/1000G/ngs_dose/1000G_highcov/crams/HG00634.cram	9ab0a0e8	184ab16e	9dd52ba1	3
HG00635	fetch	0.1.0+fae1124	37.341	150	449	450	0.0911	0.964	1.2115	0.0785	0.0448		2.0059	53.5667	658.842	1.9245	0.0015	present	487.777	487.78	471.93	477.27	0.2198	526.96	0.0529	472.01	614.93	515.33	585.25	408.88	530.77	507.7	663.66	388.61	506.84	423.01	523.84	363.74	474.27	481.52	513.68	157.763	NA	157.76	158.28	0.066	195.79	0.0221	144.23	177.23	136.57	171.82	9.248	9.25	9.48	9.46	0.129	9.42	0.0523	6.99	8160417	8379701	1000	/scratch.global/lanej/1000G/ngs_dose/1000G_highcov/crams/HG00635.cram	9ab0a0e8	184ab16e	9dd52ba1	3
HG00636	fetch	0.1.0+fae1124	39.842	150	437	450	0.0705	0.9541	1.3052	0.066	0.0489		1.9899	17.6499	674.9378	0.9877	0.9781	present	352.449	352.45	335.71	339.7	0.2004	386.15	0.0432	346.73	476.69	365.17	431.12	275.31	372.12	329.84	461.22	257.55	353.43	281.0	371.8	244.73	335.2	345.87	376.02	167.979	NA	167.98	167.5	0.0842	225.62	0.0218	148.0	199.08	145.4	198.42	9.587	9.59	9.75	9.75	0.1105	9.65	0.0416	4.18	7833937	8080152	1000	/scratch.global/lanej/1000G/ngs_dose/1000G_highcov/crams/HG00636.cram	9ab0a0e8	184ab16e	9dd52ba1	3
HG00637	fetch	0.1.0+fae1124	37.871	150	422	400	0.1029	0.9631	1.2835	0.0642	0.0384		1.9927	30.1062	972.5295	0.9836	0.9759	present	613.092	613.09	579.79	584.57	0.2124	646.74	0.0587	564.65	705.41	612.82	708.82	423.94	500.95	535.02	686.13	451.32	565.43	475.83	594.44	415.47	506.04	606.75	651.48	158.87	NA	158.87	155.7	0.091	203.92	0.0315	149.33	190.44	134.7	173.86	10.483	10.48	10.53	10.52	0.1074	10.44	0.058	7.09	10041779	10341005	1000	/scratch.global/lanej/1000G/ngs_dose/1000G_highcov/crams/HG00637.cram	9ab0a0e8	184ab16e	9dd52ba1	3
HG00638	fetch	0.1.0+fae1124	39.66	150	410	400	0.0766	0.9673	1.2557	0.0507	0.0405		2.0119	32.7973	937.6677	1.9391	0.0024	present	554.578	554.58	540.7	546.34	0.1492	605.39	0.0497	542.4	696.39	559.52	639.83	448.96	554.77	566.31	734.9	462.44	591.5	471.55	588.06	431.08	546.8	556.3	597.1	198.99	NA	198.99	198.78	0.0673	251.88	0.0238	193.15	244.17	175.74	223.4	10.007	10.01	10.09	10.07	0.1163	10.02	0.0436	5.87	10057105	10344227	1000	/scratch.global/lanej/1000G/ngs_dose/1000G_highcov/crams/HG00638.cram	9ab0a0e8	184ab16e	9dd52ba1	3
HG00639	fetch	0.1.0+fae1124	34.053	150	434	450	0.0605	0.9635	1.2478	0.0642	0.0483		2.0012	15.8165	748.8117	1.9496	0.0021	present	595.983	595.98	567.81	567.55	0.2038	630.38	0.0442	563.61	701.35	599.98	686.65	452.01	562.37	552.43	708.2	432.59	545.1	472.47	590.19	430.2	529.42	589.03	628.09	195.266	NA	195.27	196.39	0.0866	248.61	0.021	184.9	233.11	160.49	207.37	9.504	9.5	9.65	9.68	0.1212	9.57	0.0343	6.08	7960293	8188160	1000	/scratch.global/lanej/1000G/ngs_dose/1000G_highcov/crams/HG00639.cram	9ab0a0e8	184ab16e	9dd52ba1	3
HG00640	fetch	0.1.0+fae1124	34.921	150	426	450	0.0807	0.9655	1.2358	0.0678	0.0547		1.9928	59.8046	687.1467	0.9875	0.971	present	336.233	336.23	323.27	326.36	0.1882	353.14	0.0426	321.86	370.77	341.02	387.24	258.73	298.82	319.16	382.17	255.45	299.04	265.79	319.41	224.21	253.11	335.03	356.86	162.276	NA	162.28	162.26	0.086	199.22	0.0266	147.98	180.58	136.31	168.76	9.715	9.72	9.83	9.83	0.1096	9.77	0.0494	9.95	7021816	7264035	1000	/scratch.global/lanej/1000G/ngs_dose/1000G_highcov/crams/HG00640.cram	9ab0a0e8	184ab16e	9dd52ba1	3
HG00641	fetch	0.1.0+fae1124	35.25	150	425	400	0.0729	0.9654	1.2537	0.0566	0.0557		1.9914	37.1289	836.9969	1.9122	0.0025	present	443.064	443.06	421.93	433.27	0.1759	475.27	0.0436	418.07	546.37	442.79	508.55	332.09	422.63	444.28	582.81	342.83	447.39	363.16	455.28	321.3	415.35	436.74	470.19	171.168	NA	171.17	168.38	0.0773	216.32	0.0272	158.38	199.32	145.79	185.12	9.835	9.83	9.98	9.99	0.1127	9.91	0.0424	7.85	8021819	8282750	1000	/scratch.global/lanej/1000G/ngs_dose/1000G_highcov/crams/HG00641.cram	9ab0a0e8	184ab16e	9dd52ba1	3
HG00642	fetch	0.1.0+fae1124	38.848	150	438	450	0.1042	0.9681	1.2379	0.068	0.0433		1.9999	25.0558	826.6036	0.9911	0.9753	present	340.192	340.19	334.33	338.29	0.1511	370.65	0.0535	348.26	441.66	353.24	398.07	300.59	376.83	363.02	462.73	285.0	360.2	295.56	364.02	257.75	327.53	339.85	361.6	174.421	NA	174.42	174.23	0.0794	217.5	0.0394	166.2	207.12	139.23	175.8	9.609	9.61	9.78	9.79	0.1162	9.72	0.0608	7.12	7514237	7732126	1000	/scratch.global/lanej/1000G/ngs_dose/1000G_highcov/crams/HG00642.cram	9ab0a0e8	184ab16e	9dd52ba1	3
HG00650	fetch	0.1.0+fae1124	42.672	150	420	400	0.0776	0.9612	1.2116	0.0568	0.044		1.9963	18.2146	795.5156	0.9829	0.9762	present	314.567	314.57	305.34	309.22	0.1453	339.07	0.0439	305.53	385.01	320.03	362.34	246.71	300.41	316.44	401.95	254.02	319.34	264.77	322.49	234.59	291.88	314.71	336.52	186.645	NA	186.65	187.91	0.0734	229.77	0.0243	167.13	205.15	166.23	205.54	9.674	9.67	9.82	9.81	0.1094	9.76	0.0448	7.69	8744171	9032473	1000	/scratch.global/lanej/1000G/ngs_dose/1000G_highcov/crams/HG00650.cram	9ab0a0e8	184ab16e	9dd52ba1	3
HG00651	fetch	0.1.0+fae1124	37.726	150	425	400	0.0861	0.9603	1.249	0.055	0.0492		1.9957	40.2703	729.856	1.9399	0.0028	present	490.899	490.9	469.31	473.43	0.1693	527.74	0.0505	469.72	605.2	499.25	573.17	388.06	482.71	526.86	686.69	398.41	512.64	416.2	520.28	372.17	473.81	480.8	518.44	198.629	NA	198.63	198.52	0.0728	251.82	0.0253	190.14	239.83	174.49	222.48	7.699	7.7	7.85	7.86	0.1142	7.8	0.0508	4.87	8884200	9163803	1000	/scratch.global/lanej/1000G/ngs_dose/1000G_highcov/crams/HG00651.cram	9ab0a0e8	184ab16e	9dd52ba1	3
HG00652	fetch	0.1.0+fae1124	37.103	150	447	450	0.0924	0.972	1.2362	0.0544	0.041		1.9957	67.9629	785.5454	1.9367	0.0019	present	396.076	396.08	385.56	387.29	0.1633	428.37	0.0501	385.07	502.17	410.84	463.05	337.66	434.5	415.2	545.66	323.35	420.3	337.83	421.04	316.47	412.36	394.68	417.96	171.514	NA	171.51	171.51	0.069	215.6	0.022	157.95	198.26	147.67	188.27	7.761	7.76	7.82	7.85	0.1202	7.76	0.0545	8.45	7749382	7965478	1000	/scratch.global/lanej/1000G/ngs_dose/1000G_highcov/crams/HG00652.cram	9ab0a0e8	184ab16e	9dd52ba1	3
HG00653	fetch	0.1.0+fae1124	57.297	150	417	400	0.1068	0.9659	1.2191	0.0553	0.0372		1.999	14.2734	727.0784	1.0017	0.9755	present	470.546	470.55	452.84	457.74	0.1529	505.36	0.0647	444.13	573.73	480.19	542.33	359.13	456.9	494.2	639.2	378.08	486.25	402.34	497.66	352.74	456.01	466.46	498.03	186.03	NA	186.03	187.1	0.0721	231.54	0.0327	184.53	229.12	163.7	204.78	9.531	9.53	9.63	9.66	0.1122	9.56	0.061	15.51	13255579	13669271	1000	/scratch.global/lanej/1000G/ngs_dose/1000G_highcov/crams/HG00653.cram	9ab0a0e8	184ab16e	9dd52ba1	3
HG00654	fetch	0.1.0+fae1124	35.044	150	410	400	0.0821	0.9634	1.2477	0.0615	0.0488		1.9841	29.1657	740.1904	1.9311	0.0026	present	714.963	714.96	693.67	709.66	0.1549	779.87	0.0552	690.62	905.39	734.12	839.04	575.5	722.21	753.0	992.75	600.81	781.4	619.73	776.5	542.55	701.74	710.95	763.8	158.982	NA	158.98	158.44	0.0614	201.78	0.024	145.29	185.25	136.11	173.23	9.477	9.48	9.63	9.62	0.1225	9.56	0.0485	5.61	9588151	9864542	1000	/scratch.global/lanej/1000G/ngs_dose/1000G_highcov/crams/HG00654.cram	9ab0a0e8	184ab16e	9dd52ba1	3
HG00655	fetch	0.1.0+fae1124	37.623	150	447	450	0.0931	0.9735	1.1779	0.0618	0.0419		2.0092	40.2645	764.6245	1.9248	0.0018	present	752.97	752.97	734.0	739.7	0.1517	803.6	0.0608	741.99	937.92	769.64	851.95	631.19	788.25	775.17	984.39	620.38	781.02	648.6	778.81	577.51	729.04	750.48	788.67	151.144	NA	151.14	149.38	0.0639	181.83	0.0298	133.12	160.11	133.16	161.92	9.588	9.59	9.71	9.7	0.1178	9.65	0.0529	6.46	9775363	10006024	1000	/scratch.global/lanej/1000G/ngs_dose/1000G_highcov/crams/HG00655.cram	9ab0a0e8	184ab16e	9dd52ba1	3
HG00656	fetch	0.1.0+fae1124	37.202	150	430	450	0.0818	0.9581	1.2726	0.0719	0.0489		1.9984	19.084	622.7321	0.9948	0.9723	present	450.366	450.37	423.47	428.66	0.1845	480.07	0.048	408.86	543.59	442.96	516.05	359.42	469.29	448.09	596.96	344.92	454.53	367.89	468.6	313.57	417.35	437.59	472.63	110.843	NA	110.84	111.47	0.0764	142.33	0.0284	103.39	133.7	90.49	117.27	8.691	8.69	8.79	8.8	0.1171	8.72	0.0487	8.38	8232429	8487779	1000	/scratch.global/lanej/1000G/ngs_dose/1000G_highcov/crams/HG00656.cram	9ab0a0e8	184ab16e	9dd52ba1	3
HG00657	fetch	0.1.0+fae1124	34.53	150	408	400	0.0709	0.9628	1.2335	0.0475	0.038		2.0008	44.8046	848.5812	1.9527	0.0023	present	464.086	464.09	443.48	447.57	0.1567	495.57	0.0441	430.09	545.94	462.51	528.43	351.42	423.72	455.13	584.31	360.77	456.44	380.65	467.51	332.65	412.69	460.13	495.21	152.853	NA	152.85	152.05	0.0753	190.48	0.0225	136.3	169.77	133.76	167.24	9.738	9.74	9.76	9.74	0.1101	9.71	0.0427	5.51	7908071	8139001	1000	/scratch.global/lanej/1000G/ngs_dose/1000G_highcov/crams/HG00657.cram	9ab0a0e8	184ab16e	9dd52ba1	3
HG00658	fetch	0.1.0+fae1124	37.047	150	441	450	0.0863	0.965	1.2549	0.0628	0.0539		1.9998	33.8077	651.8089	0.9889	0.9673	present	411.963	411.96	395.32	401.43	0.2045	441.53	0.0553	398.81	510.2	415.11	474.95	350.19	448.24	426.86	557.29	338.74	437.63	344.9	433.5	314.94	400.11	404.42	432.02	160.566	NA	160.57	161.35	0.0614	204.39	0.0254	150.87	189.33	135.66	175.6	8.674	8.67	8.83	8.83	0.1187	8.76	0.0518	6.99	7616193	7833482	1000	/scratch.global/lanej/1000G/ngs_dose/1000G_highcov/crams/HG00658.cram	9ab0a0e8	184ab16e	9dd52ba1	3
HG00662	fetch	0.1.0+fae1124	61.239	150	415	400	0.078	0.9794	1.1119	0.0571	0.043		1.9955	75.9732	700.1683	0.9907	0.9878	present	460.425	460.42	438.67	439.19	0.1816	456.06	0.0558	439.27	459.86	474.99	506.91	342.1	342.7	471.39	508.43	352.01	371.15	367.98	398.44	313.97	321.32	452.05	466.95	179.182	NA	179.18	176.54	0.0834	198.67	0.0261	159.88	175.77	152.32	169.57	9.499	9.5	9.61	9.62	0.1048	9.58	0.0448	12.09	13239977	13614681	1000	/scratch.global/lanej/1000G/ngs_dose/1000G_highcov/crams/HG00662.cram	9ab0a0e8	184ab16e	9dd52ba1	3
HG00663	fetch	0.1.0+fae1124	36.163	150	441	450	0.0937	0.9611	1.2912	0.0788	0.0494		2.007	15.2772	898.3994	1.9467	0.0031	present	592.608	592.61	565.13	564.64	0.2014	632.39	0.0557	569.9	716.06	606.22	703.16	457.69	574.42	563.56	725.15	454.63	576.55	479.94	606.91	422.34	525.59	582.21	625.07	137.794	NA	137.79	134.01	0.0804	177.5	0.0268	125.78	160.94	121.36	158.21	9.96	9.96	10.05	10.05	0.1186	9.96	0.0539	6.27	8855780	9105323	1000	/scratch.global/lanej/1000G/ngs_dose/1000G_highcov/crams/HG00663.cram	9ab0a0e8	184ab16e	9dd52ba1	3
HG00664	fetch	0.1.0+fae1124	40.363	150	437	450	0.0728	0.9564	1.2982	0.0617	0.0443		1.9967	26.6152	734.6438	0.9817	0.9822	present	603.451	603.45	579.3	585.24	0.1887	663.8	0.0542	588.06	811.57	621.65	732.03	477.43	645.94	573.8	799.25	467.57	641.11	490.88	646.86	413.12	570.43	597.5	646.1	170.549	NA	170.55	168.34	0.0823	227.8	0.0215	155.98	209.45	144.14	195.26	9.695	9.69	9.89	9.9	0.1217	9.79	0.0425	8.19	9465530	9726522	1000	/scratch.global/lanej/1000G/ngs_dose/1000G_highcov/crams/HG00664.cram	9ab0a0e8	184ab16e	9dd52ba1	3
HG00671	fetch	0.1.0+fae1124	37.718	150	410	400	0.078	0.9574	1.2618	0.0554	0.046		2.0092	22.5857	841.8073	1.0044	0.9826	present	406.995	407.0	397.47	401.14	0.1455	451.02	0.046	396.87	517.81	411.86	479.54	324.69	409.84	429.44	565.19	337.07	437.51	342.86	433.72	307.4	398.17	410.09	445.53	177.405	NA	177.41	175.74	0.0711	227.33	0.0242	168.72	216.18	151.73	195.24	9.285	9.29	9.52	9.55	0.1287	9.46	0.0457	5.49	8601068	8880143	1000	/scratch.global/lanej/1000G/ngs_dose/1000G_highcov/crams/HG00671.cram	9ab0a0e8	184ab16e	9dd52ba1	3
HG00672	fetch	0.1.0+fae1124	33.162	150	408	400	0.0756	0.9575	1.2747	0.0521	0.0499		1.9965	21.2031	786.067	1.892	0.0023	present	350.004	350.0	337.66	344.72	0.1529	384.99	0.0427	340.05	454.56	363.03	423.15	278.81	359.9	379.63	509.39	284.28	378.09	299.83	382.9	254.57	336.2	345.98	375.89	159.282	NA	159.28	159.14	0.068	205.36	0.022	156.16	201.38	136.87	177.11	9.668	9.67	9.78	9.8	0.119	9.7	0.0446	7.71	7903301	8128351	1000	/scratch.global/lanej/1000G/ngs_dose/1000G_highcov/crams/HG00672.cram	9ab0a0e8	184ab16e	9dd52ba1	3
HG00673	fetch	0.1.0+fae1124	35.7	150	449	450	0.0868	0.9757	1.2091	0.06	0.0379		1.9946	20.8926	840.3919	0.9882	0.9744	present	371.89	371.89	364.56	368.72	0.1522	399.82	0.0471	380.37	478.62	382.83	425.05	315.62	393.89	388.68	501.52	302.66	383.18	313.84	384.0	292.15	363.31	372.38	391.4	185.47	NA	185.47	183.95	0.0689	229.36	0.0256	172.78	212.1	159.97	201.01	9.03	9.03	9.19	9.19	0.1248	9.12	0.0506	5.29	7204633	7415089	1000	/scratch.global/lanej/1000G/ngs_dose/1000G_highcov/crams/HG00673.cram	9ab0a0e8	184ab16e	9dd52ba1	3
HG00674	fetch	0.1.0+fae1124	37.892	150	438	450	0.0953	0.9666	1.2708	0.0655	0.057		2.0139	13.6024	663.257	0.9875	0.9705	present	541.311	541.31	516.56	522.58	0.1801	575.06	0.0559	501.18	624.52	542.16	623.03	414.96	516.03	491.14	626.42	400.16	503.03	419.17	525.2	365.82	452.4	539.13	576.7	167.681	NA	167.68	165.95	0.0787	214.28	0.0239	157.58	200.15	142.06	183.86	9.584	9.58	9.73	9.73	0.1215	9.64	0.0566	5.37	8879560	9140178	1000	/scratch.global/lanej/1000G/ngs_dose/1000G_highcov/crams/HG00674.cram	9ab0a0e8	184ab16e	9dd52ba1	3
HG00675	fetch	0.1.0+fae1124	35.192	150	433	450	0.0989	0.9667	1.266	0.0731	0.0454		1.9812	15.3174	633.8169	1.9282	0.0023	present	538.16	538.16	518.22	522.72	0.1901	579.38	0.0566	503.88	642.36	561.47	648.06	413.28	521.68	509.59	667.2	397.67	509.6	437.11	552.1	376.18	473.83	537.49	575.01	229.661	NA	229.66	226.49	0.0841	294.68	0.0281	219.02	280.63	193.47	251.38	9.601	9.6	9.69	9.68	0.1153	9.6	0.06	4.85	8419863	8678179	1000	/scratch.global/lanej/1000G/ngs_dose/1000G_highcov/crams/HG00675.cram	9ab0a0e8	184ab16e	9dd52ba1	3
HG00683	fetch	0.1.0+fae1124	35.849	150	440	450	0.0653	0.9871	1.1536	0.076	0.037		2.0081	49.8006	759.0313	0.9883	0.9862	present	327.234	327.23	312.58	312.3	0.205	325.41	0.0358	304.7	328.68	336.73	357.58	245.65	265.11	296.15	328.54	234.33	255.53	258.43	288.66	210.05	223.6	324.24	331.83	178.817	NA	178.82	178.79	0.0961	203.63	0.0205	168.28	191.3	151.83	173.99	9.399	9.4	9.44	9.42	0.1173	9.39	0.0382	5.28	7321162	7528877	1000	/scratch.global/lanej/1000G/ngs_dose/1000G_highcov/crams/HG00683.cram	9ab0a0e8	184ab16e	9dd52ba1	3
HG00684	fetch	0.1.0+fae1124	33.892	150	418	400	0.0887	0.9602	1.2409	0.0526	0.0388		2.002	31.2359	840.9814	1.9451	0.0025	present	454.794	454.79	443.77	446.43	0.16	499.0	0.05	436.61	565.48	470.57	540.2	362.1	446.08	472.57	617.19	379.69	488.34	386.81	481.09	338.48	430.51	457.33	493.35	133.774	NA	133.77	133.14	0.0668	168.61	0.0344	125.16	158.27	113.23	143.12	9.333	9.33	9.4	9.43	0.1143	9.34	0.0511	6.55	7908063	8138428	1000	/scratch.global/lanej/1000G/ngs_dose/1000G_highcov/crams/HG00684.cram	9ab0a0e8	184ab16e	9dd52ba1	3
HG00685	fetch	0.1.0+fae1124	38.622	150	441	450	0.0675	0.9537	1.303	0.0504	0.0443		1.9969	37.4326	648.6029	0.9855	0.9828	present	338.239	338.24	330.37	333.66	0.1788	380.03	0.0423	336.6	465.13	337.9	399.04	273.35	371.42	335.11	475.48	264.0	365.66	271.41	362.27	237.78	326.26	342.93	371.85	180.246	NA	180.25	179.56	0.0754	245.0	0.0219	163.04	221.06	146.73	203.54	9.645	9.64	9.75	9.78	0.1134	9.64	0.0402	4.2	7686224	7929572	1000	/scratch.global/lanej/1000G/ngs_dose/1000G_highcov/crams/HG00685.cram	9ab0a0e8	184ab16e	9dd52ba1	3
HG00689	fetch	0.1.0+fae1124	54.979	150	417	400	0.0806	0.9741	1.1579	0.064	0.0417		1.9995	8.1673	820.3337	0.9832	0.9536	present	346.343	346.34	333.55	338.02	0.2119	354.68	0.0524	342.98	381.18	365.36	398.57	269.0	284.38	353.03	402.88	273.26	304.72	285.05	322.26	245.78	266.88	341.63	357.48	113.951	NA	113.95	112.06	0.085	131.96	0.0221	107.3	123.65	97.29	113.08	9.538	9.54	9.59	9.61	0.1162	9.55	0.0483	6.95	11405454	11720767	1000	/scratch.global/lanej/1000G/ngs_dose/1000G_highcov/crams/HG00689.cram	9ab0a0e8	184ab16e	9dd52ba1	3
HG00690	fetch	0.1.0+fae1124	34.475	150	442	450	0.058	0.9766	1.2006	0.0663	0.042		1.9898	44.1738	743.9552	1.8517	0.0032	present	552.926	552.93	523.01	520.05	0.2097	559.02	0.0409	517.04	585.53	571.13	628.45	408.54	464.97	517.26	603.21	396.31	455.41	432.46	506.14	358.12	400.72	541.59	564.58	168.797	NA	168.8	166.43	0.0895	201.76	0.0187	152.08	180.3	148.05	178.68	9.361	9.36	9.48	9.53	0.1313	9.41	0.0328	4.23	8479340	8698357	1000	/scratch.global/lanej/1000G/ngs_dose/1000G_highcov/crams/HG00690.cram	9ab0a0e8	184ab16e	9dd52ba1	3
HG00691	fetch	0.1.0+fae1124	37.789	150	445	450	0.0938	0.9643	1.2836	0.0585	0.0535		1.9939	81.7852	801.7393	0.9908	0.9685	present	474.646	474.65	452.37	458.72	0.157	517.81	0.063	450.74	627.2	481.79	562.08	406.64	554.98	371.28	518.72	396.73	547.51	393.53	514.37	350.55	488.11	464.32	501.28	154.295	NA	154.3	156.03	0.0813	203.09	0.0293	153.4	202.76	127.81	170.49	9.914	9.91	10.14	10.1	0.1183	10.04	0.0554	6.95	8407637	8629695	1000	/scratch.global/lanej/1000G/ngs_dose/1000G_highcov/crams/HG00691.cram	9ab0a0e8	184ab16e	9dd52ba1	3
HG00692	fetch	0.1.0+fae1124	38.11	150	440	450	0.1066	0.9666	1.2321	0.0647	0.0529		1.9818	47.3731	779.5127	0.9853	0.9666	present	286.159	286.16	273.84	280.13	0.2014	298.97	0.0496	276.49	318.6	296.91	337.73	213.76	246.64	262.77	312.46	214.15	249.92	231.53	278.04	196.26	223.17	282.09	300.25	157.091	NA	157.09	152.28	0.0901	193.04	0.0299	139.17	170.82	139.76	172.83	9.94	9.94	10.02	10.04	0.1169	9.96	0.0644	3.23	7683359	7956670	1000	/scratch.global/lanej/1000G/ngs_dose/1000G_highcov/crams/HG00692.cram	9ab0a0e8	184ab16e	9dd52ba1	3
HG00693	fetch	0.1.0+fae1124	38.061	150	430	450	0.0994	0.9676	1.2573	0.072	0.0428		1.9872	46.0128	634.2959	1.9296	0.0026	present	557.503	557.5	525.42	523.85	0.1929	578.05	0.0591	502.2	594.7	547.59	626.35	385.59	457.34	503.65	606.45	390.01	465.23	426.27	516.39	337.82	397.05	550.54	588.28	219.662	NA	219.66	215.2	0.0911	270.62	0.0367	202.35	248.92	187.67	232.29	9.619	9.62	9.7	9.73	0.1273	9.65	0.0587	4.77	9490317	9752326	1000	/scratch.global/lanej/1000G/ngs_dose/1000G_highcov/crams/HG00693.cram	9ab0a0e8	184ab16e	9dd52ba1	3
HG00694	fetch	0.1.0+fae1124	37.303	150	446	450	0.0936	0.9746	1.2031	0.0707	0.0452		2.0054	38.864	743.6087	0.9861	0.973	present	612.509	612.51	590.19	595.21	0.1546	646.94	0.0568	595.0	749.98	625.82	698.37	503.17	629.47	626.71	801.7	491.16	620.87	516.96	630.68	453.98	569.92	604.44	634.71	219.601	NA	219.6	219.04	0.0717	270.4	0.0318	197.28	241.26	187.37	234.22	9.633	9.63	9.77	9.78	0.1207	9.69	0.0559	6.31	8815714	9037886	1000	/scratch.global/lanej/1000G/ngs_dose/1000G_highcov/crams/HG00694.cram	9ab0a0e8	184ab16e	9dd52ba1	3
HG00698	fetch	0.1.0+fae1124	42.97	150	416	400	0.0837	0.9641	1.2325	0.0546	0.0443		2.0048	36.718	646.8042	0.9874	0.9806	present	483.213	483.21	473.2	475.76	0.1616	530.86	0.0516	481.91	625.65	500.06	572.69	389.54	485.21	522.23	683.77	402.01	519.52	416.24	518.56	366.39	469.07	485.01	520.87	174.871	NA	174.87	176.6	0.0691	220.6	0.0265	158.5	199.81	148.47	188.13	9.72	9.72	9.8	9.8	0.1181	9.73	0.049	13.22	10380009	10714020	1000	/scratch.global/lanej/1000G/ngs_dose/1000G_highcov/crams/HG00698.cram	9ab0a0e8	184ab16e	9dd52ba1	3
HG00699	fetch	0.1.0+fae1124	39.568	150	410	400	0.0866	0.9663	1.2428	0.0577	0.0405		2.009	34.5494	599.7421	1.9509	0.0024	present	574.283	574.28	554.99	558.33	0.1459	620.03	0.0542	558.07	724.26	586.0	666.72	464.15	570.65	593.43	779.02	475.05	614.09	495.15	616.11	449.54	570.26	568.1	607.28	157.653	NA	157.65	156.84	0.0719	199.26	0.026	144.12	181.97	134.18	170.34	9.648	9.65	9.83	9.85	0.1145	9.76	0.0506	5.51	9796344	10086822	1000	/scratch.global/lanej/1000G/ngs_dose/1000G_highcov/crams/HG00699.cram	9ab0a0e8	184ab16e	9dd52ba1	3
HG00700	fetch	0.1.0+fae1124	37.308	150	437	450	0.0986	0.9714	1.2081	0.0613	0.0387		1.998	65.3677	731.8249	1.9587	0.002	present	411.818	411.82	400.78	404.43	0.1631	440.62	0.0521	413.74	520.48	425.48	474.72	346.88	432.88	429.08	547.77	334.99	422.4	350.62	427.38	308.76	386.49	408.96	431.51	198.018	NA	198.02	196.65	0.0695	243.54	0.0292	184.21	225.31	169.15	210.97	9.604	9.6	9.73	9.74	0.1265	9.67	0.0583	4.47	7801169	8021495	1000	/scratch.global/lanej/1000G/ngs_dose/1000G_highcov/crams/HG00700.cram	9ab0a0e8	184ab16e	9dd52ba1	3
HG00701	fetch	0.1.0+fae1124	43.01	150	423	400	0.0888	0.9691	1.1935	0.0564	0.0363		1.9986	9.2903	678.8567	0.9891	0.9827	present	365.517	365.52	355.37	359.68	0.1608	390.71	0.049	346.53	432.04	375.1	417.19	287.21	345.47	377.13	472.03	294.18	364.12	312.17	374.18	271.85	335.46	366.57	388.74	178.338	NA	178.34	175.11	0.0655	215.76	0.025	168.53	204.65	159.34	193.23	9.59	9.59	9.72	9.72	0.1155	9.67	0.0526	5.83	9087357	9379383	1000	/scratch.global/lanej/1000G/ngs_dose/1000G_highcov/crams/HG00701.cram	9ab0a0e8	184ab16e	9dd52ba1	3
HG00702	fetch	0.1.0+fae1124	35.728	150	445	450	0.0886	0.9672	1.2396	0.0673	0.0409		2.0033	11.3263	784.2666	1.9611	0.0017	present	630.381	630.38	601.04	605.31	0.1686	669.5	0.0558	606.45	786.97	627.12	712.35	514.08	663.22	642.53	852.67	494.81	646.57	515.97	649.09	474.46	610.5	617.84	655.82	161.08	NA	161.08	160.87	0.0698	204.88	0.0272	155.9	196.15	134.1	173.65	9.63	9.63	9.76	9.73	0.1194	9.68	0.0534	4.84	8579991	8794259	1000	/scratch.global/lanej/1000G/ngs_dose/1000G_highcov/crams/HG00702.cram	9ab0a0e8	184ab16e	9dd52ba1	3
HG00703	fetch	0.1.0+fae1124	38.83	150	445	450	0.071	0.9569	1.3074	0.0598	0.0461		1.9987	23.3597	726.1898	0.9862	0.9874	present	509.758	509.76	487.81	495.78	0.2016	554.81	0.0488	481.75	644.97	518.52	606.25	404.09	532.94	495.57	677.42	386.93	518.15	405.97	529.4	350.99	465.93	506.04	546.03	178.352	NA	178.35	177.02	0.084	236.2	0.0217	157.33	208.76	153.26	205.72	9.723	9.72	9.87	9.87	0.1243	9.76	0.0419	4.41	8675910	8921996	1000	/scratch.global/lanej/1000G/ngs_dose/1000G_highcov/crams/HG00703.cram	9ab0a0e8	184ab16e	9dd52ba1	3
HG00704	fetch	0.1.0+fae1124	33.383	150	408	400	0.0792	0.9552	1.2688	0.0677	0.0447		1.9962	23.8643	707.2467	0.9972	0.971	present	515.169	515.17	495.8	505.39	0.1537	561.81	0.0477	498.78	656.33	527.26	611.56	416.61	518.87	540.69	716.58	429.01	558.11	443.67	560.51	396.18	512.59	506.76	549.34	177.51	NA	177.51	178.06	0.0724	227.65	0.0308	165.46	214.24	150.41	193.07	9.727	9.73	9.82	9.81	0.1084	9.75	0.0475	3.86	7885648	8125208	1000	/scratch.global/lanej/1000G/ngs_dose/1000G_highcov/crams/HG00704.cram	9ab0a0e8	184ab16e	9dd52ba1	3
HG00705	fetch	0.1.0+fae1124	34.356	150	426	450	0.0935	0.9636	1.209	0.0781	0.0473		1.9865	9.5714	731.6706	1.969	0.0026	present	415.463	415.46	406.86	411.99	0.1648	453.74	0.0517	397.64	512.92	432.92	492.2	345.04	441.25	445.51	580.15	335.1	432.53	356.96	442.66	302.23	390.29	418.43	446.53	170.961	NA	170.96	169.81	0.0763	213.93	0.0259	155.87	193.68	149.94	190.71	9.868	9.87	9.98	10.02	0.1327	9.91	0.0535	6.42	7472197	7710842	1000	/scratch.global/lanej/1000G/ngs_dose/1000G_highcov/crams/HG00705.cram	9ab0a0e8	184ab16e	9dd52ba1	3
HG00706	fetch	0.1.0+fae1124	38.272	150	449	450	0.0701	0.958	1.3143	0.0722	0.0472		2.0066	33.8472	756.4734	0.9834	0.9752	present	579.889	579.89	555.98	559.63	0.1848	635.71	0.0499	554.45	754.04	594.83	698.24	443.49	594.92	559.73	772.9	436.82	593.62	463.83	610.44	403.88	547.27	576.49	623.56	180.917	NA	180.92	177.36	0.0804	241.86	0.0248	159.46	213.21	156.95	212.93	9.793	9.79	9.9	9.95	0.1213	9.79	0.0415	8.2	9034859	9272879	1000	/scratch.global/lanej/1000G/ngs_dose/1000G_highcov/crams/HG00706.cram	9ab0a0e8	184ab16e	9dd52ba1	3
HG00707	fetch	0.1.0+fae1124	36.221	150	428	450	0.0726	0.9679	1.2663	0.0779	0.043		2.0006	100.5304	993.118	0.9927	0.9823	present	522.421	522.42	510.92	512.44	0.1564	574.11	0.0478	498.1	661.87	552.18	631.51	431.39	565.22	512.52	693.41	419.37	557.33	443.25	566.5	390.29	515.17	526.74	561.94	147.951	NA	147.95	147.76	0.0736	191.37	0.0244	136.59	176.42	126.1	165.65	9.965	9.96	10.06	10.11	0.1198	9.96	0.0398	4.44	8965894	9228786	1000	/scratch.global/lanej/1000G/ngs_dose/1000G_highcov/crams/HG00707.cram	9ab0a0e8	184ab16e	9dd52ba1	3
HG00708	fetch	0.1.0+fae1124	36.501	150	429	450	0.0887	0.9547	1.2762	0.0596	0.0423		1.991	43.2252	755.4973	1.938	0.0033	present	439.347	439.35	428.24	431.02	0.1711	483.37	0.0514	448.76	577.44	447.94	521.49	374.52	481.0	469.91	618.88	354.99	460.82	371.1	472.31	338.64	431.05	436.82	471.8	117.969	NA	117.97	118.73	0.0715	152.15	0.0271	108.43	138.74	98.33	128.43	9.753	9.75	9.89	9.88	0.1196	9.82	0.0544	4.32	8789774	9065368	1000	/scratch.global/lanej/1000G/ngs_dose/1000G_highcov/crams/HG00708.cram	9ab0a0e8	184ab16e	9dd52ba1	3
HG00709	fetch	0.1.0+fae1124	38.961	150	438	450	0.0689	0.9528	1.342	0.0519	0.0448		1.9916	59.2276	728.3157	0.9831	0.964	present	476.2	476.2	466.05	477.36	0.1971	542.41	0.0487	483.4	691.68	500.93	597.77	389.69	544.96	469.06	680.84	374.86	533.02	398.39	541.53	337.7	481.87	478.64	522.09	164.14	NA	164.14	161.39	0.0784	226.43	0.0218	150.1	208.21	143.03	200.58	9.633	9.63	9.74	9.82	0.1297	9.63	0.0396	4.68	8846037	9098346	1000	/scratch.global/lanej/1000G/ngs_dose/1000G_highcov/crams/HG00709.cram	9ab0a0e8	184ab16e	9dd52ba1	3
HG00717	fetch	0.1.0+fae1124	35.329	150	424	400	0.1053	0.9583	1.2808	0.0586	0.0445		1.9801	114.9969	546.6771	1.9662	0.003	present	465.318	465.32	434.93	434.76	0.1936	486.73	0.056	423.54	515.13	447.93	523.99	302.19	348.48	376.33	470.09	334.5	405.7	346.03	428.62	300.51	359.64	457.85	496.95	176.528	NA	176.53	173.72	0.0885	224.92	0.0317	150.27	191.91	157.8	201.53	9.89	9.89	10.01	10.02	0.1214	9.95	0.0613	7.71	8439730	8700803	1000	/scratch.global/lanej/1000G/ngs_dose/1000G_highcov/crams/HG00717.cram	9ab0a0e8	184ab16e	9dd52ba1	3
HG00728	fetch	0.1.0+fae1124	36.047	150	419	400	0.0902	0.9626	1.25	0.0747	0.0486		1.9947	28.7823	711.758	0.9984	0.9817	present	318.577	318.58	309.05	313.75	0.1933	350.22	0.0516	306.29	415.83	343.44	395.13	257.89	337.5	337.35	460.28	260.35	352.11	276.12	353.18	231.33	310.31	316.57	339.89	255.365	NA	255.36	254.7	0.0726	329.6	0.0263	244.34	313.92	218.19	283.48	9.44	9.44	9.55	9.55	0.1214	9.46	0.0532	5.61	7163931	7405073	1000	/scratch.global/lanej/1000G/ngs_dose/1000G_highcov/crams/HG00728.cram	9ab0a0e8	184ab16e	9dd52ba1	3
HG00729	fetch	0.1.0+fae1124	42.161	150	425	400	0.0766	0.9672	1.2125	0.0491	0.0466		2.0019	25.5886	866.8036	1.9343	0.0031	present	378.76	378.76	361.79	366.74	0.191	397.78	0.0458	357.78	435.51	396.01	446.42	296.19	345.05	395.22	489.79	299.25	364.91	314.83	378.16	272.78	325.51	371.64	395.78	137.76	NA	137.76	136.78	0.0808	168.37	0.0231	135.22	164.08	117.7	144.62	9.826	9.83	9.92	9.89	0.1083	9.87	0.0462	7.13	8956541	9252385	1000	/scratch.global/lanej/1000G/ngs_dose/1000G_highcov/crams/HG00729.cram	9ab0a0e8	184ab16e	9dd52ba1	3
HG00731	fetch	0.1.0+fae1124	35.717	150	415	400	0.1176	0.9625	1.2725	0.0528	0.0403		1.9973	54.8843	769.8586	0.9912	0.9847	present	323.455	323.46	316.29	320.28	0.1676	356.88	0.0569	323.79	426.22	339.75	392.91	276.33	337.7	331.09	444.05	271.87	356.6	280.18	354.8	249.84	317.97	322.61	347.77	162.47	NA	162.47	161.84	0.0726	210.12	0.0354	153.81	198.39	142.53	185.27	9.81	9.81	9.87	9.86	0.1049	9.78	0.0709	7.15	7569998	7828985	1000	/scratch.global/lanej/1000G/ngs_dose/1000G_highcov/crams/HG00731.cram	9ab0a0e8	184ab16e	9dd52ba1	3
HG00732	fetch	0.1.0+fae1124	35.928	150	438	450	0.0862	0.9684	1.223	0.0598	0.0452		1.9977	62.1561	839.7919	1.6118	0.0025	present	711.59	711.59	679.52	680.97	0.1914	740.08	0.054	676.7	773.87	712.59	810.82	542.14	622.73	630.24	742.59	549.42	637.22	557.83	666.2	499.07	564.04	704.18	748.51	188.707	NA	188.71	185.47	0.0729	230.45	0.0249	166.89	203.07	170.45	209.49	9.654	9.65	9.72	9.8	0.122	9.65	0.0538	4.56	9739925	9994438	1000	/scratch.global/lanej/1000G/ngs_dose/1000G_highcov/crams/HG00732.cram	9ab0a0e8	184ab16e	9dd52ba1	3
HG00733	fetch	0.1.0+fae1124	36.773	150	440	450	0.0746	0.9489	1.3193	0.0608	0.0466		1.9997	37.0124	1067.5884	1.9147	0.0013	present	564.609	564.61	548.07	545.5	0.1708	640.49	0.0502	554.56	791.58	583.92	700.99	458.38	645.91	568.37	823.75	451.36	644.3	473.04	639.06	413.44	586.79	563.77	618.94	193.631	NA	193.63	192.21	0.0738	263.59	0.0253	178.84	242.46	167.61	231.98	9.677	9.68	9.82	9.84	0.1105	9.73	0.0449	12.03	8958421	9209357	1000	/scratch.global/lanej/1000G/ngs_dose/1000G_highcov/crams/HG00733.cram	9ab0a0e8	184ab16e	9dd52ba1	3
HG00734	fetch	0.1.0+fae1124	37.694	150	436	450	0.1015	0.979	1.1664	0.0582	0.0409		1.9915	54.6714	704.4196	1.948	0.0026	present	404.332	404.33	385.65	385.06	0.189	405.03	0.0546	363.95	384.85	400.57	434.21	295.21	313.38	380.59	410.2	293.67	313.42	313.54	350.34	259.5	273.12	402.63	418.11	146.311	NA	146.31	146.56	0.0924	167.36	0.0299	129.32	148.19	128.37	147.15	9.678	9.68	9.76	9.74	0.1136	9.72	0.0607	5.12	8539057	8818421	1000	/scratch.global/lanej/1000G/ngs_dose/1000G_highcov/crams/HG00734.cram	9ab0a0e8	184ab16e	9dd52ba1	3
HG00735	fetch	0.1.0+fae1124	36.0	150	445	450	0.0686	0.9758	1.2188	0.0735	0.0429		1.9934	26.3343	602.3806	1.9195	0.0024	present	343.562	343.56	328.88	329.41	0.191	354.7	0.0395	337.14	386.43	345.91	383.29	253.26	290.35	309.07	364.61	253.65	294.14	268.92	318.09	233.68	264.97	340.4	357.9	134.052	NA	134.05	133.53	0.0892	162.17	0.0225	122.11	147.0	116.9	142.89	9.37	9.37	9.52	9.54	0.1208	9.46	0.0405	3.72	6898601	7120021	1000	/scratch.global/lanej/1000G/ngs_dose/1000G_highcov/crams/HG00735.cram	9ab0a0e8	184ab16e	9dd52ba1	3
HG00736	fetch	0.1.0+fae1124	35.96	150	440	450	0.0619	0.9797	1.1578	0.0649	0.0487		1.9903	29.6162	762.4577	0.9843	0.9662	present	310.179	310.18	293.03	294.5	0.2089	307.37	0.0355	292.41	314.5	309.23	334.43	230.04	248.53	283.87	315.24	222.44	242.81	240.94	271.59	203.94	216.35	303.52	313.26	116.45	NA	116.45	114.84	0.0994	134.08	0.0202	111.95	128.31	96.54	111.9	9.568	9.57	9.62	9.59	0.108	9.56	0.0363	5.82	7070534	7273350	1000	/scratch.global/lanej/1000G/ngs_dose/1000G_highcov/crams/HG00736.cram	9ab0a0e8	184ab16e	9dd52ba1	3
HG00737	fetch	0.1.0+fae1124	37.441	150	438	450	0.0989	0.9653	1.2392	0.065	0.0403		1.9982	11.9381	629.5016	1.9383	0.0025	present	416.966	416.97	403.29	408.36	0.173	450.09	0.0543	411.13	530.42	425.71	484.75	337.08	432.4	436.3	568.78	327.55	423.66	343.62	429.94	294.55	380.09	414.64	442.25	184.731	NA	184.73	184.83	0.0791	233.95	0.0282	174.77	219.54	161.85	208.22	9.524	9.52	9.62	9.6	0.1123	9.55	0.06	3.92	8137658	8396890	1000	/scratch.global/lanej/1000G/ngs_dose/1000G_highcov/crams/HG00737.cram	9ab0a0e8	184ab16e	9dd52ba1	3
HG00738	fetch	0.1.0+fae1124	38.717	150	447	450	0.0823	0.9635	1.2511	0.0582	0.0493		1.9973	37.3842	696.071	0.9784	0.9582	present	407.201	407.2	387.57	391.14	0.1697	434.57	0.0482	388.19	508.19	415.21	475.04	314.69	407.29	380.13	508.1	298.79	392.38	319.04	405.95	279.68	364.49	402.09	429.24	166.232	NA	166.23	163.86	0.0894	214.97	0.0262	146.6	188.75	136.27	179.35	9.687	9.69	9.85	9.88	0.1156	9.76	0.0468	9.32	7798494	8029230	1000	/scratch.global/lanej/1000G/ngs_dose/1000G_highcov/crams/HG00738.cram	9ab0a0e8	184ab16e	9dd52ba1	3
HG00739	fetch	0.1.0+fae1124	37.321	150	435	450	0.0603	0.9849	1.1689	0.0634	0.0412		1.9976	18.1216	835.7129	0.9915	0.9341	present	477.411	477.41	457.28	457.6	0.2034	480.16	0.0399	451.12	491.75	492.05	530.22	354.91	389.59	447.38	504.06	348.69	386.57	380.71	432.4	335.76	360.36	473.08	487.27	334.289	NA	334.29	324.79	0.094	387.48	0.0201	317.23	364.3	294.6	344.51	9.696	9.7	9.72	9.72	0.1122	9.66	0.0356	4.74	8743795	8973466	1000	/scratch.global/lanej/1000G/ngs_dose/1000G_highcov/crams/HG00739.cram	9ab0a0e8	184ab16e	9dd52ba1	3
HG00740	fetch	0.1.0+fae1124	36.546	150	425	400	0.0951	0.9666	1.2232	0.052	0.0413		1.9957	73.676	686.1159	1.9421	0.0025	present	445.936	445.94	433.26	432.55	0.151	481.18	0.0534	430.49	548.42	461.08	520.32	352.75	436.15	451.59	581.51	356.67	455.79	377.3	464.2	333.92	419.33	446.42	475.52	151.924	NA	151.92	151.22	0.0724	189.23	0.0241	142.25	175.34	126.94	159.25	8.639	8.64	8.76	8.77	0.1134	8.7	0.0546	4.28	8198812	8452458	1000	/scratch.global/lanej/1000G/ngs_dose/1000G_highcov/crams/HG00740.cram	9ab0a0e8	184ab16e	9dd52ba1	3
HG00741	fetch	0.1.0+fae1124	38.197	150	444	450	0.0992	0.9724	1.2135	0.0635	0.0454		2.0001	60.541	753.9107	1.9279	0.0014	present	476.465	476.46	464.03	469.35	0.1471	510.92	0.0548	477.56	598.93	486.76	545.63	406.58	504.61	497.48	635.12	385.42	484.25	405.03	494.47	363.56	452.57	474.01	501.35	253.237	NA	253.24	251.09	0.0718	312.17	0.0254	231.18	284.31	219.03	273.49	9.733	9.73	9.86	9.86	0.1137	9.8	0.0565	5.3	8507457	8743213	1000	/scratch.global/lanej/1000G/ngs_dose/1000G_highcov/crams/HG00741.cram	9ab0a0e8	184ab16e	9dd52ba1	3
HG00742	fetch	0.1.0+fae1124	40.092	150	440	450	0.0762	0.9888	1.1272	0.0664	0.0439		2.002	49.8607	614.6171	0.999	0.9752	present	382.243	382.24	363.47	362.87	0.222	371.78	0.0408	345.24	329.89	374.77	399.65	258.06	252.79	316.75	315.83	255.3	251.31	284.71	303.88	229.65	215.06	381.36	391.2	133.553	NA	133.55	129.98	0.1062	146.43	0.0252	112.16	121.52	119.01	130.67	9.532	9.53	9.6	9.64	0.1132	9.57	0.0443	6.53	8418941	8684913	1000	/scratch.global/lanej/1000G/ngs_dose/1000G_highcov/crams/HG00742.cram	9ab0a0e8	184ab16e	9dd52ba1	3
HG00743	fetch	0.1.0+fae1124	33.436	150	431	450	0.0927	0.9599	1.2889	0.0742	0.0442		1.9945	33.3514	768.5287	1.928	0.003	present	315.855	315.86	303.16	304.64	0.1793	344.61	0.0501	300.14	403.55	324.98	376.98	255.64	338.91	311.45	422.06	246.0	329.4	260.91	335.66	221.67	297.16	312.48	337.46	180.471	NA	180.47	179.32	0.0845	234.1	0.032	165.77	215.34	150.84	197.99	9.546	9.55	9.7	9.76	0.1284	9.62	0.0533	4.72	7010766	7233769	1000	/scratch.global/lanej/1000G/ngs_dose/1000G_highcov/crams/HG00743.cram	9ab0a0e8	184ab16e	9dd52ba1	3
HG00759	fetch	0.1.0+fae1124	36.075	150	435	450	0.1045	0.9791	1.1432	0.0625	0.0412		2.0161	251.2584	887.7787	1.9322	0.0025	present	509.39	509.39	484.28	482.67	0.1866	507.39	0.0552	450.49	468.15	503.31	546.22	373.14	395.09	471.87	507.0	362.59	385.94	399.96	444.77	330.82	339.48	505.43	524.66	110.08	NA	110.08	109.22	0.0973	125.18	0.027	103.96	116.42	91.58	104.93	9.759	9.76	9.83	9.81	0.1181	9.79	0.0623	3.38	8977122	9273033	1000	/scratch.global/lanej/1000G/ngs_dose/1000G_highcov/crams/HG00759.cram	9ab0a0e8	184ab16e	9dd52ba1	3
HG00766	fetch	0.1.0+fae1124	36.876	150	441	450	0.0842	0.9709	1.1923	0.0836	0.0503		1.9969	120.0607	752.3924	1.9241	0.0023	present	402.97	402.97	382.47	384.32	0.1959	412.89	0.0468	375.65	425.51	402.87	450.91	303.86	346.69	371.6	432.64	298.6	343.42	317.88	373.06	273.73	306.98	396.52	418.47	127.844	NA	127.84	126.59	0.0898	153.0	0.0231	114.25	135.54	113.23	136.68	9.899	9.9	10.01	10.05	0.1139	9.96	0.0481	4.38	7811212	8058543	1000	/scratch.global/lanej/1000G/ngs_dose/1000G_highcov/crams/HG00766.cram	9ab0a0e8	184ab16e	9dd52ba1	3
HG00844	fetch	0.1.0+fae1124	35.188	150	420	400	0.0792	0.9702	1.2163	0.0741	0.0399		1.9944	150.6555	722.4747	0.981	0.9792	present	520.892	520.89	498.81	499.13	0.2045	540.41	0.049	488.71	564.74	536.25	598.53	363.49	398.82	490.89	585.66	386.21	451.29	415.52	488.72	346.16	387.55	518.92	549.22	238.622	NA	238.62	230.87	0.0928	288.27	0.0251	205.09	243.83	212.4	258.46	9.592	9.59	9.68	9.73	0.1199	9.62	0.0464	6.8	8470916	8711195	1000	/scratch.global/lanej/1000G/ngs_dose/1000G_highcov/crams/HG00844.cram	9ab0a0e8	184ab16e	9dd52ba1	3
HG00851	fetch	0.1.0+fae1124	41.015	150	427	450	0.0771	0.9735	1.2447	0.0657	0.0341		1.9851	16.0189	906.5265	1.9501	0.0029	present	665.52	665.52	642.49	639.75	0.1944	703.54	0.0565	638.98	789.49	697.59	783.65	546.39	668.38	664.25	844.47	523.95	651.26	554.14	683.45	504.31	616.02	659.56	693.22	179.198	NA	179.2	178.39	0.0776	225.34	0.025	171.54	215.34	161.21	205.55	9.734	9.73	9.79	9.81	0.1142	9.69	0.0465	7.98	10853382	11154399	1000	/scratch.global/lanej/1000G/ngs_dose/1000G_highcov/crams/HG00851.cram	9ab0a0e8	184ab16e	9dd52ba1	3
HG00864	fetch	0.1.0+fae1124	37.903	150	433	450	0.1082	0.9713	1.2162	0.0682	0.0365		2.0033	31.6659	714.5131	1.7427	0.0028	present	530.963	530.96	508.35	504.18	0.1933	553.05	0.0585	497.72	597.44	547.21	608.99	389.34	468.92	498.29	607.13	387.93	469.72	427.59	512.41	363.45	433.95	527.11	554.59	129.678	NA	129.68	125.8	0.0787	157.48	0.0419	116.46	140.1	104.5	128.22	9.619	9.62	9.75	9.75	0.1078	9.69	0.0659	4.12	9040668	9305623	1000	/scratch.global/lanej/1000G/ngs_dose/1000G_highcov/crams/HG00864.cram	9ab0a0e8	184ab16e	9dd52ba1	3
HG00867	fetch	0.1.0+fae1124	37.426	150	436	450	0.0911	0.9895	1.1142	0.0589	0.047		1.9998	44.8109	879.0285	1.9348	0.0028	present	441.345	441.35	416.21	409.08	0.216	423.04	0.0476	395.86	372.55	428.26	452.77	291.9	280.52	353.52	344.31	300.64	289.74	324.33	339.84	276.24	255.68	436.55	446.5	107.176	NA	107.18	104.14	0.1072	115.08	0.0182	95.85	102.44	96.1	102.89	9.594	9.59	9.78	9.84	0.1301	9.76	0.0537	3.39	8390409	8664714	1000	/scratch.global/lanej/1000G/ngs_dose/1000G_highcov/crams/HG00867.cram	9ab0a0e8	184ab16e	9dd52ba1	3
HG00879	fetch	0.1.0+fae1124	34.086	150	430	450	0.0905	0.9637	1.2622	0.0666	0.0525		1.9883	34.0857	880.2768	1.9021	0.003	present	422.883	422.88	410.41	416.26	0.1658	466.02	0.0517	407.49	547.67	442.95	513.22	345.97	454.53	434.8	588.87	335.1	446.36	355.84	457.03	296.35	398.93	422.08	455.49	139.966	NA	139.97	139.54	0.0765	182.18	0.0275	134.13	176.2	125.2	164.99	9.74	9.74	9.83	9.8	0.1191	9.75	0.053	4.96	7559123	7788542	1000	/scratch.global/lanej/1000G/ngs_dose/1000G_highcov/crams/HG00879.cram	9ab0a0e8	184ab16e	9dd52ba1	3
HG00881	fetch	0.1.0+fae1124	39.754	150	424	400	0.108	0.965	1.2579	0.0524	0.0471		1.9916	52.6346	852.3663	0.9828	0.9593	present	332.253	332.25	319.57	326.17	0.1602	356.99	0.0517	318.05	406.26	341.85	389.83	249.34	309.85	335.82	431.5	257.58	329.12	277.86	344.1	240.56	303.06	329.7	353.36	177.961	NA	177.96	178.1	0.0781	222.58	0.0312	173.17	215.53	155.48	195.27	9.519	9.52	9.63	9.65	0.1208	9.56	0.0604	10.2	8585301	8866717	1000	/scratch.global/lanej/1000G/ngs_dose/1000G_highcov/crams/HG00881.cram	9ab0a0e8	184ab16e	9dd52ba1	3
HG00956	fetch	0.1.0+fae1124	37.198	150	423	400	0.0873	0.9703	1.2514	0.0517	0.0451		2.0064	44.9315	834.4972	1.9474	0.0025	present	439.94	439.94	421.49	423.61	0.1856	469.26	0.0519	423.38	545.8	464.01	528.12	332.23	408.47	444.26	581.37	346.15	444.88	366.47	457.91	319.56	405.39	433.48	461.29	115.059	NA	115.06	115.46	0.0784	146.4	0.0242	111.44	141.3	97.54	124.81	9.545	9.55	9.69	9.75	0.1517	9.6	0.0534	6.01	8362423	8630125	1000	/scratch.global/lanej/1000G/ngs_dose/1000G_highcov/crams/HG00956.cram	9ab0a0e8	184ab16e	9dd52ba1	3
HG00978	fetch	0.1.0+fae1124	41.423	150	420	400	0.0856	0.9677	1.2721	0.0515	0.0441		1.9831	17.9671	1077.2423	1.946	0.0024	present	529.863	529.86	507.34	511.39	0.1958	567.48	0.0566	508.03	667.9	560.43	638.84	408.33	515.02	525.42	699.81	421.91	554.7	448.56	567.86	387.79	501.32	520.55	553.87	219.233	NA	219.23	218.12	0.0605	281.9	0.0283	206.88	263.77	195.89	253.68	9.798	9.8	9.82	9.82	0.1085	9.72	0.0494	6.35	10132715	10446017	1000	/scratch.global/lanej/1000G/ngs_dose/1000G_highcov/crams/HG00978.cram	9ab0a0e8	184ab16e	9dd52ba1	3
HG00982	fetch	0.1.0+fae1124	44.978	150	421	400	0.2302	1.0056	1.0293	0.0779	0.0544		1.9919	29.8091	825.8851	0.997	0.9834	present	503.898	503.9	475.75	477.5	0.1988	466.03	0.1025	457.98	404.75	503.09	503.94	349.13	305.8	505.43	459.02	380.22	338.8	391.81	378.47	329.89	289.92	493.05	492.14	150.499	NA	150.5	148.74	0.0896	148.47	0.0472	139.0	137.0	136.2	134.14	9.791	9.79	9.88	9.89	0.1157	9.88	0.1419	11.7	9910158	10207061	1000	/scratch.global/lanej/1000G/ngs_dose/1000G_highcov/crams/HG00982.cram	9ab0a0e8	184ab16e	9dd52ba1	3
HG01028	fetch	0.1.0+fae1124	56.069	150	431	450	0.0882	0.9699	1.2406	0.0654	0.0263		2.0076	88.4996	936.421	1.0049	0.9922	present	563.176	563.18	543.5	548.41	0.1534	601.49	0.0617	550.66	709.18	582.77	655.49	459.47	586.09	561.23	741.19	442.5	573.0	475.14	594.85	425.87	542.53	556.63	587.27	138.804	NA	138.8	138.71	0.0801	176.07	0.0247	134.05	168.97	120.55	155.5	9.747	9.75	9.78	9.84	0.1082	9.69	0.0499	10.84	13475616	13871644	1000	/scratch.global/lanej/1000G/ngs_dose/1000G_highcov/crams/HG01028.cram	9ab0a0e8	184ab16e	9dd52ba1	3
HG01029	fetch	0.1.0+fae1124	48.473	150	434	450	0.1046	0.9714	1.2465	0.0579	0.0371		1.9962	16.381	1040.3048	1.943	0.0022	present	354.562	354.56	340.93	346.7	0.1868	371.61	0.0556	326.42	392.57	365.89	411.41	272.97	326.45	332.77	409.46	260.64	315.36	280.68	341.72	232.4	277.29	355.2	373.65	152.4	NA	152.4	150.73	0.0818	189.42	0.0293	136.69	169.83	134.69	169.08	9.772	9.77	9.79	9.75	0.1195	9.71	0.0606	5.62	10370811	10695428	1000	/scratch.global/lanej/1000G/ngs_dose/1000G_highcov/crams/HG01029.cram	9ab0a0e8	184ab16e	9dd52ba1	3
HG01031	fetch	0.1.0+fae1124	37.86	150	408	400	0.0829	0.9674	1.1957	0.0792	0.0429		1.9991	31.5058	646.3491	0.985	0.9818	present	524.543	524.54	503.87	512.37	0.1765	550.33	0.0524	507.48	606.64	544.58	608.75	393.54	461.8	566.8	683.0	417.22	498.66	447.44	528.95	376.01	446.73	516.23	547.63	142.768	NA	142.77	141.6	0.0768	170.61	0.0207	129.25	154.04	124.33	149.04	9.574	9.57	9.75	9.79	0.1298	9.71	0.0478	6.03	8770676	9014343	1000	/scratch.global/lanej/1000G/ngs_dose/1000G_highcov/crams/HG01031.cram	9ab0a0e8	184ab16e	9dd52ba1	3
HG01046	fetch	0.1.0+fae1124	37.645	150	436	450	0.0949	0.9681	1.2545	0.0623	0.042		1.9931	149.4355	679.7877	1.9753	0.0025	present	513.263	513.26	488.59	487.65	0.1871	538.3	0.0536	487.14	600.67	525.54	594.87	386.78	473.93	479.62	604.12	380.04	470.96	408.44	502.67	351.98	429.8	505.55	536.09	143.942	NA	143.94	141.81	0.0887	179.98	0.0271	130.45	162.89	125.41	158.39	9.923	9.92	9.97	9.96	0.1174	9.88	0.0574	6.68	9200120	9486506	1000	/scratch.global/lanej/1000G/ngs_dose/1000G_highcov/crams/HG01046.cram	9ab0a0e8	184ab16e	9dd52ba1	3
HG01047	fetch	0.1.0+fae1124	37.104	150	434	450	0.1101	0.9702	1.2072	0.0674	0.0437		1.9974	24.9465	595.6801	0.9909	0.968	present	299.94	299.94	284.75	279.92	0.1912	308.0	0.0533	266.05	300.72	298.28	335.94	210.98	240.61	271.52	313.82	210.62	241.37	230.69	270.82	189.37	212.05	298.55	315.94	125.719	NA	125.72	124.02	0.0836	150.22	0.0361	106.7	126.62	105.42	126.6	8.537	8.54	8.66	8.73	0.1351	8.62	0.0646	6.9	7430243	7676514	1000	/scratch.global/lanej/1000G/ngs_dose/1000G_highcov/crams/HG01047.cram	9ab0a0e8	184ab16e	9dd52ba1	3
HG01048	fetch	0.1.0+fae1124	48.179	150	425	400	0.1037	0.9672	1.2251	0.0608	0.0388		2.0015	38.8914	633.9155	0.9855	0.9828	present	678.455	678.45	656.74	657.76	0.1643	725.11	0.0694	668.35	838.46	698.0	785.91	552.14	663.76	706.92	895.83	553.82	690.39	577.64	704.05	522.27	647.01	672.01	713.92	117.527	NA	117.53	117.22	0.0733	145.4	0.0296	102.2	126.78	102.19	126.81	10.393	10.39	10.42	10.43	0.1089	10.34	0.0617	7.32	12748644	13082809	1000	/scratch.global/lanej/1000G/ngs_dose/1000G_highcov/crams/HG01048.cram	9ab0a0e8	184ab16e	9dd52ba1	3
HG01049	fetch	0.1.0+fae1124	44.17	150	424	400	0.0908	0.9612	1.2627	0.0498	0.0422		2.0028	24.2397	595.9562	1.9365	0.0025	present	375.038	375.04	361.88	362.0	0.165	408.49	0.0524	362.89	481.39	388.42	445.51	292.61	375.27	386.72	514.24	303.82	398.99	314.56	398.35	280.4	370.11	372.43	400.46	233.808	NA	233.81	233.36	0.0686	299.08	0.0297	204.81	263.39	200.29	256.92	9.551	9.55	9.69	9.65	0.1091	9.61	0.0552	7.3	9592289	9899633	1000	/scratch.global/lanej/1000G/ngs_dose/1000G_highcov/crams/HG01049.cram	9ab0a0e8	184ab16e	9dd52ba1	3
HG01050	fetch	0.1.0+fae1124	34.511	150	433	450	0.0665	0.9674	1.2286	0.0662	0.0497		1.9977	45.7526	482.2432	1.9469	0.0017	present	528.637	528.64	509.03	502.56	0.1875	562.91	0.0445	501.14	617.26	543.62	617.1	409.01	501.7	486.8	615.35	396.09	492.3	428.76	528.52	375.15	459.02	527.13	561.67	121.837	NA	121.84	121.09	0.0815	153.11	0.02	106.39	132.65	105.48	134.68	9.668	9.67	9.76	9.77	0.1145	9.69	0.0411	4.39	7621130	7836315	1000	/scratch.global/lanej/1000G/ngs_dose/1000G_highcov/crams/HG01050.cram	9ab0a0e8	184ab16e	9dd52ba1	3
HG01051	fetch	0.1.0+fae1124	33.945	150	432	450	0.0864	0.963	1.2346	0.0672	0.0506		1.9986	46.4225	865.1718	0.9906	0.9866	present	492.41	492.41	483.88	487.87	0.1471	539.73	0.0491	485.21	613.46	504.73	575.27	423.38	529.56	516.2	662.6	406.34	514.02	421.98	522.19	375.18	472.12	495.93	531.8	180.158	NA	180.16	181.0	0.0725	225.65	0.0308	166.12	208.04	153.01	193.88	9.657	9.66	9.81	9.79	0.1159	9.75	0.0495	4.1	8113449	8356778	1000	/scratch.global/lanej/1000G/ngs_dose/1000G_highcov/crams/HG01051.cram	9ab0a0e8	184ab16e	9dd52ba1	3
HG01052	fetch	0.1.0+fae1124	38.478	150	426	450	0.1198	0.9674	1.1986	0.068	0.0452		1.9924	42.6631	988.2368	1.9213	0.0027	present	534.737	534.74	520.2	521.53	0.1799	563.81	0.0611	518.5	597.43	550.44	613.9	431.47	495.02	531.11	628.26	423.72	492.0	432.77	510.72	384.0	438.0	536.77	567.75	237.217	NA	237.22	236.17	0.0759	285.58	0.0317	199.64	240.76	203.9	247.17	10.32	10.32	10.4	10.39	0.106	10.36	0.0736	7.27	9607814	9898841	1000	/scratch.global/lanej/1000G/ngs_dose/1000G_highcov/crams/HG01052.cram	9ab0a0e8	184ab16e	9dd52ba1	3
HG01053	fetch	0.1.0+fae1124	37.514	150	445	450	0.0975	0.983	1.1692	0.0598	0.0396		2.0158	31.4594	716.1329	1.4802	0.0019	present	475.288	475.29	468.29	467.86	0.1487	502.61	0.0547	473.04	573.54	489.96	531.49	406.36	488.13	512.22	625.37	396.47	479.93	408.87	479.02	363.82	440.34	479.17	496.26	189.865	NA	189.87	189.31	0.0644	223.75	0.0297	183.87	216.08	158.51	188.94	9.728	9.73	9.82	9.79	0.1065	9.76	0.0584	5.79	8083546	8296971	1000	/scratch.global/lanej/1000G/ngs_dose/1000G_highcov/crams/HG01053.cram	9ab0a0e8	184ab16e	9dd52ba1	3
HG01054	fetch	0.1.0+fae1124	33.563	150	432	450	0.0773	0.9586	1.2953	0.0687	0.0509		1.987	351.237	1131.5052	0.9987	0.9847	present	391.586	391.59	381.37	382.44	0.184	430.83	0.0445	393.3	511.05	404.24	469.04	331.53	426.78	392.74	523.08	321.77	420.12	328.02	420.92	298.83	383.88	390.16	420.76	160.986	NA	160.99	159.16	0.084	210.01	0.027	148.92	193.97	136.92	180.88	9.145	9.14	9.27	9.28	0.125	9.19	0.0469	4.06	8406548	8671651	1000	/scratch.global/lanej/1000G/ngs_dose/1000G_highcov/crams/HG01054.cram	9ab0a0e8	184ab16e	9dd52ba1	3
HG01055	fetch	0.1.0+fae1124	36.875	150	431	450	0.0917	0.963	1.2806	0.0809	0.0489		1.9993	64.6818	615.2457	1.8928	0.0027	present	299.223	299.22	287.08	288.86	0.1788	322.84	0.0466	291.3	377.26	309.14	357.24	249.35	319.49	305.61	401.9	236.28	306.13	249.16	315.85	221.22	284.66	293.79	315.72	288.323	NA	288.32	285.5	0.0758	370.15	0.0267	265.55	341.04	251.61	326.58	9.653	9.65	9.75	9.73	0.1226	9.67	0.0536	6.06	7621045	7881545	1000	/scratch.global/lanej/1000G/ngs_dose/1000G_highcov/crams/HG01055.cram	9ab0a0e8	184ab16e	9dd52ba1	3
HG01056	fetch	0.1.0+fae1124	39.269	150	446	450	0.088	0.9656	1.2528	0.0608	0.0434		2.0084	97.6341	589.478	0.9936	0.9856	present	412.44	412.44	402.48	404.99	0.1593	454.43	0.0521	413.64	566.17	429.64	493.38	357.0	482.42	444.17	611.01	343.65	468.79	357.85	459.76	316.19	433.44	409.7	436.68	243.256	NA	243.26	246.15	0.0677	314.25	0.0286	223.41	286.94	205.47	270.14	9.195	9.19	9.25	9.24	0.1239	9.16	0.0545	8.26	8368311	8615150	1000	/scratch.global/lanej/1000G/ngs_dose/1000G_highcov/crams/HG01056.cram	9ab0a0e8	184ab16e	9dd52ba1	3
HG01058	fetch	0.1.0+fae1124	38.745	150	438	450	0.1105	0.9685	1.2276	0.0527	0.0428		1.9859	29.5448	589.2181	1.9423	0.0027	present	470.069	470.07	449.22	454.71	0.2043	491.18	0.0576	436.02	522.23	467.68	525.03	368.29	441.58	460.38	559.61	354.21	427.18	378.55	454.72	312.95	372.51	465.77	493.39	183.611	NA	183.61	181.86	0.0806	223.51	0.0309	177.45	214.79	160.77	197.32	9.729	9.73	9.76	9.8	0.115	9.7	0.0624	5.36	8963002	9250592	1000	/scratch.global/lanej/1000G/ngs_dose/1000G_highcov/crams/HG01058.cram	9ab0a0e8	184ab16e	9dd52ba1	3
HG01060	fetch	0.1.0+fae1124	38.728	150	435	450	0.0822	0.9905	1.1283	0.0714	0.0426		2.002	32.5161	1177.5076	0.9878	0.978	present	386.496	386.5	369.83	370.78	0.2368	376.81	0.0427	344.69	332.93	387.66	407.93	249.42	247.61	304.28	305.98	249.16	248.2	285.63	304.5	231.44	219.17	389.83	397.35	150.925	NA	150.92	147.01	0.0924	164.95	0.0239	134.41	144.24	132.67	145.66	10.245	10.25	10.34	10.3	0.1074	10.3	0.0467	4.63	8490158	8763372	1000	/scratch.global/lanej/1000G/ngs_dose/1000G_highcov/crams/HG01060.cram	9ab0a0e8	184ab16e	9dd52ba1	3
HG01061	fetch	0.1.0+fae1124	36.958	150	434	450	0.087	0.9697	1.2002	0.0677	0.051		1.992	46.7833	508.4205	1.881	0.0053	present	458.556	458.56	436.82	436.12	0.194	472.2	0.0489	420.55	478.05	448.9	503.05	346.87	394.23	381.17	442.56	340.68	390.11	353.3	412.54	324.15	363.98	455.89	482.23	190.157	NA	190.16	186.36	0.0903	225.28	0.0281	162.7	193.35	168.82	200.19	9.868	9.87	10.02	10.07	0.104	9.97	0.0519	4.39	8484649	8743384	1000	/scratch.global/lanej/1000G/ngs_dose/1000G_highcov/crams/HG01061.cram	9ab0a0e8	184ab16e	9dd52ba1	3
HG01062	fetch	0.1.0+fae1124	35.969	150	446	450	0.0987	0.9678	1.2294	0.0755	0.0441		1.9913	77.6052	601.5299	1.9546	0.002	present	523.912	523.91	508.72	512.28	0.156	567.72	0.0555	500.21	659.04	531.61	601.21	430.21	559.71	542.09	722.9	420.12	552.81	443.57	554.65	402.37	527.29	523.94	556.66	152.777	NA	152.78	151.98	0.066	191.89	0.0267	141.6	177.32	131.83	167.96	9.644	9.64	9.78	9.76	0.1168	9.7	0.0599	5.19	8260945	8488838	1000	/scratch.global/lanej/1000G/ngs_dose/1000G_highcov/crams/HG01062.cram	9ab0a0e8	184ab16e	9dd52ba1	3
HG01063	fetch	0.1.0+fae1124	37.912	150	430	450	0.1111	0.983	1.1432	0.0785	0.0432		2.0021	26.4571	611.63	0.99	0.977	present	462.383	462.38	443.6	445.8	0.2205	462.56	0.0585	433.03	449.37	455.42	488.59	352.26	370.3	444.07	473.46	343.19	362.63	365.61	403.42	299.54	308.13	460.49	475.98	191.164	NA	191.16	190.89	0.0843	215.78	0.0316	177.91	198.93	174.02	197.65	9.52	9.52	9.71	9.73	0.125	9.67	0.0674	4.83	8429004	8702718	1000	/scratch.global/lanej/1000G/ngs_dose/1000G_highcov/crams/HG01063.cram	9ab0a0e8	184ab16e	9dd52ba1	3
HG01064	fetch	0.1.0+fae1124	37.752	150	427	450	0.1161	0.9809	1.1748	0.0663	0.04		2.0021	75.811	585.0544	1.9451	0.0026	present	551.79	551.79	523.62	527.21	0.1805	551.9	0.0604	486.69	515.82	546.05	595.51	403.95	434.52	517.79	569.45	401.07	434.64	430.25	485.7	359.2	373.04	546.8	569.01	98.149	NA	98.15	97.87	0.1011	113.09	0.0358	89.15	101.56	84.6	97.97	10.299	10.3	10.31	10.34	0.1201	10.26	0.0693	6.73	8995329	9291071	1000	/scratch.global/lanej/1000G/ngs_dose/1000G_highcov/crams/HG01064.cram	9ab0a0e8	184ab16e	9dd52ba1	3
HG01066	fetch	0.1.0+fae1124	38.792	150	422	400	0.1248	0.9694	1.1658	0.0581	0.0498		1.9913	89.3261	921.1767	0.9843	0.8375	present	453.817	453.82	440.36	441.02	0.1724	472.66	0.06	439.49	499.7	467.66	516.93	356.05	388.92	458.84	532.38	361.42	411.69	377.57	432.99	336.99	376.44	453.35	476.94	101.18	NA	101.18	101.44	0.07	118.32	0.0282	90.24	105.18	87.41	102.53	9.756	9.76	9.87	9.89	0.1096	9.83	0.0735	8.75	8947536	9219614	1000	/scratch.global/lanej/1000G/ngs_dose/1000G_highcov/crams/HG01066.cram	9ab0a0e8	184ab16e	9dd52ba1	3
HG01067	fetch	0.1.0+fae1124	36.874	150	435	450	0.0932	0.9686	1.2298	0.0653	0.0413		1.9976	46.1858	566.1337	1.9329	0.0029	present	447.008	447.01	429.5	429.42	0.202	472.9	0.0489	423.65	517.89	465.73	524.85	357.53	435.62	436.99	546.24	340.91	420.14	367.76	450.4	316.96	385.72	442.42	469.92	181.83	NA	181.83	181.29	0.0734	227.16	0.0278	173.62	215.28	158.76	201.37	9.564	9.56	9.71	9.79	0.1191	9.65	0.0554	5.58	8334107	8584020	1000	/scratch.global/lanej/1000G/ngs_dose/1000G_highcov/crams/HG01067.cram	9ab0a0e8	184ab16e	9dd52ba1	3
HG01068	fetch	0.1.0+fae1124	38.098	150	443	450	0.0713	0.9546	1.3263	0.0527	0.0509		1.9854	106.798	624.8507	1.8931	0.0018	present	455.486	455.49	433.92	442.49	0.2092	500.21	0.0451	441.38	608.97	456.87	542.35	353.34	481.82	415.87	583.97	340.59	470.52	361.03	480.71	319.0	437.24	449.43	488.99	161.444	NA	161.44	162.71	0.0842	217.79	0.0202	137.64	185.21	137.54	188.36	9.737	9.74	9.94	9.94	0.1127	9.84	0.0408	7.21	8338096	8562803	1000	/scratch.global/lanej/1000G/ngs_dose/1000G_highcov/crams/HG01068.cram	9ab0a0e8	184ab16e	9dd52ba1	3
HG01069	fetch	0.1.0+fae1124	56.277	150	419	400	0.0936	0.9567	1.2698	0.0438	0.0481		1.9958	88.7425	749.9255	0.9899	0.9876	present	629.42	629.42	618.04	620.77	0.1554	702.1	0.0686	626.39	829.45	659.97	767.23	527.09	666.91	676.5	908.33	526.61	696.48	543.45	693.7	505.57	657.75	632.29	685.27	86.76	NA	86.76	87.82	0.0745	112.59	0.037	78.33	101.07	67.88	88.66	9.589	9.59	9.78	9.85	0.1173	9.7	0.0564	6.09	15076730	15489808	1000	/scratch.global/lanej/1000G/ngs_dose/1000G_highcov/crams/HG01069.cram	9ab0a0e8	184ab16e	9dd52ba1	3
HG01070	fetch	0.1.0+fae1124	35.386	150	421	400	0.1017	0.9654	1.2224	0.064	0.044		1.9995	70.8058	660.3438	1.9206	0.0023	present	514.525	514.53	492.78	499.39	0.164	548.43	0.0533	483.38	609.68	513.02	586.63	379.3	462.7	513.97	651.56	396.89	497.03	424.37	519.43	366.36	458.06	510.9	547.24	117.128	NA	117.13	116.99	0.0821	144.99	0.026	104.36	129.88	104.95	130.11	9.632	9.63	9.79	9.8	0.1234	9.72	0.058	5.34	8476236	8733951	1000	/scratch.global/lanej/1000G/ngs_dose/1000G_highcov/crams/HG01070.cram	9ab0a0e8	184ab16e	9dd52ba1	3
HG01071	fetch	0.1.0+fae1124	38.248	150	444	450	0.0987	0.9752	1.2196	0.0587	0.0441		1.9896	72.6496	679.9685	1.9303	0.0015	present	606.482	606.48	596.01	597.65	0.148	654.71	0.0575	587.94	737.01	624.92	697.75	511.58	638.8	632.58	805.11	496.88	626.11	516.51	632.45	468.37	584.97	613.13	646.09	136.026	NA	136.03	135.74	0.07	168.63	0.0269	125.76	154.52	114.86	144.57	9.582	9.58	9.72	9.68	0.1188	9.64	0.0581	5.31	9184179	9419039	1000	/scratch.global/lanej/1000G/ngs_dose/1000G_highcov/crams/HG01071.cram	9ab0a0e8	184ab16e	9dd52ba1	3
HG01072	fetch	0.1.0+fae1124	33.026	150	429	450	0.0857	0.9647	1.2505	0.0712	0.0465		2.009	42.5	796.8547	0.9942	0.9805	present	524.132	524.13	506.54	519.31	0.1897	567.94	0.0499	528.7	683.19	537.55	620.35	442.96	566.68	549.01	725.61	423.71	549.88	442.36	561.17	394.98	507.42	515.95	552.24	193.571	NA	193.57	193.29	0.0763	249.67	0.0293	188.82	242.72	169.77	222.41	9.644	9.64	9.81	9.82	0.1183	9.73	0.0511	5.41	8052503	8277386	1000	/scratch.global/lanej/1000G/ngs_dose/1000G_highcov/crams/HG01072.cram	9ab0a0e8	184ab16e	9dd52ba1	3
HG01073	fetch	0.1.0+fae1124	39.54	150	439	450	0.0983	0.973	1.2012	0.0601	0.0441		1.9925	146.3356	636.7796	1.8176	0.003	present	629.638	629.64	604.41	604.15	0.1738	662.61	0.0601	582.59	712.92	629.81	707.89	494.82	606.13	618.76	772.74	474.8	586.92	514.14	623.18	446.49	543.53	626.85	662.54	135.998	NA	136.0	136.4	0.0773	166.98	0.0274	126.3	152.96	118.22	147.5	9.749	9.75	9.78	9.76	0.1124	9.71	0.0572	5.68	10476985	10766416	1000	/scratch.global/lanej/1000G/ngs_dose/1000G_highcov/crams/HG01073.cram	9ab0a0e8	184ab16e	9dd52ba1	3
HG01074	fetch	0.1.0+fae1124	37.516	150	448	450	0.0823	0.9643	1.2506	0.0581	0.0448		1.9871	42.0138	669.7164	0.9778	0.9754	present	477.866	477.87	464.17	470.43	0.1604	519.45	0.0487	471.93	610.23	485.81	556.29	403.82	517.53	493.1	645.48	385.51	498.91	400.53	502.54	363.81	468.87	475.96	509.1	156.864	NA	156.86	155.14	0.0736	198.89	0.027	143.8	181.68	136.44	175.28	9.7	9.7	9.85	9.87	0.11	9.78	0.048	5.12	8274738	8486900	1000	/scratch.global/lanej/1000G/ngs_dose/1000G_highcov/crams/HG01074.cram	9ab0a0e8	184ab16e	9dd52ba1	3
HG01075	fetch	0.1.0+fae1124	39.292	150	413	400	0.0798	0.9648	1.2443	0.0573	0.0411		1.9973	24.0946	629.5302	0.9956	0.9744	present	412.71	412.71	399.81	411.83	0.2051	447.87	0.0478	414.76	537.51	435.34	495.43	342.19	424.36	449.79	589.08	347.9	450.1	362.78	451.72	317.01	403.22	405.3	434.76	153.069	NA	153.07	152.72	0.0688	193.22	0.0216	144.75	181.87	133.34	169.23	9.59	9.59	9.73	9.83	0.1274	9.66	0.0457	6.76	8851098	9131861	1000	/scratch.global/lanej/1000G/ngs_dose/1000G_highcov/crams/HG01075.cram	9ab0a0e8	184ab16e	9dd52ba1	3
HG01077	fetch	0.1.0+fae1124	36.809	150	426	450	0.1024	0.9588	1.2891	0.0622	0.0517		1.9996	22.4371	665.2468	1.9194	0.0033	present	430.764	430.76	407.28	406.21	0.2022	456.23	0.0535	395.18	483.48	430.62	503.19	303.86	373.78	378.97	473.91	309.47	383.17	329.73	412.64	277.56	336.41	425.78	460.7	144.081	NA	144.08	141.44	0.0826	183.71	0.0293	137.24	173.76	126.45	162.5	9.505	9.5	9.61	9.64	0.1132	9.55	0.0586	6.1	8266448	8528649	1000	/scratch.global/lanej/1000G/ngs_dose/1000G_highcov/crams/HG01077.cram	9ab0a0e8	184ab16e	9dd52ba1	3
HG01079	fetch	0.1.0+fae1124	36.485	150	442	450	0.0941	0.9691	1.285	0.0632	0.043		1.9923	20.7042	766.8644	0.989	0.9796	present	598.948	598.95	571.05	570.22	0.2082	638.02	0.0544	557.73	704.31	608.12	703.29	444.87	557.66	559.89	720.95	437.09	554.16	475.94	600.85	413.99	519.61	593.67	635.76	148.35	NA	148.35	148.42	0.0762	190.87	0.0243	128.26	164.94	128.42	167.04	9.904	9.9	9.9	9.89	0.1144	9.81	0.0559	6.26	9189169	9465319	1000	/scratch.global/lanej/1000G/ngs_dose/1000G_highcov/crams/HG01079.cram	9ab0a0e8	184ab16e	9dd52ba1	3
HG01080	fetch	0.1.0+fae1124	38.277	150	432	450	0.0815	0.9649	1.2341	0.0685	0.0387		1.9992	20.4858	725.5457	1.9432	0.0026	present	575.411	575.41	554.86	562.96	0.1918	615.99	0.0525	544.78	701.27	588.15	665.4	477.19	601.3	613.17	792.74	462.21	589.07	490.78	606.92	426.15	548.84	569.12	604.61	138.516	NA	138.52	138.06	0.0733	173.03	0.0244	127.27	160.67	121.04	152.54	9.632	9.63	9.73	9.73	0.1166	9.67	0.0488	5.04	9496146	9772505	1000	/scratch.global/lanej/1000G/ngs_dose/1000G_highcov/crams/HG01080.cram	9ab0a0e8	184ab16e	9dd52ba1	3
HG01081	fetch	0.1.0+fae1124	37.846	150	445	450	0.0723	0.9536	1.3227	0.0592	0.0474		2.0	10.6085	619.1118	1.9188	0.0016	present	638.893	638.89	604.5	610.23	0.2047	697.89	0.0514	598.6	838.3	648.14	767.77	494.29	678.61	607.16	857.53	478.44	665.37	517.21	688.26	439.4	614.44	625.3	679.99	132.175	NA	132.18	131.48	0.076	177.79	0.0216	122.93	166.15	114.61	156.28	9.658	9.66	9.8	9.81	0.1163	9.69	0.0432	6.2	9232072	9470493	1000	/scratch.global/lanej/1000G/ngs_dose/1000G_highcov/crams/HG01081.cram	9ab0a0e8	184ab16e	9dd52ba1	3
HG01082	fetch	0.1.0+fae1124	38.735	150	415	400	0.1204	0.9658	1.2259	0.0498	0.047		1.9938	38.4593	696.8141	0.9791	0.9762	present	374.834	374.83	356.82	362.77	0.1658	399.36	0.0583	348.86	449.95	381.18	436.35	277.04	342.95	384.86	500.78	287.09	368.45	311.16	386.01	260.32	331.4	369.2	396.0	155.135	NA	155.14	155.36	0.0764	194.9	0.0321	140.71	176.74	132.76	167.5	9.728	9.73	9.88	9.9	0.1112	9.81	0.0726	4.07	8549407	8823950	1000	/scratch.global/lanej/1000G/ngs_dose/1000G_highcov/crams/HG01082.cram	9ab0a0e8	184ab16e	9dd52ba1	3
HG01083	fetch	0.1.0+fae1124	43.127	150	429	450	0.0767	0.9545	1.3009	0.0583	0.0552		1.9943	34.9094	818.4713	1.9126	0.003	present	338.12	338.12	333.07	336.12	0.1699	382.73	0.045	343.5	470.51	361.07	426.83	290.07	388.53	338.25	469.21	277.78	377.86	288.9	379.81	255.53	349.34	340.29	370.18	183.145	NA	183.15	185.28	0.0855	244.07	0.0302	170.1	228.44	148.01	199.93	8.956	8.96	9.03	9.03	0.1155	8.95	0.0434	5.22	9135836	9456807	1000	/scratch.global/lanej/1000G/ngs_dose/1000G_highcov/crams/HG01083.cram	9ab0a0e8	184ab16e	9dd52ba1	3
HG01084	fetch	0.1.0+fae1124	38.613	150	452	450	0.0828	0.9675	1.243	0.0656	0.0438		1.9949	83.4154	654.0775	1.935	0.0019	present	383.549	383.55	368.43	370.54	0.201	408.04	0.0473	375.67	476.58	394.52	447.89	300.49	376.85	376.68	489.47	292.58	372.55	310.47	387.52	270.01	339.73	379.6	402.25	140.296	NA	140.3	138.22	0.0856	177.98	0.024	127.78	161.76	116.0	149.38	9.622	9.62	9.72	9.72	0.1134	9.64	0.047	5.42	7958826	8192690	1000	/scratch.global/lanej/1000G/ngs_dose/1000G_highcov/crams/HG01084.cram	9ab0a0e8	184ab16e	9dd52ba1	3
HG01085	fetch	0.1.0+fae1124	35.861	150	435	450	0.0781	0.9909	1.0939	0.0695	0.0444		2.0078	108.1086	723.073	0.9832	0.9884	present	279.733	279.73	263.88	264.34	0.2357	264.67	0.037	259.85	240.57	277.94	288.84	190.52	180.59	233.6	226.43	190.76	182.08	209.64	218.17	169.02	153.59	274.81	277.28	216.662	NA	216.66	213.6	0.099	232.52	0.0237	206.63	219.35	186.38	200.63	8.673	8.67	8.76	8.77	0.1178	8.72	0.0445	5.42	7443713	7681463	1000	/scratch.global/lanej/1000G/ngs_dose/1000G_highcov/crams/HG01085.cram	9ab0a0e8	184ab16e	9dd52ba1	3
HG01086	fetch	0.1.0+fae1124	37.242	150	434	450	0.0984	0.9688	1.2254	0.0631	0.0428		2.0001	66.2097	689.6251	1.9442	0.0024	present	426.236	426.24	406.42	408.7	0.1953	448.69	0.0537	387.69	486.65	435.32	489.87	311.28	388.77	398.65	506.47	301.41	379.43	333.64	409.16	269.84	337.5	425.17	450.82	151.139	NA	151.14	148.97	0.0847	187.42	0.0318	138.93	171.58	130.68	163.87	9.48	9.48	9.65	9.69	0.1207	9.58	0.0588	12.96	8410015	8675185	1000	/scratch.global/lanej/1000G/ngs_dose/1000G_highcov/crams/HG01086.cram	9ab0a0e8	184ab16e	9dd52ba1	3
HG01087	fetch	0.1.0+fae1124	35.613	150	439	450	0.0748	0.9738	1.19	0.0677	0.043		2.0059	20.0247	857.5007	1.9472	0.0066	present	342.905	342.91	325.26	329.84	0.2205	349.53	0.0411	314.23	362.08	353.61	391.14	260.38	300.52	313.39	370.03	249.62	290.71	272.36	318.86	226.59	258.13	337.18	352.86	197.185	NA	197.18	194.13	0.0824	234.26	0.0214	176.25	208.07	172.75	207.0	9.562	9.56	9.71	9.71	0.1141	9.65	0.0435	4.47	6730679	6954653	1000	/scratch.global/lanej/1000G/ngs_dose/1000G_highcov/crams/HG01087.cram	9ab0a0e8	184ab16e	9dd52ba1	3
HG01088	fetch	0.1.0+fae1124	39.257	150	419	400	0.1041	0.9699	1.24	0.0677	0.0365		2.0053	25.7057	1166.7757	0.9963	0.9823	present	312.966	312.97	298.89	300.49	0.1805	326.36	0.0521	288.81	347.1	318.41	356.33	221.62	254.24	289.09	355.96	236.15	285.5	250.04	300.68	213.11	249.97	311.73	329.75	118.553	NA	118.55	119.0	0.0832	145.89	0.0247	114.43	139.24	103.47	128.15	11.073	11.07	11.25	11.13	0.1294	11.16	0.0588	5.01	8382251	8661558	1000	/scratch.global/lanej/1000G/ngs_dose/1000G_highcov/crams/HG01088.cram	9ab0a0e8	184ab16e	9dd52ba1	3
HG01089	fetch	0.1.0+fae1124	49.443	150	429	450	0.0967	0.9682	1.256	0.0638	0.044		2.0007	62.2676	690.6159	1.8095	0.0023	present	416.567	416.57	400.74	404.86	0.2058	441.89	0.0556	406.63	499.26	434.41	494.82	328.39	401.61	402.83	507.98	319.43	395.48	336.83	415.69	287.98	348.89	412.68	438.11	161.243	NA	161.24	159.6	0.0819	202.25	0.0292	144.6	180.69	139.71	177.07	10.803	10.8	10.89	10.91	0.1271	10.8	0.0577	9.37	11396065	11730864	1000	/scratch.global/lanej/1000G/ngs_dose/1000G_highcov/crams/HG01089.cram	9ab0a0e8	184ab16e	9dd52ba1	3
HG01092	fetch	0.1.0+fae1124	34.597	150	431	450	0.0847	0.985	1.1478	0.0629	0.0529		1.9855	40.2185	787.8492	1.903	0.0036	present	374.532	374.53	356.56	352.58	0.2283	366.25	0.0419	340.01	329.95	381.57	406.4	252.65	250.6	317.99	320.26	263.95	262.94	283.32	305.28	224.79	214.82	372.53	382.93	167.789	NA	167.79	163.51	0.0992	186.07	0.0267	143.22	157.3	149.97	166.68	9.758	9.76	9.88	9.93	0.1171	9.85	0.0486	4.57	7369419	7624746	1000	/scratch.global/lanej/1000G/ngs_dose/1000G_highcov/crams/HG01092.cram	9ab0a0e8	184ab16e	9dd52ba1	3
HG01094	fetch	0.1.0+fae1124	37.166	150	431	450	0.0932	0.9617	1.2656	0.067	0.0445		1.9921	88.6295	746.955	0.9809	0.978	present	543.025	543.02	519.86	521.6	0.1923	578.69	0.0551	517.03	642.13	556.76	640.57	410.47	508.83	532.89	674.7	411.78	515.12	438.94	547.18	380.93	470.32	537.18	575.36	197.829	NA	197.83	194.2	0.09	251.09	0.0274	176.03	222.3	167.53	215.0	9.695	9.69	9.81	9.78	0.1164	9.73	0.0549	5.1	9406101	9667908	1000	/scratch.global/lanej/1000G/ngs_dose/1000G_highcov/crams/HG01094.cram	9ab0a0e8	184ab16e	9dd52ba1	3
HG01095	fetch	0.1.0+fae1124	35.271	150	423	400	0.1044	0.9663	1.2443	0.059	0.0348		2.0044	163.318	884.4376	1.9542	0.0026	present	405.551	405.55	386.81	394.45	0.1808	431.14	0.0527	388.4	488.36	407.84	467.19	306.25	370.12	398.23	508.69	310.53	390.6	332.75	411.06	297.37	367.98	399.24	428.26	211.986	NA	211.99	208.16	0.079	266.65	0.027	191.75	240.03	191.42	242.01	9.597	9.6	9.72	9.74	0.1215	9.65	0.0602	3.21	8359333	8622232	1000	/scratch.global/lanej/1000G/ngs_dose/1000G_highcov/crams/HG01095.cram	9ab0a0e8	184ab16e	9dd52ba1	3
HG01096	fetch	0.1.0+fae1124	38.672	150	436	450	0.0843	0.9636	1.2553	0.0604	0.0427		2.0086	137.644	925.0447	1.0018	0.9789	present	555.153	555.15	531.61	536.55	0.1759	597.41	0.0542	538.83	704.43	561.71	645.76	450.06	583.6	522.22	689.81	429.72	562.51	450.4	571.82	391.18	512.6	547.98	587.01	238.37	NA	238.37	232.34	0.0733	307.33	0.0257	208.86	267.48	208.75	273.76	9.758	9.76	9.96	9.97	0.1151	9.88	0.0504	4.58	9189624	9431139	1000	/scratch.global/lanej/1000G/ngs_dose/1000G_highcov/crams/HG01096.cram	9ab0a0e8	184ab16e	9dd52ba1	3
HG01097	fetch	0.1.0+fae1124	36.394	150	438	450	0.1032	0.965	1.228	0.0627	0.0532		2.0025	20.0714	603.1081	0.9805	0.9638	present	360.135	360.14	343.42	341.76	0.2037	377.42	0.0528	343.5	413.38	368.9	419.84	273.01	327.9	348.11	427.6	266.18	322.79	286.67	349.38	241.04	288.82	355.06	377.39	145.011	NA	145.01	143.29	0.0825	180.33	0.0341	137.01	169.81	124.42	156.33	9.468	9.47	9.62	9.7	0.1274	9.54	0.0601	4.35	7603301	7842606	1000	/scratch.global/lanej/1000G/ngs_dose/1000G_highcov/crams/HG01097.cram	9ab0a0e8	184ab16e	9dd52ba1	3
HG01098	fetch	0.1.0+fae1124	37.341	150	417	400	0.0829	0.9678	1.2218	0.0551	0.0512		1.9966	165.3456	743.2161	1.9286	0.0033	present	392.264	392.26	379.05	379.26	0.1783	418.76	0.048	390.26	480.33	411.04	465.53	308.46	368.24	398.0	498.38	311.12	382.82	326.25	397.73	290.02	354.59	388.6	414.42	189.067	NA	189.07	187.12	0.0788	234.81	0.0308	172.72	213.38	162.68	203.21	9.745	9.75	9.82	9.84	0.108	9.76	0.0509	4.79	8975380	9245608	1000	/scratch.global/lanej/1000G/ngs_dose/1000G_highcov/crams/HG01098.cram	9ab0a0e8	184ab16e	9dd52ba1	3
HG01099	fetch	0.1.0+fae1124	41.328	150	443	450	0.0771	0.9594	1.31	0.0643	0.0435		1.9945	101.8379	574.8908	0.9824	0.9734	present	371.641	371.64	362.44	365.48	0.1947	416.32	0.0465	379.63	543.29	394.52	457.88	323.83	453.99	385.61	553.29	308.75	437.84	320.63	425.78	289.07	414.2	367.89	395.77	168.506	NA	168.51	168.52	0.0583	225.22	0.0255	155.87	208.63	144.89	196.93	9.803	9.8	9.94	9.96	0.1094	9.83	0.0466	4.4	8579333	8851119	1000	/scratch.global/lanej/1000G/ngs_dose/1000G_highcov/crams/HG01099.cram	9ab0a0e8	184ab16e	9dd52ba1	3
HG01100	fetch	0.1.0+fae1124	38.477	150	458	450	0.0684	0.9662	1.2836	0.0613	0.0471		1.9873	48.659	555.2026	1.9164	0.0016	present	370.671	370.67	353.75	354.93	0.1967	398.43	0.0419	355.11	469.31	384.62	441.96	293.82	382.31	348.82	472.18	278.96	369.17	293.83	377.57	262.35	343.38	365.64	391.43	118.541	NA	118.54	116.89	0.081	154.7	0.0232	104.39	136.13	100.23	132.93	10.023	10.02	10.15	10.13	0.1133	10.05	0.0405	5.59	7717221	7946379	1000	/scratch.global/lanej/1000G/ngs_dose/1000G_highcov/crams/HG01100.cram	9ab0a0e8	184ab16e	9dd52ba1	3
HG01101	fetch	0.1.0+fae1124	39.145	150	426	450	0.0715	0.9469	1.3463	0.0663	0.0392		1.9997	276.1831	1029.886	0.9907	0.9675	present	302.408	302.41	295.11	299.16	0.1952	347.87	0.0433	300.1	438.63	316.02	382.87	247.94	355.17	280.71	418.49	242.98	354.14	252.83	348.22	228.65	330.85	303.75	334.75	181.771	NA	181.77	181.88	0.0748	252.42	0.0284	170.52	237.27	150.11	211.83	9.694	9.69	9.82	9.85	0.1099	9.71	0.0408	4.39	8959805	9247021	1000	/scratch.global/lanej/1000G/ngs_dose/1000G_highcov/crams/HG01101.cram	9ab0a0e8	184ab16e	9dd52ba1	3
HG01102	fetch	0.1.0+fae1124	40.396	150	413	400	0.0886	0.958	1.2671	0.0547	0.0455		2.0059	64.0308	759.8843	1.9411	0.0025	present	458.715	458.71	443.42	450.63	0.1532	501.64	0.051	435.19	572.16	467.68	540.01	365.63	460.96	472.7	627.49	373.33	490.01	390.74	493.89	350.36	452.4	456.7	493.68	190.258	NA	190.26	189.27	0.0667	243.65	0.0277	176.85	225.47	164.57	211.84	9.888	9.89	9.99	9.99	0.1159	9.93	0.0507	5.57	9210112	9513899	1000	/scratch.global/lanej/1000G/ngs_dose/1000G_highcov/crams/HG01102.cram	9ab0a0e8	184ab16e	9dd52ba1	3
HG01103	fetch	0.1.0+fae1124	36.506	150	451	450	0.0904	0.9641	1.256	0.0704	0.039		1.9726	47.2606	530.6754	1.9373	0.0013	present	405.042	405.04	396.14	397.45	0.1794	443.05	0.0504	402.96	532.3	417.22	473.54	335.9	438.85	427.15	567.03	325.57	428.79	340.6	429.45	299.63	395.94	406.91	432.82	160.239	NA	160.24	162.86	0.074	203.79	0.0269	149.67	189.83	132.39	170.68	9.678	9.68	9.76	9.76	0.1135	9.68	0.0536	4.04	7503356	7714105	1000	/scratch.global/lanej/1000G/ngs_dose/1000G_highcov/crams/HG01103.cram	9ab0a0e8	184ab16e	9dd52ba1	3
HG01104	fetch	0.1.0+fae1124	34.492	150	419	400	0.0798	0.9607	1.2446	0.0585	0.04		1.9916	17.1547	635.8062	0.9882	0.9753	present	431.511	431.51	418.69	427.37	0.1499	470.17	0.0435	414.82	539.32	437.31	499.49	332.15	419.36	419.1	547.25	345.37	446.4	357.89	447.21	326.15	421.28	433.58	465.74	218.719	NA	218.72	216.42	0.0676	276.22	0.0253	202.33	255.88	192.14	243.53	9.813	9.81	9.96	9.98	0.1136	9.9	0.0455	4.05	7654517	7883242	1000	/scratch.global/lanej/1000G/ngs_dose/1000G_highcov/crams/HG01104.cram	9ab0a0e8	184ab16e	9dd52ba1	3
HG01105	fetch	0.1.0+fae1124	46.21	150	432	450	0.0727	0.9604	1.3013	0.0529	0.0399		1.9949	54.7175	793.5666	1.9398	0.0023	present	579.779	579.78	559.98	557.9	0.1733	642.52	0.0522	562.95	778.17	604.58	709.3	480.76	654.02	592.76	832.89	459.39	634.06	487.89	643.25	436.82	600.34	574.36	621.95	222.059	NA	222.06	220.85	0.0739	295.91	0.0294	214.4	285.39	187.33	253.74	9.754	9.75	9.87	9.9	0.1035	9.77	0.0428	5.83	11887115	12233688	1000	/scratch.global/lanej/1000G/ngs_dose/1000G_highcov/crams/HG01105.cram	9ab0a0e8	184ab16e	9dd52ba1	3
HG01106	fetch	0.1.0+fae1124	38.411	150	446	450	0.0778	0.9647	1.2861	0.0695	0.0451		2.0027	37.417	702.8327	0.996	0.9834	present	556.729	556.73	536.14	530.55	0.1786	604.71	0.0507	533.41	712.09	579.52	667.95	440.39	579.45	515.18	706.78	421.09	563.89	448.07	580.79	402.01	529.85	555.2	593.29	221.531	NA	221.53	221.19	0.0786	291.61	0.0258	202.92	266.96	189.69	253.58	9.77	9.77	9.89	9.91	0.1157	9.78	0.046	5.49	8886346	9127214	1000	/scratch.global/lanej/1000G/ngs_dose/1000G_highcov/crams/HG01106.cram	9ab0a0e8	184ab16e	9dd52ba1	3
HG01107	fetch	0.1.0+fae1124	40.372	150	402	400	0.1267	0.9533	1.2658	0.0667	0.041		1.9993	37.4041	705.508	0.9956	0.9717	present	369.889	369.89	356.26	364.44	0.2052	406.51	0.0637	365.59	484.17	381.2	444.71	298.57	379.51	392.45	524.17	305.86	403.13	318.8	405.67	280.36	366.29	363.3	396.29	136.909	NA	136.91	137.6	0.0597	176.44	0.039	129.37	166.6	115.61	149.64	10.43	10.43	10.55	10.6	0.1351	10.48	0.0787	3.13	8785537	9072782	1000	/scratch.global/lanej/1000G/ngs_dose/1000G_highcov/crams/HG01107.cram	9ab0a0e8	184ab16e	9dd52ba1	3
HG01108	fetch	0.1.0+fae1124	36.677	150	429	450	0.0732	0.9795	1.1458	0.0627	0.038		2.0052	63.9994	472.0904	1.9509	0.0029	present	487.747	487.75	470.22	464.74	0.2034	493.0	0.0452	460.78	495.02	504.97	542.03	356.3	385.96	460.89	506.91	344.72	375.66	384.19	429.69	314.05	334.87	488.59	504.75	261.536	NA	261.54	256.52	0.0962	298.41	0.0219	224.3	253.89	235.42	270.58	9.636	9.64	9.66	9.65	0.1137	9.62	0.0445	5.88	8488696	8742102	1000	/scratch.global/lanej/1000G/ngs_dose/1000G_highcov/crams/HG01108.cram	9ab0a0e8	184ab16e	9dd52ba1	3
HG01109	fetch	0.1.0+fae1124	38.86	150	445	450	0.1046	0.97	1.1897	0.064	0.0515		1.9953	36.6723	533.2498	0.9869	0.966	present	497.571	497.57	486.42	490.85	0.1739	533.85	0.0574	502.83	628.43	515.55	575.02	420.6	518.89	530.81	673.7	406.64	508.14	430.67	522.29	383.49	478.0	495.32	522.61	235.386	NA	235.39	233.16	0.0711	288.75	0.0301	212.0	259.7	198.73	247.38	9.432	9.43	9.6	9.63	0.12	9.55	0.0643	4.55	8651234	8880991	1000	/scratch.global/lanej/1000G/ngs_dose/1000G_highcov/crams/HG01109.cram	9ab0a0e8	184ab16e	9dd52ba1	3
HG01110	fetch	0.1.0+fae1124	41.203	150	433	450	0.0641	0.9702	1.1799	0.0592	0.0485		1.9973	67.8167	549.2468	0.9847	0.97	present	528.612	528.61	503.51	496.3	0.2035	537.58	0.0435	477.24	518.31	536.42	592.08	386.0	424.05	488.13	550.98	373.11	414.05	401.04	461.16	350.87	374.51	526.43	553.39	210.248	NA	210.25	209.0	0.0977	247.31	0.0208	187.2	217.56	183.77	218.11	9.454	9.45	9.52	9.54	0.1114	9.48	0.0372	5.4	9702538	10001756	1000	/scratch.global/lanej/1000G/ngs_dose/1000G_highcov/crams/HG01110.cram	9ab0a0e8	184ab16e	9dd52ba1	3
HG01111	fetch	0.1.0+fae1124	33.65	150	431	450	0.0721	0.9721	1.1993	0.0745	0.0539		1.9987	15.733	743.8802	1.9247	0.0041	present	566.195	566.2	546.18	549.52	0.185	589.67	0.0463	523.47	594.25	570.95	638.62	422.43	482.17	517.89	603.75	418.45	481.64	446.34	524.82	373.77	420.33	569.8	601.07	155.525	NA	155.52	155.66	0.1017	186.61	0.0263	141.6	168.68	130.56	157.98	10.392	10.39	10.48	10.48	0.1207	10.43	0.0428	5.03	8318028	8561824	1000	/scratch.global/lanej/1000G/ngs_dose/1000G_highcov/crams/HG01111.cram	9ab0a0e8	184ab16e	9dd52ba1	3
HG01112	fetch	0.1.0+fae1124	37.336	150	427	450	0.0863	0.9628	1.2681	0.0628	0.0502		1.994	34.1716	827.0728	0.9833	0.973	present	393.417	393.42	380.28	383.97	0.1594	427.86	0.0463	367.47	480.08	400.05	458.74	324.12	418.92	402.33	531.28	309.29	403.84	326.88	414.62	284.28	371.3	393.2	422.19	139.175	NA	139.18	139.26	0.0809	179.1	0.0237	135.61	174.04	120.38	157.2	9.846	9.85	9.94	9.96	0.1341	9.86	0.0483	4.24	8115624	8371846	1000	/scratch.global/lanej/1000G/ngs_dose/1000G_highcov/crams/HG01112.cram	9ab0a0e8	184ab16e	9dd52ba1	3
HG01113	fetch	0.1.0+fae1124	37.4	150	436	450	0.0984	0.9521	1.317	0.0657	0.076		1.9917	35.479	1118.7644	1.901	0.0027	present	469.444	469.44	447.49	447.38	0.1953	512.91	0.0557	437.27	577.82	476.03	564.65	357.19	468.09	421.76	569.25	341.86	453.57	367.87	479.99	320.09	419.12	466.31	509.57	90.546	NA	90.55	91.3	0.0807	120.0	0.0302	85.82	113.58	79.66	106.81	10.683	10.68	10.88	10.9	0.1229	10.79	0.0545	4.47	9024361	9287028	1000	/scratch.global/lanej/1000G/ngs_dose/1000G_highcov/crams/HG01113.cram	9ab0a0e8	184ab16e	9dd52ba1	3
HG01114	fetch	0.1.0+fae1124	36.386	150	450	450	0.0876	0.9663	1.2256	0.08	0.052		2.01	36.6057	660.2513	1.9247	0.0024	present	430.569	430.57	419.19	421.68	0.1653	469.85	0.0484	425.13	554.67	438.58	502.45	363.06	465.79	466.06	612.76	352.71	457.56	367.5	458.17	323.22	421.04	428.85	459.47	155.889	NA	155.89	156.11	0.0728	195.53	0.0272	141.31	177.93	134.27	170.32	9.611	9.61	9.81	9.88	0.136	9.74	0.0505	4.33	7547420	7758556	1000	/scratch.global/lanej/1000G/ngs_dose/1000G_highcov/crams/HG01114.cram	9ab0a0e8	184ab16e	9dd52ba1	3
HG01119	fetch	0.1.0+fae1124	36.641	150	427	450	0.0868	0.9629	1.2448	0.0622	0.0477		1.9973	68.5273	816.1648	1.9401	0.002	present	462.317	462.32	454.62	456.13	0.1604	509.73	0.0502	440.76	573.48	474.12	541.96	378.86	485.85	477.69	629.18	365.39	474.0	392.58	491.95	335.75	434.38	470.26	503.97	200.815	NA	200.81	198.41	0.0828	253.78	0.024	180.8	229.41	172.35	219.94	9.738	9.74	9.9	9.92	0.1118	9.82	0.052	4.22	8421927	8684984	1000	/scratch.global/lanej/1000G/ngs_dose/1000G_highcov/crams/HG01119.cram	9ab0a0e8	184ab16e	9dd52ba1	3
HG01121	fetch	0.1.0+fae1124	36.501	150	443	450	0.1108	0.9686	1.2394	0.0639	0.0367		2.0069	94.5818	946.3198	0.9983	0.9991	present	451.719	451.72	439.56	442.67	0.1821	483.18	0.0576	426.97	519.41	455.3	516.16	357.52	435.27	412.93	512.42	342.36	420.19	365.36	446.05	311.74	376.18	457.38	485.15	187.085	NA	187.09	183.23	0.096	231.87	0.0355	173.38	213.36	166.14	208.03	9.902	9.9	9.89	9.88	0.1062	9.81	0.0663	4.61	8691306	8964296	1000	/scratch.global/lanej/1000G/ngs_dose/1000G_highcov/crams/HG01121.cram	9ab0a0e8	184ab16e	9dd52ba1	3
HG01122	fetch	0.1.0+fae1124	46.729	150	428	450	0.1343	0.9844	1.1494	0.0709	0.0374		2.0064	31.7115	764.3952	1.9576	0.0022	present	341.492	341.49	330.41	328.38	0.1736	346.99	0.0634	331.14	364.78	344.64	369.35	271.58	300.81	345.87	387.76	264.61	294.6	277.6	312.7	236.84	259.58	340.73	350.88	244.616	NA	244.62	244.04	0.0745	280.16	0.0347	217.21	246.78	213.76	246.84	9.645	9.64	9.78	9.78	0.1193	9.74	0.0809	4.66	9593729	9895516	1000	/scratch.global/lanej/1000G/ngs_dose/1000G_highcov/crams/HG01122.cram	9ab0a0e8	184ab16e	9dd52ba1	3
HG01124	fetch	0.1.0+fae1124	37.668	150	439	450	0.1024	0.9711	1.2001	0.0848	0.0516		2.0027	15.3493	738.8053	0.9924	0.9582	present	331.936	331.94	316.46	315.67	0.2175	340.21	0.0497	306.62	334.04	324.35	364.37	241.98	268.21	305.2	342.25	237.89	264.71	257.57	298.12	216.46	232.88	330.1	349.39	158.168	NA	158.17	155.74	0.0924	186.81	0.0307	145.81	169.96	141.91	168.56	9.525	9.53	9.61	9.62	0.1087	9.57	0.0613	5.26	7768267	8043792	1000	/scratch.global/lanej/1000G/ngs_dose/1000G_highcov/crams/HG01124.cram	9ab0a0e8	184ab16e	9dd52ba1	3
HG01125	fetch	0.1.0+fae1124	37.13	150	419	400	0.0867	0.9694	1.2128	0.061	0.0441		1.9999	11.6481	731.5888	1.9219	0.0029	present	465.745	465.74	449.94	450.8	0.1743	494.24	0.0511	468.91	569.07	484.91	545.33	365.27	432.18	480.47	596.01	376.49	459.72	382.77	463.34	345.29	415.67	461.21	489.85	112.455	NA	112.45	112.06	0.0778	138.86	0.0284	96.6	117.64	98.23	122.34	9.965	9.97	10.05	10.02	0.1231	9.98	0.0481	4.86	8619915	8876993	1000	/scratch.global/lanej/1000G/ngs_dose/1000G_highcov/crams/HG01125.cram	9ab0a0e8	184ab16e	9dd52ba1	3
HG01126	fetch	0.1.0+fae1124	37.075	150	444	450	0.0916	0.97	1.2232	0.0597	0.0468		1.9942	94.492	710.3189	0.9978	0.9804	present	471.594	471.59	455.72	454.69	0.1584	508.23	0.0502	452.79	594.78	481.52	545.71	389.54	506.26	483.85	641.03	372.32	488.63	397.42	497.61	350.88	461.31	468.39	497.28	133.73	NA	133.73	134.27	0.0717	168.87	0.027	126.24	158.44	116.97	150.22	10.286	10.29	10.36	10.34	0.1152	10.28	0.0533	5.35	8115092	8339148	1000	/scratch.global/lanej/1000G/ngs_dose/1000G_highcov/crams/HG01126.cram	9ab0a0e8	184ab16e	9dd52ba1	3
HG01130	fetch	0.1.0+fae1124	36.828	150	438	450	0.0824	0.9642	1.2334	0.0718	0.0456		2.0088	53.7928	747.2854	0.9776	0.9801	present	519.994	519.99	498.64	499.16	0.1705	552.86	0.0513	474.06	604.09	521.0	589.22	412.49	520.34	520.92	675.9	391.94	500.49	423.6	525.06	374.21	473.23	518.11	550.03	199.595	NA	199.6	199.6	0.0857	250.05	0.0261	181.46	226.79	172.57	219.0	9.703	9.7	9.77	9.75	0.1127	9.7	0.0479	4.15	8654192	8916326	1000	/scratch.global/lanej/1000G/ngs_dose/1000G_highcov/crams/HG01130.cram	9ab0a0e8	184ab16e	9dd52ba1	3
HG01131	fetch	0.1.0+fae1124	37.696	150	442	450	0.0935	0.963	1.2661	0.0602	0.0445		2.0084	84.6472	520.3126	1.9473	0.0026	present	471.406	471.41	451.71	455.7	0.1825	499.02	0.0552	445.56	538.53	471.12	538.96	363.62	440.63	417.0	520.7	356.38	437.05	365.28	452.38	338.03	402.67	470.33	501.67	211.419	NA	211.42	208.39	0.0871	267.61	0.0338	188.92	237.16	181.72	232.67	9.711	9.71	9.82	9.8	0.1085	9.75	0.0543	6.45	9019114	9280160	1000	/scratch.global/lanej/1000G/ngs_dose/1000G_highcov/crams/HG01131.cram	9ab0a0e8	184ab16e	9dd52ba1	3
HG01133	fetch	0.1.0+fae1124	38.261	150	441	450	0.0726	0.9604	1.2597	0.0647	0.0632		1.9953	76.7565	751.6832	0.9935	0.9881	present	411.364	411.36	395.14	400.3	0.1846	447.16	0.0416	388.63	501.64	415.08	484.73	332.42	423.73	398.53	527.38	316.83	410.27	338.63	430.98	301.5	385.62	408.0	442.12	186.112	NA	186.11	185.18	0.0772	240.59	0.021	173.56	224.57	160.72	210.45	9.676	9.68	9.85	9.89	0.1244	9.78	0.0424	4.75	8517431	8778664	1000	/scratch.global/lanej/1000G/ngs_dose/1000G_highcov/crams/HG01133.cram	9ab0a0e8	184ab16e	9dd52ba1	3
HG01134	fetch	0.1.0+fae1124	41.452	150	428	450	0.1215	0.9733	1.1949	0.0799	0.0424		1.9932	49.5759	667.7418	1.9519	0.003	present	404.15	404.15	393.68	395.12	0.181	425.03	0.0626	394.89	463.26	405.25	446.61	344.22	401.95	413.67	495.32	328.67	387.86	338.72	400.01	299.43	349.12	404.38	424.15	175.641	NA	175.64	177.02	0.0725	211.12	0.0337	153.62	184.26	153.26	186.14	9.663	9.66	9.77	9.78	0.116	9.71	0.0703	5.02	9376285	9665607	1000	/scratch.global/lanej/1000G/ngs_dose/1000G_highcov/crams/HG01134.cram	9ab0a0e8	184ab16e	9dd52ba1	3
HG01135	fetch	0.1.0+fae1124	38.276	150	446	450	0.1	0.9745	1.2002	0.0622	0.0428		1.9863	113.8558	852.8727	0.9858	0.9737	present	466.006	466.01	454.68	459.66	0.1755	496.18	0.0527	457.4	570.28	479.33	530.48	390.23	481.7	486.98	614.16	379.58	473.14	395.74	477.1	353.08	438.42	466.06	488.64	134.687	NA	134.69	135.43	0.0681	163.65	0.0261	122.74	148.76	117.64	144.7	9.496	9.5	9.62	9.6	0.1184	9.56	0.0578	4.15	8329269	8557868	1000	/scratch.global/lanej/1000G/ngs_dose/1000G_highcov/crams/HG01135.cram	9ab0a0e8	184ab16e	9dd52ba1	3
HG01136	fetch	0.1.0+fae1124	39.513	150	432	450	0.0876	0.9629	1.2527	0.0702	0.0479		1.9949	112.2003	694.0083	0.9859	0.9767	present	438.531	438.53	424.07	428.44	0.1607	471.89	0.0512	437.28	546.77	438.45	502.91	375.32	464.69	429.18	548.28	354.22	444.43	361.62	450.57	327.19	406.58	434.73	465.03	218.244	NA	218.24	216.86	0.0672	276.93	0.026	202.19	256.63	187.56	240.87	10.629	10.63	10.7	10.67	0.1155	10.62	0.052	4.64	9291528	9579058	1000	/scratch.global/lanej/1000G/ngs_dose/1000G_highcov/crams/HG01136.cram	9ab0a0e8	184ab16e	9dd52ba1	3
HG01137	fetch	0.1.0+fae1124	37.554	150	417	400	0.1195	0.9693	1.2022	0.0589	0.0436	chr12	2.0226	66.7437	895.0512	1.505	0.0025	present	468.304	468.3	449.65	451.78	0.1585	494.63	0.0614	446.52	549.89	475.56	536.01	356.64	417.79	470.15	587.31	362.27	445.16	394.26	473.69	345.31	416.25	463.13	492.53	181.595	NA	181.6	179.56	0.0815	221.72	0.0308	167.65	204.35	162.23	198.82	9.567	9.57	9.67	9.68	0.1093	9.62	0.0695	4.0	8892077	9159756	1000	/scratch.global/lanej/1000G/ngs_dose/1000G_highcov/crams/HG01137.cram	9ab0a0e8	184ab16e	9dd52ba1	3
HG01138	fetch	0.1.0+fae1124	36.742	150	446	450	0.0851	0.9624	1.2557	0.0612	0.0534		1.9975	58.9776	771.9595	0.9815	0.9506	present	460.933	460.93	447.24	449.73	0.162	504.97	0.0502	453.46	604.27	473.04	542.94	381.71	504.13	477.43	640.47	371.9	495.06	393.45	498.9	347.75	462.61	457.77	491.79	192.585	NA	192.58	192.06	0.0782	245.48	0.0238	162.8	206.41	167.23	216.14	9.643	9.64	9.85	9.85	0.1186	9.77	0.0492	4.61	7937915	8150850	1000	/scratch.global/lanej/1000G/ngs_dose/1000G_highcov/crams/HG01138.cram	9ab0a0e8	184ab16e	9dd52ba1	3
HG01139	fetch	0.1.0+fae1124	38.512	150	437	450	0.1041	0.973	1.22	0.0655	0.0356		2.0049	26.0084	684.4338	0.9923	0.9732	present	405.168	405.17	394.52	391.22	0.1958	426.88	0.0568	378.75	438.26	408.11	457.34	302.6	349.79	350.38	418.83	304.83	357.03	319.97	382.03	285.51	325.9	412.58	434.08	166.027	NA	166.03	162.75	0.0816	202.63	0.0274	147.71	179.63	148.56	183.08	9.621	9.62	9.74	9.81	0.126	9.67	0.0625	4.5	8339857	8594466	1000	/scratch.global/lanej/1000G/ngs_dose/1000G_highcov/crams/HG01139.cram	9ab0a0e8	184ab16e	9dd52ba1	3
HG01140	fetch	0.1.0+fae1124	40.684	150	440	450	0.1111	0.9766	1.1748	0.067	0.0463		2.0022	29.3578	591.3132	1.7915	0.0029	present	437.482	437.48	415.78	415.94	0.1927	439.14	0.0574	402.21	428.52	434.8	474.26	312.16	338.55	405.14	444.11	304.39	331.41	337.08	381.34	267.78	282.32	433.77	452.06	206.573	NA	206.57	203.15	0.0968	238.95	0.0304	186.81	212.81	187.04	218.07	9.68	9.68	9.76	9.73	0.1181	9.72	0.0653	5.11	9040849	9344220	1000	/scratch.global/lanej/1000G/ngs_dose/1000G_highcov/crams/HG01140.cram	9ab0a0e8	184ab16e	9dd52ba1	3
HG01141	fetch	0.1.0+fae1124	36.034	150	441	450	0.0708	0.9847	1.157	0.0681	0.0458		1.9994	24.4968	622.597	1.9504	0.0018	present	467.432	467.43	446.7	450.61	0.1958	471.83	0.0452	452.31	501.23	458.79	495.8	343.54	381.91	392.29	448.79	335.18	376.81	361.45	412.39	321.73	351.41	464.38	480.4	203.403	NA	203.4	205.32	0.0834	236.42	0.0189	184.52	212.96	172.54	202.4	9.542	9.54	9.71	9.71	0.1293	9.65	0.0412	5.29	7437603	7654249	1000	/scratch.global/lanej/1000G/ngs_dose/1000G_highcov/crams/HG01141.cram	9ab0a0e8	184ab16e	9dd52ba1	3
HG01142	fetch	0.1.0+fae1124	40.427	150	431	450	0.1253	0.9746	1.1998	0.0681	0.0348		1.9959	58.3757	801.9546	0.9854	0.9866	present	570.076	570.08	543.32	549.55	0.203	583.92	0.0689	527.66	602.61	562.31	622.56	423.45	485.11	547.0	643.98	427.65	495.06	457.26	536.47	406.03	456.55	563.76	590.86	149.569	NA	149.57	144.46	0.0926	178.55	0.039	137.55	163.11	133.34	160.49	9.705	9.71	9.83	9.85	0.1174	9.77	0.0743	5.47	10256541	10551712	1000	/scratch.global/lanej/1000G/ngs_dose/1000G_highcov/crams/HG01142.cram	9ab0a0e8	184ab16e	9dd52ba1	3
HG01148	fetch	0.1.0+fae1124	36.295	150	437	450	0.1037	0.9605	1.2443	0.0732	0.0574		2.0034	66.3693	765.713	0.9936	0.9712	present	492.151	492.15	466.09	465.29	0.2041	513.07	0.0559	438.81	507.79	474.05	545.75	339.42	394.8	413.16	494.4	346.82	407.69	371.3	450.4	316.63	361.07	490.71	526.65	249.705	NA	249.71	248.68	0.0896	310.12	0.0268	211.34	261.53	220.38	275.38	9.809	9.81	9.94	9.93	0.1207	9.88	0.0632	4.88	8537491	8801049	1000	/scratch.global/lanej/1000G/ngs_dose/1000G_highcov/crams/HG01148.cram	9ab0a0e8	184ab16e	9dd52ba1	3
HG01149	fetch	0.1.0+fae1124	64.151	150	434	450	0.0824	0.9676	1.2471	0.0512	0.0444		1.9839	62.0636	821.8747	1.9342	0.0026	present	352.164	352.16	345.46	347.09	0.1772	381.37	0.0519	355.22	445.29	368.52	416.02	293.55	362.84	364.42	468.61	280.42	352.28	296.06	366.77	265.42	328.86	353.96	374.91	150.032	NA	150.03	150.47	0.0675	188.91	0.0242	132.29	167.04	133.31	169.83	9.68	9.68	9.81	9.82	0.1019	9.73	0.0478	7.83	14096562	14579217	1000	/scratch.global/lanej/1000G/ngs_dose/1000G_highcov/crams/HG01149.cram	9ab0a0e8	184ab16e	9dd52ba1	3
HG01150	fetch	0.1.0+fae1124	38.783	150	455	450	0.0791	0.9608	1.2615	0.0658	0.0672		1.9788	80.3546	931.6337	1.8965	0.0019	present	422.152	422.15	402.44	402.77	0.2049	451.65	0.0493	385.3	488.9	420.83	487.34	325.06	411.6	399.38	519.55	313.35	401.47	335.77	423.73	287.52	361.62	419.34	451.29	208.365	NA	208.36	205.84	0.0825	267.15	0.0231	199.62	253.41	178.89	232.88	9.497	9.5	9.71	9.74	0.1142	9.63	0.0473	5.23	8325582	8575531	1000	/scratch.global/lanej/1000G/ngs_dose/1000G_highcov/crams/HG01150.cram	9ab0a0e8	184ab16e	9dd52ba1	3
HG01161	fetch	0.1.0+fae1124	37.203	150	431	450	0.086	0.9674	1.2546	0.071	0.0409		2.0036	11.2914	671.8982	0.9858	0.9745	present	434.528	434.53	421.14	427.21	0.1763	470.76	0.0487	416.86	538.9	440.66	504.31	357.02	454.99	448.54	586.72	349.81	451.05	366.59	460.67	314.39	405.77	433.33	462.82	189.553	NA	189.55	190.16	0.07	241.46	0.0263	176.53	225.3	166.06	214.25	9.614	9.61	9.71	9.71	0.1161	9.63	0.0505	6.22	8074038	8331609	1000	/scratch.global/lanej/1000G/ngs_dose/1000G_highcov/crams/HG01161.cram	9ab0a0e8	184ab16e	9dd52ba1	3
HG01162	fetch	0.1.0+fae1124	34.242	150	425	400	0.0744	0.9618	1.2895	0.053	0.0438		1.9956	114.572	618.6428	1.9378	0.0027	present	574.754	574.75	561.0	567.31	0.16	641.58	0.0478	566.17	780.92	595.95	691.71	437.29	587.47	595.66	825.35	460.48	632.3	485.98	635.4	443.55	609.54	578.98	624.8	161.899	NA	161.9	159.8	0.0756	213.81	0.0254	151.83	199.58	134.61	179.0	9.598	9.6	9.7	9.7	0.1196	9.61	0.0437	5.02	8833309	9086150	1000	/scratch.global/lanej/1000G/ngs_dose/1000G_highcov/crams/HG01162.cram	9ab0a0e8	184ab16e	9dd52ba1	3
HG01164	fetch	0.1.0+fae1124	36.178	150	425	400	0.0748	0.9639	1.2709	0.0635	0.0387		1.983	18.4018	649.5358	1.0016	0.9756	present	508.602	508.6	493.13	496.46	0.1605	555.83	0.0463	493.7	654.51	527.7	605.27	388.2	494.19	534.05	711.42	402.59	530.0	423.34	536.02	364.11	476.5	509.36	546.77	216.102	NA	216.1	213.88	0.0769	276.81	0.0221	209.14	268.5	193.03	248.07	9.727	9.73	9.82	9.84	0.1074	9.74	0.0449	5.15	8676726	8932574	1000	/scratch.global/lanej/1000G/ngs_dose/1000G_highcov/crams/HG01164.cram	9ab0a0e8	184ab16e	9dd52ba1	3
HG01167	fetch	0.1.0+fae1124	51.848	150	420	400	0.0767	0.9588	1.2543	0.0595	0.0423		1.998	92.6319	683.5694	0.9919	0.9848	present	398.6	398.6	388.91	392.08	0.1489	439.97	0.0484	395.95	524.1	406.41	468.75	321.58	406.65	422.41	564.19	319.68	420.82	336.78	426.15	309.39	403.39	399.94	431.73	267.446	NA	267.45	269.4	0.0709	342.89	0.0295	253.95	325.3	220.81	284.47	9.773	9.77	9.88	9.9	0.0993	9.8	0.0449	5.71	11674036	12056802	1000	/scratch.global/lanej/1000G/ngs_dose/1000G_highcov/crams/HG01167.cram	9ab0a0e8	184ab16e	9dd52ba1	3
HG01168	fetch	0.1.0+fae1124	35.746	150	437	450	0.0918	0.9664	1.2674	0.0695	0.0439	chr12	2.0025	17.0156	532.6982	1.9144	0.0031	present	410.378	410.38	388.33	391.49	0.212	431.57	0.0494	381.29	478.14	399.78	457.45	303.26	379.68	351.24	450.12	291.84	368.99	312.05	389.16	279.99	347.51	406.38	433.47	280.349	NA	280.35	276.79	0.0792	354.46	0.0253	255.35	320.26	248.3	317.8	9.673	9.67	9.76	9.82	0.1153	9.68	0.0535	5.2	8135514	8409778	1000	/scratch.global/lanej/1000G/ngs_dose/1000G_highcov/crams/HG01168.cram	9ab0a0e8	184ab16e	9dd52ba1	3
HG01169	fetch	0.1.0+fae1124	34.533	150	443	450	0.0724	0.975	1.2036	0.0578	0.0415		1.9959	18.1691	603.4444	1.9393	0.0019	present	444.751	444.75	421.44	422.84	0.2075	454.85	0.0437	414.14	484.83	446.92	493.24	323.77	380.92	388.64	469.75	311.64	370.83	342.67	408.07	292.08	337.62	439.34	459.94	242.001	NA	242.0	237.47	0.0906	293.76	0.0188	222.53	266.18	206.94	255.06	9.68	9.68	9.84	9.86	0.121	9.77	0.0424	4.02	7115944	7330068	1000	/scratch.global/lanej/1000G/ngs_dose/1000G_highcov/crams/HG01169.cram	9ab0a0e8	184ab16e	9dd52ba1	3
HG01170	fetch	0.1.0+fae1124	33.701	150	432	450	0.0839	0.9624	1.2796	0.0637	0.0517		1.9871	31.9917	447.1621	0.993	0.9848	present	572.496	572.5	555.09	568.75	0.1637	625.47	0.0515	562.53	741.65	591.13	680.3	471.9	611.33	584.67	787.7	457.98	603.31	484.75	620.72	427.45	558.8	568.59	609.77	172.123	NA	172.12	172.1	0.0773	223.64	0.0231	161.78	210.62	148.97	196.47	9.72	9.72	9.85	9.85	0.1194	9.76	0.0468	5.88	7993406	8232141	1000	/scratch.global/lanej/1000G/ngs_dose/1000G_highcov/crams/HG01170.cram	9ab0a0e8	184ab16e	9dd52ba1	3
HG01171	fetch	0.1.0+fae1124	38.553	150	434	450	0.0948	0.9746	1.2093	0.0658	0.0494		1.9994	59.7882	684.2393	1.9326	0.0019	present	528.592	528.59	509.63	508.91	0.1845	546.52	0.0532	488.31	551.0	528.69	586.64	409.19	464.15	494.04	568.16	401.5	457.94	415.86	486.37	355.73	399.45	531.2	556.54	134.051	NA	134.05	132.15	0.0784	160.2	0.0218	123.41	146.76	120.55	145.05	10.707	10.71	10.89	10.86	0.1339	10.82	0.0555	4.95	9132433	9413544	1000	/scratch.global/lanej/1000G/ngs_dose/1000G_highcov/crams/HG01171.cram	9ab0a0e8	184ab16e	9dd52ba1	3
HG01172	fetch	0.1.0+fae1124	36.57	150	442	450	0.0843	0.9635	1.2412	0.0639	0.0497		2.0145	69.2429	656.8627	0.9903	0.9797	present	735.651	735.65	711.25	719.54	0.1618	800.76	0.0581	716.9	938.37	745.32	856.92	610.29	794.3	780.47	1022.6	592.45	774.73	621.46	780.46	545.16	716.74	729.16	784.19	122.178	NA	122.18	123.36	0.0728	154.64	0.0245	116.58	146.35	102.5	131.62	10.636	10.64	10.97	10.94	0.1456	10.89	0.0485	5.1	9766823	9985589	1000	/scratch.global/lanej/1000G/ngs_dose/1000G_highcov/crams/HG01172.cram	9ab0a0e8	184ab16e	9dd52ba1	3
HG01173	fetch	0.1.0+fae1124	35.902	150	424	400	0.1012	0.963	1.2312	0.0492	0.0482		1.9887	25.6324	655.3014	0.9803	0.9665	present	363.939	363.94	348.3	355.2	0.1845	388.95	0.0497	339.24	432.45	364.59	415.96	257.89	319.84	362.89	466.32	271.01	345.01	298.72	369.26	252.55	319.01	362.46	388.53	133.304	NA	133.3	133.87	0.0678	166.82	0.0268	127.67	159.27	114.69	144.21	8.682	8.68	8.75	8.75	0.1189	8.69	0.0617	4.67	7622941	7872783	1000	/scratch.global/lanej/1000G/ngs_dose/1000G_highcov/crams/HG01173.cram	9ab0a0e8	184ab16e	9dd52ba1	3
HG01174	fetch	0.1.0+fae1124	37.002	150	439	450	0.1024	0.9585	1.2739	0.0738	0.0438		1.9882	53.1324	878.7842	1.9415	0.0031	present	265.53	265.53	253.31	255.13	0.1833	281.95	0.0486	249.93	301.37	266.33	308.32	199.71	241.02	233.1	289.45	193.97	236.68	204.63	253.65	179.62	213.67	263.99	284.51	233.734	NA	233.73	230.24	0.0844	295.79	0.0354	216.58	273.07	195.61	249.57	9.813	9.81	9.89	9.94	0.1171	9.83	0.0615	4.46	7340983	7603903	1000	/scratch.global/lanej/1000G/ngs_dose/1000G_highcov/crams/HG01174.cram	9ab0a0e8	184ab16e	9dd52ba1	3
HG01175	fetch	0.1.0+fae1124	35.815	150	448	450	0.094	0.9722	1.1969	0.0679	0.0465		1.9935	46.6312	633.8991	1.9372	0.0017	present	353.413	353.41	349.19	351.19	0.1655	385.66	0.0502	358.68	459.98	368.39	413.71	306.45	386.05	378.43	489.01	290.4	370.25	305.08	374.36	266.56	342.56	356.66	376.9	163.74	NA	163.74	163.77	0.0686	202.95	0.0264	148.56	184.61	139.88	175.86	9.775	9.78	9.92	9.95	0.1194	9.85	0.0573	5.82	7204045	7409413	1000	/scratch.global/lanej/1000G/ngs_dose/1000G_highcov/crams/HG01175.cram	9ab0a0e8	184ab16e	9dd52ba1	3
HG01176	fetch	0.1.0+fae1124	49.721	150	437	450	0.0809	0.9758	1.1764	0.0626	0.0411		2.0051	49.5178	672.3393	0.9846	0.9766	present	596.013	596.01	572.39	574.64	0.18	610.56	0.0565	554.43	614.36	583.92	641.88	422.91	472.7	562.58	638.96	432.03	486.01	463.71	533.48	395.69	434.95	598.25	625.95	216.052	NA	216.05	208.83	0.0944	253.52	0.0263	194.87	226.38	191.25	226.38	9.611	9.61	9.73	9.74	0.1114	9.69	0.047	5.52	12234131	12606241	1000	/scratch.global/lanej/1000G/ngs_dose/1000G_highcov/crams/HG01176.cram	9ab0a0e8	184ab16e	9dd52ba1	3
HG01177	fetch	0.1.0+fae1124	40.395	150	438	450	0.0755	0.9748	1.2229	0.0612	0.0396		2.0055	115.3425	622.1509	1.9585	0.0022	present	429.799	429.8	411.37	416.73	0.2058	442.57	0.0447	388.09	433.14	426.92	476.15	304.75	344.72	394.7	452.44	307.97	350.06	333.46	391.25	282.33	311.65	430.99	453.99	162.033	NA	162.03	157.39	0.0913	194.37	0.0247	149.01	176.76	142.0	171.54	9.635	9.64	9.74	9.77	0.1066	9.69	0.0431	6.09	9124140	9429339	1000	/scratch.global/lanej/1000G/ngs_dose/1000G_highcov/crams/HG01177.cram	9ab0a0e8	184ab16e	9dd52ba1	3
HG01178	fetch	0.1.0+fae1124	38.034	150	449	450	0.0921	0.9702	1.2173	0.054	0.0445		1.9882	84.4507	922.8942	0.986	0.9693	present	492.768	492.77	475.73	482.24	0.1528	527.37	0.0526	469.03	607.69	497.74	559.47	403.3	516.94	488.43	644.48	393.21	510.93	410.77	512.44	372.83	481.6	490.37	518.25	228.784	NA	228.78	230.98	0.0699	289.07	0.0272	210.14	263.45	195.03	251.29	9.47	9.47	9.7	9.76	0.1281	9.62	0.0506	4.48	8548526	8768840	1000	/scratch.global/lanej/1000G/ngs_dose/1000G_highcov/crams/HG01178.cram	9ab0a0e8	184ab16e	9dd52ba1	3
HG01182	fetch	0.1.0+fae1124	38.392	150	435	450	0.1069	0.9817	1.1463	0.0616	0.0342		1.9969	19.2589	689.5258	0.9941	0.9914	present	491.294	491.29	472.1	478.39	0.1919	490.52	0.0571	474.99	477.94	491.82	529.14	368.92	378.64	476.82	500.15	364.22	376.29	389.65	426.25	323.11	317.36	487.82	504.86	157.445	NA	157.45	155.36	0.0859	175.95	0.033	144.01	158.94	136.12	152.53	9.671	9.67	9.69	9.71	0.1102	9.66	0.0607	5.52	8851386	9142547	1000	/scratch.global/lanej/1000G/ngs_dose/1000G_highcov/crams/HG01182.cram	9ab0a0e8	184ab16e	9dd52ba1	3
HG01183	fetch	0.1.0+fae1124	41.769	150	432	450	0.0692	0.9591	1.3048	0.0589	0.0494		1.9973	45.1354	856.6775	1.9482	0.0026	present	510.734	510.73	504.68	506.88	0.1615	578.31	0.0476	493.86	677.84	532.37	624.38	415.77	563.1	507.63	708.95	406.86	558.28	428.45	561.38	378.07	513.14	523.16	566.86	189.722	NA	189.72	189.37	0.0706	250.14	0.0245	176.88	233.14	163.0	217.55	9.525	9.52	9.65	9.66	0.1105	9.56	0.0405	4.34	10378907	10690151	1000	/scratch.global/lanej/1000G/ngs_dose/1000G_highcov/crams/HG01183.cram	9ab0a0e8	184ab16e	9dd52ba1	3
HG01184	fetch	0.1.0+fae1124	38.398	150	456	450	0.0745	0.9588	1.2961	0.0638	0.0433		1.993	41.7633	761.6969	1.9464	0.0025	present	553.023	553.02	535.39	532.74	0.184	609.72	0.0513	518.41	697.2	564.68	660.22	420.61	558.53	534.93	730.41	405.95	545.84	440.03	572.98	373.63	500.47	559.61	604.42	191.878	NA	191.88	189.63	0.0858	253.42	0.0261	168.89	222.98	162.92	218.21	9.646	9.65	9.9	9.94	0.1163	9.8	0.0446	6.1	9166405	9412802	1000	/scratch.global/lanej/1000G/ngs_dose/1000G_highcov/crams/HG01184.cram	9ab0a0e8	184ab16e	9dd52ba1	3
HG01187	fetch	0.1.0+fae1124	37.24	150	437	450	0.0784	0.9822	1.1368	0.063	0.0463		2.0019	68.7709	755.7828	0.9901	0.9593	present	423.632	423.63	402.03	401.31	0.1916	419.09	0.0434	392.78	415.1	424.8	454.85	299.7	319.1	384.65	418.48	293.06	314.41	325.58	360.08	265.69	276.67	418.74	431.2	195.513	NA	195.51	191.46	0.0897	220.05	0.0253	178.51	199.95	171.87	194.17	9.605	9.61	9.66	9.67	0.1074	9.62	0.0456	5.62	8086765	8311277	1000	/scratch.global/lanej/1000G/ngs_dose/1000G_highcov/crams/HG01187.cram	9ab0a0e8	184ab16e	9dd52ba1	3
HG01188	fetch	0.1.0+fae1124	36.548	150	433	450	0.1037	0.9667	1.2482	0.058	0.0433		1.9911	85.0648	623.8787	1.9649	0.002	present	675.997	676.0	642.75	642.4	0.191	707.44	0.0613	629.19	768.01	691.48	783.55	509.76	618.4	638.89	799.77	489.14	600.94	539.97	662.13	462.73	558.17	666.14	707.17	254.041	NA	254.04	251.16	0.0799	316.81	0.0267	226.33	281.88	223.54	281.57	9.66	9.66	9.81	9.78	0.1128	9.73	0.0615	5.29	9673427	9941053	1000	/scratch.global/lanej/1000G/ngs_dose/1000G_highcov/crams/HG01188.cram	9ab0a0e8	184ab16e	9dd52ba1	3
HG01189	fetch	0.1.0+fae1124	37.571	150	447	450	0.0997	0.9652	1.2363	0.0749	0.0482		1.9971	61.3387	730.2997	0.9915	0.9708	present	583.46	583.46	564.16	570.21	0.1489	630.43	0.0582	562.12	735.53	595.7	675.75	487.83	624.74	610.45	804.98	477.4	619.17	495.49	617.03	436.79	569.46	578.22	617.08	340.051	NA	340.05	335.58	0.0728	426.02	0.0286	310.75	392.86	295.39	373.62	9.652	9.65	9.81	9.81	0.1154	9.75	0.0603	4.44	9014592	9234398	1000	/scratch.global/lanej/1000G/ngs_dose/1000G_highcov/crams/HG01189.cram	9ab0a0e8	184ab16e	9dd52ba1	3
HG01190	fetch	0.1.0+fae1124	37.927	150	439	450	0.101	0.9633	1.2552	0.0808	0.0507		2.0003	30.9344	733.8348	0.9888	0.9593	present	442.459	442.46	423.57	425.48	0.2058	469.53	0.0533	409.66	507.97	450.7	513.0	333.25	412.34	401.24	509.93	322.84	404.06	349.88	435.37	308.06	378.92	441.33	470.46	227.202	NA	227.2	222.14	0.0761	288.42	0.0294	197.27	248.85	200.5	257.9	9.809	9.81	9.94	9.94	0.1098	9.86	0.0604	5.6	8531210	8803795	1000	/scratch.global/lanej/1000G/ngs_dose/1000G_highcov/crams/HG01190.cram	9ab0a0e8	184ab16e	9dd52ba1	3
HG01191	fetch	0.1.0+fae1124	38.738	150	435	450	0.0925	0.9867	1.105	0.0822	0.0482		2.0137	62.7749	1093.3106	1.865	0.0034	present	484.241	484.24	456.48	453.12	0.2196	465.76	0.048	430.14	407.91	469.75	497.63	302.74	293.74	383.52	381.38	323.05	315.68	362.76	383.31	280.5	259.2	479.33	491.49	153.296	NA	153.3	148.27	0.1123	166.09	0.0231	135.65	145.44	133.52	144.7	9.868	9.87	9.89	9.87	0.114	9.86	0.0537	4.6	9074924	9373189	1000	/scratch.global/lanej/1000G/ngs_dose/1000G_highcov/crams/HG01191.cram	9ab0a0e8	184ab16e	9dd52ba1	3
HG01192	fetch	0.1.0+fae1124	35.304	150	442	450	0.0624	0.9696	1.2337	0.0683	0.0416		1.9959	29.7523	684.5741	1.0029	0.9778	present	453.823	453.82	432.33	432.45	0.2059	470.33	0.0404	441.05	527.87	462.75	516.38	334.14	396.92	421.57	517.22	333.91	402.12	356.33	432.21	308.23	366.93	447.15	470.05	158.507	NA	158.51	154.26	0.0904	196.96	0.0166	143.64	178.28	133.14	167.65	9.727	9.73	9.84	9.81	0.1123	9.75	0.0375	4.43	7471837	7693928	1000	/scratch.global/lanej/1000G/ngs_dose/1000G_highcov/crams/HG01192.cram	9ab0a0e8	184ab16e	9dd52ba1	3
HG01197	fetch	0.1.0+fae1124	36.038	150	437	450	0.0797	0.9908	1.0983	0.0838	0.038		1.9982	49.5618	624.6178	0.9982	0.9773	present	417.922	417.92	395.28	386.29	0.2159	396.35	0.0406	363.72	338.98	415.84	429.67	268.64	256.57	337.24	325.1	277.02	265.15	308.68	319.46	233.52	214.88	415.9	419.47	191.837	NA	191.84	187.08	0.1047	203.96	0.0266	175.46	184.3	163.02	173.74	10.291	10.29	10.34	10.34	0.1186	10.31	0.0431	4.89	7858922	8115392	1000	/scratch.global/lanej/1000G/ngs_dose/1000G_highcov/crams/HG01197.cram	9ab0a0e8	184ab16e	9dd52ba1	3
HG01198	fetch	0.1.0+fae1124	37.741	150	444	450	0.1124	0.9699	1.2308	0.0706	0.0395		1.9949	56.1742	1023.8165	1.9333	0.0025	present	411.688	411.69	388.73	390.54	0.2153	422.4	0.0581	379.06	432.53	419.26	475.29	307.9	356.71	372.29	441.75	302.91	354.09	321.92	385.51	281.16	314.49	403.08	426.96	188.402	NA	188.4	186.98	0.0803	230.26	0.0335	178.71	214.46	160.03	197.74	9.854	9.85	9.9	9.91	0.1129	9.84	0.066	4.9	8495118	8771612	1000	/scratch.global/lanej/1000G/ngs_dose/1000G_highcov/crams/HG01198.cram	9ab0a0e8	184ab16e	9dd52ba1	3
HG01199	fetch	0.1.0+fae1124	39.011	150	437	450	0.083	0.9625	1.295	0.0609	0.0414		1.9894	26.715	672.9122	0.9902	0.9787	present	376.819	376.82	361.5	361.01	0.1767	410.04	0.0485	356.29	481.49	390.88	453.25	298.2	396.61	366.26	505.29	286.98	387.71	306.29	399.11	266.57	357.03	374.04	401.44	250.001	NA	250.0	253.18	0.0813	330.28	0.0337	227.41	300.99	201.43	269.91	9.749	9.75	9.87	9.85	0.1088	9.77	0.0483	3.77	7846932	8085487	1000	/scratch.global/lanej/1000G/ngs_dose/1000G_highcov/crams/HG01199.cram	9ab0a0e8	184ab16e	9dd52ba1	3
HG01200	fetch	0.1.0+fae1124	37.352	150	435	450	0.0936	0.9697	1.2276	0.0751	0.042		2.0111	54.8956	638.13	0.9877	0.9881	present	665.8	665.8	645.49	643.82	0.1758	708.81	0.0602	642.74	784.87	686.9	776.82	517.45	628.55	636.45	799.15	504.92	621.69	539.5	659.82	474.78	572.58	667.94	706.97	188.594	NA	188.59	187.06	0.0914	234.43	0.0302	177.69	220.07	170.22	214.04	9.677	9.68	9.75	9.75	0.1133	9.67	0.0527	4.72	9755794	10019413	1000	/scratch.global/lanej/1000G/ngs_dose/1000G_highcov/crams/HG01200.cram	9ab0a0e8	184ab16e	9dd52ba1	3
HG01204	fetch	0.1.0+fae1124	34.458	150	421	400	0.0815	0.9612	1.2203	0.0615	0.0437		2.0032	30.2946	890.0627	0.991	0.9746	present	293.422	293.42	282.28	288.11	0.1739	313.18	0.0421	284.6	359.27	292.92	330.81	229.17	273.62	294.89	377.21	233.5	293.56	243.44	296.82	221.7	273.52	290.91	310.88	246.689	NA	246.69	246.57	0.0721	305.54	0.0232	222.91	275.81	213.16	265.09	7.748	7.75	7.83	7.8	0.1125	7.79	0.0466	5.28	6846004	7084135	1000	/scratch.global/lanej/1000G/ngs_dose/1000G_highcov/crams/HG01204.cram	9ab0a0e8	184ab16e	9dd52ba1	3
HG01205	fetch	0.1.0+fae1124	41.968	150	419	400	0.0862	0.9623	1.2343	0.0434	0.0454		2.0034	32.2846	798.0513	1.8414	0.0027	present	490.472	490.47	471.8	482.28	0.1802	528.53	0.0527	482.51	612.68	501.45	574.71	383.58	476.17	520.65	669.12	388.99	494.44	413.44	513.26	360.1	454.79	483.72	520.66	148.547	NA	148.55	149.12	0.0812	186.89	0.0288	143.8	179.42	126.29	159.96	10.31	10.31	10.38	10.41	0.1172	10.32	0.0517	5.81	9826147	10140347	1000	/scratch.global/lanej/1000G/ngs_dose/1000G_highcov/crams/HG01205.cram	9ab0a0e8	184ab16e	9dd52ba1	3
HG01206	fetch	0.1.0+fae1124	35.881	150	445	450	0.0646	0.9718	1.2284	0.0785	0.0422		1.9884	19.2036	679.0182	0.9938	0.9822	present	319.471	319.47	302.73	303.86	0.2262	329.63	0.0403	298.2	360.02	326.62	363.99	235.13	282.06	295.94	364.04	230.6	279.66	251.12	303.96	208.98	251.39	314.27	330.32	171.447	NA	171.45	169.08	0.0856	211.73	0.0185	156.49	192.8	146.69	183.42	7.802	7.8	7.82	7.83	0.1225	7.76	0.0387	4.08	6653700	6862158	1000	/scratch.global/lanej/1000G/ngs_dose/1000G_highcov/crams/HG01206.cram	9ab0a0e8	184ab16e	9dd52ba1	3
HG01241	fetch	0.1.0+fae1124	37.887	150	428	450	0.067	0.9855	1.1531	0.0594	0.0382		1.9921	54.4887	823.9993	0.994	0.9719	present	512.218	512.22	485.26	474.61	0.2017	510.0	0.0422	454.94	505.07	531.95	569.99	370.89	415.38	459.87	521.33	368.59	415.1	406.28	460.93	331.95	366.45	504.91	519.1	219.944	NA	219.94	215.69	0.0863	253.94	0.0229	212.71	242.14	188.58	220.34	9.428	9.43	9.48	9.46	0.1243	9.42	0.0407	6.04	8399778	8636772	1000	/scratch.global/lanej/1000G/ngs_dose/1000G_highcov/crams/HG01241.cram	9ab0a0e8	184ab16e	9dd52ba1	3
HG01242	fetch	0.1.0+fae1124	36.834	150	427	450	0.0918	0.9577	1.2843	0.0549	0.056		1.9943	13.3141	660.9697	1.9258	0.0024	present	412.909	412.91	393.13	392.83	0.2059	441.19	0.0526	383.68	487.18	421.18	488.42	306.26	388.4	393.82	512.3	303.44	388.93	329.76	418.2	277.58	348.64	408.35	439.03	242.604	NA	242.6	236.24	0.0859	312.77	0.0263	221.22	283.27	210.26	274.27	9.509	9.51	9.65	9.68	0.117	9.57	0.0572	5.25	8110002	8351242	1000	/scratch.global/lanej/1000G/ngs_dose/1000G_highcov/crams/HG01242.cram	9ab0a0e8	184ab16e	9dd52ba1	3
HG01243	fetch	0.1.0+fae1124	36.301	150	438	450	0.0676	0.9773	1.1958	0.0785	0.0434		1.9955	22.3061	1080.6293	0.9899	0.9759	present	514.125	514.13	490.79	488.5	0.2023	529.01	0.0465	480.68	570.36	526.01	579.1	382.08	451.15	447.4	535.85	386.43	459.35	409.01	483.35	336.76	399.85	509.56	532.06	294.648	NA	294.65	290.23	0.0893	353.82	0.0246	253.6	303.79	252.27	306.03	9.794	9.79	10.02	10.04	0.1227	9.95	0.0411	3.63	8193326	8410224	1000	/scratch.global/lanej/1000G/ngs_dose/1000G_highcov/crams/HG01243.cram	9ab0a0e8	184ab16e	9dd52ba1	3
HG01247	fetch	0.1.0+fae1124	36.782	150	437	450	0.0823	0.9614	1.2811	0.0572	0.041		1.9908	117.0948	609.7302	0.9886	0.9761	present	463.88	463.88	447.26	448.58	0.1651	503.77	0.0466	447.9	591.57	476.19	549.56	368.81	481.48	455.95	610.31	359.72	474.91	382.05	488.37	333.58	438.62	461.21	494.07	142.416	NA	142.42	144.84	0.0876	184.19	0.0299	132.01	170.47	113.08	148.23	9.518	9.52	9.61	9.6	0.1095	9.52	0.0471	4.83	8528366	8779630	1000	/scratch.global/lanej/1000G/ngs_dose/1000G_highcov/crams/HG01247.cram	9ab0a0e8	184ab16e	9dd52ba1	3
HG01248	fetch	0.1.0+fae1124	48.965	150	428	450	0.0999	0.9649	1.2251	0.0546	0.0434		1.9841	31.1243	543.5058	1.8944	0.0026	present	389.735	389.73	380.02	381.1	0.1558	422.96	0.0566	385.64	485.2	396.74	453.97	319.69	400.87	404.65	520.17	314.94	399.28	327.72	406.19	291.34	363.79	390.11	417.08	144.294	NA	144.29	142.55	0.069	181.04	0.0311	130.96	162.97	128.03	162.89	10.444	10.44	10.59	10.59	0.1113	10.52	0.061	5.41	10700893	11060169	1000	/scratch.global/lanej/1000G/ngs_dose/1000G_highcov/crams/HG01248.cram	9ab0a0e8	184ab16e	9dd52ba1	3
HG01249	fetch	0.1.0+fae1124	34.728	150	433	450	0.0654	0.9682	1.2168	0.0643	0.0508		2.0095	21.4881	768.0992	1.9312	0.0018	present	496.26	496.26	475.15	471.7	0.1887	521.88	0.0435	468.88	572.69	498.59	561.68	366.54	448.35	434.59	544.86	359.11	444.13	385.24	471.01	325.3	394.32	495.91	524.98	133.586	NA	133.59	132.06	0.0847	166.23	0.0197	123.78	152.04	112.46	142.25	9.75	9.75	9.91	9.93	0.131	9.84	0.0362	5.43	7530598	7750495	1000	/scratch.global/lanej/1000G/ngs_dose/1000G_highcov/crams/HG01249.cram	9ab0a0e8	184ab16e	9dd52ba1	3
HG01250	fetch	0.1.0+fae1124	41.833	150	428	450	0.0819	0.9613	1.2653	0.0675	0.0433		2.0135	9.8749	896.66	0.9931	0.968	present	423.865	423.86	410.31	414.13	0.1686	461.06	0.0487	406.25	521.54	426.09	490.8	350.14	447.89	436.63	569.88	339.39	438.1	356.79	448.57	309.55	394.66	422.31	454.62	226.394	NA	226.39	226.3	0.0774	287.53	0.0249	217.64	273.95	189.55	244.08	9.679	9.68	9.76	9.8	0.1035	9.69	0.0485	4.56	9505879	9796404	1000	/scratch.global/lanej/1000G/ngs_dose/1000G_highcov/crams/HG01250.cram	9ab0a0e8	184ab16e	9dd52ba1	3
HG01251	fetch	0.1.0+fae1124	36.006	150	434	450	0.0996	0.9695	1.2394	0.0694	0.0349		1.9896	28.4039	763.1915	1.9568	0.0029	present	643.396	643.4	624.16	624.35	0.1804	683.18	0.0589	602.81	731.13	658.43	741.01	501.13	606.58	603.04	744.93	480.97	587.54	514.92	628.83	453.84	549.02	649.82	685.95	144.082	NA	144.08	141.97	0.0807	179.66	0.0233	133.41	165.31	124.97	157.9	9.668	9.67	9.73	9.73	0.1161	9.66	0.0588	6.01	9576393	9836052	1000	/scratch.global/lanej/1000G/ngs_dose/1000G_highcov/crams/HG01251.cram	9ab0a0e8	184ab16e	9dd52ba1	3
HG01252	fetch	0.1.0+fae1124	39.079	150	446	450	0.0722	0.9602	1.2787	0.0601	0.0428		1.9886	55.5175	769.2656	0.9848	0.9761	present	561.116	561.12	541.24	546.79	0.184	611.51	0.0487	541.25	707.16	571.6	668.67	449.65	582.45	554.5	741.02	435.44	571.64	456.93	587.31	409.54	530.65	558.98	601.73	235.479	NA	235.48	238.15	0.0818	307.33	0.0204	217.44	282.97	198.86	263.06	9.636	9.64	9.75	9.77	0.1135	9.66	0.0429	4.95	9127760	9378379	1000	/scratch.global/lanej/1000G/ngs_dose/1000G_highcov/crams/HG01252.cram	9ab0a0e8	184ab16e	9dd52ba1	3
HG01253	fetch	0.1.0+fae1124	37.753	150	405	400	0.0795	0.9572	1.2684	0.0522	0.0522		1.9937	92.9058	699.4583	0.9963	0.9725	present	428.61	428.61	413.95	419.8	0.1504	471.3	0.0462	415.45	555.69	432.7	503.0	348.42	441.84	426.64	574.53	346.64	459.44	365.27	465.27	326.75	429.22	425.2	461.68	173.513	NA	173.51	175.57	0.0665	223.94	0.0243	149.96	194.53	151.51	196.05	9.681	9.68	9.83	9.86	0.1115	9.76	0.0453	4.73	8370960	8651981	1000	/scratch.global/lanej/1000G/ngs_dose/1000G_highcov/crams/HG01253.cram	9ab0a0e8	184ab16e	9dd52ba1	3
HG01254	fetch	0.1.0+fae1124	42.444	150	437	450	0.0622	0.9762	1.1915	0.0529	0.0492		2.0064	33.6934	651.3621	1.8795	0.0025	present	385.192	385.19	364.13	364.01	0.2079	388.66	0.0374	355.12	399.8	393.45	431.53	274.4	308.59	336.68	390.54	262.97	299.41	297.77	346.66	247.82	276.11	379.07	395.34	140.967	NA	140.97	141.25	0.1117	167.93	0.0211	135.55	161.01	119.65	143.94	9.395	9.4	9.52	9.53	0.1182	9.47	0.035	5.62	8806805	9096661	1000	/scratch.global/lanej/1000G/ngs_dose/1000G_highcov/crams/HG01254.cram	9ab0a0e8	184ab16e	9dd52ba1	3
HG01255	fetch	0.1.0+fae1124	39.071	150	438	450	0.0671	0.9631	1.2951	0.0727	0.0482		1.999	128.2677	809.7498	0.9863	0.9667	present	375.486	375.49	359.76	356.66	0.1858	407.47	0.0434	365.87	490.8	387.95	451.64	304.77	403.33	378.54	515.17	293.32	393.22	305.88	398.24	270.17	362.14	369.77	396.6	166.11	NA	166.11	167.13	0.0774	220.08	0.0227	143.56	189.96	139.75	188.21	9.549	9.55	9.66	9.67	0.1181	9.56	0.0403	5.54	8708819	8937365	1000	/scratch.global/lanej/1000G/ngs_dose/1000G_highcov/crams/HG01255.cram	9ab0a0e8	184ab16e	9dd52ba1	3
HG01256	fetch	0.1.0+fae1124	40.398	150	425	400	0.0791	0.96	1.2319	0.0559	0.0482		1.9899	24.2135	764.2114	0.9982	0.9737	present	295.237	295.24	286.92	290.21	0.1525	321.91	0.0424	277.05	356.64	302.83	345.34	227.16	286.44	305.05	395.86	233.64	301.92	250.58	311.13	219.81	280.16	297.06	319.54	147.925	NA	147.93	148.51	0.0683	185.28	0.0235	138.22	170.95	128.45	162.12	9.655	9.65	9.74	9.77	0.1098	9.68	0.0479	5.65	7963353	8241176	1000	/scratch.global/lanej/1000G/ngs_dose/1000G_highcov/crams/HG01256.cram	9ab0a0e8	184ab16e	9dd52ba1	3
HG01257	fetch	0.1.0+fae1124	37.043	150	432	450	0.1017	0.966	1.259	0.0654	0.0446		2.0047	24.1416	723.5146	1.8881	0.003	present	708.126	708.13	675.6	674.15	0.1918	752.02	0.0628	662.83	832.39	716.2	821.58	520.91	647.55	689.42	880.71	516.52	650.11	560.91	702.66	477.11	599.6	702.63	750.68	185.29	NA	185.29	180.42	0.0846	237.38	0.0297	164.79	210.73	162.34	211.22	9.825	9.83	9.95	9.92	0.1098	9.87	0.0626	5.06	9794302	10062076	1000	/scratch.global/lanej/1000G/ngs_dose/1000G_highcov/crams/HG01257.cram	9ab0a0e8	184ab16e	9dd52ba1	3
HG01258	fetch	0.1.0+fae1124	38.751	150	443	450	0.076	0.964	1.2679	0.057	0.0418		1.9966	89.5432	761.236	0.9886	0.98	present	543.802	543.8	520.99	523.96	0.1757	587.68	0.0505	524.35	700.02	552.15	639.17	419.38	551.42	520.33	705.89	414.21	552.17	441.23	566.59	388.12	515.29	538.37	576.12	147.695	NA	147.69	148.61	0.0684	191.78	0.0214	135.42	176.05	131.62	173.28	9.75	9.75	9.86	9.88	0.1087	9.76	0.0457	4.48	8887211	9124843	1000	/scratch.global/lanej/1000G/ngs_dose/1000G_highcov/crams/HG01258.cram	9ab0a0e8	184ab16e	9dd52ba1	3
HG01259	fetch	0.1.0+fae1124	37.995	150	441	450	0.0857	0.9814	1.147	0.0686	0.0645		1.9887	33.0618	837.3014	0.9844	0.9723	present	445.582	445.58	416.5	419.65	0.2285	429.74	0.0449	389.58	381.03	424.48	456.46	285.02	286.61	334.13	340.15	292.91	295.58	316.68	344.26	256.72	247.11	440.16	453.69	157.645	NA	157.64	151.2	0.1041	176.29	0.0203	137.8	151.44	137.02	154.02	10.339	10.34	10.55	10.55	0.1192	10.51	0.0504	6.27	8503512	8760460	1000	/scratch.global/lanej/1000G/ngs_dose/1000G_highcov/crams/HG01259.cram	9ab0a0e8	184ab16e	9dd52ba1	3
HG01260	fetch	0.1.0+fae1124	41.944	150	430	450	0.0956	0.965	1.2458	0.0686	0.0512		1.9979	34.9783	599.8637	1.9444	0.0026	present	566.422	566.42	546.52	545.04	0.1698	607.97	0.0599	558.01	710.02	581.5	662.03	472.3	596.99	592.15	764.58	454.53	580.26	477.22	595.35	424.13	538.38	558.73	595.27	159.935	NA	159.93	159.46	0.0687	202.46	0.0294	141.37	177.95	137.46	176.55	9.518	9.52	9.68	9.71	0.1172	9.62	0.0562	4.26	10107306	10400688	1000	/scratch.global/lanej/1000G/ngs_dose/1000G_highcov/crams/HG01260.cram	9ab0a0e8	184ab16e	9dd52ba1	3
HG01261	fetch	0.1.0+fae1124	38.491	150	449	450	0.0702	0.9557	1.3305	0.0691	0.0435		2.0015	12.4753	657.6376	0.9995	0.9795	present	520.754	520.75	497.08	497.01	0.196	571.95	0.0483	500.99	695.01	540.05	636.92	412.39	561.47	505.54	712.37	394.36	544.99	419.54	558.08	360.27	496.63	513.0	556.5	146.165	NA	146.16	144.23	0.0789	197.0	0.0195	119.18	161.33	127.13	173.68	9.695	9.69	9.86	9.9	0.1243	9.75	0.0407	6.72	8679732	8926025	1000	/scratch.global/lanej/1000G/ngs_dose/1000G_highcov/crams/HG01261.cram	9ab0a0e8	184ab16e	9dd52ba1	3
HG01269	fetch	0.1.0+fae1124	38.114	150	419	400	0.0952	0.9658	1.2799	0.0496	0.0378		2.0001	36.078	868.4805	1.9381	0.003	present	314.164	314.16	303.06	303.14	0.1726	340.16	0.0492	305.1	398.72	328.84	379.05	236.22	290.98	292.43	387.68	238.73	311.15	256.82	324.21	226.09	287.51	313.66	336.1	90.761	NA	90.76	90.46	0.0711	116.7	0.0323	88.08	113.03	78.22	101.0	9.596	9.6	9.57	9.58	0.1078	9.48	0.0545	4.97	8190912	8469625	1000	/scratch.global/lanej/1000G/ngs_dose/1000G_highcov/crams/HG01269.cram	9ab0a0e8	184ab16e	9dd52ba1	3
HG01271	fetch	0.1.0+fae1124	39.713	150	438	450	0.107	0.9638	1.2715	0.0617	0.0519		1.9948	245.8347	862.1649	0.9824	0.9671	present	547.474	547.47	518.14	519.26	0.1828	571.78	0.0587	499.53	580.28	516.76	599.18	388.96	455.38	460.69	553.72	396.27	468.4	407.31	498.51	364.64	416.76	544.91	585.36	204.159	NA	204.16	200.5	0.0872	255.84	0.0282	188.41	234.63	179.46	226.32	10.369	10.37	10.59	10.6	0.1201	10.52	0.0644	5.59	10498437	10814940	1000	/scratch.global/lanej/1000G/ngs_dose/1000G_highcov/crams/HG01271.cram	9ab0a0e8	184ab16e	9dd52ba1	3
HG01272	fetch	0.1.0+fae1124	36.87	150	424	400	0.0994	0.9682	1.2558	0.056	0.0653		2.0061	55.971	698.4817	1.8988	0.0033	present	394.422	394.42	385.69	386.72	0.2351	428.0	0.0553	332.12	412.44	357.28	406.28	249.63	305.06	328.29	415.19	268.98	334.97	278.5	345.34	249.82	310.47	420.87	449.24	318.056	NA	318.06	313.04	0.0778	401.9	0.0333	276.41	345.64	283.7	361.23	9.385	9.38	9.54	9.55	0.1202	9.47	0.0587	4.55	8370015	8646689	1000	/scratch.global/lanej/1000G/ngs_dose/1000G_highcov/crams/HG01272.cram	9ab0a0e8	184ab16e	9dd52ba1	3
HG01273	fetch	0.1.0+fae1124	37.96	150	451	450	0.0697	0.9613	1.3045	0.053	0.0459		2.0116	45.6183	792.704	0.9996	0.9746	present	486.627	486.63	466.69	465.13	0.1835	532.95	0.0465	476.67	649.41	492.6	576.29	374.83	505.63	462.81	643.47	361.23	493.95	384.77	506.03	349.87	473.18	483.64	521.99	185.444	NA	185.44	185.2	0.076	247.18	0.022	166.0	219.86	161.5	219.04	10.087	10.09	10.24	10.23	0.1139	10.14	0.04	4.95	8411596	8653992	1000	/scratch.global/lanej/1000G/ngs_dose/1000G_highcov/crams/HG01273.cram	9ab0a0e8	184ab16e	9dd52ba1	3
HG01274	fetch	0.1.0+fae1124	37.852	150	438	450	0.0954	0.9604	1.2557	0.0483	0.0415		1.9959	29.4633	820.783	0.9882	0.9708	present	433.607	433.61	421.26	429.56	0.1583	478.79	0.0517	408.04	557.67	440.44	508.02	351.87	472.47	415.35	577.2	337.28	459.73	357.28	460.5	318.51	431.55	437.39	470.55	188.906	NA	188.91	188.54	0.0765	244.72	0.0344	176.57	229.05	152.58	200.5	9.94	9.94	10.06	10.1	0.1057	9.98	0.0544	3.86	8002036	8226874	1000	/scratch.global/lanej/1000G/ngs_dose/1000G_highcov/crams/HG01274.cram	9ab0a0e8	184ab16e	9dd52ba1	3
HG01275	fetch	0.1.0+fae1124	37.07	150	446	450	0.1133	0.9702	1.1869	0.0732	0.0533		1.998	170.2937	706.9826	1.9141	0.0029	present	388.538	388.54	374.27	374.76	0.2165	401.04	0.0557	368.29	405.3	394.49	438.13	289.31	321.2	359.71	408.74	281.85	315.62	305.04	352.61	256.66	278.5	389.06	409.64	194.913	NA	194.91	190.22	0.0903	230.02	0.0296	177.66	207.99	166.95	198.36	9.715	9.71	9.84	9.86	0.1163	9.8	0.0679	5.39	8370169	8640243	1000	/scratch.global/lanej/1000G/ngs_dose/1000G_highcov/crams/HG01275.cram	9ab0a0e8	184ab16e	9dd52ba1	3
HG01276	fetch	0.1.0+fae1124	34.378	150	437	450	0.0688	0.9772	1.1952	0.0744	0.0434		1.9982	19.3352	662.7675	1.9488	0.0021	present	371.696	371.7	358.37	359.37	0.1934	386.72	0.0423	355.27	409.33	374.74	416.88	281.23	325.94	336.42	402.46	271.76	318.94	292.19	346.87	256.67	290.71	372.7	391.29	172.969	NA	172.97	170.53	0.0904	209.6	0.0242	156.35	187.27	137.4	168.48	9.965	9.96	10.02	10.0	0.1096	9.96	0.0409	4.46	6853212	7055312	1000	/scratch.global/lanej/1000G/ngs_dose/1000G_highcov/crams/HG01276.cram	9ab0a0e8	184ab16e	9dd52ba1	3
HG01277	fetch	0.1.0+fae1124	36.166	150	434	450	0.0951	0.9571	1.3057	0.0729	0.0456		1.986	23.0726	676.4659	0.9865	0.9725	present	528.821	528.82	503.18	508.71	0.2031	570.55	0.0563	495.9	650.48	540.06	633.55	392.67	513.41	503.96	678.43	385.82	511.02	417.07	542.97	361.48	470.3	523.14	564.18	123.759	NA	123.76	122.26	0.0884	164.27	0.0248	117.18	153.96	104.01	140.46	9.868	9.87	9.92	9.91	0.1096	9.82	0.0569	4.46	8914685	9178231	1000	/scratch.global/lanej/1000G/ngs_dose/1000G_highcov/crams/HG01277.cram	9ab0a0e8	184ab16e	9dd52ba1	3
HG01278	fetch	0.1.0+fae1124	37.172	150	445	450	0.066	0.9567	1.3268	0.0608	0.05		2.016	38.9706	781.5543	1.9489	0.0019	present	504.216	504.22	488.6	493.69	0.1869	559.63	0.0472	490.86	666.11	506.24	597.43	391.48	523.46	474.42	658.51	377.46	512.9	400.55	530.23	348.56	469.23	508.65	551.15	182.58	NA	182.58	183.99	0.08	245.95	0.0187	169.35	228.08	150.19	205.53	9.5	9.5	9.66	9.69	0.1218	9.56	0.0392	4.14	8258823	8493420	1000	/scratch.global/lanej/1000G/ngs_dose/1000G_highcov/crams/HG01278.cram	9ab0a0e8	184ab16e	9dd52ba1	3
HG01279	fetch	0.1.0+fae1124	34.706	150	444	450	0.0727	0.9776	1.202	0.0614	0.0453		2.0125	48.4471	669.6869	1.9419	0.002	present	515.626	515.63	493.95	494.99	0.1995	528.02	0.0456	460.78	521.66	520.94	573.99	380.41	433.94	482.86	560.47	367.47	422.13	402.15	470.78	344.65	386.82	517.21	539.18	149.948	NA	149.95	148.88	0.0927	179.33	0.0193	129.67	153.69	130.07	156.97	9.725	9.72	9.78	9.76	0.1182	9.72	0.0423	4.57	7625375	7847952	1000	/scratch.global/lanej/1000G/ngs_dose/1000G_highcov/crams/HG01279.cram	9ab0a0e8	184ab16e	9dd52ba1	3
HG01280	fetch	0.1.0+fae1124	38.32	150	421	400	0.0936	0.9638	1.2696	0.055	0.0362		1.9956	16.0947	844.4369	0.9847	0.9618	present	449.975	449.98	430.6	432.03	0.1975	485.13	0.0554	424.99	566.37	459.36	527.48	328.42	415.1	426.62	573.81	345.21	457.12	361.83	459.89	323.58	422.79	447.89	479.9	125.868	NA	125.87	127.08	0.076	162.54	0.028	114.23	147.81	107.95	139.95	9.414	9.41	9.47	9.47	0.1081	9.37	0.0561	3.3	8639623	8913776	1000	/scratch.global/lanej/1000G/ngs_dose/1000G_highcov/crams/HG01280.cram	9ab0a0e8	184ab16e	9dd52ba1	3
HG01281	fetch	0.1.0+fae1124	38.326	150	453	450	0.101	0.9683	1.2369	0.0661	0.0509		2.0071	33.8754	654.6456	1.9349	0.0028	present	420.272	420.27	394.13	397.19	0.223	434.33	0.0558	366.24	430.37	392.13	449.95	282.88	334.68	352.21	422.16	283.91	337.81	308.17	373.77	262.26	307.15	417.46	447.47	139.983	NA	139.98	138.99	0.0925	173.54	0.0257	124.15	152.64	126.64	158.46	9.69	9.69	9.8	9.81	0.1203	9.74	0.0593	4.27	8351223	8627548	1000	/scratch.global/lanej/1000G/ngs_dose/1000G_highcov/crams/HG01281.cram	9ab0a0e8	184ab16e	9dd52ba1	3
HG01284	fetch	0.1.0+fae1124	36.778	150	432	450	0.0987	0.9712	1.2647	0.0607	0.0473		1.9994	25.0002	616.2144	1.9063	0.003	present	541.553	541.55	514.75	516.42	0.2074	571.84	0.0557	494.41	624.91	553.91	632.8	404.16	505.21	498.1	642.19	381.19	482.7	425.96	533.12	365.93	459.14	536.8	571.36	206.433	NA	206.43	201.5	0.0811	262.81	0.0281	184.39	235.25	184.93	237.97	9.625	9.63	9.69	9.69	0.1105	9.6	0.058	4.44	8905199	9178603	1000	/scratch.global/lanej/1000G/ngs_dose/1000G_highcov/crams/HG01284.cram	9ab0a0e8	184ab16e	9dd52ba1	3
HG01286	fetch	0.1.0+fae1124	41.14	150	446	450	0.1377	0.9803	1.1588	0.0645	0.0423		1.9963	163.3893	820.2003	0.9875	0.9833	present	397.37	397.37	378.55	381.77	0.1999	399.3	0.0656	363.34	397.31	397.27	430.77	288.8	316.09	350.04	391.89	279.4	308.47	303.18	342.88	253.8	275.11	395.75	410.19	219.461	NA	219.46	218.5	0.0827	252.92	0.0465	196.96	226.64	183.95	213.26	9.619	9.62	9.79	9.87	0.1484	9.73	0.0804	4.74	9298790	9583415	1000	/scratch.global/lanej/1000G/ngs_dose/1000G_highcov/crams/HG01286.cram	9ab0a0e8	184ab16e	9dd52ba1	3
HG01302	fetch	0.1.0+fae1124	36.938	150	424	400	0.071	0.9632	1.2439	0.0604	0.0481		1.9951	10.5856	763.0506	0.9986	0.9764	present	579.483	579.48	559.26	571.39	0.1825	623.64	0.0484	563.26	710.64	594.07	678.98	460.58	554.75	617.08	793.49	470.23	595.12	486.59	601.48	430.81	531.68	574.24	616.12	169.631	NA	169.63	168.42	0.0865	213.66	0.0222	160.07	199.63	148.29	188.06	9.759	9.76	9.89	9.94	0.1135	9.83	0.0439	5.34	9456607	9735035	1000	/scratch.global/lanej/1000G/ngs_dose/1000G_highcov/crams/HG01302.cram	9ab0a0e8	184ab16e	9dd52ba1	3
HG01303	fetch	0.1.0+fae1124	34.141	150	434	450	0.0679	0.9878	1.1356	0.0643	0.0372	chr5,chr12	2.0665	65.0902	747.1811	1.9593	0.0031	present	347.628	347.63	335.57	343.01	0.2156	347.79	0.0375	334.34	362.35	361.38	383.14	262.31	285.22	336.02	368.06	248.49	271.1	279.54	309.66	227.92	246.89	347.02	353.06	220.08	NA	220.08	214.66	0.0971	247.87	0.0211	197.0	220.73	192.61	218.43	9.645	9.65	9.64	9.66	0.1104	9.58	0.039	3.71	7150436	7359616	1000	/scratch.global/lanej/1000G/ngs_dose/1000G_highcov/crams/HG01303.cram	9ab0a0e8	184ab16e	9dd52ba1	3
HG01305	fetch	0.1.0+fae1124	37.426	150	415	400	0.0925	0.965	1.2913	0.0671	0.0409		2.0045	20.2948	756.6332	0.9923	0.9744	present	423.506	423.51	407.31	414.02	0.1814	456.38	0.0532	404.41	523.22	439.06	504.96	316.37	384.61	405.14	532.41	325.23	418.5	344.74	434.17	296.84	374.39	422.2	452.63	207.75	NA	207.75	204.79	0.0786	267.08	0.0298	197.56	254.42	183.71	236.87	10.975	10.97	10.99	11.01	0.1309	10.89	0.0539	6.98	9343436	9584508	1000	/scratch.global/lanej/1000G/ngs_dose/1000G_highcov/crams/HG01305.cram	9ab0a0e8	184ab16e	9dd52ba1	3
HG01308	fetch	0.1.0+fae1124	36.828	150	429	450	0.0689	0.9883	1.1289	0.0626	0.061		2.003	98.4939	693.9534	0.986	0.975	present	675.077	675.08	647.69	645.42	0.2145	671.69	0.0462	620.94	649.12	690.29	735.3	504.4	534.27	628.12	675.31	488.32	520.1	542.14	596.28	457.42	472.91	671.8	688.82	204.711	NA	204.71	204.16	0.0868	229.58	0.0241	182.79	202.67	168.05	189.75	9.968	9.97	10.11	10.13	0.1265	10.06	0.0404	5.84	9366019	9594404	1000	/scratch.global/lanej/1000G/ngs_dose/1000G_highcov/crams/HG01308.cram	9ab0a0e8	184ab16e	9dd52ba1	3
HG01311	fetch	0.1.0+fae1124	38.767	150	448	450	0.1019	0.9639	1.2361	0.0645	0.0425		1.9997	19.1545	672.4081	0.9798	0.9837	present	572.446	572.45	537.6	532.79	0.2004	592.5	0.0565	516.99	618.37	564.49	644.44	407.68	488.57	517.03	632.14	409.33	494.9	437.73	534.35	376.11	448.17	561.72	599.8	152.423	NA	152.42	150.6	0.076	190.16	0.0278	139.85	173.04	136.57	172.52	9.691	9.69	9.74	9.78	0.1116	9.68	0.0577	5.08	9079938	9351377	1000	/scratch.global/lanej/1000G/ngs_dose/1000G_highcov/crams/HG01311.cram	9ab0a0e8	184ab16e	9dd52ba1	3
HG01312	fetch	0.1.0+fae1124	37.609	150	445	450	0.1077	0.9702	1.2141	0.0627	0.0388		1.9951	13.2608	699.4358	1.9561	0.0022	present	444.452	444.45	421.11	416.06	0.189	455.4	0.0554	410.35	467.3	438.65	492.34	325.5	373.35	388.61	459.09	314.69	365.2	339.35	403.81	295.32	331.51	439.62	463.61	177.688	NA	177.69	173.74	0.0905	216.55	0.0305	164.31	197.98	152.62	188.22	9.627	9.63	9.71	9.73	0.1075	9.65	0.0642	5.87	8546492	8806246	1000	/scratch.global/lanej/1000G/ngs_dose/1000G_highcov/crams/HG01312.cram	9ab0a0e8	184ab16e	9dd52ba1	3
HG01323	fetch	0.1.0+fae1124	37.722	150	428	450	0.0759	0.9698	1.2334	0.0638	0.0484		1.9854	46.9898	559.1843	1.9108	0.0027	present	511.807	511.81	499.26	503.26	0.1739	550.94	0.0477	482.45	612.49	532.96	597.77	409.97	515.67	506.54	653.2	405.68	516.0	429.96	530.38	387.19	488.81	515.95	545.16	123.012	NA	123.01	121.57	0.0792	153.43	0.0252	108.34	134.56	107.24	135.66	10.292	10.29	10.25	10.18	0.1242	10.17	0.0451	5.47	8979412	9243360	1000	/scratch.global/lanej/1000G/ngs_dose/1000G_highcov/crams/HG01323.cram	9ab0a0e8	184ab16e	9dd52ba1	3
HG01325	fetch	0.1.0+fae1124	38.016	150	435	450	0.0986	0.958	1.2791	0.0692	0.0505		1.9973	162.7493	882.3167	0.9956	0.9775	present	465.67	465.67	435.47	439.39	0.2219	485.7	0.0544	422.05	500.84	454.87	533.35	336.46	402.58	414.96	508.42	332.12	401.2	351.9	437.88	300.54	353.09	454.91	492.42	130.694	NA	130.69	126.41	0.0952	166.88	0.0225	114.07	144.1	113.48	146.54	9.699	9.7	9.87	9.92	0.1236	9.8	0.0547	4.85	9209182	9473965	1000	/scratch.global/lanej/1000G/ngs_dose/1000G_highcov/crams/HG01325.cram	9ab0a0e8	184ab16e	9dd52ba1	3
HG01326	fetch	0.1.0+fae1124	37.83	150	436	450	0.0992	0.9746	1.185	0.0749	0.0408		1.9963	77.2062	558.4411	1.9553	0.0031	present	515.595	515.6	496.66	494.91	0.1956	526.84	0.0551	497.71	526.9	517.63	571.75	390.89	419.96	495.78	545.02	376.88	408.06	409.65	466.08	352.33	366.08	513.91	538.65	161.01	NA	161.01	157.06	0.0922	187.48	0.0271	141.81	163.52	141.27	165.27	9.574	9.57	9.73	9.77	0.117	9.69	0.0589	4.17	9017051	9310393	1000	/scratch.global/lanej/1000G/ngs_dose/1000G_highcov/crams/HG01326.cram	9ab0a0e8	184ab16e	9dd52ba1	3
HG01334	fetch	0.1.0+fae1124	37.981	150	422	400	0.1105	0.9649	1.2512	0.0552	0.0349		2.0045	15.0678	714.5266	0.9992	0.9763	present	388.752	388.75	374.47	379.49	0.1937	415.93	0.0607	362.08	454.8	401.49	457.83	278.45	337.23	365.89	467.65	295.4	370.17	311.89	386.81	271.76	338.67	390.9	417.15	154.993	NA	154.99	154.76	0.0832	196.07	0.0349	136.7	172.35	135.85	172.79	9.679	9.68	9.75	9.73	0.1107	9.66	0.0618	4.62	8394710	8660012	1000	/scratch.global/lanej/1000G/ngs_dose/1000G_highcov/crams/HG01334.cram	9ab0a0e8	184ab16e	9dd52ba1	3
HG01341	fetch	0.1.0+fae1124	37.86	150	447	450	0.1026	0.9721	1.2066	0.0601	0.0439		1.9997	116.3191	732.9367	0.9993	0.9764	present	462.125	462.13	438.3	438.91	0.1839	472.85	0.0541	428.24	482.17	448.59	504.04	327.64	373.38	411.68	475.18	329.22	377.16	352.16	414.69	294.34	329.24	458.3	483.36	176.401	NA	176.4	173.11	0.0879	212.42	0.0307	160.42	190.81	155.28	188.73	9.658	9.66	9.77	9.72	0.1125	9.71	0.059	5.42	8923373	9188503	1000	/scratch.global/lanej/1000G/ngs_dose/1000G_highcov/crams/HG01341.cram	9ab0a0e8	184ab16e	9dd52ba1	3
HG01342	fetch	0.1.0+fae1124	35.386	150	430	450	0.1006	0.9599	1.2748	0.0634	0.0398		1.9893	57.3213	530.5291	1.9433	0.0028	present	316.909	316.91	298.93	300.36	0.1942	339.77	0.0505	287.75	377.63	311.46	366.76	240.27	313.01	277.55	368.51	233.01	306.22	246.89	316.67	206.56	270.56	312.13	338.55	183.333	NA	183.33	183.12	0.0778	238.1	0.0306	165.77	214.83	161.9	212.66	9.674	9.67	9.78	9.81	0.1218	9.69	0.0602	4.55	7572799	7848675	1000	/scratch.global/lanej/1000G/ngs_dose/1000G_highcov/crams/HG01342.cram	9ab0a0e8	184ab16e	9dd52ba1	3
HG01343	fetch	0.1.0+fae1124	37.543	150	448	450	0.0734	0.9638	1.264	0.0623	0.0381		2.0094	61.3995	706.866	1.9517	0.0017	present	370.274	370.27	353.83	355.2	0.1909	399.05	0.0424	351.09	473.88	380.14	438.28	285.34	378.27	349.37	479.5	274.25	369.16	298.26	384.29	259.16	347.73	366.62	391.21	236.273	NA	236.27	230.64	0.0853	307.7	0.0265	207.37	270.73	206.1	272.36	9.611	9.61	9.71	9.72	0.1196	9.61	0.0441	4.59	7495504	7732985	1000	/scratch.global/lanej/1000G/ngs_dose/1000G_highcov/crams/HG01343.cram	9ab0a0e8	184ab16e	9dd52ba1	3
HG01344	fetch	0.1.0+fae1124	38.76	150	430	450	0.0846	0.965	1.239	0.0722	0.0447		2.0013	60.1633	1411.1545	0.9951	0.9901	present	513.702	513.7	501.6	506.22	0.1953	549.61	0.0509	456.0	541.24	499.79	562.98	381.69	454.07	459.64	553.31	376.09	449.63	400.4	480.94	348.91	411.95	530.23	564.26	89.772	NA	89.77	88.97	0.0894	109.51	0.0233	84.46	102.48	79.48	97.7	9.689	9.69	9.93	9.94	0.1322	9.87	0.0505	7.16	9575527	9862509	1000	/scratch.global/lanej/1000G/ngs_dose/1000G_highcov/crams/HG01344.cram	9ab0a0e8	184ab16e	9dd52ba1	3
HG01345	fetch	0.1.0+fae1124	36.801	150	422	400	0.096	0.9638	1.2666	0.0553	0.0433		1.996	33.5987	854.9073	1.9329	0.0032	present	368.79	368.79	351.83	354.57	0.2024	393.54	0.0505	353.94	453.95	381.1	436.88	274.55	331.79	334.83	437.27	282.94	362.3	299.8	374.53	259.25	323.85	363.61	390.04	198.636	NA	198.64	196.63	0.0846	253.31	0.0329	177.84	225.97	166.04	212.78	9.713	9.71	9.87	9.91	0.1188	9.79	0.0566	4.71	8114901	8370922	1000	/scratch.global/lanej/1000G/ngs_dose/1000G_highcov/crams/HG01345.cram	9ab0a0e8	184ab16e	9dd52ba1	3
HG01346	fetch	0.1.0+fae1124	37.906	150	447	450	0.0796	0.9675	1.2618	0.0553	0.0457		2.0021	17.6294	770.553	1.9351	0.0013	present	455.975	455.97	435.64	438.94	0.1873	487.16	0.0484	435.15	565.48	454.55	521.15	362.99	465.07	423.79	560.7	346.31	449.9	363.4	459.88	318.28	411.1	451.41	481.27	137.422	NA	137.42	135.03	0.085	176.36	0.0271	123.39	158.6	113.78	147.94	9.721	9.72	9.89	9.93	0.1282	9.8	0.0448	4.7	8135606	8362243	1000	/scratch.global/lanej/1000G/ngs_dose/1000G_highcov/crams/HG01346.cram	9ab0a0e8	184ab16e	9dd52ba1	3
HG01347	fetch	0.1.0+fae1124	36.951	150	437	450	0.0864	0.9653	1.2524	0.0607	0.0467		1.9907	15.3533	590.7273	0.9937	0.9728	present	720.749	720.75	700.11	713.69	0.1846	784.96	0.0635	715.15	940.98	746.49	854.26	608.43	793.38	755.08	1002.58	594.48	782.04	622.92	786.66	542.12	712.08	713.6	761.73	141.625	NA	141.62	143.14	0.0659	180.38	0.026	133.35	169.04	120.54	155.7	9.679	9.68	9.77	9.78	0.1106	9.69	0.0496	5.41	9984632	10200040	1000	/scratch.global/lanej/1000G/ngs_dose/1000G_highcov/crams/HG01347.cram	9ab0a0e8	184ab16e	9dd52ba1	3
HG01348	fetch	0.1.0+fae1124	40.304	150	446	450	0.1191	0.9752	1.2021	0.0689	0.0391		2.0084	31.6958	622.1631	1.8901	0.0033	present	655.915	655.92	625.26	626.26	0.2198	665.56	0.0667	613.04	678.65	651.57	717.02	474.16	527.71	576.83	654.08	478.12	535.65	509.02	586.59	424.77	464.62	651.23	679.51	170.748	NA	170.75	164.87	0.0858	200.45	0.0401	141.75	165.84	142.67	168.19	9.795	9.8	9.92	9.92	0.1092	9.86	0.0701	6.3	10601153	10900135	1000	/scratch.global/lanej/1000G/ngs_dose/1000G_highcov/crams/HG01348.cram	9ab0a0e8	184ab16e	9dd52ba1	3
HG01349	fetch	0.1.0+fae1124	37.38	150	443	450	0.089	0.9696	1.2198	0.0573	0.044		2.0011	32.0208	641.6784	1.8397	0.0018	present	764.606	764.61	745.98	757.26	0.1816	831.89	0.066	773.4	1003.29	768.94	873.75	644.83	830.6	801.69	1055.44	638.88	831.4	652.69	812.8	589.89	761.22	761.65	811.14	126.144	NA	126.14	127.75	0.083	158.08	0.0306	116.42	144.78	101.29	128.84	9.878	9.88	9.95	9.97	0.116	9.88	0.0528	7.42	10052174	10295449	1000	/scratch.global/lanej/1000G/ngs_dose/1000G_highcov/crams/HG01349.cram	9ab0a0e8	184ab16e	9dd52ba1	3
HG01350	fetch	0.1.0+fae1124	37.086	150	424	400	0.1003	0.9572	1.2724	0.055	0.0584		1.9857	243.8398	582.239	0.9786	0.9753	present	397.794	397.79	377.65	378.56	0.1906	422.71	0.053	367.16	461.52	392.03	453.55	284.17	338.09	358.86	460.6	298.37	374.22	311.92	388.67	281.13	346.03	394.72	425.53	57.774	NA	57.77	57.78	0.0815	73.67	0.0242	48.78	62.13	51.84	66.37	10.058	10.06	10.2	10.2	0.1173	10.12	0.0603	4.4	8608108	8882316	1000	/scratch.global/lanej/1000G/ngs_dose/1000G_highcov/crams/HG01350.cram	9ab0a0e8	184ab16e	9dd52ba1	3
HG01351	fetch	0.1.0+fae1124	35.088	150	440	450	0.0581	0.9867	1.1505	0.062	0.0454		2.0017	78.992	676.1516	1.9483	0.0029	present	423.349	423.35	403.91	407.71	0.2093	422.95	0.0367	404.21	444.24	436.31	466.46	316.69	350.27	402.0	448.19	303.61	337.17	335.74	378.56	280.16	308.0	417.45	428.33	188.03	NA	188.03	185.09	0.1064	216.41	0.0196	181.61	206.91	161.78	188.17	9.645	9.65	9.7	9.68	0.116	9.64	0.0345	3.85	7610360	7820575	1000	/scratch.global/lanej/1000G/ngs_dose/1000G_highcov/crams/HG01351.cram	9ab0a0e8	184ab16e	9dd52ba1	3
HG01352	fetch	0.1.0+fae1124	36.225	150	445	450	0.0587	0.9762	1.2127	0.0509	0.0448		2.0017	94.5549	565.727	1.9302	0.002	present	355.452	355.45	339.36	342.94	0.2304	365.99	0.0383	336.61	385.92	351.71	391.43	249.41	289.52	311.79	371.52	247.82	290.78	271.27	323.42	231.94	261.87	354.91	372.33	123.089	NA	123.09	123.64	0.0918	150.19	0.018	106.2	127.04	101.0	125.18	9.756	9.76	9.83	9.86	0.1178	9.76	0.0355	5.97	7303308	7522056	1000	/scratch.global/lanej/1000G/ngs_dose/1000G_highcov/crams/HG01352.cram	9ab0a0e8	184ab16e	9dd52ba1	3
HG01353	fetch	0.1.0+fae1124	51.492	150	429	450	0.0756	0.9667	1.2543	0.0632	0.0369		1.985	14.2284	639.1333	0.9914	0.9801	present	459.491	459.49	449.58	450.92	0.1482	497.09	0.0519	452.26	578.14	478.02	537.91	386.27	486.86	473.97	612.68	368.68	469.82	389.86	483.32	349.91	445.29	461.17	487.62	282.767	NA	282.77	282.46	0.0766	354.49	0.031	255.29	320.9	236.04	299.15	9.707	9.71	9.77	9.76	0.1096	9.69	0.044	7.76	11596819	11964042	1000	/scratch.global/lanej/1000G/ngs_dose/1000G_highcov/crams/HG01353.cram	9ab0a0e8	184ab16e	9dd52ba1	3
HG01354	fetch	0.1.0+fae1124	40.001	150	432	450	0.078	0.9685	1.2337	0.0858	0.041		1.9984	12.3758	645.9357	1.9396	0.0029	present	407.804	407.8	394.69	397.39	0.187	434.6	0.0473	389.07	477.09	420.99	473.0	335.39	406.41	403.26	505.34	313.26	384.94	330.5	403.54	297.65	362.24	407.7	433.27	119.412	NA	119.41	118.61	0.0733	148.42	0.0274	114.6	142.8	104.76	131.66	9.629	9.63	9.64	9.7	0.1253	9.58	0.0453	4.0	8558176	8825181	1000	/scratch.global/lanej/1000G/ngs_dose/1000G_highcov/crams/HG01354.cram	9ab0a0e8	184ab16e	9dd52ba1	3
HG01355	fetch	0.1.0+fae1124	37.982	150	440	450	0.0729	0.9653	1.2536	0.0517	0.042		1.9968	138.0872	758.711	1.9493	0.0019	present	403.492	403.49	387.04	389.56	0.1747	431.65	0.0455	385.24	501.15	411.13	469.51	320.08	412.11	368.51	489.07	301.36	393.2	320.25	405.04	280.96	362.86	401.59	426.44	197.884	NA	197.88	198.01	0.0768	253.65	0.0239	179.62	229.53	171.47	223.02	9.824	9.82	9.86	9.86	0.1187	9.76	0.0409	4.46	8290901	8530453	1000	/scratch.global/lanej/1000G/ngs_dose/1000G_highcov/crams/HG01355.cram	9ab0a0e8	184ab16e	9dd52ba1	3
HG01356	fetch	0.1.0+fae1124	38.513	150	432	450	0.0855	0.9735	1.2116	0.0773	0.0399		2.0069	37.168	660.6813	0.9898	0.9859	present	511.412	511.41	488.92	487.08	0.2027	526.19	0.0499	472.96	536.67	510.03	569.18	383.01	436.16	466.9	543.76	373.09	428.54	399.11	469.87	339.67	381.56	509.73	535.45	290.763	NA	290.76	291.01	0.0808	349.65	0.0274	251.77	301.61	243.51	294.83	9.478	9.48	9.61	9.6	0.1179	9.54	0.0509	17.39	8968502	9235506	1000	/scratch.global/lanej/1000G/ngs_dose/1000G_highcov/crams/HG01356.cram	9ab0a0e8	184ab16e	9dd52ba1	3
HG01357	fetch	0.1.0+fae1124	34.216	150	438	450	0.057	0.9813	1.1785	0.079	0.0465	chr12	2.0445	73.5426	951.8115	1.9368	0.0036	present	496.356	496.36	476.13	478.71	0.2317	504.67	0.0404	469.45	531.64	515.96	560.06	375.9	425.64	456.32	524.78	360.72	411.13	397.29	457.17	332.69	375.38	492.77	509.52	139.67	NA	139.67	136.16	0.1039	163.56	0.0166	126.53	147.65	126.15	148.93	9.693	9.69	9.79	9.8	0.1297	9.73	0.0335	5.55	8339007	8560658	1000	/scratch.global/lanej/1000G/ngs_dose/1000G_highcov/crams/HG01357.cram	9ab0a0e8	184ab16e	9dd52ba1	3
HG01358	fetch	0.1.0+fae1124	39.817	150	444	450	0.1031	0.9702	1.2044	0.0636	0.0526		1.9928	14.6725	1026.296	0.9836	0.9685	present	528.413	528.41	515.36	516.59	0.1619	567.9	0.0582	509.13	648.01	533.19	596.06	439.89	555.09	546.04	698.09	420.44	534.12	444.91	541.38	385.26	490.09	531.42	561.31	216.898	NA	216.9	215.74	0.0718	265.02	0.0339	204.42	248.79	181.39	224.29	9.67	9.67	9.79	9.83	0.1163	9.73	0.06	5.5	9050176	9280094	1000	/scratch.global/lanej/1000G/ngs_dose/1000G_highcov/crams/HG01358.cram	9ab0a0e8	184ab16e	9dd52ba1	3
HG01359	fetch	0.1.0+fae1124	36.589	150	435	450	0.1021	0.9578	1.2573	0.0601	0.06		2.0016	82.3585	713.0214	0.9857	0.9803	present	490.701	490.7	468.76	467.74	0.2143	524.6	0.0555	445.85	550.26	466.63	543.06	367.62	454.5	440.41	555.84	351.52	438.27	373.81	465.34	312.18	381.56	493.43	532.81	192.675	NA	192.68	189.0	0.0821	243.54	0.0268	178.94	224.82	173.97	221.81	10.125	10.12	10.27	10.26	0.1251	10.19	0.0574	4.21	8809721	9081291	1000	/scratch.global/lanej/1000G/ngs_dose/1000G_highcov/crams/HG01359.cram	9ab0a0e8	184ab16e	9dd52ba1	3
HG01360	fetch	0.1.0+fae1124	36.71	150	410	400	0.097	0.959	1.286	0.0576	0.0567		2.0007	62.2332	669.5912	1.9044	0.0029	present	466.846	466.85	448.5	451.45	0.1851	506.17	0.056	448.26	574.19	474.65	552.21	338.11	424.05	454.81	592.8	365.13	470.21	375.75	477.12	336.87	428.38	465.68	503.38	171.466	NA	171.47	168.84	0.0758	221.74	0.025	157.03	200.54	150.29	195.88	9.782	9.78	9.94	9.95	0.1146	9.85	0.0569	4.54	8835817	9108891	1000	/scratch.global/lanej/1000G/ngs_dose/1000G_highcov/crams/HG01360.cram	9ab0a0e8	184ab16e	9dd52ba1	3
HG01361	fetch	0.1.0+fae1124	39.066	150	441	450	0.0701	0.9604	1.3116	0.0677	0.0496		1.9937	106.7034	827.1777	1.9301	0.0017	present	397.444	397.44	389.37	389.16	0.1857	443.49	0.0448	372.54	505.68	389.98	456.43	308.35	410.2	372.49	510.73	292.41	394.28	310.15	406.23	277.89	377.18	410.49	442.31	145.836	NA	145.84	144.79	0.0812	194.19	0.0209	126.09	169.1	121.37	163.72	9.989	9.99	10.1	10.14	0.1184	9.99	0.0399	4.62	8355525	8606615	1000	/scratch.global/lanej/1000G/ngs_dose/1000G_highcov/crams/HG01361.cram	9ab0a0e8	184ab16e	9dd52ba1	3
HG01362	fetch	0.1.0+fae1124	35.779	150	438	450	0.0952	0.9598	1.254	0.0595	0.0439		2.0083	124.2006	537.877	0.9959	0.9742	present	422.492	422.49	403.08	404.86	0.1796	448.86	0.0501	389.82	472.74	411.24	478.68	332.06	399.44	379.13	471.62	315.08	383.9	331.23	407.74	282.15	337.69	420.16	453.12	192.463	NA	192.46	190.96	0.0845	240.58	0.029	178.59	224.21	172.55	216.85	9.879	9.88	10.0	10.03	0.1053	9.93	0.0562	5.4	8325577	8588375	1000	/scratch.global/lanej/1000G/ngs_dose/1000G_highcov/crams/HG01362.cram	9ab0a0e8	184ab16e	9dd52ba1	3
HG01363	fetch	0.1.0+fae1124	36.065	150	444	450	0.1089	0.9601	1.2448	0.0617	0.0497		1.9981	44.8849	767.1002	1.9371	0.0029	present	465.491	465.49	445.89	448.25	0.1847	496.62	0.0587	427.76	527.48	461.77	530.58	355.65	434.66	446.87	565.15	345.21	427.94	371.05	459.72	311.68	381.21	464.64	499.42	149.909	NA	149.91	149.67	0.0873	189.32	0.031	135.27	170.86	133.91	171.1	9.828	9.83	9.91	9.9	0.1123	9.84	0.0649	4.62	8641468	8920484	1000	/scratch.global/lanej/1000G/ngs_dose/1000G_highcov/crams/HG01363.cram	9ab0a0e8	184ab16e	9dd52ba1	3
HG01365	fetch	0.1.0+fae1124	38.757	150	448	450	0.0835	0.9725	1.2078	0.0624	0.0398		1.996	114.9691	600.5517	0.9899	0.9762	present	448.025	448.03	431.43	432.9	0.1945	469.47	0.0486	429.5	519.94	455.14	505.21	348.1	421.07	443.93	548.49	341.84	417.58	361.47	435.78	316.48	381.45	446.21	468.52	191.739	NA	191.74	190.6	0.0865	235.07	0.0282	179.72	217.82	165.42	206.1	9.675	9.68	9.82	9.91	0.1211	9.75	0.0498	4.9	9020520	9281852	1000	/scratch.global/lanej/1000G/ngs_dose/1000G_highcov/crams/HG01365.cram	9ab0a0e8	184ab16e	9dd52ba1	3
HG01366	fetch	0.1.0+fae1124	36.877	150	407	400	0.1094	0.9544	1.2913	0.0506	0.0446		2.0119	21.9756	716.6691	1.2832	0.0023	present	532.505	532.51	517.02	523.81	0.1465	586.62	0.0608	517.25	672.66	533.2	620.97	430.38	539.04	536.84	705.97	450.83	583.37	452.74	575.27	409.32	526.99	531.6	577.64	113.86	NA	113.86	114.22	0.0732	146.96	0.0323	108.14	139.6	93.08	120.58	10.088	10.09	10.2	10.22	0.111	10.12	0.064	3.73	8875479	9160853	1000	/scratch.global/lanej/1000G/ngs_dose/1000G_highcov/crams/HG01366.cram	9ab0a0e8	184ab16e	9dd52ba1	3
HG01367	fetch	0.1.0+fae1124	35.259	150	444	450	0.0633	0.9702	1.221	0.0641	0.0475		1.9913	262.5357	815.5334	1.914	0.0016	present	513.834	513.83	483.55	476.64	0.2072	529.59	0.0432	466.17	572.87	519.46	581.59	373.94	457.68	434.68	544.55	367.35	454.15	397.59	483.28	341.6	416.55	504.44	532.04	162.167	NA	162.17	158.81	0.0872	199.72	0.0227	151.27	185.32	136.62	170.25	9.303	9.3	9.49	9.51	0.1241	9.43	0.0364	4.55	8417353	8637814	1000	/scratch.global/lanej/1000G/ngs_dose/1000G_highcov/crams/HG01367.cram	9ab0a0e8	184ab16e	9dd52ba1	3
HG01369	fetch	0.1.0+fae1124	42.481	150	436	450	0.1059	0.9748	1.2257	0.069	0.0401		1.9925	33.5554	577.082	1.9311	0.0024	present	416.813	416.81	405.41	408.88	0.1722	447.29	0.0616	408.41	514.73	431.01	484.68	342.8	425.53	428.0	547.64	327.73	412.24	348.21	428.2	302.43	379.8	416.69	441.12	342.27	NA	342.27	340.14	0.0779	426.83	0.0357	323.03	404.09	305.9	386.22	9.858	9.86	9.94	9.95	0.1088	9.87	0.0598	5.14	9510419	9813760	1000	/scratch.global/lanej/1000G/ngs_dose/1000G_highcov/crams/HG01369.cram	9ab0a0e8	184ab16e	9dd52ba1	3
HG01372	fetch	0.1.0+fae1124	37.324	150	436	450	0.0788	0.9682	1.2413	0.0675	0.0442		1.9835	18.4186	619.5727	1.9347	0.0021	present	461.393	461.39	448.48	448.81	0.1694	498.07	0.0461	447.81	574.11	473.33	536.5	365.64	464.22	455.62	593.94	363.72	467.08	383.67	477.94	334.25	425.31	462.66	491.25	159.923	NA	159.92	160.26	0.0703	201.35	0.0234	144.53	181.82	139.87	178.12	9.752	9.75	9.88	9.89	0.109	9.8	0.0447	4.24	8230696	8480502	1000	/scratch.global/lanej/1000G/ngs_dose/1000G_highcov/crams/HG01372.cram	9ab0a0e8	184ab16e	9dd52ba1	3
HG01374	fetch	0.1.0+fae1124	39.205	150	439	450	0.1012	0.9681	1.2295	0.0704	0.0388		1.9972	14.1275	920.5486	0.9924	0.9773	present	548.959	548.96	526.47	527.01	0.1851	571.24	0.0574	526.06	602.21	550.9	619.55	417.18	479.93	498.83	592.13	405.94	472.65	433.03	518.11	374.51	421.99	546.07	577.51	140.343	NA	140.34	139.88	0.0974	172.05	0.0301	126.86	154.42	121.72	150.63	9.709	9.71	9.79	9.81	0.1233	9.73	0.0559	4.66	9327505	9603612	1000	/scratch.global/lanej/1000G/ngs_dose/1000G_highcov/crams/HG01374.cram	9ab0a0e8	184ab16e	9dd52ba1	3
HG01375	fetch	0.1.0+fae1124	36.398	150	439	450	0.1022	0.9723	1.2066	0.0636	0.0462		1.9995	62.8942	618.409	1.9263	0.0021	present	559.312	559.31	541.6	544.01	0.2003	578.94	0.0569	511.41	557.18	549.75	612.73	420.07	463.25	542.39	604.71	413.87	458.24	438.48	506.89	365.84	396.13	566.69	595.66	179.368	NA	179.37	176.96	0.0936	212.38	0.0352	163.28	191.72	155.38	185.1	9.571	9.57	9.62	9.64	0.1132	9.58	0.0607	5.22	9220694	9516173	1000	/scratch.global/lanej/1000G/ngs_dose/1000G_highcov/crams/HG01375.cram	9ab0a0e8	184ab16e	9dd52ba1	3
HG01376	fetch	0.1.0+fae1124	37.547	150	438	450	0.1042	0.9777	1.1922	0.0682	0.0359		1.9956	39.2619	873.5497	1.9743	0.0014	present	602.852	602.85	597.65	600.54	0.1586	649.99	0.0618	583.31	737.25	622.92	683.97	519.92	650.87	601.97	770.55	502.33	635.66	515.42	624.21	468.4	590.59	616.36	641.04	150.343	NA	150.34	147.75	0.0786	183.59	0.0343	133.5	161.72	126.98	157.81	9.873	9.87	9.95	9.95	0.1121	9.87	0.0601	4.8	9057770	9283944	1000	/scratch.global/lanej/1000G/ngs_dose/1000G_highcov/crams/HG01376.cram	9ab0a0e8	184ab16e	9dd52ba1	3
HG01377	fetch	0.1.0+fae1124	40.207	150	445	450	0.1144	0.967	1.2527	0.052	0.0368		2.0063	40.3622	982.265	0.9934	0.9626	present	416.087	416.09	388.14	381.87	0.203	426.51	0.0561	366.58	442.1	408.78	464.65	298.92	359.34	364.45	445.95	293.29	355.09	316.17	384.14	264.14	316.56	406.51	432.13	255.712	NA	255.71	250.36	0.089	315.37	0.0288	223.67	275.78	226.18	280.75	10.034	10.03	10.08	10.07	0.1207	10.01	0.0693	4.63	8921279	9201425	1000	/scratch.global/lanej/1000G/ngs_dose/1000G_highcov/crams/HG01377.cram	9ab0a0e8	184ab16e	9dd52ba1	3
HG01378	fetch	0.1.0+fae1124	49.807	150	429	450	0.0832	0.9659	1.2227	0.0599	0.039		2.0018	26.5212	942.3281	1.9352	0.003	present	518.089	518.09	517.06	515.7	0.207	563.77	0.0585	486.33	558.73	511.1	577.35	403.13	463.51	490.45	576.38	389.49	451.47	402.23	476.96	355.3	403.98	545.2	580.91	129.95	NA	129.95	130.67	0.087	156.95	0.0261	118.13	142.75	113.6	137.73	9.696	9.7	9.79	9.86	0.1085	9.74	0.0501	5.86	11979630	12322354	1000	/scratch.global/lanej/1000G/ngs_dose/1000G_highcov/crams/HG01378.cram	9ab0a0e8	184ab16e	9dd52ba1	3
HG01379	fetch	0.1.0+fae1124	38.24	150	454	450	0.0704	0.9592	1.3033	0.0499	0.0529		2.0044	155.2498	763.1626	1.8989	0.0022	present	553.253	553.25	538.39	545.51	0.206	611.74	0.0501	530.29	703.66	546.18	640.01	417.83	550.6	487.7	668.61	405.11	542.76	424.87	555.65	388.18	507.13	566.01	610.37	214.648	NA	214.65	215.38	0.0798	285.47	0.0207	194.85	257.01	187.82	254.04	10.001	10.0	10.11	10.11	0.115	10.01	0.043	4.98	9317589	9576196	1000	/scratch.global/lanej/1000G/ngs_dose/1000G_highcov/crams/HG01379.cram	9ab0a0e8	184ab16e	9dd52ba1	3
HG01383	fetch	0.1.0+fae1124	39.027	150	443	450	0.0883	0.9762	1.2281	0.0638	0.0379		2.0006	46.4978	702.1903	1.0006	0.9838	present	467.624	467.62	447.2	443.51	0.1988	477.6	0.0486	438.49	485.2	463.16	511.54	351.07	394.17	413.14	471.94	347.85	392.84	360.76	420.84	316.96	344.53	465.91	487.26	181.128	NA	181.13	180.71	0.077	215.77	0.0248	155.31	182.8	158.01	189.38	9.861	9.86	10.0	9.99	0.1111	9.93	0.051	6.45	9139455	9408826	1000	/scratch.global/lanej/1000G/ngs_dose/1000G_highcov/crams/HG01383.cram	9ab0a0e8	184ab16e	9dd52ba1	3
HG01384	fetch	0.1.0+fae1124	35.989	150	429	450	0.0625	0.9851	1.1553	0.0645	0.0549		1.9933	21.8935	720.996	1.9121	0.0031	present	297.74	297.74	284.39	286.82	0.177	296.63	0.0349	278.97	298.26	295.03	317.17	221.69	240.13	256.11	282.31	216.67	236.2	229.46	257.36	199.21	210.01	296.27	303.94	130.275	NA	130.28	125.66	0.0961	148.99	0.0164	122.18	138.04	117.19	135.0	9.91	9.91	10.05	10.01	0.1122	9.98	0.0362	4.3	7269198	7492700	1000	/scratch.global/lanej/1000G/ngs_dose/1000G_highcov/crams/HG01384.cram	9ab0a0e8	184ab16e	9dd52ba1	3
HG01385	fetch	0.1.0+fae1124	35.456	150	451	450	0.0597	0.9709	1.2324	0.0728	0.0417		1.9905	52.4533	751.8167	1.9484	0.0025	present	465.484	465.48	435.49	431.22	0.2245	474.8	0.0402	420.15	493.9	448.87	506.24	317.15	374.11	384.95	463.79	319.42	380.01	339.66	409.14	282.02	328.46	458.74	485.41	165.72	NA	165.72	164.82	0.0966	203.66	0.0197	144.27	176.16	142.95	177.27	10.046	10.05	10.13	10.15	0.1135	10.05	0.0344	5.34	7944714	8181877	1000	/scratch.global/lanej/1000G/ngs_dose/1000G_highcov/crams/HG01385.cram	9ab0a0e8	184ab16e	9dd52ba1	3
HG01389	fetch	0.1.0+fae1124	35.264	150	435	450	0.0824	0.9887	1.1095	0.0806	0.0473		1.9802	12.7493	622.894	0.993	0.9718	present	529.449	529.45	504.87	504.04	0.2171	515.05	0.0463	467.35	442.59	511.74	542.85	340.28	331.78	436.33	430.7	359.33	351.38	390.45	412.79	310.81	288.77	532.51	545.84	159.047	NA	159.05	154.1	0.1	172.52	0.0175	144.06	153.81	137.25	149.16	9.728	9.73	9.76	9.72	0.1139	9.73	0.049	5.02	8064728	8316785	1000	/scratch.global/lanej/1000G/ngs_dose/1000G_highcov/crams/HG01389.cram	9ab0a0e8	184ab16e	9dd52ba1	3
HG01390	fetch	0.1.0+fae1124	39.157	150	445	450	0.1156	0.969	1.2292	0.0686	0.0422		1.9875	9.3091	646.4209	1.9357	0.0026	present	440.337	440.34	416.84	416.18	0.1936	452.96	0.0589	402.98	473.23	440.23	493.65	310.24	364.44	378.93	453.2	306.2	362.39	340.4	407.17	286.78	334.93	435.52	459.51	222.382	NA	222.38	220.21	0.0849	271.06	0.0355	205.14	249.0	197.69	243.09	9.594	9.59	9.64	9.65	0.1156	9.58	0.0688	6.03	8842205	9121655	1000	/scratch.global/lanej/1000G/ngs_dose/1000G_highcov/crams/HG01390.cram	9ab0a0e8	184ab16e	9dd52ba1	3
HG01391	fetch	0.1.0+fae1124	37.619	150	444	450	0.0881	0.9732	1.2164	0.0611	0.0454		1.9837	25.9019	602.4306	1.9281	0.0012	present	535.221	535.22	523.53	531.09	0.1686	575.27	0.054	524.61	661.88	551.99	612.32	452.64	564.53	549.81	705.08	432.71	546.34	452.35	551.58	408.79	512.19	537.55	566.69	167.637	NA	167.64	167.35	0.0655	206.28	0.0237	155.92	191.24	144.76	180.69	9.763	9.76	9.94	9.93	0.1122	9.87	0.0523	5.16	8512152	8732505	1000	/scratch.global/lanej/1000G/ngs_dose/1000G_highcov/crams/HG01391.cram	9ab0a0e8	184ab16e	9dd52ba1	3
HG01392	fetch	0.1.0+fae1124	38.147	150	430	450	0.0833	0.9725	1.2224	0.0651	0.0454		1.9999	78.8678	674.5486	0.9853	0.9847	present	526.729	526.73	505.93	510.38	0.1934	546.43	0.0488	504.66	562.48	524.57	590.44	403.7	457.78	497.06	578.35	395.66	452.96	412.55	488.8	369.66	403.42	524.94	554.85	284.212	NA	284.21	283.69	0.0789	344.8	0.0312	262.4	312.37	237.21	290.98	9.529	9.53	9.7	9.76	0.1266	9.64	0.0456	5.74	8976676	9243033	1000	/scratch.global/lanej/1000G/ngs_dose/1000G_highcov/crams/HG01392.cram	9ab0a0e8	184ab16e	9dd52ba1	3
HG01393	fetch	0.1.0+fae1124	34.204	150	427	450	0.0869	0.9606	1.2402	0.0684	0.0461		2.0034	38.6248	706.2552	1.9263	0.0023	present	511.266	511.27	494.23	495.97	0.171	549.41	0.0486	464.12	585.52	497.45	567.7	410.65	514.03	516.52	662.39	399.74	505.68	417.8	517.43	369.17	462.93	515.23	549.92	157.735	NA	157.74	157.85	0.0746	197.62	0.0251	142.26	177.7	136.06	172.5	9.455	9.46	9.61	9.65	0.1255	9.54	0.0505	4.71	8093295	8342275	1000	/scratch.global/lanej/1000G/ngs_dose/1000G_highcov/crams/HG01393.cram	9ab0a0e8	184ab16e	9dd52ba1	3
HG01395	fetch	0.1.0+fae1124	39.686	150	448	450	0.1063	0.9715	1.2066	0.061	0.0373		1.9981	40.4575	836.5419	0.9963	0.9764	present	520.869	520.87	497.29	492.31	0.1855	534.38	0.0566	470.19	533.4	511.88	567.96	375.53	425.22	453.53	525.88	368.93	421.22	401.86	468.29	331.45	370.96	521.45	547.79	223.608	NA	223.61	218.75	0.0903	264.72	0.0277	200.83	239.02	198.21	234.74	10.371	10.37	10.43	10.43	0.1082	10.36	0.0632	4.61	9600664	9893837	1000	/scratch.global/lanej/1000G/ngs_dose/1000G_highcov/crams/HG01395.cram	9ab0a0e8	184ab16e	9dd52ba1	3
HG01396	fetch	0.1.0+fae1124	37.866	150	431	450	0.0866	0.9725	1.2195	0.0608	0.0435		2.0032	25.288	627.4638	1.9492	0.0028	present	399.573	399.57	382.98	385.95	0.2201	412.76	0.0483	386.53	435.56	398.94	446.39	301.61	342.46	355.09	415.25	297.43	341.63	310.77	368.57	268.32	298.05	397.43	418.26	185.66	NA	185.66	182.46	0.086	225.98	0.0293	159.09	191.73	155.57	191.41	9.764	9.76	9.86	9.87	0.1051	9.79	0.0506	5.78	8234443	8503412	1000	/scratch.global/lanej/1000G/ngs_dose/1000G_highcov/crams/HG01396.cram	9ab0a0e8	184ab16e	9dd52ba1	3
HG01398	fetch	0.1.0+fae1124	38.275	150	430	450	0.1038	0.9597	1.3025	0.0747	0.0491		2.0085	18.8494	958.5312	0.9905	0.9784	present	557.807	557.81	533.41	538.24	0.1948	598.14	0.0567	532.13	660.56	563.06	658.07	418.84	522.21	503.27	650.14	415.68	525.62	437.96	558.37	385.29	468.95	554.2	597.01	152.526	NA	152.53	149.1	0.0719	198.87	0.0298	139.54	179.49	137.21	181.5	9.505	9.5	9.64	9.69	0.1206	9.56	0.0613	5.73	9494723	9783375	1000	/scratch.global/lanej/1000G/ngs_dose/1000G_highcov/crams/HG01398.cram	9ab0a0e8	184ab16e	9dd52ba1	3
HG01402	fetch	0.1.0+fae1124	37.506	150	407	400	0.1074	0.9605	1.2772	0.0741	0.0388		1.9946	185.9397	1291.1892	0.9818	0.9659	present	717.369	717.37	688.97	700.84	0.1731	773.75	0.0647	686.75	879.28	731.72	850.36	539.96	658.23	709.54	921.56	566.6	723.34	590.83	741.26	485.47	609.05	712.59	767.62	201.139	NA	201.14	199.1	0.0766	257.02	0.0266	193.31	247.0	179.05	229.51	9.93	9.93	10.0	9.96	0.1088	9.91	0.0622	6.34	11082632	11394602	1000	/scratch.global/lanej/1000G/ngs_dose/1000G_highcov/crams/HG01402.cram	9ab0a0e8	184ab16e	9dd52ba1	3
HG01403	fetch	0.1.0+fae1124	35.277	150	442	450	0.0648	0.9853	1.1518	0.0721	0.0378		2.0018	34.489	745.7128	1.939	0.0032	present	445.465	445.46	424.42	421.6	0.2129	444.4	0.0385	411.42	443.81	457.68	491.92	325.27	352.18	405.76	452.53	314.62	344.44	347.36	391.15	294.76	313.15	441.11	454.13	130.148	NA	130.15	127.18	0.105	149.68	0.0153	122.32	140.15	113.46	131.34	9.61	9.61	9.67	9.67	0.1199	9.62	0.0381	5.34	7659238	7874410	1000	/scratch.global/lanej/1000G/ngs_dose/1000G_highcov/crams/HG01403.cram	9ab0a0e8	184ab16e	9dd52ba1	3
HG01405	fetch	0.1.0+fae1124	38.783	150	450	450	0.0994	0.9659	1.2634	0.0629	0.0433		1.9983	23.203	785.8061	0.9921	0.9574	present	446.678	446.68	425.05	424.99	0.2054	470.15	0.0521	424.68	509.2	447.48	515.18	329.38	395.84	401.25	499.86	320.99	391.37	343.56	426.48	297.81	351.72	442.45	473.16	218.009	NA	218.01	211.13	0.0942	277.55	0.0331	200.39	252.79	186.46	240.59	10.653	10.65	10.63	10.69	0.1373	10.54	0.0589	4.48	8748205	9039461	1000	/scratch.global/lanej/1000G/ngs_dose/1000G_highcov/crams/HG01405.cram	9ab0a0e8	184ab16e	9dd52ba1	3
HG01412	fetch	0.1.0+fae1124	37.519	150	442	450	0.1067	0.9796	1.1916	0.0724	0.0394		2.0025	67.9942	697.415	0.9951	0.9786	present	395.528	395.53	380.04	376.5	0.1875	401.63	0.0549	359.51	383.18	398.91	436.63	295.86	320.16	379.83	417.17	285.69	310.68	308.32	349.85	254.85	267.78	396.55	413.4	94.699	NA	94.7	94.27	0.0974	109.79	0.032	84.24	96.59	80.58	93.93	9.636	9.64	9.69	9.68	0.1144	9.64	0.0638	6.51	8574300	8851089	1000	/scratch.global/lanej/1000G/ngs_dose/1000G_highcov/crams/HG01412.cram	9ab0a0e8	184ab16e	9dd52ba1	3
HG01413	fetch	0.1.0+fae1124	38.168	150	448	450	0.1106	0.9733	1.2348	0.0637	0.0342		1.9945	29.5464	696.4055	0.9917	0.992	present	413.069	413.07	390.61	389.62	0.2155	420.93	0.0556	388.06	434.9	408.31	456.59	302.35	341.72	371.26	431.77	300.94	343.72	317.7	376.73	286.25	315.32	405.75	427.4	183.36	NA	183.36	182.52	0.0875	223.15	0.0369	171.72	207.5	154.61	189.55	10.375	10.37	10.42	10.41	0.1207	10.35	0.0667	8.21	8534921	8802131	1000	/scratch.global/lanej/1000G/ngs_dose/1000G_highcov/crams/HG01413.cram	9ab0a0e8	184ab16e	9dd52ba1	3
HG01414	fetch	0.1.0+fae1124	36.383	150	446	450	0.0709	0.9623	1.2686	0.0625	0.0381	chr12	2.0025	26.9495	826.2283	1.9558	0.0027	present	362.272	362.27	349.1	350.4	0.168	392.48	0.0405	351.13	461.85	366.25	421.74	287.73	377.57	353.89	472.92	277.98	368.06	293.23	374.59	257.36	337.22	361.03	385.94	272.666	NA	272.67	270.77	0.0846	352.64	0.0318	258.14	329.83	222.55	292.78	10.178	10.18	10.37	10.33	0.1173	10.27	0.0416	4.26	7659391	7907011	1000	/scratch.global/lanej/1000G/ngs_dose/1000G_highcov/crams/HG01414.cram	9ab0a0e8	184ab16e	9dd52ba1	3
HG01431	fetch	0.1.0+fae1124	37.006	150	431	450	0.101	0.9726	1.2401	0.0778	0.0444		1.9851	12.8069	896.6534	0.9836	0.9612	present	422.845	422.84	410.94	418.36	0.185	449.01	0.0575	406.95	486.95	417.29	470.91	322.73	383.09	377.26	463.55	316.21	380.2	334.38	403.93	295.28	347.27	428.45	453.18	176.023	NA	176.02	172.57	0.0729	215.67	0.0307	164.5	202.51	155.28	191.07	10.025	10.02	10.08	10.06	0.1079	10.0	0.0605	5.28	8224485	8489356	1000	/scratch.global/lanej/1000G/ngs_dose/1000G_highcov/crams/HG01431.cram	9ab0a0e8	184ab16e	9dd52ba1	3
HG01432	fetch	0.1.0+fae1124	33.742	150	444	450	0.1002	0.9613	1.2518	0.0637	0.0404		2.0041	139.7062	661.9037	1.9606	0.0028	present	344.469	344.47	332.55	335.48	0.1788	369.25	0.0491	326.99	404.5	345.15	396.1	266.82	329.5	337.29	428.67	251.81	314.6	273.17	338.39	229.27	279.66	346.13	370.08	199.945	NA	199.95	199.62	0.0826	251.1	0.0327	192.89	240.59	171.36	217.58	9.644	9.64	9.62	9.59	0.1195	9.54	0.059	5.97	7528660	7802669	1000	/scratch.global/lanej/1000G/ngs_dose/1000G_highcov/crams/HG01432.cram	9ab0a0e8	184ab16e	9dd52ba1	3
HG01433	fetch	0.1.0+fae1124	40.025	150	444	450	0.0728	0.9598	1.2914	0.0572	0.0408		2.0069	23.4391	756.2783	1.0045	0.9768	present	546.369	546.37	526.19	532.58	0.1824	595.47	0.0516	526.06	706.79	551.85	639.95	425.03	562.22	525.07	716.06	411.49	551.73	436.7	565.26	373.36	499.34	546.41	585.89	190.187	NA	190.19	187.89	0.0758	249.35	0.0236	170.72	223.96	164.13	218.36	9.774	9.77	9.88	9.88	0.1142	9.78	0.0427	4.1	9211022	9470386	1000	/scratch.global/lanej/1000G/ngs_dose/1000G_highcov/crams/HG01433.cram	9ab0a0e8	184ab16e	9dd52ba1	3
HG01435	fetch	0.1.0+fae1124	38.002	150	427	450	0.1065	0.9812	1.1818	0.0594	0.033		1.9969	12.7811	705.1018	1.9671	0.0029	present	416.723	416.72	399.8	403.89	0.1841	423.63	0.0547	403.82	446.46	417.98	458.03	316.86	351.85	392.31	446.4	323.53	362.74	332.78	383.63	295.0	323.04	412.72	428.07	78.848	NA	78.85	77.36	0.0827	93.0	0.0309	70.7	82.89	66.02	78.56	9.651	9.65	9.73	9.77	0.1244	9.66	0.0622	4.67	8516851	8800661	1000	/scratch.global/lanej/1000G/ngs_dose/1000G_highcov/crams/HG01435.cram	9ab0a0e8	184ab16e	9dd52ba1	3
HG01437	fetch	0.1.0+fae1124	38.2	150	443	450	0.1111	0.9637	1.2797	0.0767	0.0436		2.0152	61.4066	542.0487	0.9978	0.9779	present	491.851	491.85	470.6	481.01	0.1799	519.43	0.0589	454.08	539.58	475.63	546.52	355.53	425.22	436.77	531.3	359.44	432.63	369.14	452.51	323.73	380.23	494.88	529.65	192.683	NA	192.68	192.98	0.0731	240.74	0.0265	177.24	219.89	170.32	214.24	8.746	8.75	8.87	8.88	0.1162	8.8	0.0664	5.02	9299464	9593387	1000	/scratch.global/lanej/1000G/ngs_dose/1000G_highcov/crams/HG01437.cram	9ab0a0e8	184ab16e	9dd52ba1	3
HG01438	fetch	0.1.0+fae1124	39.39	150	439	450	0.1116	0.9706	1.2227	0.0635	0.0431		1.9967	36.6617	658.9723	1.8591	0.0028	present	350.789	350.79	336.76	340.37	0.1962	366.07	0.0564	330.74	384.3	348.4	393.29	263.54	307.89	319.93	382.68	256.36	302.17	275.51	329.11	240.33	275.04	350.66	370.73	233.681	NA	233.68	231.01	0.0862	283.83	0.0312	208.74	251.64	203.49	248.96	9.793	9.79	9.91	9.94	0.1149	9.84	0.0641	6.6	8578756	8864672	1000	/scratch.global/lanej/1000G/ngs_dose/1000G_highcov/crams/HG01438.cram	9ab0a0e8	184ab16e	9dd52ba1	3
HG01439	fetch	0.1.0+fae1124	38.078	150	435	450	0.0758	0.967	1.269	0.0708	0.0363		2.0012	36.8709	720.4164	1.9558	0.0014	present	503.494	503.49	495.7	498.1	0.1676	548.7	0.0496	481.72	622.77	514.12	579.46	410.7	523.77	487.99	641.68	392.37	507.06	409.69	514.95	374.83	481.35	516.25	544.18	219.014	NA	219.01	217.43	0.0733	279.25	0.0201	189.24	241.4	189.39	244.76	9.694	9.69	9.72	9.68	0.1173	9.63	0.046	5.58	8415739	8651668	1000	/scratch.global/lanej/1000G/ngs_dose/1000G_highcov/crams/HG01439.cram	9ab0a0e8	184ab16e	9dd52ba1	3
HG01440	fetch	0.1.0+fae1124	38.341	150	431	450	0.1117	0.971	1.2291	0.0636	0.0348		1.9893	19.6391	765.6315	0.9928	0.9728	present	377.353	377.35	366.14	368.05	0.1866	400.64	0.0563	367.85	445.74	385.49	434.64	287.72	345.76	360.86	450.7	284.25	346.96	299.9	366.19	262.04	313.5	379.88	400.94	142.143	NA	142.14	141.07	0.0825	176.97	0.0355	137.29	170.89	121.17	152.56	8.502	8.5	8.59	8.6	0.1195	8.52	0.0674	7.29	8128900	8390517	1000	/scratch.global/lanej/1000G/ngs_dose/1000G_highcov/crams/HG01440.cram	9ab0a0e8	184ab16e	9dd52ba1	3
HG01441	fetch	0.1.0+fae1124	37.351	150	450	450	0.11	0.9672	1.2485	0.0638	0.0502		1.9849	68.7994	590.961	1.9325	0.0027	present	520.821	520.82	490.81	490.65	0.2071	538.88	0.0574	464.16	554.24	510.17	579.54	372.4	444.1	446.34	549.64	359.98	434.6	392.4	478.67	332.32	390.43	515.86	548.39	145.228	NA	145.23	141.93	0.0937	180.54	0.0284	126.43	156.78	128.55	161.06	9.702	9.7	9.87	9.92	0.1237	9.8	0.0655	5.11	9155949	9437668	1000	/scratch.global/lanej/1000G/ngs_dose/1000G_highcov/crams/HG01441.cram	9ab0a0e8	184ab16e	9dd52ba1	3
HG01443	fetch	0.1.0+fae1124	35.655	150	437	450	0.0949	0.9579	1.2679	0.0676	0.0425		1.9998	24.5688	778.9736	1.0005	0.9806	present	357.617	357.62	341.55	347.07	0.1923	381.52	0.0469	332.69	411.4	352.3	406.7	277.11	341.92	339.72	427.2	259.68	323.02	280.02	348.34	232.91	286.63	356.0	383.59	172.145	NA	172.15	171.79	0.0839	217.97	0.0238	162.91	205.64	156.34	199.84	9.486	9.49	9.61	9.64	0.1253	9.55	0.0565	4.81	7639001	7916411	1000	/scratch.global/lanej/1000G/ngs_dose/1000G_highcov/crams/HG01443.cram	9ab0a0e8	184ab16e	9dd52ba1	3
HG01444	fetch	0.1.0+fae1124	36.935	150	429	450	0.1034	0.9646	1.2391	0.0719	0.0512		1.9967	25.8245	495.1332	1.9292	0.0047	present	553.151	553.15	525.52	529.85	0.1736	582.92	0.0581	513.34	620.44	523.9	603.55	430.38	519.54	490.07	608.48	417.39	509.41	426.74	523.2	382.2	455.89	548.46	589.1	225.724	NA	225.72	222.13	0.0728	281.19	0.0281	197.15	244.97	203.96	255.98	10.418	10.42	10.55	10.56	0.1126	10.48	0.0624	5.04	9302456	9616408	1000	/scratch.global/lanej/1000G/ngs_dose/1000G_highcov/crams/HG01444.cram	9ab0a0e8	184ab16e	9dd52ba1	3
HG01447	fetch	0.1.0+fae1124	39.675	150	438	450	0.1126	0.972	1.2062	0.0588	0.0409		1.9914	41.1523	584.0453	1.9298	0.0024	present	344.01	344.01	323.34	322.23	0.2098	348.06	0.0558	310.67	349.17	334.01	373.85	247.01	280.09	282.51	324.63	236.31	269.26	256.46	299.64	218.97	243.78	339.08	357.18	192.587	NA	192.59	184.04	0.0889	229.12	0.0328	171.59	202.8	171.31	204.79	9.651	9.65	9.82	9.84	0.1204	9.76	0.0671	6.04	8322866	8602804	1000	/scratch.global/lanej/1000G/ngs_dose/1000G_highcov/crams/HG01447.cram	9ab0a0e8	184ab16e	9dd52ba1	3
HG01455	fetch	0.1.0+fae1124	35.977	150	449	450	0.1001	0.9509	1.292	0.0569	0.0431		1.9931	23.2165	601.3901	0.9894	0.9771	present	399.316	399.32	373.75	377.11	0.2062	426.13	0.0526	346.83	441.19	367.54	439.21	288.56	365.32	319.64	418.16	279.29	358.12	289.21	370.74	262.25	328.69	396.66	434.56	217.313	NA	217.31	217.03	0.0811	282.89	0.0318	199.5	259.67	192.48	252.42	9.34	9.34	9.56	9.6	0.1334	9.49	0.0598	3.1	7733216	8005011	1000	/scratch.global/lanej/1000G/ngs_dose/1000G_highcov/crams/HG01455.cram	9ab0a0e8	184ab16e	9dd52ba1	3
HG01456	fetch	0.1.0+fae1124	38.048	150	441	450	0.1377	0.9676	1.1999	0.0653	0.0478		1.994	34.3568	484.8544	1.9144	0.0021	present	341.435	341.44	319.18	320.94	0.2087	347.36	0.0638	292.16	341.9	304.15	342.92	243.86	285.6	264.41	315.97	239.99	283.32	250.25	297.21	223.61	259.33	338.65	358.51	190.324	NA	190.32	185.86	0.0877	229.34	0.0344	182.3	219.04	165.9	201.15	10.062	10.06	10.2	10.22	0.1132	10.14	0.0827	8.29	8172805	8467746	1000	/scratch.global/lanej/1000G/ngs_dose/1000G_highcov/crams/HG01456.cram	9ab0a0e8	184ab16e	9dd52ba1	3
HG01457	fetch	0.1.0+fae1124	35.247	150	441	450	0.0651	0.9798	1.1902	0.0576	0.0351		2.0212	102.0222	1117.49	0.9994	0.9753	present	395.398	395.4	373.66	373.58	0.2055	400.14	0.0395	348.76	409.67	390.9	428.03	277.61	324.85	328.24	392.6	274.68	324.5	298.27	351.26	259.37	303.29	393.42	408.16	175.529	NA	175.53	175.5	0.0856	210.28	0.0229	159.48	190.32	147.88	179.16	9.647	9.65	9.76	9.75	0.1109	9.69	0.0387	3.42	7220623	7431416	1000	/scratch.global/lanej/1000G/ngs_dose/1000G_highcov/crams/HG01457.cram	9ab0a0e8	184ab16e	9dd52ba1	3
HG01459	fetch	0.1.0+fae1124	36.455	150	444	450	0.101	0.9613	1.2521	0.0556	0.0508		2.0142	31.8257	891.7496	1.9394	0.0028	present	474.53	474.53	452.43	455.06	0.1709	501.09	0.055	437.1	525.82	464.12	533.89	366.81	442.06	455.61	564.1	349.4	425.53	373.06	458.36	320.82	380.58	471.5	505.66	170.917	NA	170.92	171.43	0.086	213.77	0.0335	160.15	199.15	147.77	186.42	9.876	9.88	9.97	9.96	0.1133	9.9	0.0581	5.89	8708951	8996237	1000	/scratch.global/lanej/1000G/ngs_dose/1000G_highcov/crams/HG01459.cram	9ab0a0e8	184ab16e	9dd52ba1	3
HG01461	fetch	0.1.0+fae1124	37.887	150	424	400	0.1061	0.9689	1.2113	0.0567	0.0422		2.0068	30.3184	750.348	0.9936	0.9723	present	570.111	570.11	543.67	545.95	0.1938	597.05	0.0646	518.27	638.05	591.92	664.36	398.18	468.57	552.08	691.16	424.14	523.23	461.61	556.58	391.7	471.83	566.36	600.56	167.44	NA	167.44	164.93	0.084	205.58	0.039	157.62	192.26	137.2	169.38	10.294	10.29	10.36	10.32	0.1188	10.28	0.06	5.0	9169262	9448077	1000	/scratch.global/lanej/1000G/ngs_dose/1000G_highcov/crams/HG01461.cram	9ab0a0e8	184ab16e	9dd52ba1	3
HG01462	fetch	0.1.0+fae1124	37.729	150	426	450	0.0975	0.9663	1.253	0.0615	0.0378		1.9951	42.2487	742.3658	1.9449	0.0022	present	421.468	421.47	406.21	410.97	0.2036	448.69	0.0557	410.6	509.94	431.7	490.96	313.7	387.93	391.12	500.57	314.52	394.71	337.05	420.77	300.26	369.48	420.73	445.91	194.916	NA	194.92	190.39	0.0839	248.78	0.0275	173.55	219.78	171.52	222.57	9.612	9.61	9.63	9.62	0.1066	9.54	0.0566	6.27	8388794	8639474	1000	/scratch.global/lanej/1000G/ngs_dose/1000G_highcov/crams/HG01462.cram	9ab0a0e8	184ab16e	9dd52ba1	3
HG01465	fetch	0.1.0+fae1124	35.648	150	435	450	0.0969	0.9628	1.277	0.065	0.0455		1.9826	17.9752	539.0005	1.9622	0.0032	present	553.795	553.79	523.41	526.62	0.2219	582.57	0.0574	507.52	624.68	548.66	631.0	411.36	507.04	509.94	643.18	409.61	509.71	433.37	540.02	391.26	476.66	544.57	584.2	177.93	NA	177.93	176.64	0.0791	225.85	0.0302	147.72	185.99	157.79	202.57	9.823	9.82	9.91	9.89	0.1076	9.84	0.0589	4.64	8705761	8965640	1000	/scratch.global/lanej/1000G/ngs_dose/1000G_highcov/crams/HG01465.cram	9ab0a0e8	184ab16e	9dd52ba1	3
HG01466	fetch	0.1.0+fae1124	35.412	150	442	450	0.0744	0.9686	1.2304	0.0698	0.0455		1.9999	58.4082	703.4466	1.9364	0.0017	present	653.557	653.56	617.72	617.45	0.2181	673.85	0.0511	617.96	732.81	658.12	739.81	471.61	562.02	596.11	725.28	468.01	562.64	510.95	616.97	433.44	509.14	640.75	677.15	210.351	NA	210.35	206.9	0.0894	258.8	0.0228	200.78	244.15	183.3	228.36	9.767	9.77	9.83	9.82	0.1098	9.76	0.0441	5.61	8622443	8852170	1000	/scratch.global/lanej/1000G/ngs_dose/1000G_highcov/crams/HG01466.cram	9ab0a0e8	184ab16e	9dd52ba1	3
HG01468	fetch	0.1.0+fae1124	37.624	150	432	450	0.0954	0.9596	1.2773	0.0721	0.0467		1.9966	53.8682	807.0975	1.915	0.0036	present	454.728	454.73	434.06	438.45	0.1876	485.71	0.0593	431.13	528.64	446.87	521.63	368.27	447.72	423.5	534.6	353.48	435.84	363.07	452.99	319.53	385.26	449.0	485.43	234.698	NA	234.7	229.8	0.0773	298.01	0.032	215.56	275.41	210.15	267.98	9.8	9.8	9.94	9.99	0.112	9.87	0.0547	5.64	9917981	10196637	1000	/scratch.global/lanej/1000G/ngs_dose/1000G_highcov/crams/HG01468.cram	9ab0a0e8	184ab16e	9dd52ba1	3
HG01474	fetch	0.1.0+fae1124	35.532	150	440	450	0.1082	0.9568	1.2888	0.0698	0.0462		2.0057	35.9809	759.3601	1.9048	0.0028	present	397.036	397.04	376.89	381.53	0.1745	427.73	0.0541	362.78	466.72	389.36	460.76	306.29	393.33	350.11	461.45	289.7	376.2	307.25	394.76	257.44	328.27	394.27	428.15	145.256	NA	145.26	143.56	0.0775	189.67	0.0327	137.82	178.49	133.89	177.19	9.527	9.53	9.77	9.84	0.1323	9.69	0.0647	7.48	8111673	8395239	1000	/scratch.global/lanej/1000G/ngs_dose/1000G_highcov/crams/HG01474.cram	9ab0a0e8	184ab16e	9dd52ba1	3
HG01479	fetch	0.1.0+fae1124	38.038	150	440	450	0.1157	0.967	1.237	0.0586	0.0416		2.0015	35.4052	608.9251	0.9984	0.9768	present	538.195	538.19	514.93	517.73	0.1756	568.73	0.0626	497.07	608.89	533.02	606.36	412.66	503.05	530.75	661.7	398.6	490.49	432.32	528.59	348.78	424.39	535.65	571.11	161.083	NA	161.08	160.18	0.0874	199.83	0.0329	150.27	186.13	144.18	180.48	9.794	9.79	9.81	9.83	0.1113	9.74	0.0685	4.74	9296311	9595745	1000	/scratch.global/lanej/1000G/ngs_dose/1000G_highcov/crams/HG01479.cram	9ab0a0e8	184ab16e	9dd52ba1	3
HG01485	fetch	0.1.0+fae1124	37.798	150	442	450	0.0948	0.9607	1.2886	0.0704	0.0391		2.0	18.3652	728.6276	0.9914	0.9761	present	372.138	372.14	353.74	360.2	0.1969	396.77	0.048	338.54	424.29	352.95	412.14	278.53	347.77	312.51	401.76	268.35	338.82	280.35	353.32	238.09	293.82	372.56	401.61	148.321	NA	148.32	147.25	0.089	189.62	0.029	137.54	175.72	133.65	172.0	9.744	9.74	9.82	9.88	0.1183	9.73	0.0555	4.7	8147971	8439413	1000	/scratch.global/lanej/1000G/ngs_dose/1000G_highcov/crams/HG01485.cram	9ab0a0e8	184ab16e	9dd52ba1	3
HG01486	fetch	0.1.0+fae1124	36.275	150	437	450	0.0996	0.9591	1.2863	0.0714	0.0465		1.9989	76.0888	752.2073	1.9514	0.0029	present	353.76	353.76	337.75	342.64	0.1794	379.9	0.0507	324.56	415.1	349.27	406.43	271.68	346.15	324.89	420.68	259.88	333.54	275.25	348.94	234.9	299.58	353.35	380.58	154.771	NA	154.77	152.36	0.0798	199.28	0.0291	136.77	175.49	135.21	175.92	10.455	10.45	10.47	10.55	0.1255	10.39	0.0566	4.04	8212868	8485863	1000	/scratch.global/lanej/1000G/ngs_dose/1000G_highcov/crams/HG01486.cram	9ab0a0e8	184ab16e	9dd52ba1	3
HG01489	fetch	0.1.0+fae1124	34.777	150	425	400	0.105	0.9639	1.2986	0.0543	0.044		1.9914	12.7365	711.439	1.9319	0.0028	present	388.634	388.63	365.49	367.76	0.184	410.85	0.0545	362.76	465.37	391.24	455.06	275.02	335.55	365.53	476.98	287.45	368.29	303.55	383.61	262.32	329.27	380.37	409.66	220.202	NA	220.2	214.88	0.081	284.12	0.0337	198.72	255.86	197.81	256.18	9.911	9.91	9.97	9.99	0.108	9.88	0.064	5.17	7680800	7934112	1000	/scratch.global/lanej/1000G/ngs_dose/1000G_highcov/crams/HG01489.cram	9ab0a0e8	184ab16e	9dd52ba1	3
HG01490	fetch	0.1.0+fae1124	34.662	150	442	450	0.0631	0.9722	1.2278	0.0736	0.0382		1.9911	93.5467	563.557	1.9588	0.0019	present	396.544	396.54	374.44	371.28	0.1843	406.43	0.0384	352.22	416.39	392.57	437.37	292.54	345.2	331.69	402.97	281.55	336.1	302.94	363.74	267.96	312.79	392.57	412.91	202.117	NA	202.12	200.58	0.0829	247.3	0.019	187.54	228.66	175.18	216.37	9.696	9.7	9.79	9.78	0.1067	9.72	0.0365	5.47	7104974	7319682	1000	/scratch.global/lanej/1000G/ngs_dose/1000G_highcov/crams/HG01490.cram	9ab0a0e8	184ab16e	9dd52ba1	3
HG01492	fetch	0.1.0+fae1124	37.223	150	442	450	0.1072	0.9608	1.2696	0.0737	0.0447		2.0029	48.0852	529.9752	1.9576	0.0026	present	464.794	464.79	440.82	445.43	0.1933	487.97	0.0564	421.98	497.24	453.45	525.08	339.52	400.0	398.49	481.74	339.13	403.34	350.47	428.53	297.01	345.78	462.35	497.78	210.345	NA	210.34	206.42	0.0867	262.62	0.0291	185.72	232.27	191.52	240.06	9.805	9.81	9.9	9.9	0.1162	9.84	0.0628	5.08	8565746	8847899	1000	/scratch.global/lanej/1000G/ngs_dose/1000G_highcov/crams/HG01492.cram	9ab0a0e8	184ab16e	9dd52ba1	3
