sample	fetch_over_scan.rDNA45S	fetch_over_scan.rDNA5S	fetch_over_scan.DJ	fetch_over_scan.TEL	capture.rDNA45S	capture.rDNA5S	capture.DJ	capture.TEL
HG00096	0.9996619434654392	0.9998588005750668	0.997867803837953	NA	0.999515	0.999798	0.997721	0.998309
HG00097	0.9996696846015044	0.9997819780645708	0.9977310231023102	NA	0.999482	0.999736	0.99762	0.998438
HG00099	0.9997595770023472	0.9999007299656525	0.9980820458177945	NA	0.999706	0.999901	0.997895	0.998994
HG00100	0.9997485277821532	0.9999778878471608	0.9980464733703475	NA	0.99967	0.999966	0.997818	0.998919
HG00101	0.999627935238716	0.9998893333997332	0.997310715763343	NA	0.999475	0.999877	0.997463	0.998687
HG00102	0.9997695089421579	0.9999564712710389	0.9979077309341982	NA	0.999688	0.999913	0.997888	0.998612
HG00103	0.9998181453500034	0.9999686456487998	0.997949979499795	NA	0.999645	0.999956	0.997864	0.998614
HG00105	0.9997723671003254	0.999975398947075	0.9975412355291466	NA	0.999667	0.999943	0.997325	0.998668
HG00106	0.9996945732859424	0.9999315843813361	0.997948086590746	NA	0.99961	0.999916	0.99779	0.998093
HG00107	0.9997604069395979	0.9999310151126177	0.997638846114362	NA	0.999571	0.999915	0.997788	0.998327
HG00108	0.9996015883091904	0.9999395430664965	0.9976762982420692	NA	0.999592	0.999925	0.997523	0.998235
HG00109	0.9996389719997926	1.0	0.9976931949250288	NA	0.999648	1.0	0.997502	0.998302
HG00110	0.9997857013955728	0.9999109752659614	0.9973920300438138	NA	0.999629	0.99991	0.997444	0.998653
HG00111	0.9995639754990784	0.9997946501910645	0.9972477064220182	NA	0.99923	0.999731	0.996884	0.997924
HG00112	0.9997441157013103	0.9999808914763246	0.9978145488604433	NA	0.999653	0.999926	0.997788	0.99847
HG00113	0.9998177054947699	0.9999455907334973	0.9978421701602961	NA	0.999713	0.999832	0.99796	0.998695
HG00114	0.9998691984856921	0.999950120617416	0.9982217573221756	NA	0.999721	0.999924	0.99812	0.998772
HG00115	0.9998331833969819	0.9999735865004377	0.9977380217972445	NA	0.999766	0.999964	0.99784	0.999029
HG00116	0.9996870084640338	0.9999105440335224	0.9980883602378928	NA	0.999643	0.999884	0.997707	0.998324
HG00117	0.9997208698343222	0.999937436393667	0.9979464010678714	NA	0.999619	0.999898	0.997809	0.998361
HG00118	0.9997029936427037	0.9998430646338305	0.9977525794258861	NA	0.999437	0.999851	0.997588	0.998611
HG00119	0.9995578315050443	0.9998484449130206	0.9977045075125208	NA	0.999341	0.999836	0.997595	0.99723
HG00120	0.999655129524305	0.9999862702113931	0.997930463576159	NA	0.999598	0.999944	0.997877	0.998499
HG00121	0.999653298906523	0.9998257906112027	0.9978819969742815	NA	0.999375	0.99983	0.997556	0.998928
HG00122	0.9993048409909802	0.9996042360390851	0.9980496817901868	NA	0.999273	0.999496	0.997609	0.998618
HG00123	0.999678572625825	0.9999118103569917	0.9977220956719818	NA	0.999561	0.999879	0.997657	0.998192
HG00125	0.9997532011265642	0.9998533105964758	0.9972245065789475	NA	0.999619	0.999816	0.997398	0.999083
HG00126	0.9995651139624436	0.9997510497402619	0.9978571428571428	NA	0.999487	0.999685	0.997743	0.999221
HG00127	0.9997163166743013	0.9999652270672509	0.9977585030698762	NA	0.999585	0.999964	0.997738	0.998509
HG00128	0.9994979618905557	0.9997828983075937	0.9980837115481596	NA	0.999367	0.999717	0.99765	0.998334
HG00129	0.9994897328055418	0.9999780152134723	0.9975358902935505	NA	0.999501	0.999899	0.997376	0.998187
HG00130	0.9997650361411514	1.0	0.9978370583994233	NA	0.999591	1.0	0.99754	0.997873
HG00131	0.9997411006255569	0.9999070679952501	0.9973995954926322	NA	0.999604	0.999904	0.997572	0.996648
HG00132	0.999766656360656	0.9999537661336929	0.9980343471963583	NA	0.999655	0.999935	0.998093	0.999321
HG00133	0.9996552354123325	0.999936956496042	0.9976138603589584	NA	0.999599	0.999926	0.997831	0.998794
HG00136	0.9997559876498266	0.9999406060344269	0.998019801980198	NA	0.999637	0.999923	0.997968	0.999071
HG00137	0.9996039203632381	0.999823723316117	0.9976944667201282	NA	0.999319	0.999813	0.997469	0.998346
HG00138	0.9996332573013105	0.9999620622937138	0.99748427672956	NA	0.999508	0.999964	0.997609	0.998232
HG00139	0.9997115242243065	0.9999127380614761	0.9979375064452924	NA	0.999657	0.999854	0.997908	0.998642
HG00140	0.9997935770859407	0.9999113744555861	0.9982798745320247	NA	0.999719	0.999897	0.99832	0.998523
HG00141	0.9997291848463876	0.9999059261802737	0.9973129392310872	NA	0.999635	0.999909	0.997146	0.998138
HG00142	0.9997427571856491	0.9999760294358527	0.9981746565472187	NA	0.999702	0.999966	0.99812	0.998818
HG00143	0.999732494630414	0.9999392710091944	0.9974559886028289	NA	0.999438	0.999882	0.99732	0.99849
HG00145	0.9995820935805656	0.9998910556705524	0.997929392276633	NA	0.999575	0.999854	0.997968	0.998684
HG00146	0.9997645229923501	0.9999735176504858	0.9980734033330123	NA	0.999653	0.999941	0.998023	0.999091
HG00148	0.9995212106451755	0.9999449797036241	0.9980556692591076	NA	0.999618	0.999894	0.998006	0.997623
HG00149	0.9998513916258164	0.9999730353560412	0.9980488806736496	NA	0.999756	0.99997	0.998013	0.99896
HG00150	0.9998016765792836	0.9999389215997655	0.997941115915174	NA	0.999683	0.999912	0.997744	0.99849
HG00151	0.9998231161141221	0.9998991361733707	0.9980115331079737	NA	0.999653	0.99988	0.998052	0.998987
HG00154	0.9997604840853519	0.9999280661791151	0.9978991596638654	NA	0.999597	0.999877	0.997848	0.998595
HG00155	0.9997428155034624	0.9999015510630024	0.9980462724935732	NA	0.999551	0.999907	0.997899	0.998658
HG00157	0.9998293770577442	0.9999731041809551	0.9981404958677688	NA	0.999707	0.999946	0.998175	0.998382
HG00158	0.9995203966522336	0.9998238247643656	0.9981460500566486	NA	0.999625	0.999812	0.997885	0.998038
HG00159	0.9997542369386829	0.9999298385548221	0.9977692151693368	NA	0.999588	0.999923	0.997635	0.998602
HG00160	0.9998839818225079	0.999940642955506	0.9982488669138855	NA	0.99973	0.999908	0.998117	0.998231
HG00171	0.99969104704435	1.0	0.9972575905974534	NA	0.999558	0.999986	0.997067	0.998259
HG00173	0.9996857472074354	0.999959466415899	0.9978181818181817	NA	0.999685	0.999963	0.997522	0.99862
HG00174	0.9996290644650421	0.9997762605682983	0.9973926995587645	NA	0.999282	0.999742	0.99727	0.998085
HG00176	0.9994007435990296	0.9998103695481245	0.997940903943169	NA	0.999352	0.999738	0.99782	0.99831
HG00177	0.9998475047972449	0.9999524239973359	0.9977887754027589	NA	0.999739	0.999952	0.997691	0.999245
HG00178	0.999718986063614	0.9999529276393212	0.9976220016542595	NA	0.999688	0.999922	0.997685	0.999154
HG00179	0.9995378396648533	0.999987727350826	0.9975572519083971	NA	0.999596	0.999987	0.997353	0.997917
HG00180	0.9996385111983908	0.9999444169102287	0.9976902887139107	NA	0.999629	0.999935	0.997556	0.998718
HG00181	0.9996507628806496	0.9999801752507832	0.9981044650379106	NA	0.999695	0.999981	0.997927	0.998524
HG00182	0.9997837625813719	0.9999681695924116	0.9974406224406224	NA	0.999704	0.999847	0.997499	0.999072
HG00183	0.9996791053971905	0.9999098480940385	0.9979879275653925	NA	0.999617	0.999883	0.997931	0.998958
HG00185	0.9994806369059953	0.999891757905732	0.9981159723675946	NA	0.999484	0.99988	0.997836	0.998362
HG00186	0.9996574738175061	0.9999418872127654	0.9977263331955353	NA	0.999634	0.999926	0.997512	0.998237
HG00187	0.9997086614937897	0.9999861527809831	0.9975827640567525	NA	0.99956	0.999986	0.997506	0.997669
HG00188	0.9996483446676008	0.9999274261440058	0.9977192618702052	NA	0.999459	0.999912	0.997711	0.998907
HG00189	0.9997082997939636	0.9999115904871364	0.9979575163398693	NA	0.999639	0.999899	0.997899	0.998967
HG00190	0.9995705103521814	0.9999665252758078	0.9976202280614773	NA	0.999524	0.999925	0.99759	0.998428
HG00231	0.9995736607618683	0.9999652647118419	0.9979674796747968	NA	0.99957	0.999948	0.997921	0.998678
HG00232	0.9995126520588868	0.9998727059639451	0.9979670861568247	NA	0.999458	0.999867	0.998035	0.99883
HG00233	0.9996700598496087	0.9999906003553065	0.9975761407946041	NA	0.999583	0.999965	0.997486	0.998725
HG00234	0.9995449496476893	0.9998994665022385	0.9972634459530576	NA	0.999534	0.999815	0.997316	0.998075
HG00235	0.9997522665339361	0.9999522196938478	0.9975572519083971	NA	0.999636	0.999897	0.99771	0.998751
HG00236	0.9996929576122691	0.9999264976111722	0.9973270608360953	NA	0.999587	0.99993	0.9972	0.998739
HG00237	0.9995220006814033	0.9999213945531048	0.9977688057798554	NA	0.999546	0.999896	0.997733	0.997754
HG00238	0.9996338372430322	0.9999639958440917	0.9974387870095278	NA	0.999575	0.999946	0.997448	0.998417
HG00239	0.9995110253260806	0.9998864326520939	0.9974967457695003	NA	0.99961	0.99986	0.997157	0.998908
HG00240	0.9997790488816253	1.0	0.9978947368421054	NA	0.999663	1.0	0.997969	0.999048
HG00242	0.9997882620594893	0.9999027710257656	0.9972006220839814	NA	0.999629	0.999904	0.997152	0.998842
HG00243	0.9995537578288101	0.999732804030842	0.9980661577608142	NA	0.999367	0.999726	0.99804	0.997934
HG00244	0.9997321178838889	0.9998848331292657	0.9977701196026758	NA	0.999609	0.999885	0.997725	0.99836
HG00245	0.9997282850213943	0.999913155997881	0.9973333333333334	NA	0.999679	0.999892	0.997298	0.997902
HG00246	0.9996954557974244	0.9999019324750609	0.9973694860380413	NA	0.999551	0.999887	0.997313	0.998645
HG00250	0.9997093584624478	0.9999863364334447	0.9977157096874675	NA	0.999643	0.999972	0.997907	0.998584
HG00251	0.9995831998065419	0.9998993102753864	0.9975923793572699	NA	0.999487	0.999833	0.997536	0.998602
HG00252	0.9995876961844107	0.9998769368032028	0.9977319587628868	NA	0.999615	0.999879	0.997737	0.998899
HG00253	0.9997727618651535	0.9999050750338709	0.997917751171265	NA	0.999642	0.999851	0.997646	0.999
HG00254	0.9995151335500058	0.999896470804767	0.9978889592569137	NA	0.999537	0.999884	0.997704	0.998206
HG00255	0.9997215808079777	0.9999264516603539	0.9977130356965298	NA	0.999566	0.999908	0.997781	0.99891
HG00256	0.9995932132744728	0.9998941804835396	0.9981191222570532	NA	0.999601	0.999885	0.998138	0.99902
HG00257	0.9995893010941338	0.999665719538693	0.9976480212700686	NA	0.999416	0.999652	0.997521	0.998006
HG00258	0.999753731784361	0.9999420311240165	0.9974152191894127	NA	0.999551	0.999885	0.997339	0.997477
HG00259	0.9997481244639838	0.9999676314298815	0.9978430566967953	NA	0.99956	0.99992	0.997664	0.998198
HG00260	0.9994492228761129	0.9997432375181339	0.9976744186046512	NA	0.999353	0.999607	0.997608	0.998868
HG00261	0.9997213051895218	0.9999598117403303	0.9978065594317945	NA	0.999645	0.999933	0.997868	0.998239
HG00262	0.9997811215774474	0.9999728755939115	0.9979186179623271	NA	0.999702	0.99996	0.997971	0.998797
HG00263	0.9996987980885265	0.9998988901709351	0.9978426135196219	NA	0.999622	0.999906	0.997965	0.99895
HG00264	0.999554190064368	0.9997875074625355	0.9978381717109326	NA	0.999314	0.999746	0.997781	0.998331
HG00265	0.9996460722707395	0.9998311981914092	0.9976715934399676	NA	0.999392	0.999786	0.997456	0.998486
HG00266	0.9997170594592589	0.9999185409784134	0.9980261790982755	NA	0.9996	0.999895	0.997969	0.999134
HG00267	0.9996675188036588	0.9999459316576154	0.9980359727103576	NA	0.999596	0.999903	0.997865	0.998815
HG00268	0.9997160423714166	0.9999424504594371	0.9980251533104667	NA	0.99965	0.999945	0.997734	0.998799
HG00269	0.9998054522446604	0.9999074049578031	0.9975941422594142	NA	0.999617	0.999897	0.997186	0.998202
HG00271	0.999646056165298	0.9999820822781786	0.9977239809642044	NA	0.999424	0.999912	0.997521	0.998178
HG00272	0.9996841688066123	0.9999275834600623	0.9977871655602494	NA	0.999635	0.99991	0.997815	0.998953
HG00273	0.9996856005030392	0.9999373624583981	0.997733594313382	NA	0.99961	0.999907	0.997662	0.997584
HG00274	0.999606256335503	0.9999436489844009	0.9980009995002498	NA	0.99962	0.999884	0.997892	0.998652
HG00275	0.9995745377188677	0.9999419987239718	0.9978671541742838	NA	0.999556	0.99983	0.997777	0.998178
HG00276	0.9996679070786056	0.9997317342591132	0.9979105725031342	NA	0.999492	0.999715	0.997638	0.99906
HG00277	0.9997761486373048	0.9998946442399371	0.9979627177345421	NA	0.999604	0.999762	0.997744	0.998401
HG00278	0.9997090801622687	0.9999427902743466	0.9979400556184983	NA	0.99961	0.999932	0.997824	0.998499
HG00280	0.9998292367084156	1.0	0.997825411618515	NA	0.999711	0.999983	0.997634	0.998158
HG00281	0.9996823941220545	0.9998917102445601	0.9980406311230279	NA	0.99942	0.999852	0.997643	0.999022
HG00282	0.9996520313635732	0.9998709566414316	0.9978021978021979	NA	0.999641	0.999857	0.99755	0.998889
HG00284	0.999678002625517	0.9998161426732856	0.9977072984333207	NA	0.999566	0.999776	0.997787	0.998554
HG00285	0.9997428232249145	0.9998597448631557	0.997717605560743	NA	0.999554	0.999843	0.997703	0.997964
HG00288	0.9997089778556991	0.9998391670546408	0.9970441341351545	NA	0.999545	0.999827	0.996986	0.998722
HG00290	0.9995544328957721	0.9999094329680464	0.9978267618751939	NA	0.999562	0.999896	0.997859	0.998961
HG00304	0.9998320074192888	0.999941687561957	0.997928534438115	NA	0.999601	0.999892	0.997728	0.999088
HG00306	0.9997620267047422	0.9998886779266882	0.9979923922231615	NA	0.999605	0.999893	0.997822	0.999002
HG00308	0.9997544442362247	0.9999174662127308	0.9973187583788801	NA	0.99953	0.999872	0.997052	0.998651
HG00309	0.9996086694762192	0.9998937123949833	0.9978465955701393	NA	0.999595	0.9999	0.997713	0.998654
HG00310	0.9996669255056229	0.999897491469826	0.9972613855360585	NA	0.999321	0.999819	0.99731	0.998409
HG00311	0.9995534331861076	0.9999285152619916	0.9977183157021364	NA	0.999525	0.999931	0.997726	0.997932
HG00313	0.999731611100224	0.9999338460266269	0.9976366625565146	NA	0.999607	0.999891	0.997493	0.998347
HG00315	0.9996842428655955	0.9998940422515656	0.9976084017884994	NA	0.999554	0.999885	0.997177	0.998015
HG00318	0.9997697933895671	0.9999290468149115	0.9979345244242487	NA	0.999646	0.999929	0.997977	0.998735
HG00319	0.9996909209835902	0.9999243533934379	0.9980152512274104	NA	0.99954	0.999916	0.997971	0.998164
HG00320	0.9996403031345333	0.9999295489370696	0.9978717229370223	NA	0.99958	0.999887	0.997724	0.998154
HG00321	0.9997886303044322	0.9999151895513527	0.9982531853678587	NA	0.999654	0.999864	0.998073	0.998907
HG00323	0.9996297639978047	0.9999765292650725	0.9975346687211095	NA	0.999627	0.999905	0.99749	0.998911
HG00324	0.9996932999176291	0.9999449854211366	0.9979773462783172	NA	0.999628	0.999921	0.997821	0.998037
HG00325	0.9997200809993464	0.9998172618979636	0.9980055843637813	NA	0.999565	0.999803	0.997886	0.997904
HG00326	0.99974248268607	0.999964494940529	0.9978301301921884	NA	0.999475	0.999915	0.997682	0.997881
HG00327	0.9997659073285637	0.999856694662388	0.9979579334286296	NA	0.999579	0.999842	0.997937	0.998737
HG00328	0.9997336391713315	0.9999202703448615	0.9974584348194431	NA	0.999578	0.99992	0.997057	0.998702
HG00329	0.9995103755290844	0.9998209282238187	0.9976128903918837	NA	0.999463	0.999811	0.997683	0.998496
HG00330	0.9995408364537053	0.9998853463019405	0.99768615902398	NA	0.999475	0.99989	0.99757	0.998865
HG00331	0.9996348864035307	0.9998412677983843	0.9980776272427683	NA	0.99939	0.999786	0.998049	0.998595
HG00332	0.9995372455773723	0.9999226264453138	0.9975044192575646	NA	0.999401	0.999894	0.997295	0.998304
HG00334	0.9997228715328819	0.999941584993834	0.9980677311095292	NA	0.999642	0.999943	0.997849	0.998597
HG00335	0.9997096529235717	0.9999534301985203	0.9973609419407227	NA	0.999634	0.999872	0.997129	0.998798
HG00336	0.9997816283166733	0.9999369834896744	0.9973333333333334	NA	0.999584	0.999915	0.997151	0.999046
HG00337	0.9992888548088874	0.9998313600809472	0.9979604323883338	NA	0.999424	0.999804	0.997679	0.998908
HG00338	0.9997507784749285	0.9997890072792488	0.9971768501714057	NA	0.999514	0.999754	0.99721	0.998485
HG00339	0.9997372660566624	0.9999068781567196	0.9975018215884252	NA	0.999498	0.999877	0.997375	0.998454
HG00341	0.9996132568815053	0.9999218603488154	0.9977291494632535	NA	0.999591	0.999913	0.997853	0.999372
HG00342	0.9997415752373702	0.999932177716989	0.9981787015213199	NA	0.999629	0.999868	0.997857	0.998931
HG00343	0.9997017644447733	0.9999321987931385	0.9977838750527648	NA	0.999643	0.999918	0.997684	0.999024
HG00344	0.9994489839263603	0.9999598587026333	0.9978709814775389	NA	0.999614	0.999946	0.99772	0.998977
HG00345	0.9997030831063232	0.9998255090583557	0.9977856064418722	NA	0.999471	0.999778	0.99754	0.998452
HG00346	0.999642465429364	0.9998769542559351	0.9971203071672355	NA	0.999412	0.999883	0.997031	0.998231
HG00349	0.9997233960160515	0.9999091763658741	0.9975517698663674	NA	0.99963	0.999874	0.997393	0.998672
HG00350	0.9996510976651087	0.9999859764263729	0.9977246871444824	NA	0.999663	0.999978	0.997526	0.998835
HG00351	0.9997862900190153	0.9999396554325197	0.9978343817675571	NA	0.999572	0.999923	0.997765	0.998291
HG00353	0.9996233412528249	0.9999068471761386	0.9976758286176232	NA	0.999591	0.999896	0.997742	0.998907
HG00355	0.9997656769042885	0.9999373824056487	0.9978531997546514	NA	0.999617	0.999932	0.997728	0.998969
HG00356	0.9996450637570657	0.9997145524717972	0.9977848101265822	NA	0.999508	0.999639	0.997504	0.999086
HG00357	0.9996492612565216	0.999916349173758	0.997825411618515	NA	0.999605	0.999869	0.997506	0.998891
HG00358	0.9996128941441441	0.9999363939937758	0.9979162325484474	NA	0.999664	0.999915	0.99783	0.998191
HG00360	0.9995272279383406	0.9999308076591308	0.9976694915254237	NA	0.999565	0.99991	0.997647	0.999014
HG00361	0.999498988341844	0.9999476058035305	0.9982182161199035	NA	0.99957	0.999909	0.998095	0.998956
HG00362	0.9997901928953803	0.999895705434221	0.9979962033326303	NA	0.999633	0.999898	0.997838	0.998917
HG00364	0.9995832967356202	0.9999048191780703	0.998051282051282	NA	0.999523	0.999909	0.9975	0.998652
HG00365	0.9997447071522307	0.9998882943072652	0.997822644497229	NA	0.999615	0.99983	0.997837	0.998481
HG00366	0.9995617938443329	0.9997323010635721	0.9976482617586913	NA	0.999295	0.999727	0.997506	0.998727
HG00367	0.9997400578309437	0.9999204802989942	0.9970288624787778	NA	0.999556	0.9999	0.996768	0.999021
HG00368	0.999681389143335	0.9999095520041188	0.9971943455271394	NA	0.999596	0.999892	0.997	0.99854
HG00369	0.9995789965190667	0.9998462060208371	0.9981316171891218	NA	0.999435	0.999789	0.997924	0.998733
HG00371	0.9995773591765321	0.9999118473195574	0.9976753588033151	NA	0.999564	0.99988	0.997736	0.9988
HG00372	0.9997161547991545	0.9999204043459227	0.9978878445453586	NA	0.999596	0.999909	0.997777	0.998286
HG00373	0.9997294314062496	0.999958579936121	0.9975392187019377	NA	0.999563	0.999944	0.997562	0.998505
HG00375	0.9996626730817962	0.9997566014067192	0.9976116303219106	NA	0.999458	0.99968	0.997306	0.998484
HG00376	0.9997843253550055	0.9999805441414519	0.9981513813289513	NA	0.999671	0.999967	0.997942	0.999022
HG00378	0.9997600968416418	0.9998914939276786	0.997918184657021	NA	0.999641	0.999857	0.997616	0.99924
HG00379	0.9997010374002212	0.9999453190632659	0.9975893512210461	NA	0.999609	0.999918	0.997559	0.999052
HG00380	0.9996547779662505	0.9999577983393646	0.9979748886188741	NA	0.999627	0.999941	0.997819	0.998543
HG00381	0.9997218238631913	0.9999462875763164	0.9978283350568768	NA	0.99963	0.999927	0.997693	0.999085
HG00382	0.9997905597291239	0.9999688136720861	0.9981410719818238	NA	0.999697	0.999939	0.997826	0.998757
HG00383	0.9997915306120279	0.9998986279513591	0.9979420018709073	NA	0.999653	0.999862	0.997895	0.999109
HG00384	0.9996100471540067	0.9998614631125164	0.9978334589299171	NA	0.999465	0.999793	0.997666	0.998744
HG00403	0.9997180460345013	0.9998889586250181	0.9979562640506847	NA	0.999438	0.999863	0.997718	0.998797
HG00404	0.9997595750488989	0.9998610066906324	0.9977797961449187	NA	0.999632	0.999846	0.99759	0.998749
HG00405	0.9997642016492014	0.9998717236071322	0.9975845410628019	NA	0.999555	0.999834	0.997386	0.99915
HG00406	0.9997773521892128	0.9999680155231327	0.9979216460563234	NA	0.999631	0.999938	0.997647	0.998546
HG00407	0.9997195531546932	0.999947310531966	0.9978894048121569	NA	0.999624	0.999931	0.997681	0.999172
HG00408	0.999820531782893	0.9999645161481096	0.998092177929511	NA	0.999624	0.999965	0.997905	0.999143
HG00409	0.9996694732008368	0.999914076287038	0.9977197346600332	NA	0.999668	0.999893	0.997355	0.998761
HG00410	0.9997051627088356	0.9998420493380432	0.9977873775155411	NA	0.999639	0.999832	0.997543	0.999438
HG00418	0.9998629301844101	0.9999415683066496	0.9981128327373857	NA	0.999713	0.999915	0.997736	0.999083
HG00419	0.9995446713539018	0.999793360804191	0.9975482684646032	NA	0.999368	0.999803	0.997117	0.998723
HG00420	0.9996873431705325	0.9996758594685418	0.9979099174417388	NA	0.999531	0.999664	0.997739	0.998804
HG00421	0.9995121239587792	0.9998599282832811	0.9978625954198475	NA	0.999446	0.999799	0.997581	0.998746
HG00422	0.9995750681758752	0.9998684444210569	0.9976049151306884	NA	0.999544	0.999831	0.997265	0.998111
HG00423	0.9997002733954822	0.9997920966485979	0.9979140592407176	NA	0.999351	0.999764	0.997707	0.999051
HG00427	0.9997088125792964	0.9998690601637372	0.9978782092085721	NA	0.999579	0.999874	0.997669	0.998332
HG00428	0.9996701495595165	0.9998094083840763	0.9973237261966033	NA	0.999343	0.999803	0.996804	0.998853
HG00429	0.9998071836659416	0.9999319736305056	0.9981366459627329	NA	0.999632	0.99993	0.997968	0.998635
HG00436	0.9997114950410597	0.9998619112586512	0.9980280228334198	NA	0.999445	0.999816	0.99786	0.99901
HG00437	0.9996213689615546	0.9999577809676602	0.9976822587442056	NA	0.999606	0.999937	0.99743	0.998691
HG00438	0.999691940983594	0.9999080412792479	0.9979928163955208	NA	0.999576	0.999898	0.997666	0.998846
HG00442	0.9997267848765978	0.9999340493687582	0.997787610619469	NA	0.99962	0.999923	0.997458	0.998821
HG00443	0.999635247328233	0.999831514455294	0.9978388391478851	NA	0.999449	0.99978	0.997457	0.99886
HG00444	0.9997083442304875	0.9998979272425383	0.9977064220183486	NA	0.999586	0.99988	0.997493	0.999032
HG00445	0.9997843124567399	0.9998984893953141	0.9974544343753181	NA	0.999592	0.999845	0.997341	0.998679
HG00446	0.9997072626998261	0.9999833388870376	0.9981179422835633	NA	0.999659	0.999883	0.997521	0.998648
HG00447	0.999541385345308	0.9998557614294042	0.9979023074617921	NA	0.9995	0.999844	0.997606	0.999186
HG00448	0.9997168903233111	0.9999609387715244	0.9973115388751478	NA	0.999661	0.999945	0.996972	0.99877
HG00449	0.9997901862756813	0.9999848402924812	0.9978152309612983	NA	0.999717	0.999985	0.997478	0.99897
HG00450	0.9996262865119381	0.9999661933739012	0.9976968174204355	NA	0.999688	0.99994	0.997447	0.999034
HG00451	0.9995131900530998	0.9997900824451197	0.9973398813177818	NA	0.999221	0.999799	0.997072	0.998502
HG00452	0.9997476568132662	0.9999381177177815	0.9977368583479066	NA	0.999636	0.999929	0.997456	0.99867
HG00453	0.9995189077722886	0.999934295317278	0.9978420371169614	NA	0.999641	0.99991	0.997453	0.999115
HG00457	0.9997714699244898	0.9998815393120254	0.9979166666666667	NA	0.999645	0.999888	0.997446	0.998598
HG00458	0.9997842721047852	0.9999083482765492	0.9979022445982797	NA	0.999635	0.999891	0.997524	0.998393
HG00459	0.9997248727037835	0.9998517340378212	0.9979002624671917	NA	0.999492	0.999804	0.997685	0.998582
HG00463	0.9997120481870837	0.9998278512872568	0.997816366850369	NA	0.99949	0.999765	0.997658	0.998624
HG00464	0.9997098449186049	0.9998075588148373	0.9977433582931583	NA	0.999503	0.999673	0.997462	0.998758
HG00465	0.9997665534420699	0.9999294196530976	0.9981265611990008	NA	0.999638	0.9999	0.997725	0.998989
HG00472	0.9996910313498799	0.9998984723068287	0.9975313942256091	NA	0.999578	0.999884	0.997383	0.998743
HG00473	0.9997156574774602	0.9999272318327656	0.997557500508854	NA	0.999592	0.999841	0.997427	0.99808
HG00474	0.9997499052525668	1.0	0.9977725922783198	NA	0.999666	0.999964	0.997586	0.998554
HG00475	0.9995032600511736	0.9997351155303801	0.9977298524404086	NA	0.999531	0.999742	0.997507	0.998547
HG00476	0.9997049689031956	0.9999258270286308	0.9976537794552687	NA	0.999663	0.999894	0.997533	0.998972
HG00477	0.9996518911015907	0.9998713089807028	0.9979781641730692	NA	0.999573	0.999856	0.997873	0.998923
HG00478	0.9996261581105245	1.0	0.9974851624585052	NA	0.999605	1.0	0.997226	0.998598
HG00479	0.9996646591378692	0.9998757190540444	0.9977862112586969	NA	0.999555	0.99984	0.997226	0.998687
HG00480	0.9996720246103015	0.9999046569769906	0.9981696156192802	NA	0.999684	0.999894	0.997868	0.999184
HG00500	0.999769993422619	0.9999396009268511	0.9975911185588605	NA	0.999663	0.999939	0.997392	0.997817
HG00501	0.9997499704965186	0.9999541185484945	0.9981679389312978	NA	0.999649	0.999941	0.997854	0.998879
HG00502	0.9998056747441942	0.9999290751398232	0.9981090450677591	NA	0.99968	0.999929	0.997865	0.998969
HG00512	0.9998036721167287	0.9999551283329676	0.9980037823072074	NA	0.999724	0.999957	0.997882	0.998631
HG00513	0.9996880365100582	1.0	0.9978325936629167	NA	0.999579	0.999972	0.99776	0.999059
HG00514	0.9995384705160466	0.9998328453769084	0.9981418395788171	NA	0.999291	0.99977	0.997762	0.998997
HG00524	0.9994420434449562	0.9996641166557602	0.9974313156131336	NA	0.99919	0.999583	0.997281	0.998808
HG00525	0.9997640656516333	0.9998632377327096	0.9972828926742605	NA	0.999551	0.999829	0.996984	0.999164
HG00526	0.9997012750837215	0.9998742524307005	0.9981613891726252	NA	0.999531	0.999861	0.998035	0.999211
HG00530	0.9997484742214988	0.9996816300541229	0.9974900648399917	NA	0.999594	0.999675	0.997379	0.998302
HG00531	0.9996878400700625	0.999801558240294	0.9972305561966304	NA	0.999331	0.999791	0.996912	0.998988
HG00532	0.9997293039192755	0.9996675157802126	0.9977980497011638	NA	0.999605	0.999622	0.997435	0.998818
HG00533	0.9995484981623083	0.9998524537468845	0.9979598082219727	NA	0.999589	0.999825	0.997801	0.999209
HG00534	0.9997191374887819	0.9999626191514548	0.9979099174417388	NA	0.999593	0.999943	0.997648	0.998635
HG00535	0.9993836790073846	0.9997857107534739	0.9978887364087405	NA	0.999409	0.999716	0.997653	0.998647
HG00536	0.9996505737819484	0.9998407595768185	0.9980257689110557	NA	0.999462	0.999815	0.997802	0.998446
HG00537	0.9997916416518934	1.0	0.9972800502144576	NA	0.999659	0.999974	0.996915	0.998685
HG00538	0.9997982792540412	0.999947405944297	0.9978296816866473	NA	0.999586	0.999932	0.9977	0.998877
HG00542	0.9997355315409153	0.9999237272486411	0.9971142945480781	NA	0.99952	0.99989	0.996923	0.998504
HG00543	0.9997618475240007	0.999928525480666	0.9978185993111366	NA	0.999645	0.999898	0.997499	0.999216
HG00544	0.9997726912459213	0.999891805141059	0.9979394189161344	NA	0.9996	0.999895	0.997629	0.998771
HG00551	0.999707408535311	0.999930812207033	0.9978265369488718	NA	0.99963	0.999902	0.997513	0.999123
HG00552	0.9996586220494841	0.9998618885521858	0.9977116704805492	NA	0.999626	0.999823	0.997863	0.999192
HG00553	0.9997051027813928	0.9999669599885461	0.9979319615344846	NA	0.999567	0.99991	0.997773	0.999136
HG00554	0.9997781078218473	0.9998861357954405	0.9976322020520917	NA	0.999456	0.999893	0.997439	0.998804
HG00555	0.9997211473921112	0.9998702604521424	0.9971936389148736	NA	0.999538	0.999799	0.997273	0.999047
HG00556	0.9997050183449335	0.99986584834155	0.9981108312342568	NA	0.99963	0.99987	0.998098	0.999184
HG00557	0.9997343866934911	0.9999070401586514	0.9979311058239372	NA	0.99964	0.999824	0.997617	0.999258
HG00558	0.9996180644887501	0.9998986012607243	0.9982526467262823	NA	0.999574	0.999903	0.997777	0.999032
HG00559	0.999773497805086	0.9999044874958213	0.9980632008154944	NA	0.999597	0.999894	0.997797	0.999218
HG00560	0.9997995577338386	0.9999272017821003	0.9976237214588284	NA	0.999601	0.999902	0.997412	0.998868
HG00561	0.9998237631648068	0.9999487369141818	0.9980488806736496	NA	0.999685	0.999938	0.997704	0.999124
HG00565	0.9997827170113849	0.999920286966919	0.9976977814985352	NA	0.999567	0.999896	0.997283	0.998622
HG00566	0.9996390179900939	0.9999571281582257	0.9978383942357181	NA	0.999695	0.999922	0.99759	0.9991
HG00567	0.999681371411208	0.9999085756079722	0.9980564648117839	NA	0.999638	0.99991	0.997803	0.999158
HG00577	0.9997388043770359	0.9999123201192447	0.9975044192575646	NA	0.999511	0.9999	0.997233	0.998482
HG00578	0.9997945659928986	0.9998924197780261	0.9977931904161411	NA	0.999656	0.999862	0.997613	0.999178
HG00579	0.999717687021056	0.9999008402139208	0.998125195292157	NA	0.999614	0.999885	0.997759	0.999057
HG00580	0.9994834177084411	0.9997357593144841	0.997691226661313	NA	0.999407	0.999744	0.997559	0.998639
HG00581	0.9997899818544321	0.99982599253856	0.9975414216996259	NA	0.999665	0.999836	0.997639	0.999039
HG00582	0.9995408118074302	0.9999470722111465	0.998263356829094	NA	0.999613	0.999947	0.997989	0.998947
HG00583	0.9998178651227101	0.9998767267880393	0.9972401103955842	NA	0.999625	0.999877	0.996963	0.998393
HG00584	0.9996872106388103	0.9998049636744843	0.9974293059125964	NA	0.99954	0.999765	0.997184	0.997859
HG00585	0.9997079021593941	0.9999494357024392	0.9976066597294485	NA	0.999482	0.999923	0.997311	0.998604
HG00589	0.9997515878504598	0.9999411241364873	0.9974795211090106	NA	0.999607	0.999923	0.997227	0.997909
HG00590	0.9997375690607734	1.0	0.9979002624671917	NA	0.999648	0.999967	0.997611	0.998529
HG00591	0.9997763749744428	0.9999532813978205	0.9980237154150198	NA	0.999654	0.999954	0.997727	0.9988
HG00592	0.9996498658380158	0.999977365323676	0.9976982632349863	NA	0.999596	0.999979	0.997446	0.998346
HG00593	0.9995483828119811	0.9997099302598285	0.9974981757531535	NA	0.999347	0.999674	0.997167	0.99862
HG00594	0.9997612524016871	0.9998832426218318	0.9979750612810404	NA	0.999657	0.999865	0.997768	0.998958
HG00595	0.9995858056744623	0.999944672516626	0.9981418395788171	NA	0.999659	0.999933	0.997909	0.999184
HG00596	0.9996552628723607	0.9998690152011306	0.9978454909202833	NA	0.999647	0.999844	0.99774	0.998926
HG00597	0.9995325245265618	0.99987982808347	0.997808619430241	NA	0.99959	0.999879	0.997654	0.999033
HG00598	0.9996971371566779	0.999927202135404	0.9978332645480809	NA	0.999561	0.999914	0.997584	0.998501
HG00599	0.9997070783651526	0.9999793617270107	0.9977447462839569	NA	0.999513	0.999958	0.997363	0.99834
HG00607	0.9997571440135999	0.9998664391184982	0.9980171154247547	NA	0.999578	0.999827	0.997797	0.999066
HG00608	0.9996654147819231	0.9998600430756311	0.9975450081833062	NA	0.999434	0.999799	0.997452	0.999051
HG00609	0.9997778538124882	0.9998927757673235	0.9977359267263558	NA	0.999594	0.999896	0.997519	0.998231
HG00610	0.9995312391999648	0.999953433864446	0.9975394709862622	NA	0.999641	0.999955	0.99756	0.997998
HG00611	0.999667717565247	0.9999496435885099	0.997572324499292	NA	0.99958	0.999936	0.997399	0.998551
HG00612	0.9995804388927835	0.9998250808191401	0.9977328936521022	NA	0.999523	0.99983	0.997624	0.998703
HG00613	0.9997503785581371	0.9999184184048079	0.9979428101213742	NA	0.999619	0.999923	0.997682	0.999004
HG00614	0.9997138527282824	0.9998109050249934	0.9976319684262458	NA	0.999519	0.999746	0.99737	0.997972
HG00615	0.9997356947070554	0.9998947459946275	0.9979730414513022	NA	0.999592	0.999881	0.997723	0.999298
HG00619	0.9998126430269749	0.999980849393245	0.9966712580348944	NA	0.999634	0.999961	0.996723	0.9988
HG00620	0.9997399936057687	0.9999582262881969	0.9978549540347295	NA	0.999624	0.999962	0.997668	0.998855
HG00621	0.9997529803094851	0.99988764325485	0.9974715549936789	NA	0.999563	0.999837	0.997433	0.99915
HG00622	0.999647381126753	0.9998349852002351	0.9977431267952402	NA	0.999623	0.999807	0.997545	0.999035
HG00623	0.9997219331056016	0.9998563890651856	0.997962510187449	NA	0.999534	0.999836	0.99783	0.999117
HG00625	0.9998104830926351	0.9999250399786781	0.9978490218170645	NA	0.999502	0.999778	0.997636	0.997955
HG00626	0.9997935034620845	0.9999373974012965	0.9978143213988342	NA	0.999623	0.999915	0.99768	0.998525
HG00627	0.9997061337892711	0.9998785888186692	0.9978010471204187	NA	0.999476	0.999883	0.997663	0.998943
HG00628	0.9995398349541368	0.9998459422911234	0.9976402995793577	NA	0.999538	0.999819	0.997494	0.99893
HG00629	0.9997686164586419	0.9999389133235594	0.9981930272108844	NA	0.999633	0.99994	0.997895	0.999107
HG00630	0.9996707651276319	0.9998732153685023	0.9982753373237294	NA	0.999639	0.999877	0.998047	0.99857
HG00631	0.999818579547635	0.9999444516451572	0.9978428351309708	NA	0.999671	0.99991	0.99768	0.998502
HG00632	0.9996882631059386	0.9999052581714828	0.9974779319041615	NA	0.999535	0.999804	0.997466	0.998691
HG00634	0.9997949371561254	0.9999414953781349	0.997733594313382	NA	0.999592	0.999943	0.997488	0.998737
HG00635	0.9997028213525931	0.9999239423229282	0.9979497140390633	NA	0.99961	0.999909	0.997682	0.998958
HG00636	0.9997248586000126	0.9999404722928288	0.9980220695398709	NA	0.999578	0.999911	0.997734	0.998913
HG00637	0.9994946217977769	0.9997671594077039	0.9973361240605082	NA	0.999419	0.999723	0.997579	0.999073
HG00638	0.9997241906437534	0.9999447238958599	0.9981049271893078	NA	0.999613	0.999893	0.997781	0.999292
HG00639	0.9996829773957849	0.9999539111509409	0.997376429845734	NA	0.999521	0.999889	0.997333	0.999096
HG00640	0.999619456476821	0.9999198959880216	0.9975356812814457	NA	0.999627	0.999846	0.99786	0.998742
HG00641	0.9997111861224932	0.9999240569923064	0.9978693181818182	NA	0.999618	0.999895	0.997607	0.999107
HG00642	0.9998089679271844	0.9999025441704216	0.9981302586475537	NA	0.999595	0.999874	0.998167	0.999015
HG00650	0.9996726729589729	0.9999303539092887	0.9978339350180505	NA	0.999576	0.999932	0.997717	0.99918
HG00651	0.999824841899447	0.9999597255294834	0.9976674873655565	NA	0.99963	0.999958	0.997364	0.999368
HG00652	0.9996769341046532	0.9998600893096573	0.9981993569131833	NA	0.999502	0.999849	0.997445	0.999217
HG00653	0.9997599111033678	0.9999784985540278	0.9981149858623941	NA	0.999645	0.99995	0.997869	0.998863
HG00654	0.9997538939982297	0.9999056585973319	0.9979991575400169	NA	0.999661	0.999849	0.997856	0.99879
HG00655	0.9997610037841068	0.9998610789534615	0.998230088495575	NA	0.999602	0.999824	0.997759	0.998828
HG00656	0.9996004847451758	0.9999278310524939	0.9979331725800897	NA	0.999625	0.999924	0.997699	0.998711
HG00657	0.9997134972933034	0.9998103112204184	0.9975414874001228	NA	0.999608	0.999817	0.997507	0.999237
HG00658	0.9994977800422156	0.999943951424568	0.9978143333716784	NA	0.999595	0.999929	0.997819	0.99896
HG00662	0.9998241065262994	0.9999107132892107	0.9975845410628019	NA	0.999671	0.999868	0.997002	0.998516
HG00663	0.999708155288378	0.9999201770617903	0.9977960328591466	NA	0.999519	0.999896	0.997315	0.998494
HG00664	0.9996223158334149	0.9998768833909832	0.9981468135488522	NA	0.999582	0.999884	0.997515	0.998661
HG00671	0.9997887398331045	0.9998534641635339	0.9979578675838349	NA	0.999662	0.99986	0.997838	0.998926
HG00672	0.999657264283511	0.9998995593165012	0.9977296181630547	NA	0.999615	0.999863	0.997612	0.999278
HG00673	0.9997499885747466	0.9999191309270291	0.9980106100795755	NA	0.999638	0.999902	0.997817	0.998742
HG00674	0.9998245309435065	0.9998867024448421	0.9978136387298281	NA	0.999624	0.999868	0.997546	0.998611
HG00675	0.9998012138957059	0.9999216297528289	0.9978175015589276	NA	0.999666	0.999897	0.997632	0.99872
HG00683	0.9996975557001584	0.9999832233530925	0.997453040432983	NA	0.999654	0.999963	0.997238	0.998799
HG00684	0.9996944605029752	1.0	0.998075072184793	NA	0.999665	0.999953	0.997707	0.999326
HG00685	0.9998285530170233	0.9999889041764681	0.9980339403973509	NA	0.999673	0.999986	0.997832	0.998984
HG00689	0.9997026953695525	0.9998683817980801	0.9970729667572653	NA	0.999562	0.999816	0.996643	0.99898
HG00690	0.9997938666280921	0.9998815285190472	0.9972302119953127	NA	0.999649	0.999866	0.99665	0.998721
HG00691	0.9995682856306505	0.9998379989631934	0.9976854181342458	NA	0.999278	0.999825	0.997531	0.998811
HG00692	0.9995878118046507	0.9997517978743716	0.9978917779339423	NA	0.999361	0.999746	0.997494	0.998609
HG00693	0.9998224540084147	0.9999590296397796	0.9978215767634854	NA	0.999636	0.999896	0.997625	0.99864
HG00694	0.9997861713241055	0.9998907228229937	0.9977213878819264	NA	0.999599	0.999894	0.997745	0.998925
HG00698	0.999491166779396	0.9998742088019532	0.9982540823662319	NA	0.999611	0.999831	0.998136	0.998952
HG00699	0.999801530996854	0.9999112052617224	0.9977249224405377	NA	0.99966	0.999864	0.997705	0.999088
HG00700	0.9997256822137688	0.9999091074350118	0.9979218620116375	NA	0.999592	0.999882	0.997852	0.998865
HG00701	0.9996526676220586	0.999702899809968	0.9978150036416605	NA	0.999452	0.999683	0.997729	0.998584
HG00702	0.9996812468481497	0.9998696469916388	0.9980308840294333	NA	0.999697	0.999854	0.997819	0.999038
HG00703	0.9996293732485925	0.9999551468939224	0.9976400574594706	NA	0.999632	0.999942	0.997811	0.998235
HG00704	0.9997166781483169	0.9997859733705814	0.9980504822491278	NA	0.999715	0.999771	0.997958	0.998933
HG00705	0.999699221344216	0.9998888758919173	0.9976746537256092	NA	0.999611	0.999891	0.997655	0.998641
HG00706	0.9997965541795186	0.9995856170438473	0.9977585328578705	NA	0.999698	0.999596	0.997722	0.99869
HG00707	0.9995675857701278	0.9998175404452012	0.9976972366840209	NA	0.999354	0.99975	0.997511	0.998759
HG00708	0.9997041938485973	0.9998474408197513	0.9980556692591076	NA	0.999592	0.999808	0.997587	0.998536
HG00709	0.9996976974623382	0.9999390801096557	0.998134908299658	NA	0.999676	0.999879	0.997849	0.998665
HG00717	0.9996906299547547	0.9997791206737385	0.9977804681194511	NA	0.999523	0.999748	0.997689	0.998247
HG00728	0.9997207107127839	0.9999334330532301	0.9975694811370601	NA	0.999719	0.999899	0.997562	0.999269
HG00729	0.9996146801581395	0.9999419313628708	0.9974621865800426	NA	0.999541	0.999906	0.997333	0.998697
HG00731	0.9996785748503363	0.9998707620729762	0.9977624084621644	NA	0.999517	0.999804	0.997768	0.999206
HG00732	0.9996684583030123	0.9998198589601622	0.9975201487910724	NA	0.999438	0.999677	0.997556	0.998196
HG00733	0.9993398019759923	0.9996592616302782	0.9975260282445108	NA	0.999136	0.999586	0.997523	0.998882
HG00734	0.9996637558471868	0.9999384909786769	0.9974234772750697	NA	0.99955	0.999915	0.997369	0.998673
HG00735	0.9997671995856153	1.0	0.9975513680400296	NA	0.999568	1.0	0.99735	0.999182
HG00736	0.9996358268985343	0.9999742385340008	0.9973939330762014	NA	0.999562	0.999806	0.997041	0.998814
HG00737	0.999580477584318	0.9998159824642113	0.997695369788393	NA	0.999619	0.999786	0.997747	0.998732
HG00738	0.9997152095296784	0.9999639071692393	0.9980424479703276	NA	0.999625	0.999936	0.998105	0.999129
HG00739	0.999778018374215	0.9999431661820836	0.9969154842689697	NA	0.999605	0.999889	0.996805	0.999067
HG00740	0.9996592600563117	0.999901276170042	0.9979207577682799	NA	0.999594	0.999807	0.997963	0.998874
HG00741	0.9998090465758483	0.9998736521248158	0.9977447462839569	NA	0.999638	0.999843	0.997913	0.999255
HG00742	0.9997306104941597	0.9999550760338127	0.9976972995603935	NA	0.999557	0.999909	0.997342	0.998525
HG00743	0.9996423688474783	0.9999279714545334	0.9978049545312009	NA	0.99959	0.999898	0.997665	0.998977
HG00759	0.9996801117842501	0.9998819180147693	0.9980568623440377	NA	0.999549	0.999882	0.997484	0.997581
HG00766	0.9997494237987848	0.9999765344513364	0.997782481604677	NA	0.999544	0.999976	0.997602	0.998331
HG00844	0.999735140011132	0.9998910529315143	0.9974004367266299	NA	0.999552	0.999842	0.997184	0.99841
HG00851	0.9997145904372774	0.999838194022106	0.9973360655737705	NA	0.999559	0.999812	0.997162	0.9987
HG00864	0.9997796942080288	0.9999306021420804	0.9979250959643117	NA	0.999565	0.999911	0.997638	0.998914
HG00867	0.999571946894237	0.9998040989953076	0.9978159126365054	NA	0.999366	0.999627	0.997516	0.998762
HG00879	0.999640691668538	0.999914272242781	0.9976441667520229	NA	0.999543	0.999914	0.997254	0.99914
HG00881	0.9997291954396511	0.9998932464321835	0.9976941620375223	NA	0.9996	0.999879	0.997463	0.998162
HG00956	0.9996886908427389	0.9999217853790802	0.9980133835215391	NA	0.999692	0.999926	0.997717	0.998768
HG00978	0.9996019423703107	0.9997628656770869	0.9976580796252927	NA	0.99957	0.999702	0.997519	0.998669
HG00982	0.9997678640516652	0.9997475703647607	0.997249949073131	NA	0.999475	0.99972	0.997222	0.998778
HG01028	0.9995580600789814	0.9997767133647855	0.9973396091271872	NA	0.999462	0.999756	0.99729	0.999267
HG01029	0.999830805759372	0.999849104137827	0.9976518631955079	NA	0.999564	0.99984	0.997469	0.997131
HG01031	0.9997369830430299	0.9998949454767025	0.9977073780741975	NA	0.999702	0.999876	0.997522	0.998702
HG01046	0.9997604141912714	0.9999374787253997	0.9977878330819507	NA	0.999562	0.999882	0.997642	0.998837
HG01047	0.9996633793381571	0.9999522767945914	0.9976627322659811	NA	0.999545	0.999952	0.997583	0.998043
HG01048	0.9996301786045799	0.9999404427654977	0.9976960737256408	NA	0.999658	0.999943	0.997609	0.998702
HG01049	0.999520278877879	0.9998973622087652	0.9978061011282909	NA	0.999561	0.999869	0.997699	0.99844
HG01050	0.9997711618547613	0.9998933114485024	0.9974208191478386	NA	0.999621	0.999823	0.997379	0.998783
HG01051	0.9995879118090673	0.9999111969540554	0.9978301301921884	NA	0.999517	0.999843	0.99774	0.999026
HG01052	0.9995439090360217	0.9997724121363337	0.9974869514788324	NA	0.999329	0.99972	0.997364	0.999026
HG01053	0.9997665119194613	0.9999683995976215	0.9982555156490508	NA	0.999692	0.999968	0.998052	0.99847
HG01054	0.9994589048438226	0.9998261020780801	0.9979266695766041	NA	0.999334	0.999792	0.997486	0.998747
HG01055	0.9997861584365509	0.9999514457041586	0.9979323891243669	NA	0.999624	0.999922	0.997911	0.998692
HG01056	0.9997527524470237	0.9999095684772153	0.9978296256104179	NA	0.999654	0.999902	0.997899	0.999325
HG01058	0.999719268993473	0.9999019762673652	0.9979485075392347	NA	0.999589	0.999876	0.997807	0.997914
HG01060	0.9994983061366987	0.9997615278118189	0.997662868828513	NA	0.999218	0.999749	0.997401	0.99843
HG01061	0.9995836485034234	0.9997686657798855	0.9975737970076831	NA	0.999421	0.999695	0.997358	0.998291
HG01062	0.9997385740646391	0.9999214603145514	0.9980337369346993	NA	0.999596	0.999923	0.997605	0.999112
HG01063	0.9996692149367833	0.9999529222222803	0.9975898564392749	NA	0.999529	0.999787	0.997466	0.998119
HG01064	0.9996829509117424	0.9998370091173024	0.9975784579620302	NA	0.999523	0.999812	0.997674	0.997799
HG01066	0.9996893985787231	0.9997826129918382	0.9977500511352014	NA	0.999387	0.999796	0.997579	0.998738
HG01067	0.9997405641388071	0.9999505056671012	0.9980173223416466	NA	0.999642	0.999936	0.99769	0.998933
HG01068	0.9997651412554626	0.9999194832060548	0.9981547924141465	NA	0.999627	0.999903	0.997852	0.999116
HG01069	0.9996886991436049	0.9999423730767015	0.9979186179623271	NA	0.999594	0.999916	0.997899	0.998646
HG01070	0.9997007843723952	0.9998890226308466	0.9977211518541537	NA	0.999607	0.99987	0.997762	0.998978
HG01071	0.9997016465484131	0.9998529909001369	0.9976054138469548	NA	0.999485	0.999834	0.997668	0.998831
HG01072	0.9997634743331502	0.9999173498220438	0.9976207716975277	NA	0.999557	0.999903	0.997502	0.998479
HG01073	0.999703092128766	0.9996398303527457	0.9976463364715514	NA	0.99968	0.999636	0.997671	0.998535
HG01074	0.9997845048528252	0.9994074810298362	0.9979423868312756	NA	0.999606	0.999356	0.997849	0.998998
HG01075	0.9995132122902998	0.9999281421478964	0.9978150036416605	NA	0.999638	0.99993	0.997732	0.998888
HG01077	0.9996356640776384	0.9999375390381011	0.9977955070333824	NA	0.999518	0.999921	0.997648	0.998227
HG01079	0.9997796621486278	1.0	0.9978841309823677	NA	0.99964	1.0	0.997718	0.998682
HG01080	0.9996004454165008	0.99987728555651	0.9978245105148658	NA	0.999574	0.999859	0.997645	0.998978
HG01081	0.9996714144668388	0.9999621727946739	0.9977272727272727	NA	0.99958	0.99996	0.997847	0.99822
HG01082	0.9996746284897428	0.9999033193683531	0.9978459329161965	NA	0.999582	0.999876	0.997833	0.998454
HG01083	0.9993113700779954	0.999765268467367	0.997327394209354	NA	0.999256	0.999721	0.997232	0.99841
HG01084	0.9997758285870684	0.9999429809556392	0.9978222544851186	NA	0.99964	0.999922	0.997881	0.99832
HG01085	0.9997569701323441	0.9999030842290351	0.9973551057957682	NA	0.999525	0.999888	0.997195	0.998539
HG01086	0.9996317950810637	0.9999007634597828	0.9978947368421053	NA	0.999583	0.999904	0.997874	0.998886
HG01087	0.999618115882881	0.9999695726478389	0.9974963488420613	NA	0.999554	0.999936	0.997483	0.999174
HG01088	0.9997188983370282	1.0	0.997927180966114	NA	0.999594	0.99993	0.99808	0.997351
HG01089	0.9998007920316814	0.9998201795723994	0.9979676674364898	NA	0.999624	0.999826	0.997693	0.998465
HG01092	0.9997837768577171	0.9999165688336918	0.997648502198139	NA	0.999484	0.999896	0.997523	0.998228
HG01094	0.9997220053905179	0.9999696716961104	0.9977359267263558	NA	0.999645	0.999971	0.997546	0.998091
HG01095	0.9998126357466341	0.9998679332496909	0.9972981398732205	NA	0.999571	0.999801	0.997339	0.998868
HG01096	0.9997568829148118	0.9998741610738255	0.9974445466625779	NA	0.999525	0.999753	0.997565	0.998791
HG01097	0.9998028905681748	0.9999310444694217	0.99768177028451	NA	0.999637	0.999919	0.997548	0.99871
HG01098	0.999676343239269	0.9999259576583581	0.9976453726453725	NA	0.999584	0.999863	0.997478	0.998916
HG01099	0.9998735498590217	0.9998694578942372	0.9982688391038697	NA	0.999646	0.999856	0.998057	0.998992
HG01100	0.9997707387068585	0.9999072137121262	0.9979091995221027	NA	0.999613	0.99991	0.997849	0.999211
HG01101	0.9993754068943183	0.9998459837512856	0.9977356937011117	NA	0.9993	0.999797	0.997492	0.999226
HG01102	0.9997145011616098	0.9999421871140333	0.9980821641263753	NA	0.999616	0.999918	0.9982	0.998787
HG01103	0.9996248710494231	0.9999625573340822	0.9978348283328179	NA	0.999574	0.999946	0.997995	0.999062
HG01104	0.9997034558971734	0.9998994244334624	0.9979660327468728	NA	0.999546	0.999874	0.997629	0.998863
HG01105	0.9995776036853647	0.9998063952598355	0.9979537548598323	NA	0.999476	0.999775	0.997653	0.998764
HG01106	0.9996139647792239	0.9999503480152748	0.9979570990806946	NA	0.999583	0.999952	0.99769	0.999116
HG01107	0.9997540407589599	0.9999415704404858	0.9978951396861845	NA	0.999592	0.999944	0.997827	0.998671
HG01108	0.9997294411114231	0.9999502961204211	0.997412276161888	NA	0.999592	0.999915	0.996871	0.998475
HG01109	0.9997287555303733	0.9999277834182232	0.9979896307269072	NA	0.999655	0.999917	0.997671	0.998994
HG01110	0.9996993027227288	0.9999334164042956	0.9969418960244648	NA	0.999573	0.999869	0.99672	0.99878
HG01111	0.9997210220480868	0.9999357057896937	0.9976000767975425	NA	0.999634	0.999936	0.997456	0.9986
HG01112	0.9996595104573486	0.9999137850517649	0.9981751824817517	NA	0.999571	0.99992	0.997827	0.998859
HG01113	0.9997465728773349	0.999933739729658	0.9976652969742248	NA	0.999513	0.999881	0.997626	0.998915
HG01114	0.9998049473706209	0.9999230280755095	0.9979233724431523	NA	0.999641	0.99985	0.99775	0.999137
HG01119	0.9997102395713275	0.999970122646536	0.9978481401782969	NA	0.999624	0.999957	0.997803	0.999188
HG01121	0.9994579214273703	0.9999358621463733	0.9977831519548569	NA	0.999426	0.999905	0.99777	0.997829
HG01122	0.9997511542053477	0.9999550335817388	0.9979306777030523	NA	0.999555	0.999949	0.997883	0.996725
HG01124	0.9995934604346659	0.9999557452189031	0.9976956111867602	NA	0.999482	0.999905	0.997625	0.998719
HG01125	0.9997209551918433	0.9999733233740596	0.9976972366840209	NA	0.999668	0.999974	0.997591	0.999095
HG01126	0.9997371310825535	0.9999177514748654	0.9981562348374575	NA	0.999597	0.999893	0.997913	0.999316
HG01130	0.9996904768770848	0.9999098255123664	0.9978403948992184	NA	0.999664	0.999884	0.997534	0.999093
HG01131	0.9997009842073006	0.9999574323173847	0.9978421701602961	NA	0.999594	0.999947	0.99762	0.998933
HG01133	0.9997739739511055	0.9998764337711876	0.9978343817675571	NA	0.999525	0.999855	0.997883	0.998723
HG01134	0.9996734952335251	0.999891836502334	0.9982438016528926	NA	0.999503	0.999847	0.997902	0.998843
HG01135	0.9997747317699003	0.9997847323257817	0.9982129717229056	NA	0.999551	0.999744	0.998094	0.998633
HG01136	0.9996352785901694	0.9999496002382534	0.9979344662473008	NA	0.999593	0.999927	0.997793	0.998871
HG01137	0.9996669939802758	0.999933923251857	0.9979138416605821	NA	0.99959	0.999936	0.997532	0.998936
HG01138	0.9994947589371289	0.9998961605358118	0.9979302494049468	NA	0.999549	0.999882	0.997816	0.998874
HG01139	0.9996693823371214	0.9998915956517811	0.9976150974699295	NA	0.999599	0.999897	0.997638	0.998342
HG01140	0.9996937954736573	0.9999564337648005	0.9974240082431736	NA	0.999553	0.99989	0.997452	0.998639
HG01141	0.9996364429579002	0.9998525313002316	0.9975953998954522	NA	0.999513	0.999859	0.997434	0.999175
HG01142	0.9997457126272095	0.9999598863446432	0.9977382543435797	NA	0.999584	0.999963	0.997575	0.998544
HG01148	0.9996140886093176	0.9998758689175771	0.9975592392962472	NA	0.99949	0.999857	0.997787	0.998435
HG01149	0.9995912667325181	0.9999066952801142	0.997835274713947	NA	0.999407	0.999835	0.997537	0.998711
HG01150	0.9995406609746511	0.9998848307732174	0.9977936541290187	NA	0.999492	0.999884	0.997773	0.998932
HG01161	0.9997285146993186	0.9999050487680078	0.9978204462895693	NA	0.999534	0.999866	0.997659	0.998359
HG01162	0.9996712717608529	1.0	0.997816820875351	NA	0.999652	0.999982	0.997741	0.998887
HG01164	0.999691405950558	0.9999444737499653	0.9978457119409111	NA	0.999581	0.999947	0.997584	0.999205
HG01167	0.9996539080799924	0.9999439170570663	0.9979577249055448	NA	0.9996	0.999887	0.99784	0.998309
HG01168	0.9996224420448538	0.9999108333868332	0.9977307890665291	NA	0.999494	0.999863	0.997624	0.998337
HG01169	0.9996561055868232	0.9998223463502504	0.997835274713947	NA	0.999433	0.999802	0.997754	0.998719
HG01170	0.9997240916853807	0.999854776122871	0.997946611909651	NA	0.99959	0.999823	0.99782	0.998617
HG01171	0.9996104372558141	0.9998433677427053	0.9981355458189616	NA	0.999535	0.999827	0.997689	0.998291
HG01172	0.9997023930857352	0.9998608781046688	0.998123123123123	NA	0.999614	0.999787	0.99786	0.998705
HG01173	0.9996319419457088	0.9999324897046801	0.9972432804962096	NA	0.999584	0.999911	0.997336	0.998744
HG01174	0.9994843168327266	0.9998716654403587	0.9977630910015252	NA	0.999416	0.999854	0.997741	0.998815
HG01175	0.9996351211454368	0.9999267184522938	0.9978562678644346	NA	0.999566	0.999871	0.997916	0.999002
HG01176	0.9997198832567347	0.9999259492382027	0.9977161839510019	NA	0.999595	0.999778	0.997586	0.998755
HG01177	0.9996278714947239	0.999950629778883	0.9976185545661628	NA	0.999516	0.999898	0.997618	0.998507
HG01178	0.9996875773448942	0.9997902391273947	0.9981028667790894	NA	0.999554	0.999708	0.998	0.999185
HG01182	0.9996601968416619	0.9998348902337573	0.9973187583788801	NA	0.99957	0.999822	0.99742	0.998729
HG01183	0.9994657607430034	0.999736525936387	0.997904662126768	NA	0.99934	0.999693	0.997663	0.999047
HG01184	0.9996746221549776	0.999927042294624	0.9978276611151341	NA	0.999569	0.99989	0.997741	0.998499
HG01187	0.9997616423549736	0.9999335126786207	0.997300384176098	NA	0.999563	0.999902	0.99696	0.997051
HG01188	0.9997130988137966	0.9999409578990458	0.9980369872920756	NA	0.999654	0.999942	0.997721	0.998817
HG01189	0.9995768424911814	0.9999500099980004	0.9978290085805851	NA	0.999639	0.999908	0.997737	0.998271
HG01190	0.9996475492244953	0.999911980354015	0.9977621808564744	NA	0.99953	0.999902	0.997863	0.998411
HG01191	0.9995108137005189	0.9997000169555632	0.9973721447341823	NA	0.999339	0.999668	0.997197	0.9984
HG01192	0.9994978537653258	0.9999179914206409	0.9975387139780536	NA	0.999609	0.999923	0.997576	0.997877
HG01197	0.9996938165291234	0.9999426629414953	0.9975765800697944	NA	0.999514	0.999946	0.997692	0.998223
HG01198	0.9995459787556904	0.9998407913730152	0.9977723774807614	NA	0.999397	0.999816	0.997583	0.998509
HG01199	0.9997559105465217	0.9999440033597985	0.9977484392590318	NA	0.999531	0.999938	0.99775	0.998327
HG01200	0.9996846894190777	0.9998886620894414	0.9978346050732109	NA	0.999665	0.999878	0.997716	0.998674
HG01204	0.9997751185738429	0.999975678469365	0.9978106889890536	NA	0.999639	0.999949	0.997685	0.998958
HG01205	0.9996677774720515	0.9999124932687129	0.9979672829348564	NA	0.999631	0.999898	0.998033	0.999025
HG01206	0.999574477405063	0.9998542036017541	0.9973156078230857	NA	0.999473	0.999842	0.996877	0.998765
HG01241	0.9996818773529853	0.9998545295850456	0.9970389170896786	NA	0.999578	0.999847	0.996733	0.998808
HG01242	0.99960539566952	0.9999134466769707	0.9975870751154008	NA	0.999554	0.999884	0.997601	0.999175
HG01243	0.9995839319981568	0.9999457008660713	0.9972507891253437	NA	0.999564	0.999938	0.997316	0.998977
HG01247	0.9997521525016433	0.9999368088467614	0.9979031243447264	NA	0.999642	0.999941	0.997711	0.998954
HG01248	0.9997563040299619	0.9999376312342779	0.9978979552837762	NA	0.999616	0.999925	0.997969	0.998899
HG01249	0.99961929624191	0.9999101782960823	0.9976465773048194	NA	0.999549	0.999907	0.997308	0.998565
HG01250	0.9997664896076082	0.9999514145005631	0.9978350515463918	NA	0.99967	0.999933	0.997933	0.999142
HG01251	0.9998212928761124	0.9999305998945117	0.9978325936629167	NA	0.999681	0.999917	0.997803	0.998881
HG01252	0.9997576846051329	0.9998980904701852	0.997825411618515	NA	0.999612	0.9999	0.997894	0.999075
HG01253	0.9998157172215756	0.9999020342303925	0.9975270479134466	NA	0.999616	0.999842	0.997684	0.999013
HG01254	0.9997041312619062	0.9999361593462718	0.997240208045855	NA	0.999562	0.999925	0.997225	0.99866
HG01255	0.9998242586912065	0.9999518414620934	0.9972845953002611	NA	0.99962	0.999907	0.997387	0.998882
HG01256	0.9996918680247049	0.9999797198637176	0.9980359727103576	NA	0.999523	0.999875	0.997933	0.998435
HG01257	0.9997501069457563	0.9999514298512133	0.9980698902885006	NA	0.999708	0.999924	0.997838	0.998998
HG01258	0.9997665136442441	0.9999458372544904	0.998157248157248	NA	0.999642	0.999946	0.997975	0.998216
HG01259	0.9996455332705164	0.9998794905622084	0.9974915581283165	NA	0.999482	0.999821	0.997409	0.998961
HG01260	0.9997087825876697	0.9998749648338595	0.9983217956786239	NA	0.999648	0.999858	0.99804	0.998789
HG01261	0.9996909284624172	0.9998358289611393	0.9981468135488522	NA	0.999638	0.999841	0.997843	0.999024
HG01269	0.9997422393355503	0.9997796895826218	0.9976088990539558	NA	0.999591	0.99973	0.997376	0.997363
HG01271	0.9996731506994393	0.9998775614151941	0.9977867590454196	NA	0.999506	0.999829	0.997695	0.998926
HG01272	0.9996173078239009	0.9999151164947512	0.9979795831561038	NA	0.999559	0.99991	0.997769	0.99902
HG01273	0.9996014962378369	0.9998652065843887	0.9978237214363438	NA	0.999567	0.999872	0.997893	0.999042
HG01274	0.9996956695155382	0.9998518000995057	0.9978917779339423	NA	0.999517	0.999841	0.997612	0.998659
HG01275	0.9996526643219364	0.9999538276849201	0.9977405771798294	NA	0.99954	0.999922	0.997601	0.998444
HG01276	0.9996396202565689	0.9998497066389201	0.997597357092802	NA	0.999454	0.999796	0.99738	0.998866
HG01277	0.9997901431563982	0.9998626551189246	0.9979773462783172	NA	0.999591	0.999842	0.997801	0.998411
HG01278	0.9995856668483917	0.9999233271629956	0.9977943493330532	NA	0.999643	0.999898	0.997682	0.999034
HG01279	0.9996529696299958	0.9999799934645318	0.9975382090470817	NA	0.99956	0.999871	0.997411	0.998359
HG01280	0.9995557283278725	0.9999285016325461	0.9978800084799662	NA	0.999583	0.999936	0.997678	0.998649
HG01281	0.9994459043293183	0.9999214252039373	0.9976320395346443	NA	0.999512	0.999859	0.997487	0.998177
HG01284	0.9996954134808148	0.9999612480079053	0.9977194982896237	NA	0.999611	0.999945	0.997545	0.999075
HG01286	0.999600029180261	0.9999863303320818	0.9978215767634854	NA	0.999646	0.999974	0.997836	0.998428
HG01302	0.999698097843901	0.9998997925115534	0.997546764796075	NA	0.999628	0.999898	0.997462	0.999081
HG01303	0.9995830613647407	0.9999681943958526	0.9972084367245656	NA	0.999524	0.999953	0.99707	0.998637
HG01305	0.9996482987336394	0.999918177573917	0.9975459007453189	NA	0.999625	0.999893	0.997496	0.998863
HG01308	0.9996446113454867	0.9997069897592922	0.9972986493246624	NA	0.999555	0.999653	0.997073	0.998451
HG01311	0.9996751840623648	0.9999606374115162	0.9979404798681908	NA	0.999611	0.999964	0.997721	0.998575
HG01312	0.999712087813217	0.9998649500315117	0.9979268166269307	NA	0.999587	0.999803	0.997753	0.997961
HG01323	0.9997343454251744	0.9997399304313904	0.9975768149655907	NA	0.999605	0.999723	0.997716	0.999031
HG01325	0.9996264844025039	0.9998469942010801	0.9976342316395803	NA	0.999494	0.999852	0.997585	0.999055
HG01326	0.9996955901285891	0.9999565263295179	0.997499479058137	NA	0.999565	0.999962	0.997581	0.998644
HG01334	0.9994883674293162	0.9998903296561512	0.9977321925574683	NA	0.999553	0.999892	0.997665	0.998598
HG01341	0.9997122818858732	0.999846963067087	0.9976242123747547	NA	0.999611	0.999834	0.997592	0.998572
HG01342	0.9995016826096692	0.9999018276420636	0.9978339350180505	NA	0.999319	0.999873	0.997582	0.998424
HG01343	0.9997623946301186	0.9999619099211958	0.9980269989615784	NA	0.999624	0.999954	0.99784	0.998974
HG01344	0.9995660845454104	0.9997995322418978	0.9977345278550097	NA	0.999274	0.999779	0.997776	0.99851
HG01345	0.99970452617112	0.9999446253907686	0.9976376335250615	NA	0.999611	0.999885	0.997596	0.998446
HG01346	0.9996799094976991	0.9999781699108604	0.9980492813141684	NA	0.999638	0.99998	0.997883	0.998815
HG01347	0.9993760390682739	0.9999364559357218	0.9974237427864797	NA	0.99953	0.99992	0.997386	0.998805
HG01348	0.9995778674534282	0.9999355817262926	0.9975557592422852	NA	0.999621	0.999934	0.997664	0.998701
HG01349	0.9993987446834651	0.9998811024183768	0.9975762472227834	NA	0.999607	0.999842	0.997645	0.998971
HG01350	0.9997059643990741	0.999809639179718	0.9977184803094932	NA	0.999518	0.999804	0.997533	0.998776
HG01351	0.9997331519711332	1.0	0.99731154999483	NA	0.999611	0.999947	0.997159	0.998717
HG01352	0.9996315909365745	0.9998943965167096	0.9975460122699388	NA	0.999496	0.999852	0.997416	0.9987
HG01353	0.9996758332608128	0.9998408836965899	0.9980464733703475	NA	0.999572	0.999846	0.997735	0.998308
HG01354	0.9997425896462201	0.9999748775279488	0.9977204434773599	NA	0.999547	0.999955	0.997445	0.998635
HG01355	0.999804247579732	0.9998888361141147	0.9975629569455726	NA	0.999616	0.99982	0.997531	0.998567
HG01356	0.9996970093848899	0.9999484142541731	0.9976842105263157	NA	0.999588	0.99995	0.997752	0.998587
HG01357	0.9995851474740314	0.9998281959139261	0.9970170746759927	NA	0.999508	0.999785	0.996806	0.997955
HG01358	0.999755932357315	0.9998801423540041	0.9979360165118679	NA	0.999553	0.999848	0.99796	0.999137
HG01359	0.9994073223188973	0.9998598872871066	0.9979302188054405	NA	0.999294	0.99985	0.997862	0.998934
HG01360	0.9997194722652294	0.9999125267522351	0.997959600081616	NA	0.999617	0.999885	0.99788	0.999028
HG01361	0.9996177023913722	0.999890299755917	0.9977027566919696	NA	0.999575	0.999877	0.997829	0.99903
HG01362	0.9994771866490976	0.9998701217738248	0.9978787878787878	NA	0.999363	0.999767	0.997842	0.999428
HG01363	0.9993730986317663	0.9999599773204816	0.9973614775725594	NA	0.999382	0.999941	0.99739	0.998803
HG01365	0.9995248060182313	0.9999113456684536	0.9977312570898218	NA	0.99958	0.999897	0.997955	0.998518
HG01366	0.9998122435951596	0.9999473064830591	0.9982188798733425	NA	0.99967	0.999951	0.998055	0.9989
HG01367	0.9996420358820117	0.9999815008941235	0.9974268253457704	NA	0.999573	0.999943	0.997256	0.99906
HG01369	0.9995060177114232	0.9998480962368763	0.997268588770865	NA	0.999525	0.999838	0.997343	0.999097
HG01372	0.9997269884880146	0.9999437260835856	0.9977491303458156	NA	0.999561	0.999911	0.997408	0.99851
HG01374	0.999504762112845	0.9997150652144489	0.998046875	NA	0.999487	0.999644	0.99777	0.998649
HG01375	0.9996621989951762	0.9998550676165312	0.9976026683343757	NA	0.999489	0.99981	0.997646	0.998061
HG01376	0.9996650382884451	0.9998603389109094	0.9980792559644157	NA	0.999574	0.999845	0.998107	0.999118
HG01377	0.9996012040754061	0.9999569847061077	0.9977130356965298	NA	0.999643	0.999884	0.997714	0.999002
HG01378	0.9996141149050048	0.9999692198778027	0.9975308641975308	NA	0.99948	0.999914	0.997149	0.998901
HG01379	0.9996530820587411	0.9999021749763589	0.997805048388706	NA	0.999457	0.999902	0.997786	0.998789
HG01383	0.9997220761340363	0.9998068038175564	0.997773955276738	NA	0.999507	0.999762	0.997728	0.997493
HG01384	0.9997750220780572	0.9998158082563949	0.9971825316965184	NA	0.999495	0.999801	0.997091	0.998709
HG01385	0.9996327753379648	0.9998491658873571	0.9975176248634693	NA	0.999325	0.999833	0.99736	0.998736
HG01389	0.9996676894028793	0.9997737030355224	0.9974366861478519	NA	0.999433	0.999781	0.99733	0.998572
HG01390	0.9997252859523496	0.9999325530470285	0.9978159126365054	NA	0.99961	0.999937	0.997495	0.998456
HG01391	0.9997030146811611	0.999910528952831	0.9979556373300624	NA	0.999583	0.999879	0.997822	0.998658
HG01392	0.9996526934288837	0.9999155631236015	0.9978010471204187	NA	0.999528	0.999888	0.997655	0.998576
HG01393	0.9997301546331276	0.9999175900803815	0.9978891820580476	NA	0.999592	0.999901	0.997864	0.999236
HG01395	0.9997408849068338	0.9999508091888435	0.9979792147806006	NA	0.999606	0.999949	0.997877	0.998954
HG01396	0.9995772273116159	0.9998276716282877	0.9979558462796401	NA	0.99945	0.999781	0.997574	0.997775
HG01398	0.9994696319496581	0.9997771368641847	0.9975860621326617	NA	0.999391	0.999701	0.997513	0.999046
HG01402	0.9997115288136728	0.9999850851637152	0.9978896593307205	NA	0.99964	0.999931	0.997694	0.998821
HG01403	0.9998069805701255	0.9999231703007115	0.9971982982255888	NA	0.999582	0.999924	0.996785	0.998685
HG01405	0.9996217944844656	0.9999495459132188	0.9978456350693143	NA	0.999572	0.999926	0.997831	0.99826
HG01412	0.9996588005449082	0.9999683216827522	0.997205836696678	NA	0.999575	0.999968	0.997311	0.99859
HG01413	0.9995837779891154	0.9999509186394647	0.9979799923047326	NA	0.999586	0.999953	0.997866	0.99861
HG01414	0.9997488706076503	0.9999449906667498	0.9979409746053536	NA	0.999624	0.999938	0.997801	0.998342
HG01431	0.9996453858792658	0.9998295967691547	0.9979096157674697	NA	0.999563	0.999765	0.997635	0.999054
HG01432	0.9994806295118497	1.0	0.997827211588205	NA	0.99947	0.999969	0.997599	0.999289
HG01433	0.9996706608190666	0.9999053652637944	0.9978560490045941	NA	0.999618	0.999866	0.997504	0.998638
HG01435	0.9996785468398035	0.9999239100109062	0.9979319615344846	NA	0.999585	0.999886	0.997748	0.999007
HG01437	0.999717473932397	0.9999429146730049	0.99771845767739	NA	0.999601	0.999942	0.997436	0.998659
HG01438	0.9996580309994899	0.9998031891908081	0.9977585328578705	NA	0.999458	0.999773	0.997751	0.998934
HG01439	0.9996267486231393	0.9998995598896986	0.9982494078879621	NA	0.999625	0.999887	0.997891	0.998805
HG01440	0.9995444010330442	0.999943721816941	0.9977702147635253	NA	0.999515	0.999921	0.997512	0.998887
HG01441	0.9996161383130432	0.9999586873597092	0.997737556561086	NA	0.999539	0.999881	0.997639	0.998318
HG01443	0.9995555878538527	1.0	0.9977911012937837	NA	0.999453	1.0	0.997859	0.99873
HG01444	0.9994272478264326	0.9998272524727257	0.9976060519007948	NA	0.999352	0.999794	0.997868	0.998919
HG01447	0.9996251514649603	0.999865014303292	0.9977256280368034	NA	0.999465	0.999809	0.997639	0.99884
HG01455	0.9992592815030579	0.9998251675860704	0.9979698685757025	NA	0.999257	0.999816	0.997677	0.998474
HG01456	0.9994409090642985	0.9998581567735395	0.9975215624070586	NA	0.99936	0.999847	0.997775	0.998984
HG01457	0.9997294598045537	0.9999088552792732	0.9975183538413815	NA	0.999561	0.99991	0.997556	0.998931
HG01459	0.9995829190610201	0.9999648964738508	0.9979789814066288	NA	0.999421	0.999897	0.997759	0.998856
HG01461	0.999563433620871	0.9998925103608068	0.9980608881132442	NA	0.999659	0.99988	0.997827	0.99905
HG01462	0.9997082480413482	0.999928179346432	0.9975093399750935	NA	0.999568	0.999929	0.997581	0.999027
HG01463	0.999664413537836	0.9999484307919742	0.9975903614457831	NA	0.999648	0.999927	0.997763	0.998843
HG01464	0.9996708272112181	0.9999404815046276	0.9976477807322561	NA	0.999582	0.999918	0.997568	0.997913
HG01465	0.999747262765487	0.9999494208689496	0.9980694980694981	NA	0.999582	0.999934	0.997738	0.999015
HG01466	0.9995870467264276	0.9999286957017768	0.9972432101286501	NA	0.999577	0.999898	0.997251	0.99877
HG01468	0.9992462714609368	0.9998381160111786	0.9977601303196907	NA	0.999354	0.999809	0.997565	0.999051
HG01474	0.9993329994135429	1.0	0.9980096375445212	NA	0.999301	0.999901	0.99793	0.99881
HG01479	0.9994521718137757	0.9999317168857934	0.9976571253947235	NA	0.999401	0.999912	0.997667	0.998864
HG01485	0.9994494323782103	0.9998853968639189	0.9977472865041982	NA	0.999364	0.999813	0.997515	0.998313
HG01486	0.9992232406400496	0.9999224721061098	0.9978049246039321	NA	0.999316	0.999834	0.99773	0.999181
HG01488	0.9996383750073917	0.9998638753285768	0.9979722518676629	NA	0.999549	0.999813	0.997653	0.998732
HG01489	0.9997170374333751	0.9999545892140301	0.9977851605758582	NA	0.99964	0.999919	0.997729	0.998531
HG01490	0.99959667661531	0.9999851573322778	0.9976335013890318	NA	0.999494	0.999969	0.997312	0.998346
HG01491	0.9996683464131192	0.9998866431640159	0.9978184084770414	NA	0.999529	0.999855	0.997662	0.998734
HG01492	0.9996193310980684	0.999904927150429	0.9976597476597477	NA	0.9995	0.999849	0.997568	0.998744
HG01493	0.9995055158772852	0.9999379245861317	0.9973096026490066	NA	0.999451	0.999903	0.996982	0.998715
HG01494	0.9995860001427584	0.9999367386674353	0.9977298524404086	NA	0.999552	0.999919	0.9975	0.999207
HG01495	0.9993288570405304	0.9999092575452352	0.9979996362975088	NA	0.999305	0.999879	0.998115	0.999143
HG01496	0.9997532108839251	0.9998775953608643	0.9979315337677112	NA	0.999559	0.999782	0.997627	0.999086
HG01497	0.9994303530566674	0.9999410025631108	0.9980474771349296	NA	0.999441	0.999906	0.997768	0.998501
HG01498	0.9995647622407065	0.9999282052754763	0.9974616604970914	NA	0.999508	0.999916	0.997354	0.999035
HG01499	0.9997297359361117	0.999936642514025	0.9976518931611388	NA	0.999665	0.999853	0.99771	0.999127
HG01500	0.9992280046189976	0.9999792202035034	0.9979188345473465	NA	0.999363	0.99992	0.997916	0.998819
HG01501	0.9994097275473555	0.9998214028517933	0.9979488181285409	NA	0.999269	0.999745	0.99786	0.998291
HG01502	0.9997532487381618	0.9997915291338035	0.9981447124304267	NA	0.999581	0.999758	0.998173	0.998663
HG01503	0.9992317407256116	0.9997913493437938	0.9975799663299664	NA	0.999308	0.999731	0.997675	0.995714
HG01504	0.9993089705855468	0.9998124897455329	0.9977491303458156	NA	0.999394	0.999797	0.997805	0.998454
HG01505	0.9997581896236103	0.9998699659202349	0.9977507412330028	NA	0.999646	0.999857	0.997765	0.999092
HG01506	0.9995140148942485	0.9999192038889861	0.9977083333333333	NA	0.999409	0.999922	0.997623	0.998921
HG01507	0.9994302495430527	0.999903913467214	0.9980292500777928	NA	0.999409	0.999895	0.997696	0.998698
HG01508	0.9998235153226518	0.9999260178707943	0.9979836677084382	NA	0.999719	0.999928	0.997901	0.998549
HG01509	0.9993821761840954	0.9999575253027839	0.9978238341968911	NA	0.9994	0.999889	0.997829	0.998807
HG01510	0.999292053383917	0.9999570328085198	0.9977161839510019	NA	0.999253	0.999962	0.997614	0.998388
HG01511	0.9998034600075002	0.999946944484638	0.9982660138718891	NA	0.999707	0.99995	0.998237	0.999075
HG01512	0.999421084159611	0.9999068739708515	0.9975932611311672	NA	0.999453	0.999885	0.997612	0.998192
HG01513	0.999456998539164	0.9999485009824429	0.9977486696684404	NA	0.999459	0.999889	0.997697	0.998693
HG01514	0.9998377518303623	0.9999898982076053	0.9982736296935693	NA	0.999781	0.999965	0.998083	0.99879
HG01515	0.9994089337560653	0.9999191723246038	0.9978527607361964	NA	0.999322	0.999901	0.997875	0.999058
HG01516	0.9994188796540306	0.9998403713208659	0.998062805872757	NA	0.999198	0.999846	0.998023	0.99898
HG01517	0.9997414755478957	0.9999084615824705	0.9980841076731488	NA	0.99963	0.999864	0.998085	0.999159
HG01518	0.9993361519530509	0.9997577967430267	0.9980810019189981	NA	0.999272	0.999739	0.997976	0.998748
HG01519	0.999770229602273	0.9999511508056046	0.998018149577553	NA	0.999618	0.999941	0.997656	0.998949
HG01520	0.9997634447846334	0.9999295584975242	0.9978719092014592	NA	0.999602	0.999891	0.99768	0.998976
HG01521	0.9991946858798415	0.9999361742867477	0.998005698005698	NA	0.999335	0.999926	0.997936	0.997895
HG01522	0.9993583468767417	0.9998700060663835	0.9981851179673321	NA	0.999352	0.999873	0.997899	0.999104
HG01523	0.9996536217429993	0.9999104504343154	0.9982949701619778	NA	0.99955	0.999893	0.998117	0.998262
HG01524	0.9994535392789661	0.9999015051799321	0.9981688708036622	NA	0.99937	0.999903	0.998053	0.998503
HG01525	0.99959464849772	0.9998038133215317	0.9978301301921884	NA	0.999422	0.99977	0.997697	0.998304
HG01526	0.9997997816749743	0.9998552292404763	0.9979404798681908	NA	0.999628	0.999787	0.997789	0.999095
HG01527	0.9992258666326881	0.9999373220861298	0.9977123532922221	NA	0.999379	0.999925	0.997817	0.998731
HG01528	0.9992856275738418	0.9999046087005538	0.9975735517136792	NA	0.99932	0.999911	0.997812	0.998112
HG01529	0.9997221843647457	0.9999606145702458	0.9977580760216039	NA	0.999617	0.999857	0.997801	0.998887
HG01530	0.9995020869970549	0.9999398662023001	0.9977054651647895	NA	0.999405	0.999886	0.997811	0.997874
HG01531	0.9993731212293989	0.9998805283633133	0.9978807145019678	NA	0.999353	0.999843	0.997707	0.998878
HG01532	0.9997925873925044	0.9999661398019856	0.9982246769898413	NA	0.999641	0.999965	0.998063	0.999103
HG01536	0.9991967793126771	0.9999133291153502	0.9983033932135729	NA	0.999341	0.999914	0.998059	0.997501
HG01537	0.9993360447081151	0.9998238412222217	0.9979191438763376	NA	0.99938	0.999827	0.997936	0.998889
HG01538	0.9997167420364758	0.9999258455919839	0.9981933152664861	NA	0.999692	0.999917	0.998152	0.998885
HG01550	0.9994785427066781	0.9999282588420977	0.9979042229906738	NA	0.999401	0.999915	0.997729	0.998792
HG01551	0.9993271601452958	0.9997509477820515	0.9976990796318528	NA	0.999377	0.999725	0.997519	0.998754
HG01552	0.999679369990156	0.999982010182237	0.9979250959643117	NA	0.999513	0.99989	0.997542	0.998965
HG01556	0.999711336909795	0.9998525083204546	0.9974630021141648	NA	0.999629	0.999863	0.997548	0.998731
HG01565	0.9995897789460078	0.9998434242296885	0.9978755690440062	NA	0.999479	0.999785	0.99771	0.999087
HG01566	0.9997460768879183	0.9999854928794217	0.9977523498161013	NA	0.99957	0.999958	0.997456	0.998272
HG01567	0.9998589910811859	0.9999318217235469	0.9982824813093555	NA	0.99961	0.999892	0.99801	0.998934
HG01571	0.9997171267317502	0.9998409289747873	0.9976704142611162	NA	0.999475	0.999809	0.997505	0.998383
HG01572	0.9997930869830489	0.9998949949095358	0.9979972594076104	NA	0.999562	0.999899	0.997504	0.998834
HG01573	0.999848675532599	0.9999854935809095	0.9981325863678806	NA	0.999746	0.999986	0.997906	0.999001
HG01577	0.9996992522051605	0.999906658732659	0.997522886375875	NA	0.999599	0.999875	0.997173	0.998339
HG01578	0.9996369818136741	0.9999335773749778	0.9978638999084529	NA	0.999602	0.999935	0.99787	0.998738
HG01579	0.9996209677419355	0.9998777022409266	0.9980228928199791	NA	0.9996	0.999842	0.997982	0.999024
HG01583	0.9997666437662064	0.9999214353756862	0.9979330301777595	NA	0.999616	0.99991	0.99799	0.999101
HG01586	0.9995960961896035	0.9998288379523314	0.9975321336760926	NA	0.999432	0.999806	0.997319	0.997988
HG01589	0.99967922230438	0.9998995403973178	0.9975911185588605	NA	0.999456	0.999852	0.997672	0.998688
HG01593	0.999758822583618	0.9999584080098612	0.9977291494632535	NA	0.999673	0.999938	0.997714	0.998855
HG01595	0.9996845211075805	0.9999354820209897	0.9977059436913451	NA	0.999544	0.999919	0.997411	0.998011
HG01596	0.9997694200705155	0.9999335459861776	0.9981111442489313	NA	0.999695	0.999909	0.997678	0.998842
HG01597	0.9997424671645634	0.9998829752375602	0.9981378026070763	NA	0.999566	0.99989	0.997906	0.998694
HG01598	0.9997285753952037	0.9999145481734673	0.9979351641544497	NA	0.99964	0.999852	0.997499	0.99925
HG01599	0.9998248036340732	0.9998870873040964	0.997786497635577	NA	0.999636	0.999873	0.99746	0.998614
HG01600	0.9998103888833711	0.9998417936084617	0.9979313198179562	NA	0.999664	0.999797	0.997443	0.998985
HG01601	0.9998419971559488	0.9999173434174364	0.9982412580177942	NA	0.999719	0.999907	0.998018	0.998438
HG01602	0.9993412007332722	0.9999391538326325	0.998027613412229	NA	0.99935	0.999938	0.997783	0.998102
HG01603	0.9994421640316666	0.9999602214340173	0.9980446639909437	NA	0.999425	0.999904	0.997812	0.998587
HG01604	0.9997156107805389	0.9999478911550446	0.9981286319314489	NA	0.99965	0.999906	0.998122	0.9987
HG01605	0.9992155385229631	0.9999467646197663	0.9980335334299317	NA	0.999357	0.999882	0.997899	0.998731
HG01606	0.9993489174324504	0.9999231207836555	0.9979830576845503	NA	0.999356	0.999886	0.998015	0.999141
HG01607	0.9993761057030776	0.9999407309845243	0.9980458340735479	NA	0.99943	0.999922	0.998003	0.997952
HG01608	0.9993884755013701	0.99994763179332	0.9978608536212692	NA	0.999406	0.999912	0.997895	0.998854
HG01609	0.9998300240954854	0.9999443500080946	0.9978603384555533	NA	0.999795	0.999948	0.998183	0.999299
HG01610	0.999502155690385	0.9999610505952767	0.9976833976833978	NA	0.999498	0.999924	0.997826	0.998754
HG01611	0.9997430133520095	0.9999838717481413	0.99812382739212	NA	0.999719	0.999919	0.998037	0.998516
HG01612	0.9994250699006895	0.9997202908974667	0.9976244577566619	NA	0.999358	0.999658	0.997367	0.998302
HG01613	0.9995861473449674	0.9997748524227992	0.9979919678714858	NA	0.999475	0.999778	0.997731	0.997596
HG01614	0.999792018483227	0.9999371318282694	0.9980700863382428	NA	0.999725	0.999903	0.998012	0.998514
HG01615	0.9995570997516523	0.9996680993710485	0.997937080969572	NA	0.999436	0.999585	0.997724	0.998134
HG01616	0.9997732980799111	0.9999017814391475	0.9978177283591396	NA	0.999695	0.999889	0.997731	0.998533
HG01617	0.9993258707502809	0.9998911455498584	0.9977097647303769	NA	0.999413	0.999898	0.997606	0.998748
HG01618	0.9993855455740848	0.9999071868329054	0.997522452771756	NA	0.99939	0.999883	0.99757	0.998765
HG01619	0.9993728432062787	0.9998522185687369	0.9975440032746622	NA	0.999398	0.999746	0.99754	0.99856
HG01620	0.9991663016920741	0.9999375546396904	0.998038203407331	NA	0.999331	0.999903	0.99783	0.998922
HG01621	0.9995311844583535	0.9999588809026465	0.9979616795760294	NA	0.999665	0.999915	0.9979	0.998434
HG01622	0.9998094356573108	0.999910616340958	0.9981316171891218	NA	0.99968	0.999871	0.998048	0.998286
HG01623	0.9992973508226963	0.9999630744234995	0.9981108312342568	NA	0.999364	0.999972	0.997868	0.99867
HG01624	0.9996182910344313	0.999973938198782	0.9978490218170645	NA	0.999462	0.99995	0.997613	0.997433
HG01625	0.9992399980670471	0.9998723578065966	0.9978902953586498	NA	0.999291	0.999799	0.997952	0.998708
HG01626	0.9997163196997744	0.9998551336995232	0.9977858293075684	NA	0.999443	0.999838	0.997722	0.99847
HG01627	0.99983129248362	0.9999209448669502	0.9980659609120521	NA	0.999646	0.999884	0.998105	0.998965
HG01628	0.9993098716685117	0.9998695303091127	0.9982105263157895	NA	0.999296	0.999851	0.997773	0.998543
HG01629	0.9996155479446891	0.9998239596280748	0.9981823689790972	NA	0.999526	0.999817	0.998129	0.998792
HG01630	0.9992553884964147	0.9999727740518565	0.9977660438667749	NA	0.999372	0.99996	0.997856	0.998593
HG01631	0.9993476230788699	0.9999017402886652	0.9981634527089072	NA	0.999335	0.999843	0.998106	0.998185
HG01632	0.9992993900102197	0.999854872990459	0.9980420445177246	NA	0.999339	0.999818	0.997889	0.998539
HG01633	0.9997495575516744	0.9999147246214383	0.9981210855949895	NA	0.999649	0.999876	0.998047	0.998694
HG01667	0.9997823749711727	0.9999322726824944	0.9980314960629921	NA	0.99966	0.999869	0.997902	0.998892
HG01668	0.9994373716095097	0.9999134915356875	0.997863247863248	NA	0.999457	0.999873	0.997672	0.998693
HG01669	0.9995653637382641	0.9998227279998962	0.9976900672893441	NA	0.999431	0.999829	0.997504	0.998235
HG01670	0.9995424267685601	0.9999320134885239	0.9976713576997063	NA	0.999457	0.999854	0.997582	0.998719
HG01671	0.9998216568082514	0.9999365537130498	0.9982763573685723	NA	0.999645	0.999938	0.998289	0.998804
HG01672	0.9997070324546364	0.9999146092841056	0.9979716024340771	NA	0.999457	0.999886	0.99787	0.998354
HG01673	0.9995956252038724	0.999942641576033	0.9975614712456817	NA	0.999475	0.999891	0.997621	0.998394
HG01674	0.9998309271765777	0.9999171018817872	0.9980948561115011	NA	0.999749	0.999864	0.998084	0.999235
HG01675	0.9994228698474672	0.9998615081759638	0.9980881465083518	NA	0.999458	0.999805	0.997827	0.999264
HG01676	0.999356726217184	0.9998359035560446	0.9973477506885645	NA	0.999361	0.99981	0.997621	0.998053
HG01677	0.9998304322329484	0.9999759891470945	0.9978459329161965	NA	0.999647	0.999872	0.998088	0.999283
HG01678	0.9991262634915195	0.999950985012725	0.9977030695343495	NA	0.999307	0.999849	0.997845	0.999007
HG01679	0.9992548457651406	0.9999073502161827	0.9976513291341945	NA	0.999357	0.99991	0.997774	0.998064
HG01680	0.9992983573977785	0.9997556628722547	0.9978295185477507	NA	0.999238	0.999735	0.99793	0.9987
HG01681	0.9997413371312107	0.9998569907679595	0.998023509830438	NA	0.99968	0.99985	0.998149	0.998227
HG01682	0.9993052957836798	0.9998381414320167	0.998149861239593	NA	0.999404	0.999731	0.997789	0.998708
HG01683	0.9997653506930765	0.9999588243220985	0.9979222937876585	NA	0.999683	0.999818	0.997766	0.999092
HG01684	0.9992192680063492	0.9999244948231762	0.998005698005698	NA	0.999311	0.999857	0.998052	0.999168
HG01685	0.9992760606305156	0.9999633351937327	0.9979610561729024	NA	0.999413	0.999903	0.997763	0.998316
HG01686	0.9995200731888388	0.9998414178512754	0.9978102189781023	NA	0.999408	0.999847	0.997695	0.998043
HG01687	0.9997915454721737	0.9999380461719055	0.9979818365287588	NA	0.999673	0.999834	0.99791	0.998294
HG01694	0.9997327916649917	0.9998695108718046	0.9974206349206349	NA	0.999497	0.999853	0.997502	0.998605
HG01695	0.9996135475728974	0.9999395705480281	0.9977114522742442	NA	0.999581	0.999897	0.997822	0.997898
HG01696	0.9998204860449792	0.9998239215193057	0.9981814701378254	NA	0.999682	0.999798	0.997965	0.997321
HG01697	0.9995888472172073	0.9999261165634351	0.9974907156478974	NA	0.999494	0.999913	0.997549	0.997986
HG01698	0.9998029303223853	0.9999121597881023	0.9980908360128617	NA	0.999729	0.999802	0.99797	0.99888
HG01699	0.9993115305536379	0.999950923256242	0.9974552117263843	NA	0.999469	0.999827	0.997649	0.998525
HG01700	0.9994629363418447	0.9998674884768697	0.9976218787158144	NA	0.999416	0.999852	0.997403	0.999155
HG01701	0.9998550376988269	0.9998676367611142	0.9981936778725539	NA	0.99975	0.999861	0.997964	0.998811
HG01702	0.9994561666684916	0.9998861778993905	0.9979195561719835	NA	0.999404	0.999862	0.997761	0.998835
HG01703	0.9997738105860796	0.9999530261814983	0.997866720845185	NA	0.999755	0.999933	0.997996	0.998739
HG01704	0.9993383059359472	0.9999389979394858	0.9975445058317988	NA	0.999439	0.999941	0.997585	0.998666
HG01705	0.9992245390315354	0.9998789614053833	0.9973363384899089	NA	0.999343	0.999803	0.997652	0.998984
HG01706	0.9998200799179899	0.9999388878703532	0.9980696941989231	NA	0.999735	0.999896	0.998085	0.999123
HG01707	0.9993980995879638	0.9999237719663784	0.9980347538270583	NA	0.999426	0.999746	0.997856	0.998333
HG01708	0.9995134845234447	0.9999105127618745	0.997237851662404	NA	0.999471	0.999696	0.997305	0.998275
HG01709	0.9996366329529938	0.9998733803233022	0.997948297086582	NA	0.999552	0.999847	0.997571	0.997978
HG01710	0.9995834433252848	0.9999153904729673	0.997830802603037	NA	0.999564	0.999866	0.997672	0.998382
HG01711	0.9997980272531487	0.9999526364577483	0.9981779532341332	NA	0.999696	0.999891	0.998073	0.998443
HG01746	0.9996513636435669	0.999887145920325	0.9978775336941527	NA	0.999602	0.999868	0.99774	0.998877
HG01747	0.9996658821448402	0.9999799510136435	0.997695369788393	NA	0.999595	0.999972	0.997616	0.999158
HG01748	0.9997027703396646	0.9999750560200217	0.9981039816385591	NA	0.999713	0.999954	0.998167	0.99913
HG01755	0.99974590011858	0.9999394978320056	0.9979973966156003	NA	0.999601	0.999945	0.997873	0.997659
HG01756	0.9997505122060014	0.9998641430203478	0.9975886667336482	NA	0.999504	0.99983	0.997791	0.99834
HG01757	0.9996641847633768	0.9998775360248193	0.9977532679738562	NA	0.999551	0.999787	0.997493	0.998727
HG01761	0.9997426338693828	0.9999850095189554	0.9977499510858931	NA	0.99962	0.999971	0.997934	0.997642
HG01762	0.9996071182838601	0.9998913350574838	0.9975737970076831	NA	0.999543	0.99985	0.997668	0.997963
HG01763	0.9997404602355995	0.9999548897464394	0.9979641693811075	NA	0.999741	0.999933	0.997995	0.998931
HG01765	0.9996537981817292	0.9999503019158611	0.9978221759303096	NA	0.999595	0.999923	0.997798	0.998995
HG01766	0.9996138956065056	1.0	0.9977382543435797	NA	0.999607	1.0	0.997639	0.998147
HG01767	0.9995072327647219	0.9999050963272279	0.9978617248752674	NA	0.999579	0.999885	0.997491	0.997771
HG01768	0.9997057830264948	0.9999448458441342	0.9979244499792446	NA	0.99953	0.999854	0.997553	0.997554
HG01770	0.9995137756397293	0.9998925103608068	0.9977848406048349	NA	0.999469	0.99986	0.997704	0.99864
HG01771	0.9996378273530284	0.9998778352404609	0.9978148046981699	NA	0.999507	0.999879	0.997889	0.998212
HG01772	0.9997735250820973	0.9998263032856695	0.9982431482782853	NA	0.999636	0.999818	0.998242	0.999169
HG01773	0.9997007499609873	0.999973727767123	0.9975045589787888	NA	0.999512	0.999943	0.997404	0.997897
HG01774	0.9997469444997132	0.9999229449056075	0.9980881465083518	NA	0.999712	0.999887	0.998166	0.998918
HG01775	0.999537876774842	0.999862187241601	0.9975577490587159	NA	0.999447	0.999847	0.997498	0.997519
HG01776	0.9996705030037372	0.9998665798762023	0.9973604060913706	NA	0.999556	0.999819	0.997585	0.998084
HG01777	0.9995258019525801	0.9998747630935185	0.9976652116536391	NA	0.999427	0.999876	0.997506	0.997563
HG01778	0.999672868916238	0.9999151641976755	0.9977303208500979	NA	0.99962	0.999882	0.997928	0.999048
HG01779	0.9998365533917575	0.9999390034268985	0.998055868208329	NA	0.999695	0.999927	0.997745	0.998284
HG01780	0.9998447295382644	0.9999730379733184	0.9982982982982983	NA	0.999754	0.999971	0.998249	0.998555
HG01781	0.9996562953960673	0.9999066815976111	0.9975664165483674	NA	0.999651	0.99988	0.997502	0.99859
HG01782	0.9998448460544649	0.9999797494329841	0.9979575163398693	NA	0.99974	0.999911	0.998099	0.998818
HG01783	0.9996647700503751	0.9999377063477232	0.9977363926329869	NA	0.999545	0.999938	0.997732	0.997802
HG01784	0.9997303215915022	0.9999679505669545	0.9979166666666667	NA	0.999667	0.999907	0.997729	0.998685
HG01785	0.999707469612145	0.9999367507115545	0.9977829285498337	NA	0.999559	0.999846	0.99773	0.998576
HG01786	0.9996386610507648	0.9999820179460899	0.9980212946386509	NA	0.999654	0.999966	0.998278	0.99859
HG01789	0.9998899137161558	0.9999265776624775	0.9976671061973831	NA	0.999707	0.999865	0.997637	0.999054
HG01790	0.9997171895139071	0.999927646737981	0.9974380089669685	NA	0.999607	0.999897	0.997593	0.99838
HG01791	0.9995648904168458	0.9996819826112634	0.9973417850935488	NA	0.999403	0.999629	0.997211	0.998282
HG01794	0.9996456529543684	0.9998779699949752	0.9974237427864797	NA	0.999381	0.999837	0.997063	0.998421
HG01795	0.9997538421524413	0.999967609537603	0.9981534673779238	NA	0.999661	0.999955	0.997756	0.999087
HG01796	0.9996939358342943	1.0	0.9976483164083377	NA	0.99959	0.999938	0.997317	0.998281
HG01797	0.9997771732261991	0.9999507900251381	0.9979026845637584	NA	0.999511	0.99995	0.99762	0.99857
HG01798	0.9994785346625742	0.9999151669393443	0.9977562468128506	NA	0.999553	0.999903	0.997469	0.998141
HG01799	0.999791896915856	0.9999046858804046	0.9976482617586913	NA	0.999554	0.999879	0.997455	0.998259
HG01800	0.9997643575092797	0.9999476856114506	0.9978591089815476	NA	0.999546	0.999939	0.997425	0.99821
HG01801	0.9997880913933894	0.9999718739276935	0.9980508822322528	NA	0.999647	0.99992	0.997447	0.998935
HG01802	0.9996929167709963	0.9998594836805907	0.9978768577494692	NA	0.999463	0.999863	0.997423	0.998535
HG01804	0.999639229755528	0.9998595702850722	0.9975204050005165	NA	0.999497	0.999864	0.997303	0.998814
HG01805	0.9997045778457337	0.9997894034853723	0.9973382473382474	NA	0.999455	0.999647	0.997149	0.998116
HG01806	0.9994945388216162	0.999632220279235	0.9975450955278045	NA	0.999353	0.999419	0.997186	0.997771
HG01807	0.999675362699996	0.9998784057644674	0.9978019677621938	NA	0.999502	0.999805	0.997467	0.998558
HG01808	0.999677015183407	0.999885084549043	0.9976829910479201	NA	0.999449	0.999828	0.997211	0.998239
HG01809	0.9996536467643905	0.9999175399415908	0.9974201870364398	NA	0.999554	0.9999	0.997337	0.998156
HG01810	0.9995910434382094	0.9999481834601605	0.9974544343753181	NA	0.999622	0.999952	0.997186	0.998339
HG01811	0.9997039330009175	0.9999076212471131	0.9977422003284072	NA	0.999676	0.999913	0.997462	0.998337
HG01812	0.9997436851618391	0.9999294935521854	0.9975152707319598	NA	0.999615	0.999913	0.99732	0.998724
HG01813	0.999509076378582	0.99975442043222	0.9973697521497218	NA	0.99957	0.999756	0.997214	0.998955
HG01815	0.9996843173584149	0.9999053732237767	0.9976244466040386	NA	0.999491	0.999811	0.997328	0.99857
HG01816	0.9998335008005513	0.9999532759902303	0.9975594874923734	NA	0.999697	0.999932	0.997355	0.99863
HG01817	0.9997821868087331	0.9999566621161888	0.9979573077315903	NA	0.999703	0.999923	0.997781	0.999105
HG01840	0.9996694579109741	0.9998817821343252	0.9971810398830654	NA	0.9995	0.999871	0.99722	0.99855
HG01841	0.9997154584750996	0.9998695708882223	0.9976038338658147	NA	0.99949	0.999861	0.997442	0.998392
HG01842	0.9997317518154039	0.9999162911394172	0.9978181818181817	NA	0.999602	0.99978	0.997562	0.998633
HG01843	0.9995553105646166	0.9998379416685336	0.9973753280839895	NA	0.999472	0.999828	0.997384	0.997816
HG01844	0.9997675358243899	0.9998848149016608	0.9975719736385711	NA	0.99958	0.999864	0.997193	0.998819
HG01845	0.9996468286164272	0.9998781527963931	0.9977484392590318	NA	0.999537	0.999819	0.99751	0.998067
HG01846	0.999659139521743	0.9998986366631188	0.9977532679738562	NA	0.999545	0.9998	0.997505	0.997887
HG01847	0.9997384305835011	0.9998669190276217	0.9978204462895693	NA	0.999573	0.999848	0.997742	0.998977
HG01848	0.9997442009616561	0.9999268146057138	0.9981060606060608	NA	0.999573	0.999886	0.997564	0.99838
HG01849	0.9996527794293215	0.9998455001931248	0.9978395061728395	NA	0.999585	0.999846	0.997519	0.998217
HG01850	0.9997698377356035	0.9999239548983414	0.9975371884543395	NA	0.999599	0.999891	0.997553	0.998121
HG01851	0.99969030956273	0.9998486932599725	0.9980093560266745	NA	0.999633	0.999836	0.997877	0.998547
HG01852	0.9997133340858314	0.9999088161734055	0.9975385992392034	NA	0.999644	0.999892	0.997416	0.99884
HG01853	0.9995500415610468	0.9997976496225386	0.9977209157774785	NA	0.999602	0.999734	0.997446	0.99914
HG01855	0.9997735363956985	0.999859864068146	0.9976354477228334	NA	0.999544	0.999842	0.997527	0.998695
HG01857	0.9998276974087088	0.999941620327802	0.9979529170931423	NA	0.999633	0.999938	0.997533	0.999226
HG01858	0.9996351890052599	0.999846784955271	0.9968244212251587	NA	0.999481	0.999811	0.996473	0.998846
HG01859	0.9995623266786406	0.9998989743235267	0.9975482684646032	NA	0.999544	0.999871	0.997296	0.998875
HG01860	0.9995619238410518	0.9998013275991026	0.9974130794701986	NA	0.999457	0.999775	0.997281	0.998571
HG01861	0.9997393854367609	0.9999023352163788	0.9980586492285685	NA	0.999652	0.999833	0.997883	0.99927
HG01862	0.9998274057203748	0.9999410941756866	0.9977982805619626	NA	0.999679	0.999919	0.997529	0.998716
HG01863	0.9996687854412062	0.9998503889886295	0.9974747474747475	NA	0.999492	0.999806	0.99725	0.998792
HG01864	0.9997405334181676	0.9999266122374094	0.9978008168394598	NA	0.999489	0.999929	0.997823	0.998715
HG01865	0.9997151463040232	0.9999377808503283	0.9980314960629921	NA	0.999614	0.999921	0.997582	0.998425
HG01866	0.9997797923507276	0.9998785919703763	0.9975435005117708	NA	0.999521	0.999837	0.997482	0.99851
HG01867	0.9996937588044345	0.9999456993918333	0.9979442902662145	NA	0.999603	0.999863	0.997733	0.998529
HG01868	0.9996094354215004	0.9999081223976712	0.9974186886938564	NA	0.999563	0.999912	0.997295	0.998328
HG01869	0.99957917583577	0.9999403362054821	0.997566909975669	NA	0.999582	0.999907	0.997279	0.99802
HG01870	0.9997233293503452	0.9998505177754984	0.9976460955889876	NA	0.999535	0.999824	0.997246	0.99854
HG01871	0.9996452509073817	0.9998487912752567	0.9978233830845772	NA	0.999488	0.999771	0.997284	0.998775
HG01872	0.9997551036190959	0.9999132670445746	0.9978813559322033	NA	0.999596	0.999868	0.997623	0.999169
HG01873	0.9996501269115118	0.9997680451701512	0.9980975267848202	NA	0.999513	0.999757	0.997723	0.999184
HG01874	0.9996711191450073	0.9999543048627242	0.9978488014751075	NA	0.999653	0.999956	0.997641	0.999208
HG01878	0.9997438943487049	0.9999633688899309	0.9978175015589276	NA	0.999604	0.999917	0.997501	0.998652
HG01879	0.9996823231688714	0.9998824332695759	0.9974656810982048	NA	0.999535	0.999846	0.997456	0.998926
HG01880	0.9995668213396992	0.9999308035096459	0.9975103734439833	NA	0.999533	0.999917	0.997608	0.999051
HG01881	0.9998890858882997	0.9999677252775626	0.9983286326125561	NA	0.999743	0.999967	0.997938	0.998316
HG01882	0.9997320741358986	0.9999212219353144	0.9974385245901639	NA	0.999626	0.999922	0.997398	0.998654
HG01883	0.9997871177586775	0.9999367757954755	0.9979386165826845	NA	0.999668	0.999903	0.997711	0.998873
HG01884	0.9996647846900765	0.9999363581177668	0.9977493606138107	NA	0.999593	0.999913	0.997467	0.998794
HG01885	0.9996914597924439	0.9999306876554713	0.9976701782820098	NA	0.999584	0.999935	0.997509	0.998003
HG01886	0.9996442927491236	0.9998597482238806	0.9965042155048324	NA	0.999335	0.99982	0.996452	0.998173
HG01887	0.9996511554547782	0.9998722364749532	0.9977073780741975	NA	0.99966	0.999864	0.997765	0.999008
HG01888	0.9998461740933244	0.9998961654511916	0.9974224146819259	NA	0.999679	0.999883	0.997543	0.999289
HG01889	0.9996030740243034	0.9998546894929741	0.9977762172284644	NA	0.999501	0.999811	0.997675	0.998216
HG01890	0.9996474121265913	0.999748131133007	0.9979750612810404	NA	0.999641	0.999688	0.99755	0.998479
HG01891	0.9996482063855872	0.9995798105915437	0.9979166666666666	NA	0.99958	0.99954	0.99759	0.998977
HG01892	0.9997719359596176	0.999943861224948	0.9976428992339421	NA	0.999669	0.999919	0.997605	0.998692
HG01893	0.999634298379277	0.9999070042231024	0.9979987360438172	NA	0.999647	0.99984	0.997793	0.999112
HG01894	0.999656334155878	0.9998168288494562	0.9975636991168408	NA	0.999526	0.999788	0.99739	0.999056
HG01895	0.9997199785316874	0.9999740920896674	0.997946822708141	NA	0.999662	0.999975	0.997829	0.998908
HG01896	0.999557178560163	0.9998070751653978	0.9973297730307076	NA	0.99941	0.999802	0.997423	0.999023
HG01897	0.999675531926174	0.9998414868533159	0.9982608695652173	NA	0.99965	0.999848	0.998208	0.998577
HG01898	0.9998155725894762	0.9999493675158859	0.9983535706935583	NA	0.999714	0.999931	0.998045	0.999285
HG01912	0.999636331602332	0.9998343123964453	0.9978573614937251	NA	0.999522	0.999812	0.99749	0.999005
HG01914	0.9997218666719644	0.999857909521155	0.9981397271599834	NA	0.999616	0.999805	0.997687	0.999338
HG01915	0.9997447806007246	0.9998726735238432	0.9978285596112089	NA	0.999593	0.999876	0.997553	0.999144
HG01916	0.9997326949002835	0.9998581232331087	0.9976344749562891	NA	0.99957	0.999826	0.997516	0.999369
HG01917	0.9996444685444184	0.9999544750978785	0.9984558965450685	NA	0.999563	0.999912	0.998038	0.999306
HG01918	0.9997315451575317	0.9998545932380469	0.9978617248752674	NA	0.999645	0.999824	0.997643	0.999359
HG01919	0.9998221029235921	0.9999547324688911	0.9983857949959645	NA	0.999718	0.999932	0.998138	0.998889
HG01920	0.9998053177587539	0.9998997208016002	0.9981590574374078	NA	0.99962	0.999853	0.998073	0.998902
HG01921	0.9996982492540051	0.99980203165019	0.9983347210657785	NA	0.999673	0.999811	0.997874	0.998888
HG01922	0.999680850642065	0.9998419072311633	0.9982097725358045	NA	0.999625	0.999846	0.997827	0.998771
HG01923	0.9997188396539817	0.9998301098446035	0.9982672510447458	NA	0.999568	0.999788	0.997991	0.999216
HG01924	0.9996015838458299	0.9997236822345698	0.9970924403448967	NA	0.999289	0.999692	0.996917	0.998188
HG01925	0.9997999470971213	0.9999078175812359	0.9981792433744691	NA	0.999643	0.999883	0.997818	0.999225
HG01926	0.9997685358022848	0.9999108130284328	0.9978662114584446	NA	0.999636	0.999915	0.997769	0.998977
HG01927	0.9997364159085226	0.9999530053104	0.9977431267952402	NA	0.999556	0.999944	0.997666	0.998072
HG01928	0.9998169596197004	0.9998699388263997	0.9981374172185432	NA	0.999715	0.999851	0.997947	0.999058
HG01932	0.999786737754082	0.9998836003470827	0.9980357696681484	NA	0.999624	0.999882	0.997802	0.998262
HG01933	0.9998004482493045	0.9997760178266837	0.997948297086582	NA	0.999599	0.999752	0.997595	0.999087
HG01934	0.9997717064479009	0.9999542281725597	0.998197837404886	NA	0.999722	0.9999	0.998	0.999408
HG01935	0.9998252289759976	0.9998619490039622	0.9980462724935732	NA	0.999654	0.999867	0.997921	0.998749
HG01936	0.9998389483838046	0.9998636267210813	0.9980466742058188	NA	0.999657	0.999774	0.997543	0.998986
HG01937	0.9997723063381357	0.999891426577223	0.9979604323883338	NA	0.999644	0.999827	0.997782	0.998515
HG01938	0.9998353170147467	0.9999529012810853	0.9975989023553624	NA	0.999634	0.999957	0.997601	0.997833
HG01939	0.9998085643181033	1.0	0.997859763554831	NA	0.99962	0.999975	0.997841	0.998618
HG01940	0.9997670339308227	0.9999057363081987	0.9981658854697371	NA	0.999635	0.999887	0.99812	0.999119
HG01941	0.9997333990815298	1.0	0.9977878436742862	NA	0.999596	0.999872	0.997708	0.998733
HG01942	0.9997414880482793	0.9999094829537004	0.9978885522812814	NA	0.99964	0.999913	0.997734	0.998768
HG01943	0.999881914675555	0.9999220433155684	0.9976952152668941	NA	0.99965	0.999922	0.997903	0.99929
HG01944	0.9997849500639218	0.9999025955051072	0.9978638999084529	NA	0.999632	0.999875	0.997771	0.998765
HG01945	0.9997596120720673	0.9997089319094713	0.9980661577608142	NA	0.999605	0.999699	0.997691	0.999209
HG01946	0.9998880779375501	0.9999394122993032	0.9978917779339423	NA	0.999751	0.999892	0.997907	0.999003
HG01947	0.9996916440771275	0.9998803317204709	0.9978807145019678	NA	0.999601	0.999884	0.997621	0.998289
HG01948	0.9996574859905266	0.999856106136114	0.9980925609878526	NA	0.999569	0.99982	0.997746	0.998525
HG01949	0.9995923825052097	0.9999586727179826	0.997941115915174	NA	0.999636	0.999947	0.997494	0.999183
HG01950	0.9996891729686297	0.9998569305605552	0.9978881737731294	NA	0.999594	0.999815	0.997526	0.998031
HG01951	0.9997241037073796	0.9999290422837032	0.9978274363749223	NA	0.99964	0.999848	0.997693	0.999316
HG01952	0.9998236032094325	0.9998447289355393	0.9977020681386752	NA	0.999571	0.999829	0.997614	0.998985
HG01953	0.9996146501451484	0.9997676596283963	0.9980015987210232	NA	0.999414	0.999715	0.997587	0.998351
HG01954	0.9998046095447402	0.9999088842881079	0.9982979575490589	NA	0.99967	0.999894	0.997795	0.99919
HG01955	0.9998718314327002	0.9999731029511443	0.998043254376931	NA	0.999753	0.999958	0.997797	0.999129
HG01956	0.9995758612005778	0.9998696874360071	0.9973168214654283	NA	0.999577	0.999838	0.99727	0.998724
HG01958	0.9997146559128827	0.9998952972888682	0.997720207253886	NA	0.999497	0.999843	0.997423	0.998328
HG01959	0.999556313679332	0.9998987575526866	0.9977534674741161	NA	0.999442	0.999871	0.997637	0.998198
HG01960	0.9997362407594348	0.9999793917828168	0.9975075293384569	NA	0.9997	0.999931	0.997715	0.99878
HG01961	0.9997719857080641	0.9997862920018412	0.9980966192332096	NA	0.999542	0.999741	0.998003	0.999236
HG01965	0.9997344524159157	0.9999729342030476	0.9977966950425639	NA	0.999663	0.999958	0.997541	0.999206
HG01967	0.9997266010791839	0.9999064352827624	0.9980883196329574	NA	0.999594	0.999906	0.997726	0.99901
HG01968	0.9998368643917525	0.9999243848164711	0.9979670664769262	NA	0.999662	0.999876	0.997687	0.998809
HG01969	0.9997702836216683	0.9999554537040244	0.998014888337469	NA	0.999728	0.999961	0.997959	0.999161
HG01970	0.9998563166780416	0.9998975158992696	0.9976344749562891	NA	0.999735	0.999846	0.997686	0.998852
HG01971	0.9998269612370698	0.9998399143541794	0.9978853880312963	NA	0.999677	0.999748	0.997709	0.999078
HG01972	0.9998294351512444	0.9999442137728225	0.9979865096144166	NA	0.999744	0.999946	0.997861	0.999224
HG01973	0.9997372352808326	0.9998068163331706	0.9982263954094939	NA	0.999606	0.999816	0.997979	0.999141
HG01974	0.9997257942511345	0.9998961660854002	0.9976096445645396	NA	0.999622	0.999879	0.997594	0.999233
HG01975	0.9997860363692648	0.9999600766528265	0.99810303514377	NA	0.999712	0.999927	0.998101	0.999068
HG01976	0.9997146159444071	0.9999124042342445	0.9975976603300606	NA	0.99969	0.999919	0.997582	0.999306
HG01977	0.9995678427423351	0.9998166396555191	0.9981058717974279	NA	0.999563	0.999764	0.997906	0.9991
HG01978	0.9998182623409576	0.9999283999030645	0.9982008995502248	NA	0.999711	0.999929	0.998035	0.999283
HG01979	0.9997958709470068	0.9998888602915371	0.9979400556184983	NA	0.999653	0.999872	0.997497	0.998967
HG01980	0.9997776461915868	0.9999562871559174	0.9979935794542537	NA	0.99961	0.999878	0.997685	0.999006
HG01981	0.9996930056181561	0.9998385300668151	0.9974315068493151	NA	0.999499	0.999797	0.997463	0.99911
HG01982	0.9993483562579262	0.9999154075710224	0.997837726523888	NA	0.999387	0.99988	0.997815	0.998936
HG01983	0.999840947578193	0.9998814435434153	0.9977611104891974	NA	0.999664	0.999853	0.997441	0.998355
HG01984	0.9997830142803728	0.9998406639464077	0.9978497057492077	NA	0.99958	0.99976	0.997597	0.999088
HG01985	0.9997009099813816	0.9999190071226088	0.9978962131837308	NA	0.999536	0.999921	0.997679	0.998924
HG01986	0.999621211240963	0.9999828998443885	0.9979896611143022	NA	0.999525	0.999909	0.997828	0.997727
HG01987	0.9996660570265873	0.9998294066944404	0.9983395599833956	NA	0.999557	0.999835	0.997945	0.998753
HG01988	0.9997325275424341	0.9999220520692177	0.9974361603938059	NA	0.999686	0.999907	0.997583	0.998987
HG01989	0.999616227336216	0.9999059606481481	0.997396375755051	NA	0.999532	0.999886	0.997485	0.998799
HG01990	0.9997241655535677	0.9999139238159559	0.9977040283865581	NA	0.999541	0.999896	0.997503	0.99885
HG01991	0.9997466245990059	0.9999094767222054	0.9982343165766515	NA	0.999662	0.999898	0.997853	0.999101
HG01992	0.9997443659316477	0.999913387190753	0.998355601233299	NA	0.999614	0.999896	0.997842	0.99889
HG01993	0.9997080887324398	0.999933707151341	0.9981197116891256	NA	0.999675	0.999879	0.997587	0.99892
HG01997	0.9997503628983792	0.999939387000532	0.9982071292976166	NA	0.99966	0.99987	0.997707	0.999265
HG01998	0.9997083829240421	0.9999579970177883	0.9978630304263763	NA	0.999587	0.999907	0.99773	0.998915
HG02002	0.9993426748717847	0.9999462649236962	0.9981580024559966	NA	0.999372	0.999944	0.997881	0.998509
HG02003	0.9997005536164738	0.9998456661383165	0.9981420313790256	NA	0.999607	0.999836	0.998074	0.998909
HG02004	0.9996521143278823	0.999941481846833	0.9977491303458156	NA	0.9996	0.999943	0.9977	0.999015
HG02006	0.9994321960710351	0.999935268447144	0.9980765337112776	NA	0.999372	0.99989	0.997759	0.997847
HG02008	0.9997424953980614	0.9998525236883825	0.9977780022219978	NA	0.99963	0.999816	0.99774	0.999148
HG02009	0.9997150393464902	0.999888382024653	0.9979434447300771	NA	0.999562	0.999797	0.9978	0.998356
HG02010	0.9996099998304347	0.9999466330810858	0.9978190881711497	NA	0.99951	0.999895	0.997896	0.998811
HG02011	0.9996690598542025	0.9999111627982104	0.9979672730968595	NA	0.9995	0.999824	0.997565	0.998697
HG02012	0.9992322619541052	0.9994275476778577	0.9976568867155663	NA	0.999179	0.999422	0.99731	0.998349
HG02013	0.9996490329604607	0.9999067813017632	0.9972434915773355	NA	0.999459	0.999888	0.997348	0.997483
HG02014	0.999609837286825	0.9998282456615516	0.9977528089887642	NA	0.999441	0.999772	0.997514	0.999091
HG02015	0.9996026448226617	0.9999409243724557	0.9979066359639942	NA	0.99953	0.999928	0.997733	0.999077
HG02016	0.9997680171488861	0.9998949733323592	0.9977370911335116	NA	0.999624	0.999868	0.997725	0.998859
HG02017	0.9996807096189009	0.9998037119110712	0.9979472441753053	NA	0.999639	0.999795	0.997798	0.999018
HG02018	0.9997307263006572	0.9998979959606401	0.9976378761425491	NA	0.99961	0.999877	0.997552	0.998785
HG02019	0.999704322567521	0.9999057330915665	0.9981395348837209	NA	0.999638	0.99982	0.997743	0.998725
HG02020	0.9997473429819022	0.9999321264774612	0.9979123173277662	NA	0.999603	0.999879	0.997787	0.99873
HG02023	0.9996382587627608	0.9998589556913453	0.997971169247197	NA	0.999629	0.999834	0.997564	0.999452
HG02024	0.9997729988724986	0.9999449470574202	0.9979957805907173	NA	0.99972	0.999844	0.997733	0.999033
HG02025	0.9994785104043	0.9999624619927677	0.9976373908577298	NA	0.999416	0.999963	0.997554	0.998564
HG02026	0.9997398072728482	0.9999611999201826	0.9977605863192183	NA	0.999639	0.999963	0.99768	0.999062
HG02027	0.9997600566545842	0.9999459992169888	0.9976456136759136	NA	0.999503	0.999905	0.997648	0.998984
HG02028	0.9997708499579443	0.9999301938463192	0.9981362600952579	NA	0.999662	0.999895	0.99788	0.999231
HG02029	0.9994604528475067	0.9998761049295943	0.9979844804998489	NA	0.999378	0.999822	0.997827	0.998397
HG02030	0.9996925088225531	0.9999119739834218	0.9978329179759454	NA	0.999548	0.999886	0.997663	0.999043
HG02031	0.9992705939969885	0.9998678653649711	0.9974492507173981	NA	0.999335	0.999827	0.99759	0.99875
HG02032	0.9996661484834581	0.9999073650926967	0.9980243319122387	NA	0.999632	0.999908	0.997623	0.99884
HG02035	0.9994823675901633	0.9999256018807845	0.997810903784009	NA	0.9994	0.999871	0.997644	0.998768
HG02040	0.9994245314041434	0.9999287416568357	0.9977829391891893	NA	0.999377	0.99993	0.997815	0.996345
HG02047	0.9992484809721778	0.9997901230642031	0.9978916297701875	NA	0.999325	0.999794	0.997732	0.998837
HG02048	0.9992035555419737	0.9999567791848554	0.9980179428332986	NA	0.999299	0.999937	0.997664	0.998746
HG02049	0.9991145530475234	0.999844240641978	0.9977433582931583	NA	0.999272	0.999848	0.997551	0.998844
HG02050	0.9997345867956144	0.9998722658280258	0.9981145909709855	NA	0.99966	0.999821	0.997677	0.998945
HG02051	0.9994186070598503	1.0	0.9978999618174875	NA	0.999389	0.999952	0.997649	0.998635
HG02052	0.9994015337246064	0.9998793921363673	0.9974268559992375	NA	0.999358	0.99986	0.997484	0.998642
HG02053	0.9997545417896666	0.9998882050437177	0.9977168949771691	NA	0.999606	0.999892	0.997709	0.999235
HG02054	0.9996030538962203	0.999695513904865	0.9982800485633347	NA	0.999471	0.999649	0.997898	0.998846
HG02055	0.999576385251529	0.9997740483197669	0.9977002299770024	NA	0.99948	0.99975	0.997692	0.99766
HG02056	0.9997707044059273	0.9998437246052485	0.9979138416605821	NA	0.99957	0.999787	0.997642	0.998863
HG02057	0.9993931642284317	0.9999432513209833	0.9978361669242658	NA	0.999377	0.999945	0.997746	0.998257
HG02058	0.9992406330722177	0.999733756144471	0.9977588046958379	NA	0.998987	0.999705	0.997612	0.998212
HG02059	0.9996507201260221	0.9998627816275154	0.9980655670942783	NA	0.999539	0.999865	0.997733	0.998977
HG02060	0.9992005881803753	0.9999558264864388	0.997809076682316	NA	0.999372	0.999956	0.997667	0.998424
HG02061	0.9996773901033748	0.99963953860942	0.9977671775093879	NA	0.999384	0.999618	0.997542	0.998471
HG02064	0.9996103958640675	0.9998813830733646	0.9976447917781823	NA	0.999539	0.999867	0.997531	0.998838
HG02067	0.9991220761501083	0.9999072393093303	0.9980608287405592	NA	0.999313	0.999899	0.997566	0.998853
HG02068	0.999760100224795	0.9998161904520447	0.9977589895079964	NA	0.999568	0.999774	0.997772	0.998814
HG02069	0.9997699384520735	0.999942423841136	0.9977419685928358	NA	0.999526	0.999944	0.997467	0.999289
HG02070	0.9996912204749475	0.9999507747507289	0.9977380217972445	NA	0.999648	0.999917	0.997672	0.998926
HG02071	0.9998737468907818	0.9993527760449158	0.9976937731876064	NA	0.999578	0.999347	0.997478	0.998684
HG02072	0.999461604487432	0.9998674479871424	0.9977557890441702	NA	0.999389	0.999818	0.997801	0.997907
HG02073	0.999340004432806	0.9996062887393259	0.9977095739807604	NA	0.999326	0.999571	0.997741	0.998755
HG02074	0.9998372453420324	0.9998801677651288	0.9974573577709502	NA	0.99958	0.999883	0.997156	0.999055
HG02075	0.9993523997188197	0.9998830597418544	0.9977547311023203	NA	0.999414	0.999823	0.997541	0.998994
HG02076	0.9994636499387881	0.9999400256690137	0.997875998786285	NA	0.999448	0.999943	0.997648	0.998807
HG02077	0.9997809492615903	0.9999581277522279	0.9975678962302391	NA	0.999658	0.99994	0.997699	0.998541
HG02078	0.9998637343397722	0.9999192620551844	0.9983108108108109	NA	0.999724	0.999872	0.99809	0.999304
HG02079	0.9996740344275984	0.9998455047834097	0.9981542247744052	NA	0.999605	0.999833	0.997948	0.998918
HG02080	0.9997268533505991	0.9998838431037124	0.9977649090724372	NA	0.999468	0.999833	0.997576	0.998546
HG02081	0.9996780382301192	0.9998900268716948	0.9978512227565743	NA	0.999675	0.999893	0.997616	0.999464
HG02082	0.9997571837633279	0.9999559071783113	0.9978421701602961	NA	0.999629	0.999939	0.997794	0.999003
HG02083	0.9997914754131711	0.9999595594678026	0.9981354878806712	NA	0.999679	0.999963	0.99771	0.999109
HG02084	0.9995711325497656	0.9998568579362731	0.9979406919275124	NA	0.999538	0.999849	0.997641	0.999058
HG02085	0.9998515652565366	0.9999401042186596	0.9975806451612904	NA	0.99967	0.999937	0.997499	0.9994
HG02086	0.9996816202204425	0.999915504382506	0.9979102398248583	NA	0.999592	0.999866	0.997742	0.999108
HG02087	0.9993408298796106	0.9998490841293097	0.9978878445453586	NA	0.999364	0.999838	0.99793	0.998953
HG02088	0.9991667601038582	0.9998720466417806	0.9979222937876585	NA	0.99938	0.999859	0.997746	0.998504
HG02089	0.9995742318023337	0.9997816321437485	0.9978334880841846	NA	0.99951	0.999706	0.997851	0.998996
HG02090	0.9996896124679083	0.9998901356108699	0.9978775015160702	NA	0.999568	0.99981	0.9978	0.998952
HG02091	0.9996430927634354	0.9998803834564624	0.9979037732082251	NA	0.999465	0.999827	0.997826	0.999101
HG02095	0.9996866439567772	0.9998884383306494	0.9975976603300606	NA	0.999596	0.999865	0.997473	0.998915
HG02102	0.9997582840267778	0.9998693964548974	0.9982256549420729	NA	0.999582	0.999812	0.997986	0.999184
HG02104	0.9992910943730616	0.9999185473185777	0.998203909138933	NA	0.99937	0.99989	0.998056	0.998456
HG02105	0.9997444033139433	0.9998517997073044	0.9980854494155582	NA	0.999518	0.999839	0.997741	0.998901
HG02106	0.9998278231890064	0.9999748311590251	0.9981625153123725	NA	0.999665	0.999942	0.99797	0.999044
HG02107	0.9997453104952615	0.9999401798286381	0.9979179679367063	NA	0.999639	0.999899	0.997595	0.99801
HG02108	0.9992806456205556	0.9998818961571962	0.9977980497011638	NA	0.999358	0.999886	0.997554	0.997605
HG02111	0.9991749362853405	0.9998861155926735	0.9972250770811921	NA	0.999249	0.999873	0.997443	0.998904
HG02113	0.9992964313743595	0.9998573294263545	0.9977396486181034	NA	0.999366	0.999831	0.997665	0.998862
HG02116	0.9993469204969002	0.9999491408435354	0.9979134063641104	NA	0.999405	0.999935	0.997592	0.998541
HG02120	0.9996642642498611	0.999847267220621	0.9979232594936708	NA	0.999466	0.999835	0.99774	0.99891
HG02121	0.9996647770883232	0.9998553126561965	0.9981636400734545	NA	0.999602	0.99983	0.99786	0.999084
HG02122	0.99943125235134	0.9998599962665672	0.9980027960854804	NA	0.999305	0.999863	0.997759	0.997139
HG02126	0.9996255112264506	0.9998655340616133	0.997869750456482	NA	0.999478	0.999854	0.997785	0.998917
HG02127	0.9994031812249252	0.9999528220289673	0.9979368681658757	NA	0.999353	0.999931	0.997844	0.998812
HG02128	0.9995567720564221	0.999732979993652	0.9976809840693689	NA	0.999433	0.999713	0.997609	0.998871
HG02129	0.9994531277202799	0.9998098776698606	0.997608153078203	NA	0.999491	0.999786	0.997654	0.997819
HG02130	0.9992559833506763	0.9999006963667282	0.997594949393727	NA	0.999387	0.999906	0.99767	0.998727
HG02131	0.9996649791542586	0.999934578284352	0.9973811020322649	NA	0.999537	0.999891	0.99742	0.998525
HG02132	0.999780227728584	0.9999426750131848	0.9978240596829345	NA	0.999637	0.999941	0.997293	0.998832
HG02133	0.9997546968030969	0.999911971830986	0.997950399672064	NA	0.999635	0.999888	0.997633	0.99881
HG02134	0.999326694562213	0.9999326528779671	0.9978439425051334	NA	0.999313	0.999913	0.997568	0.998507
HG02135	0.9996383908777391	0.9998056569582688	0.9978551731181696	NA	0.999549	0.999769	0.997692	0.998908
HG02136	0.9997643064163897	0.9998792032244685	0.9977142857142857	NA	0.999642	0.999871	0.997748	0.998839
HG02137	0.9992890380606835	0.9999604771722734	0.9979814291481631	NA	0.99945	0.999961	0.997788	0.998725
HG02138	0.9993738466321107	0.9998668757210898	0.9980743893787372	NA	0.999437	0.999848	0.997732	0.998621
HG02139	0.9994505610061306	0.9999285237777567	0.997772828507795	NA	0.999366	0.999907	0.997733	0.99879
HG02140	0.9993256766266582	0.9998957852580803	0.9983681795002549	NA	0.999313	0.999884	0.997946	0.998537
HG02141	0.9991318307326784	0.9999224856275435	0.9976229847044233	NA	0.999331	0.999924	0.9976	0.998526
HG02142	0.9992875839348404	0.9999690794966142	0.9978695343410775	NA	0.999366	0.999939	0.99774	0.998994
HG02143	0.99944618049686	0.9999172154280339	0.9976576026071899	NA	0.99942	0.999906	0.997422	0.997355
HG02144	0.9996900092566682	0.9999724040234934	0.9975183538413815	NA	0.999643	0.999914	0.997231	0.998394
HG02145	0.9995952836590545	0.9998318089814004	0.9978991596638656	NA	0.999519	0.999823	0.997499	0.998694
HG02146	0.9998639153450092	0.9999807491160637	0.9979455572675912	NA	0.999667	0.99998	0.997871	0.999026
HG02147	0.9996513865108644	0.9996662346259324	0.9980931352870334	NA	0.999529	0.999618	0.997927	0.99853
HG02148	0.9998545991784018	0.999885445901827	0.998238159394756	NA	0.999702	0.999836	0.998043	0.998644
HG02150	0.9993168416510859	0.9999340647078813	0.9979801865922862	NA	0.99929	0.999908	0.997883	0.998526
HG02151	0.9995489705252238	0.9999715232228118	0.9974520994700369	NA	0.999588	0.999942	0.997194	0.998945
HG02152	0.9993161735636973	0.9998515323977518	0.9983636735528738	NA	0.999347	0.999812	0.99788	0.998651
HG02153	0.9993452199841781	0.999892902404341	0.9979981983785408	NA	0.999309	0.999843	0.997654	0.998608
HG02154	0.9994042009496539	0.9998632871243813	0.997996393508315	NA	0.999344	0.999826	0.997911	0.998633
HG02155	0.9996214650660785	0.9998416356308908	0.9977380217972445	NA	0.999453	0.999832	0.997465	0.99888
HG02156	0.9994368421147936	0.9998916936498866	0.9979394189161344	NA	0.999386	0.99986	0.997754	0.998776
HG02164	0.9997683761571209	0.9998405252036626	0.9977765425236241	NA	0.999423	0.99981	0.99742	0.998792
HG02165	0.9994719700494487	0.9999225141573092	0.9978551731181696	NA	0.999388	0.999901	0.99773	0.998977
HG02166	0.9997034538202176	0.9999154386479204	0.9976886745050749	NA	0.99959	0.999916	0.997204	0.998974
HG02178	0.9994844882897249	0.9999515122781686	0.9979094805059058	NA	0.999282	0.999951	0.997657	0.998888
HG02179	0.9993790366557499	0.999906822893615	0.9977164210089267	NA	0.999331	0.999895	0.997557	0.998737
HG02180	0.9994368714638351	0.9999082838065888	0.9977011494252872	NA	0.999337	0.999876	0.997581	0.998647
HG02181	0.9992977611673828	0.999880752959882	0.9976419930285012	NA	0.99929	0.999867	0.997612	0.998772
HG02182	0.9997027229244048	0.9998948261015324	0.9979396311939835	NA	0.999579	0.999842	0.997641	0.998868
HG02184	0.9994320504827571	0.9999286220206558	0.9980916030534351	NA	0.999419	0.999902	0.997832	0.998378
HG02185	0.9996333304501199	0.999884009440623	0.9976706501924246	NA	0.999528	0.999872	0.99742	0.998743
HG02186	0.9991837101299196	0.9998792832876333	0.9981468135488522	NA	0.999362	0.999883	0.997776	0.998734
HG02187	0.9996530848241617	0.9998024858565766	0.9969532836831416	NA	0.999531	0.999792	0.996949	0.999076
HG02188	0.999187546864954	0.9999330607417986	0.9978129556342428	NA	0.999422	0.999933	0.997767	0.998685
HG02190	0.9993831521130603	0.9999673593733	0.9982170949134768	NA	0.999435	0.999956	0.998021	0.99898
HG02215	0.9996615518947085	0.9998805699203402	0.9978194918467956	NA	0.999456	0.999829	0.997513	0.998588
HG02219	0.9996905749118139	0.9999664407007182	0.9980863075303797	NA	0.999609	0.999912	0.997949	0.998245
HG02220	0.9993682029415991	0.9999513831493995	0.9980314960629921	NA	0.999375	0.999886	0.997907	0.99786
HG02221	0.9993308876121917	0.9998979077903163	0.9974800503989921	NA	0.999232	0.999899	0.99763	0.998661
HG02222	0.9995978483460445	0.9997010481617512	0.9975888457909634	NA	0.999362	0.999691	0.997485	0.998658
HG02223	0.9992150724294759	0.999841727480387	0.9981288981288983	NA	0.999264	0.999846	0.998044	0.99842
HG02224	0.9991095354778167	0.9998683794882595	0.9981477670302531	NA	0.999287	0.999859	0.997992	0.997668
HG02225	0.9994384002671394	0.9997650265519997	0.9980777013354917	NA	0.99942	0.999748	0.997981	0.998381
HG02229	0.9997427254815755	0.9998920358440998	0.9978094194961666	NA	0.999488	0.999859	0.997689	0.998754
HG02230	0.9993355764154235	0.9999086837413577	0.9977084786290723	NA	0.999306	0.999888	0.997624	0.998621
HG02231	0.9993474847269231	0.9998925357601398	0.9976456136759136	NA	0.999251	0.999879	0.997718	0.998214
HG02232	0.9992378996297598	0.9999302717464992	0.997983261066855	NA	0.999299	0.999911	0.997836	0.998766
HG02233	0.9992056027831296	0.9999136834715358	0.997909261969475	NA	0.999273	0.999868	0.997982	0.997876
HG02234	0.9995623036649215	0.9998597244795294	0.9978566070088951	NA	0.999484	0.9998	0.997865	0.998144
HG02235	0.999197314652656	0.9998408247152402	0.9978494623655914	NA	0.999255	0.999785	0.997789	0.997839
HG02236	0.9992877053311527	0.9999504496692515	0.9976525821596244	NA	0.999325	0.999925	0.997868	0.99902
HG02237	0.9996532382295394	0.9997759842292898	0.9977901614142968	NA	0.999527	0.99978	0.997784	0.998959
HG02238	0.9991947082175185	0.999932833546027	0.997942598498097	NA	0.999354	0.999938	0.998008	0.998032
HG02239	0.9991549528446744	0.9999201116754683	0.9979919678714858	NA	0.999367	0.999897	0.997808	0.998603
HG02240	0.999697209721762	0.9999762436451751	0.9978772869705852	NA	0.999675	0.999966	0.997851	0.998368
HG02250	0.9997308545856262	0.9999071149916403	0.9976571253947235	NA	0.999654	0.999887	0.997458	0.998431
HG02252	0.9997785696782175	0.9999536988806704	0.9978204010462075	NA	0.999572	0.99989	0.99772	0.999111
HG02253	0.9992712938120004	0.9999348270018974	0.9978680430879713	NA	0.999355	0.999915	0.997743	0.998765
HG02255	0.9992280897365172	0.9997325813195896	0.9976992261033256	NA	0.99923	0.9997	0.997623	0.99827
HG02256	0.9989950831691656	0.9999443152272153	0.997881106533255	NA	0.999254	0.999935	0.997664	0.998353
HG02257	0.9995688398607547	0.9998032186276825	0.9978227060653189	NA	0.999399	0.999809	0.997603	0.998313
HG02258	0.9995945575644373	0.9998171307819691	0.9978436657681942	NA	0.999388	0.999809	0.99763	0.998944
HG02259	0.9996294908793004	0.9996910079240204	0.9978423918627349	NA	0.999283	0.999687	0.997352	0.998236
HG02260	0.9995750251121525	0.9998185719243996	0.9975853018372703	NA	0.999296	0.999796	0.997459	0.99869
HG02261	0.9997642404747158	0.999807211159475	0.9980345505327403	NA	0.999425	0.99979	0.997807	0.999005
HG02262	0.999854840070892	0.999948136815082	0.9978145488604433	NA	0.999669	0.999884	0.997443	0.998702
HG02265	0.9997744122443727	0.9998559137128977	0.9979865096144166	NA	0.9996	0.9998	0.997766	0.999071
HG02266	0.9994054279554129	0.9998133181059475	0.9980031529164477	NA	0.999306	0.999818	0.997673	0.998664
HG02271	0.9997540563774987	0.9999419796541987	0.9976649746192894	NA	0.999671	0.999915	0.997416	0.999077
HG02272	0.9996254282931754	0.999808198322934	0.9975728155339805	NA	0.999171	0.999796	0.997224	0.998656
HG02273	0.9997807525061206	0.999944404549561	0.9979911186297314	NA	0.999702	0.999931	0.997826	0.998905
HG02274	0.9994629599386958	0.999922277779217	0.9978283350568768	NA	0.999361	0.999905	0.997925	0.99856
HG02275	0.999709401988474	0.9999044080628612	0.9980300673924313	NA	0.99962	0.999874	0.997856	0.999084
HG02277	0.9992974538022652	0.999830643027256	0.9977658170001015	NA	0.999375	0.999817	0.997807	0.998932
HG02278	0.9994230382840827	0.9998781742947762	0.9977328217649111	NA	0.999338	0.999809	0.997974	0.998842
HG02279	0.9996606984904025	0.9999106896038447	0.9981546572934973	NA	0.999631	0.999867	0.998097	0.999173
HG02280	0.9998080415244573	0.9999593148622807	0.997976139752876	NA	0.999711	0.999914	0.997987	0.998035
HG02281	0.9997073924374601	0.9999557304476143	0.9976308199423156	NA	0.999641	0.999956	0.997541	0.998307
HG02282	0.9997143306510372	0.9999649404376991	0.9973868506323821	NA	0.999599	0.999955	0.997194	0.998371
HG02283	0.9996592801801029	0.999957160808804	0.9975490196078431	NA	0.999644	0.999886	0.997612	0.997764
HG02284	0.9997628521464597	0.999932292646229	0.9973502914679385	NA	0.999662	0.999913	0.99742	0.998606
HG02285	0.9993797174961875	0.9998739425808455	0.9977261492832428	NA	0.999278	0.999852	0.997797	0.998777
HG02286	0.9988354054136266	0.9999721011982535	0.9978562678644346	NA	0.999166	0.999972	0.99784	0.998642
HG02287	0.9997106162848765	0.999732925437638	0.9977891669178977	NA	0.999491	0.999716	0.997865	0.998248
HG02291	0.9992921485984901	0.999869769057128	0.9981345217120946	NA	0.999206	0.999787	0.997956	0.998989
HG02292	0.9996714856483184	0.9999652930424119	0.9976576026071899	NA	0.999689	0.999935	0.997399	0.999195
HG02293	0.9998273973013944	0.9998680001242349	0.998265483113968	NA	0.999652	0.999848	0.998079	0.99929
HG02298	0.9992712484305912	0.9998702936033993	0.9977297404007502	NA	0.999321	0.999827	0.997779	0.99811
HG02299	0.9997624591071607	0.9999819361986536	0.9976210177906496	NA	0.999589	0.999945	0.997474	0.998804
HG02300	0.9997051353361791	0.99975922695802	0.9978310266473869	NA	0.999481	0.99975	0.997758	0.99873
HG02301	0.9993514220775924	0.9998965111315214	0.99811538058842	NA	0.99929	0.999882	0.997909	0.99879
HG02302	0.9996899241383367	0.9998395261645295	0.9981576253838281	NA	0.999439	0.999832	0.997991	0.998574
HG02303	0.9996410395356985	0.9999381005110147	0.9980428512566955	NA	0.99967	0.999878	0.998007	0.998848
HG02304	0.9992836925302344	0.9998917807477951	0.9980284320846736	NA	0.999367	0.999875	0.997701	0.998937
HG02307	0.9993246054670775	0.9998437238978494	0.997504678727386	NA	0.999281	0.999796	0.997671	0.998661
HG02308	0.9993150816154495	0.9998504262850874	0.9978035770316912	NA	0.999284	0.999852	0.997681	0.997659
HG02309	0.9990738244643796	0.9998524783634933	0.998023509830438	NA	0.999253	0.999778	0.997715	0.998678
HG02312	0.9994934595846945	0.9998777276914173	0.9978608536212692	NA	0.999369	0.999879	0.997812	0.99834
HG02314	0.9992577420513201	0.999937822545545	0.9977936541290187	NA	0.999266	0.999892	0.997785	0.998349
HG02315	0.9997664928092879	0.9998768965623365	0.9973350389084319	NA	0.999631	0.999825	0.997221	0.999047
HG02316	0.9996594067095232	0.9998995053067682	0.9976086504470785	NA	0.999426	0.999865	0.997503	0.998736
HG02317	0.9997998804285559	0.9998881089990489	0.9975576085802272	NA	0.999638	0.999879	0.997322	0.998619
HG02318	0.9995864748276089	0.9996601644803915	0.9974691233043126	NA	0.999413	0.999558	0.997311	0.998623
HG02321	0.999672371050706	0.9999373897414933	0.9974186886938564	NA	0.999548	0.999921	0.997467	0.998409
HG02322	0.9995520418840839	1.0	0.9975013014055178	NA	0.999558	0.999929	0.997427	0.998413
HG02323	0.9996569116388306	0.9999030237203981	0.9972488282046057	NA	0.999548	0.999867	0.997267	0.998985
HG02325	0.999624805045759	0.9998736134653701	0.9975620097519611	NA	0.999417	0.999858	0.997501	0.998625
HG02330	0.9997992889092785	0.9998852755592817	0.9977319364942218	NA	0.999638	0.999892	0.997394	0.997899
HG02332	0.9997419981810872	0.9999010597599051	0.99739066903246	NA	0.999589	0.999906	0.997128	0.997527
HG02334	0.9996596645030077	0.999848445185379	0.9973500361358708	NA	0.999556	0.999836	0.997199	0.998499
HG02337	0.9996602934401834	0.9999063568702219	0.9975094640366606	NA	0.99946	0.999889	0.997408	0.998981
HG02339	0.999694781170473	0.9999259719034901	0.9974776668418286	NA	0.999648	0.99989	0.997544	0.998735
HG02343	0.9995377479170051	0.9997127103010996	0.9976713576997063	NA	0.999528	0.999657	0.997617	0.998984
HG02345	0.9995883634933304	0.9998964849237685	0.9977272727272727	NA	0.999606	0.999873	0.997394	0.997952
HG02348	0.9997520964294296	0.9998909535025736	0.9977396486181034	NA	0.999653	0.9999	0.997636	0.998913
HG02351	0.9997552043316714	0.9998773992289773	0.9977544146167194	NA	0.999628	0.999805	0.997507	0.998511
HG02353	0.9998406614189176	0.9998744291482992	0.9977513652425313	NA	0.999725	0.999878	0.997719	0.998585
HG02355	0.9995627195826233	0.9999338442030983	0.9977431267952402	NA	0.999707	0.999935	0.997647	0.998824
HG02356	0.9997891443586204	0.999978443784984	0.9977145231664243	NA	0.999658	0.999957	0.997342	0.999202
HG02360	0.9998064594695685	0.9999099545270362	0.9975959025817916	NA	0.999677	0.999912	0.997583	0.998981
HG02364	0.9995855436022012	0.9998882163237702	0.9970668554667745	NA	0.999445	0.999858	0.997292	0.998624
HG02367	0.9991964027204132	0.999910198178441	0.9983626688497749	NA	0.999337	0.9999	0.997865	0.998028
HG02371	0.9997603203717698	0.9999217450040363	0.9975946454716587	NA	0.999646	0.999912	0.9976	0.998581
HG02373	0.9995761273264128	0.9997451452444557	0.997809076682316	NA	0.999304	0.999711	0.997712	0.998914
HG02374	0.9995307896628733	0.999967420342738	0.9975356812814457	NA	0.999356	0.999965	0.997355	0.998263
HG02375	0.9995981799720227	0.9998671272920543	0.9973601380850848	NA	0.99945	0.999826	0.997043	0.998845
HG02379	0.9996700485157713	0.999900977278094	0.9978866861225723	NA	0.999673	0.999881	0.997625	0.998726
HG02380	0.9997897401268838	0.9998807581612909	0.9978430566967953	NA	0.99966	0.999885	0.997387	0.999225
HG02382	0.9991409391465915	0.999871638100514	0.9976829910479201	NA	0.99927	0.999798	0.997627	0.998568
HG02383	0.9997733022139098	0.9999209236122094	0.9976303317535544	NA	0.999693	0.999851	0.997647	0.998732
HG02384	0.99969175655078	0.9999426675949056	0.9975419909873003	NA	0.99967	0.999949	0.997516	0.998433
HG02385	0.9995507548500744	1.0	0.9979978925184404	NA	0.99965	0.999976	0.99754	0.998718
HG02386	0.999556543026639	0.9998277661266629	0.9979400556184983	NA	0.99957	0.999804	0.997681	0.998703
HG02389	0.999681689419281	0.9999708280459167	0.9978134110787173	NA	0.999693	0.999954	0.99748	0.99822
HG02390	0.9997288752530108	0.9999301100766292	0.998151191454396	NA	0.999634	0.999903	0.99766	0.998781
HG02391	0.9998238854856222	0.9999283297976034	0.9979438675850725	NA	0.999691	0.99991	0.997617	0.998559
HG02392	0.9996430165104863	0.999953095684803	0.997816366850369	NA	0.999568	0.999951	0.997312	0.998397
HG02394	0.9994860549578566	0.9997329335429401	0.9975718332658842	NA	0.99941	0.9996	0.997366	0.999191
HG02395	0.9998143974128886	0.9998295236606952	0.9977655900873451	NA	0.999644	0.999793	0.997595	0.998694
HG02396	0.9992616693780504	0.9997239448916967	0.9982299144458648	NA	0.999318	0.999696	0.997853	0.998881
HG02397	0.9993661720322919	0.9998437368528603	0.9977544146167194	NA	0.999278	0.999834	0.997799	0.9989
HG02398	0.9997139708250241	0.9999104960583841	0.9977589895079964	NA	0.999595	0.999865	0.997478	0.998963
HG02399	0.9995131961120907	0.9998558268331121	0.9977820344792822	NA	0.999385	0.999833	0.997681	0.998684
HG02401	0.9997160758216056	0.9999547597744022	0.9977352275066913	NA	0.999642	0.999922	0.997546	0.998869
HG02402	0.9997312576652643	0.9999464115858151	0.997805048388706	NA	0.999595	0.999918	0.99758	0.998749
HG02406	0.9995007887082509	0.9999321476768119	0.9980647789773884	NA	0.999415	0.999889	0.997795	0.998477
HG02407	0.9997175317165174	0.9999225232623905	0.9980377982030363	NA	0.999664	0.999929	0.997775	0.998714
HG02408	0.9996428546170765	0.9999152829549305	0.9977806331036094	NA	0.999533	0.999914	0.997329	0.998647
HG02409	0.9993017531403475	0.9998234255444379	0.9979856984590594	NA	0.999298	0.999786	0.99787	0.998563
HG02410	0.9997730608045751	0.9999495379922848	0.9978634652558754	NA	0.999658	0.999904	0.997367	0.998465
HG02419	0.9996945754313052	0.9999090508405801	0.997338792221085	NA	0.999674	0.999871	0.997392	0.998763
HG02420	0.9997197742180842	0.9999048751486327	0.9976677621117354	NA	0.999604	0.999871	0.997456	0.998679
HG02425	0.9998684395996804	0.9999050831155519	0.9977671451355663	NA	0.999706	0.999871	0.99756	0.999019
HG02427	0.9995846726492177	0.9998076259342873	0.9981220657276995	NA	0.999616	0.999778	0.997913	0.998706
HG02429	0.9996918802133593	0.9997416698461146	0.9978638999084529	NA	0.999539	0.999636	0.997583	0.998204
HG02433	0.9996898371565542	0.9998746882123379	0.9978188616535105	NA	0.999653	0.999843	0.997549	0.998447
HG02439	0.9996832295677248	0.9998237248697767	0.997597116539848	NA	0.999564	0.999804	0.997264	0.998927
HG02442	0.999824960913602	0.9999526577417743	0.9977616712854404	NA	0.999694	0.999939	0.997441	0.998472
HG02445	0.9996043372406042	0.9999530384145768	0.9979997894515212	NA	0.999569	0.999955	0.997696	0.998405
HG02449	0.999707443947204	0.9999262910286567	0.997564849126522	NA	0.999628	0.999921	0.997573	0.998808
HG02450	0.9996853682991502	0.9999168468318643	0.997791333613799	NA	0.999587	0.99991	0.997635	0.998412
HG02451	0.9996449756660404	0.9998597482012707	0.9978184084770414	NA	0.999499	0.999822	0.997878	0.998971
HG02455	0.999603599606509	0.9998849673202614	0.9974959935897435	NA	0.999463	0.999857	0.997501	0.997765
HG02461	0.9995464078646589	0.9999157508077392	0.9974012474012476	NA	0.999522	0.999897	0.997369	0.998901
HG02462	0.9996069910127614	0.9999574139628971	0.9972398282559805	NA	0.999533	0.999912	0.997234	0.997751
HG02463	0.9997857005648401	0.9999557215178664	0.9979168836579522	NA	0.99971	0.999954	0.997773	0.999003
HG02464	0.999666887116981	0.9998960249901676	0.9977500511352014	NA	0.999393	0.999865	0.997584	0.99741
HG02465	0.9996838781986805	0.9999504439908693	0.9975347377857463	NA	0.999619	0.999942	0.997519	0.998874
HG02466	0.9997701554847551	0.9999199051677187	0.9979175343606831	NA	0.999579	0.999918	0.997932	0.998193
HG02470	0.9997129175614068	0.9999448949790142	0.9976429596228735	NA	0.999688	0.999921	0.99768	0.998806
HG02471	0.999739070908248	0.9999695500718618	0.9977265681512866	NA	0.999523	0.999952	0.99758	0.998407
HG02476	0.9995964817806499	0.9998767739417962	0.9979201331114809	NA	0.999488	0.999823	0.997626	0.997146
HG02477	0.99968311984441	0.9999333856731617	0.9978245105148658	NA	0.999438	0.999894	0.997744	0.998704
HG02479	0.9996631343180791	1.0	0.9978564866795957	NA	0.99962	0.999966	0.997673	0.998114
HG02481	0.9992727141946609	0.9997944997867936	0.9973204163660724	NA	0.998852	0.9997	0.997388	0.997956
HG02484	0.9996931145438515	0.9998788094813759	0.9978628129452473	NA	0.999523	0.99988	0.997768	0.998388
HG02485	0.9996632776652578	0.9999570637317342	0.9972702456778891	NA	0.999566	0.999913	0.997257	0.998564
HG02489	0.9996418519632256	0.9999250830696551	0.9976776100496146	NA	0.999627	0.999865	0.997603	0.998999
HG02490	0.9997655827660277	0.9998866823422761	0.9976175678475244	NA	0.99952	0.999868	0.997818	0.998411
HG02491	0.999618890702473	0.9998784836877559	0.9977612699704894	NA	0.999529	0.999813	0.997634	0.998436
HG02492	0.9998072405816851	0.9999357318733758	0.998258553575087	NA	0.99975	0.999937	0.998174	0.998887
HG02493	0.9997660077141972	0.9999083112771016	0.9977831519548569	NA	0.999639	0.999878	0.997678	0.998702
HG02494	0.9997275987832747	0.9998529426679242	0.9973072703700011	NA	0.999491	0.999829	0.997096	0.998089
HG02495	0.9998158980906852	0.9998691144167625	0.9979870749020023	NA	0.999688	0.999857	0.997723	0.999189
HG02496	0.9995671777984521	0.9999046057534655	0.9979131886477463	NA	0.999553	0.999895	0.997738	0.998525
HG02497	0.9994690981852971	0.9998776338144834	0.9972749187716172	NA	0.999472	0.999881	0.997264	0.998426
HG02501	0.999514094806029	0.9998319335801509	0.9972038111019055	NA	0.999367	0.99969	0.997354	0.998123
HG02502	0.9995085983641682	0.9998721663541843	0.9977502812148481	NA	0.999453	0.999855	0.997561	0.998382
HG02505	0.9997291581642118	0.999772744489054	0.9976210177906496	NA	0.999573	0.999729	0.997417	0.998748
HG02508	0.9996784093506155	0.9999583063096451	0.9973720292504569	NA	0.999586	0.999932	0.997219	0.99751
HG02511	0.9996745640514272	0.9998740533466216	0.9975961538461539	NA	0.999491	0.999848	0.997713	0.999057
HG02512	0.9997771108935714	0.9999424714274757	0.9976741834361412	NA	0.999656	0.999929	0.997583	0.998726
HG02513	0.9996625893371415	0.9999579834875106	0.9975313721456491	NA	0.999593	0.99996	0.997461	0.998268
HG02514	0.9996755899824635	0.9999736402313334	0.9980860280044324	NA	0.999687	0.999973	0.997935	0.998832
HG02521	0.9997126178715762	0.9999057125616012	0.9981159723675946	NA	0.999671	0.999909	0.997709	0.998757
HG02522	0.999713241429562	0.9999831575165196	0.9976153447382063	NA	0.999633	0.999983	0.997545	0.999311
HG02523	0.9998381694328403	0.9999331778198959	0.9980907933814169	NA	0.999771	0.999916	0.997921	0.999219
HG02524	0.9996126909886921	0.9999497453765748	0.9975786924939466	NA	0.999555	0.999933	0.997463	0.998604
HG02525	0.9994675378398159	0.9998914451544735	0.9974588330961579	NA	0.999482	0.99985	0.997204	0.998785
HG02526	0.9997230161336974	0.9998399452903902	0.9977933801404213	NA	0.999505	0.999842	0.997512	0.998269
HG02536	0.9997078250300454	0.9998540618686467	0.9979616795760294	NA	0.999612	0.99983	0.997697	0.997841
HG02537	0.9997404646567424	0.999949952454832	0.9978049545312009	NA	0.999637	0.999921	0.997193	0.998663
HG02541	0.9996127803417998	0.9999112132937064	0.9977356937011117	NA	0.999441	0.999885	0.997565	0.998149
HG02545	0.9995841040857119	0.999808966849586	0.9974642458667208	NA	0.999454	0.999762	0.997531	0.998174
HG02546	0.9994833238677719	0.9998793852091805	0.9976975405546834	NA	0.99922	0.999807	0.997718	0.997219
HG02549	0.9996215181078164	0.999875894593141	0.9980736084355672	NA	0.999587	0.999858	0.997829	0.99841
HG02554	0.9996419863292402	0.9998622759777523	0.9978204462895693	NA	0.999436	0.999816	0.997679	0.998118
HG02555	0.9997501008814065	0.9999101883187662	0.9977717005975896	NA	0.999597	0.99982	0.997656	0.998057
HG02557	0.9996905358687737	0.9998318717383117	0.9974712885891899	NA	0.999494	0.999811	0.997246	0.998529
HG02558	0.9996261162169918	0.999825363919059	0.997948297086582	NA	0.999513	0.999833	0.997516	0.998513
HG02561	0.9996413108253522	0.9997901526363455	0.9976200331125828	NA	0.99943	0.999754	0.997439	0.998229
HG02562	0.999656173594132	0.9998204578942806	0.9977092877967515	NA	0.999474	0.999822	0.99758	0.999031
HG02563	0.9995379412798843	0.9998025451924691	0.9975938905743279	NA	0.999409	0.999739	0.997429	0.998749
HG02568	0.9996296035820615	0.9998552530554192	0.9978560490045941	NA	0.999404	0.999786	0.997723	0.997731
HG02569	0.9996431015282232	0.9998078603702716	0.997786497635577	NA	0.9995	0.999802	0.997576	0.998527
HG02570	0.9994613197665719	0.9999580671763835	0.9977885002010454	NA	0.999478	0.999949	0.997394	0.998516
HG02571	0.9995976500957277	0.9998915463575525	0.9977456706629777	NA	0.999519	0.999892	0.99784	0.9975
HG02572	0.9994970338644369	0.999730019247015	0.9978330409658445	NA	0.99939	0.999727	0.99777	0.998498
HG02573	0.9996909855017669	0.9998200537268159	0.9975072290357961	NA	0.99943	0.999767	0.997503	0.998682
HG02574	0.9996550623905902	0.9998830805925477	0.9975926313585933	NA	0.999415	0.999876	0.997522	0.99835
HG02575	0.999702104511359	0.9998922119999745	0.9978301301921884	NA	0.999485	0.999867	0.997724	0.998793
HG02577	0.9996793991023175	0.9997867694722118	0.9973031843169796	NA	0.999557	0.999751	0.997208	0.998742
HG02580	0.9996662036829607	0.9998443579766537	0.9975198925286763	NA	0.999465	0.999819	0.997323	0.998725
HG02582	0.9994876470387313	0.9998502460612132	0.9975321336760926	NA	0.999471	0.999792	0.997577	0.998076
HG02583	0.9995351667072281	0.9998166603986461	0.9978885984315303	NA	0.999413	0.999783	0.997556	0.998699
HG02584	0.9996032542171146	0.9999025281129442	0.9979529170931423	NA	0.999593	0.99987	0.99799	0.998274
HG02585	0.9996253411167871	0.9998946153219742	0.997482883608538	NA	0.999458	0.999837	0.997508	0.998456
HG02586	0.999799944348155	0.9998298317157216	0.9974500203998368	NA	0.999527	0.999802	0.997601	0.999154
HG02587	0.9998073503986051	0.9998273663560568	0.9976575809199318	NA	0.999656	0.999811	0.9978	0.99885
HG02588	0.9995519642983193	0.9999109714179545	0.9975537661808176	NA	0.999551	0.999912	0.997354	0.99761
HG02589	0.9997478118973446	0.9997635922847646	0.9977489000306968	NA	0.99953	0.999732	0.997538	0.998789
HG02590	0.9995594033492877	0.9998652424925883	0.9977422003284072	NA	0.999467	0.99984	0.997569	0.998689
HG02594	0.999705715715881	0.9998715938942897	0.9979015843038505	NA	0.99947	0.99986	0.99768	0.997686
HG02595	0.9996001432970628	0.9998100496403607	0.9977162148743919	NA	0.999419	0.999798	0.997435	0.998738
HG02596	0.9997093797679881	0.9999416603465375	0.997930463576159	NA	0.99952	0.999904	0.997756	0.99874
HG02597	0.9994808802425328	0.9997969088485251	0.9979270315091211	NA	0.999444	0.999755	0.99761	0.998724
HG02600	0.9996500690020186	0.9999188509291569	0.9977800201816347	NA	0.999629	0.999919	0.997836	0.998812
HG02601	0.9994358045928013	0.999843380884637	0.9976637887252411	NA	0.999424	0.999787	0.997796	0.998671
HG02602	0.9995232174835464	0.9998157076090642	0.9977780022219978	NA	0.999429	0.999798	0.997941	0.998905
HG02603	0.9995630106854874	0.9998326235331312	0.997844163843548	NA	0.999407	0.999798	0.997759	0.998405
HG02604	0.9996795746136493	0.9998421263555882	0.9980428512566955	NA	0.999468	0.999781	0.997555	0.998758
HG02605	0.9997603585978229	0.9998765216138625	0.9980476777640772	NA	0.999661	0.999849	0.997874	0.99868
HG02610	0.999501633412955	0.9997385919134596	0.9973810066044182	NA	0.999371	0.999664	0.997222	0.998196
HG02611	0.9995990586326825	0.9998395941732583	0.9974959935897435	NA	0.999462	0.999782	0.997344	0.996782
HG02612	0.9997112343378468	0.9998869606672269	0.9979459792543905	NA	0.999618	0.999876	0.997701	0.999016
HG02613	0.9996284713991357	0.9999694096053839	0.9977959697732997	NA	0.999475	0.999955	0.997584	0.996947
HG02614	0.9995129961192675	0.999803208682433	0.9974939960321605	NA	0.999355	0.999798	0.997361	0.997242
HG02615	0.9995806378963554	0.9998726889508154	0.9980448651986005	NA	0.999576	0.99985	0.997747	0.998374
HG02620	0.999536908767069	0.9997314021839068	0.9979585587424721	NA	0.999299	0.999725	0.997675	0.998337
HG02621	0.9994545902389248	0.999864374597362	0.9970510473866179	NA	0.999337	0.999803	0.997099	0.99885
HG02622	0.9996705449364834	0.9999162671913923	0.9981389578163771	NA	0.999564	0.999829	0.997897	0.99875
HG02623	0.9995767249825308	0.999601882212429	0.9975626740947077	NA	0.999559	0.999593	0.997292	0.998473
HG02624	0.9996310582845311	0.9998474424464325	0.9972527472527474	NA	0.999429	0.999802	0.997062	0.998735
HG02625	0.9996479749976389	0.9997031644234751	0.9976444195176669	NA	0.999633	0.99969	0.997458	0.998911
HG02628	0.9996565804061545	0.9998640943432358	0.9974795211090106	NA	0.999467	0.999754	0.997398	0.997948
HG02629	0.9995839934350746	0.999681823966837	0.9971393543114017	NA	0.999353	0.999626	0.997041	0.998288
HG02630	0.999797438348436	0.9997300309426073	0.9979351641544497	NA	0.99958	0.999722	0.997821	0.998507
HG02634	0.9995196275054429	0.9997192331801088	0.9975298034582752	NA	0.999459	0.999642	0.99721	0.996369
HG02635	0.9995309554983238	0.9999352880271084	0.9975619666802114	NA	0.999385	0.999917	0.997454	0.998755
HG02636	0.9997519547529714	0.9999302080872721	0.9977066611070572	NA	0.999469	0.999919	0.99757	0.998669
HG02642	0.9995060756790435	0.9997732749462336	0.9978281104560968	NA	0.99939	0.999781	0.997637	0.998066
HG02643	0.9996549834595011	0.9998175090903285	0.9975093399750935	NA	0.999289	0.999808	0.997326	0.998595
HG02644	0.9997249685507517	0.9998030189174796	0.9981703598292337	NA	0.999435	0.999803	0.997994	0.997946
HG02645	0.9997573105309616	0.99990121784288	0.9976701782820098	NA	0.999459	0.999891	0.997654	0.998121
HG02646	0.9996009336022196	0.9994487512262029	0.9972591615064459	NA	0.99937	0.999439	0.997286	0.998251
HG02647	0.9997791098125445	0.9996318425173101	0.9978312506454612	NA	0.999554	0.999561	0.9978	0.99888
HG02648	0.9994490995670778	0.9998518662300977	0.9974398361495135	NA	0.999407	0.999853	0.997309	0.995884
HG02649	0.9995829474706299	0.9999101862288545	0.9973109243697478	NA	0.999378	0.999796	0.997336	0.998452
HG02650	0.9996159195087787	0.999903390310048	0.9976602714085167	NA	0.999575	0.99983	0.997676	0.998652
HG02651	0.9996032179028081	0.9998484159466424	0.9973835161517561	NA	0.99923	0.999763	0.997277	0.998144
HG02652	0.9995696341417275	0.9998852747066957	0.9975779594308204	NA	0.999531	0.999854	0.99725	0.99828
HG02653	0.999701794910633	0.9998214821267905	0.9975659229208926	NA	0.999503	0.999807	0.997718	0.998199
HG02654	0.9995130890224605	0.9999460680621055	0.9981449036380502	NA	0.999495	0.99995	0.997813	0.998254
HG02655	0.9993070055170725	0.9999438769783366	0.9975750227341618	NA	0.999428	0.999875	0.997639	0.998835
HG02656	0.9997458740632715	0.9998568114779921	0.9979112790928982	NA	0.999471	0.999767	0.997791	0.999032
HG02657	0.999409638946466	0.9997113084600369	0.9974869109947643	NA	0.999304	0.999717	0.997184	0.998437
HG02658	0.9995467504934572	0.9998365875258297	0.9973352464896997	NA	0.999412	0.999789	0.997286	0.999044
HG02659	0.9997829345992879	0.9998362361282367	0.9978406169665811	NA	0.999634	0.999827	0.997764	0.998625
HG02660	0.9995059203629552	0.9998049965874404	0.9978494623655914	NA	0.999483	0.999767	0.997613	0.998524
HG02661	0.9995649415992216	0.9998100910699641	0.9978582355940847	NA	0.999339	0.99976	0.997708	0.998843
HG02662	0.9996834663034312	0.9998045089437159	0.9982732351447434	NA	0.999559	0.999806	0.998136	0.998658
HG02666	0.9995791827045716	0.9998972868316582	0.997784714530259	NA	0.999498	0.999869	0.997496	0.997949
HG02667	0.999709623286862	0.9998974295854104	0.9976291104009897	NA	0.999465	0.999853	0.997602	0.997709
HG02668	0.9996345045238273	0.999909354604786	0.9977157096874675	NA	0.999488	0.99988	0.997735	0.999145
HG02675	0.9997221491973318	0.9998996975495339	0.9976283769849453	NA	0.999458	0.999904	0.997354	0.997111
HG02676	0.9996203888277783	0.9997843605117219	0.9976288659793815	NA	0.999462	0.999732	0.997579	0.99829
HG02677	0.9996982535764009	0.9998306352589164	0.9980044113013339	NA	0.999597	0.999802	0.997722	0.998475
HG02678	0.9995802947558412	0.9997743015020625	0.9973079312487058	NA	0.999344	0.999786	0.997483	0.996111
HG02679	0.9995780972184553	0.999869585578536	0.9976405416495692	NA	0.999401	0.99982	0.997683	0.99765
HG02680	0.9995092041664146	0.9998662933366891	0.9977587612061939	NA	0.999447	0.999847	0.997698	0.998315
HG02681	0.9996553679630789	0.9998678968115574	0.9976744186046512	NA	0.99946	0.99985	0.997544	0.998587
HG02682	0.9995028847747164	0.9998790210382413	0.9979255263976766	NA	0.999399	0.999782	0.99772	0.99789
HG02683	0.9995124877327076	0.9997934377763575	0.9981429897864439	NA	0.999409	0.999705	0.997826	0.998631
HG02684	0.9995499480112358	0.9998724855749306	0.9976654486398701	NA	0.999438	0.999841	0.997657	0.998343
HG02685	0.9996613329290832	0.9998495278937668	0.9977721518987341	NA	0.999447	0.999828	0.997485	0.998486
HG02686	0.999727032775056	0.9997391678848941	0.998055072167059	NA	0.999594	0.999715	0.998053	0.99896
HG02687	0.9996417457369862	0.9998869754634007	0.997489802321933	NA	0.999412	0.999813	0.997513	0.998873
HG02688	0.9995289571350994	0.9998576601101355	0.9974830103196577	NA	0.99936	0.999851	0.997431	0.9982
HG02689	0.9997669712393451	0.9998591463328748	0.9979341214277517	NA	0.999521	0.999805	0.997645	0.999053
HG02690	0.9996431081031103	0.9998625081409653	0.997677471473291	NA	0.999411	0.999865	0.997649	0.998728
HG02691	0.9996705610583325	0.9997706695531725	0.9974972469716687	NA	0.999409	0.99974	0.997151	0.99884
HG02692	0.9996730809091048	0.9997123343602689	0.9977080219232686	NA	0.999466	0.999663	0.997728	0.998983
HG02694	0.9994679058843937	0.9997474466859954	0.9974513202161281	NA	0.999344	0.999687	0.99749	0.999086
HG02696	0.9996857880572139	0.9998493502410396	0.997701413630617	NA	0.999553	0.999803	0.997205	0.998988
HG02697	0.999475766231411	0.999758537788836	0.9975377039088952	NA	0.999335	0.999735	0.997413	0.998439
HG02698	0.9996354386749853	0.9997499636575083	0.9979326028530081	NA	0.999464	0.999707	0.997864	0.999058
HG02699	0.9995680633925871	0.9996727778026805	0.9974879421221865	NA	0.999366	0.999655	0.997419	0.998251
HG02700	0.9994589541980534	0.9997899632435676	0.9974535809018567	NA	0.999271	0.999715	0.99744	0.998995
HG02701	0.9996119229219219	0.999852685402549	0.9980498819665401	NA	0.99949	0.999856	0.997658	0.998854
HG02702	0.9994557905158407	0.9998696264798649	0.9972263708128867	NA	0.999505	0.999875	0.997175	0.997862
HG02703	0.9996466779810936	0.999840698197045	0.9975639464068209	NA	0.99949	0.999774	0.997323	0.998899
HG02704	0.999651917077618	0.9997844011610787	0.9976009179096694	NA	0.999582	0.999744	0.997379	0.998859
HG02715	0.9996111881026787	0.9996872699316555	0.9975490196078433	NA	0.999395	0.999645	0.997153	0.996772
HG02716	0.9996741121758738	0.9998762697813688	0.9976595095146027	NA	0.999506	0.999807	0.997445	0.998068
HG02717	0.9996207840554047	0.99977234320138	0.9976659224680333	NA	0.999349	0.999717	0.997423	0.997686
HG02721	0.9993129556926528	0.999838280926246	0.9975995635570105	NA	0.999353	0.999811	0.997417	0.99778
HG02722	0.9993713628852647	0.9998162843509989	0.9975168132436628	NA	0.999173	0.999677	0.99724	0.998483
HG02723	0.9994184439084381	0.9999448862961895	0.9980830670926517	NA	0.999477	0.999926	0.997871	0.998632
HG02724	0.9994948229062837	0.9997759144137631	0.9973837794324814	NA	0.999297	0.999781	0.997434	0.998224
HG02725	0.9996644617006998	0.9998737088390518	0.9976556925899501	NA	0.999474	0.999873	0.997564	0.99855
HG02726	0.9992448357517759	0.9995506575953268	0.9971639825787503	NA	0.998865	0.999499	0.997214	0.998235
HG02727	0.9996438075950398	0.999819372551853	0.9978105095541401	NA	0.999506	0.999806	0.997613	0.998588
HG02728	0.99968611372683	0.9997818042172881	0.9972638832590189	NA	0.99949	0.999764	0.99722	0.998823
HG02729	0.9997486280258608	0.9997142669776942	0.9974440241284122	NA	0.999512	0.999712	0.997403	0.998955
HG02731	0.999463526073893	0.9999054722135571	0.9976034177347088	NA	0.999426	0.999728	0.99745	0.998877
HG02733	0.9997508320790531	0.9998747117209505	0.9978185993111366	NA	0.999627	0.999813	0.997716	0.998886
HG02734	0.9995609314855042	0.9998830388837231	0.9976682887266828	NA	0.999432	0.999866	0.997397	0.998687
HG02735	0.9996452153628931	0.9998846237050214	0.9976544972465837	NA	0.99952	0.999799	0.99754	0.998845
HG02736	0.9994792021303025	0.9997583178925319	0.9977213878819264	NA	0.999292	0.999723	0.997628	0.998593
HG02737	0.9994540838590795	0.9996129840770592	0.9970501474926253	NA	0.999133	0.999555	0.997122	0.99841
HG02738	0.9998206292390356	0.9999406457739792	0.9978665041145991	NA	0.999653	0.999879	0.997649	0.999103
HG02756	0.9996118036992575	0.9998247266831716	0.9979233964005539	NA	0.999397	0.999815	0.997648	0.993931
HG02757	0.9995647701194903	0.9998957691761028	0.9971581938743291	NA	0.999542	0.999889	0.997178	0.998481
HG02759	0.9996236510578631	0.9998349971124495	0.99721706864564	NA	0.999546	0.999793	0.997279	0.99677
HG02760	0.9996422638403976	0.9999418644596302	0.9975540154912353	NA	0.999475	0.99981	0.997253	0.997728
HG02761	0.9995164628504599	0.9998762274115026	0.9976183079631356	NA	0.999477	0.999777	0.99761	0.998274
HG02762	0.9996315117577043	0.999785839130645	0.9978875364651443	NA	0.999561	0.999742	0.997538	0.998219
HG02763	0.9996479989556525	0.999877817252204	0.9975298476739399	NA	0.999507	0.999856	0.997147	0.998383
HG02764	0.9997500762754225	0.9998706959253053	0.9976308199423156	NA	0.999483	0.999863	0.997514	0.998071
HG02768	0.9996813912819347	0.9998063803373538	0.9973450423772082	NA	0.999491	0.99978	0.997039	0.997896
HG02769	0.9997470682915613	0.9995876855415065	0.9970893970893973	NA	0.999465	0.999586	0.996958	0.998657
HG02770	0.9997388112491508	0.9998695435157455	0.9979114452798662	NA	0.999511	0.999825	0.997706	0.997473
HG02771	0.999490044314616	0.999890973896635	0.9975706043121775	NA	0.999533	0.99988	0.997203	0.999164
HG02772	0.9995494250436375	0.9997975523425153	0.9972683815160484	NA	0.999392	0.999804	0.996939	0.997761
HG02773	0.9993130036918753	0.9996889261503094	0.9978312977970554	NA	0.999393	0.99959	0.997402	0.998886
HG02774	0.9995906239429257	0.9999129809254188	0.9976487425884277	NA	0.999545	0.999823	0.997031	0.998681
HG02775	0.9997287642080032	0.9999199373223608	0.997229916897507	NA	0.999593	0.999824	0.997023	0.998769
HG02776	0.9996531006439191	0.9999596925114445	0.9977314910290781	NA	0.999558	0.999899	0.997575	0.999
HG02778	0.9994305537374003	0.9997027348394769	0.9973417850935488	NA	0.999311	0.999691	0.997136	0.99893
HG02780	0.9997818237353958	0.9997608836907083	0.9975961538461539	NA	0.999499	0.999742	0.997332	0.998637
HG02783	0.9997289515631059	0.9997766164445568	0.9975708502024291	NA	0.999456	0.999717	0.997705	0.998726
HG02784	0.9995602171361658	0.9998760791441199	0.9972233648704236	NA	0.99944	0.999851	0.997276	0.999014
HG02785	0.999558738469061	0.9997372020781252	0.9978549540347295	NA	0.999266	0.999558	0.9978	0.998861
HG02786	0.9996403021461971	0.9998391517506725	0.9977013896144603	NA	0.999434	0.99981	0.997414	0.99846
HG02787	0.99980114621362	0.999889147010343	0.9980919863426391	NA	0.999573	0.999889	0.9977	0.999012
HG02788	0.9996839183649041	0.9997593145277751	0.9978102189781023	NA	0.999386	0.999766	0.997584	0.999119
HG02789	0.9996634391780476	0.9998150106961763	0.9976237214588284	NA	0.999473	0.999775	0.99739	0.998749
HG02790	0.9997111014258141	0.9998712969134241	0.9974619289340101	NA	0.99949	0.999861	0.997301	0.998845
HG02791	0.9996721737223823	0.9998736828808724	0.9977993398019406	NA	0.999574	0.999866	0.997711	0.998749
HG02792	0.9991446241692443	0.9996777119938884	0.9974783134960661	NA	0.999213	0.999536	0.99747	0.998072
HG02793	0.9995898441643547	0.9999039366750563	0.9980788675429727	NA	0.999557	0.999886	0.997854	0.99804
HG02794	0.999335963721887	0.9997679358788982	0.9977502812148481	NA	0.999364	0.999649	0.997687	0.998733
HG02798	0.999580862871793	0.9997903978249283	0.9974424552429667	NA	0.999383	0.999753	0.997055	0.998858
HG02799	0.9996432419447078	0.999870033238999	0.9975137263027037	NA	0.999573	0.999776	0.996915	0.997367
HG02800	0.9995418106523776	0.9998862123025574	0.9979086060859561	NA	0.99943	0.999838	0.997461	0.998122
HG02804	0.999600864012021	0.9998036396343898	0.9975278121137205	NA	0.999432	0.999795	0.997495	0.997548
HG02805	0.9994783385499478	0.9996668530031225	0.9968998656608453	NA	0.999359	0.999584	0.996687	0.998689
HG02806	0.9996202648173433	0.999647294894832	0.9975708502024291	NA	0.999456	0.999641	0.997413	0.998779
HG02807	0.9995807311319896	0.9998293013684341	0.9971930554111654	NA	0.99945	0.999837	0.997167	0.997309
HG02808	0.9996506311424361	0.9997724812641767	0.997351902706944	NA	0.999509	0.999722	0.99708	0.998353
HG02809	0.9993792823549071	0.9997316336799732	0.9973893065998328	NA	0.999321	0.999666	0.997431	0.998856
HG02810	0.9996975847911762	0.9998097404611727	0.9975002603895426	NA	0.99949	0.999755	0.997236	0.998541
HG02811	0.999614720529688	0.9997467873646894	0.9976169198689306	NA	0.9994	0.999709	0.997228	0.998934
HG02812	0.9996906811353523	0.9998830141925055	0.9977827050997782	NA	0.999571	0.999876	0.997433	0.999234
HG02813	0.9996670974816902	0.9997540277948592	0.997565676032052	NA	0.99945	0.999698	0.997116	0.997938
HG02814	0.9997150162987255	0.9997897657991002	0.9974085207836633	NA	0.999554	0.999743	0.997289	0.998664
HG02815	0.999508178292395	0.9996584699453552	0.9973944762897342	NA	0.999391	0.999636	0.997379	0.998554
HG02816	0.9996131816691309	0.9996980851151827	0.9971069322354512	NA	0.999317	0.999653	0.99684	0.998036
HG02817	0.9995030734282088	0.9998565524778851	0.9975701123823022	NA	0.999248	0.999794	0.997386	0.99804
HG02818	0.9996490535054657	0.9998049556560948	0.9974532166980399	NA	0.999526	0.999758	0.997252	0.998179
HG02819	0.9996203641373264	0.999861326938058	0.9980014725991375	NA	0.999579	0.999843	0.997624	0.999257
HG02820	0.9994787850565112	0.9997706254279998	0.9972925127564303	NA	0.99931	0.99971	0.99703	0.999058
HG02821	0.9994058264774849	0.9997327209552226	0.9977258631383088	NA	0.999358	0.999709	0.99771	0.998689
HG02836	0.9995991406686542	0.9998846042888739	0.9973217964565307	NA	0.999448	0.999814	0.99715	0.998231
HG02837	0.9997078473559053	0.9997962349781183	0.9978665041145991	NA	0.999561	0.999788	0.997723	0.99901
HG02838	0.9996431338339627	0.9998395893487327	0.9978099906142454	NA	0.999491	0.999794	0.997721	0.998521
HG02839	0.9995942541037941	0.9996069551843466	0.9970948329528947	NA	0.99941	0.999619	0.997142	0.998688
HG02840	0.9995538792866467	0.9997963585585511	0.9967340273525209	NA	0.999375	0.999778	0.996579	0.997056
HG02841	0.9996846617194433	0.9997661045569678	0.9974262522272818	NA	0.999401	0.999663	0.997386	0.998541
HG02851	0.9995440605567453	0.9997819640676783	0.9974162877221993	NA	0.999423	0.999741	0.997365	0.997993
HG02852	0.9995740058753995	0.9996687348827425	0.9971679983817133	NA	0.999381	0.999578	0.997236	0.998784
HG02853	0.9995374715109263	0.9997184795644315	0.9975913708241702	NA	0.99926	0.999642	0.997755	0.998804
HG02854	0.9995357620230908	0.9998261025994664	0.9974385245901639	NA	0.999321	0.999799	0.997141	0.998707
HG02855	0.9995736197567028	0.9996057021534729	0.9971056439942114	NA	0.999335	0.999619	0.997036	0.998146
HG02856	0.9996186487685822	0.9996853119345449	0.9975686353966162	NA	0.999302	0.999609	0.99765	0.999047
HG02860	0.9996625813614297	0.9996281115342017	0.9980282274802824	NA	0.999402	0.999613	0.997653	0.998633
HG02861	0.9996542550074424	0.9997215275578514	0.9978316985028394	NA	0.99943	0.999714	0.997498	0.998768
HG02862	0.9994776589551584	0.9998269297334718	0.9978604177279675	NA	0.999297	0.999787	0.997666	0.998644
HG02869	0.9996079200156832	0.9997798588454917	0.9974877241064292	NA	0.999469	0.999774	0.99729	0.99825
HG02870	0.9995268582243241	0.9997878505889557	0.9977324263038548	NA	0.999377	0.999723	0.997467	0.998654
HG02871	0.9994898212389205	0.9998866909994886	0.9975121799523167	NA	0.999459	0.999862	0.997656	0.998897
HG02878	0.9996822349620434	0.9997308403165317	0.9976197868156887	NA	0.999481	0.999734	0.997499	0.998403
HG02879	0.9995768701409814	0.9997423529764222	0.9974103998342656	NA	0.99931	0.999695	0.997198	0.997891
HG02880	0.9996623194267442	0.9997746381208286	0.9975658799873003	NA	0.999512	0.999723	0.997572	0.99761
HG02881	0.9996018255542312	0.9997220300454635	0.9975	NA	0.999361	0.999689	0.997107	0.998677
HG02882	0.9994845822386166	0.999795426503775	0.9974955650631325	NA	0.99945	0.999767	0.997286	0.998652
HG02883	0.9995901162266427	0.9998097317217277	0.9976163332987875	NA	0.999452	0.999764	0.997534	0.998874
HG02884	0.9996539084221718	0.9998544355177336	0.9977564756271672	NA	0.999423	0.999826	0.997444	0.998321
HG02885	0.9996419407701691	0.9998601154047911	0.9976330143048266	NA	0.999469	0.999863	0.997571	0.998089
HG02886	0.9997181397221664	0.9998260741240461	0.998029454470027	NA	0.999467	0.999816	0.997736	0.998864
HG02887	0.9996018823004832	0.9998565485583129	0.9971515982698598	NA	0.999286	0.99986	0.997136	0.996087
HG02888	0.9995682826362485	0.999846949707674	0.9976994666945519	NA	0.999313	0.999833	0.997378	0.998316
HG02889	0.9996242617164907	0.9998530391838548	0.9977885425442291	NA	0.999311	0.999841	0.997564	0.99769
HG02890	0.9994789415407935	0.9997850531321789	0.997551270278543	NA	0.999394	0.999751	0.997576	0.998331
HG02891	0.9994668409157411	0.9998065846327622	0.9977723774807614	NA	0.999283	0.999787	0.997449	0.998881
HG02892	0.9995163485970571	0.9998830913567978	0.9979660327468728	NA	0.999561	0.99987	0.99762	0.998956
HG02895	0.99974196138022	0.9999036160972458	0.9967524936209695	NA	0.999494	0.999877	0.996918	0.998422
HG02896	0.9994808039870748	0.9997827952084624	0.997604665694647	NA	0.999455	0.999786	0.997331	0.99864
HG02897	0.9996203429844688	0.9999243034566285	0.9975244971634862	NA	0.99945	0.999803	0.997436	0.998805
HG02922	0.9995338947010292	0.9998471670325394	0.9973184818481848	NA	0.999327	0.999827	0.997296	0.998689
HG02923	0.9996557367074338	0.9998352357501807	0.997386577461844	NA	0.99949	0.999747	0.997326	0.998436
HG02924	0.999633773987449	0.9997489737456071	0.9976167262485104	NA	0.999443	0.99972	0.997486	0.99834
HG02938	0.9996545237420071	0.9998037120237291	0.9978227060653189	NA	0.999404	0.999765	0.997564	0.998609
HG02941	0.9994824994824995	0.9996162895196551	0.9971571526040481	NA	0.999147	0.999528	0.996972	0.998463
HG02943	0.9995938984285544	0.999767309875142	0.9974226804123713	NA	0.999195	0.999716	0.99714	0.997446
HG02944	0.9997024900989588	0.9997242657196113	0.9975235736736833	NA	0.999408	0.999643	0.997337	0.998367
HG02945	0.99966726938189	0.9998394477000883	0.997779892166191	NA	0.9995	0.999764	0.997543	0.998108
HG02946	0.9996065174019063	0.9998323366679707	0.9973952906855594	NA	0.999299	0.999757	0.997582	0.998957
HG02947	0.9994607613398452	0.9999192368356042	0.9982204646564508	NA	0.999481	0.999907	0.997958	0.998662
HG02948	0.9995477949328588	0.9998814955264561	0.9979330301777595	NA	0.999547	0.999848	0.997793	0.99852
HG02952	0.9993220632028191	0.999446967050879	0.9968985836865503	NA	0.998991	0.999356	0.996896	0.99872
HG02953	0.99945936601768	0.9995728176405971	0.9973574550259173	NA	0.999376	0.999565	0.997121	0.996006
HG02954	0.999253336541745	0.9997640475949708	0.9977589895079964	NA	0.999353	0.999738	0.997597	0.998747
HG02964	0.9996217215141552	0.9998226183265554	0.9971622580318232	NA	0.999415	0.999786	0.997026	0.998001
HG02965	0.9995372032174535	0.999528049765162	0.9976024184301053	NA	0.999334	0.999494	0.997549	0.998744
HG02966	0.9994888683140949	0.999717637757479	0.9968710888610764	NA	0.999313	0.999671	0.996859	0.998086
HG02968	0.9994671861601604	0.9998485916659176	0.9975178405212534	NA	0.999468	0.99981	0.997785	0.99874
HG02970	0.9995760890450712	0.9998750150222329	0.9976317957166393	NA	0.99942	0.999829	0.997222	0.997256
HG02971	0.9995539110777837	0.9998787752840123	0.9975216852540273	NA	0.999414	0.999851	0.997453	0.99795
HG02972	0.9993897421660651	0.9998316425434483	0.9979890835966677	NA	0.999439	0.999786	0.997595	0.998684
HG02973	0.9992883737347285	0.9994411791776787	0.997467328538142	NA	0.99922	0.999438	0.997244	0.998698
HG02974	0.9997323749808841	0.9998845651068398	0.99712496149502	NA	0.999381	0.999855	0.996852	0.998293
HG02975	0.999551347504564	0.9998341550874047	0.9975490196078433	NA	0.999435	0.999769	0.99735	0.99913
HG02976	0.9995858891735901	0.9998391859887138	0.997769753610875	NA	0.999503	0.99982	0.997528	0.998313
HG02977	0.9996963026560959	0.9997484923833205	0.997811588161734	NA	0.999347	0.99972	0.997594	0.998165
HG02978	0.9994796836903035	0.9997163838170139	0.9977194982896237	NA	0.999313	0.999704	0.997581	0.998688
HG02979	0.9995082121940193	0.9998925608130217	0.997563204386232	NA	0.9995	0.99988	0.997437	0.998695
HG02980	0.999385737126536	0.9998283540103178	0.9974861212946474	NA	0.999467	0.999798	0.997586	0.997319
HG02981	0.9992567674668453	0.9996842999239652	0.9974007070076939	NA	0.999092	0.999589	0.997421	0.996351
HG02982	0.9993843447669305	0.999880848359679	0.9977040283865581	NA	0.999441	0.999852	0.997576	0.998924
HG02983	0.999610074938156	1.0	0.9975392187019377	NA	0.999448	1.0	0.997415	0.999022
HG02984	0.9995288608137565	0.9997432212889305	0.9980606308053486	NA	0.999606	0.999703	0.997879	0.999245
HG03006	0.9993558006007649	0.9996926077462849	0.9975193798449612	NA	0.999263	0.999622	0.997382	0.998519
HG03007	0.9995898070072278	0.9995814469379355	0.9969821949502061	NA	0.999338	0.999569	0.996837	0.998505
HG03008	0.9997009140924981	0.9996789591517763	0.9980319038740418	NA	0.999453	0.999668	0.997999	0.99879
HG03009	0.9990979475917114	0.9998338123448101	0.9976685250886974	NA	0.99919	0.99978	0.997541	0.998754
HG03012	0.9997119498652254	0.9998395875107418	0.997778899545684	NA	0.999488	0.999789	0.997768	0.998475
HG03015	0.9996300595490878	0.999658876520262	0.9979808177688037	NA	0.999405	0.999626	0.997659	0.998813
HG03016	0.9994985078923163	0.9998830363756872	0.9978346050732109	NA	0.999392	0.999828	0.997685	0.998445
HG03017	0.9995453118217211	0.9998259810319325	0.9977680835954146	NA	0.999397	0.999784	0.997763	0.998516
HG03018	0.9996691580071281	0.9998609918639356	0.9973371569029087	NA	0.999392	0.999841	0.997511	0.998487
HG03019	0.999647469296131	0.9998912406927131	0.9972440543023373	NA	0.999157	0.999837	0.997353	0.99824
HG03021	0.9992936786459952	0.99970819701123	0.9976711219117051	NA	0.999344	0.999639	0.997467	0.998367
HG03022	0.999627255106605	0.9997536613081379	0.9977045793641686	NA	0.999324	0.999741	0.997263	0.998612
HG03024	0.9995993653692063	0.9999393407741983	0.997331965110313	NA	0.999382	0.99994	0.996572	0.997763
HG03025	0.9995169733002334	0.9997176850171405	0.9976393308016012	NA	0.999381	0.999706	0.997372	0.998177
HG03026	0.9996156984798739	0.999821119790114	0.9975196362133112	NA	0.999466	0.999813	0.997559	0.999146
HG03027	0.9995631699166961	0.999791221826809	0.9973572938689217	NA	0.999321	0.999753	0.997139	0.998102
HG03028	0.9995802839973877	0.9998371078766223	0.9975961538461539	NA	0.999327	0.999733	0.99733	0.998886
HG03029	0.9996640828880328	0.9997478100649517	0.9976956111867602	NA	0.999352	0.999741	0.997541	0.998478
HG03033	0.9994511359974219	0.9997202640707172	0.9969611021069693	NA	0.999276	0.999711	0.997036	0.997802
HG03034	0.9997247210482851	0.9997047283500821	0.9979432332373509	NA	0.999501	0.999654	0.997803	0.998245
HG03035	0.9995400021230672	0.9998244441675822	0.9975114060555785	NA	0.999395	0.999763	0.997173	0.998347
HG03039	0.9994220841842523	0.9998139011512162	0.9971644612476369	NA	0.999383	0.999758	0.99684	0.997785
HG03040	0.9996461152489692	0.9998860268976522	0.9974955650631325	NA	0.999408	0.999829	0.99697	0.999071
HG03041	0.9995468579716453	0.9997806306867756	0.9975005207248488	NA	0.99925	0.999689	0.997226	0.998934
HG03045	0.9996780138051581	0.999787330058562	0.9975742874469374	NA	0.99946	0.999697	0.997544	0.998661
HG03046	0.99948902424069	0.9998076859067054	0.9975552612814504	NA	0.999359	0.999754	0.99746	0.998867
HG03047	0.999655309347947	0.9997040577383353	0.9971261418454275	NA	0.999324	0.999625	0.997093	0.998296
HG03048	0.9995013239848204	0.9999075305682604	0.9970432300163132	NA	0.999334	0.999845	0.996636	0.997568
HG03049	0.9997053473320633	0.9997188512538773	0.9979176995537927	NA	0.999403	0.999712	0.997562	0.998709
HG03050	0.9995425804310404	0.9998696396078325	0.9973593337395897	NA	0.999364	0.999871	0.997172	0.997632
HG03052	0.9991635782216103	0.9997855825721514	0.9976096445645396	NA	0.999104	0.999792	0.997399	0.998792
HG03054	0.999589702568841	0.9997966168261004	0.9974322103533279	NA	0.999444	0.999755	0.997117	0.998695
HG03055	0.9995453705304707	0.9998573332451816	0.9972164948453609	NA	0.999423	0.999792	0.997253	0.998775
HG03056	0.9995881289613986	0.9997264863756025	0.9979066359639942	NA	0.999296	0.999624	0.997696	0.998587
HG03057	0.9995222725842724	0.9997600947625688	0.9973073736536868	NA	0.999431	0.999767	0.997076	0.999001
HG03058	0.9995345265427893	0.9997489297325135	0.9975497702909649	NA	0.999381	0.999754	0.99735	0.99893
HG03060	0.9995709718474957	0.9998231209453329	0.9978659423804445	NA	0.999361	0.999795	0.997504	0.999168
HG03061	0.9994594498794839	0.9997262646796176	0.997472449701749	NA	0.999336	0.999694	0.997389	0.997781
HG03063	0.9995391018139513	0.9997416914394792	0.9974747474747474	NA	0.999232	0.999737	0.997437	0.997716
HG03064	0.9991895013918609	0.9997427418110041	0.9976566479877739	NA	0.99918	0.999676	0.997233	0.997468
HG03065	0.9995512040173055	0.9997699033594108	0.9978766430738119	NA	0.999316	0.999751	0.997521	0.996981
HG03066	0.999477503056114	0.9998653722457405	0.9973660216796677	NA	0.999454	0.999853	0.99744	0.997857
HG03069	0.9996156567897608	0.9997387936347274	0.9978542965157862	NA	0.99946	0.999734	0.997557	0.998171
HG03072	0.9996796266632099	0.9998726484739706	0.997115076397051	NA	0.999465	0.999825	0.99659	0.997754
HG03073	0.99946893943319	0.9998400476547677	0.997327302631579	NA	0.999425	0.999818	0.99716	0.998031
HG03074	0.9992454626599226	0.9998560385566301	0.9976544972465837	NA	0.999254	0.999803	0.997135	0.998539
HG03077	0.9996387456852481	0.9997707982666618	0.9972403924775142	NA	0.999363	0.999757	0.99724	0.997396
HG03078	0.9992885914839787	0.999816178458278	0.9972049689440993	NA	0.99936	0.999774	0.997001	0.998443
HG03079	0.9996327920715369	0.9998598932289778	0.9976568867155663	NA	0.999461	0.999815	0.997308	0.998584
HG03081	0.9994889186297821	0.9997872773348625	0.9975525188660005	NA	0.999353	0.99973	0.997283	0.997924
HG03082	0.9995342227366694	0.999786356543063	0.9973544973544972	NA	0.999427	0.999671	0.997191	0.998733
HG03084	0.9993482103682738	0.9997760331942381	0.9972482674276397	NA	0.99926	0.999717	0.997462	0.998751
HG03085	0.9993992487156351	0.9997747116742677	0.997734994337486	NA	0.999408	0.999742	0.997621	0.998688
HG03086	0.9997282872820774	0.9997499417477934	0.9971234846928292	NA	0.999432	0.999701	0.99671	0.998408
HG03088	0.9995780488305791	0.9998238704813972	0.9977759805903761	NA	0.99944	0.999767	0.997449	0.99827
HG03091	0.9996067568677105	0.9996935272965021	0.9969713965227146	NA	0.999391	0.999619	0.996796	0.998921
HG03095	0.9994205508892658	0.9997199130610143	0.9974836436839456	NA	0.999343	0.999693	0.997362	0.998779
HG03096	0.999484528091281	0.999753712423035	0.9974282481226211	NA	0.999413	0.999739	0.997309	0.998598
HG03097	0.9995690013910852	0.9996831466812347	0.9973737373737374	NA	0.999367	0.999652	0.997171	0.998142
HG03098	0.9994897799806325	0.9997322683563508	0.9981266022480773	NA	0.999432	0.999678	0.997867	0.998297
HG03099	0.9997086546700942	0.9998647826380908	0.9977576189990827	NA	0.999441	0.99984	0.997537	0.998786
HG03100	0.999593834481962	0.9999127209251581	0.9972386991204745	NA	0.999514	0.999864	0.997303	0.998614
HG03101	0.9995625607314401	0.9996517572330021	0.9974240082431736	NA	0.999317	0.999658	0.997253	0.998954
HG03103	0.9995981209622133	0.9999485502874168	0.9976079043161726	NA	0.99945	0.999885	0.997428	0.995575
HG03105	0.9997037761581556	0.9999435248051607	0.9972139098132287	NA	0.999478	0.999944	0.996951	0.997762
HG03108	0.9995414848249752	0.9998895581476352	0.9976415094339621	NA	0.999437	0.999829	0.997388	0.998931
HG03109	0.9995845432882215	0.999666740243496	0.9973950192768574	NA	0.999357	0.999675	0.997261	0.999112
HG03110	0.9992948900171356	0.9997106399396315	0.9972446167976324	NA	0.999272	0.999673	0.997167	0.998919
HG03111	0.9995701167552719	0.9996985638023747	0.9975922953451044	NA	0.999385	0.999675	0.997529	0.998193
HG03112	0.999613859474552	0.9998053849971295	0.9970231985218639	NA	0.999466	0.9998	0.997016	0.998754
HG03113	0.9996014332136277	0.9994645999872777	0.997344228804903	NA	0.999329	0.999403	0.997308	0.998322
HG03114	0.999541788856305	0.9996596429344967	0.9970429285204446	NA	0.999288	0.999653	0.996861	0.998144
HG03115	0.9996628699945245	0.9997578884533664	0.9968976215098243	NA	0.999405	0.999726	0.996766	0.998347
HG03116	0.9995898269109388	0.999735873351272	0.9974036763942258	NA	0.999349	0.999712	0.997341	0.998756
HG03117	0.9995125439235049	0.9998086901340101	0.9976061615320566	NA	0.999433	0.999767	0.997176	0.998371
HG03118	0.9995408325259911	0.9998511761109502	0.9980520811974575	NA	0.99945	0.999845	0.997848	0.998012
HG03119	0.9994361436551485	0.9998261695398156	0.9976405416495692	NA	0.999323	0.999805	0.997386	0.998008
HG03120	0.9996302155983486	0.9998299798320903	0.997225932394945	NA	0.999467	0.999773	0.99704	0.999164
HG03121	0.9994863630410582	0.9998140089724638	0.9976647375368058	NA	0.999331	0.999738	0.997316	0.998787
HG03122	0.9996584379430106	0.999851371837936	0.9974279835390946	NA	0.99932	0.999782	0.997359	0.998903
HG03123	0.999556669464575	0.9998133954104601	0.9975397232188621	NA	0.999399	0.999751	0.997131	0.998987
HG03124	0.9995241624346967	0.9998395861322211	0.9974012474012476	NA	0.999375	0.999722	0.997346	0.998023
HG03125	0.9995915442693522	0.9996945314632593	0.9977479782987	NA	0.999437	0.999701	0.997542	0.998618
HG03126	0.9997063320877764	0.9998207996045231	0.9975424943682164	NA	0.999468	0.999771	0.997377	0.999019
HG03127	0.9997302697110225	0.9998050444742295	0.9970362800204394	NA	0.99952	0.999767	0.996693	0.997507
HG03128	0.9995707458747081	0.999846635718541	0.998027818144073	NA	0.999366	0.999813	0.997541	0.998571
HG03129	0.9993920638573376	0.9999011709268587	0.9974059662775615	NA	0.999382	0.99976	0.997341	0.99825
HG03130	0.9995803571025689	0.9997521774822264	0.9979400556184983	NA	0.999464	0.99971	0.997653	0.998641
HG03131	0.9994236076133455	0.9998933954685458	0.9977493606138107	NA	0.999364	0.999865	0.997416	0.998854
HG03132	0.9993836664689167	0.9997326110530668	0.997128023859494	NA	0.999222	0.999682	0.997049	0.998401
HG03133	0.999601515259422	0.999864910868191	0.9974559886028289	NA	0.999381	0.999749	0.997353	0.998871
HG03134	0.9995696877031395	0.9997660978295828	0.9976045296167249	NA	0.999311	0.999727	0.997334	0.9988
HG03135	0.9994464193644677	0.9998015066589789	0.9972381342062194	NA	0.999309	0.999706	0.997068	0.998336
HG03136	0.9995314853692964	0.9997643666454996	0.9974245389924796	NA	0.99931	0.999759	0.997371	0.998474
HG03137	0.9994841386924532	0.9997470034226141	0.9978113600833767	NA	0.999263	0.99974	0.997505	0.998912
HG03139	0.9997174926843254	0.9999284368216408	0.9975121799523167	NA	0.999423	0.999857	0.997614	0.998991
HG03157	0.9992806238172569	0.9998587911612378	0.9975096219153271	NA	0.999212	0.99981	0.997003	0.998806
HG03159	0.9995779690643651	0.999783322848955	0.9972925127564303	NA	0.999435	0.99975	0.997056	0.998546
HG03160	0.9995347357218682	0.99978591755215	0.9973005398920215	NA	0.999451	0.999759	0.997491	0.998717
HG03161	0.9995126676333095	0.9997688237409456	0.997569127924643	NA	0.999369	0.99975	0.997649	0.9987
HG03162	0.9994986986216218	0.9998859113150622	0.997427189461768	NA	0.999483	0.999852	0.997179	0.998663
HG03163	0.9996533130730477	0.9999219570061147	0.9977405771798294	NA	0.9995	0.999912	0.997569	0.998287
HG03164	0.9995833656453043	0.9997860329437946	0.9975311181977162	NA	0.999359	0.999756	0.997523	0.998477
HG03166	0.9996321536780189	0.9997749923894486	0.997660699755899	NA	0.999374	0.999722	0.997314	0.997133
HG03168	0.9996703281991552	0.9997611421746919	0.9971775036587914	NA	0.999367	0.999709	0.997137	0.998049
HG03169	0.9996292036913996	0.9997534516765285	0.9975170701427684	NA	0.9994	0.999679	0.997347	0.998346
HG03170	0.999632203853372	0.9997146967590766	0.9976419930285012	NA	0.999372	0.999691	0.997392	0.998938
HG03172	0.9994164220051017	0.9997549183432481	0.9976419930285012	NA	0.999276	0.999714	0.997355	0.999074
HG03175	0.999514817711051	0.9996502127872212	0.9976244577566619	NA	0.999153	0.999586	0.99731	0.997631
HG03189	0.9995975454177811	0.9997583494433705	0.9981528989225245	NA	0.999512	0.999739	0.997965	0.999104
HG03190	0.9996340042358627	0.999884563040731	0.9974539158773805	NA	0.999405	0.999885	0.997189	0.998376
HG03191	0.9995621583316461	0.999660415069809	0.9978310164645569	NA	0.999232	0.999643	0.997817	0.998513
HG03193	0.9994762227367867	0.9995940675877466	0.9977646819752083	NA	0.999401	0.999583	0.997432	0.999159
HG03195	0.9995409838563452	0.9998050459806186	0.9974079834110938	NA	0.999422	0.999807	0.99732	0.998663
HG03196	0.9997793130402409	0.9998987956684546	0.9976131174761312	NA	0.999399	0.999834	0.997417	0.998399
HG03197	0.9994865714363647	0.9997135985750548	0.9976525821596245	NA	0.999339	0.999701	0.997417	0.998879
HG03198	0.9996658766244552	0.9998755380386869	0.997872340425532	NA	0.999461	0.999806	0.997631	0.996927
HG03199	0.999435554219782	0.9998226822897947	0.9973778057478497	NA	0.999403	0.9998	0.997353	0.998617
HG03200	0.9994569596748765	0.9997721632572943	0.9978381717109326	NA	0.999342	0.999756	0.997782	0.998319
HG03202	0.9995218303887909	0.9998447679966397	0.9974229460880322	NA	0.999339	0.999768	0.997047	0.99819
HG03209	0.9995733982327497	0.9997203290389653	0.9971608193064286	NA	0.999192	0.999713	0.997001	0.997861
HG03212	0.9996083166093948	0.9999767614798288	0.9976227390180877	NA	0.999476	0.999978	0.997461	0.997363
HG03224	0.9997028298628681	0.9997601019566685	0.9977213170787286	NA	0.99952	0.999701	0.997411	0.998823
HG03225	0.9995074410372953	0.999894244802132	0.9977834072197592	NA	0.999491	0.999835	0.997921	0.997973
HG03228	0.9993717100453282	0.9998383628606834	0.9978479196556672	NA	0.999389	0.999809	0.997375	0.999122
HG03229	0.9997144960272218	0.9998666201547207	0.9978481401782969	NA	0.99954	0.999807	0.997695	0.998712
HG03230	0.9995155144581207	0.9998769157320345	0.998028841166096	NA	0.99945	0.999827	0.997699	0.998695
HG03234	0.9994611535712321	0.9997350486480121	0.9971446053436672	NA	0.999341	0.999728	0.997052	0.998086
HG03235	0.9997787370153564	0.9998870955905184	0.9978951799621131	NA	0.99961	0.9998	0.99772	0.998813
HG03236	0.9996077746063183	0.99987387160129	0.9977363926329869	NA	0.999406	0.999797	0.997601	0.998381
HG03237	0.9995200895399042	0.9999158207477099	0.9979491386382279	NA	0.999494	0.999879	0.997855	0.998841
HG03238	0.9995577404314142	0.9997863891019603	0.9981630778650884	NA	0.999455	0.99979	0.998015	0.999192
HG03239	0.9994518181988851	0.9997657742803724	0.9975535168195718	NA	0.999319	0.999713	0.997762	0.998569
HG03240	0.9994582074225583	0.9996882793017456	0.9973903966597076	NA	0.999326	0.999671	0.997144	0.998317
HG03241	0.9994031946638582	0.9998574207880491	0.9978862606945142	NA	0.999464	0.999798	0.997546	0.998472
HG03242	0.9994502199120352	0.9998057509155417	0.9975572519083971	NA	0.999306	0.999774	0.997405	0.998906
HG03246	0.9996344171547279	0.9998618965743447	0.9979101358411704	NA	0.999499	0.999865	0.997716	0.998504
HG03247	0.9996011457198771	0.9998159134898594	0.9975796692214601	NA	0.999401	0.999787	0.997297	0.998314
HG03248	0.9996034031784402	0.9997615474985752	0.9977242164063308	NA	0.999306	0.999704	0.997611	0.998603
HG03249	0.9996099414251021	0.9997977362013304	0.9969663262210537	NA	0.999273	0.999777	0.997038	0.997847
HG03250	0.9996605383265286	0.9998075334234641	0.9980269989615784	NA	0.999346	0.999764	0.997488	0.998168
HG03251	0.9995252823657006	0.9996358686213986	0.9974660450030407	NA	0.999327	0.999645	0.997191	0.998302
HG03258	0.9996744259043446	0.9999417726888956	0.9972882770129329	NA	0.999498	0.999919	0.997192	0.998876
HG03259	0.9995579703471774	0.9998493567533369	0.9975168132436628	NA	0.999472	0.999818	0.997461	0.998274
HG03260	0.9995815838687847	0.9997774748963867	0.9972795969773298	NA	0.999322	0.999718	0.997362	0.997758
HG03265	0.9995709345465313	0.9998656059877701	0.997027165556125	NA	0.999357	0.999819	0.996781	0.998412
HG03267	0.9995515139607296	0.999847777552263	0.9969840152809893	NA	0.999379	0.999791	0.997027	0.997927
HG03268	0.9995377111510497	0.9998067310896366	0.9976195404678119	NA	0.999386	0.999812	0.997459	0.997981
HG03269	0.9995797524323572	0.9999002587405613	0.9975941422594142	NA	0.999445	0.999901	0.997491	0.998834
HG03270	0.9994877950863926	0.9998337517248258	0.9976359338061466	NA	0.99938	0.999821	0.99712	0.998089
HG03271	0.9995761959972919	0.9997452553814801	0.9976146027795063	NA	0.999458	0.999741	0.997686	0.998071
HG03272	0.9994088283062398	0.9997218168356451	0.9979311058239372	NA	0.999321	0.999656	0.997618	0.998643
HG03279	0.9996203068056614	0.9999485953684428	0.9968683705424791	NA	0.999402	0.9999	0.996763	0.998034
HG03280	0.9996322209786105	0.9998256782407707	0.9976242123747547	NA	0.999431	0.999795	0.997345	0.997147
HG03291	0.9996210348923126	0.999845875717511	0.9976501838986515	NA	0.999455	0.999734	0.997456	0.997659
HG03294	0.9996348982861581	0.9998824265032039	0.9977617750097314	NA	0.999467	0.999867	0.997514	0.998176
HG03295	0.9997612253912919	0.9999780949947061	0.9977452085682074	NA	0.999546	0.999935	0.997647	0.998007
HG03296	0.9997424814006856	0.9998389049695219	0.9980121166224915	NA	0.999546	0.999783	0.997925	0.997125
HG03297	0.9995404017282327	0.9998116298833857	0.9975018215884252	NA	0.999456	0.999792	0.99749	0.997903
HG03298	0.9995016744030627	0.9999372310922932	0.9977685363627142	NA	0.999409	0.999889	0.997515	0.997745
HG03299	0.9995051135905707	0.9997358134255703	0.9980578554635592	NA	0.999305	0.999687	0.997776	0.997269
HG03300	0.999666033765621	0.9997764275103465	0.9969932607568689	NA	0.99938	0.999752	0.997077	0.998635
HG03301	0.9997647623935675	0.999851044919887	0.9976207716975277	NA	0.999478	0.999831	0.997403	0.999045
HG03302	0.9997144955530222	0.999764790215273	0.9974528782475802	NA	0.999342	0.999771	0.997495	0.998238
HG03303	0.9996161403541891	0.9997027506992979	0.9972987012987014	NA	0.999342	0.999645	0.997328	0.998782
HG03304	0.9996041851459746	0.999954571839588	0.9977347611202636	NA	0.999348	0.999878	0.997482	0.998446
HG03305	0.9996360355755866	0.9997631790839768	0.9977312570898218	NA	0.999363	0.999732	0.99767	0.998863
HG03306	0.9996007546710487	0.9998635396008079	0.99720207253886	NA	0.999161	0.999868	0.997226	0.998346
HG03307	0.9995292683695662	0.9997396499221274	0.9974031370104913	NA	0.999297	0.999706	0.997198	0.998535
HG03308	0.9995425819100919	0.9997326632091109	0.9978256367778009	NA	0.999237	0.999643	0.997386	0.998534
HG03309	0.9995001900872806	0.9997213016425027	0.9976708860759494	NA	0.999343	0.999687	0.997586	0.998451
HG03310	0.9996616088468983	0.9999595583774821	0.9976217557646573	NA	0.999355	0.99994	0.997625	0.998291
HG03311	0.9995690180339584	0.9996381909547739	0.9976506639427988	NA	0.999372	0.999539	0.99762	0.998509
HG03312	0.9996519886363636	0.9997612950826787	0.9975477674466128	NA	0.999326	0.999692	0.997321	0.997844
HG03313	0.9995265234889349	0.9998151774008166	0.9973198639315535	NA	0.999442	0.999786	0.996941	0.998382
HG03314	0.9994044582706173	0.9997660462664648	0.9975943938918523	NA	0.999358	0.999705	0.99737	0.998312
HG03342	0.9995843564908751	0.9996310118708753	0.997331417427897	NA	0.999407	0.999579	0.997299	0.998581
HG03343	0.9996199959960556	0.9997663479051542	0.9974492398734822	NA	0.9994	0.999755	0.997106	0.998779
HG03344	0.9996452658127091	0.9997556406288183	0.9975265381840669	NA	0.999444	0.999727	0.997235	0.998932
HG03350	0.9995383368114463	0.9998705966930266	0.9977333608077478	NA	0.999482	0.999853	0.997619	0.998757
HG03351	0.9993505788493786	0.9998757319025446	0.997222507972431	NA	0.999355	0.999863	0.997029	0.997861
HG03352	0.9996283500837521	0.9997256052514932	0.9972995429995846	NA	0.999427	0.999731	0.996887	0.997685
HG03354	0.9995954380524357	0.9998274413300521	0.9975906033530769	NA	0.999321	0.999753	0.997319	0.99748
HG03363	0.9996126044427226	0.9997819450501527	0.9974913766070868	NA	0.999399	0.99973	0.997411	0.998752
HG03366	0.9996213528419969	0.9997878884293139	0.9973184818481848	NA	0.99945	0.99977	0.997065	0.998476
HG03367	0.9995916681747103	0.9999592021990015	0.9977996647108129	NA	0.999645	0.999963	0.99739	0.998549
HG03368	0.9994894164704613	0.9998127270684295	0.9972691412966521	NA	0.999411	0.999798	0.997169	0.998575
HG03369	0.9996836252379915	0.9998978619093013	0.9974382621170201	NA	0.999562	0.999867	0.997315	0.997379
HG03370	0.999468840739707	0.9996669292224597	0.9974508762612853	NA	0.999449	0.999676	0.997241	0.997565
HG03371	0.999520048660413	0.9994366137855868	0.9976655348047538	NA	0.999413	0.999436	0.997581	0.998799
HG03372	0.9995715116967302	0.9997836612307944	0.9975303560403376	NA	0.99929	0.999719	0.997363	0.999085
HG03373	0.9996745822026695	0.9999016381715431	0.9978957915831662	NA	0.999339	0.999867	0.997719	0.998785
HG03374	0.9995187626395028	0.9997819108436223	0.9982313774448607	NA	0.999305	0.999753	0.998001	0.999021
HG03376	0.9996682768116404	0.9998142910960538	0.9974455910902217	NA	0.999487	0.999801	0.997226	0.997312
HG03378	0.9996731293660577	0.9998543105086464	0.9975567545556346	NA	0.999539	0.999748	0.997607	0.997762
HG03380	0.9996116302256022	0.9998014731708806	0.9975764919721296	NA	0.999391	0.999792	0.997397	0.998807
HG03382	0.9997866641777486	0.9997547232350016	0.9970441341351545	NA	0.999384	0.999717	0.996671	0.99774
HG03385	0.9995524921557534	0.9998953695807982	0.997777553288211	NA	0.999446	0.999899	0.99759	0.997113
HG03388	0.9995771857721535	0.9998464601638419	0.997706193278149	NA	0.999521	0.99985	0.997306	0.998338
HG03391	0.9996678404575136	0.9998838593536773	0.9972969929046065	NA	0.999429	0.99987	0.997156	0.998315
HG03394	0.999678082660325	0.9997797894925181	0.9974866794008245	NA	0.999363	0.999735	0.997319	0.997935
HG03397	0.9995560747663551	0.999825640982024	0.996996685998343	NA	0.999451	0.999787	0.996918	0.998559
HG03401	0.9996411840561865	0.9997150881191746	0.9977356937011117	NA	0.999433	0.99966	0.997581	0.999008
HG03410	0.99940722218929	0.9998852969852223	0.997427189461768	NA	0.99937	0.999853	0.99736	0.996013
HG03419	0.9995551251107007	0.9998376366923524	0.997669985172633	NA	0.999466	0.999792	0.996852	0.998712
HG03428	0.9996729215820306	0.9999270583490301	0.9978077043532727	NA	0.999513	0.999857	0.997493	0.998359
HG03432	0.9995733299457481	0.9998615655675812	0.9973227796531254	NA	0.999448	0.999829	0.997027	0.998016
HG03433	0.9997066958002382	0.9998399161286069	0.9973958333333334	NA	0.999536	0.999815	0.997293	0.998681
HG03436	0.9996563646329638	0.9997465716779772	0.99815592664686	NA	0.999447	0.999737	0.997775	0.997987
HG03437	0.999616003985256	0.9998437229275452	0.9975725700414685	NA	0.999348	0.999848	0.997524	0.998523
HG03438	0.999595924997257	0.9998215886443347	0.9975445058317988	NA	0.999354	0.999816	0.997188	0.998439
HG03439	0.9996221396605589	0.9998582666005243	0.9976811056488266	NA	0.999459	0.999842	0.997502	0.999168
HG03442	0.9994988689093072	0.9998989490703316	0.9974704037235659	NA	0.999371	0.999905	0.997322	0.998153
HG03445	0.9996873909981769	0.999886405803906	0.9973622806127626	NA	0.999449	0.999867	0.997361	0.998796
HG03446	0.9994508068293786	0.9997115712375342	0.997467328538142	NA	0.999414	0.999614	0.997314	0.998756
HG03449	0.9994245698709563	0.9998572325966535	0.99760690875039	NA	0.999436	0.999823	0.99754	0.998039
HG03451	0.9992618997848595	0.9998740570564962	0.9976239669421488	NA	0.999235	0.999805	0.997446	0.998426
HG03452	0.9995836708386681	0.9998478303553897	0.9968652037617555	NA	0.999349	0.999778	0.996801	0.997926
HG03453	0.9996222503186724	0.999706614091912	0.9980643846780766	NA	0.999381	0.99965	0.997664	0.99829
HG03454	0.9995613621628692	0.9998249671813465	0.9974176221464727	NA	0.999364	0.999794	0.997309	0.9979
HG03455	0.9995805811867052	0.9998265666111116	0.997720207253886	NA	0.999408	0.999746	0.997501	0.998081
HG03456	0.999424085489363	0.9998145343266052	0.9977310231023102	NA	0.999329	0.999818	0.997446	0.996462
HG03457	0.9996502489714757	0.999787988923503	0.9972811879117432	NA	0.999423	0.999754	0.996996	0.998839
HG03458	0.9997100909072084	0.9997590852652841	0.9981422231396428	NA	0.999446	0.99975	0.997789	0.997889
HG03460	0.9996115785234996	0.9997841739833218	0.9974025974025974	NA	0.999399	0.999792	0.997127	0.997978
HG03461	0.9993376166048724	0.9997817059678612	0.9976921533212925	NA	0.999196	0.999745	0.99723	0.996535
HG03464	0.999688391035028	0.9998603670484852	0.9973428717424629	NA	0.999488	0.999867	0.997303	0.997987
HG03469	0.9996292784256895	0.9997892600253997	0.9974044850498338	NA	0.999407	0.999705	0.996911	0.998384
HG03470	0.9996339522373034	0.999831405892592	0.9971927635683093	NA	0.999522	0.999798	0.996964	0.998535
HG03472	0.9996011636636637	0.9997479277314668	0.9979255263976766	NA	0.999446	0.999681	0.997516	0.998989
HG03473	0.9994070812739543	0.9996957530383949	0.9971223021582734	NA	0.999432	0.999684	0.997331	0.997991
HG03476	0.999532909467729	0.9998531319609331	0.9978714778025544	NA	0.999476	0.999816	0.997475	0.998594
HG03478	0.9995203136731459	0.9998041753226851	0.9973848320257493	NA	0.999379	0.999739	0.9973	0.99833
HG03479	0.9994866317446491	0.9997743422929378	0.9975517698663674	NA	0.999445	0.999781	0.997496	0.99839
HG03480	0.9995224914839689	0.999807116915376	0.9973811442385172	NA	0.999319	0.999719	0.997284	0.998334
HG03484	0.9995596885190973	0.9997781248133261	0.997110124883889	NA	0.999402	0.999754	0.997333	0.997936
HG03485	0.9995244799582288	0.9996879677178805	0.9968344736035946	NA	0.999339	0.999648	0.997098	0.998274
HG03486	0.9994411053614602	0.9998340516049222	0.9970918155380141	NA	0.999277	0.999798	0.997239	0.998
HG03487	0.9995576101524543	0.9997441764613919	0.9974568189043129	NA	0.9993	0.999658	0.997478	0.998657
HG03488	0.9996482068633271	0.9997757422070417	0.9981690570643883	NA	0.999458	0.99976	0.997891	0.998899
HG03489	0.9996354214137837	0.9998789004157752	0.9980464733703475	NA	0.999367	0.99984	0.997874	0.998579
HG03490	0.9995672776192557	0.9998273882338813	0.9976480212700686	NA	0.999385	0.999791	0.997636	0.998063
HG03491	0.9994636066540195	0.9999009725906277	0.9975867269984916	NA	0.999402	0.99974	0.997618	0.998818
HG03492	0.9995049261735327	0.9995597225530317	0.9971521562245728	NA	0.999312	0.999462	0.997143	0.998656
HG03499	0.9996421812211794	0.9998638699063035	0.9968400857691005	NA	0.999395	0.999829	0.996912	0.998233
HG03511	0.9995970780097264	0.9998034079804796	0.997618338791307	NA	0.999304	0.999732	0.997451	0.998615
HG03514	0.9995301868905363	0.9998402092666788	0.9973062577704103	NA	0.999482	0.999789	0.997197	0.997936
HG03515	0.9996868037612022	0.9997926375001884	0.9977207412545833	NA	0.999366	0.999765	0.997612	0.998902
HG03516	0.9997520451394989	0.999874677817556	0.9974168216573672	NA	0.999449	0.999843	0.997453	0.998572
HG03517	0.999575361532473	0.9999174200067036	0.9973558425709347	NA	0.999442	0.99987	0.997184	0.998533
HG03518	0.999489929501663	0.9998427398217717	0.9975244971634862	NA	0.99928	0.999718	0.997276	0.998306
HG03519	0.9993592016506965	0.9996720982976437	0.9972017825681418	NA	0.999108	0.999657	0.997067	0.998913
HG03520	0.9996862030808723	0.9996794229613304	0.997747055811572	NA	0.999498	0.999621	0.997549	0.999138
HG03521	0.9995678460055073	0.9998793279495033	0.9975560986447456	NA	0.999381	0.999882	0.997315	0.997855
HG03522	0.9994014584039062	0.9998312637909402	0.9977085242896426	0.9992096423631694	0.9993	0.99979	0.99729	0.999111
HG03538	0.9996544649219234	0.9997710000143124	0.9972694812014283	NA	0.999506	0.999752	0.997269	0.997969
HG03539	0.9996467005676443	0.9998651636912788	0.9973856209150327	0.9992462785000943	0.999501	0.999842	0.997285	0.998994
HG03540	0.999678223437493	0.9997822178562822	0.9972765785757516	NA	0.999455	0.999765	0.997439	0.99894
HG03547	0.999713862962949	0.999840133319123	0.997567424643046	NA	0.999394	0.999745	0.997202	0.998407
HG03548	0.9995217571342753	0.9997849568503583	0.9974319465844891	0.9951083158630328	0.999278	0.999771	0.997285	0.994786
HG03556	0.9996656272848135	0.9998669083732991	0.9978595454082152	0.9989311671654553	0.999515	0.999846	0.997716	0.998524
HG03557	0.9997168820913385	0.9998308199124963	0.9976520572450804	0.9991133179641781	0.999561	0.999786	0.997319	0.998692
HG03558	0.9996737956362066	0.9997990733736761	0.997627398390757	NA	0.999401	0.999753	0.997744	0.99804
HG03559	0.999394910582655	0.9999062242116583	0.9975562570003056	0.9970833333333334	0.999388	0.999887	0.997356	0.997115
HG03563	0.9996234651278357	0.9998290063601293	0.9973073736536868	0.9973753280839895	0.999423	0.999818	0.996802	0.997283
HG03565	0.9991887277478235	0.9998327791155449	0.9975584944048829	0.9991703998672639	0.999387	0.999785	0.997286	0.998428
HG03567	0.9996603784016459	0.9998470343790233	0.9975328947368421	0.998542274052478	0.999381	0.999778	0.997392	0.998308
HG03571	0.9995101480066215	0.9998266921775781	0.9976704142611162	0.9988805373420759	0.999303	0.999773	0.997534	0.998683
HG03572	0.9996960039895206	0.9998583914149796	0.9975316260413452	0.9981103552532123	0.999545	0.999839	0.997674	0.997947
HG03574	0.9994605089637387	0.9997213546806608	0.9975341621288399	0.9992663242846661	0.99932	0.999679	0.997243	0.998463
HG03575	0.9993750871392435	0.9998140552365328	0.9977541853817885	0.9985475671750184	0.99927	0.999788	0.997457	0.998295
HG03576	0.9994421651991092	0.9997272792763124	0.9972284951755286	0.999092353074654	0.99947	0.999719	0.997332	0.998956
HG03577	0.9995151610217983	0.9997211098993498	0.9974855945521216	0.998006975585451	0.999347	0.999692	0.997228	0.997775
HG03578	0.999536440253389	0.9997344894559581	0.9978026577377838	0.9986932375040838	0.999375	0.999689	0.997472	0.998239
HG03579	0.9995294821312865	0.9996998238310353	0.9972576732412193	0.9982713915298184	0.999318	0.999678	0.99733	0.997891
HG03582	0.9997081695363329	0.9997287383499194	0.9975974093805495	0.9993725490196079	0.999367	0.999713	0.99751	0.998932
HG03583	0.9994806933321023	0.9997683505952779	0.9978610715013242	0.9986449864498644	0.999335	0.99977	0.997702	0.998407
HG03584	0.9996781712686935	0.9998040235171779	0.9976271536160116	0.9985778620526191	0.999412	0.999763	0.997578	0.998227
HG03585	0.9996270593236473	0.999854711875488	0.9973390645788557	0.9988038277511961	0.999408	0.999769	0.997467	0.998639
HG03589	0.9995465799170888	0.9998127848575229	0.9974526187079682	0.9982456140350876	0.999483	0.999755	0.99737	0.997805
HG03593	0.999533373774273	0.9997788329290123	0.9981666002391392	0.9982436882546651	0.999405	0.999722	0.998079	0.998015
HG03594	0.9995763641617116	0.9997669496863268	0.9974601239459514	0.9988101308856026	0.999435	0.999692	0.996985	0.998715
HG03595	0.9996313610016127	0.9997966921817978	0.9976649746192894	0.999089253187614	0.999332	0.999711	0.997669	0.998842
HG03596	0.9997062152425326	0.9998224904588622	0.9979618872923671	0.9990754437869823	0.999511	0.999827	0.997864	0.998828
HG03598	0.9996838014272964	0.9997368694811433	0.9968220338983051	0.9993381866313699	0.999431	0.999575	0.996392	0.998897
HG03600	0.9997627995146211	0.9997421775573793	0.9976699422550906	0.998468606431853	0.999474	0.999729	0.997239	0.997461
HG03603	0.9994920779712143	0.9999427569675505	0.9977827050997783	0.9988269794721409	0.999434	0.99993	0.99761	0.998434
HG03604	0.9997472860324991	0.9998904173166424	0.9980450663648524	0.9992479318124844	0.999566	0.99984	0.997602	0.998736
HG03605	0.9995068167385048	0.9998589233682588	0.997942598498097	0.9988545246277204	0.999428	0.999814	0.99765	0.998688
HG03606	0.9994477753234459	0.999804511706898	0.9979957805907173	0.9992133417243548	0.99941	0.999768	0.99788	0.999014
HG03607	0.9996063537421909	0.9996979677544622	0.9968778326115418	0.9991222937390287	0.999321	0.999663	0.996658	0.998881
HG03611	0.9997228325359957	0.9998215644105523	0.997135617494767	0.9989747795776092	0.99936	0.999757	0.996645	0.998723
HG03615	0.9994024518748876	0.9998124094875778	0.9977755308392315	0.9988314344142565	0.999285	0.999686	0.997541	0.998537
HG03616	0.9994618123882728	0.9998646222666941	0.997717605560743	0.9987942122186495	0.999332	0.999786	0.997702	0.998612
HG03617	0.9995412263049015	0.9998787349631354	0.9980840980135122	0.9985185185185185	0.999326	0.999795	0.997805	0.998268
HG03618	0.99936791999774	0.9997464992757121	0.9974038941587619	0.9992652461425423	0.99929	0.999722	0.997445	0.99883
HG03619	0.9996285807140536	0.9998234487254357	0.9971929824561403	0.9990662931839404	0.999408	0.999763	0.996902	0.99884
HG03620	0.9995153211162089	0.9997022224272647	0.9976685250886974	0.9992313604919294	0.999357	0.999634	0.99767	0.999028
HG03624	0.9993981646125001	0.9997868609851044	0.9973269973269973	0.9984536082474227	0.999209	0.999713	0.997401	0.997903
HG03625	0.9994049412858376	0.9998115179657648	0.9972801450589303	0.9985443959243085	0.999334	0.999762	0.997091	0.998387
HG03626	0.9992514398325669	0.9997904048029271	0.9972983790274165	0.9984457569163817	0.999259	0.999733	0.997233	0.997864
HG03629	0.9996479858188574	0.9997788147323657	0.9977071391349661	0.9992629716981132	0.999515	0.999762	0.997797	0.999065
HG03631	0.9995441517949337	0.9999097847464049	0.9972713491662456	0.9989558861915948	0.999413	0.99991	0.996891	0.99876
HG03633	0.9993423450846873	0.999820804175722	0.9976364196896517	0.9986719787516599	0.999325	0.999786	0.997627	0.998319
HG03634	0.9994745573746006	0.9997878659312684	0.9974770410737713	0.9987068965517241	0.999365	0.99978	0.997428	0.99802
HG03635	0.999434191699688	0.999720422326744	0.99699824034779	0.9989355231143553	0.999283	0.999729	0.997133	0.998551
HG03636	0.9993463766292725	0.9997996326598765	0.9969331425066449	0.9990992343491968	0.999341	0.999791	0.996862	0.998893
HG03639	0.9996264233629082	0.9997265884673943	0.9978143213988342	0.9991043439319302	0.999371	0.999609	0.997809	0.998995
HG03640	0.9995314481009868	0.9997893593197416	0.9970439189189191	0.9992328346758728	0.999486	0.999604	0.996547	0.999307
HG03641	0.9994908277162108	0.9997021070369432	0.997421913733267	0.9994074074074073	0.999412	0.999655	0.997541	0.999034
HG03642	0.9996228373540637	0.9997817586614531	0.9977726030171105	0.999056158565361	0.999462	0.999748	0.997566	0.998351
HG03643	0.9994755882531768	0.9997519390678498	0.9978695343410775	0.9988196411709159	0.999325	0.999742	0.997888	0.998485
HG03644	0.9996311918852445	0.9997342000587557	0.9969969969969971	0.9989780275932549	0.999405	0.999616	0.996832	0.998842
HG03645	0.9996082816833778	0.9998811771384815	0.9969960949234005	0.9989274222381122	0.99943	0.999842	0.996915	0.998668
HG03646	0.9995996327169594	0.9997648216624576	0.9973777105395865	0.9989979959919839	0.99945	0.999702	0.99721	0.998656
HG03649	0.999592724563092	0.999761777525963	0.9977735047060013	0.999297259311314	0.999416	0.999747	0.997773	0.999118
HG03650	0.9995127252195636	0.999872842777724	0.9973037747153985	0.9987807356228409	0.999312	0.999834	0.997332	0.998532
HG03651	0.9997095232792886	0.9998476482991456	0.9973286756395767	0.9990062111801242	0.999403	0.999856	0.997227	0.998661
HG03652	0.9991416557364401	0.9997894614244055	0.9976879774829112	0.9988785046728971	0.999219	0.999761	0.997551	0.998308
HG03653	0.999526256072805	0.9997868211355818	0.9975014414760716	0.9986781229345673	0.999311	0.999742	0.997481	0.998358
HG03654	0.9995111203076076	0.9998709209483007	0.9977484092021537	0.9992887624466571	0.999356	0.999788	0.997453	0.998718
HG03660	0.9995247831344003	0.9997507248658506	0.9974588330961579	0.9987763842153563	0.999376	0.999723	0.99719	0.998442
HG03663	0.9996599674660229	0.9997790238378034	0.9979069072062196	0.9990882151812174	0.99948	0.999706	0.997978	0.998879
HG03667	0.9996427584936931	0.9998773014498878	0.9977644548318262	0.9982763573685721	0.999439	0.999881	0.997611	0.998036
HG03668	0.999442497610704	0.9998178356270141	0.9979524979524979	0.9977298524404087	0.99941	0.999785	0.997898	0.997735
HG03669	0.9995859917864981	0.9997710719255862	0.9979703673635072	0.9991316429315735	0.999426	0.999719	0.997768	0.998848
HG03672	0.9996610207794262	0.9998239635856103	0.9976621264484652	0.9993371630578877	0.999425	0.999774	0.997581	0.998959
HG03673	0.9996278403180694	0.9998326953788435	0.9979730414513022	0.9989118607181718	0.999507	0.999797	0.997955	0.998795
HG03679	0.9996533379149491	0.9998745377312838	0.9976451315654756	0.9989931196509483	0.999487	0.999791	0.99772	0.998661
HG03680	0.9995771955734726	0.9998756780453971	0.9981716607414931	0.9989077007099945	0.999604	0.99988	0.99769	0.998773
HG03681	0.9996961534087679	0.9998682768256596	0.997946611909651	0.999656002751978	0.999649	0.999813	0.997966	0.999435
HG03682	0.9996853679538982	0.99991674991675	0.9978167925043209	0.9991582491582492	0.999464	0.999906	0.997896	0.998991
HG03683	0.999425071178023	0.9996694628324356	0.9978285596112089	0.9990006246096189	0.999185	0.999645	0.99772	0.99879
HG03684	0.9996612442941906	0.9999345496195696	0.9977532679738562	0.9988629903354178	0.999419	0.999865	0.997601	0.998767
HG03685	0.9996401482139544	0.9998205105783702	0.9977842565597668	0.9990328820116053	0.999451	0.999828	0.997505	0.998833
HG03686	0.9994564287368009	0.9998797584237423	0.9977491303458156	0.9994192799070849	0.999433	0.999802	0.997636	0.999153
HG03687	0.9994934777695264	0.9998387388721593	0.997854077253219	0.9995431703974417	0.999565	0.999813	0.997576	0.999027
HG03688	0.9993439746519638	0.9998221630445687	0.9974686107735927	0.9988738738738738	0.999307	0.999781	0.997447	0.998676
HG03689	0.9994572171589132	0.9998093292475315	0.997807673143996	0.9990906335253106	0.999453	0.999761	0.997653	0.998775
HG03690	0.9995588078323471	0.99985023320829	0.9977232743454414	0.9985564778058462	0.999463	0.999834	0.997821	0.998185
HG03691	0.9997741382274048	0.9999010206517499	0.9977624084621644	0.9991049051199428	0.999569	0.999839	0.996822	0.998909
HG03692	0.999637845573862	0.9996622575590636	0.9975833249421006	0.9989719488911736	0.999361	0.999548	0.997691	0.998761
HG03693	0.9996727561296869	0.9996214335421015	0.9975402275289537	0.9984563136770608	0.99951	0.999556	0.997277	0.997838
HG03694	0.9995777598967504	0.999774647887324	0.9977454396392705	0.9991696650982562	0.99943	0.999742	0.99801	0.999069
HG03695	0.9995950940329497	0.9998663053941317	0.9973827259915442	0.9981353223228555	0.99931	0.999841	0.997491	0.998088
HG03696	0.999291931616083	0.9996983356248222	0.9973512632436836	0.9988304093567251	0.999009	0.99966	0.997242	0.998629
HG03697	0.9995575726040052	0.9996989503789171	0.9977534973960994	0.9982137540934802	0.999265	0.999568	0.997686	0.997871
HG03698	0.9994747349374169	0.9997782749793394	0.9977237454733576	0.9993082776112521	0.99948	0.999754	0.997791	0.998862
HG03699	0.9995689302781887	0.9998112428478735	0.9975014196479273	0.9989742086752638	0.999291	0.999767	0.997113	0.998628
HG03700	0.9994367387171726	0.9997734959357963	0.9971488912354803	0.9980769230769231	0.999327	0.999749	0.997303	0.997729
HG03701	0.9995668684825413	0.9997762330984574	0.9974581166955516	0.9990128331688056	0.999384	0.999784	0.997465	0.998758
HG03702	0.9996483330196133	0.9997250778127977	0.9976121778927469	0.9988716502115658	0.999426	0.999693	0.997686	0.998548
HG03703	0.9995774429547988	0.999877388998728	0.997738719292836	0.9988626670457776	0.999521	0.99983	0.99781	0.998507
HG03704	0.999540894141083	0.9997271422300783	0.9972867048537835	0.9989816700611	0.999137	0.999619	0.997347	0.998709
HG03705	0.9996672746825741	0.9996986375243866	0.9981755524021895	0.9989198531000216	0.999556	0.999652	0.998202	0.998615
HG03706	0.9996079034532658	0.9998154054414373	0.9970558375634517	0.9989265779304423	0.999356	0.999634	0.996894	0.998713
HG03707	0.999723767636789	0.9998099243619644	0.9979064168324085	0.9990877993158495	0.99934	0.99978	0.997817	0.998924
HG03708	0.9995918245070065	0.9996999359863439	0.9978599816569855	0.9989939637826961	0.999439	0.999692	0.997626	0.998795
HG03709	0.9994395446679112	0.9997309289799272	0.9971305595408897	0.9989674754775426	0.999301	0.999629	0.997258	0.998497
HG03710	0.9995330102076718	0.9998441664957967	0.9976720647773278	0.9988347704497786	0.999379	0.999774	0.997681	0.998587
HG03711	0.9996200634470734	0.9999093203560687	0.9979476654694716	0.9992208804051422	0.999498	0.999878	0.998028	0.998962
HG03713	0.9996957229514003	0.9996702698053159	0.9978851291184327	0.9985858585858586	0.999214	0.999573	0.9979	0.99841
HG03714	0.9996783765277114	0.9997034491149097	0.9977498210084895	0.9990608858976365	0.999525	0.999673	0.997563	0.99889
HG03716	0.9994730815377806	0.9997890957351042	0.9978712620375062	0.9993255774742877	0.999341	0.999748	0.997632	0.99906
HG03717	0.9996362014498502	0.9997029626505236	0.9974221026675631	0.9992109416096792	0.999433	0.999663	0.997102	0.998774
HG03718	0.9996548449118581	0.9997510903937864	0.9972970267294022	0.9989804587935428	0.99939	0.999686	0.997342	0.998715
HG03719	0.9994970581895692	0.9998099336804305	0.9978781448923916	0.9984251968503937	0.9994	0.999736	0.99783	0.998067
HG03720	0.999561790448773	0.9996420486914611	0.9978890229191797	0.9988356862174356	0.999338	0.999623	0.997965	0.998621
HG03721	0.9996166421867444	0.9998988251818169	0.9979488181285409	0.9993248375390327	0.999405	0.999852	0.997675	0.999177
HG03722	0.999674454711642	0.99988025296561	0.9976230563533723	0.9979123173277662	0.999544	0.999868	0.997758	0.997344
HG03725	0.999626643752474	0.999739222884195	0.9978981082974678	0.9989063867016623	0.999321	0.999652	0.997911	0.998732
HG03727	0.9995041488607401	0.9998676723567554	0.997760814249364	0.9988572879634332	0.999365	0.99982	0.997522	0.998668
HG03729	0.9996284329083597	0.9998787361139668	0.9978749241044323	0.9989762489762489	0.999412	0.999837	0.997961	0.998797
HG03730	0.9996080358864922	0.9998843733309841	0.9982809181919304	0.9991900647948163	0.999497	0.999784	0.997933	0.998841
HG03731	0.9996056958352553	0.9997177637980079	0.9978706414692573	0.9987817258883249	0.999429	0.999728	0.997764	0.998575
HG03732	0.9994557810684984	0.9997895179962113	0.9980123235937189	0.9992352401345976	0.999264	0.999778	0.997775	0.998931
HG03733	0.9997441392582226	0.9997740923176656	0.9978377362038169	0.9991695501730103	0.99947	0.999742	0.997771	0.999009
HG03736	0.999580893098585	0.9998479684166646	0.9972702456778891	0.999210422424003	0.999518	0.999855	0.997365	0.99891
HG03738	0.99945384891403	0.9998355593722021	0.9974797857817915	0.9990009990009991	0.999259	0.999822	0.997641	0.998605
HG03740	0.9996153334023761	0.9998192237467686	0.9977649090724372	0.99891559732514	0.999365	0.99976	0.997779	0.99875
HG03741	0.9995273381514348	0.9997822885317283	0.9976506639427988	0.9985405720957384	0.999382	0.999713	0.99748	0.998236
HG03742	0.9991367787926041	0.9998131436458223	0.9978691019786909	0.9993272788429195	0.999393	0.999726	0.997571	0.999211
HG03743	0.9995511288731637	0.9996588031773207	0.9974719385175449	0.9992932029685476	0.999501	0.999572	0.997501	0.999072
HG03744	0.9996602493347225	0.9999340940759989	0.9976087996174079	0.9992076697567547	0.999519	0.99987	0.997594	0.998928
HG03745	0.9996621696462197	0.9998198608690124	0.9977943493330532	0.9993105350248208	0.999498	0.999797	0.997592	0.999078
HG03746	0.9995738650440505	0.9998697577494138	0.9977900552486187	0.9986025712688653	0.999374	0.99985	0.997863	0.998337
HG03750	0.9994390875285754	0.9999100125982363	0.9980992396958783	0.9991617770326906	0.999551	0.999913	0.997758	0.998883
HG03752	0.999463768436415	0.9998103993105428	0.9977366255144032	0.9990554899645808	0.999458	0.99975	0.997497	0.99889
HG03753	0.9995535787645909	0.9999329653877952	0.9981193187754677	0.9989149305555556	0.999493	0.999891	0.997935	0.998722
HG03754	0.999568839622248	0.9999356218570947	0.9976928478282676	0.9987730061349693	0.999446	0.999918	0.997337	0.99854
HG03755	0.9997714839556128	0.9997698912571827	0.9976146027795063	0.9990986931050023	0.999482	0.999731	0.997166	0.999014
HG03756	0.9996769276964186	0.999825440580701	0.9976322833024501	0.9988276670574443	0.999458	0.999745	0.997107	0.998683
HG03757	0.9995290538456284	0.9998738488709474	0.9975720789074356	0.9990755719898314	0.999342	0.999861	0.997313	0.99902
HG03760	0.9996459577222944	0.9998091396324132	0.9980015987210232	0.9987674609695973	0.999491	0.999686	0.997901	0.998473
HG03761	0.9994056512932894	0.9998866027442136	0.997452359115459	0.9983263598326361	0.999413	0.999857	0.997471	0.998035
HG03762	0.9994577093367808	0.9998322956627466	0.9975869696360347	0.9989082969432314	0.999403	0.999788	0.997069	0.998361
HG03763	0.999463172122295	0.9997405555907106	0.9977009091859128	0.9989106753812637	0.999268	0.999751	0.997772	0.998682
HG03765	0.9996575567994732	0.9998481670921151	0.9976621264484652	0.9992516837116489	0.999288	0.999839	0.997758	0.998645
HG03767	0.9995761032651878	0.9997323984083522	0.9975939849624061	0.9991500212494687	0.999331	0.999634	0.997485	0.998322
HG03770	0.999548108079158	0.9998063163020802	0.9973450423772082	0.9987801158889905	0.999417	0.999751	0.997375	0.998258
HG03771	0.999701740975432	0.9998539075173714	0.9973877222947856	0.9990861320539183	0.999444	0.999811	0.996796	0.99868
HG03772	0.9996949637736893	0.9998752765250728	0.9974929803449659	0.9991435912075364	0.999539	0.99988	0.997531	0.99884
HG03773	0.9995922796961284	0.9997128992670486	0.9974686107735927	0.9991601343784994	0.99945	0.999654	0.997587	0.998624
HG03774	0.9997673831100129	0.9999097808803131	0.9977175746750025	0.9993111761666954	0.99955	0.999916	0.997587	0.998898
HG03775	0.999581740382966	0.9996682366506042	0.9977459016393443	0.999087591240876	0.999448	0.999586	0.997603	0.998872
HG03777	0.9995733054814325	0.9997747525797868	0.9978454909202833	0.9990850869167428	0.999539	0.99973	0.997711	0.998859
HG03778	0.9996212914535235	0.999907535015609	0.9977671775093879	0.9992138364779873	0.999435	0.999866	0.99746	0.999008
HG03779	0.9996752048649127	0.9998081470112415	0.9975644408362088	0.9990377213240955	0.999492	0.999697	0.997554	0.998891
HG03780	0.9996009637790864	0.9997777929714208	0.9975485188968336	0.9995256729515	0.999433	0.9997	0.997669	0.999257
HG03781	0.9995114021388714	0.9998020630683616	0.997691226661313	0.998901098901099	0.999303	0.999793	0.997503	0.998718
HG03782	0.9996781407940911	0.9998358433415941	0.9977089351529037	0.9993153811045186	0.999487	0.999787	0.997279	0.998997
HG03784	0.9995640260284111	0.9998633355585107	0.997477550196751	0.9994204578383077	0.999408	0.999785	0.997613	0.999175
HG03785	0.9994710360765992	0.9998766527068856	0.9975295934122492	0.999063451182393	0.999309	0.99988	0.99771	0.99881
HG03786	0.9994772098612265	0.9996918242794126	0.9977183157021364	0.998890368397692	0.99926	0.999653	0.997508	0.998795
HG03787	0.999639570564711	0.9997462151449573	0.9975557592422852	0.9993323318310801	0.999413	0.999669	0.99747	0.999083
HG03788	0.9996458092594315	0.9997602277836056	0.9975165562913908	0.9992344204562853	0.999505	0.999733	0.997362	0.999032
HG03789	0.9994546976644164	0.9998301567334895	0.9978170478170479	0.9992115637319317	0.999449	0.999787	0.997662	0.998918
HG03790	0.9995607722931426	0.9999294120666864	0.9979718081330492	0.9992769342010124	0.999433	0.99989	0.997579	0.999004
HG03792	0.9992260776868211	0.9996868745164975	0.9977703455964325	0.9985395368245358	0.999226	0.999627	0.997748	0.998655
HG03793	0.9992259225922593	0.9996865985255884	0.9974986972381448	0.9988331388564761	0.999209	0.999569	0.997726	0.99879
HG03794	0.999323639426646	0.9996756214797557	0.9977183157021364	0.9987121699935608	0.999357	0.999669	0.997628	0.998436
HG03795	0.9994871860006541	0.9997591522157997	0.9979296066252588	0.9990795529257068	0.999449	0.999767	0.997883	0.998915
HG03796	0.9995779925665679	0.9997501429737428	0.9973504534800774	0.9990695943431337	0.999452	0.99972	0.997299	0.999034
HG03797	0.9996097740496571	0.9999441111814896	0.9979291983039147	0.9981208053691276	0.999425	0.999948	0.997802	0.998057
HG03798	0.9996502064635021	0.9998339459720577	0.9976902992568789	0.9990136121522982	0.999498	0.999799	0.997624	0.998626
HG03799	0.9995567352070449	0.9998301874469335	0.9976239669421488	0.9987781036168133	0.999256	0.999701	0.997387	0.998334
HG03800	0.9997497545669791	0.9999115239991152	0.9976640260004063	0.9986183074265977	0.999525	0.999899	0.997784	0.998306
HG03801	0.9995676104385052	0.999820874898176	0.9978206724782068	0.9990234375	0.999435	0.999703	0.99783	0.998667
HG03802	0.9997499428550389	0.9999126082080313	0.9981716607414931	0.998860009119927	0.999578	0.99986	0.997837	0.998535
HG03803	0.9994418335242158	0.9997542184145582	0.9974701477433717	0.9991285403050109	0.999361	0.999762	0.997403	0.998597
HG03804	0.999585363936488	0.9998589688744306	0.9975624619134673	0.9990071156710244	0.999419	0.99982	0.997852	0.998672
HG03805	0.9996673262117932	0.9998778870978997	0.997830354375452	0.9993459777632439	0.999457	0.999858	0.997589	0.998927
HG03806	0.9994177714080974	0.9998176956733108	0.9976472995090017	0.9992101105845183	0.999405	0.999777	0.997815	0.998809
HG03807	0.9996361626212372	0.9997988461816981	0.9976451315654756	0.9991115059973344	0.999442	0.999802	0.997451	0.998839
HG03808	0.9991860101378739	0.9998229582317613	0.9975419909873003	0.9989812550937245	0.99924	0.999767	0.997604	0.998781
HG03809	0.999479738059423	0.9997340164909775	0.9978714778025544	0.9987543597409069	0.999359	0.99966	0.997566	0.998273
HG03812	0.9995632301285089	0.9997855687788141	0.9976739482200647	0.9986796936889358	0.999491	0.999716	0.997376	0.99849
HG03814	0.9995881449729696	0.9998420415255278	0.9976501838986515	0.9991126885536823	0.999564	0.999809	0.997541	0.998869
HG03815	0.9996747654646732	0.99966608991288	0.9978909310033142	0.9992229992229992	0.999331	0.999674	0.997671	0.998851
HG03816	0.9994744049297194	0.9998397949375201	0.9977256280368034	0.9989185291997117	0.999406	0.999782	0.997761	0.998635
HG03817	0.9997260083506112	0.999813557701501	0.9977683100020288	0.9990777034816695	0.999481	0.999805	0.997623	0.99879
HG03821	0.999502380063774	0.9997830732370653	0.9971089313371192	0.9988363072148954	0.999251	0.99976	0.997006	0.998537
HG03823	0.9994233217554086	0.9997034420936988	0.997480600624811	0.9974600870827285	0.999178	0.999631	0.997332	0.997495
HG03824	0.9995154802832127	0.9997260461612218	0.9976492232215861	0.9994603345925527	0.999366	0.999712	0.997489	0.999219
HG03825	0.9996944101085016	0.999848870140025	0.9978379491403275	0.9991821155943292	0.999244	0.999854	0.997731	0.998748
HG03826	0.9995580194218894	0.999767558738535	0.9976361767728674	0.9990412272291467	0.999406	0.999757	0.997157	0.998989
HG03829	0.9994525945387033	0.9995813073260054	0.9973423285290811	0.997705670272042	0.999261	0.999516	0.996922	0.997603
HG03830	0.9995625518245506	0.9998206392186813	0.998075559607009	0.998960228749675	0.999517	0.999733	0.998047	0.998592
HG03831	0.9993762585841895	0.9998644135887715	0.9975490196078433	0.9982238010657194	0.999227	0.999719	0.997342	0.997812
HG03832	0.9996168758524512	0.9999336086991573	0.9974374743747437	0.9990893716664498	0.999366	0.999906	0.997078	0.998845
HG03833	0.9994949100557757	0.9997791284572531	0.9973887717183889	0.9987240829346092	0.999374	0.999733	0.997313	0.998512
HG03834	0.9994192099401601	0.9998283514381697	0.9977800201816347	0.9986732373009858	0.999233	0.99983	0.997766	0.998527
HG03836	0.999557440324469	0.9998642397913171	0.9975686353966162	0.9990693345742205	0.999372	0.999805	0.997366	0.998922
HG03837	0.9994998849166996	0.9998459984230238	0.9976239669421488	0.9986387149469099	0.999367	0.999833	0.99774	0.998414
HG03838	0.9994574157984356	0.9997206619556684	0.9975565058032988	0.9985001874765654	0.999331	0.99969	0.99716	0.998446
HG03844	0.9996288626749722	0.9998231272637788	0.9976661593099949	0.9988667271078876	0.999464	0.999754	0.997386	0.998663
HG03846	0.9995176568100483	0.9997463568999981	0.997844827586207	0.9988444649872891	0.99937	0.999681	0.997529	0.998775
HG03848	0.9996366341613611	0.9997522759645755	0.9973311435023607	0.9990551181102362	0.999404	0.999684	0.996987	0.998708
HG03849	0.999745455436789	0.9998580870129344	0.9975676497415626	0.9991041433370661	0.999514	0.99982	0.99739	0.99883
HG03850	0.9997309932002315	0.9999089667728721	0.997949979499795	0.9986474301172228	0.999463	0.999839	0.997659	0.998131
HG03851	0.9994697338465373	0.9997497118392887	0.9975938402309913	0.9980443285528031	0.999337	0.999698	0.997547	0.997671
HG03854	0.9995967224533939	0.9998735230487602	0.997627922738055	0.99876128118917	0.99952	0.999857	0.997326	0.998563
HG03856	0.999469703438389	0.9998385618464358	0.9977231761692438	0.9993821439604573	0.999405	0.999824	0.997538	0.999039
HG03857	0.9996538102216089	0.999871445157299	0.9973241590214067	0.9989633008500933	0.999403	0.999861	0.997086	0.998604
HG03858	0.9995218950342282	0.9998066411684533	0.9972058676778764	0.9990830735375021	0.999462	0.999767	0.997092	0.99879
HG03861	0.9996160388708284	0.9998317064961293	0.9975200872929273	0.9986776859504132	0.999425	0.999744	0.997282	0.998495
HG03862	0.9995107377696261	0.9997729367294875	0.9971017723776614	0.9984894259818731	0.999326	0.999719	0.997006	0.998146
HG03863	0.9996012723841253	0.9998094671033046	0.9979347377116894	0.9990867579908675	0.999364	0.999815	0.997731	0.998925
HG03864	0.9993468576596292	0.9997775058404718	0.997782481604677	0.9994488333639537	0.999302	0.999755	0.997712	0.998972
HG03866	0.9995136793675272	0.9998012872172483	0.9978479196556672	0.9991886409736308	0.999476	0.999744	0.997655	0.999017
HG03867	0.9992849292847853	0.99981125190321	0.9978881737731294	0.9989025059447596	0.999089	0.999766	0.997763	0.998764
HG03868	0.9996467109558003	0.9997749385409094	0.9979593918987859	0.9993224932249322	0.999531	0.999747	0.997574	0.999122
HG03869	0.9996833348360269	0.9997292353606586	0.9974992497749324	0.9989927477840451	0.999497	0.999719	0.997417	0.998922
HG03870	0.9996432581027626	0.9997738705062531	0.9972535855965823	0.9993811881188119	0.999478	0.999729	0.997143	0.999218
HG03871	0.9997231653598444	0.9998823194222503	0.9974468954248366	0.998745294855709	0.999484	0.999808	0.997414	0.998487
HG03872	0.9997965477628938	0.9998169019815274	0.9977678571428571	0.998979800040808	0.999505	0.999794	0.997747	0.998646
HG03873	0.9995512048423848	0.9998465226802432	0.9977735047060013	0.9988279418659165	0.999424	0.999833	0.997643	0.998674
HG03874	0.9996652944498079	0.9999021276364368	0.9974393116869814	0.99844768705371	0.999553	0.999839	0.997297	0.998311
HG03875	0.9994641206662602	0.9998628792075515	0.9976405416495692	0.9989834815756036	0.999286	0.999752	0.997489	0.99878
HG03882	0.9995912579395457	0.9997556926739124	0.9975859987929993	0.9988326848249026	0.999385	0.999696	0.997486	0.99858
HG03884	0.9997668951335293	0.9995660187830971	0.9978879613798654	0.9990439770554493	0.999409	0.999547	0.997618	0.998493
HG03885	0.9991967721448052	0.9994858131164399	0.9966764024574479	0.9981117824773413	0.998867	0.999397	0.99683	0.997634
HG03886	0.999645174461833	0.9998386879956983	0.9977363926329869	0.9984856133266028	0.999486	0.999842	0.997503	0.998239
HG03887	0.9995811695360397	0.9998274637839846	0.9976322833024501	0.999184339314845	0.999538	0.999771	0.997463	0.998331
HG03888	0.999591959834655	0.9998128972855335	0.9979789814066288	0.9995850622406639	0.99948	0.999743	0.997736	0.99928
HG03890	0.9997078951760975	0.9998462890822019	0.997627398390757	0.998940453485908	0.999504	0.999837	0.997279	0.998797
HG03894	0.9996763747458319	0.9998916974025427	0.9976489829295717	0.9991796554552913	0.999468	0.999801	0.997434	0.998893
HG03895	0.9995914870137966	0.9998496959759513	0.9976559315124338	0.9987845639623214	0.999471	0.999838	0.997329	0.998353
HG03896	0.9995703580074525	0.999750356633381	0.9977258631383088	0.9992754935700053	0.999393	0.99973	0.997581	0.998953
HG03897	0.9995542172283588	0.9997353648061221	0.9978879613798654	0.9987915407854985	0.999475	0.999698	0.997457	0.998716
HG03898	0.9995787769085501	0.9997908764021447	0.9978006598020593	0.9990079365079364	0.999263	0.999781	0.997492	0.998912
HG03899	0.9996363726148175	0.9999559790264516	0.9975750792762544	0.9988031119090365	0.999423	0.999901	0.997307	0.998565
HG03900	0.999685362956304	0.9998065844189935	0.9979188345473465	0.9986945169712793	0.999416	0.999655	0.997721	0.998435
HG03902	0.9995357047530824	0.9997946786366662	0.9975935024566328	0.9990034877927255	0.999492	0.999768	0.997271	0.998645
HG03904	0.9992250776166905	0.9998325753800149	0.9975582460067147	0.9984218832193582	0.999235	0.999793	0.997515	0.998272
HG03905	0.9996136766940913	0.9997371460432514	0.9976956111867602	0.9989403037795831	0.999468	0.999714	0.997582	0.998384
HG03906	0.9993003145709011	0.9998245614035088	0.9974471561319311	0.999294034592305	0.999176	0.999776	0.99723	0.998584
HG03907	0.9996792257062974	0.9997581531311284	0.9978913545536702	0.9992797983435363	0.999462	0.999746	0.997388	0.99868
HG03908	0.9996091897872095	0.999860376146661	0.9974800927325875	0.998405612244898	0.999419	0.999791	0.997077	0.998093
HG03909	0.9996027936844196	0.9998213716108454	0.9980164633541605	0.9986639946559785	0.999406	0.999828	0.997762	0.998306
HG03910	0.9994338756021748	0.9998155332530134	0.9975209172606136	0.9984131182226924	0.999321	0.999773	0.997235	0.998347
HG03911	0.9992151761675162	0.9998611890665265	0.9976480212700686	0.999047619047619	0.999311	0.999864	0.99745	0.998786
HG03913	0.9994411391193919	0.9998434550805536	0.9975666632870325	0.9990215264187868	0.999339	0.999807	0.997532	0.998501
HG03914	0.9996625861436994	0.9998837980273007	0.9978462201163042	0.9992146596858639	0.999384	0.999863	0.997735	0.999049
HG03915	0.9995664531046774	0.9996189513884727	0.9977461325683845	0.9991120976692563	0.999076	0.999515	0.997643	0.99873
HG03916	0.99952584020815	0.9998225377107364	0.9977033492822968	0.9986705663387397	0.999407	0.999779	0.997424	0.998259
HG03917	0.9996458942903191	0.9998292162244586	0.9969685486926866	0.9989331436699856	0.999445	0.999775	0.997028	0.998601
HG03919	0.9994783374178791	0.9998188676028726	0.9977107180020811	0.9983766233766234	0.999387	0.99977	0.997441	0.998412
HG03920	0.9994839025480317	0.9996677769909338	0.9971994606368635	0.9992229992229992	0.999366	0.999535	0.99706	0.998991
HG03922	0.9995396721596488	0.9997710997024296	0.9978538579458354	0.9989380530973453	0.999371	0.999687	0.997468	0.998682
HG03925	0.9997180291723202	0.9997736367088238	0.9977160606614288	0.9992926863771397	0.999484	0.999737	0.997561	0.999286
HG03926	0.9996567556724467	0.9997657340164394	0.9977138106619559	0.9988428604489702	0.999412	0.999693	0.997395	0.998763
HG03927	0.9995909886622056	0.9998284488920658	0.997495303694427	0.9984420209214334	0.999395	0.999808	0.997193	0.998143
HG03928	0.9994663172915488	0.9998246916033121	0.9981568707761621	0.9990448901623687	0.999409	0.999769	0.99767	0.998508
HG03929	0.9995275401923556	0.9997575718395448	0.9977227722772277	0.9992381919756222	0.999306	0.999737	0.997681	0.998698
HG03930	0.9996489089846698	0.9997712051250052	0.997873202349605	0.9989481987904286	0.999308	0.999746	0.997649	0.998627
HG03931	0.9996216098608471	0.9999503574265289	0.9979088247595149	0.998907402349085	0.999419	0.999926	0.997896	0.998705
HG03934	0.9995669726726447	0.9997982294635426	0.997737556561086	0.9993064385620161	0.999459	0.999742	0.997601	0.999118
HG03937	0.9996307097947125	0.9998160105837721	0.9975387139780536	0.9990085922009254	0.999427	0.999741	0.996931	0.99892
HG03940	0.9996608592856728	0.9998573371503571	0.9980490810144779	0.99867197875166	0.999483	0.999814	0.997643	0.998523
HG03941	0.9994232788153388	0.9997759682908964	0.9975041597337772	0.9987392839132627	0.99935	0.9996	0.997368	0.998614
HG03942	0.9996547911287934	0.9998617199983612	0.9975655430711611	0.9989241527703066	0.99942	0.999822	0.997733	0.99869
HG03943	0.9995275291314238	0.9998246518824137	0.9975919861298401	0.999302649930265	0.999439	0.999754	0.997537	0.99898
HG03944	0.9996253033833895	0.9998234307407081	0.9976011994002998	0.9993098688750863	0.999449	0.999779	0.997476	0.999212
HG03945	0.9996151866217463	0.9997254649191911	0.9969693568301716	0.9978880675818373	0.999364	0.999718	0.99694	0.997547
HG03947	0.9996688283732266	0.9998464088468506	0.9982248520710059	0.9988206001834622	0.99951	0.999814	0.997975	0.998661
HG03949	0.9995486642651563	0.9998415213946118	0.9974770410737713	0.9992067689053412	0.999486	0.999818	0.997324	0.998698
HG03950	0.9996196526040277	0.9997354008676854	0.9976949288434557	0.9990817263544537	0.999436	0.999731	0.997639	0.999072
HG03951	0.9996207766150176	0.9996473826694269	0.9976298433635613	0.9986731534719151	0.999316	0.999584	0.99745	0.9985
HG03953	0.999740800020736	0.9999550570979142	0.9974152191894127	0.9989760393200902	0.999427	0.999879	0.997359	0.998738
HG03955	0.9996277209220842	0.999862598828655	0.9973871972666064	0.9986768986504366	0.999518	0.999868	0.99692	0.998344
HG03960	0.999599804782821	0.999932793892309	0.997972972972973	0.999488360194423	0.99956	0.999913	0.99775	0.998959
HG03963	0.9995317226674326	0.9998396773815617	0.9979328165374676	0.9984496124031007	0.999474	0.999799	0.997547	0.99782
HG03965	0.9997308357045426	0.9999203092003028	0.9974992497749324	0.9989835332384631	0.999497	0.999864	0.99705	0.998604
HG03967	0.9996108841859505	0.9997380911656546	0.9972460220318237	0.9990303030303032	0.999324	0.999712	0.996944	0.998773
HG03968	0.99957059449057	0.9997852948438557	0.9974934830559454	0.999246041719025	0.99936	0.999693	0.997325	0.998832
HG03969	0.9995713530677387	0.9998652281545478	0.9973523421588595	0.9985855728429985	0.999453	0.99977	0.997127	0.997882
HG03971	0.9996399337478097	0.9997323066506051	0.9975229641861905	0.9991580129104687	0.999507	0.999686	0.997658	0.998796
HG03973	0.99971191082532	0.9999372446204695	0.9978701825557811	0.9979979979979979	0.999461	0.999939	0.997666	0.997912
HG03974	0.9996454901099231	0.9999192318953244	0.997941115915174	0.9991859991859992	0.999531	0.999861	0.997652	0.998944
HG03976	0.9996820114623775	0.9998444657398163	0.9977680835954146	0.9988950276243093	0.999507	0.999832	0.99771	0.998752
HG03977	0.9995002861056235	0.999862329227505	0.9979741462473471	0.9992669965182336	0.999425	0.999787	0.998013	0.999079
HG03978	0.9997011652816605	0.9998878146962749	0.9976590330788805	0.9981121898597626	0.999515	0.999852	0.99771	0.997955
HG03985	0.9997096267983574	0.9998443705364605	0.997325378047526	0.9991532599491956	0.999485	0.9998	0.99729	0.998876
HG03986	0.9995089745574098	0.9997794875482371	0.9979100318471337	0.9988317757009346	0.999426	0.999742	0.997608	0.998806
HG03989	0.9996309981500043	0.9999474175441364	0.9974110652986863	0.9988395706411372	0.999549	0.999889	0.997051	0.998352
HG03990	0.9995255502616619	0.9997432171072042	0.9975137263027037	0.9989072744302218	0.999443	0.999732	0.997285	0.998645
HG03991	0.999674806931671	0.9998519625061403	0.9974324740679881	0.9987240829346092	0.999446	0.999839	0.99724	0.998516
HG03992	0.9995474995448991	0.9998640826377563	0.9980739989863152	0.999108138238573	0.999414	0.999866	0.997841	0.998722
HG03995	0.9996857344386169	0.9996670972209277	0.9976446492575525	0.9992911153119092	0.999379	0.99961	0.997398	0.998919
HG03998	0.9995280744828652	0.9998825633223902	0.9978454909202833	0.9986139986139986	0.999387	0.999825	0.997602	0.998364
HG03999	0.9995540783681341	0.999838378396579	0.9974531377343113	0.9992797983435363	0.999439	0.999824	0.997347	0.999144
HG04001	0.9996528428063092	0.9998592643172496	0.9978099906142454	0.9990751207481245	0.999536	0.999807	0.997554	0.998934
HG04002	0.9996126319239717	0.9997824361273631	0.997588182092252	0.9991820040899795	0.999423	0.999751	0.997229	0.999166
HG04003	0.9996797152016236	0.9998425541818978	0.9976537794552687	0.9990031897926633	0.999514	0.999774	0.997322	0.998758
HG04006	0.999589822705456	0.9999083188573634	0.9973217964565307	0.9985422740524783	0.999389	0.999885	0.997265	0.998308
HG04014	0.9994906221252463	0.9997375190298704	0.9972138379382399	0.9993923189110355	0.999428	0.999707	0.996864	0.99898
HG04015	0.999591030856624	0.9998825366855333	0.99768495218923	0.9988099960333202	0.999526	0.999887	0.997683	0.998703
HG04017	0.9997279371755465	0.9999061385395156	0.9977011494252872	0.9989224137931035	0.999465	0.999914	0.997572	0.998474
HG04018	0.9996153258141037	0.9997989545637315	0.9977822580645161	0.9988353133007221	0.99946	0.999716	0.997293	0.998569
HG04019	0.9995886689109469	0.9997852822941394	0.9975121799523167	0.9990903577926017	0.999371	0.999727	0.997375	0.998897
HG04020	0.9996023017799024	0.9996987139844283	0.9979808177688037	0.9993419970389867	0.999452	0.999693	0.997519	0.999011
HG04022	0.9996510648261867	0.9997284061319861	0.9977398808300801	0.9990488268864933	0.999418	0.999686	0.997129	0.998844
HG04023	0.9997177028731349	0.9997232274447666	0.9971722884265806	0.9987824675324676	0.999511	0.999666	0.997101	0.99826
HG04025	0.9996235621418238	0.9998339021737382	0.9976518631955079	0.9991525423728814	0.999462	0.999754	0.997479	0.999003
HG04026	0.9996631747857941	0.9998850768138368	0.9974972469716687	0.9986639946559787	0.999438	0.999776	0.997258	0.998374
HG04029	0.9995175341237015	0.999814194450972	0.9977347611202636	0.9988131972466177	0.999345	0.99975	0.997487	0.998828
HG04033	0.9996145667489361	0.9998507263761163	0.9979738628305137	0.9992462311557788	0.999442	0.999739	0.997564	0.998647
HG04035	0.9996306346681375	0.999663310777356	0.9978127278408498	0.9991579656449984	0.999441	0.999626	0.997434	0.998955
HG04036	0.9994616528443466	0.9996905356751984	0.997598001537279	0.9984935977906101	0.999309	0.999603	0.997483	0.99813
HG04038	0.999585306895517	0.9997251313778838	0.9974226804123713	0.9989660520420471	0.99941	0.999702	0.997399	0.998919
HG04039	0.9997026788846395	0.9998105680089548	0.9974041533546326	0.9991964644435516	0.999454	0.999763	0.997453	0.999224
HG04042	0.9995816424716563	0.9997706912893264	0.9976834692364714	0.9980747015787447	0.999327	0.999731	0.997323	0.997984
HG04047	0.9996841284238536	0.999816844734286	0.9975676497415626	0.9986331328594861	0.999547	0.999806	0.997094	0.99841
HG04054	0.9995288755991212	0.9996795406749674	0.997161682716675	0.9988221436984688	0.999365	0.999579	0.996825	0.998661
HG04056	0.9996585533694217	0.9998426373972226	0.9973636179273981	0.9988876529477196	0.999542	0.999778	0.997058	0.998645
HG04059	0.9996073114313401	0.9998428229007033	0.9974621865800426	0.9987880886426592	0.99945	0.999801	0.997237	0.99859
HG04060	0.9995511264404585	0.9998904331724526	0.9976168860644576	0.9992332758290203	0.999406	0.999895	0.997302	0.998835
HG04061	0.9994817180211659	0.9998045055715911	0.9974585747687302	0.9987063389391979	0.999361	0.999762	0.997295	0.99859
HG04062	0.9996682435092642	0.9997304582210242	0.9974772956609484	0.9989686164726684	0.999414	0.999699	0.997193	0.99877
HG04063	0.9996919392967476	0.9997497191971481	0.9977528089887642	0.9988917620982637	0.999471	0.999718	0.997451	0.998543
HG04070	0.9996081393318471	0.9999323769502004	0.9972695003185583	0.9987912973408541	0.999489	0.999908	0.996997	0.998495
HG04075	0.9996676880821197	0.9998768146738359	0.9974706596519627	0.9991545485289144	0.999511	0.999789	0.997023	0.998997
HG04076	0.9995533419097891	0.9997245668047914	0.9976168272717854	0.9990889766170666	0.999425	0.999684	0.997215	0.998753
HG04080	0.9995813070979679	0.9996447623520344	0.9974954918853939	0.9988859180035651	0.999387	0.999604	0.997367	0.998564
HG04090	0.9995110693157594	0.9997539678710985	0.9972108775774479	0.9990197451337349	0.999321	0.999706	0.996938	0.998958
HG04093	0.9994151050959893	0.9998032703412681	0.9974999999999999	0.9989768076398362	0.999378	0.999706	0.997069	0.998116
HG04094	0.9993859932866019	0.9998156271854537	0.9974752575237327	0.9981481481481482	0.999464	0.999756	0.99704	0.997989
HG04096	0.999647061094276	0.9996548486856637	0.9972457410996632	0.9986211123027426	0.9994	0.999615	0.996856	0.998337
HG04098	0.9994627365805093	0.999718418339248	0.9974552117263843	0.9982190560997329	0.999199	0.999668	0.997021	0.997977
HG04099	0.9996593117783925	0.9997669889985521	0.9974757673667205	0.9989733059548255	0.999522	0.999721	0.997235	0.998081
HG04100	0.9994654852880077	0.9998710283645476	0.9972067039106146	0.9989056686364631	0.999402	0.999803	0.997227	0.99876
HG04106	0.9996932610792765	0.9999032431680607	0.9975589910496337	0.9987007362494587	0.99956	0.999907	0.997345	0.998323
HG04107	0.9994581204520824	0.9999058525479725	0.9975555102872277	0.9986379733042767	0.99951	0.999906	0.997478	0.998205
HG04115	0.9995413838211047	0.9997867826014603	0.9979693369885267	0.9991017579879379	0.99926	0.999736	0.997925	0.998851
HG04118	0.999661977503524	0.9998392449103791	0.9974466346644878	0.998630605956864	0.999418	0.999769	0.997318	0.998428
HG04122	0.9995615234467086	0.9997423482807115	0.9977791237633757	0.9986318029796291	0.999391	0.999718	0.997606	0.998468
HG04127	0.9995792518827022	0.999649280161906	0.9978028276652656	0.9986690328305236	0.999438	0.999612	0.997809	0.998396
HG04131	0.9994983757893502	0.9997604749439684	0.9974869320466425	0.999056158565361	0.999316	0.999733	0.99701	0.99883
HG04132	0.9996501447331184	0.9997492877492878	0.997792051384986	0.9988134084841293	0.999439	0.999735	0.997637	0.998163
HG04133	0.9996596294324538	0.9998025550220341	0.9980821641263753	0.9988452655889145	0.999425	0.999784	0.997845	0.998739
HG04134	0.9997305910706603	0.9998514943382216	0.9971634079627191	0.9992319508448539	0.999503	0.999745	0.996912	0.998902
HG04135	0.9994576033167063	0.9998146585571658	0.9975550122249388	0.999083409715857	0.999307	0.999747	0.997478	0.998738
HG04136	0.9995843915954746	0.9997854103567093	0.9977913864069873	0.9992797983435363	0.999453	0.999743	0.997703	0.999104
HG04140	0.9996900600314975	0.9998817079013207	0.9974803467042934	0.998999285203717	0.99954	0.999837	0.99696	0.998741
HG04141	0.9994672573055993	0.999749391816726	0.9975830815709971	0.998696219035202	0.9993	0.999698	0.997332	0.998152
HG04142	0.9995875152172207	0.9998129205847881	0.9972749293500203	0.9989323083493487	0.999387	0.999749	0.997332	0.998396
HG04144	0.9994250466122926	0.9998843403221764	0.9973827470686767	0.9990902888332955	0.999386	0.999828	0.997161	0.998782
HG04146	0.9997200255540314	0.999766540893202	0.9975377039088952	0.9987720016373312	0.999405	0.99975	0.997449	0.998492
HG04147	0.999688685890881	0.9999223860738441	0.997874601487779	0.9988754217168562	0.999535	0.999893	0.998014	0.998758
HG04148	0.9995283177790506	0.9997912113446326	0.9980269989615784	0.9988257003858414	0.999315	0.999761	0.997963	0.99854
HG04149	0.9996414670325422	0.9998107382391559	0.9979608482871126	0.9986360536485566	0.999415	0.999751	0.99783	0.998365
HG04150	0.9994494348139957	0.999830033678512	0.9974969871141187	0.9988045427375971	0.999172	0.999837	0.997431	0.998358
HG04151	0.9993740196310354	0.9997909444933321	0.9975006942515967	0.9990295031055901	0.99926	0.999771	0.997479	0.998626
HG04152	0.9996606863482129	0.9997724687144482	0.9971564943637657	0.9993720565149137	0.999344	0.999743	0.997034	0.998917
HG04153	0.9996888048832127	0.9997781499134069	0.9975925368642794	0.9987175376723308	0.999525	0.999772	0.997441	0.998549
HG04155	0.9996460374428028	0.9998400017066484	0.9976136127827351	0.9993279569892474	0.999386	0.999782	0.997332	0.999054
HG04156	0.9994836032714186	0.9998463608718225	0.9977640004065453	0.9990919409761634	0.999442	0.999769	0.997262	0.998823
HG04157	0.999379612435324	0.9997761128827923	0.9979497693490517	0.9990761271249076	0.999376	0.999755	0.997783	0.999064
HG04158	0.9997316835230419	0.9997547319219907	0.997271900575932	0.9986726838332891	0.999456	0.99972	0.997006	0.998477
HG04159	0.9995732917270952	0.9997910584630029	0.9970609101043882	0.9989075813851868	0.999355	0.999781	0.997119	0.998584
HG04160	0.9995689960440718	0.9997163693089774	0.9973064644852355	0.9988776655443322	0.99937	0.999694	0.99748	0.998774
HG04161	0.9993198893564966	0.9996128397983287	0.9973766522046211	0.9990621336459554	0.999165	0.999571	0.997265	0.998835
HG04162	0.9997270823986839	0.9998503027626624	0.9971794096907424	0.9994199535962878	0.999544	0.999828	0.997141	0.99901
HG04164	0.9997182279907707	0.9998484076742099	0.9975740422520973	0.998719590268886	0.999482	0.999728	0.997412	0.998442
HG04171	0.999570442864395	0.9998336285610828	0.9974637313584256	0.9987325728770595	0.99944	0.999747	0.997259	0.998652
HG04173	0.9992721176963628	0.9997954161175997	0.9973238180196252	0.9987568815485703	0.999284	0.9997	0.997368	0.998593
HG04174	0.9995713589391256	0.999875021303187	0.9978866861225723	0.9991961414790997	0.999397	0.999782	0.997618	0.99906
HG04175	0.9996224716853763	0.9996885757812961	0.9977045908183633	0.999227202472952	0.999344	0.999698	0.997706	0.998954
HG04176	0.9995968158792515	0.9998325716376353	0.9974189551930621	0.9987314244291411	0.999348	0.999775	0.996994	0.998405
HG04177	0.9996491359304398	0.9998041125177698	0.9972716248989489	0.9988731124633762	0.999407	0.999761	0.99707	0.998396
HG04180	0.9996043871384177	0.9998206724205752	0.9978002199780022	0.9977168949771691	0.999426	0.999758	0.997615	0.997463
HG04182	0.9996060869304737	0.9997325340488401	0.997315302774187	0.9983836206896552	0.999426	0.999611	0.9973	0.998066
HG04183	0.9996157358245773	0.9998093113278607	0.9972774869109946	0.9985322896281801	0.999415	0.999798	0.997325	0.998248
HG04184	0.9996485387733243	0.9998605544767178	0.9977592177632919	0.9989302524604193	0.999486	0.999863	0.99782	0.998848
HG04185	0.999687936227539	0.999757265111658	0.9968367346938775	0.9986572031459812	0.999446	0.999703	0.996699	0.998409
HG04186	0.9996850886204058	0.9997070484151318	0.9975830815709971	0.9988950276243094	0.999532	0.999715	0.997458	0.998597
HG04187	0.9995852815486149	0.9998032166872249	0.9974500203998368	0.9988867241859171	0.999429	0.999759	0.997516	0.998778
HG04188	0.9996177119202558	0.9998704678942532	0.9970698191371122	0.9988848620016727	0.999438	0.999816	0.996967	0.998535
HG04189	0.9996535879969627	0.9998704775062602	0.9975567545556346	0.9987769454211893	0.999467	0.999735	0.997311	0.998577
HG04191	0.9994474065444987	0.9998406018872736	0.9977211518541537	0.9981378026070764	0.999268	0.99981	0.997628	0.997627
HG04192	0.9994083615325837	0.9996964868351165	0.9973963548968556	0.9984082065794128	0.999185	0.999657	0.997375	0.998253
HG04193	0.9993993227008722	0.9997312488482094	0.9975678962302391	0.9989196197061365	0.9992	0.999686	0.997234	0.99866
HG04194	0.9993102720564958	0.999824910558477	0.9973289500719129	0.9985266259734792	0.999187	0.999722	0.997217	0.998059
HG04195	0.9995786470800405	0.9997615716194933	0.9974146845915202	0.9982920580700256	0.999452	0.999751	0.996953	0.99804
HG04198	0.9995944308958274	0.9998236037748792	0.9971636952998378	0.9984756097560975	0.999463	0.999779	0.996866	0.997906
HG04199	0.9995901144840411	0.9998130281953481	0.9976004799040191	0.999099099099099	0.999475	0.999752	0.997545	0.998864
HG04200	0.999720625798212	0.9997856782652547	0.997271900575932	0.9988174077578051	0.999482	0.999737	0.99709	0.998339
HG04202	0.9997057086039118	0.9999200191953932	0.9970145953118088	0.9988193624557262	0.999452	0.999875	0.996788	0.998731
HG04204	0.9994903560952427	0.9997649584020719	0.9978074754646065	0.9990903577926017	0.999332	0.999707	0.997546	0.998742
HG04206	0.9995413231388084	0.9998934713944063	0.9975737970076831	0.9986984008925253	0.999393	0.999781	0.997389	0.99847
HG04209	0.9994702056231641	0.9998837905207927	0.9971708598565221	0.9986111111111111	0.999458	0.999812	0.996766	0.998474
HG04210	0.9997435704716977	0.9998646526988252	0.9970947705870568	0.999063231850117	0.999432	0.99979	0.996828	0.99881
HG04211	0.9997522143719058	0.9998006569395187	0.997357186420004	0.9992729916394038	0.999491	0.999761	0.99706	0.998608
HG04212	0.9995496579891088	0.9998813992822079	0.9975126956161261	0.9991065445610899	0.999481	0.999873	0.997244	0.998885
HG04214	0.9996864234137184	0.9999005946777221	0.9974557296967229	0.9990004997501251	0.999494	0.999871	0.997094	0.998749
HG04215	0.9996741604706639	0.9998068130594372	0.9977741804937272	0.9987493746873437	0.999465	0.999775	0.997628	0.998385
HG04216	0.9995195338050782	0.9999339180583924	0.9974650172378827	0.9982970027247956	0.999473	0.999901	0.997327	0.998224
HG04217	0.9994554360461836	0.9998873953962496	0.9973947895791584	0.9986562751948401	0.999288	0.999871	0.99735	0.99821
HG04219	0.9996114465123909	0.9998484668088192	0.9977833753148614	0.9985982618446874	0.999556	0.999822	0.997686	0.998429
HG04222	0.9995681586606495	0.9998259204456437	0.9974665585731658	0.998969868658254	0.999424	0.999767	0.997314	0.998517
HG04225	0.9996025046672204	0.999806493867344	0.9975242622301446	0.9987963408762638	0.999425	0.99972	0.997316	0.998634
HG04227	0.9995667521975122	0.9998189413240562	0.9975482684646032	0.9984544049459043	0.999456	0.999787	0.997166	0.998111
HG04228	0.9995504520454431	0.9996909780300095	0.9977635457964826	0.999168744804655	0.999314	0.999686	0.997852	0.999013
HG04229	0.9996118943179603	0.9997276831069262	0.9966749002470074	0.9986479177934018	0.999378	0.999662	0.996788	0.998422
HG04235	0.999576678513789	0.9997721685952397	0.9971623751970572	0.9988711194731892	0.999373	0.999745	0.997128	0.998732
HG04238	0.9996342250178567	0.9999676113360324	0.9975407316323393	0.9987315010570825	0.999441	0.999937	0.99766	0.998646
HG04239	0.9995927784126675	0.999830683530587	0.9972304851779669	0.9985107967237528	0.999393	0.999817	0.997077	0.998208
NA06984	0.9995770374494495	0.9998375507653857	0.9979740680713128	0.9981707317073171	0.999534	0.999842	0.997872	0.998121
NA06985	0.9997118402982146	0.9997829422551552	0.9979296066252588	0.9977194982896237	0.999449	0.999726	0.997591	0.996576
NA06986	0.9995578066191775	0.9998906548136484	0.9977541853817885	0.9985279685966633	0.999449	0.999845	0.997597	0.998172
NA06989	0.999567298591016	0.9997323106507582	0.9972375690607735	0.9988347704497786	0.999333	0.999683	0.997023	0.998673
NA06991	0.9995127573931792	0.9997784059602808	0.997851662404092	0.9985864297253635	0.999334	0.999747	0.997658	0.998445
NA06993	0.999678885661888	0.999715233755943	0.9978770723817227	0.9977332829618436	0.99931	0.99967	0.997806	0.997632
NA06994	0.9994931506580201	0.9996707556158616	0.9976666328497514	0.9989821882951654	0.999086	0.999624	0.997199	0.998497
NA06995	0.9995980384275263	0.9999517702333919	0.9977696674776967	0.9985647649802655	0.999497	0.999953	0.997748	0.99815
NA06997	0.999645585001736	0.9997130154777075	0.998089672996966	0.9989676531314521	0.999429	0.99968	0.997948	0.998271
NA07000	0.9995521309988241	0.9998402511529699	0.9979338842975207	0.9981873111782478	0.999447	0.999815	0.997756	0.997636
NA07014	0.9993883864684959	0.999842101701542	0.9979442902662145	0.9991119005328597	0.999367	0.999796	0.997768	0.998713
NA07019	0.9993249002436393	0.999724344168835	0.9977109561960253	0.9992229992229991	0.999109	0.999673	0.997571	0.998781
NA07022	0.9995267248754619	0.9998077319233675	0.9977555600897776	0.998298596341982	0.999237	0.999792	0.997675	0.997891
NA07029	0.9996326646859686	0.999839959650433	0.9979928163955208	0.9988269794721407	0.99934	0.999779	0.997767	0.998055
NA07031	0.9994585059953437	0.9998533509312216	0.9977922624053825	0.9992086520706939	0.999331	0.999844	0.997755	0.998923
NA07034	0.9996430222555142	0.9998498428041855	0.9980434558747812	0.9986801583809943	0.999471	0.999802	0.997835	0.997905
NA07037	0.9994236237003359	0.9998997800729378	0.9976446492575525	0.9985102420856611	0.999439	0.999887	0.997618	0.99814
NA07045	0.9997585654397401	0.9998395079624759	0.9977280472566169	0.9992469879518073	0.999474	0.999804	0.99787	0.999124
NA07048	0.9995018205528327	0.9997779139224994	0.9974382621170201	0.9994728518713758	0.999439	0.99974	0.997602	0.999189
NA07051	0.9994394751826895	0.9997251362865912	0.997626112759644	0.9980415197806503	0.999321	0.999688	0.997565	0.997673
NA07055	0.9994702634420651	0.9999034873246687	0.9978136387298281	0.9991820040899795	0.999304	0.999864	0.997737	0.999025
NA07056	0.9996462113247504	0.9998225937896738	0.9976609376589037	0.9987552900174259	0.999415	0.999812	0.997576	0.998372
NA07345	0.9996712604446274	0.9997590506595988	0.9976350019708318	0.9991685144124168	0.999426	0.999734	0.997669	0.998789
NA07346	0.999756688451335	0.9999110745528718	0.9980094290204296	0.9983136593591906	0.999587	0.999888	0.997919	0.995488
NA07347	0.9993970334043493	0.9996062139439642	0.9972477064220182	0.9987220447284345	0.999265	0.999602	0.997214	0.998249
NA07348	0.999572180754826	0.9998411689961881	0.9978680203045687	0.9988514548238898	0.999348	0.999806	0.997941	0.998675
NA07349	0.9995093931515581	0.9999680655720254	0.997918401332223	0.9990231990231991	0.999556	0.999954	0.997741	0.998631
NA07357	0.9996743786258299	1.0	0.9977384868421052	0.9979324603721572	0.999524	0.999979	0.997785	0.997804
NA07435	0.9997113177096356	0.9999566992865375	0.997601439136518	0.9988717562993605	0.999553	0.999958	0.997671	0.998052
NA10830	0.9996557572801956	0.9998890732066414	0.997824735860783	0.9992329817833174	0.999254	0.999893	0.997725	0.999114
NA10831	0.9995643219264893	0.9996831345640096	0.9976800484163809	0.9985119047619048	0.999272	0.999621	0.997467	0.998347
NA10835	0.9996611633954816	0.9998580783812827	0.9980494815727338	0.99900139804274	0.999395	0.999809	0.997777	0.99869
NA10836	0.9994461721978443	0.9997753506572015	0.997726626882637	0.9993678887484196	0.999456	0.999729	0.997909	0.999105
NA10837	0.9996181659604568	0.9997800808202986	0.99776263602156	0.9991848379865498	0.999453	0.999762	0.997628	0.999006
NA10838	0.9995030207694102	0.9997475052420107	0.9978459329161965	0.9993231810490695	0.99942	0.999742	0.997588	0.998786
NA10839	0.9994738487414196	0.9996205699523694	0.9979906937394247	0.9993725349587667	0.999192	0.999574	0.997568	0.999198
NA10840	0.9997396572943293	0.9998759696915028	0.9980065782916376	0.9990222439501344	0.999505	0.999841	0.997912	0.998666
NA10842	0.9997297431320045	0.9998770668141865	0.9977955070333824	0.9988726042841037	0.999602	0.99986	0.997752	0.998337
NA10843	0.9996277346353964	0.999870986560165	0.9979283811778632	0.9978957212999766	0.999517	0.999874	0.997852	0.997814
NA10845	0.9995902653538931	0.9998784245694593	0.997942598498097	0.9987984379693603	0.999585	0.99986	0.997907	0.998617
NA10846	0.9996007153849353	0.9998547369376731	0.9976951598356549	0.9984825493171472	0.999261	0.999796	0.997504	0.997635
NA10847	0.9994475236584626	0.9997619710592737	0.9976002399760024	0.9988513291762389	0.999282	0.999631	0.997659	0.998728
NA10851	0.9994377695192368	0.9997468556810913	0.9975693741138342	0.9986915276414785	0.999216	0.99974	0.997786	0.99861
NA10852	0.9996380405930771	0.9996821752495163	0.997881142165271	0.9987940910461259	0.99953	0.999583	0.997891	0.99826
NA10854	0.9994914595720531	0.9997225288659486	0.9976337448559669	0.9989963869931754	0.99931	0.999647	0.997698	0.998853
NA10855	0.9995829429973195	0.9998764544678558	0.9977867203219316	0.9977392614920872	0.999334	0.999785	0.997787	0.997179
NA10856	0.999770069573115	0.9997821181231034	0.9980798383021728	0.9983739837398374	0.999479	0.999717	0.99782	0.997762
NA10857	0.9995023665734448	0.9997862628051478	0.9978601997146932	0.9986376021798365	0.999312	0.99977	0.997707	0.998233
NA10859	0.9994061420488749	0.9997870651774134	0.9977873977873978	0.998589562764457	0.99931	0.999637	0.997795	0.99763
NA10860	0.9995395505663821	0.9998765236975721	0.9980167014613779	0.9985910531877421	0.999446	0.999822	0.997929	0.998153
NA10861	0.9997336588039989	0.999954004660861	0.9979755035934812	0.9983333333333334	0.999529	0.999914	0.997903	0.997737
NA10863	0.9994439825266362	0.9995860403610648	0.9977758949375132	0.9986765484383272	0.999307	0.999484	0.997585	0.998468
NA10864	0.9996926571519291	0.9999459131364972	0.9979498193888509	0.9975589910496339	0.999617	0.999883	0.998028	0.997188
NA10865	0.999468454447504	0.9998436947834833	0.9978802866659937	0.9990488268864933	0.999359	0.999792	0.997938	0.99843
NA11829	0.9995944187349366	0.9998634120549876	0.9977969156819547	0.9993489583333334	0.999469	0.999787	0.997738	0.99921
NA11830	0.9995948236247474	0.999811844395315	0.9977530385047493	0.9983007646559048	0.999494	0.999796	0.9974	0.998043
NA11831	0.9996336574161734	0.9998788479541826	0.997638846114362	0.9990615615615615	0.999453	0.99985	0.997752	0.998896
NA11832	0.9994894878679736	0.999844431480401	0.9973242770402387	0.9991120582489788	0.999289	0.999818	0.997595	0.998892
NA11839	0.9992282788736636	0.9997954378787294	0.9975427560448201	0.9977203647416414	0.999023	0.999688	0.9975	0.997083
NA11840	0.9995264917461267	0.9997586621840402	0.9979575163398693	0.9987321711568938	0.999315	0.99973	0.997675	0.998825
NA11843	0.9997196929281238	0.9998303085152803	0.9974358974358974	0.998481973434535	0.999514	0.999786	0.997318	0.997924
NA11881	0.9995914628709459	0.9998237433089512	0.9978997351840014	0.9985604606525912	0.999423	0.999794	0.998049	0.998196
NA11882	0.9994750026249868	0.9997590922596343	0.9975862415769889	0.9975786924939468	0.999153	0.99973	0.997393	0.996559
NA11891	0.9996103850104487	0.9998679632161054	0.9975836655793162	0.9987416107382551	0.999313	0.999829	0.997309	0.998739
NA11892	0.9992055980816664	0.999170781701295	0.9978137732286594	0.9978035770316913	0.998505	0.9991	0.997578	0.997518
NA11893	0.9996064070404168	0.9998663217242925	0.9977125808055693	0.997789566755084	0.999459	0.999826	0.99751	0.997281
NA11894	0.999628696284546	0.999729800474538	0.9974952409578198	0.998507017020006	0.999357	0.999661	0.997685	0.99845
NA11917	0.9996924728430601	0.9998522567777204	0.9979008396641345	0.9990955682845944	0.999525	0.999841	0.99787	0.998703
NA11918	0.9994961167207614	0.9996079825688994	0.9975707646810309	0.9989182172219818	0.999358	0.999557	0.997428	0.998614
NA11919	0.9997744252355001	0.9998612923443649	0.9977940439185802	0.9977311401020986	0.99949	0.999806	0.997571	0.997976
NA11920	0.9998145518659682	0.9998833532064908	0.9977157096874675	0.998184706149308	0.999536	0.999812	0.997627	0.998166
NA11930	0.9994412641398835	0.99991864911037	0.9973747289122247	0.9984836997725551	0.999498	0.999866	0.997238	0.99809
NA11931	0.9995828046295229	0.9997086577213796	0.9978913545536702	0.9983507421660253	0.999272	0.999702	0.997752	0.998014
NA11932	0.9996357019591349	0.9998898124416125	0.9977546438048581	0.9990116135408945	0.999473	0.999815	0.997586	0.998704
NA11933	0.999596545352337	0.9998250049505178	0.9975617189881135	0.9987585350713842	0.999502	0.999804	0.997636	0.998583
NA11992	0.9994556285684063	0.9997903890379456	0.9973996255460786	0.9971428571428572	0.999252	0.999631	0.997671	0.997039
NA11993	0.9994213790391765	0.9997174809734302	0.9976737129564074	0.9990485252140818	0.999162	0.999704	0.997549	0.998595
NA11994	0.9996104152057237	0.9997887390066038	0.9977646819752083	0.9983575143717492	0.999271	0.999698	0.997661	0.998066
NA11995	0.9995133597943946	0.9996955208650499	0.997948717948718	0.9992600422832982	0.999461	0.999708	0.997843	0.999087
NA12003	0.9995932502456253	0.999487647501481	0.9975295934122492	0.9986413043478262	0.999382	0.999412	0.99757	0.998236
NA12004	0.9995570775510585	0.9997918884522103	0.9978712620375062	0.9988335925349924	0.999521	0.999775	0.997698	0.998349
NA12005	0.9995088050345052	0.9998434515795735	0.9974012474012476	0.9985687998364343	0.999318	0.999806	0.997366	0.998422
NA12006	0.9996039722332231	0.999823003401413	0.9974592420071989	0.999034749034749	0.999395	0.999831	0.997031	0.99843
NA12043	0.9996102388740425	0.9997222109048888	0.9977465942845437	0.999168744804655	0.999423	0.99969	0.997426	0.998903
NA12044	0.99952058603563	0.9998749478949563	0.9977911646586345	0.9989664082687338	0.999435	0.999825	0.997504	0.99879
NA12045	0.9995498679431857	0.9997246564190969	0.9976713576997063	0.9990453460620526	0.99951	0.999576	0.997511	0.99852
NA12046	0.999624700338927	0.999847679320748	0.997467328538142	0.9979035639412999	0.999555	0.999792	0.99741	0.997489
NA12056	0.9997443246152085	0.9998499646345209	0.9979871175523349	0.9982471516213848	0.999391	0.999826	0.99795	0.997898
NA12057	0.999558900842448	0.9998868643381106	0.9981308411214953	0.9988185255198487	0.999577	0.999883	0.998189	0.998589
NA12058	0.9996897839655536	0.9999361267245783	0.9976450640542577	0.9965909090909092	0.99945	0.999902	0.997474	0.996042
NA12144	0.9996624608977589	0.9998587634742168	0.9971279105549287	0.9986225895316805	0.999454	0.999812	0.996991	0.998298
NA12145	0.9995990822364449	0.9998341013824884	0.9980031948881789	0.9988623435722411	0.999368	0.999818	0.997704	0.998492
NA12146	0.9996153454301997	0.999806793556304	0.9980351602895553	0.9989979959919839	0.999518	0.999745	0.998088	0.998803
NA12154	0.9997446848017825	0.9998808998367628	0.997648502198139	0.9986013986013986	0.999297	0.999861	0.997706	0.998541
NA12155	0.9995887605405559	0.9998034292091513	0.9979336708337638	0.99869994799792	0.999304	0.99974	0.997671	0.998448
NA12156	0.9996456901752923	0.9997816998306519	0.9976788777878695	0.9987785016286644	0.999418	0.999591	0.997575	0.998288
NA12234	0.9995487991114813	0.9998488994845793	0.997788309636651	0.9978891820580474	0.999328	0.999767	0.997662	0.997676
NA12236	0.9993425123762375	0.9993551844081774	0.9974683544303797	0.9957173447537474	0.998744	0.999335	0.997588	0.994992
NA12239	0.9996198499499688	0.999750192159877	0.9977340611803481	0.9990891346779441	0.999394	0.999726	0.997727	0.998899
NA12248	0.9994661935277235	0.9999311228355352	0.9977695888285493	0.9987481221832749	0.999281	0.999862	0.997656	0.998444
NA12249	0.9996345611209577	0.9997406716179965	0.9977931587922559	0.9988179669030732	0.999414	0.999706	0.997549	0.99847
NA12264	0.999626693603285	0.9996784095892415	0.9980708701391005	0.9983948635634028	0.999409	0.999599	0.997817	0.997865
NA12272	0.9997605155447182	0.9999084288546066	0.9978826376285542	0.9989436619718312	0.999502	0.999847	0.997647	0.998476
NA12273	0.9995625919266491	0.9997741051204874	0.9976692338873125	0.9989561586638832	0.999368	0.999743	0.997573	0.998819
NA12274	0.9992561915169101	0.999764777507195	0.9975825197582519	0.9986595174262735	0.999233	0.999718	0.997591	0.99714
NA12275	0.9996461969219133	0.9998138962256724	0.9979820401574009	0.9985842378480415	0.999458	0.999775	0.997643	0.998158
NA12282	0.9996168231880657	0.9998395318104588	0.9977809158765382	0.9977794226498891	0.999368	0.999735	0.997751	0.997371
NA12283	0.9995196707260011	0.9998575154409898	0.997715307440151	0.9992917847025496	0.99944	0.999805	0.997604	0.998927
NA12286	0.9995671209365375	0.9997560814819698	0.9976278877887789	0.9990485252140817	0.999328	0.999708	0.997404	0.998866
NA12287	0.9994824813630179	0.9998772828990111	0.9981488337652722	0.9982363315696648	0.99951	0.999841	0.998033	0.997973
NA12329	0.9996308652574295	0.99981439570835	0.9976357009161659	0.9981785063752275	0.999525	0.999806	0.997609	0.997399
NA12335	0.9996344930738964	0.9999144117735165	0.9982135768161968	0.9981481481481482	0.999559	0.99992	0.998038	0.996925
NA12336	0.9995641956375432	0.9999525557362272	0.9981731452349539	0.9981862152357921	0.999437	0.999923	0.998046	0.997553
NA12340	0.9996110632512932	0.9997634280306927	0.9978924126856683	0.9982100238663485	0.99947	0.999756	0.997586	0.997947
NA12341	0.9996417612499321	0.9998559518879306	0.997989747713338	0.9984330930742714	0.999545	0.99981	0.9977	0.998319
NA12342	0.9995708937898083	0.9997153280053982	0.9980105441161841	0.9984326018808779	0.999262	0.999689	0.997731	0.996549
NA12343	0.999698680666219	0.9999434666264652	0.9977048198782555	0.9983423124740987	0.999533	0.999903	0.997489	0.998236
NA12344	0.9996063594436775	0.9998031571669995	0.9979015843038505	0.9995210727969348	0.999498	0.999783	0.997785	0.998573
NA12347	0.99936318113239	0.999704308471973	0.9978571428571428	0.9990534144692359	0.999203	0.999656	0.997594	0.99866
NA12348	0.9992389827218014	0.999672116570895	0.9980077696981772	0.997772828507795	0.999184	0.999649	0.997834	0.996997
NA12376	0.999630832484811	0.9999394972578022	0.9977009196321471	0.9988523335883702	0.999433	0.99991	0.997666	0.998173
NA12383	0.9997372680778488	0.9997861549448643	0.9977746307910178	0.9991235758106924	0.999535	0.999767	0.997733	0.998542
NA12386	0.9996502632070864	0.9999210107871791	0.9980606308053486	0.9988009592326139	0.999541	0.999885	0.997973	0.998494
NA12399	0.999733924826507	0.9999168293115684	0.9980039920159681	0.9987605354486861	0.999661	0.999905	0.998103	0.998583
NA12400	0.9995884993179758	0.9998381209074941	0.9977263740608937	0.9988348383338188	0.999472	0.999806	0.997741	0.998411
NA12413	0.9997132534266214	0.999864150083482	0.9975318392733734	0.9986702127659574	0.999557	0.999865	0.997559	0.998322
NA12414	0.9997189975550996	0.9997898492039896	0.9977528089887642	0.9989775051124744	0.999564	0.999721	0.997876	0.998406
NA12485	0.9996822601290931	0.9998665075226938	0.9978577986330714	0.998470168281489	0.999436	0.999846	0.99793	0.997765
NA12489	0.9998018935885561	0.99993696975809	0.9976833199033036	0.9989100817438692	0.999589	0.999902	0.997748	0.998569
NA12546	0.9997547192589454	0.9999489595030115	0.9972344077818043	0.9977238239757208	0.999547	0.999949	0.997269	0.996831
NA12707	0.9996024971547165	0.9999123712953402	0.9979608482871126	0.998422712933754	0.999538	0.999882	0.998078	0.997184
NA12716	0.9993660012288619	0.9995436878825116	0.9972948602344455	0.9958592132505175	0.99912	0.999498	0.997344	0.995899
NA12717	0.9995435534619419	0.9997452299471868	0.9973267750213858	0.9966442953020135	0.999226	0.999693	0.9974	0.997476
NA12718	0.9998184230404215	0.9999446902654867	0.9978695343410775	0.9990972013241048	0.99962	0.999918	0.997777	0.998675
NA12739	0.9991566310311978	0.9996943079179026	0.9980274188776014	0.9989576094510075	0.999165	0.99968	0.997897	0.998312
NA12740	0.9995947429680836	0.9997981992503316	0.9974208191478386	0.998347562654916	0.999453	0.999804	0.997441	0.997995
NA12748	0.9995343171431804	0.9998872829112222	0.9976028765481422	0.9972466960352423	0.999368	0.999853	0.997602	0.997354
NA12749	0.9995110630141986	0.9998744507219084	0.9974067424695792	0.9988636363636364	0.999337	0.999876	0.997176	0.99862
NA12750	0.9995483784344599	0.9998202227799311	0.9974500203998368	0.998938710533298	0.999315	0.999679	0.997524	0.998613
NA12751	0.9994116891802549	0.9996588389151078	0.99740583169036	0.9972337482710926	0.999117	0.999526	0.99745	0.99632
NA12752	0.9994626147172774	0.9997635339102435	0.9977980182163947	0.9985657941914666	0.999328	0.999741	0.997932	0.998311
NA12753	0.9995230001782474	0.9996552686442208	0.9974580579562785	0.9981435643564357	0.99926	0.999651	0.99732	0.997523
NA12760	0.9994618875154089	0.9997163668650729	0.9969966963660025	0.9986013986013986	0.99923	0.999726	0.997009	0.998441
NA12761	0.9995315291093553	0.9996078046867339	0.997624703087886	0.9985369422092174	0.999334	0.999526	0.997574	0.99822
NA12762	0.9994821038094143	0.9996354059227349	0.9973168214654283	0.9983700081499592	0.999201	0.99961	0.997361	0.998066
NA12763	0.9996093155619893	0.9998418586875589	0.9977518904557531	0.9991898460707533	0.999452	0.999809	0.9976	0.998869
NA12766	0.9995593099613883	0.9998738903723524	0.9979266017001864	0.9990450725744845	0.999396	0.999835	0.998	0.998812
NA12767	0.9994161760565018	0.9998827804477787	0.9976753588033151	0.9985557481224726	0.999244	0.999821	0.997809	0.997935
NA12775	0.9997361634765144	0.9998710573298949	0.9979510296076222	0.9989239598278337	0.999532	0.999819	0.997799	0.998622
NA12776	0.9994704465018578	0.9996951614501168	0.9979214094823321	0.999073645206114	0.999445	0.999621	0.997912	0.998825
NA12777	0.9996335123156908	0.9998956054881687	0.9978403848041622	0.9980430528375734	0.999544	0.999869	0.998067	0.997953
NA12778	0.999541048847808	0.9998812521955974	0.9978764283547377	0.9988678177186526	0.999464	0.999839	0.997772	0.9984
NA12801	0.9996604709189395	0.9996042853568123	0.9975979772439949	0.999084249084249	0.999339	0.99946	0.997455	0.99872
NA12802	0.9995139421847019	0.999815095595577	0.997712146422629	0.9986103873545249	0.999331	0.999757	0.997544	0.998398
NA12812	0.9997516153685819	0.9997758729747633	0.9973845803957244	0.9980191482337405	0.999508	0.999718	0.99742	0.997916
NA12813	0.9997696496524782	0.9999054318873168	0.9975096219153271	0.9991821155943292	0.999571	0.999886	0.99752	0.998495
NA12814	0.9994162321793426	0.9997145718109248	0.9974747474747474	0.9992744860943169	0.999285	0.999699	0.99754	0.998921
NA12815	0.9994427297668037	0.9997599571615857	0.9977633184221227	0.9991513917175833	0.999372	0.999673	0.99742	0.99889
NA12817	0.9997463997433652	0.9998967565678707	0.9979861041184171	0.9991262560069899	0.999583	0.99989	0.99789	0.998872
NA12818	0.9996397933708701	0.9999470929330265	0.9976699422550906	0.9990476190476191	0.999535	0.99995	0.99759	0.998528
NA12827	0.9998101401327404	0.9999167013744275	0.9978285596112089	0.9991809991809991	0.999569	0.999855	0.997708	0.99887
NA12828	0.999649792445798	0.9998406714849417	0.9978211247146712	0.9991189427312775	0.999444	0.999814	0.997699	0.998543
NA12829	0.9997561041706187	0.9999313281142701	0.9980734131007909	0.9989550679205851	0.999657	0.999903	0.997833	0.99869
NA12830	0.999795601853927	1.0	0.997765136123527	0.99901185770751	0.999597	0.999967	0.99759	0.998605
NA12832	0.9996865369508733	0.999956539432563	0.9982094897045657	0.9991392296105014	0.999611	0.999933	0.997938	0.998646
NA12842	0.9996873971701218	0.9998969590427806	0.9978439425051334	0.9988849241748439	0.99959	0.999849	0.997614	0.998504
NA12843	0.9996081772616587	0.9999235002218493	0.9978529802678662	0.9991130820399112	0.999532	0.999908	0.997505	0.998762
NA12864	0.9995512452303779	0.9998660301066886	0.9981001899810019	0.9991631799163181	0.999476	0.999835	0.998038	0.998815
NA12865	0.9994540897948515	0.9996997447830657	0.9976521028991425	0.9985983491667965	0.999309	0.999708	0.997616	0.998467
NA12872	0.9995553098704011	0.9997870197406078	0.9978452698542991	0.9990295972828723	0.999373	0.99973	0.997646	0.998926
NA12873	0.99964281749422	0.999900279218189	0.997258883248731	0.997882103776915	0.999454	0.999827	0.997002	0.997598
NA12874	0.9996260662953297	0.9996895987358202	0.9977370911335116	0.9981659789087576	0.999332	0.999616	0.997847	0.997398
NA12875	0.999352071978913	0.9996685192280372	0.9975234753895366	0.9989941661637497	0.999288	0.999627	0.99768	0.998781
NA12877	0.9996868931673466	0.9998735676546134	0.9978375038616002	0.9988745075970736	0.999392	0.999859	0.997576	0.998116
NA12878	0.9994804247032273	0.9997889563186478	0.9976715934399676	0.9988851727982162	0.999433	0.999785	0.997663	0.998462
NA12889	0.9996632544808676	0.9997603230108347	0.9975617512986324	0.9977767896843042	0.99931	0.999646	0.997134	0.99777
NA12890	0.9992198519145739	0.9997797783689505	0.9973638852276184	0.9991358202506121	0.999056	0.999698	0.997178	0.998979
NA12891	0.9994183249193914	0.9997802821543335	0.9973553046485607	0.9978969505783385	0.999166	0.999746	0.997457	0.997525
NA12892	0.9995431679801322	0.9997968350596197	0.9975889089813139	0.9991598050747774	0.999306	0.999775	0.997476	0.998924
NA18484	0.999614163528073	0.9998307138529526	0.9970219757650441	0.9981740718198417	0.999401	0.999756	0.997153	0.99797
NA18485	0.9995479421750714	0.9997883117084276	0.9978348283328179	0.9987564398649851	0.999384	0.999714	0.997724	0.998385
NA18486	0.9992546107648403	0.9997537700815573	0.9970274702747027	0.9994047619047618	0.999285	0.999745	0.997054	0.998136
NA18487	0.9996539410073653	0.9999742276897701	0.9974250695231228	0.9987230937614009	0.999551	0.99995	0.997378	0.998021
NA18488	0.9996981299947569	0.9999483121326931	0.9976036674307146	0.998743543208153	0.9995	0.999932	0.997527	0.998431
NA18489	0.9996288736314716	0.9998812970278095	0.997751660705161	0.9981195938322678	0.99947	0.999795	0.99754	0.99821
NA18497	0.9997307253585653	0.9998799969999248	0.9982449297971918	0.9984820374430764	0.999319	0.999803	0.997924	0.998368
NA18498	0.9996111724315879	0.9998985370308129	0.9979190510872956	0.9991527817000847	0.999546	0.999843	0.997786	0.998415
NA18499	0.9995024841714999	0.999805681862345	0.9974208191478386	0.998606999825875	0.999351	0.99981	0.997397	0.998554
NA18500	0.99957093735081	0.9998567509687217	0.997557500508854	0.9987903922585104	0.999448	0.999818	0.997388	0.998572
NA18501	0.9992566489398863	0.9996198002593506	0.9972268441486412	0.99825251201398	0.999335	0.999608	0.997011	0.997566
NA18502	0.9994015729183399	0.9998715093369881	0.9972492594159966	0.9985938127762153	0.999427	0.999861	0.997014	0.998428
NA18503	0.9996646148374397	0.9999841602225172	0.997922077922078	0.9992821249102657	0.99966	0.999973	0.997636	0.999009
NA18504	0.9998003098134512	0.9999192782231274	0.9976734776451548	0.9988230678697527	0.999596	0.999861	0.997375	0.998458
NA18505	0.9995775438272008	0.9997112349969594	0.9968915138327635	0.9985949417904456	0.999404	0.999702	0.996582	0.998348
NA18506	0.9994068348334694	0.9997478746273409	0.9974803149606298	0.9988268811798223	0.999243	0.999709	0.997264	0.998705
NA18507	0.9996156843948433	0.9998230910417727	0.9977140482128013	0.9986541049798116	0.999426	0.999804	0.997463	0.998498
NA18508	0.9994551420964646	0.9997754906190295	0.99806655133815	0.9989086373557844	0.999416	0.999686	0.997536	0.998608
NA18510	0.9996063365086049	0.9999222130390394	0.9980466742058188	0.9988776655443322	0.999587	0.999863	0.99769	0.99863
NA18511	0.9996450751338666	0.9997600845240677	0.9976645004061737	0.9975550122249389	0.999452	0.999724	0.997319	0.997783
NA18515	0.9996529816342546	0.999991090242479	0.9977687626774847	0.997991967871486	0.999636	0.999988	0.99737	0.997737
NA18516	0.9995093278399678	0.9998525975082837	0.9978031174809081	0.996649114408808	0.999359	0.999812	0.997483	0.996645
NA18517	0.9994304182383754	0.9996921277054277	0.9973952906855594	0.9976359338061463	0.999244	0.999662	0.997059	0.997257
NA18518	0.9995128032441573	0.9997097189716795	0.9972948602344455	0.9992242048099302	0.999257	0.999662	0.997028	0.997201
NA18519	0.999588278323853	0.9999503308321359	0.9974014724989172	0.9986601161232693	0.999513	0.999915	0.997159	0.998172
NA18520	0.9994167189885833	0.9998014478423337	0.9977066507129325	0.9982853223593965	0.999375	0.999782	0.997412	0.99743
NA18521	0.9995665328445918	0.9998503987807501	0.9978179551122194	0.999355462455688	0.999313	0.999853	0.997615	0.998524
NA18522	0.999421840813504	0.9996132126556818	0.9975737970076831	0.9988063264697105	0.999287	0.999486	0.997408	0.998433
NA18523	0.9995894765826429	0.9998378394315535	0.997463474025974	0.9977081741787625	0.999415	0.999798	0.997336	0.997463
NA18525	0.9994587236098721	0.9998421152348272	0.997569127924643	0.9981287425149701	0.999414	0.999847	0.997206	0.997585
NA18526	0.999484017139942	0.999726444667889	0.9976858838917396	0.9987515605493134	0.999283	0.999715	0.99743	0.998501
NA18528	0.9997453795481579	0.999984433859469	0.9979750936519185	0.9994080505130227	0.999694	0.999985	0.997992	0.999082
NA18530	0.9995163307341474	0.9996874912357318	0.9973515330549048	0.9990590449306047	0.999112	0.999587	0.997366	0.998844
NA18531	0.999752883335116	0.9999628271213322	0.998183286233347	0.9993747068938564	0.999734	0.999965	0.998061	0.999073
NA18532	0.9996648398368888	0.9998756315584919	0.9974043561674752	0.9983539094650207	0.999517	0.999881	0.99734	0.997786
NA18533	0.9996526336127338	0.9999524700709977	0.9981989193516111	0.9990798675009203	0.999686	0.999949	0.998067	0.99894
NA18534	0.9997476573759488	0.9996209760829484	0.9981843857171677	0.9989671199862283	0.999645	0.999593	0.997898	0.998715
NA18535	0.9998043648748192	1.0	0.9976689976689975	0.999195278969957	0.999746	0.999812	0.997785	0.998797
NA18536	0.9997947064974433	0.9999753809793447	0.9978534191965656	0.998837547224644	0.999595	0.99987	0.997643	0.998736
NA18537	0.9996132334286555	0.9998977998580554	0.9978492421138878	0.9988784208165097	0.999414	0.999852	0.997732	0.998774
NA18538	0.9996461015325285	0.9997808219178081	0.9977667241904375	0.9987317691819911	0.999411	0.99974	0.997568	0.99857
NA18539	0.9996704795016544	0.9998973526310387	0.99763520460621	0.9984594053304575	0.999519	0.999873	0.997409	0.998242
NA18541	0.9996291459435847	0.9997274461706187	0.9977410411746586	0.998196898665705	0.99955	0.999712	0.997311	0.998207
NA18542	0.9995651289402023	0.9998449946178687	0.9977514309076042	0.9981617647058824	0.99945	0.999828	0.997435	0.997983
NA18543	0.9996787578082578	0.99990704073475	0.9982517482517483	0.9988439306358383	0.999596	0.999893	0.99803	0.998707
NA18544	0.9995728162552701	0.9997966141091698	0.9976317957166393	0.9987793713762587	0.999361	0.999723	0.997396	0.998423
NA18545	0.9993110628651612	0.999781323626924	0.9975482684646032	0.9989184512221502	0.999375	0.999767	0.997297	0.998446
NA18546	0.999577346847668	0.9999143698764643	0.9977161128240265	0.998844598497978	0.999379	0.99988	0.997518	0.998564
NA18547	0.999373322256424	0.9997924088607933	0.9978001257071025	0.9991423670668954	0.999394	0.999738	0.997565	0.998634
NA18548	0.9996569614690269	0.9998078253516796	0.9976315518484193	0.9972082635399219	0.999423	0.999766	0.99738	0.996916
NA18549	0.9996787648756572	0.9999210839424034	0.9975201487910724	0.9992038216560509	0.999518	0.999855	0.99745	0.998771
NA18550	0.99962301937916	0.9997694844449044	0.9976547364127665	0.9979929754139487	0.999381	0.999763	0.997546	0.997935
NA18552	0.9996536712857252	0.9998321852674648	0.9976748887990295	0.998914223669924	0.999524	0.99975	0.997505	0.998783
NA18553	0.9996250853284571	0.9998932783123745	0.9971722884265806	0.9985978032250526	0.999523	0.999868	0.997254	0.998241
NA18555	0.9997610225650676	0.9998096617550115	0.9977689889463544	0.9988454560448624	0.99948	0.999752	0.997424	0.998557
NA18557	0.9997538400945255	0.9998726350647246	0.9976300875837197	0.9991963568175729	0.999499	0.999823	0.997382	0.998931
NA18558	0.9996435682505346	0.9999385209366949	0.9974377370093266	0.9983989753442203	0.999536	0.999804	0.997157	0.998184
NA18559	0.9996642359986411	0.9998148105280215	0.997544757033248	0.9989476453564851	0.999379	0.999762	0.997258	0.998549
NA18560	0.9995371054530281	0.9997700566136476	0.9978379491403275	0.9989506820566633	0.999386	0.999708	0.997337	0.998728
NA18561	0.9996414900652666	0.999864656940962	0.9976453726453725	0.9991659716430358	0.999513	0.999844	0.997167	0.998868
NA18562	0.9993749970294536	0.9996520146520146	0.9976378761425491	0.9987156434626252	0.999193	0.999463	0.997426	0.998185
NA18563	0.9997225375204943	0.999715451010149	0.9975609756097562	0.9987962684321396	0.999428	0.999679	0.997596	0.998589
NA18564	0.9995812888156584	0.9996168497273524	0.9977152352269186	0.998470168281489	0.99931	0.999557	0.997181	0.998093
NA18565	0.9997236375330378	0.9998966608538395	0.9976444080294962	0.9980934223069591	0.999532	0.999882	0.997465	0.997839
NA18566	0.9996692861622474	0.9998001772341053	0.9978368355995055	0.9988953763610541	0.99937	0.999725	0.99729	0.998745
NA18567	0.9995672415366983	0.9998259482195956	0.9976523425538428	0.9990953296392626	0.999397	0.999785	0.997375	0.998977
NA18570	0.9995984915177614	0.9998578442629226	0.9977989728539984	0.9990873830709559	0.999548	0.999831	0.997753	0.998642
NA18571	0.9996534761196533	0.9998888338672677	0.997948297086582	0.9992072929052713	0.999611	0.999879	0.997554	0.999166
NA18572	0.9994188543353466	0.9998694048124327	0.9979070740895772	0.9992293860775752	0.999457	0.999863	0.997424	0.998966
NA18573	0.9997429141932628	0.9998069018785689	0.997535934291581	0.9987212276214833	0.999553	0.99976	0.997289	0.998413
NA18574	0.999753357841626	0.9998615617564351	0.9974645030425965	0.9992082343626286	0.999675	0.999873	0.9973	0.999066
NA18577	0.9996086318703249	0.999915594600868	0.9977218597908253	0.9989939637826961	0.99956	0.999895	0.997647	0.998719
NA18579	0.9995300673010757	0.999732377725994	0.9978150036416605	0.998674618952949	0.999329	0.999657	0.997354	0.998308
NA18582	0.9994501343584741	0.9999032557659563	0.9976739482200647	0.9984405458089668	0.99952	0.999889	0.997508	0.998125
NA18591	0.9998114687339749	0.9998825752319138	0.998165324635613	0.99947127247092	0.999689	0.999864	0.997795	0.99914
NA18592	0.9995960380041109	0.999582589543424	0.9976342316395803	0.9990612532269422	0.999326	0.999573	0.99741	0.998903
NA18593	0.9996221357892827	0.9998941493456506	0.9980504822491278	0.9985542168674699	0.999486	0.999863	0.997686	0.998165
NA18595	0.9995265021816119	0.9997344915513208	0.9977080219232686	0.9986824769433464	0.999251	0.999709	0.997441	0.998534
NA18596	0.999634932452249	0.999868442484307	0.9973824624987416	0.997226502311248	0.999484	0.999875	0.997256	0.997184
NA18597	0.9996467567106303	0.999882931397799	0.9976552145988379	0.9986329460013671	0.999605	0.999866	0.997513	0.998402
NA18599	0.9997253740200664	0.999877376526523	0.9977424320164189	0.99923596077932	0.9996	0.999835	0.99746	0.99908
NA18602	0.9996773830982045	0.999824809956888	0.997867587327376	0.9983857949959646	0.999603	0.999813	0.997749	0.998196
NA18603	0.9994108534719177	0.9998632050340547	0.9978662873399715	0.998587570621469	0.999362	0.999849	0.997481	0.998101
NA18605	0.9997137769689886	0.9999799286799091	0.9975221969853397	0.9987531172069827	0.999515	0.99998	0.997233	0.998255
NA18606	0.9997601142525606	0.999810574813783	0.9978802866659937	0.9989417989417989	0.999623	0.999763	0.997563	0.998663
NA18608	0.9993929813693345	0.9997051970900099	0.9974298344813406	0.9988259465805693	0.999239	0.999684	0.997261	0.998682
NA18609	0.9997147353765411	0.9999439573577762	0.997824735860783	0.9989233419465977	0.999571	0.999916	0.997268	0.998777
NA18610	0.9995099082686891	0.9996772428116362	0.9977827050997783	0.9984364141765114	0.999251	0.999644	0.997692	0.998286
NA18611	0.9997407306475299	0.9999699079182298	0.9980280228334198	0.9987043275459964	0.999656	0.999973	0.997584	0.99852
NA18612	0.9996290255524641	0.9998640276703691	0.9976088990539558	0.9981916817359855	0.999347	0.99981	0.99738	0.998157
NA18613	0.9996206086946159	0.9998162208106959	0.9977907210283189	0.999002394253791	0.999518	0.999803	0.997641	0.998841
NA18614	0.999559250483207	0.9998738511443502	0.9977771041729817	0.9992103600758055	0.999567	0.99985	0.997711	0.999017
NA18615	0.9997580112448469	0.9997723584828567	0.9977735047060013	0.9987708947885939	0.999539	0.999781	0.997589	0.998724
NA18616	0.9996975260817423	0.9999517851546491	0.9977685363627142	0.999168744804655	0.999528	0.999953	0.997542	0.998965
NA18617	0.999688807190725	0.9997524049489882	0.9973782393869114	0.9991499008217626	0.999355	0.999665	0.996996	0.998915
NA18618	0.9997713409187807	0.9998141923278323	0.9981949458483755	0.999370937303418	0.999563	0.999775	0.99797	0.99885
NA18619	0.9996483117622266	0.9997533710732946	0.9977468250716921	0.9988597491448118	0.999292	0.999672	0.997312	0.998467
NA18620	0.9996230829516283	0.9998235347693428	0.9975462631632757	0.9987617194410047	0.999436	0.999766	0.997408	0.998518
NA18621	0.9995277496564168	0.9998117768850252	0.9975152707319598	0.9985930355258529	0.999461	0.999797	0.99743	0.998327
NA18622	0.999401615318648	0.9997748128131508	0.9977401129943503	0.9983045100033909	0.999245	0.999767	0.997436	0.997977
NA18623	0.999519408975293	0.9998916747089988	0.9974295702241415	0.9985294117647059	0.999353	0.999853	0.997435	0.9983
NA18624	0.9996839951044321	0.9998654549457537	0.997489802321933	0.9992573338284442	0.999372	0.999832	0.997342	0.998892
NA18625	0.9996983316663763	0.9999105572284667	0.9978390615352952	0.9990599294947121	0.999516	0.999887	0.997561	0.998546
NA18626	0.9995786685927531	0.9999419043746005	0.9976497036582874	0.9992882562277581	0.999534	0.999916	0.997634	0.998863
NA18627	0.999636620957408	0.9999413240234117	0.9976976976976978	0.9993573264781491	0.999538	0.999925	0.997363	0.99923
NA18628	0.9996907354810542	0.9996549917581364	0.9976666328497514	0.9991068238656664	0.999575	0.999629	0.99754	0.998797
NA18629	0.999675981129141	0.9999769234319471	0.9978772869705852	0.9992531740104557	0.999604	0.999964	0.9976	0.999166
NA18630	0.9994595049064944	0.9997013273364547	0.99768495218923	0.9984577421344849	0.9992	0.999636	0.997335	0.998168
NA18631	0.9997684992817542	0.9998612065774863	0.9979445015416238	0.9991185544292641	0.99964	0.999819	0.997313	0.998753
NA18632	0.9997303645345103	0.9999548688941374	0.9976039170746953	0.9983779399837793	0.999624	0.999912	0.997582	0.998128
NA18633	0.9995699345488372	0.9998227009828116	0.9974440241284122	0.9988165680473373	0.99944	0.999782	0.997334	0.998392
NA18634	0.9997766339472218	0.9999169668633913	0.9976692338873125	0.9990054699154649	0.999568	0.999885	0.997379	0.998874
NA18635	0.9996496055190004	0.9998099953616514	0.9977249459674667	0.9991926803013994	0.999473	0.9998	0.997318	0.998967
NA18636	0.9996411346782139	0.9998921758905291	0.9979338842975207	0.9991334488734834	0.999473	0.999842	0.997662	0.998781
NA18637	0.999562927431262	0.9999594372595813	0.9976544972465837	0.9983649444081099	0.99947	0.999919	0.997255	0.998394
NA18638	0.9997644793547561	0.9999138647060632	0.9977900552486187	0.9993904297470284	0.99962	0.999892	0.99756	0.999144
NA18639	0.9995397698391255	0.9996551263011946	0.9973446627721723	0.9987692307692307	0.999275	0.9996	0.997165	0.998608
NA18640	0.9997244617068008	0.999901768172888	0.9978847703464947	0.9990231990231991	0.999536	0.999887	0.99764	0.999043
NA18641	0.9995680487284777	0.9997909474600116	0.9975336553283323	0.9989715461090161	0.999465	0.999794	0.997645	0.998807
NA18642	0.9996569085747123	0.9999788075727606	0.997452359115459	0.9987442444537463	0.999588	0.99996	0.997052	0.998289
NA18643	0.9997803840510837	0.9999854647641657	0.9977642276422763	0.9989406779661016	0.999674	0.999933	0.99759	0.998622
NA18644	0.9997884054152243	0.9998978087271349	0.9971994398879778	0.9985554351751537	0.999611	0.999883	0.996825	0.9986
NA18645	0.9994714159657955	0.9999001607412066	0.9974939960321605	0.9983116256632898	0.999371	0.999821	0.997362	0.99804
NA18646	0.9998340143877014	0.9999174121084173	0.9971567831031681	0.9995100921026847	0.999623	0.999911	0.996914	0.999355
NA18647	0.9997122207125605	0.999890807556117	0.9980094290204296	0.9990029910269193	0.99958	0.99985	0.997511	0.998714
NA18648	0.9997972816433701	0.9998735594812326	0.998003792793692	0.9992602455984614	0.999612	0.999878	0.997667	0.999078
NA18740	0.9997603755257831	0.9999803283848293	0.9976269087907553	0.999043748505857	0.999669	0.999906	0.997148	0.999059
NA18745	0.9995595116750686	0.9996302124634835	0.9974506656595223	0.998566924620235	0.999283	0.999605	0.997096	0.998407
NA18747	0.9996733188788126	1.0	0.9982677807214184	0.9994061757719715	0.999626	0.999977	0.997941	0.99918
NA18748	0.9997196047276342	0.9999809779851883	0.9978589016165293	0.9991471942691454	0.999648	0.999931	0.997659	0.998976
NA18749	0.9997965404338212	0.9999295533210913	0.9981273408239699	0.9991428571428572	0.999664	0.999916	0.998019	0.998808
NA18757	0.9996967954921979	0.9999693429426176	0.9982454329652184	0.9989604989604991	0.999676	0.999969	0.997941	0.998802
NA18852	0.9996791234254974	0.9998283532582727	0.9980604328297265	0.9984877943400303	0.999398	0.999832	0.997902	0.998263
NA18853	0.999401662765576	0.9997431616797227	0.9979070740895772	0.9987125844866432	0.999343	0.999744	0.997756	0.99858
NA18854	0.9997711076550184	0.9999310447254519	0.9979383568704255	0.9985775248933144	0.999575	0.999903	0.997918	0.998327
NA18855	0.9995320542817033	0.9998798752252339	0.997976732422863	0.9986993279861262	0.999421	0.999831	0.997682	0.99853
NA18856	0.9996207629743307	0.9997985762216353	0.9978492421138878	0.9981057344584123	0.999494	0.999755	0.997752	0.998094
NA18857	0.9997127611535513	0.9998932207496726	0.9978040363902541	0.9989621172807474	0.999692	0.999885	0.997498	0.998593
NA18858	0.9993507117022785	0.9997728614909372	0.9976419930285012	0.9988808952837731	0.999233	0.999693	0.997656	0.998727
NA18859	0.9997645786830357	1.0	0.9974489795918369	0.9985330073349633	0.999574	0.99996	0.997487	0.998172
NA18860	0.9996650086285657	0.9998683224737211	0.9976680093279628	0.9981623277182237	0.99954	0.999842	0.997447	0.997625
NA18861	0.9994271293199942	0.9997625893587275	0.9974141497724454	0.998764097018384	0.999202	0.999737	0.997429	0.998722
NA18862	0.9996703455000776	0.9998317257129119	0.9979319615344846	0.9969360398314822	0.999403	0.999774	0.997765	0.996638
NA18863	0.9996510251137285	0.9997556174054715	0.9979472441753053	0.9986725663716814	0.9993	0.999764	0.997905	0.998388
NA18864	0.9996513409900964	0.9999253470197131	0.9979720137903063	0.9988703117939449	0.999611	0.999896	0.997806	0.998654
NA18865	0.9996579639494003	0.9999703998708357	0.9980269989615784	0.9982350864807624	0.999557	0.999949	0.997975	0.997406
NA18867	0.999486197840119	0.9998256857216098	0.9978122513922039	0.9992220925709842	0.999422	0.999799	0.997823	0.999072
NA18868	0.9994990711035899	0.9999401926650575	0.9972878729174739	0.9984762734000872	0.99949	0.999928	0.997141	0.998385
NA18869	0.9995181187355435	0.9998572957545488	0.9978665041145991	0.9993704752911553	0.9996	0.999848	0.997844	0.999048
NA18870	0.9995845332312316	0.9998191457970435	0.9972501322051824	0.9973527465254798	0.999297	0.999808	0.997068	0.997211
NA18871	0.9994352309964054	0.9998161359123336	0.9977692151693368	0.9973890339425587	0.99949	0.999764	0.997466	0.997092
NA18872	0.9997655018566135	0.9998941520852039	0.9976580796252927	0.9983720930232559	0.999519	0.999871	0.997327	0.998275
NA18873	0.9994371274429592	0.999865799432779	0.9978386167146975	0.999486125385406	0.999536	0.999869	0.997568	0.99928
NA18874	0.9997200408076111	1.0	0.9978321461752866	0.9978035770316913	0.999555	1.0	0.997696	0.997148
NA18875	0.9996338366965121	0.9998505471043502	0.9981435643564358	0.9989569752281616	0.999542	0.999855	0.997982	0.998675
NA18876	0.999481559577123	0.9998247961264015	0.9977791237633757	0.998324958123953	0.9994	0.999829	0.997673	0.997284
NA18877	0.9997806391343567	0.9999153244585303	0.9976875125678665	0.9995808006707189	0.999706	0.999901	0.997601	0.998902
NA18878	0.9995269111118543	0.9998804985600077	0.9973130317957903	0.9988770353733857	0.999331	0.999864	0.996967	0.998382
NA18879	0.9996007573406602	0.9998028892619159	0.9974435013805092	0.9985705003248863	0.999278	0.999728	0.997264	0.99831
NA18881	0.9995534578134735	0.9997901133387971	0.9975963945918879	0.9987039917055469	0.999391	0.999775	0.997362	0.998515
NA18906	0.9997249286986233	0.9999662705328132	0.9972482674276397	0.9990781710914455	0.999675	0.999966	0.997151	0.998464
NA18907	0.9996620323495343	0.9998676842628954	0.9974627017152136	0.9988574040219378	0.999498	0.999798	0.997222	0.998654
NA18908	0.9995839685491392	0.9996340067608932	0.9981079466241785	0.9984737484737485	0.999501	0.999588	0.998166	0.99806
NA18909	0.9996494450369318	0.9999403759820427	0.9979556373300624	0.9988127040664887	0.999639	0.999923	0.997852	0.998526
NA18910	0.9997180830812067	0.9999365987333835	0.9980708701391005	0.9985454545454545	0.999601	0.999941	0.997912	0.998292
NA18911	0.9997627508433602	1.0	0.9980817768803635	0.9985406785844582	0.999595	0.999984	0.997803	0.997935
NA18912	0.9995139620409897	0.9997445695486034	0.9976542580316166	0.9987730061349693	0.999259	0.999738	0.997317	0.997919
NA18913	0.9996293808343564	0.9999539874780208	0.9978184084770414	0.9991384261918437	0.999546	0.999944	0.997739	0.998556
NA18914	0.9996778901472574	0.9998115421324919	0.997893892287634	1.0003280839895012	0.999468	0.999754	0.997728	0.999094
NA18915	0.999363041386386	0.9997236823926473	0.9972995429995846	0.9981454770245209	0.999386	0.999698	0.997372	0.997816
NA18916	0.9994293142259282	0.9998423445122752	0.9977489000306968	0.9990956364458512	0.999348	0.999831	0.997496	0.998653
NA18917	0.9995787050223108	0.9998775361410783	0.9980602348136804	0.9990732159406859	0.999496	0.999865	0.997843	0.998627
NA18923	0.9998503283526871	0.999916369479639	0.9981905910735825	0.9993633276740237	0.999644	0.99992	0.997962	0.998855
NA18924	0.9995793263351497	0.9998333019654235	0.9975550122249388	0.99925705794948	0.999341	0.999822	0.997392	0.998285
NA18925	0.9996533153687661	0.9999163786375294	0.9974637313584256	0.9992814801508892	0.999476	0.999919	0.997425	0.998889
NA18930	0.9997307101332193	0.9999300229524717	0.9973777105395865	0.9990844167734846	0.999399	0.999908	0.997272	0.998609
NA18933	0.9996319309904067	1.0	0.9974340552191316	0.9984529702970297	0.99958	0.999977	0.99731	0.998265
NA18934	0.9996717461840495	0.9999097432194594	0.9977898332328712	0.9989860583016477	0.999648	0.999883	0.997586	0.998614
NA18935	0.9995649573114361	0.9998721863887634	0.9976141078838174	0.998191027496382	0.999513	0.999874	0.99759	0.997975
NA18939	0.9996350915047716	0.9994580552430211	0.9977717005975896	0.998003992015968	0.9995	0.999455	0.997555	0.997612
NA18940	0.9996046801035093	0.9997596287188212	0.9974719385175449	0.9984108065156935	0.999169	0.999691	0.997581	0.997907
NA18941	0.9995933916764148	0.9997965397729665	0.9982486865148861	0.9984025559105432	0.999521	0.999761	0.997921	0.998063
NA18942	0.99959373160812	0.9998797633054786	0.9976293547722119	0.9984313725490196	0.99943	0.999854	0.9977	0.998061
NA18943	0.9992795577794662	0.9995656774641881	0.997553267407483	0.9987531172069826	0.999141	0.999505	0.997325	0.998301
NA18944	0.9996693049134082	0.999649870697863	0.9976875125678665	0.9990566037735849	0.999535	0.999624	0.99772	0.998406
NA18945	0.9995316863339133	0.9998077832978471	0.9976446492575525	0.9988957597173145	0.999372	0.999708	0.997399	0.998853
NA18946	0.9996108176956082	0.9999810510358768	0.9973382473382474	0.9989258861439313	0.999571	0.999877	0.996943	0.998864
NA18947	0.9996357496764292	0.9999023638789746	0.9978691019786909	0.9990147783251233	0.999501	0.999742	0.997656	0.998862
NA18948	0.9996225382207644	0.999879018436246	0.9979127530786891	0.998942731277533	0.999569	0.99986	0.997596	0.998518
NA18949	0.9994219825298598	0.9998405256275317	0.9976235270818892	0.9990594431903688	0.99936	0.99981	0.99734	0.998919
NA18950	0.999669165041012	0.9998846220410361	0.997624703087886	0.9982896237172179	0.999618	0.999829	0.997741	0.998215
NA18951	0.9994719120176352	0.9997875753558113	0.9977713808153031	0.9991177767975298	0.999362	0.999711	0.997617	0.998564
NA18952	0.9996765509382511	0.9999420146992737	0.9977920302807277	0.998970310622962	0.999555	0.99994	0.997572	0.998678
NA18953	0.9997238781775339	0.9998352659738288	0.9978120441758699	0.9990345160511707	0.999545	0.999818	0.997424	0.998956
NA18954	0.9996752794915804	0.9997804390264857	0.9978504254366324	0.9990445251289892	0.99939	0.999755	0.997471	0.998966
NA18956	0.9996118003505281	0.9997534837538946	0.9979007032644065	0.9993917274939174	0.999472	0.999684	0.997507	0.999139
NA18957	0.9996229791549954	0.999805077437418	0.9979274611398964	0.9992277992277991	0.999411	0.999789	0.997374	0.99901
NA18959	0.9997292726166529	0.9999141661600086	0.9978976874562018	0.9985640436530729	0.999591	0.999896	0.997748	0.998263
NA18960	0.9996724845840012	0.9999627990030133	0.9977303208500979	0.9984526112185687	0.999661	0.999937	0.997564	0.997902
NA18961	0.9997454996896338	0.9998647438654581	0.9978824241201978	0.9984239558707644	0.999552	0.999852	0.99772	0.998136
NA18962	0.9994925663731458	0.9998515353184566	0.998003792793692	0.998951048951049	0.999446	0.999839	0.997705	0.998604
NA18963	0.999813600046983	0.9998995413677056	0.9979442902662145	0.9993241721108357	0.999661	0.999878	0.997689	0.999176
NA18964	0.9995261135250229	0.9997259502295167	0.997319311269203	0.9986622073578596	0.999423	0.999732	0.99739	0.99857
NA18965	0.9997100110625409	0.9997501788492329	0.9977394163584055	0.9987824675324676	0.999416	0.999739	0.997391	0.998478
NA18966	0.9996107703487537	0.9997470407487594	0.9977562468128506	0.998683633172444	0.999466	0.999714	0.997579	0.998514
NA18967	0.9996302413291591	0.9999611866533838	0.9973426001635322	0.9984783931832014	0.999616	0.999924	0.997213	0.99805
NA18968	0.9996567667830067	0.9999124754334455	0.9975432490531272	0.9985978687605161	0.999472	0.999848	0.997346	0.998488
NA18969	0.999676230227614	0.9999437197493654	0.997660699755899	0.9984709480122324	0.999468	0.999824	0.997353	0.998092
NA18970	0.9993502095802902	0.9996806583351244	0.9976995399079817	0.9989082969432316	0.999244	0.999637	0.997272	0.998221
NA18971	0.9996106395795886	0.9997978368543413	0.9977338277709106	0.9986531986531986	0.999318	0.999743	0.997146	0.998477
NA18972	0.9995813991142247	0.9998405800827955	0.9975059752675881	0.9987867758568395	0.99943	0.999788	0.997042	0.998606
NA18973	0.9996812918304472	0.9997405092643714	0.997638846114362	0.9989192527404662	0.999409	0.999733	0.997526	0.998715
NA18974	0.9997643555225112	0.9998675512636814	0.9977157096874675	0.9994565217391305	0.999656	0.999826	0.997149	0.998827
NA18975	0.9996069481190057	0.9997936360533689	0.9976509038913288	0.9989726027397261	0.999274	0.999767	0.997097	0.998428
NA18976	0.999741915619991	0.9997816916782276	0.9977806920205791	0.9988390092879256	0.999437	0.999789	0.997492	0.998537
NA18977	0.9997916619395242	0.9998760970573051	0.998171289241085	0.998782566350134	0.999673	0.999821	0.997982	0.998627
NA18978	0.9996688312225923	0.9998371373397548	0.9977260981912145	0.9989276139410187	0.999481	0.999807	0.99727	0.998533
NA18979	0.9997091767208429	0.9999703809016054	0.997596153846154	0.998574144486692	0.99951	0.999959	0.997423	0.998407
NA18980	0.9996741008761122	0.9998344897829269	0.9974691233043126	0.9990680335507921	0.99948	0.999742	0.997098	0.998722
NA18981	0.9995337894580845	0.9998690161572423	0.9979581419091373	0.9987750102082483	0.999525	0.99979	0.997614	0.997796
NA18982	0.9995178716613503	0.999893870059495	0.9972213646187094	0.9982512387059167	0.99922	0.999842	0.99695	0.998008
NA18983	0.9996927692050757	0.9998658046589465	0.9976704142611162	0.99828001375989	0.999469	0.999847	0.997315	0.997671
NA18984	0.9994979734368886	0.9996604678470125	0.9974779319041615	0.9978308026030368	0.999272	0.999543	0.997328	0.997833
NA18985	0.9995910866069377	0.9998082606597154	0.99761857511411	0.9980481457384516	0.999348	0.99979	0.99734	0.997749
NA18986	0.9996127419341662	0.9996562577931751	0.9978421701602961	0.9977183833116036	0.999263	0.999538	0.997565	0.997556
NA18987	0.9995725739889163	0.9997157284458574	0.9977440525020508	0.9994462901439646	0.999393	0.999648	0.997678	0.999269
NA18988	0.9995356245239133	0.9996951470709401	0.9977300866694181	0.9981408319776899	0.999054	0.999511	0.997185	0.997989
NA18989	0.9996018065192318	0.9996288794675993	0.9973824730394723	0.9986030267753202	0.999261	0.999627	0.997091	0.998071
NA18990	0.9995442316233493	0.9998013526081501	0.9978265369488718	0.9991364421416236	0.999505	0.999735	0.99771	0.998897
NA18991	0.999662009668704	0.9998980175498495	0.9982472419837097	0.99869041382923	0.999627	0.99986	0.99786	0.998358
NA18992	0.9991685684665049	0.999923292294711	0.9979836677084382	0.9985443959243087	0.999116	0.99985	0.997828	0.99825
NA18993	0.9993147288444335	0.9998271893925706	0.9979255263976766	0.9990751445086705	0.999521	0.999836	0.99755	0.998945
NA18994	0.9996176659456536	0.999805500447349	0.9981786906809674	0.9990123456790123	0.999509	0.999752	0.997857	0.998386
NA18995	0.9996780955618392	0.9998578078922802	0.9976997699769977	0.9988938053097345	0.999484	0.999842	0.997651	0.998572
NA18997	0.999771856354574	0.9998634590931977	0.9973960941412119	0.9991549771843838	0.999609	0.999742	0.99723	0.999001
NA18998	0.9995876334441965	0.9998364111114606	0.9978656367517024	0.9987080103359174	0.999439	0.999824	0.997457	0.998368
NA18999	0.999540067896392	0.9998488616534533	0.9978873239436621	0.9988920895191669	0.999438	0.999833	0.997603	0.998548
NA19000	0.9996237622775588	0.9998230043743205	0.997503380838448	0.9974632166412988	0.999406	0.999778	0.997367	0.997388
NA19001	0.9995973676443858	0.9998471167610992	0.9976678158588522	0.9984609465178914	0.999512	0.999828	0.997349	0.998292
NA19002	0.9995843551269796	0.9998745403078467	0.9975651821040885	0.998687233344273	0.999524	0.999866	0.997473	0.998375
NA19003	0.999605054153706	0.9998650851649897	0.9979564728721773	0.9987096774193548	0.999588	0.99987	0.997531	0.998571
NA19004	0.9995305511242867	0.9997509410466138	0.997470725995316	0.9982859101816935	0.999133	0.999739	0.997234	0.997917
NA19005	0.9995494361567452	0.9998378209464137	0.9978503429214862	0.9989615784008307	0.999378	0.999758	0.997518	0.99833
NA19006	0.9995375694406415	0.9998209707681069	0.9976637995115217	0.9982347749338041	0.999285	0.999742	0.997402	0.997923
NA19007	0.9993701018743364	0.9999064942836838	0.9979461901827891	0.9987240829346092	0.999409	0.999854	0.997689	0.998433
NA19009	0.9996008519002044	0.9999710250958889	0.9976320395346443	0.9991645781119466	0.999598	0.999961	0.997391	0.998729
NA19010	0.9996444722899714	0.999799541172016	0.9973638852276184	0.9991912656692277	0.999535	0.999804	0.99723	0.998863
NA19011	0.9997621945248787	0.9998980839788014	0.9976587947882737	0.9985803520726859	0.999507	0.99988	0.997343	0.998092
NA19012	0.9995490070554214	0.999916916411976	0.9977907210283189	0.9985185185185185	0.999451	0.999799	0.997435	0.998027
NA19017	0.9993937397726393	0.9997668138497529	0.9972672064777327	0.9983011583011583	0.9993	0.999732	0.997122	0.998222
NA19019	0.9995373792885405	0.9998088179064091	0.9975890985324948	0.9974489795918368	0.99919	0.999814	0.997207	0.996899
NA19020	0.9997039775549202	0.9999221380881007	0.9978316985028394	0.9988468634686347	0.999633	0.999926	0.997502	0.998458
NA19023	0.9995567604708663	0.9996904760588758	0.9973944762897342	0.9993706733794839	0.999413	0.999582	0.997006	0.998713
NA19024	0.9996619325166684	0.999890538493003	0.9977328936521022	0.9981290926099159	0.99953	0.999864	0.997775	0.997626
NA19025	0.9995504538232356	0.9997754953134647	0.9975460122699388	0.9990138067061143	0.999133	0.999742	0.997556	0.998595
NA19026	0.999724736908056	0.9998424343886946	0.9970468431771894	0.9990053709966181	0.999449	0.99981	0.996577	0.998625
NA19027	0.9994171102494328	0.9999212004547859	0.9971538930676969	0.9984825493171472	0.999523	0.999888	0.997191	0.997883
NA19028	0.9995949134492911	0.9999628531274571	0.9970893970893973	0.9977298524404087	0.999437	0.999964	0.997148	0.997326
NA19030	0.99941735966823	0.9999175297110067	0.9977107180020811	0.999373531714957	0.999374	0.999907	0.997478	0.998744
NA19031	0.999354579290862	0.99975630271919	0.9971955128205128	0.9981029810298103	0.999098	0.999763	0.997126	0.997757
NA19035	0.9997954863123926	0.9998429573185303	0.9978832778953736	0.9993702770780856	0.999487	0.99983	0.997612	0.999212
NA19036	0.9997011086307872	0.9999324201387986	0.9972803347280335	1.0	0.999523	0.999892	0.997056	0.998123
NA19037	0.9995362502247765	0.9999099657869989	0.9980962453728185	0.9989501312335958	0.999531	0.999862	0.997598	0.998695
NA19038	0.999715289681685	0.9994159317140735	0.9974678202152354	0.9992146853833318	0.999521	0.999359	0.996951	0.999002
NA19041	0.9996985075476631	0.9999129109514479	0.9978284473398479	0.9994614245321125	0.999593	0.999863	0.99749	0.999175
NA19042	0.9996975367743058	0.999955110204448	0.9973966468811829	0.9981301421091997	0.999495	0.99992	0.997036	0.997701
NA19043	0.9996708137975168	0.9999247460178101	0.9971590909090908	0.9987943091391367	0.999381	0.999913	0.996861	0.998044
NA19054	0.9995160746919315	0.9997660335810625	0.9977417771232204	0.9988766148661299	0.99924	0.999755	0.997468	0.998561
NA19055	0.9997435229252102	0.9999419924755953	0.9983388704318937	0.999124726477024	0.999693	0.999935	0.997839	0.998875
NA19056	0.9997300023029216	0.9999359066197151	0.9980669447553159	0.9991324465008675	0.999697	0.999905	0.997657	0.998783
NA19057	0.9999097744360903	0.9999778969704113	0.9978147762747139	0.9992880873279544	0.999711	0.999978	0.997621	0.999031
NA19058	0.9996781762185585	0.9997589432070196	0.9978465955701393	0.9992	0.99958	0.999742	0.997514	0.99871
NA19059	0.9996220095615146	0.999910130891713	0.9975562570003056	0.9989839979679959	0.999472	0.999838	0.997492	0.999035
NA19060	0.9992114563852177	0.9994564833768618	0.9975377039088952	0.9982448442299254	0.999085	0.999247	0.997341	0.997975
NA19062	0.9994647994112793	0.9999369820713994	0.9975525188660005	0.9981679389312977	0.999327	0.99994	0.997359	0.997949
NA19063	0.9996044060376429	0.9998860098458996	0.9972943180679428	0.9985398414685024	0.999431	0.999836	0.997178	0.998299
NA19064	0.9996509410239599	0.9998873548093095	0.9980369872920756	0.9994038748137107	0.999724	0.99987	0.997512	0.999247
NA19065	0.9996010552089724	0.999674602174917	0.9976424764247643	0.999160897839312	0.99938	0.999485	0.997426	0.998948
NA19066	0.9996232390842356	0.9998865027926286	0.9978727714748785	0.9992381919756222	0.999481	0.999872	0.997779	0.998639
NA19067	0.9997325448723453	0.9999545006445743	0.9980168567178977	0.9987944544906571	0.999599	0.999959	0.997723	0.99877
NA19068	0.9995084349847209	0.9998908885522837	0.9975465140053158	0.9989179831205367	0.999475	0.999759	0.997074	0.998751
NA19070	0.9997268943518108	0.999953814534566	0.9977991196478592	0.9988317757009347	0.999568	0.999956	0.997363	0.998693
NA19072	0.9997086525493685	0.9999193434557296	0.9974515800203874	0.9985257985257986	0.999548	0.999905	0.997343	0.99818
NA19074	0.999693869741575	0.9998575075699103	0.9972795969773298	0.9990398463754201	0.999564	0.999788	0.997134	0.998684
NA19075	0.9997402251231673	0.9997773842651151	0.9980502821959981	0.9992486851990985	0.999478	0.999727	0.997703	0.998866
NA19076	0.9998277440651275	0.999950753714401	0.9977507412330028	0.9985371562317145	0.999739	0.999943	0.997638	0.998506
NA19077	0.9997911034353768	0.9998455305364062	0.9977050488924367	0.999280368451353	0.999639	0.999816	0.997476	0.99921
NA19078	0.9997667598817278	0.9999015108239605	0.9972853749575841	0.9991624790619765	0.999608	0.999869	0.996669	0.998742
NA19079	0.9997615313131513	0.999905358433424	0.9976637887252411	0.999147485080989	0.999654	0.999892	0.997334	0.998768
NA19080	0.9996358865469974	0.9997883527894442	0.9979260595130749	0.9991642988467323	0.999462	0.999752	0.997813	0.998903
NA19081	0.9996893189109677	0.9999126821849827	0.9976344749562891	0.9992641648270788	0.999528	0.999912	0.997591	0.998797
NA19082	0.9994293846447636	0.9998545105370743	0.9981668194317139	0.9988774135608441	0.999466	0.999815	0.997835	0.998631
NA19083	0.9997086274830936	0.9997766843582281	0.9981818181818181	0.9992420414350683	0.999602	0.999695	0.99766	0.998855
NA19084	0.9995706671627846	0.9994125296210484	0.9977683100020288	0.9988077496274217	0.999349	0.999417	0.997345	0.998383
NA19085	0.9996328062116545	0.9999321808600824	0.9976412675623013	0.9989204749910041	0.999531	0.999937	0.997274	0.998375
NA19086	0.9997497556024342	0.999931112224449	0.9979771417012239	0.999099099099099	0.999641	0.999932	0.997621	0.999074
NA19087	0.9997120547434747	0.9998950223077596	0.9979330301777595	0.9988423246121787	0.999504	0.999845	0.99763	0.998408
NA19088	0.999680698826743	0.9998187042794855	0.9975898774854387	0.998581560283688	0.999568	0.999743	0.997213	0.99833
NA19089	0.9996618390784792	0.9999472499648332	0.9975862415769889	0.9992834109638121	0.999583	0.999869	0.997232	0.999003
NA19090	0.9995799376603136	0.9998705929717604	0.9977741804937272	0.9981812670506213	0.999404	0.999814	0.99755	0.997952
NA19091	0.999822107015337	0.9999281003457718	0.9977913864069873	0.9995023637720827	0.999534	0.999862	0.997498	0.999271
NA19092	0.9994745056204192	0.9998700644805015	0.9975002603895426	0.9984496124031008	0.999368	0.999848	0.997331	0.998093
NA19093	0.9995584438446192	0.9998933982141066	0.9976907735908472	0.9986915276414785	0.999354	0.999829	0.997563	0.998328
NA19094	0.9996291510125602	0.9998063901708999	0.9979026845637584	0.9991914291489793	0.999262	0.999753	0.997636	0.998876
NA19095	0.9996812342609418	0.9999289379059423	0.9973396091271872	0.9984375	0.999395	0.999862	0.997259	0.998252
NA19096	0.9997972241387446	0.9999392560895769	0.9978499027336952	0.9985501993475898	0.999634	0.999925	0.99749	0.998515
NA19097	0.9997258655264007	0.9999386139916252	0.9979012592444533	0.9994257274119449	0.999563	0.999899	0.997815	0.99907
NA19098	0.999316352564735	0.9997417599375186	0.9970143107175949	0.9973451327433628	0.999286	0.999715	0.997113	0.997421
NA19099	0.9994156761114328	0.999784782393478	0.9977157096874675	0.998886591379036	0.999323	0.999737	0.997552	0.998689
NA19100	0.9997133079217169	0.9999182401431279	0.9979149291075895	0.9985446985446986	0.99968	0.999907	0.997726	0.998308
NA19101	0.9997813843575303	0.9999499834945532	0.9975341621288399	0.9987730061349693	0.999551	0.999939	0.99737	0.998741
NA19102	0.9998355357972445	0.9999750921590116	0.9974419318530645	0.9975878704341832	0.999668	0.999947	0.997544	0.997281
NA19103	0.9997390932420872	0.9998169892968256	0.9977035490605428	0.9990743954645379	0.999401	0.999757	0.997619	0.99881
NA19107	0.9995828798997048	0.9999123178769235	0.9974133471288155	0.9987904445116419	0.99936	0.999881	0.997445	0.998583
NA19108	0.9996691419748549	0.9998198182738591	0.9974606399187405	0.9991554054054054	0.999437	0.999774	0.997235	0.998273
NA19109	0.9996189133860981	0.9997834744163319	0.997937293729373	0.9986953685583824	0.999357	0.999722	0.997615	0.998473
NA19113	0.9994850317411852	0.9999753398477235	0.9978819969742815	0.9977553310886645	0.999517	0.999957	0.997384	0.997509
NA19114	0.9997853087578124	0.999787685774947	0.9971541823356032	0.9982566248256625	0.99949	0.99977	0.997192	0.998116
NA19115	0.9995174131890066	0.9999129455419955	0.9978699665280454	0.9990608564988731	0.999548	0.99986	0.997553	0.998839
NA19116	0.999393023486275	0.9998356623338068	0.9976158391209703	0.9986893840104849	0.999357	0.999827	0.997202	0.99844
NA19117	0.9997363904959043	0.999952207990824	0.9976923848700713	0.9985007496251875	0.999482	0.999922	0.997438	0.998445
NA19118	0.9994084527871381	0.9996944845736532	0.9976364196896517	0.9989955805544395	0.999329	0.999634	0.997312	0.99847
NA19119	0.999493453299093	0.9997379267624426	0.9974518397716848	0.9993805492463349	0.999364	0.999547	0.99749	0.998954
NA19120	0.9996330749002847	0.9999494425064073	0.9975462631632757	0.9992387718853082	0.999554	0.999864	0.997467	0.999019
NA19121	0.9995698481474345	0.9999806330100659	0.9977587612061939	0.9988893002591632	0.999525	0.999965	0.997675	0.998872
NA19122	0.9995861979274429	0.9996861894844951	0.9973496432212029	0.9986326344576115	0.999238	0.99961	0.997494	0.998434
NA19123	0.9996020524446643	0.9999464852715576	0.9979573077315903	0.9988368711834837	0.9995	0.999881	0.997723	0.998563
NA19127	0.9996315453551561	0.9998428153258023	0.9976300875837197	0.9992223950233282	0.999433	0.999806	0.997554	0.999131
NA19128	0.999527427212996	0.9999055923071216	0.9975870751154008	0.9987785016286644	0.99936	0.999888	0.997532	0.99864
NA19129	0.9994499143692611	0.9997400601905071	0.9974837492136716	0.9991861096039067	0.999356	0.999751	0.997464	0.99899
NA19130	0.9995545189372014	0.9998655541270681	0.9976138603589584	0.9978152309612983	0.999446	0.999869	0.9974	0.997619
NA19131	0.9996096343185198	0.9998391010252482	0.9977363926329869	0.9989949748743719	0.999475	0.999796	0.997626	0.998203
NA19132	0.9995812075371325	0.9998275862068966	0.9977869111602908	0.9993795243019649	0.999439	0.999834	0.997554	0.998672
NA19137	0.9995494397150338	0.9997683281400225	0.9975070115300716	0.9993057162693821	0.999423	0.999709	0.997277	0.998976
NA19138	0.9997394103620629	0.9997368887668663	0.997163120567376	0.999745417515275	0.99941	0.999641	0.997259	0.998388
NA19139	0.9996794074015074	0.9998531440289935	0.9980430528375733	1.0002421893921045	0.999625	0.999842	0.997691	0.998807
NA19140	0.9994692253078834	0.9997590571101578	0.9972734899328859	0.9988545246277204	0.999235	0.999717	0.997024	0.998616
NA19141	0.9997637246685582	0.9999178861550192	0.9976011681268252	0.9982925441092773	0.999447	0.999904	0.997289	0.998238
NA19142	0.9996101432679785	0.9999183617078731	0.9979430217011209	0.998524711089255	0.999374	0.999921	0.997588	0.998249
NA19143	0.9995179608124787	0.9999281951860001	0.997648502198139	0.998911623857205	0.999363	0.999899	0.997264	0.998681
NA19144	0.999540037854356	0.9999251710861077	0.9972032318210069	0.9980494148244474	0.999433	0.999905	0.997441	0.997366
NA19145	0.9993590192644484	0.9996469179519195	0.9972000414808668	0.9981464318813716	0.999179	0.999627	0.997334	0.997941
NA19146	0.9995636370080118	0.9997336468937379	0.9975482684646032	0.9981563421828908	0.999315	0.999687	0.997538	0.997986
NA19147	0.9993855819356895	0.9997958975405655	0.9974213512119648	0.9986714746631239	0.99941	0.999727	0.997241	0.998344
NA19148	0.999657388061378	0.9998467875473632	0.997946611909651	0.9990018299783731	0.999547	0.999798	0.99784	0.998728
NA19149	0.9995163275770087	0.9999510973013235	0.9977445150707401	0.9977653631284916	0.999457	0.999921	0.997702	0.997056
NA19150	0.9994727728279692	0.9997502049948139	0.9979027645376549	0.9985052316890881	0.999318	0.999743	0.997501	0.998099
NA19151	0.999583712994229	0.9999427601856204	0.997468098035244	0.9991610738255033	0.999496	0.999934	0.997474	0.998886
NA19152	0.9995693093204846	0.9996746209886007	0.9975188669492401	0.9991441287230399	0.999283	0.99965	0.997275	0.998785
NA19153	0.9996275570097071	0.9998870377156271	0.9975644408362088	0.9974554707379134	0.999411	0.99982	0.997266	0.99683
NA19154	0.9995268582243241	0.9999287188786625	0.9974984365228269	0.998611753817677	0.999435	0.999915	0.997358	0.998305
NA19159	0.9996004614158418	0.9998310598820316	0.9975835259508299	0.9985032740879326	0.999317	0.99981	0.997478	0.998194
NA19160	0.9995792955971744	0.9998729182804029	0.9974734714502274	0.9985781990521327	0.999409	0.999774	0.997335	0.998209
NA19161	0.9996614100803819	0.9996647229660238	0.9980482794042116	0.9990277777777778	0.999307	0.999661	0.997386	0.998818
NA19171	0.9996413771944918	0.9999610607063588	0.9976400574594706	0.9993568097764914	0.999507	0.999939	0.997129	0.999115
NA19172	0.9994817197133229	0.999858399788887	0.9974361603938059	0.998088867654085	0.999368	0.999859	0.997433	0.997583
NA19173	0.9995446816976399	0.999819202910833	0.9976056631272122	0.9984575835475579	0.999433	0.999824	0.997473	0.998274
NA19174	0.9995579217750203	0.9997969448663009	0.9976741834361412	0.998442367601246	0.999376	0.999752	0.997506	0.998286
NA19175	0.9996369397319955	0.9998275558288005	0.9970285471718136	0.9989803721641602	0.999374	0.999762	0.996887	0.998802
NA19176	0.999673205060083	0.9998082745508432	0.9977795720629794	0.9963257807715861	0.999309	0.99979	0.997668	0.995412
NA19177	0.9996540398511057	0.9999375223444392	0.9977391840509711	0.9987248150981892	0.99952	0.999937	0.997659	0.998116
NA19184	0.9997041854565653	0.9998156821927314	0.9982658369886768	0.9987767584097859	0.99967	0.999737	0.997832	0.998515
NA19185	0.9997004194128221	0.9999081875516447	0.997826311975986	0.9980806142034548	0.999636	0.99991	0.997766	0.997753
NA19186	0.9996129889508345	0.9999696456125262	0.9981731452349539	0.9988658916926566	0.999604	0.999959	0.997843	0.998741
NA19189	0.9996205389949628	0.9999805012162367	0.9974706596519627	0.9989470913398263	0.999597	0.999922	0.99739	0.998943
NA19190	0.9996654104532186	0.9998954232742974	0.9975505205143906	0.9985134848163092	0.999547	0.99987	0.997489	0.998316
NA19191	0.9995578588772515	0.9999561493261613	0.9971828151725525	0.9986957939354419	0.999473	0.999936	0.996959	0.998482
NA19197	0.9996648530894328	0.9999445921985817	0.9981466227347612	0.998347562654916	0.99957	0.999914	0.99791	0.998193
NA19198	0.999621741079178	0.9999525321462853	0.9976748887990295	0.997680412371134	0.999518	0.999956	0.997429	0.997651
NA19199	0.9996688118933328	0.9999593782846466	0.9977735047060013	0.9990224828934505	0.999594	0.999918	0.997638	0.998759
NA19200	0.9998133497585546	0.9999534100514486	0.9974052932018681	0.9994022713687984	0.999611	0.999917	0.997677	0.99923
NA19201	0.9997061186910567	0.9999285750727005	0.996947496947497	0.9988576650673978	0.999629	0.999931	0.996906	0.9989
NA19202	0.9995896488933342	0.9999213597424794	0.9977244517997519	0.9989703459637562	0.999389	0.999909	0.997795	0.998794
NA19203	0.9995569501728807	0.9998414902453097	0.9972936400541272	0.9987559978674251	0.9994	0.999775	0.997332	0.998454
NA19204	0.9994008305044729	0.9996962332928311	0.997544757033248	0.9979845482028886	0.999147	0.99968	0.997382	0.997825
NA19205	0.9995162637003397	0.999780315003875	0.9973297730307076	0.9982347749338041	0.999441	0.99975	0.997497	0.997994
NA19206	0.9995319263791943	0.9998575681180475	0.9975698663426489	0.9979757085020242	0.999392	0.999823	0.997599	0.997953
NA19207	0.9995627797346764	0.9999407930767371	0.9973469387755101	0.9986833443054641	0.999298	0.999883	0.997271	0.998291
NA19208	0.9996745120923297	0.9998262689278029	0.9978793341109109	0.9986965022811211	0.999587	0.9998	0.997706	0.998249
NA19209	0.9997208822677143	0.999929227200346	0.9978170478170479	0.9990458015267174	0.999674	0.999918	0.997716	0.998651
NA19210	0.9995971053398444	0.9998268331633733	0.9974435013805092	0.9987871437234688	0.999377	0.999766	0.997324	0.997734
NA19211	0.9996079051013301	0.9999039439484688	0.9976871320437342	0.9988084599344652	0.999519	0.999889	0.997278	0.998122
NA19213	0.9997504099711215	0.9999563403328006	0.9977741804937272	0.9995419147961522	0.999622	0.99994	0.997694	0.999013
NA19214	0.9993895568668778	0.9996488558553286	0.9975686353966162	0.9982090888739648	0.999085	0.9996	0.997311	0.998059
NA19215	0.9996715103448974	0.9999620800111764	0.9973986993496748	0.9992047713717694	0.999574	0.999945	0.997348	0.998912
NA19221	0.9995872603876349	0.9997324743393754	0.9976592713209852	0.9987542821550919	0.999336	0.999712	0.997351	0.99854
NA19222	0.9996630668014399	0.9998947903698119	0.9974133471288155	0.9985011241568824	0.999405	0.99985	0.997168	0.998473
NA19223	0.999393149970747	0.9997448884684272	0.9977107180020811	0.9991746905089409	0.999331	0.999718	0.997672	0.998659
NA19224	0.999627271833804	0.9999568650535888	0.9981403037503873	0.9991228070175439	0.999622	0.999952	0.997838	0.998813
NA19225	0.9995462725001754	0.9998103651491989	0.9973692198725084	0.9986348122866895	0.999387	0.99977	0.997185	0.997913
NA19226	0.9995189918831865	0.9999030017718344	0.9974109362054681	0.9988475943532122	0.999244	0.999835	0.997172	0.998388
NA19235	0.9996340206185567	0.9998632986046694	0.9972978590729579	0.9981286549707603	0.999331	0.999849	0.997339	0.997808
NA19236	0.9997277406909477	0.9999108882657668	0.9975168132436628	0.999064546304958	0.999538	0.999879	0.997441	0.998473
NA19237	0.999713555400913	0.9998830782312925	0.9975247524752476	0.9991966580976864	0.999456	0.999857	0.997404	0.998737
NA19238	0.9994298271663598	0.9997935606205416	0.9977815871735404	0.9975500204164964	0.999323	0.999765	0.997339	0.996951
NA19239	0.9993485784553645	0.9996547653043394	0.9972950478568456	0.9979450295402005	0.999055	0.999612	0.997081	0.997825
NA19240	0.9993719831737443	0.9997438082897724	0.997533908754624	0.9992494370778083	0.999235	0.99971	0.997369	0.998402
NA19247	0.9997668450035418	0.9999266320920399	0.9980856423173804	0.9994341757827235	0.999631	0.999898	0.997806	0.999206
NA19248	0.9996752952547799	0.9999263802551844	0.9976687614027975	0.999252336448598	0.999656	0.999902	0.997633	0.998953
NA19249	0.9996926100867186	1.0	0.9976578411405296	0.9992116673236107	0.999653	1.0	0.997568	0.998523
NA19256	0.9997077305275464	0.9999007255792225	0.9978534191965656	0.9993444055944055	0.999641	0.999886	0.99722	0.998912
NA19257	0.999467443835243	0.9997520439619354	0.9973544973544973	0.9977835241965276	0.999287	0.999689	0.997168	0.997764
NA19258	0.9996625459582369	0.9998546413031891	0.998018976123449	0.9987667009249743	0.9996	0.999807	0.99773	0.998643
NA19307	0.9995708849597946	0.9999218989707401	0.9980261790982755	0.9995775242923532	0.999607	0.999895	0.997539	0.998902
NA19308	0.9997363596261476	0.9998692352353504	0.9975275574327803	0.9993508601103539	0.999604	0.999767	0.997289	0.998909
NA19309	0.9996577961225344	0.9999372832913728	0.9977029861180465	0.999606840967171	0.999559	0.999945	0.997536	0.999039
NA19310	0.999655994299334	0.999873859275467	0.9972984206151289	0.9989544123797575	0.999396	0.999848	0.997053	0.998711
NA19312	0.9996548785015452	0.999892542445734	0.9974536565491953	0.998894783377542	0.999531	0.999843	0.997404	0.998349
NA19314	0.9995287137644494	0.9999080621806118	0.997469955724225	0.9993940862821133	0.999349	0.999891	0.997208	0.998939
NA19315	0.9994499792444999	0.9997157939929735	0.9974098632407793	0.9975369458128078	0.999199	0.999683	0.996816	0.996895
NA19316	0.9996622072790404	0.9996177451209411	0.9971349636754323	0.9980440097799512	0.999483	0.999612	0.996989	0.996774
NA19317	0.9996286739551912	0.9999624765478424	0.9978660705212886	0.9991308126901347	0.999579	0.999933	0.99778	0.997916
NA19318	0.9992553947848812	0.9996819746297825	0.9977095262883915	0.9984527309299087	0.998945	0.999576	0.99751	0.998208
NA19319	0.9995930688527501	0.9999056731693227	0.9972885598081135	0.9988620199146516	0.999584	0.999861	0.997322	0.99872
NA19320	0.9996375664803113	0.9998536182897294	0.9977982385908727	0.9991638795986622	0.999567	0.99984	0.997623	0.998173
NA19321	0.9996941466872489	0.9999296373766255	0.9978586723768735	0.9989023051591659	0.999568	0.999864	0.997704	0.998825
NA19323	0.9996574376865976	0.9999632147827526	0.9980604328297265	0.9980023971234517	0.999695	0.999947	0.997541	0.997678
NA19324	0.9997328256397704	0.9999363334429813	0.9973305954825462	0.998578333807222	0.999661	0.999919	0.997189	0.998291
NA19327	0.9996246337642943	0.9998007093271725	0.9969211168913897	0.9975691279246429	0.999244	0.99978	0.997005	0.997016
NA19328	0.9994895452486233	0.9998666894183392	0.9976564092113308	0.9993574297188754	0.999552	0.999873	0.997477	0.999187
NA19331	0.9996256123911601	0.9998785420825279	0.9979039824333765	0.9987190435525193	0.999531	0.999883	0.997611	0.99833
NA19332	0.9997407227353752	0.9998521765397742	0.9974471561319311	0.9987261146496815	0.999592	0.999857	0.997263	0.998557
NA19334	0.9996548954780656	0.9999192510806898	0.9976427180485805	0.9986239433850992	0.999575	0.999923	0.99737	0.998328
NA19338	0.9997595156361989	0.9999296485947307	0.9975891511803113	0.9990433673469389	0.999673	0.999929	0.997527	0.998715
NA19346	0.9992615365277552	0.999566381562544	0.996881496881497	0.9985428051001821	0.998958	0.999477	0.996367	0.998275
NA19347	0.9996209937003739	0.9999493552287562	0.997467585089141	0.9985298441634813	0.999701	0.999947	0.99734	0.99821
NA19350	0.999518806815089	0.9999010146003464	0.9972536178303582	0.9969558599695586	0.99938	0.999909	0.997183	0.996845
NA19351	0.9993319586434831	0.9996831304407944	0.9971645569620252	0.998807157057654	0.999219	0.9996	0.996894	0.99857
NA19355	0.999664829934709	0.9998979189067795	0.9979713738307225	0.9990821477742085	0.999599	0.999906	0.997569	0.9987
NA19360	0.9996648908747209	0.999952243241092	0.9978659837814768	0.9990042674253201	0.999572	0.999935	0.997802	0.998687
NA19372	0.9996535483433312	0.9998832464851048	0.9975784481888811	0.9985981308411215	0.999519	0.999849	0.997682	0.997883
NA19374	0.9996352739569111	0.9999356358534041	0.9974306269270298	0.9969951923076923	0.999391	0.999892	0.997398	0.996304
NA19375	0.9997297891516218	0.9999454042511889	0.9976136127827351	0.9974811083123426	0.999583	0.999896	0.997767	0.997049
NA19376	0.9994688774716421	0.9998962540294195	0.9974629592043841	0.9967320261437909	0.999454	0.999879	0.997503	0.996333
NA19377	0.9996315662045454	0.9998040191955252	0.9974208191478386	0.9992311635058945	0.999417	0.999779	0.997342	0.998457
NA19378	0.9997348017194883	0.9999101898586388	0.9977316547578542	0.9991095280498664	0.999569	0.999828	0.997599	0.998718
NA19379	0.9996127734179655	0.9999476912212794	0.9974887517003242	0.998271178068659	0.9996	0.999913	0.997227	0.998195
NA19380	0.999397197942695	0.9996814530062198	0.9968782518210199	0.9984981226533165	0.999165	0.999619	0.996731	0.998226
NA19383	0.9995459004209288	0.9998224833960763	0.997733594313382	0.9986504723346828	0.999398	0.999825	0.997394	0.998391
NA19384	0.9995979285056297	0.9999557228248839	0.9978890229191797	0.9985026204142751	0.999607	0.99996	0.99764	0.998234
NA19385	0.999786376953125	0.9999752231294838	0.9976592713209852	0.9993201903467028	0.999708	0.999967	0.997697	0.998727
NA19390	0.9995546505779571	0.9997588886033622	0.9973970657832465	0.9991463935125907	0.999406	0.999699	0.996953	0.998926
NA19391	0.9994807295749472	0.9999069911641606	0.9977377892030848	0.9987834549878345	0.999502	0.999911	0.997623	0.998751
NA19393	0.999718772441708	0.9999343134561871	0.9976056631272122	0.9983989753442203	0.999525	0.999901	0.997619	0.998129
NA19394	0.9995168456227292	0.9998732468926849	0.9977689889463544	0.9989962358845671	0.999513	0.999879	0.997629	0.998871
NA19395	0.9996533083372925	0.9998009604932097	0.9977422003284072	0.9993403693931397	0.999374	0.999777	0.997584	0.998794
NA19397	0.9996604653472551	0.9999164799748456	0.9975252629408125	0.9967695620961953	0.999529	0.999888	0.99748	0.9963
NA19399	0.9997801632705534	0.9999123217208323	0.9981066268061783	0.9983534577387486	0.999693	0.999914	0.997664	0.998376
NA19401	0.9998002571688951	0.9999274284262855	0.9974831370180207	0.9982148170187445	0.999519	0.999906	0.997404	0.997898
NA19403	0.9997070127601471	0.9999787070947961	0.9977721518987341	0.9992335206949412	0.999648	0.999939	0.997618	0.998725
NA19404	0.999742198896695	0.9999626428909422	0.9977551020408163	0.9980976537729868	0.999611	0.999928	0.997592	0.997871
NA19428	0.9997586251287333	0.9998607222941823	0.998008385744235	0.9990447598253275	0.999698	0.999826	0.99782	0.998767
NA19429	0.9995979775991011	0.9999235891278244	0.9973832528180354	0.9989423585404549	0.999634	0.999927	0.997543	0.998791
NA19430	0.9995753900423521	0.9998683142804266	0.9978213507625273	0.9989333333333333	0.999495	0.999822	0.997669	0.998476
NA19431	0.9996291332239708	0.9999671937536907	0.9976121262458472	0.9982603653232821	0.999531	0.999935	0.99751	0.997931
NA19434	0.9995597666268479	0.9998029394860005	0.9973606418918919	0.9991894958664288	0.99936	0.999808	0.997117	0.998962
NA19435	0.9995649321812677	0.9999616693019021	0.9976456136759136	0.9982123703968537	0.999571	0.99996	0.997675	0.997764
NA19436	0.9995205438019085	0.9999529813727872	0.9980614223038465	0.9985652797704447	0.999615	0.999957	0.997834	0.998442
NA19437	0.9997042707448422	0.999904443889983	0.997830802603037	0.9989965596330275	0.999621	0.999871	0.997687	0.998906
NA19438	0.999632476334969	0.9999321672561656	0.997468098035244	0.9992858600285657	0.999495	0.999919	0.997433	0.99868
NA19439	0.9993872549019608	0.999910676754939	0.9978059240051862	0.9989874699405138	0.999578	0.999885	0.997705	0.998845
NA19440	0.9996477127423605	0.999475151120281	0.9981867633726202	0.9985860728172499	0.999606	0.999461	0.997814	0.998345
NA19443	0.9996824508743941	0.9998302581773123	0.9979510296076222	0.9984233346472213	0.999666	0.999788	0.997817	0.997931
NA19445	0.9997663367267509	0.9999391549171124	0.9983969542130047	0.9988415199258572	0.999642	0.999941	0.998094	0.998752
NA19446	0.9997254468755855	0.9999488124488124	0.997747055811572	0.9988092402953084	0.999651	0.999926	0.997758	0.998181
NA19448	0.9997593669047888	1.0	0.9980438587460106	0.9992012779552717	0.99949	0.999986	0.997764	0.998902
NA19449	0.9998251835976891	0.9999405948996479	0.9980852564748564	0.9991534391534392	0.999677	0.99994	0.997874	0.998968
NA19451	0.999609031375232	0.999969678776963	0.9977338277709106	0.9979748886188741	0.999621	0.999931	0.997655	0.997881
NA19452	0.9996961376533041	0.9999793936230131	0.9977275074888959	0.9976097998207349	0.999595	0.999961	0.997541	0.997362
NA19454	0.999674030746066	0.9999150676981223	0.9979430217011209	0.9989504617968094	0.999689	0.999897	0.997588	0.998758
NA19455	0.9997102029168005	0.9999394683592467	0.9976637887252411	0.9994746059544659	0.999645	0.999923	0.997484	0.99899
NA19456	0.9997421018697615	0.9998833229620411	0.996940024479804	0.9994731989990782	0.999611	0.999874	0.99721	0.999014
NA19457	0.9996892003164506	0.9999518953242255	0.9981	0.9984954864593781	0.999664	0.99991	0.99803	0.998305
NA19461	0.9995165358605563	0.9997282712070735	0.9981655116184265	0.9993739565943238	0.999669	0.999721	0.997842	0.998992
NA19462	0.9996453670363393	0.9998186260388994	0.9976662777129521	0.9996666666666667	0.999588	0.999764	0.997512	0.998297
NA19463	0.9997779545042953	0.9999446246706322	0.9977705715443859	0.9995186522262335	0.999696	0.999949	0.997746	0.998941
NA19466	0.9996973222282848	0.9999606122432904	0.9981327800829874	0.9990428790199082	0.999583	0.999934	0.997724	0.998633
NA19467	0.9997087573916891	0.999680470773061	0.9977334542157752	0.9997119815668203	0.999659	0.999652	0.997551	0.998636
NA19468	0.9996148626676574	1.0	0.9978658536585366	0.9982832618025751	0.999651	1.0	0.997645	0.998086
NA19471	0.9996023751995731	0.9998316240624521	0.9976116303219106	0.9991433466590519	0.999612	0.999821	0.997558	0.998652
NA19472	0.9996783797984301	0.9999251289653572	0.9980388109000826	0.9993676889029401	0.999583	0.999931	0.997722	0.998935
NA19473	0.9995492653024428	0.9998177453210825	0.998046302627723	0.9985404503753127	0.999603	0.999769	0.998026	0.998429
NA19474	0.9997606861193636	0.9999519734893662	0.9977377892030848	0.9990293146961754	0.999709	0.999955	0.99763	0.998648
NA19475	0.9996773432100275	0.9998428290766208	0.9977197346600332	0.9991046112520519	0.99958	0.999837	0.997736	0.998956
NA19625	0.9997581535241429	0.9996529377621667	0.9979729008855223	0.9992060341405318	0.999556	0.999616	0.997752	0.999036
NA19648	0.9995613725322559	0.9999408996550017	0.997765136123527	0.9992438563327031	0.99961	0.999916	0.997697	0.999073
NA19649	0.9997000806033378	0.9998645496275114	0.9976661593099949	0.9988835132117605	0.999502	0.999852	0.99771	0.998832
NA19650	0.9996175687474292	0.9999107863735106	0.9972954021837122	0.9992354740061161	0.999539	0.999911	0.997437	0.998749
NA19651	0.9997248814425539	0.999933239312031	0.9980661577608142	0.9992675334187876	0.999634	0.999925	0.998047	0.999031
NA19652	0.9996134654578677	0.999981561608811	0.9977991196478592	0.9992010652463381	0.999573	0.999965	0.997979	0.998869
NA19653	0.999598553016508	0.999969310195494	0.9974054485580279	0.9986934935981187	0.999531	0.999951	0.997487	0.998159
NA19654	0.9997572075771898	0.9999387758225723	0.9978658536585366	0.998925020155872	0.999633	0.999896	0.99763	0.998738
NA19655	0.9995144500069503	0.9998947188994615	0.997761953204476	0.9982866933181039	0.999409	0.999881	0.997695	0.997664
NA19656	0.999699363434751	0.9998819216409517	0.9976305758730811	0.999205718824464	0.999536	0.99985	0.99734	0.998864
NA19657	0.999762041008266	0.9999766455178856	0.9978957915831662	0.9993719907891981	0.999618	0.999899	0.997825	0.999327
NA19658	0.9997633443535385	1.0	0.9980185629366983	0.9994131455399061	0.999703	0.999989	0.997875	0.99888
NA19659	0.9997814419213129	0.9999841891400474	0.9978567054500918	0.9988231832892028	0.999671	0.999952	0.997634	0.998577
NA19660	0.9997760947275515	0.9999338325301338	0.9975371414951935	0.9982841455044612	0.999586	0.999935	0.997658	0.997954
NA19661	0.9996048551903362	0.9999247438603532	0.9977449967114534	0.9987814784727864	0.999474	0.999899	0.997696	0.99828
NA19662	0.9997076904807578	0.9999403155014416	0.9975678644280558	0.998632946001367	0.999515	0.999919	0.997512	0.998614
NA19663	0.99978750842639	0.9997866562108989	0.9979720137903063	0.9994038155802862	0.999495	0.999753	0.997907	0.999006
NA19664	0.9997529200359389	0.9999666292172327	0.9979937807202328	0.9991073421111358	0.999661	0.9999	0.997907	0.998939
NA19665	0.9997145735114261	0.9999636678514984	0.9976242328251831	0.9990248659190638	0.999639	0.999928	0.997611	0.998794
NA19669	0.9996663534641587	0.9998098647417111	0.9975889089813139	0.998769987699877	0.999312	0.999793	0.997521	0.998113
NA19670	0.9996745868609022	0.9998592596176259	0.9977442838101097	0.9992818671454218	0.999369	0.999852	0.997748	0.998753
NA19671	0.9997296842405913	0.999825124313803	0.9980363786688714	0.9991987179487178	0.999469	0.999787	0.998006	0.998553
NA19675	0.999416082588662	0.9997831173269538	0.9981081350194165	0.9985726520125606	0.999359	0.999746	0.998031	0.998199
NA19676	0.999575328744882	0.9999105601001729	0.9978333661611187	0.9985792090930619	0.99948	0.999809	0.997733	0.998346
NA19677	0.999525871724035	0.9999717339790549	0.9978028562868271	0.9980732177263969	0.999557	0.999943	0.99777	0.997187
NA19678	0.999663969277191	0.9997989258406751	0.9978465955701393	0.9980682549903414	0.999403	0.999616	0.997693	0.998039
NA19679	0.9993453677526994	0.9998885014596172	0.9970591217929217	0.9989701338825953	0.999334	0.99984	0.997345	0.99832
NA19680	0.9993671597300671	0.999927725522183	0.9978028562868271	0.9984407484407485	0.999521	0.999931	0.99768	0.997607
NA19681	0.9997821879223202	0.9999122752698825	0.9979808177688037	0.999208025343189	0.999653	0.9999	0.997733	0.998842
NA19682	0.9996720229996215	0.9997984917885405	0.997444285422204	0.9992360580595876	0.999542	0.999783	0.997265	0.99851
NA19683	0.9996635878567992	0.9998834740276555	0.9975511803310804	0.999140154772141	0.9996	0.999864	0.997298	0.998046
NA19684	0.9988592456301747	0.9999452284884889	0.9977848101265822	0.9991023339317773	0.999372	0.99989	0.997718	0.998615
NA19685	0.9996886674968866	0.9998155143635246	0.9980650154798762	0.9990212071778142	0.999392	0.999809	0.998054	0.99843
NA19686	0.999715589858269	0.9997585192971492	0.9978406169665811	0.9990059642147119	0.999531	0.999765	0.997696	0.998417
NA19700	0.9995373759259802	0.999785524256294	0.9973182052604436	0.9985522982265653	0.999264	0.999723	0.997233	0.998077
NA19701	0.9994278728953896	0.9998828966680198	0.9971742860026238	0.998306806637318	0.999202	0.999789	0.99699	0.997889
NA19702	0.9996665993129925	0.9999709811280603	0.997565676032052	0.9989942167462912	0.999553	0.999957	0.997262	0.998625
NA19703	0.9996878000613508	0.9998793401000382	0.9974739820147519	0.9967105263157895	0.999474	0.999841	0.997033	0.996267
NA19704	0.9996968829748142	0.9998743905084901	0.9976276431150077	0.9983970077477957	0.999531	0.999877	0.997212	0.998123
NA19705	0.9996189447946271	0.9999017347594393	0.9972418020226786	0.9982347749338041	0.99947	0.999838	0.997231	0.997563
NA19707	0.9997297230336789	0.9999363206045297	0.9978787878787878	0.9986091794158554	0.999653	0.999861	0.997659	0.998283
NA19711	0.9994672867031629	0.9997649067037365	0.9974348450646419	0.998389694041868	0.999434	0.999724	0.997479	0.997655
NA19712	0.9995990562604785	0.999964237818507	0.997589635432359	0.9988929889298892	0.999653	0.999907	0.997665	0.998514
NA19713	0.9998050620276038	0.9998796381119232	0.9971641634282112	0.9989075018208302	0.999583	0.999824	0.997311	0.99873
NA19716	0.9997444976871556	0.9996004338147155	0.9981821854170876	0.9986324786324788	0.999648	0.999525	0.997914	0.998551
NA19717	0.9995838571622563	0.9998244630275251	0.9978669375317419	0.9987883683360259	0.999281	0.999813	0.997496	0.99833
NA19718	0.9996477293945758	0.9998010731298187	0.9976699422550906	0.9985999299964998	0.999539	0.999807	0.997509	0.998218
NA19719	0.9995881790926762	0.9998844938810633	0.9974170885422048	0.9985704074338813	0.999245	0.999824	0.997086	0.998023
NA19720	0.9995774414077238	0.9998347337473689	0.9977244517997519	0.9990114669829971	0.99927	0.999798	0.997181	0.998697
NA19721	0.999649364420205	1.0	0.9976877450487585	0.9985549132947977	0.999546	1.0	0.997539	0.998469
NA19722	0.9995697917110363	0.9997853354864834	0.9972594397076735	0.9989871708305198	0.999437	0.999776	0.997395	0.998888
NA19723	0.9996372036941201	0.9998129486310179	0.9973228995057661	0.9988390991409334	0.999404	0.99982	0.997645	0.998607
NA19724	0.9996897333846878	0.999913790006825	0.9977748558713462	0.9992397364419665	0.999466	0.999893	0.997767	0.99888
NA19725	0.9994670626025178	0.9997857640190672	0.9977644548318262	0.9985123475156203	0.99926	0.999704	0.997701	0.998255
NA19726	0.9996423902826809	0.9999622554015216	0.9973934837092732	0.9986715376951181	0.999434	0.99995	0.997304	0.998362
NA19727	0.9995901290533548	0.9999162443988442	0.9973368841544608	0.9984534488091555	0.999521	0.999917	0.997437	0.997963
NA19728	0.9995412234631429	0.9998098910947558	0.9973949484652846	0.99906191369606	0.999456	0.99981	0.997209	0.998616
NA19729	0.9996679472220557	0.9998950579804657	0.997983870967742	0.9995131450827653	0.999593	0.999885	0.997955	0.999081
NA19730	0.9997506202684648	0.9999533545829122	0.9976462676529925	0.9992088607594936	0.999551	0.999943	0.997358	0.998635
NA19731	0.9997837544468142	0.9998252464298392	0.9981034138550609	0.9993083174822756	0.999642	0.999826	0.997954	0.998957
NA19732	0.9998473439624539	0.9999804052200493	0.998356694055099	0.9988313206077134	0.999658	0.999981	0.998188	0.997957
NA19733	0.9997364314686832	0.9999190037460768	0.9977333608077478	0.9982480728801681	0.999589	0.999878	0.997464	0.998083
NA19734	0.9997353572846299	0.9999764689272184	0.997792937399679	0.9994506701823774	0.999662	0.999977	0.997829	0.99929
NA19735	0.9998059028751257	0.9998464435518414	0.9978414442700156	0.9984152139461173	0.999685	0.999808	0.9977	0.998124
NA19740	0.9998320326174975	0.9999764400989516	0.9981786906809674	0.9995304061986382	0.999716	0.999955	0.997874	0.999194
NA19741	0.9997531201733463	0.9998896356232974	0.9982735858637148	0.999337528983107	0.999685	0.999853	0.997883	0.998953
NA19746	0.9997091571593983	0.999835082698047	0.9977842683049652	0.9990473922362467	0.999578	0.999779	0.997735	0.998731
NA19747	0.9994362704778259	0.9997664653178542	0.997467585089141	0.999118424919189	0.9992	0.999661	0.99716	0.998621
NA19748	0.9996292673970687	0.9998871770930594	0.9976715934399676	0.9984998499849985	0.999519	0.999888	0.997414	0.998124
NA19749	0.9997433331796005	0.9999134181835134	0.99810303514377	0.9994122832794594	0.999625	0.999895	0.997968	0.998777
NA19750	0.9995173253792576	0.999949083873408	0.9980005712653527	0.9992850759606793	0.99958	0.999909	0.998077	0.99911
NA19751	0.9996946381735	0.9999879907288427	0.9978975535168195	0.9989006962257239	0.999559	0.999966	0.997702	0.998619
NA19752	0.9996965057303997	0.999960653776844	0.9981645763230345	0.9991762767710051	0.999623	0.999844	0.998052	0.998834
NA19755	0.9997046375005219	0.9999326916604968	0.9979079497907949	0.9990534784666352	0.999584	0.999937	0.997804	0.998947
NA19756	0.9996405416495691	0.9999772976654432	0.9982447083118223	0.9992493901294801	0.999683	0.999957	0.997954	0.998979
NA19757	0.9996409470790192	0.9999308728682922	0.9975701123823022	0.9989561586638831	0.999578	0.999892	0.997661	0.998526
NA19758	0.9997225751388449	0.9999376569203651	0.9976456136759136	0.9986357435197817	0.999578	0.999854	0.997369	0.998361
NA19759	0.9998406598846562	0.9999449295404065	0.9980839048003227	0.999508679986898	0.999704	0.999926	0.997906	0.999143
NA19760	0.9996942861415257	0.9999026769910158	0.9980635955972279	0.9991728701406121	0.999576	0.999907	0.997631	0.998744
NA19761	0.9995760236076805	0.999918700203875	0.997651532095728	0.99858806918461	0.999621	0.9999	0.997356	0.998236
NA19762	0.9997391924925373	0.9998294309195225	0.9979558462796401	0.9989987985582699	0.999545	0.999823	0.997938	0.998796
NA19763	0.9997316402150059	0.9998602943978054	0.9975429975429975	0.9984313725490196	0.999591	0.999844	0.997379	0.998003
NA19764	0.9997469695941795	0.9998613165680472	0.9979773462783172	0.999366687777074	0.999645	0.999811	0.997943	0.999079
NA19770	0.9997194445001102	0.9999494919734327	0.9980741012472486	0.999367355546183	0.999728	0.999904	0.997942	0.998772
NA19771	0.9995882692312579	0.9999738567217636	0.998266190719021	0.999359658484525	0.999597	0.999939	0.997924	0.999005
NA19772	0.9996538449922522	1.0	0.9975351751052685	0.9990848776023793	0.999576	0.999948	0.997344	0.998543
NA19773	0.9995558225591011	0.9996505539266273	0.9978571428571428	0.9994877923851802	0.999331	0.999384	0.997821	0.999176
NA19774	0.9997585468076075	0.9999818430513359	0.9980869915424889	0.9993166287015944	0.999719	0.999983	0.998058	0.999122
NA19775	0.9996398816475901	0.9998485856275315	0.9978595454082152	0.9990777034816695	0.999398	0.999802	0.99764	0.99851
NA19776	0.99962525345581	0.9999232861159377	0.9979791856118015	0.9993738259236067	0.99959	0.999914	0.997944	0.998984
NA19777	0.9996862317994996	0.9999652904323076	0.9978995799159833	0.998533724340176	0.999467	0.999935	0.997774	0.998504
NA19778	0.9994448027231336	0.9998760789841575	0.9976487425884277	0.9980256663376111	0.999453	0.999834	0.99747	0.997803
NA19779	0.9996677763086603	0.9998027916999356	0.9978734177215189	0.9994465199944652	0.999544	0.999701	0.997861	0.999347
NA19780	0.9995688953401715	0.9999515490462083	0.9978766430738119	0.9984813971146544	0.999413	0.999913	0.997595	0.998144
NA19781	0.9995983568218331	0.9998374580852564	0.9979652050055956	0.9988251879699248	0.999354	0.999827	0.997908	0.99861
NA19782	0.9997390750310987	0.9999250627599385	0.9976767676767677	0.9992617201919528	0.999532	0.999882	0.99744	0.999031
NA19783	0.9996651623962378	0.9997074867150216	0.9975111479829928	0.9985727878211228	0.99943	0.999616	0.997565	0.998339
NA19784	0.9996315505385932	0.9999481171232361	0.9975070115300716	0.9985787379192723	0.99955	0.999946	0.997614	0.998038
NA19785	0.9995683995893746	0.999907615913159	0.9976614699331847	0.999405911183722	0.999498	0.999858	0.997286	0.99903
NA19786	0.9994555410366499	1.0	0.9983688449383219	0.9991154356479434	0.999592	0.999937	0.998241	0.998792
NA19787	0.9995060331960011	0.9999541218930327	0.9973999547818223	0.9985955056179775	0.999481	0.999924	0.997463	0.998316
NA19788	0.999615744571508	0.9997780350704588	0.9975020815986677	0.997764863656683	0.999442	0.999696	0.997393	0.997201
NA19789	0.9996944852403638	0.9998966274712495	0.9976467951591216	0.9994114184814598	0.999529	0.9999	0.997526	0.999008
NA19790	0.9995773852052133	0.9999662299067945	0.9977782266208848	0.9990947495473749	0.999582	0.999949	0.99732	0.998544
NA19792	0.9997749961992601	0.9999755445415417	0.9980749746707195	0.9992655159750277	0.999676	0.999908	0.997766	0.998705
NA19794	0.9998360151225505	0.9999300146969136	0.9978357209110585	0.9982905982905983	0.999689	0.999933	0.997736	0.997857
NA19795	0.9997886850873955	0.9999201970600597	0.9983329860387581	0.99927060539752	0.999652	0.999909	0.997997	0.998913
NA19796	0.9997584050129042	0.9999375910131059	0.9974218830566156	0.9990179229069481	0.999581	0.999895	0.997246	0.998767
NA19818	0.9994647036366956	0.999861560900843	0.9972958918356735	0.9983792544570502	0.999261	0.999661	0.997155	0.997502
NA19819	0.9996911111111111	0.9999003062812581	0.9976587947882737	0.9985207100591718	0.999416	0.99986	0.997364	0.99747
NA19828	0.9994871489943661	0.9998326669367481	0.9974020575704043	0.9994031988541419	0.99942	0.999785	0.997314	0.998984
NA19834	0.9997461587342691	0.9998558549901201	0.9976803036693378	0.9984126984126984	0.999563	0.999817	0.997397	0.9982
NA19835	0.9997663818968874	0.9998181829201035	0.9980700863382428	1.0003386386725364	0.999616	0.999765	0.997598	0.998894
NA19836	0.999589031899966	0.9999432938700674	0.9975239863819252	0.9991291727140784	0.999554	0.999906	0.997265	0.998146
NA19900	0.9994756257992108	0.9995923199785549	0.9979693369885267	0.9984404242046163	0.999223	0.999571	0.99753	0.997803
NA19901	0.9995686262426505	0.9998752610278492	0.9974400983002253	0.9980601357904946	0.999337	0.999881	0.997539	0.998123
NA19902	0.9993407533420589	0.9999192791200575	0.9975570032573291	0.9990958408679927	0.999432	0.999921	0.997396	0.998511
NA19904	0.9995356058295127	0.999946941720786	0.9979647908822632	0.9991474850809889	0.999621	0.999915	0.99781	0.998861
NA19908	0.9996517239663665	0.9998716338774939	0.9975470957613815	0.9987973541791942	0.999503	0.999791	0.997581	0.998276
NA19909	0.9997299342196921	0.9998443317836633	0.9979554283377633	0.9989696032972695	0.999682	0.999833	0.997492	0.99857
NA19913	0.9996162485778909	0.9999493662340292	0.9977555600897776	0.9991340116908423	0.999616	0.99995	0.997697	0.99886
NA19914	0.9993638823105633	0.9999384779443431	0.997875998786285	0.9987056691690396	0.999532	0.999912	0.997938	0.998334
NA19916	0.9998493447414885	0.9998898838391648	0.9979051010788728	0.9983393301965127	0.999666	0.99986	0.997771	0.998284
NA19917	0.9996727124470263	0.9999145921367828	0.9973593570608494	0.9983075435203094	0.999488	0.999846	0.997261	0.998106
NA19918	0.9996562919925743	0.9999241319139105	0.9978994048313689	0.998720483889729	0.999587	0.999928	0.997749	0.998477
NA19919	0.9997532550908272	0.9998853957326282	0.9975890985324948	0.9994541484716157	0.999592	0.99981	0.997486	0.99892
NA19920	0.9994052763348985	0.9997861286614328	0.9976422347514093	0.9983416252072969	0.999263	0.999746	0.9973	0.997792
NA19921	0.9997009917753322	0.9997354065698548	0.9973832949549927	0.9981623277182237	0.99953	0.999727	0.997427	0.998002
NA19922	0.9997108998635973	0.9999094694912185	0.9975565058032988	0.9976928147659856	0.99962	0.999901	0.997357	0.99741
NA19923	0.9993911359786696	0.9999052525611417	0.9977405771798294	0.998063266623628	0.999567	0.999911	0.99761	0.998032
NA19924	0.9995747335608617	0.9999155929893948	0.9978006598020593	0.997168475696083	0.999528	0.999891	0.997602	0.996885
NA19982	0.9996117053196372	0.9997874656800448	0.9970896391152503	0.9979406919275123	0.999321	0.999717	0.997117	0.997748
NA19983	0.999675695537219	0.9999492047724939	0.9973187583788801	0.9988432620011567	0.99956	0.99995	0.997348	0.998581
NA19984	0.9995071644090922	0.9998036821859988	0.9977578475336323	0.9985815602836879	0.999493	0.999744	0.997399	0.998254
NA20126	0.9996913840024688	0.9999031185075944	0.9978287841191066	0.9980369061641147	0.999593	0.999908	0.997375	0.997379
NA20127	0.9996036515613871	0.9999245254537907	0.9976436840487656	0.9980952380952381	0.999404	0.999883	0.997533	0.998012
NA20128	0.9995753826063095	0.9999318661851876	0.9975693741138342	0.9981871742578744	0.999546	0.999939	0.9974	0.997715
NA20129	0.9996164334966633	0.999943241210665	0.9968231194916992	0.998216106014271	0.999498	0.999918	0.997082	0.997904
NA20274	0.9996762303781673	0.9998595085241674	0.9973094170403588	0.9987948903350204	0.999422	0.999809	0.997398	0.998654
NA20276	0.9996187173728299	0.9999602969786	0.9977746307910178	0.9980781550288277	0.999557	0.99996	0.997634	0.997771
NA20278	0.9996375387468726	1.0	0.9972087253178953	0.9982429167581814	0.999523	0.999952	0.99753	0.997865
NA20279	0.999522577502791	0.9998263406501806	0.9974598658809185	0.9981851179673321	0.999481	0.999832	0.997344	0.997856
NA20281	0.999695478559348	0.9999239233423934	0.9976970061079403	0.9976514795678723	0.999399	0.999926	0.99753	0.997574
NA20282	0.999610723571114	0.9999206353705478	0.9974528782475802	0.9988740851942203	0.999271	0.999902	0.997057	0.998682
NA20287	0.9995296779307451	0.9999080596648994	0.9977662706873794	0.9986876640419947	0.999484	0.999887	0.997626	0.998518
NA20289	0.9996392285588706	0.9996489765472455	0.9975230803873001	0.9991974317817014	0.999509	0.999631	0.997346	0.998745
NA20291	0.9994770638809607	0.9999809807588677	0.9970710029289971	0.9981867633726202	0.999571	0.999954	0.997308	0.997582
NA20294	0.9996313610606362	0.9994990892531876	0.9973501834488382	0.9983665468801045	0.999464	0.999464	0.997389	0.997962
NA20296	0.9995011459184338	0.9996632188277348	0.9976373908577298	0.9970845481049564	0.999044	0.999647	0.997568	0.996441
NA20298	0.9997527931234588	0.9999832527605034	0.9970993473531544	0.9987895904781118	0.999507	0.999982	0.99738	0.998561
NA20299	0.9995986206743617	0.999874642271849	0.9980538768821059	0.9981575310916629	0.999492	0.999876	0.997854	0.998141
NA20314	0.9996423667070914	0.9999463249681608	0.9978941034897715	0.9988077496274217	0.999536	0.999947	0.997682	0.998386
NA20317	0.9996127457499825	0.9999351461527771	0.997867803837953	0.9982073498655513	0.9995	0.999943	0.997598	0.997948
NA20318	0.9998134796339055	0.9999730436423431	0.9974479379338507	0.9982124616956078	0.999552	0.999944	0.997373	0.997703
NA20320	0.9995977336406503	0.9996351400656748	0.9969321908388872	0.9993079584775088	0.999349	0.999569	0.996608	0.998544
NA20321	0.9996758398584068	0.9999722486245726	0.9972746331236898	0.9986942328618063	0.999541	0.999938	0.9972	0.998283
NA20332	0.9997143129225788	0.9999021366824336	0.9977047470005216	0.9993265993265993	0.999491	0.999888	0.997391	0.998978
NA20334	0.9995252522466798	0.9999287058689327	0.9976561703862222	0.9986919555264879	0.999538	0.999906	0.997387	0.998545
NA20339	0.9996724651790674	0.999896493087217	0.9971343772387677	0.998595900028082	0.999523	0.999821	0.997084	0.998383
NA20340	0.9996289654319461	0.9999495357287042	0.9972674830482744	0.9987942122186495	0.999521	0.999951	0.997485	0.998679
NA20342	0.9994536208128441	0.9998355701463426	0.9976472995090017	0.9990272373540855	0.999418	0.999808	0.997577	0.998756
NA20346	0.9997165184451162	0.9999749293844328	0.9972801450589303	0.9986622073578595	0.999551	0.999926	0.997367	0.998205
NA20348	0.9994490221271811	0.9999234645066649	0.9974007797660702	0.9982212735681252	0.999492	0.99989	0.99766	0.998143
NA20351	0.9996210549829275	0.999924738061575	0.9978536385936222	0.9985393463574952	0.999505	0.999861	0.997893	0.998213
NA20355	0.9996075478102229	0.9999259630498667	0.9967802243456584	0.9992276004119464	0.999399	0.999889	0.996452	0.998738
NA20356	0.9996385765476337	0.9998122731634058	0.9976972995603935	0.9987754102375704	0.999428	0.999699	0.997751	0.998647
NA20357	0.9994926646169809	0.9998825789421771	0.9975918751963145	0.9980376766091051	0.999407	0.999876	0.997536	0.997714
NA20358	0.9994373643172204	0.9998038679073161	0.99791948403204	0.9985171455050973	0.999313	0.9998	0.99782	0.998366
NA20359	0.9996731526037268	0.9998678704221747	0.9976639880396188	0.999300209937019	0.999504	0.999852	0.997271	0.998989
NA20362	0.9993736921575576	0.9999667966026284	0.9977314910290781	0.9985790408525757	0.999385	0.999893	0.997456	0.998117
NA20412	0.9997190859488951	0.9999298997566519	0.9971002485501242	0.9976209357652657	0.999581	0.999901	0.997119	0.997419
NA20502	0.9995767805883364	0.9998350190997121	0.9973772555602182	0.9990452321279388	0.999318	0.999815	0.997299	0.998913
NA20503	0.9995110055504044	0.9999364682711958	0.9976626016260163	0.9986013986013987	0.999491	0.999909	0.997692	0.998307
NA20504	0.9994055942560733	0.9999816650012378	0.9971181556195966	0.9990200881920627	0.999669	0.999847	0.997033	0.99878
NA20505	0.9995607938650889	0.9999290558755924	0.9971202303815694	0.9990272373540855	0.999538	0.999908	0.996863	0.998591
NA20506	0.9998330391642418	0.9999852012628256	0.9972677595628416	0.9991408934707904	0.999631	0.999985	0.997193	0.998998
NA20507	0.9997485146647386	0.9999537550869404	0.9972279260780287	0.9986130374479889	0.999628	0.999924	0.997177	0.998436
NA20508	0.9995640230954811	0.9998527318246527	0.9975257731958764	0.9987613542526838	0.999579	0.999839	0.997201	0.998326
NA20509	0.9995865955186954	0.99983877925394	0.9975379565038983	0.9987937273823884	0.999373	0.999794	0.997488	0.998638
NA20510	0.9995549513798647	0.999806257870774	0.9972302010668856	0.9985632183908046	0.999467	0.999758	0.997015	0.998426
NA20511	0.9996595941267828	0.9999319491796472	0.9970936059330527	0.9987546699875467	0.9995	0.999864	0.996805	0.9985
NA20512	0.9996399859655546	0.999831897457449	0.9980647789773884	0.9987046632124352	0.999413	0.999764	0.997667	0.998211
NA20513	0.9996626379745177	0.9999243341404358	0.9972420837589377	0.9986040018613309	0.99958	0.999873	0.996827	0.998174
NA20514	0.9998150035376517	0.9999403191730625	0.9972506636329161	0.9988013185495954	0.999701	0.999923	0.996996	0.998693
NA20515	0.9993571401729683	0.9997558089298795	0.9981736140954018	0.9991088478676003	0.999583	0.999727	0.998159	0.998962
NA20516	0.9995657158059885	0.999836635627436	0.9977771041729817	0.9985744832501782	0.999371	0.999826	0.997743	0.998495
NA20517	0.999556644088718	0.9997320564666187	0.9974132356111229	0.9981117824773413	0.999407	0.999709	0.997611	0.998058
NA20518	0.99960285248779	0.9997745335663153	0.996877529779114	0.9984293193717277	0.99958	0.999681	0.996707	0.997819
NA20519	0.9996275560468079	0.9999047127486401	0.9978866861225723	0.998469778117827	0.999359	0.999878	0.99769	0.998226
NA20520	0.9997669710607187	0.9999244056393394	0.998055868208329	0.9993732372297086	0.999625	0.99989	0.997931	0.998976
NA20521	0.9997035147208677	0.9998437803012347	0.9977646819752083	0.9989658738366082	0.999489	0.999712	0.997539	0.998452
NA20522	0.9995426948410988	0.99982240554553	0.997970161372171	0.9987843423292001	0.999538	0.999816	0.997772	0.998221
NA20524	0.9995278677441813	0.999950792850201	0.9976400574594706	0.998688352570829	0.999492	0.999931	0.997671	0.998428
NA20525	0.9996777054692093	0.9999558367980418	0.9971017493013146	0.9985688729874777	0.999564	0.999919	0.996904	0.998453
NA20527	0.9995259619913266	0.9999431527485646	0.9970994198839768	0.9985501993475898	0.999548	0.99992	0.997098	0.997995
NA20528	0.9995480523547542	0.9998137205186849	0.9972457410996632	0.9988069673109045	0.999592	0.999785	0.996867	0.998412
NA20529	0.9996783314742276	0.9999094169113298	0.9972029420905417	0.998816217815922	0.999606	0.999895	0.997012	0.998497
NA20530	0.9995915299190151	0.9998732043498365	0.9977610421331162	0.9980916030534351	0.999326	0.999815	0.997416	0.998203
NA20531	0.9996837648381639	0.9999337663750811	0.9970387011130399	0.9981412639405204	0.999461	0.999903	0.997054	0.997996
NA20532	0.9996277568535512	0.9999207368304244	0.9974826301480215	0.9988341591372777	0.999642	0.999922	0.997164	0.998661
NA20533	0.9997383293612415	1.0	0.9971952318942201	0.9978828510938603	0.999643	0.999978	0.997064	0.997184
NA20534	0.9996161160739642	0.9999196779084126	0.9971762807583703	0.999017102417928	0.99965	0.999921	0.997018	0.998633
NA20535	0.9997276161394606	0.9999705891003206	0.9972530267575541	0.9985236220472441	0.999608	0.999924	0.997034	0.998204
NA20536	0.9996226858993281	0.9999298181588496	0.9973426001635322	0.998118178396688	0.999641	0.999906	0.996889	0.998038
NA20538	0.999674197058651	0.9998663681017048	0.9972530267575541	0.9990442054958185	0.999567	0.999695	0.996749	0.999015
NA20539	0.9996985550739879	0.9999413471212716	0.9974293059125963	0.9992050874403816	0.999609	0.99994	0.997073	0.99853
NA20540	0.9996345201603395	0.9999539706859025	0.9970338549657359	0.9989514155889548	0.999664	0.999957	0.996844	0.998708
NA20541	0.9997236385394931	0.9998714079318614	0.9974345818368395	0.998779296875	0.999607	0.99976	0.997073	0.998561
NA20542	0.9996982071267827	1.0	0.9967802243456584	0.9986130374479889	0.999605	0.999917	0.996803	0.99826
NA20543	0.9996102028458976	0.9998034248998872	0.9978588907014683	0.9984524914887032	0.999408	0.999723	0.997732	0.998221
NA20544	0.999734342830577	0.9999437193622277	0.9972216505453798	0.9995661605206073	0.999557	0.999912	0.997127	0.998975
NA20581	0.9995752687486992	0.9997721339331637	0.9976566479877739	0.9990075145328229	0.999238	0.999759	0.997579	0.99872
NA20582	0.9997569758069416	0.9997878929283502	0.9971117529437903	0.9987755102040816	0.999656	0.999572	0.996878	0.998125
NA20585	0.9996505033472413	0.9998986573981976	0.9973924380704042	0.998	0.999494	0.999877	0.997027	0.997926
NA20586	0.9996019557450009	0.9999800758446182	0.9978898713826366	0.9993843312297983	0.999548	0.999981	0.997991	0.999174
NA20587	0.9997041046984293	0.9997840555902607	0.997844827586207	0.9985460889793545	0.99948	0.999773	0.997652	0.998288
NA20588	0.9997105339333175	0.9998038070993119	0.9977126221667706	0.9991100563630969	0.999472	0.999703	0.997567	0.998541
NA20589	0.9995530135446407	0.9999038374853503	0.9969094069924667	0.9990932994831808	0.99947	0.999904	0.996986	0.998856
NA20752	0.9995221914392293	0.9999402280300653	0.9978900930277165	0.9985319305113776	0.999619	0.999912	0.997912	0.998362
NA20753	0.9997072803557242	0.9998306615488823	0.9974090778236254	0.9987301587301587	0.999503	0.999838	0.997209	0.998381
NA20754	0.9996321990690831	0.9997775789957208	0.9974585843373494	0.998403066113063	0.999336	0.999767	0.997152	0.998124
NA20755	0.9995017417653739	0.9999085519196477	0.9978960024045688	0.9988885801611559	0.99955	0.99988	0.997903	0.998169
NA20756	0.9996168688491294	0.9998000162949686	0.9977782266208848	0.9986449864498644	0.99939	0.999809	0.997771	0.998298
NA20757	0.9995048348151198	0.9996439693556274	0.997764017887857	0.9988351776354105	0.999132	0.999587	0.997434	0.998513
NA20758	0.999807760721759	0.9998303480880228	0.9980343980343979	0.9994469026548674	0.999577	0.999835	0.997828	0.998833
NA20759	0.999555341275571	0.999612266076703	0.9972279260780287	0.9990345160511707	0.999157	0.999607	0.99727	0.998601
NA20760	0.9996279010429401	0.9998367095152995	0.9977762053977559	0.9990658570761326	0.999515	0.999756	0.997805	0.997907
NA20761	0.999715742337041	0.9998953555295882	0.9980691056910569	0.9986801583809943	0.999606	0.999901	0.997993	0.998162
NA20762	0.9995933717442845	0.9998990778906216	0.997777553288211	0.9985283296541574	0.99948	0.999857	0.997664	0.997611
NA20763	0.9996242896726624	0.9998639696380232	0.998037595538112	0.9993704752911553	0.999486	0.999834	0.997755	0.998948
NA20764	0.9997657876012923	0.999820966455624	0.9980412371134021	0.9989769820971867	0.999638	0.999746	0.997795	0.998547
NA20765	0.9996316543270866	0.999701741464632	0.997027165556125	0.9990492037081055	0.999449	0.999668	0.997029	0.998863
NA20766	0.9995685078504463	0.9999120663773231	0.9970839408456571	0.9987751102400784	0.999451	0.999854	0.996839	0.998803
NA20767	0.9996419835353816	0.9999183063010978	0.9975592392962472	0.9983122362869199	0.999446	0.999775	0.997438	0.997989
NA20768	0.9997241162658633	0.9998974095922031	0.9974170474865883	0.9992437610284849	0.999606	0.999864	0.997145	0.998944
NA20769	0.9997007164100933	0.99991926730595	0.9977328936521022	0.9988081048867701	0.999555	0.999921	0.997682	0.998515
NA20770	0.9995194707646946	0.9998256744549686	0.9972853749575841	0.9985387238188016	0.999226	0.999768	0.997398	0.998183
NA20771	0.9996442215491395	0.9998696842013813	0.9974752575237327	0.9983127109111359	0.999585	0.999832	0.997322	0.997331
NA20772	0.9995381740523225	0.9999012367355449	0.9973668219566538	0.9985388661601403	0.99954	0.999832	0.997423	0.998188
NA20773	0.9996586434327467	0.9999554122140809	0.9977249224405377	0.9986623863028358	0.999369	0.999943	0.997606	0.998426
NA20774	0.9995967905611106	0.9998977295970546	0.9976748887990295	0.9992589848091886	0.999645	0.9999	0.997784	0.998666
NA20775	0.9998244464210476	0.9999766705808248	0.9977827050997783	0.9988710132655941	0.999628	0.999939	0.997874	0.998305
NA20778	0.9994770114942528	0.9998441284381668	0.9976190476190476	0.9983119513841998	0.999365	0.99972	0.997715	0.997821
NA20783	0.9995084405119685	0.9997429899189106	0.9976854287217254	0.9982920580700256	0.99949	0.999723	0.997589	0.997911
NA20785	0.9995522580010066	0.9997236296637495	0.997738719292836	0.9977011494252874	0.999446	0.999719	0.997809	0.997415
NA20786	0.9996896067468894	0.9997721766997517	0.998193315266486	0.9979743416610397	0.999503	0.999777	0.997809	0.997522
NA20787	0.9997431856650907	0.9998132340937702	0.9976987447698744	0.9986572675394427	0.999545	0.999813	0.997506	0.998458
NA20790	0.999466531553806	0.9998245329877984	0.9978179551122194	0.9986993279861262	0.999438	0.99979	0.99772	0.998435
NA20792	0.9995882719900187	0.9997789866179961	0.9977514309076042	0.9984700122399021	0.999307	0.999741	0.997772	0.998042
NA20795	0.9996147718355409	0.9998512834240506	0.997737556561086	0.9989984977466201	0.999397	0.9998	0.997456	0.998955
NA20796	0.9993640032611748	0.9998116760828625	0.9978902953586497	0.9988811188811189	0.999274	0.999816	0.997602	0.998197
NA20797	0.9996325711540092	0.9999302815803935	0.9971002485501242	0.998954248366013	0.999595	0.999919	0.996994	0.998725
NA20798	0.9996365063434468	0.9998303258926633	0.9970408163265306	0.9991714995857499	0.999398	0.999771	0.996738	0.99873
NA20799	0.9997097117545237	0.9999126759579446	0.9977653631284916	0.9991051454138702	0.999569	0.99988	0.997667	0.998743
NA20800	0.9996630033559977	0.9997870905929527	0.9974959935897435	0.999074074074074	0.99951	0.999795	0.997654	0.998534
NA20801	0.9996000117069743	0.9997909414949774	0.997720207253886	0.9979949874686717	0.999382	0.999786	0.99767	0.99809
NA20802	0.9996769377007491	0.9998659544379134	0.9970957369567471	0.9987293519695045	0.999571	0.999847	0.997004	0.998251
NA20803	0.9997076630014524	0.999825270169382	0.9978249611600208	0.9987745098039216	0.999477	0.999798	0.997896	0.998669
NA20804	0.999675277817867	0.9999132095122375	0.99734096952342	0.999113867966327	0.999505	0.999867	0.997059	0.998755
NA20805	0.9996414721426125	0.9999055075593952	0.9975245168047224	0.9987080103359173	0.999469	0.999865	0.997651	0.99822
NA20806	0.9995631371461606	0.9998923218768295	0.997393117831074	0.9985199802664035	0.999289	0.999872	0.997438	0.998144
NA20807	0.999471533748133	0.9999205637702705	0.997702829696147	0.9988207547169811	0.999409	0.999892	0.997678	0.998592
NA20808	0.9997349456429864	0.9999052747396877	0.9978712080894093	0.9986673773987207	0.999652	0.999887	0.997724	0.998457
NA20809	0.9997689318948154	0.9998424996516818	0.9979600163198695	0.9989844278943805	0.999405	0.999793	0.997858	0.998421
NA20810	0.9995955127821945	0.999904754345583	0.9974557296967229	0.9985309548793285	0.999393	0.99987	0.99751	0.998342
NA20811	0.999810758143793	0.9999158606113232	0.9985520736373977	0.9992936190251942	0.999643	0.999911	0.998048	0.999077
NA20812	0.9994966051244139	0.9997685062382746	0.997854077253219	0.9988632057597574	0.999347	0.999734	0.997808	0.998399
NA20813	0.9994483823813334	0.9998416291700436	0.9979013641133263	0.9984366857738406	0.999443	0.999846	0.997787	0.998386
NA20814	0.9995349706621197	0.9999112681055318	0.9979392065945389	0.9980340760157272	0.999462	0.999899	0.997831	0.997793
NA20815	0.9996319010040923	0.999887508788376	0.9980137988710015	0.9983514671941972	0.999608	0.999849	0.998019	0.998265
NA20818	0.9997158627951579	0.9998669920246371	0.9978562678644346	0.9984306340238543	0.999537	0.999806	0.997474	0.998219
NA20819	0.999566470091622	0.9995990875005647	0.9976257772752967	0.9984399375975039	0.999273	0.999544	0.997563	0.998229
NA20821	0.9997429712523231	0.9998732793714656	0.9978690430065865	0.9988811188811189	0.999569	0.999832	0.997807	0.998696
NA20822	0.9996424599631932	0.999931350428602	0.9974927289138501	0.99849774661993	0.999511	0.999762	0.997578	0.998124
NA20826	0.9995545708218025	0.9998883574704482	0.9977068603095739	0.9988038277511961	0.999464	0.999873	0.997744	0.998347
NA20827	0.9996360325144287	0.9999707124489665	0.9973795605724652	0.9988995873452544	0.99963	0.999971	0.997329	0.998537
NA20828	0.9997626873075179	0.9999727328748821	0.997984886649874	0.9993900579444952	0.999701	0.999957	0.997878	0.999133
NA20832	0.9996967279705035	0.9998274736547608	0.9978159436116351	0.9991589571068124	0.999527	0.999781	0.997623	0.99897
NA20845	0.9995891500068845	0.9998321128201848	0.9978547349065279	0.9989780275932549	0.99938	0.99979	0.997499	0.998456
NA20846	0.9997359154929577	0.9998705582510188	0.9981113320079523	0.9989231873653983	0.999583	0.999813	0.997729	0.998501
NA20847	0.9996232847102998	0.9998117540755243	0.9975715341569	0.9990777743621274	0.999475	0.999732	0.997533	0.998691
NA20849	0.9995165635163153	0.9997962713499311	0.9972605519480521	0.9975629569455727	0.99932	0.999765	0.997177	0.99723
NA20850	0.9995905607515142	0.9998602217232914	0.9979844804998489	0.9986408426775399	0.999581	0.999835	0.998042	0.998499
NA20851	0.9996631612843089	0.9998581793893478	0.9977009196321471	0.9984867591424967	0.999487	0.999831	0.997682	0.998029
NA20852	0.999758047967756	0.9997802463438485	0.9978193146417444	0.9987261146496815	0.999573	0.999769	0.99764	0.99826
NA20853	0.9995622720166754	0.9996691561047998	0.9975715875746232	0.9990317114500121	0.999298	0.999609	0.997341	0.998788
NA20854	0.9996233705356538	0.9998887432936929	0.9977714748784441	0.9988805970149253	0.999495	0.999793	0.997718	0.998853
NA20856	0.999632487091109	0.9999576040413133	0.997677471473291	0.9991518235793044	0.999545	0.999941	0.997654	0.998685
NA20858	0.9996821827875891	0.9998242944995608	0.9976506639427988	0.99825251201398	0.999441	0.999733	0.997464	0.99771
NA20859	0.9995998392146753	0.9998395760053236	0.9979440789473685	0.9985930355258529	0.999525	0.999828	0.997749	0.998558
NA20861	0.9996203277062629	0.9999545392553529	0.9977555600897776	0.9985935302390999	0.999575	0.999906	0.997805	0.998329
NA20862	0.9995934645567993	0.9998164444204503	0.9980630033642574	0.998780487804878	0.999466	0.999828	0.997773	0.998855
NA20863	0.9996531892714596	0.9999358319964998	0.997859763554831	0.9990911844895486	0.999565	0.999905	0.997565	0.998838
NA20864	0.9997367372495446	0.999945137841174	0.9977505342481161	0.9985657941914666	0.999627	0.999935	0.997742	0.998246
NA20866	0.9996927891361908	0.9998646145076243	0.9979600163198695	0.9992305719415234	0.99948	0.99983	0.997819	0.998823
NA20867	0.9996111225230623	0.9999285397819033	0.9981361426256078	0.9984291548853284	0.999598	0.999903	0.99808	0.998349
NA20868	0.9998467327774537	0.9998872937072321	0.9982044887780548	0.9993796526054589	0.999625	0.999862	0.997982	0.998855
NA20869	0.999597234470621	0.9997537333342454	0.9976456136759136	0.9989431968295904	0.999326	0.999691	0.997435	0.998851
NA20870	0.9997488699146156	0.9998224756874906	0.9976671061973831	0.9991212653778558	0.999656	0.999762	0.997456	0.998878
NA20872	0.999855307236211	0.9999324032013842	0.9982037193575654	0.9989586045300702	0.999647	0.999933	0.997874	0.99868
NA20874	0.9995922467793406	0.9998229262246261	0.9976275207591935	0.999116867824551	0.999522	0.999717	0.997512	0.998724
NA20875	0.9995033286236958	0.9998401046587688	0.9971573604060914	0.9992539169360855	0.999441	0.999786	0.99727	0.998744
NA20876	0.9996831700475518	0.9998257304797391	0.997843721121265	0.9984579799537393	0.999551	0.999829	0.997821	0.99793
NA20877	0.9997174620015222	0.999951314745303	0.9970991297389217	0.9989799387963278	0.999607	0.999882	0.997137	0.998555
NA20878	0.9994239932973765	0.999922307352115	0.9976475401452388	0.9990732159406859	0.999563	0.999921	0.997354	0.998901
NA20881	0.9996885133744571	0.9998546832676501	0.9979379317455408	0.9990936555891238	0.99961	0.999823	0.997854	0.998829
NA20882	0.99973833147198	0.9997186251781531	0.9973034192643727	0.9986033519553073	0.999509	0.999713	0.997203	0.998255
NA20884	0.9996454347625169	0.9999351609305702	0.9969056214543578	0.9987277353689566	0.999595	0.999893	0.996865	0.998352
NA20885	0.999718236788436	0.9999274878351302	0.9974971321305662	0.998592738530819	0.999611	0.999908	0.997511	0.998338
NA20886	0.9993967381711947	0.9998663920280577	0.9977190254017625	0.9985657941914666	0.999556	0.999867	0.997509	0.998336
NA20887	0.9996641553281607	0.9999379488134121	0.9979865096144166	0.9982653946227232	0.999448	0.999859	0.997948	0.99774
NA20888	0.9996971550626247	0.9999044877722642	0.9980412371134021	0.9991036749327755	0.999602	0.999892	0.997993	0.998809
NA20889	0.9996996011370652	0.9998749791631938	0.9977957384276268	0.9991670137442732	0.999605	0.999867	0.9977	0.998996
NA20890	0.9995801189454093	0.999723200805234	0.9977356937011117	0.9987049428016405	0.999394	0.9997	0.997653	0.998353
NA20891	0.9997509687780014	0.9998829674259335	0.9979212380182468	0.999346512007842	0.999665	0.999873	0.99762	0.99899
NA20892	0.9996755886801515	0.9998594160494152	0.9978757839368806	0.9987090111025045	0.999565	0.999782	0.997483	0.998715
NA20894	0.9996960657674462	0.9999471025417229	0.9977791237633757	0.9993773349937735	0.99962	0.999919	0.997805	0.999337
NA20895	0.9996926874122828	0.999898305774198	0.9977326600020612	0.9986403806934058	0.99964	0.999899	0.997517	0.998313
NA20896	0.9995202998919882	0.9999123020049112	0.9978061011282909	0.9992475545522951	0.999582	0.999894	0.997291	0.998962
NA20897	0.9997698485762357	0.9998854587105923	0.9974221488966797	0.9987538940809968	0.999606	0.999827	0.997534	0.998443
NA20899	0.9994780181110121	0.9999558443661091	0.997599176860638	0.9989658738366082	0.999445	0.99991	0.997661	0.998708
NA20900	0.9996872821227905	0.9999303895862821	0.9978959672706021	0.9995093228655544	0.999653	0.999876	0.997546	0.999348
NA20901	0.9993972966984267	0.9998498100888096	0.9977541853817885	0.999012443215485	0.999501	0.999846	0.997484	0.998831
NA20902	0.9996477530109817	0.9999214280102001	0.9981228490979246	0.9992999649982498	0.999669	0.999876	0.99782	0.998632
NA20903	0.9995266491299777	0.9998132983106717	0.9979148048853144	0.998229461756374	0.999371	0.999766	0.997792	0.997795
NA20904	0.9997703299500814	0.9998705159937648	0.9979057591623035	0.9989189189189188	0.999632	0.99986	0.997798	0.998829
NA20905	0.999582966668565	0.9998136650096163	0.9977463634501127	0.999173098125689	0.99954	0.99975	0.997572	0.998777
NA20906	0.9997675529132948	0.9998955922529452	0.998260513660084	0.99912739965096	0.999639	0.999859	0.997917	0.998707
NA20908	0.999650284006199	0.99997934865663	0.9974905897114177	0.9983831851253032	0.999521	0.999955	0.997526	0.997944
NA20910	0.9996633697825883	0.9999194378552567	0.9980117203850986	0.9992239037640668	0.999654	0.999871	0.997872	0.999021
NA20911	0.9997432455563463	0.9998867464069384	0.9977210574293528	0.999342753861321	0.999656	0.999879	0.997237	0.998961
NA21086	0.9995936173442158	0.9998945739469631	0.9972130984373444	0.9989173583543847	0.999576	0.999877	0.997258	0.998583
NA21087	0.9997505842085269	0.9999162564784919	0.9979579334286296	0.999076923076923	0.999644	0.99986	0.997849	0.998682
NA21088	0.9996216799635034	0.9997513601193472	0.9972493887530561	0.9992140424417082	0.999536	0.999723	0.997121	0.998891
NA21089	0.9997175755851415	0.9999431853152978	0.9978902953586497	0.9987646695491045	0.999596	0.999859	0.997659	0.998666
NA21090	0.999645811723632	0.999980834344854	0.9974732160905599	0.9985119047619048	0.999593	0.999938	0.997208	0.998519
NA21091	0.9996796519118798	0.9999044220721296	0.9984640589801351	0.9992223950233282	0.999541	0.999889	0.997948	0.998598
NA21092	0.9996698028341924	0.9998896316095071	0.997760814249364	0.999016232169208	0.999568	0.999896	0.997787	0.99855
NA21093	0.999486472545681	0.9999552741137752	0.9981285090455395	0.9991651360828185	0.999487	0.999947	0.997914	0.998778
NA21094	0.9996522737118926	0.9999284598600198	0.997743821146549	0.9982185273159145	0.999561	0.999921	0.997673	0.997974
NA21095	0.9995945557248732	0.9998666833965932	0.9972644376899696	0.9990215264187866	0.999531	0.999842	0.997149	0.997733
NA21097	0.9995636070364222	0.9998754879316677	0.9975859987929993	0.9983691220440337	0.999343	0.999863	0.997614	0.998053
NA21098	0.999621814514565	0.9998100405444714	0.9978092013543118	0.9984231274638634	0.999567	0.999795	0.997898	0.998312
NA21099	0.9994284535586286	0.9998547608193104	0.9978619425778865	0.998742665549036	0.999584	0.999857	0.997758	0.998129
NA21100	0.9997358116292139	0.9999401168918272	0.9973587972368956	0.9982628836132021	0.999577	0.999942	0.997124	0.99754
NA21101	0.9996176639265916	0.9999371549565402	0.99765855644915	0.9985112717992343	0.999468	0.999898	0.997456	0.998348
NA21102	0.999255393767111	0.9998068616778453	0.9971896015256451	0.998221906116643	0.999296	0.999695	0.997322	0.998011
NA21103	0.9994504375645552	0.9997518100747992	0.9974874371859298	0.9991719569417609	0.99949	0.999724	0.997409	0.998541
NA21104	0.9994088836345212	0.9999098166905575	0.9977242164063308	0.9984816853292845	0.999499	0.999871	0.997609	0.998214
NA21105	0.999600875266501	0.9998547567175019	0.9976830865316813	0.9980588806211582	0.999446	0.99984	0.997752	0.997709
NA21106	0.999714887871102	0.9998916909639938	0.9976141078838174	0.9986446191379778	0.999555	0.999879	0.997506	0.998017
NA21107	0.9996693796295645	0.9999339751498971	0.9975676818950932	0.9986887395508932	0.999536	0.99991	0.997649	0.998467
NA21108	0.9996768293682482	0.9999196105129351	0.9976675793530067	0.9984980474617002	0.999521	0.999923	0.997392	0.998028
NA21109	0.9996468432044716	0.9999321285394968	0.9979781641730692	0.9990470139771283	0.999652	0.999895	0.99763	0.998725
NA21110	0.9996440579026264	0.9998920593800399	0.9980245373258474	0.9986172566371682	0.999561	0.999884	0.997783	0.998384
NA21111	0.9995376348565003	0.9997738988875825	0.9977698935631019	0.9983511953833472	0.999382	0.999739	0.997453	0.997868
NA21112	0.9996309040180469	0.9999402359051816	0.9975775752681969	0.9985492227979275	0.999437	0.999922	0.997322	0.998068
NA21113	0.9995057996852635	0.9999529155108079	0.997605473204105	0.9992376111817026	0.999596	0.999885	0.997499	0.998812
NA21114	0.9995797133397749	0.9998755384315678	0.9978805006055713	0.998772704958272	0.999546	0.999828	0.997555	0.998745
NA21115	0.9997433114904629	0.99996390803768	0.997751660705161	0.9984121943474119	0.999569	0.999953	0.997817	0.998176
NA21116	0.9996064471118583	0.9998629001601574	0.9972530267575541	0.9980680061823802	0.999422	0.999832	0.997253	0.997895
NA21117	0.9997924182557406	0.9999718798990487	0.9978390615352952	0.9981751824817519	0.999515	0.999978	0.997478	0.997619
NA21118	0.9997570352423206	0.9998307962495113	0.9975855130784709	0.9992679355783309	0.999683	0.999763	0.997711	0.999011
NA21119	0.9995874899051227	0.999918114672213	0.9977073780741975	0.9988452655889146	0.999542	0.999892	0.997623	0.998426
NA21120	0.9995188476654827	0.9998941375741037	0.9973662031184155	0.9982973893303065	0.999574	0.999835	0.997168	0.997927
NA21122	0.9998116689894159	0.999927382753404	0.9978673707728243	0.9984514130855596	0.999664	0.999907	0.997581	0.998086
NA21123	0.9996429184859743	0.9999767313792861	0.997625193598348	0.9986020503261882	0.999592	0.999977	0.997481	0.99789
NA21124	0.9997215709004817	0.9999039754177069	0.9974721941354904	0.9986486486486487	0.999572	0.999887	0.997472	0.998496
NA21125	0.9994328348378457	0.9997616596117913	0.9975671566142928	0.9983238350653705	0.999422	0.999699	0.997418	0.997904
NA21126	0.9997686234056706	0.9999720464773902	0.9975397232188621	0.9993577392421322	0.999696	0.999958	0.997699	0.99905
NA21127	0.9995223603586392	0.9998194156671165	0.9976940044114698	0.9983792544570503	0.999489	0.999775	0.997641	0.998127
NA21128	0.9995699004391543	0.9999638994382752	0.9976706501924246	0.9988431281813975	0.999579	0.999948	0.99769	0.998618
NA21129	0.9997091232632948	0.9999372497835118	0.9977528089887642	0.9993284083277368	0.999632	0.999942	0.997519	0.99894
NA21130	0.9994721012454243	0.9999436312733697	0.9978656367517024	0.9991582491582492	0.999621	0.999945	0.997894	0.999034
NA21133	0.999741137314888	0.9999086785790388	0.997911227154047	0.9983755685510072	0.999645	0.999898	0.997694	0.99824
NA21135	0.9997678630353539	0.9999692114671891	0.9976654486398701	0.9982914327556748	0.999617	0.999967	0.997624	0.997999
NA21137	0.9995700412965098	0.9999194450235979	0.9976417512560238	0.9988421458896178	0.999541	0.99986	0.997507	0.998481
NA21141	0.9997079369903739	0.9998947380732389	0.9972398282559805	0.9991789819376026	0.999522	0.999846	0.997111	0.998641
NA21142	0.9995591295453743	0.9999031387875883	0.9979591836734693	0.9988002399520097	0.999485	0.999895	0.997575	0.99843
NA21143	0.9994472889960461	0.9998444055756457	0.9977768795472918	0.9982435597189696	0.999526	0.99976	0.997583	0.997764
NA21144	0.9996189939237239	0.9999055335133754	0.9975247524752476	0.9985923423423423	0.999518	0.999888	0.997378	0.99839
