child	father	mother	population	rDNA45S.cn.child	rDNA45S.cn.father	rDNA45S.cn.mother	rDNA45S.cn_single.child	rDNA45S.cn_single.father	rDNA45S.cn_single.mother	rDNA45S.18S.flat.child	rDNA45S.18S.flat.father	rDNA45S.18S.flat.mother	rDNA5S.cn.child	rDNA5S.cn.father	rDNA5S.cn.mother	HSat1A.mass_Mb.child	HSat1A.mass_Mb.father	HSat1A.mass_Mb.mother	HSat1B.mass_Mb.child	HSat1B.mass_Mb.father	HSat1B.mass_Mb.mother	HSat2.mass_Mb.child	HSat2.mass_Mb.father	HSat2.mass_Mb.mother	HSat3.mass_Mb.child	HSat3.mass_Mb.father	HSat3.mass_Mb.mother	bSat.mass_Mb.child	bSat.mass_Mb.father	bSat.mass_Mb.mother	aSatHOR.mass_Mb.child	aSatHOR.mass_Mb.father	aSatHOR.mass_Mb.mother	ACRO.mass_Mb.child	ACRO.mass_Mb.father	ACRO.mass_Mb.mother	SST1.mass_Mb.child	SST1.mass_Mb.father	SST1.mass_Mb.mother	CER.mass_Mb.child	CER.mass_Mb.father	CER.mass_Mb.mother	SATR.mass_Mb.child	SATR.mass_Mb.father	SATR.mass_Mb.mother	TEL.mass_Mb.child	TEL.mass_Mb.father	TEL.mass_Mb.mother	truth.auto.child	truth.auto.father	truth.auto.mother	DJ.cn.child	DJ.cn.father	DJ.cn.mother	chrM.copies.child	chrM.copies.father	chrM.copies.mother	chrEBV.copies.child	chrEBV.copies.father	chrEBV.copies.mother	depth.child	depth.father	depth.mother	ctrl_dup_frac.child	ctrl_dup_frac.father	ctrl_dup_frac.mother	gc_rel_65.child	gc_rel_65.father	gc_rel_65.mother	insert_median.child	insert_median.father	insert_median.mother
HG00405	HG00403	HG00404	CHS	439.69	410.25	409.39	432.573	407.868	399.293	506.67	485.67	490.61	138.49	205.41	156.01	16.003	16.2904	19.3517	1.1418	19.997	1.101	48.5236	52.3324	48.5569	57.2625	82.2424	52.9991	11.2219	10.9105	11.7573	150.7145	158.1423	167.7119	3.0165	2.819	3.0405	0.5976	0.5494	0.5265	0.8167	0.8154	0.8365	0.2595	0.2565	0.2442	0.5132	0.3549	0.4174	2.0158	2.0045	1.9898	9.83	10.05	10.03	852.2939	1093.8931	697.1998	30.4041	27.9825	20.6851	36.039	36.322	33.883	0.0855	0.1106	0.0918	1.2295	1.3071	1.2736	448.0	433.0	431.0
HG00408	HG00406	HG00407	CHS	667.3	547.79	612.77	646.354	529.985	599.044	736.55	622.97	718.76	166.39	185.31	148.67	22.5522	19.3325	13.9727	1.4291	16.7399	1.3943	63.1527	57.6587	50.4139	49.8541	74.9474	47.9794	11.2275	9.4194	10.2582	162.4807	147.3691	150.1731	2.4883	2.6743	2.9698	0.5083	0.5227	0.5305	0.8175	0.7661	0.8247	0.2532	0.2571	0.2383	0.5355	0.2595	0.6834	1.9827	2.0006	2.0026	10.2	9.74	9.79	652.6661	864.3274	773.1963	49.4601	10.9792	41.0901	37.181	36.594	39.381	0.091	0.0752	0.0968	1.1954	1.2374	1.2879	444.0	447.0	436.0
HG00420	HG00418	HG00419	CHS	637.02	492.46	700.04	623.687	488.802	691.808	736.5	586.64	791.22	151.88	186.28	162.68	14.496	15.3611	14.3965	8.6973	8.6212	1.4939	43.256	35.328	44.3575	72.1663	62.3359	56.5861	7.6306	8.4118	7.7932	152.9609	158.5102	164.9307	3.3421	2.9971	3.0541	0.6899	0.5531	0.6342	0.6618	0.6946	0.7084	0.2334	0.2513	0.2346	0.5771	0.8528	0.7832	2.0017	2.007	1.9863	9.8	10.47	9.93	761.9887	771.3873	1433.1804	44.3919	54.5318	68.1685	36.892	38.26	37.252	0.0888	0.0718	0.0962	1.2653	1.2886	1.2337	441.0	435.0	436.0
HG00423	HG00421	HG00422	CHS	362.67	417.12	425.08	356.992	418.139	428.304	416.82	496.72	481.8	261.81	212.32	151.38	16.6223	22.0715	18.2638	2.018	18.0355	1.7389	41.906	39.9675	55.0769	69.7563	86.162	65.2519	10.4061	11.2832	10.7615	154.8729	164.1159	153.0468	2.935	2.4828	3.5412	0.6391	0.5978	0.5552	0.7565	0.8116	0.7984	0.2347	0.2528	0.2557	0.6328	0.3339	0.2253	2.0111	1.9903	2.0047	9.8	10.05	9.82	828.3382	756.7669	736.9013	68.5654	31.6588	25.93	37.243	38.639	38.654	0.0958	0.0841	0.0676	1.2555	1.2912	1.2204	446.0	427.0	433.0
HG00429	HG00427	HG00428	CHS	488.62	440.52	484.31	477.138	432.711	488.1	554.28	520.62	521.4	160.51	158.15	199.86	14.2387	15.4435	18.1269	12.951	13.9361	1.479	35.2077	32.3228	44.5954	83.0295	84.0144	49.8395	9.0553	8.4268	9.0468	137.6951	148.0972	153.7181	3.3955	3.4987	3.2978	0.5357	0.5929	0.4987	0.7609	0.6902	0.7178	0.2578	0.2591	0.2169	0.3795	0.3513	0.4575	1.9945	1.9912	1.9943	10.0	9.67	9.99	860.6085	893.9845	911.5815	18.6084	19.4427	31.7874	38.069	39.721	35.738	0.0977	0.0772	0.0822	1.2198	1.2903	1.1656	445.0	446.0	432.0
HG00438	HG00436	HG00437	CHS	529.02	485.62	451.14	519.381	478.328	451.627	601.8	570.6	516.67	194.96	181.32	140.21	19.2203	23.067	17.3185	1.5124	19.2743	1.4572	48.8399	55.3415	41.3033	52.1947	90.465	53.1236	10.8834	11.3389	8.6041	145.8561	149.4824	154.4015	3.4321	2.7301	3.264	0.5418	0.6391	0.5318	0.7592	0.8134	0.6907	0.2546	0.2494	0.2217	0.4034	0.5216	0.4186	1.9938	1.9835	2.0064	9.78	10.01	9.61	945.0519	1331.7865	793.3619	33.7554	17.7872	25.8708	37.114	34.273	36.515	0.0935	0.0777	0.1071	1.2329	1.2461	1.2422	449.0	414.0	427.0
HG00444	HG00442	HG00443	CHS	744.16	592.83	558.55	730.313	581.959	540.092	818.54	676.83	651.95	145.75	209.87	131.14	15.3096	13.3803	16.0559	8.9235	8.6663	1.4255	68.0341	44.2377	55.9477	54.5538	51.3288	55.0754	10.0302	9.1335	9.2036	150.6273	139.0655	159.18	3.138	4.4102	2.7103	0.7033	0.6898	0.6531	0.7629	0.7221	0.7247	0.246	0.2568	0.2381	0.4923	0.5333	0.4823	2.0105	2.007	1.9943	9.81	9.63	10.07	773.8084	878.2811	836.447	32.0946	12.5555	17.5613	37.396	38.657	40.112	0.0922	0.0789	0.0978	1.1976	1.2407	1.267	441.0	432.0	424.0
HG00447	HG00445	HG00446	CHS	493.38	508.1	543.93	486.247	509.997	532.901	566.85	560.32	629.07	163.49	155.37	120.14	16.5027	17.8934	15.5613	1.7327	19.6955	1.8757	41.4003	50.9457	33.4451	46.7955	74.1365	48.5814	9.1831	10.7242	8.5077	135.8901	128.6362	140.3993	2.5728	2.6171	3.7498	0.6274	0.5341	0.6514	0.7965	0.8795	0.7227	0.2323	0.2419	0.2376	1.1205	0.4823	0.4874	2.0035	1.9882	1.9966	10.38	10.06	9.69	788.7373	813.9889	711.786	87.1503	84.2781	18.2068	36.645	40.992	37.604	0.0913	0.0729	0.0871	1.2269	1.2074	1.2594	449.0	441.0	441.0
HG00450	HG00448	HG00449	CHS	781.46	577.62	724.44	767.968	565.152	719.686	916.28	642.84	831.34	178.22	152.27	195.79	14.7821	13.9502	17.6312	1.5616	15.4544	1.6058	51.1869	55.2943	46.6321	50.051	72.0146	53.1466	8.4428	8.8747	9.6742	151.2481	140.7926	153.1628	3.5066	3.133	3.029	0.7328	0.4825	0.676	0.7605	0.7338	0.7303	0.2253	0.2348	0.2262	0.4571	0.4212	0.4664	1.9952	2.0114	2.0033	9.72	9.46	9.76	691.2354	796.3236	751.1635	58.8318	13.0083	35.9694	38.641	40.222	35.399	0.0691	0.0759	0.0763	1.2683	1.1713	1.2476	448.0	434.0	448.0
HG00453	HG00451	HG00452	CHS	489.6	402.25	542.92	471.843	400.567	527.06	570.4	422.27	597.59	196.97	186.29	225.71	13.5866	12.9788	16.3248	0.9112	10.412	1.4356	48.4391	38.3169	43.8419	48.8569	56.7626	54.6976	9.472	10.1904	8.5162	132.3506	140.8776	149.2088	3.6813	2.9535	3.7374	0.6077	0.6795	0.548	0.7339	0.7536	0.7151	0.2254	0.2387	0.2114	0.7226	0.3817	0.48	1.9867	1.9929	1.9873	9.46	10.01	10.08	748.4885	934.1842	614.0352	26.3113	25.9752	21.6487	40.081	38.298	35.526	0.0904	0.0902	0.0891	1.2796	1.1351	1.2027	452.0	435.0	431.0
HG00459	HG00457	HG00458	CHS	512.64	432.51	386.71	501.586	420.076	375.473	585.26	493.14	454.08	219.31	175.15	248.72	20.2362	18.5911	17.1979	15.6069	16.9155	1.2411	54.0235	42.6695	51.6527	75.1156	79.4794	47.134	10.5615	9.0465	10.9103	146.9352	150.7739	159.2778	3.6508	3.8918	3.4399	0.6033	0.6484	0.3905	0.6968	0.7238	0.7842	0.2626	0.2652	0.2511	0.3413	0.2198	0.3506	2.0028	1.9963	2.0091	9.84	9.7	9.66	1059.9766	786.166	770.4854	104.8841	24.7798	36.4858	36.736	37.238	37.922	0.0889	0.0725	0.0757	1.2189	1.2395	1.2666	440.0	442.0	438.0
HG00465	HG00463	HG00464	CHS	567.32	433.07	473.57	552.589	423.682	461.822	661.55	496.18	554.39	168.29	165.29	142.97	15.5416	21.5209	14.6685	15.7774	15.4272	1.8624	29.0253	39.151	35.6927	74.9957	59.2571	56.1588	8.1974	8.1053	9.1061	142.5572	143.9927	161.5209	2.716	2.4403	2.425	0.6547	0.6082	0.6622	0.7554	0.7674	0.7745	0.2377	0.2351	0.2339	0.5904	0.3403	0.3974	2.0038	2.0003	1.9899	9.92	9.9	9.99	744.3774	881.7113	887.2082	64.0958	32.9574	16.164	37.146	37.568	37.816	0.0908	0.0845	0.0878	1.2378	1.2602	1.2762	444.0	436.0	435.0
HG00474	HG00472	HG00473	CHS	532.41	487.07	734.92	519.803	479.013	735.029	621.04	551.29	835.41	144.92	167.39	150.18	16.143	15.7213	17.8327	15.6506	14.4869	1.7351	46.927	54.3955	35.892	74.8884	72.7879	54.3582	10.9321	10.3648	11.0606	131.4478	143.9957	147.1422	2.3268	3.2538	2.1371	0.8632	0.6477	0.7575	0.8064	0.8673	0.8227	0.2473	0.2471	0.2397	0.3318	0.3992	0.3059	2.0039	2.0024	1.9834	9.8	9.62	10.08	840.9974	752.6215	744.4383	56.6889	59.1313	52.6107	38.788	33.964	41.017	0.0778	0.0968	0.0885	1.2663	1.2134	1.2231	449.0	437.0	433.0
HG00477	HG00475	HG00476	CHS	404.4	320.39	379.6	402.173	320.087	379.621	448.69	365.01	439.12	152.62	146.94	174.43	15.0792	11.6641	16.9232	14.661	15.0848	1.0255	42.4854	38.9366	40.4315	67.1889	74.3598	50.1224	8.2985	9.1883	9.2234	153.551	146.0891	165.2871	3.7091	4.1768	3.7002	0.5025	0.5977	0.6345	0.7893	0.7379	0.8227	0.2456	0.2526	0.2522	0.5528	0.3898	0.4368	2.0114	1.9957	1.9897	10.2	9.95	9.99	740.3376	863.1621	643.5421	26.6432	65.4097	70.7643	39.657	37.727	34.667	0.1129	0.1015	0.103	1.1824	1.2156	1.2259	447.0	420.0	420.0
HG00480	HG00478	HG00479	CHS	334.94	415.65	295.29	329.293	406.589	295.222	379.02	465.68	327.39	188.16	143.43	167.51	14.5295	17.0561	15.8549	15.561	15.2829	1.4457	39.7864	46.8645	52.4849	79.1141	63.2316	55.8824	9.6057	11.2195	8.5641	162.8838	152.1453	151.7523	2.5041	2.2397	2.2247	0.5095	0.5399	0.6077	0.7473	0.7746	0.7213	0.2464	0.2587	0.2166	0.4219	0.4289	0.5901	2.0017	2.0098	1.9979	10.07	9.96	9.71	740.1346	690.1719	719.0306	94.5897	51.6014	26.0186	36.945	36.041	33.309	0.0882	0.0638	0.059	1.2258	1.2024	1.1954	450.0	437.0	433.0
HG00502	HG00500	HG00501	CHS	446.67	511.17	503.19	447.703	495.638	499.941	513.17	580.88	561.65	196.28	180.32	214.72	13.8612	16.6999	13.3733	15.9252	15.7794	1.3133	36.6651	39.7254	45.1021	77.7319	79.1813	47.1728	9.6477	9.8577	11.0221	143.2086	153.2888	148.6618	2.9509	3.2285	2.9315	0.6421	0.6741	0.5441	0.7604	0.7164	0.8523	0.2523	0.2355	0.2527	0.4872	0.1581	0.2179	1.9965	1.9906	2.0329	9.85	9.76	10.12	743.901	629.1873	762.0916	38.5813	17.613	67.3872	36.64	40.463	33.714	0.0845	0.0768	0.0949	1.269	1.1908	1.2047	450.0	419.0	450.0
HG00514	HG00512	HG00513	CHS	566.47	386.0	496.85	565.511	382.014	484.031	649.55	425.88	555.51	197.76	199.23	109.44	13.9366	13.263	15.7733	1.4822	22.8451	1.4494	46.7642	50.4857	42.4715	46.5507	92.6986	50.1128	11.0015	12.095	10.9336	142.8504	157.8459	147.7201	2.7061	3.0714	2.5351	0.6499	0.6562	0.6361	0.8513	0.8948	0.8681	0.2316	0.2627	0.2378	0.605	0.2773	0.8279	1.9978	2.0024	1.9985	10.21	9.91	10.02	958.5602	722.0045	719.6167	210.8072	63.2023	175.5411	37.602	38.359	70.864	0.0982	0.0915	0.1019	1.2177	1.1873	1.201	446.0	447.0	439.0
HG00526	HG00524	HG00525	CHS	388.6	211.36	517.11	381.622	211.486	517.093	447.52	242.27	576.45	197.71	171.03	174.05	16.0901	18.2121	21.6224	22.1152	23.0183	1.4085	50.8568	50.5893	37.3349	83.4693	83.1912	49.0297	10.0215	12.2929	10.3175	149.8285	155.664	155.0708	2.5675	2.7572	2.3998	0.5612	0.5189	0.5374	0.8518	0.8549	0.827	0.2506	0.2568	0.2334	0.4943	0.4743	0.6554	2.0078	1.998	1.9924	10.08	9.21	9.78	607.0755	1083.4511	830.0561	57.3693	70.3928	89.9352	37.382	36.191	34.712	0.0871	0.086	0.0626	1.2544	1.2336	1.1837	439.0	433.0	442.0
HG00532	HG00530	HG00531	CHS	849.22	693.81	453.76	842.273	691.778	461.302	1013.65	770.07	490.38	193.63	186.35	209.53	18.516	17.3844	15.6895	15.5714	15.3269	1.2752	43.4025	45.8765	42.7571	78.429	83.8332	46.8329	8.2435	8.7278	8.13	137.7926	135.6059	156.1925	3.2995	3.1544	2.7249	0.4866	0.4852	0.4685	0.6656	0.7374	0.6411	0.2266	0.22	0.2113	0.3402	0.3284	0.5857	2.0048	1.9948	1.9929	9.8	9.78	8.81	672.9668	856.2682	824.0465	25.6577	25.1597	36.3851	38.519	37.663	37.882	0.0706	0.0871	0.0812	1.2923	1.2249	1.1518	451.0	424.0	434.0
HG00535	HG00533	HG00534	CHS	450.03	383.96	457.36	442.951	378.736	455.739	521.18	455.48	491.14	180.69	188.12	158.67	15.8969	16.7372	13.1509	15.32	13.4762	1.962	38.5587	45.286	42.9051	74.0332	79.2922	52.8626	10.9649	9.6667	10.0601	147.1634	136.5051	143.8506	3.4348	2.8451	3.2956	0.8892	0.8454	0.5454	0.9051	0.8267	0.8426	0.2471	0.232	0.237	0.5521	0.7891	0.4283	1.9857	1.994	1.9955	9.84	10.12	9.81	799.8965	728.3167	659.076	35.3147	24.3871	51.7921	36.493	37.495	37.83	0.0891	0.0852	0.0913	1.2497	1.2636	1.1825	441.0	415.0	442.0
HG00538	HG00536	HG00537	CHS	446.14	420.35	571.43	441.204	414.966	566.332	505.35	489.83	640.96	169.86	198.74	127.02	17.6845	15.9912	18.4476	13.7149	13.8071	1.2585	63.6833	52.9839	48.3849	76.0691	83.6395	45.6004	10.5207	11.5241	10.0541	141.2981	140.8525	150.7171	3.2844	3.5494	2.6932	0.6612	0.8025	0.7365	0.8028	0.8374	0.7892	0.2521	0.2651	0.2365	0.4507	0.2752	0.5032	1.9935	2.0054	1.9953	9.89	9.84	9.74	677.6923	776.9621	809.4467	34.7042	14.4366	14.9638	37.92	33.994	34.155	0.0999	0.0793	0.0589	1.1948	1.2642	1.1911	446.0	426.0	420.0
HG00544	HG00542	HG00543	CHS	341.02	249.73	452.42	334.347	245.776	445.093	391.59	288.89	513.89	109.75	245.99	319.29	19.4109	18.4527	15.8465	1.795	14.9986	1.6803	27.8598	36.3805	36.7008	58.9839	69.8578	60.395	9.7758	9.5714	9.28	157.1014	156.5368	142.3694	3.7568	3.4679	3.5215	0.5084	0.5122	0.5868	0.7605	0.8229	0.7357	0.2454	0.2466	0.2231	0.4498	0.4121	0.8748	2.0048	1.9863	2.0	9.89	9.83	8.89	674.4454	638.9395	683.978	53.7971	81.9333	62.9787	36.427	36.105	42.477	0.0881	0.0686	0.091	1.2217	1.2386	1.2385	444.0	434.0	431.0
HG00552	HG01075	HG00551	PUR	515.53	421.67	511.49	509.699	412.911	502.407	587.54	495.43	637.54	122.35	152.88	171.75	18.8218	19.3676	23.2248	9.2981	10.0756	2.2462	49.6792	53.3697	42.3184	73.7872	80.5642	59.2394	10.5569	9.7496	8.8745	131.7384	140.8679	137.9578	2.4144	2.5413	2.8165	0.6626	0.4915	0.681	0.9017	0.8936	0.8311	0.2454	0.2449	0.2318	0.9334	0.2994	0.8507	1.9946	1.9973	1.9894	10.03	9.96	9.92	821.3541	629.5302	831.8763	64.9409	24.0946	30.4596	38.725	39.292	50.98	0.0953	0.0798	0.0835	1.2267	1.2443	1.3374	445.0	413.0	424.0
HG00555	HG00553	HG00554	PUR	407.46	568.6	338.62	405.232	566.299	338.002	461.96	652.36	390.29	122.06	179.37	199.64	15.1697	12.4016	21.8065	1.23	16.6617	1.4569	55.9195	61.023	44.879	63.5232	88.1647	57.1405	8.9491	10.0839	9.1608	152.4604	142.99	150.2983	2.5503	2.8499	2.3246	0.7138	0.6912	0.6204	0.7714	0.912	0.7303	0.2343	0.2535	0.2247	0.5473	0.5907	0.6946	1.9921	2.0053	2.0059	9.89	9.9	9.02	825.1398	739.1645	935.4576	37.1906	83.7982	26.1098	35.221	38.985	38.368	0.0687	0.0809	0.104	1.2268	1.2463	1.287	439.0	419.0	431.0
HG00558	HG00556	HG00557	CHS	380.52	412.28	555.59	377.027	410.195	557.201	447.42	466.27	632.2	176.96	147.86	160.47	18.1562	13.5459	19.2707	1.1139	13.4232	1.5368	67.4838	62.1334	59.803	52.2319	74.743	58.9239	10.6853	10.1949	9.1797	140.6635	141.3156	152.758	3.0559	2.9784	3.2709	0.5628	0.5589	0.5011	0.7835	0.8515	0.8162	0.239	0.244	0.2402	0.8464	0.7561	0.747	1.9841	2.0032	1.9951	10.05	9.77	9.83	759.7174	824.4857	657.1325	17.9427	11.3008	25.1568	36.09	32.919	36.861	0.0856	0.0742	0.0743	1.2676	1.2474	1.2577	445.0	419.0	456.0
HG00561	HG00559	HG00560	CHS	597.5	561.03	469.94	590.115	556.286	463.974	688.08	666.58	554.42	272.83	185.84	203.96	15.5314	13.2938	17.567	1.5815	18.0347	1.5902	43.8184	41.0242	35.258	53.576	80.6338	45.0166	9.6535	9.1751	9.9031	154.0851	147.3429	137.6999	2.2549	3.0426	2.5325	0.4679	0.4875	0.5986	0.8413	0.845	0.8275	0.2609	0.2573	0.2387	0.4304	1.2697	0.5092	1.9965	1.9888	1.9966	9.98	10.02	9.9	677.7997	642.9151	839.47	49.9239	51.4187	39.0674	38.406	36.237	35.563	0.0969	0.0792	0.1063	1.2129	1.2701	1.293	449.0	397.0	432.0
HG00567	HG00565	HG00566	CHS	481.01	271.92	584.29	473.906	266.933	576.206	527.77	304.19	649.09	228.47	249.51	138.99	17.7137	18.6161	17.406	9.087	9.9419	1.2861	33.9988	35.692	39.2112	59.6938	62.185	51.9967	10.9369	9.3784	10.5375	156.7419	137.8879	164.0194	2.6995	2.5723	2.5132	0.675	0.647	0.586	0.8462	0.7186	0.8496	0.2679	0.2409	0.246	0.4387	0.4568	0.3765	1.9867	1.9922	1.9966	9.92	9.71	9.81	778.4676	844.1057	729.3898	36.3039	19.4533	36.0897	34.884	34.229	50.625	0.1651	0.07	0.1107	1.1222	1.2003	1.2104	447.0	431.0	439.0
HG00579	HG00577	HG00578	CHS	452.21	403.38	368.27	442.771	398.169	360.213	519.15	462.55	422.98	150.73	180.99	165.1	16.6606	22.9315	12.2268	1.9019	20.4225	1.4867	58.8326	68.8268	41.6067	52.761	72.1953	52.3995	8.8789	9.6983	9.4558	150.5026	139.7466	153.2443	3.4763	3.7577	2.9793	0.4912	0.4916	0.4624	0.8052	0.7327	0.771	0.2543	0.2586	0.2547	0.6599	0.346	0.6637	2.003	1.9933	2.0023	9.8	9.93	9.73	734.5683	774.693	678.8498	54.4602	32.1972	61.2121	36.71	35.452	36.893	0.0899	0.0706	0.0902	1.2301	1.2454	1.2231	452.0	434.0	445.0
HG00582	HG00580	HG00581	CHS	438.38	586.03	373.7	429.018	580.74	357.112	507.68	677.04	447.14	169.56	158.2	141.93	17.4356	18.0682	14.6504	1.3336	16.4115	1.3315	42.751	49.9628	42.8072	51.5512	73.9313	39.4624	10.7702	10.8846	9.7303	144.1133	162.926	133.1629	3.1035	3.0156	2.6449	0.5849	0.5123	0.5453	0.8225	0.8611	0.7005	0.239	0.2429	0.2336	0.5058	0.7231	0.5611	1.993	1.9909	1.9901	10.05	10.18	9.76	743.3849	976.7396	878.6201	75.502	16.7717	20.3118	35.54	39.159	34.91	0.0925	0.1182	0.0815	1.2345	1.2732	1.2839	441.0	433.0	435.0
HG00585	HG00583	HG00584	CHS	325.58	394.66	400.38	328.657	389.821	402.827	377.56	430.04	441.98	195.37	127.24	163.14	20.4148	12.528	19.9097	2.0228	16.274	1.6914	53.7034	45.1372	55.9459	50.9099	73.1626	46.8049	8.495	8.8604	9.5311	146.799	136.7016	138.2621	3.1088	1.9667	4.1239	0.4686	0.6019	0.3961	0.6769	0.7601	0.7818	0.2414	0.2295	0.2471	0.2895	0.2237	0.3781	1.9832	1.9971	1.9964	9.86	10.0	9.94	685.2973	849.8124	753.0383	26.1499	11.6868	73.6068	35.342	36.797	44.366	0.0719	0.0558	0.0707	1.2303	1.1523	1.1832	433.0	435.0	434.0
HG00591	HG00589	HG00590	CHS	631.3	501.82	512.94	626.048	503.196	506.8	745.72	568.3	600.08	169.13	151.64	174.94	19.2255	16.926	18.0604	20.3159	18.7056	1.0504	46.6809	47.3318	58.3115	79.457	73.3463	63.2693	10.9293	9.7594	11.978	145.995	136.3815	153.0588	2.7	3.2965	2.9867	0.6227	0.8099	0.5033	0.8002	0.7965	0.798	0.2535	0.2547	0.2461	0.5333	0.1442	0.4475	1.9974	2.0084	2.0032	9.78	9.76	9.67	668.2974	777.3238	785.9575	40.103	12.0919	28.2861	38.67	38.169	36.168	0.0702	0.0732	0.0798	1.2945	1.1877	1.2428	446.0	424.0	414.0
HG00594	HG00592	HG00593	CHS	361.72	301.82	451.64	351.836	297.029	451.71	432.77	346.67	476.42	110.5	130.84	158.84	14.7079	12.7889	17.1947	9.7258	9.6582	1.6198	61.6644	55.3052	48.1943	70.8416	68.1183	49.7601	11.3975	10.7115	9.2654	154.1544	149.0479	161.5665	3.1097	2.6003	3.0436	0.5693	0.6535	0.5724	0.7985	0.7364	0.7471	0.2497	0.2302	0.2078	0.4647	0.4596	0.5097	1.9926	1.9952	2.0038	9.79	9.95	9.94	776.7958	694.094	946.0471	65.7667	28.48	44.7051	39.798	38.528	37.28	0.0713	0.0635	0.0835	1.3014	1.2319	1.1233	432.0	430.0	432.0
HG00597	HG00595	HG00596	CHS	636.82	530.47	736.78	628.91	526.323	728.091	729.4	608.5	832.98	138.71	178.1	144.34	15.9219	15.3346	16.6776	1.5638	19.0241	1.2233	51.0224	42.2849	63.0539	50.8759	69.6323	52.454	9.9011	10.0259	10.4346	148.1101	137.6257	154.5898	2.9953	3.429	2.8874	0.5385	0.5773	0.5918	0.7774	0.8057	0.8229	0.2352	0.244	0.2311	0.5001	0.8395	0.3817	1.9941	1.9891	1.9933	9.82	9.81	9.88	753.7679	881.1997	729.6821	27.7154	24.8959	55.4455	36.855	34.302	48.119	0.089	0.0772	0.0862	1.2309	1.2569	1.2106	451.0	425.0	419.0
HG00609	HG00607	HG00608	CHS	397.05	399.81	391.18	391.634	395.296	385.552	475.3	468.61	461.46	147.95	133.75	126.47	14.8069	14.3483	16.4867	18.3496	16.9834	1.9176	45.5413	44.4962	48.7703	75.9882	75.5248	56.5664	9.891	9.7434	10.0691	147.7835	147.3397	162.9324	2.8324	2.8924	2.3264	0.6363	0.5635	0.5952	0.691	0.7636	0.7359	0.2565	0.2646	0.2525	0.2677	0.4737	0.7116	2.0027	1.9903	2.0033	9.98	9.88	10.01	704.855	692.2542	1165.9799	58.0002	84.8001	26.587	38.844	41.145	49.482	0.0691	0.0793	0.0848	1.3118	1.2475	1.2429	452.0	410.0	423.0
HG00612	HG00610	HG00611	CHS	761.02	785.99	748.89	753.168	795.715	752.372	881.38	887.97	854.49	152.85	126.45	174.92	16.3576	17.9912	17.3562	1.2734	14.1309	1.1524	59.527	40.6069	62.681	55.994	70.3077	46.7511	10.5302	8.0654	10.4601	162.4369	146.8805	163.042	2.9001	2.2552	2.719	0.6135	0.6071	0.6844	0.8276	0.7408	0.8282	0.2521	0.2328	0.2376	0.4932	0.341	0.4309	2.0006	1.9944	1.9976	9.93	9.95	10.05	797.765	764.8732	736.3258	58.0339	49.7643	63.4494	36.693	38.246	38.546	0.0927	0.0635	0.0725	1.2344	1.1988	1.2026	447.0	433.0	405.0
HG00615	HG00613	HG00614	CHS	547.48	484.0	530.05	541.041	484.734	531.195	618.58	563.14	622.7	218.08	216.79	120.36	18.1796	15.9464	19.3598	1.5347	10.5045	1.5086	50.6345	42.4735	51.1348	49.7247	68.2093	51.5335	10.0746	11.2156	9.847	141.3303	138.5449	161.6063	3.2955	3.6658	2.7144	0.4116	0.4825	0.471	0.7588	0.7846	0.7783	0.2267	0.2591	0.2258	0.932	0.6152	0.2528	1.9972	1.992	1.9868	10.12	9.89	10.25	755.2072	673.2427	891.1378	37.7517	41.3576	16.0989	37.144	36.782	36.266	0.0945	0.1015	0.0985	1.2222	1.2947	1.3255	448.0	428.0	435.0
HG00621	HG00619	HG00620	CHS	602.0	438.44	526.58	591.046	448.342	519.218	690.56	431.33	606.78	158.62	155.42	142.22	13.8729	15.4992	16.572	9.204	9.3707	1.2308	40.2579	42.7866	41.1645	74.6568	66.8245	56.2132	7.5187	9.4018	9.8866	147.628	153.9358	147.3834	3.0727	3.0168	4.0062	0.7247	0.6251	0.4975	0.7021	0.8108	0.7661	0.2228	0.2347	0.2422	0.5404	0.4669	0.5446	1.9974	1.9933	1.9984	8.93	8.82	9.8	755.8466	696.1258	693.1428	40.1362	59.7318	39.0777	36.48	45.207	38.896	0.0906	0.2307	0.1057	1.2398	0.995	1.2429	442.0	430.0	428.0
HG00627	HG00625	HG00626	CHS	418.39	291.87	392.19	411.752	284.935	382.573	463.04	324.57	435.28	154.87	118.53	143.2	13.518	17.7898	12.602	11.9348	12.0089	1.5023	44.891	58.9976	47.4633	62.1144	65.702	48.2524	8.5876	8.6568	10.9032	144.8553	149.8265	157.3085	3.2807	3.4565	2.7198	0.5633	0.7009	0.6549	0.7503	0.8757	0.7601	0.238	0.2462	0.246	0.5988	0.3474	0.4019	1.9954	1.998	2.0028	9.83	9.92	9.86	718.0462	633.2703	762.4107	88.0863	46.6543	27.6911	36.606	38.479	36.939	0.074	0.077	0.0868	1.182	1.1868	1.1955	435.0	429.0	425.0
HG00630	HG00628	HG00629	CHS	427.04	429.98	617.15	422.191	423.761	605.056	472.93	502.45	706.83	179.6	174.26	178.55	16.4748	16.8581	17.4482	8.0225	8.2582	1.6269	74.3056	66.7948	59.1271	61.436	59.3319	60.9847	9.2429	9.6119	10.4078	137.8558	155.391	149.0935	2.4694	3.0245	2.381	0.4648	0.5444	0.507	0.7107	0.7431	0.8014	0.2488	0.2544	0.2239	0.3823	0.3454	0.5907	1.9949	1.9994	2.004	10.06	9.98	9.68	891.0904	950.2435	713.2562	8.8784	28.9214	52.0713	39.137	39.377	49.603	0.106	0.0961	0.0824	1.1982	1.2747	1.2321	442.0	434.0	411.0
HG00636	HG00634	HG00635	CHS	353.26	321.66	507.97	352.546	316.976	487.922	431.13	361.77	585.26	166.91	101.9	155.43	15.57	16.888	12.9313	19.2831	18.963	1.4582	35.7894	35.8297	40.2672	96.5372	101.0205	41.1107	11.3381	10.5459	10.1381	151.2052	156.0956	144.5491	2.6712	2.6501	3.1009	0.4665	0.5962	0.4238	0.8221	0.8116	0.7644	0.2694	0.2623	0.2502	0.4211	0.3956	0.5648	1.9899	2.0058	2.0059	9.87	9.89	9.62	674.9378	654.2236	658.842	17.6499	15.2372	53.5667	39.842	37.687	37.341	0.0705	0.0934	0.0911	1.3052	1.2185	1.2115	437.0	429.0	449.0
HG00639	HG00637	HG00638	PUR	599.89	613.81	565.53	596.172	613.402	554.731	686.67	708.86	639.84	194.47	157.43	197.18	18.8206	20.6479	17.7865	1.1975	9.0971	1.2097	41.8729	41.2753	57.7092	62.8671	70.2992	69.7138	11.7005	10.3995	11.8722	140.7519	142.4127	143.2484	3.4575	3.6146	2.8012	0.7045	0.7075	0.6873	0.7971	0.9008	0.8809	0.2649	0.2605	0.2572	0.7114	0.7108	1.4682	2.0012	1.9927	2.0119	9.79	10.59	10.13	748.8117	972.5295	937.6677	15.8165	30.1062	32.7973	34.053	37.871	39.66	0.0605	0.1029	0.0766	1.2478	1.2835	1.2557	434.0	422.0	410.0
HG00642	HG00640	HG00641	PUR	349.27	338.18	441.27	340.257	336.361	443.192	398.08	387.24	508.56	175.2	160.1	170.43	12.678	24.2251	12.5215	4.7745	5.5032	1.2034	54.7705	39.7509	45.1456	59.0161	64.7364	52.2018	14.0671	12.3992	10.8781	148.2953	153.981	134.496	3.3135	2.5547	2.9085	0.7604	0.4848	0.6825	0.7439	0.7824	0.7762	0.235	0.2252	0.1989	0.4816	0.3083	0.5425	1.9999	1.9928	1.9914	9.88	9.89	10.1	826.6036	687.1467	836.9969	25.0558	59.8046	37.1289	38.848	34.921	35.25	0.1042	0.0807	0.0729	1.2379	1.2358	1.2537	438.0	426.0	425.0
HG00652	HG00650	HG00651	CHS	403.46	319.51	491.96	396.204	314.67	490.985	463.06	362.34	573.17	170.99	184.12	196.57	15.0323	16.8778	15.8367	1.242	14.4587	1.6163	35.0823	40.9969	45.5707	42.8132	67.3038	55.9095	8.9329	9.9564	9.0956	139.6831	145.9855	154.1604	2.2187	3.0514	2.4934	0.5099	0.6289	0.4552	0.7057	0.893	0.7096	0.2145	0.2516	0.226	0.4574	0.6004	0.6293	1.9957	1.9963	1.9957	7.89	9.88	7.94	785.5454	795.5156	729.856	67.9629	18.2146	40.2703	37.103	42.672	37.726	0.0924	0.0776	0.0861	1.2362	1.2116	1.249	447.0	420.0	425.0
HG00655	HG00653	HG00654	CHS	768.29	474.58	724.24	753.15	470.659	715.139	851.97	542.34	839.06	149.69	184.01	159.7	15.5269	14.5892	18.4156	1.4975	10.7053	1.1878	36.6091	41.4781	34.543	60.7969	72.307	66.5265	8.4944	9.015	9.399	154.7713	146.8013	154.4227	2.8731	3.0344	2.6721	0.648	0.5323	0.6949	0.7166	0.7961	0.7246	0.2203	0.2394	0.2302	0.6874	0.49	0.3148	2.0092	1.999	1.9841	9.81	9.68	9.72	764.6245	727.0784	740.1904	40.2645	14.2734	29.1657	37.623	57.297	35.044	0.0931	0.1068	0.0821	1.1779	1.2191	1.2477	447.0	417.0	410.0
HG00658	HG00656	HG00657	CHS	414.55	445.48	463.72	412.17	450.546	464.219	474.95	516.06	528.43	159.66	110.55	151.03	22.43	19.1915	18.0438	15.6612	14.4653	1.5944	38.9424	51.5856	36.3034	72.2929	74.6181	55.2381	10.2131	8.6266	11.297	142.0143	143.4277	145.046	2.8879	2.483	3.4604	0.5444	0.6119	0.6211	0.7782	0.7773	0.8888	0.2301	0.2284	0.232	0.47	0.4043	0.579	1.9998	1.9984	2.0008	8.95	8.88	9.83	651.8089	622.7321	848.5812	33.8077	19.084	44.8046	37.047	37.202	34.53	0.0863	0.0818	0.0709	1.2549	1.2726	1.2335	441.0	430.0	408.0
HG00664	HG00662	HG00663	CHS	615.15	462.5	601.75	603.679	460.506	592.781	732.03	506.92	703.19	169.67	176.85	135.91	15.642	14.8346	18.126	15.4753	14.5833	1.0534	55.3261	56.4346	40.8765	70.683	63.1877	50.3595	9.3189	9.5938	10.2536	147.5498	137.8337	162.12	2.5199	2.9169	2.8502	0.5542	0.5078	0.6676	0.7579	0.7774	0.7829	0.236	0.2468	0.2421	0.4114	0.4678	0.2451	1.9967	1.9955	2.007	10.03	9.68	10.14	734.6438	700.1683	898.3994	26.6152	75.9732	15.2772	40.363	61.239	36.163	0.0728	0.078	0.0937	1.2982	1.1119	1.2912	437.0	415.0	441.0
HG00673	HG00671	HG00672	CHS	380.2	414.62	352.4	371.983	407.081	350.124	425.06	479.55	423.15	184.88	175.6	158.49	14.1689	16.0332	15.806	15.9801	15.3719	2.0931	42.4759	38.8368	54.1498	77.1749	79.6157	56.4603	8.034	9.399	8.6151	149.8231	151.9203	152.2936	3.0439	3.6971	2.9824	0.7235	0.6662	0.6732	0.7305	0.7485	0.83	0.2512	0.2465	0.252	0.5431	0.4881	0.4792	1.9946	2.0092	1.9965	9.34	9.66	9.94	840.3919	841.8073	786.067	20.8926	22.5857	21.2031	35.7	37.718	33.162	0.0868	0.078	0.0756	1.2091	1.2618	1.2747	449.0	410.0	408.0
HG00685	HG00683	HG00684	CHS	345.58	329.91	463.09	338.297	327.333	454.933	399.05	357.59	540.23	179.59	175.84	131.5	19.0013	19.4099	19.2305	21.0102	20.7981	1.8042	40.0202	39.4034	40.4777	78.2619	76.6753	55.622	11.1425	11.6482	10.7815	151.7147	146.3181	151.4053	3.0368	2.8062	2.2937	0.7045	0.8993	0.5607	0.7815	0.8394	0.7626	0.2565	0.2482	0.2299	0.3511	0.3844	0.5933	1.9969	2.0081	2.002	9.83	9.52	9.53	648.6029	759.0313	840.9814	37.4326	49.8006	31.2359	38.622	35.849	33.892	0.0675	0.0653	0.0887	1.303	1.1536	1.2409	441.0	440.0	418.0
HG00691	HG00689	HG00690	CHS	479.12	354.79	554.56	474.851	346.446	553.04	562.09	398.57	628.47	153.16	113.02	169.37	14.9535	14.954	15.4247	14.8118	14.9306	1.1897	27.6454	41.5944	46.7091	71.7036	63.1751	54.2611	10.7806	10.2581	11.8878	135.4105	141.4163	143.4867	2.8607	2.6211	3.3605	0.5303	0.339	0.7482	0.8407	0.8876	0.777	0.233	0.2325	0.2375	0.4658	0.42	0.315	1.9939	1.9995	1.9898	10.29	9.75	9.67	801.7393	820.3337	743.9552	81.7852	8.1673	44.1738	37.789	54.979	34.475	0.0938	0.0806	0.058	1.2836	1.1579	1.2006	445.0	417.0	442.0
HG00694	HG00692	HG00693	CHS	619.78	290.58	555.07	612.64	286.277	557.602	698.39	337.74	626.36	219.47	155.99	217.57	20.7964	15.2752	22.3395	14.4834	15.2526	1.5006	36.4459	39.9014	43.6971	66.6352	67.8019	53.903	8.8585	8.6157	11.3415	146.8962	146.5721	153.77	2.4314	2.4339	2.9447	0.3455	0.5414	0.3831	0.7772	0.7646	0.7945	0.2354	0.2468	0.2422	0.3763	0.381	0.3084	2.0054	1.9818	1.9872	9.9	10.13	9.81	743.6087	779.5127	634.2959	38.864	47.3731	46.0128	37.303	38.11	38.061	0.0936	0.1066	0.0994	1.2031	1.2321	1.2573	446.0	440.0	430.0
HG00700	HG00698	HG00699	CHS	419.66	494.59	581.14	411.931	483.459	574.397	474.75	572.71	666.73	196.26	174.82	155.95	15.2814	17.7128	15.6871	1.3229	14.3366	1.2429	40.7738	36.1231	48.7894	47.7912	70.5401	49.779	10.9693	8.7572	10.3036	150.3723	145.9589	153.819	2.4088	2.3842	2.4695	0.5739	0.6979	0.6532	0.8617	0.8641	0.8314	0.2414	0.229	0.2302	0.395	0.5179	0.5232	1.998	2.0048	2.009	9.89	9.93	10.02	731.8249	646.8042	599.7421	65.3677	36.718	34.5494	37.308	42.97	39.568	0.0986	0.0837	0.0866	1.2081	1.2325	1.2428	437.0	416.0	410.0
HG00702	HG00656	HG00657	CHS	631.17	445.48	463.72	630.582	450.546	464.219	712.35	516.06	528.43	160.93	110.55	151.03	20.0385	19.1915	18.0438	1.4705	14.4653	1.5944	45.9275	51.5856	36.3034	52.1182	74.6181	55.2381	10.9868	8.6266	11.297	148.904	143.4277	145.046	3.0431	2.483	3.4604	0.6002	0.6119	0.6211	0.8645	0.7773	0.8888	0.2616	0.2284	0.232	0.547	0.4043	0.579	2.0033	1.9984	2.0008	9.85	8.88	9.83	784.2666	622.7321	848.5812	11.3263	19.084	44.8046	35.728	37.202	34.53	0.0886	0.0818	0.0709	1.2396	1.2726	1.2335	445.0	430.0	408.0
HG00703	HG00701	HG00702	CHS	516.32	371.31	631.17	509.947	365.644	630.582	606.25	417.19	712.35	175.98	176.84	160.93	19.4593	12.8373	20.0385	20.3696	19.2509	1.4705	65.4982	50.374	45.9275	77.2559	83.7865	52.1182	10.2704	9.316	10.9868	150.5225	161.6918	148.904	2.9769	3.8068	3.0431	0.4971	0.7322	0.6002	0.8101	0.8191	0.8645	0.2602	0.2648	0.2616	0.1904	0.2487	0.547	1.9987	1.9986	2.0033	10.02	9.84	9.85	726.1898	678.8567	784.2666	23.3597	9.2903	11.3263	38.83	43.01	35.728	0.071	0.0888	0.0886	1.3074	1.1935	1.2396	445.0	423.0	445.0
HG00706	HG00704	HG00705	CHS	587.85	521.36	425.04	580.007	515.315	415.588	698.24	611.57	492.23	179.12	175.98	169.64	12.8705	14.3684	17.3576	14.6536	14.1118	1.5553	42.9365	49.6189	43.6484	66.4773	68.5905	56.6358	10.9016	9.5811	10.5653	145.2536	143.3685	147.2893	2.8627	2.8368	3.314	0.6677	0.6247	0.623	0.814	0.7841	0.8245	0.2558	0.257	0.2417	0.2543	0.4524	0.3021	2.0066	1.9962	1.9865	10.07	9.84	10.13	756.4734	707.2467	731.6706	33.8472	23.8643	9.5714	38.272	33.383	34.356	0.0701	0.0792	0.0935	1.3143	1.2688	1.209	449.0	408.0	426.0
HG00709	HG00707	HG00708	CHS	493.41	532.03	450.53	476.344	522.647	439.477	597.77	631.54	521.49	162.87	146.01	116.48	13.9809	18.2598	16.842	17.2381	18.4852	1.4916	46.3581	44.7513	46.2916	76.1207	79.5533	51.1531	9.8093	9.9502	11.5952	143.9639	154.5563	149.7203	2.8314	2.6311	3.2879	0.6936	0.5787	0.7076	0.8584	0.8747	0.9144	0.2537	0.2616	0.2564	0.4195	0.4372	0.2265	1.9916	2.0006	1.991	9.97	10.25	10.03	728.3157	993.118	755.4973	59.2276	100.5304	43.2252	38.961	36.221	36.501	0.0689	0.0726	0.0887	1.342	1.2663	1.2762	438.0	428.0	429.0
HG00733	HG00731	HG00732	PUR	578.54	331.69	717.19	564.982	323.559	711.826	701.02	392.96	810.83	191.07	160.82	187.03	19.0748	23.3216	18.7489	2.7603	12.8539	1.7191	48.487	55.9338	43.2923	59.7893	70.9369	66.0936	11.0647	12.0783	13.3896	148.7904	147.0414	148.2305	3.0782	3.2713	3.0705	0.8211	0.847	0.5998	0.8146	0.8017	0.7973	0.2492	0.2437	0.2322	0.7283	0.7961	0.3578	1.9997	1.9973	1.9977	10.03	9.99	9.95	1067.5884	769.8586	839.7919	37.0124	54.8843	62.1561	36.773	35.717	35.928	0.0746	0.1176	0.0862	1.3193	1.2725	1.223	440.0	415.0	438.0
HG00735	HG01047	HG00734	PUR	345.76	300.16	402.78	343.642	300.041	404.468	383.29	335.94	434.22	131.83	124.02	145.72	23.6159	19.5937	22.1495	1.6815	10.8983	1.7805	41.2188	41.437	51.5917	52.7903	71.8428	55.0143	10.3994	11.1875	9.2371	147.0414	138.0068	138.9787	2.0892	2.2866	2.7547	0.4332	0.7505	0.4829	0.8637	0.9047	0.7949	0.237	0.2373	0.2332	0.4563	0.3162	0.3762	1.9934	1.9974	1.9915	9.68	8.88	9.84	602.3806	595.6801	704.4196	26.3343	24.9465	54.6714	36.0	37.104	37.694	0.0686	0.1101	0.1015	1.2188	1.2072	1.1664	445.0	434.0	436.0
HG00738	HG00736	HG00737	PUR	405.11	307.11	422.59	407.317	310.292	417.141	475.05	334.43	484.8	163.91	115.32	184.54	23.9705	21.1082	17.9101	10.6966	10.0484	1.4193	41.58	41.0354	49.0019	64.1067	68.1605	59.2469	8.6626	10.0738	9.8699	126.384	131.6532	146.8336	2.5618	2.8509	3.8821	0.8087	0.8865	0.5133	0.7957	0.7652	0.8631	0.2411	0.2296	0.2662	0.6102	0.4042	0.5554	1.9973	1.9903	1.9982	10.03	9.8	9.71	696.071	762.4577	629.5016	37.3842	29.6162	11.9381	38.717	35.96	37.441	0.0823	0.0619	0.0989	1.2511	1.1578	1.2392	447.0	440.0	438.0
HG00741	HG00739	HG00740	PUR	485.99	481.84	454.28	476.556	477.517	446.088	545.63	530.22	520.33	251.22	328.71	150.64	14.781	14.5	18.0465	1.0107	7.8591	1.2599	52.8514	44.7111	51.2447	67.5505	65.0185	70.2232	10.1468	9.4619	10.7254	148.8666	140.4898	144.2764	2.6301	3.2506	1.756	0.8181	0.8405	0.6318	0.8738	0.8257	0.7912	0.2415	0.2309	0.2362	0.876	0.4455	0.6284	2.0001	1.9976	1.9957	9.92	9.73	8.91	753.9107	835.7129	686.1159	60.541	18.1216	73.676	38.197	37.321	36.546	0.0992	0.0603	0.0951	1.2135	1.1689	1.2232	444.0	435.0	425.0
HG01050	HG01048	HG01049	PUR	536.45	686.7	379.2	528.758	678.706	375.218	617.13	785.93	445.52	120.52	116.66	231.33	18.7316	13.9403	25.1485	1.021	11.1	1.5189	52.929	41.6867	56.6488	57.7463	80.9011	58.4982	10.5065	11.0139	9.3865	148.9575	136.6645	145.0954	2.8554	2.9817	2.2848	0.5076	0.5611	0.5289	0.79	0.9236	0.7963	0.2397	0.2538	0.2334	0.3883	0.3821	0.4056	1.9977	2.0015	2.0028	9.9	10.47	9.84	482.2432	633.9155	595.9562	45.7526	38.8914	24.2397	34.511	48.179	44.17	0.0665	0.1037	0.0908	1.2286	1.2251	1.2627	433.0	425.0	424.0
HG01053	HG01051	HG01052	PUR	490.15	506.38	544.21	475.399	492.613	534.981	531.49	575.28	613.91	190.03	179.23	235.56	16.8173	14.247	18.1435	1.4146	9.6503	1.1044	51.7891	48.6105	47.6424	61.4045	64.0928	56.8463	9.6842	11.063	10.7571	142.9854	148.1147	150.6019	2.828	2.5527	3.2164	0.594	0.6978	0.6325	0.8592	0.8873	0.8899	0.2435	0.2253	0.2513	0.3553	0.5623	0.6075	2.0158	1.9986	1.9924	9.9	9.96	10.43	716.1329	865.1718	988.2368	31.4594	46.4225	42.6631	37.514	33.945	38.478	0.0975	0.0864	0.1198	1.1692	1.2346	1.1986	445.0	432.0	426.0
HG01056	HG01054	HG01055	PUR	419.67	401.39	301.89	412.542	391.798	299.287	493.41	469.1	357.25	244.08	159.22	284.14	26.3994	23.1116	21.5695	12.5447	13.2622	1.8421	49.8422	42.4121	50.5663	74.2254	78.0653	53.5283	9.859	9.8545	10.1142	142.0088	154.8866	143.732	3.2834	3.7644	2.8208	0.5367	0.5646	0.5547	0.8584	0.8074	0.8749	0.2546	0.2398	0.248	0.592	0.6526	0.4831	2.0084	1.987	1.9993	9.39	9.42	9.86	589.478	1131.5052	615.2457	97.6341	351.237	64.6818	39.269	33.563	36.875	0.088	0.0773	0.0917	1.2528	1.2953	1.2806	446.0	432.0	431.0
HG01062	HG01060	HG01061	PUR	531.31	391.54	461.76	524.049	386.69	458.747	601.22	407.93	503.06	151.45	149.35	190.15	17.7044	21.4613	20.7722	1.0709	11.1443	1.1749	48.6894	55.1799	50.4302	51.7439	61.9261	64.7392	11.686	11.6534	10.9904	145.7019	151.8955	155.089	2.9994	3.4165	3.1639	0.4993	0.5514	0.5498	0.8214	0.8947	0.9094	0.2367	0.2336	0.2356	0.8353	0.4127	0.5717	1.9913	2.002	1.992	9.94	10.39	10.19	601.5299	1177.5076	508.4205	77.6052	32.5161	46.7833	35.969	38.728	36.958	0.0987	0.0822	0.087	1.2294	1.1283	1.2002	446.0	435.0	434.0
HG01068	HG01066	HG01067	PUR	458.87	459.66	453.31	455.593	453.958	447.124	542.36	516.95	524.86	160.6	99.91	179.78	20.0496	20.1885	19.3591	1.7333	8.3809	1.4056	64.8878	50.379	55.7329	50.9638	60.1933	56.3536	10.806	11.2418	11.4435	143.7687	147.7794	143.396	2.3052	3.1612	2.3407	0.6945	0.7594	0.4174	0.8127	0.7895	0.8556	0.2432	0.2385	0.2429	0.5098	0.439	0.372	1.9854	1.9913	1.9976	10.12	9.95	9.95	624.8507	921.1767	566.1337	106.798	89.3261	46.1858	38.098	38.792	36.874	0.0713	0.1248	0.0932	1.3263	1.1658	1.2298	443.0	422.0	435.0
HG01071	HG01069	HG01070	PUR	620.78	644.02	515.12	606.663	629.616	514.679	697.76	767.24	586.65	134.89	86.77	116.7	22.1662	24.3988	16.9258	2.6882	9.2275	1.8593	47.0594	48.5679	37.1627	54.6913	68.9574	51.9286	9.4739	10.7244	10.351	136.5729	144.3778	139.0884	3.5109	3.6844	3.3639	0.6254	0.6283	0.7482	0.8438	0.8124	0.8181	0.2215	0.2341	0.2369	0.3512	0.4669	0.2873	1.9896	1.9958	1.9995	9.84	9.96	9.94	679.9685	749.9255	660.3438	72.6496	88.7425	70.8058	38.248	56.277	35.386	0.0987	0.0936	0.1017	1.2196	1.2698	1.2224	444.0	419.0	421.0
HG01074	HG01072	HG01073	PUR	489.69	530.9	635.66	477.969	524.256	629.825	556.3	620.38	707.9	155.64	190.8	134.65	16.0334	17.9909	15.4983	11.1025	11.2501	1.3485	48.4417	45.1315	37.3113	65.1646	57.3842	60.6551	10.6929	8.8669	10.1912	136.5301	133.7153	139.5685	2.4654	2.9874	2.6914	0.5762	0.8152	0.4996	0.8494	0.8282	0.8105	0.245	0.2503	0.2289	0.6035	0.4121	0.5308	1.9871	2.009	1.9925	10.01	9.98	9.85	669.7164	796.8547	636.7796	42.0138	42.5	146.3356	37.516	33.026	39.54	0.0823	0.0857	0.0983	1.2506	1.2505	1.2012	448.0	429.0	439.0
HG01081	HG01079	HG01080	PUR	640.57	605.04	581.24	639.103	599.08	575.641	767.78	703.32	665.42	131.0	146.79	138.09	24.5403	26.7512	19.2014	1.7294	11.0444	0.8984	64.7672	63.2131	55.0318	54.3887	64.9818	56.7132	11.9131	10.6663	11.4488	137.7662	138.9871	140.9174	3.1746	2.7161	3.1846	0.5423	0.7024	0.8413	0.8187	0.8503	0.8495	0.2515	0.2555	0.2432	0.2704	0.499	0.4502	2.0	1.9923	1.9992	9.96	9.98	9.86	619.1118	766.8644	725.5457	10.6085	20.7042	20.4858	37.846	36.485	38.277	0.0723	0.0941	0.0815	1.3227	1.285	1.2341	445.0	442.0	432.0
HG01084	HG01082	HG01083	PUR	388.85	374.17	348.15	383.635	374.956	338.353	447.89	436.35	426.84	140.25	154.6	184.9	11.5723	11.8313	16.9901	2.515	10.7318	2.1367	66.0364	68.8432	53.565	50.7879	74.3129	49.1485	10.274	8.6347	13.2872	131.8684	137.3573	138.6117	2.3979	2.2399	2.8251	0.5145	0.4813	0.4576	0.8277	0.919	0.8048	0.2272	0.2357	0.2241	0.3411	0.4093	0.5946	1.9949	1.9938	1.9943	9.88	10.05	9.04	654.0775	696.8141	818.4713	83.4154	38.4593	34.9094	38.613	38.735	43.127	0.0828	0.1204	0.0767	1.243	1.2259	1.3009	452.0	415.0	429.0
HG01087	HG01085	HG01086	PUR	347.89	281.48	429.9	343.036	279.801	426.393	391.15	288.85	489.89	196.09	215.3	149.66	14.6863	17.0994	17.7743	1.6264	10.8115	1.4587	52.9547	45.5254	46.3075	59.353	63.9491	68.7208	11.5011	9.3862	11.4345	137.7284	127.451	134.8605	2.7526	2.7847	2.5909	0.6056	0.7412	0.4891	0.8837	0.81	0.8282	0.2438	0.2333	0.2438	0.6203	0.3494	0.499	2.0059	2.0078	2.0001	9.85	8.87	9.82	857.5007	723.073	689.6251	20.0247	108.1086	66.2097	35.613	35.861	37.242	0.0748	0.0781	0.0984	1.19	1.0939	1.2254	439.0	435.0	434.0
HG01096	HG01094	HG01095	PUR	557.6	547.34	406.76	555.288	543.176	405.627	645.77	640.59	467.2	235.25	196.33	208.73	16.4899	18.5223	21.9221	9.9862	9.5649	1.4466	49.027	52.2523	37.5763	80.8497	76.7891	68.8354	9.203	9.6194	9.6653	130.4844	133.9366	135.6755	3.0151	3.5459	2.0947	0.6401	0.7046	0.5327	0.7247	0.8338	0.6862	0.2812	0.2816	0.2356	0.5184	0.1989	0.6314	2.0086	1.9921	2.0044	10.21	9.93	9.91	925.0447	746.955	884.4376	137.644	88.6295	163.318	38.672	37.166	35.271	0.0843	0.0932	0.1044	1.2553	1.2656	1.2443	436.0	431.0	423.0
HG01099	HG01097	HG01098	PUR	378.57	363.25	398.44	371.688	360.206	392.391	457.88	419.85	465.55	167.36	143.41	187.11	19.2597	15.2647	15.9822	10.0539	9.2813	2.9002	38.8027	38.9808	43.9349	67.1075	72.2203	52.7542	13.2757	11.5577	12.807	137.1957	141.1419	146.3546	3.0446	2.8027	3.036	0.5884	0.4551	0.6765	0.866	0.739	0.9231	0.2571	0.2434	0.2435	0.6743	0.348	0.8641	1.9945	2.0025	1.9966	10.11	9.86	9.92	574.8908	603.1081	743.2161	101.8379	20.0714	165.3456	41.328	36.394	37.341	0.0771	0.1032	0.0829	1.31	1.228	1.2218	443.0	438.0	417.0
HG01100	HG01247	HG01248	PUR	373.14	469.45	399.49	370.756	463.995	389.83	441.96	549.57	453.98	117.75	143.0	143.55	23.9064	23.3023	21.9936	1.8727	11.9208	1.9698	56.3438	73.2126	40.0556	65.2695	78.4898	67.8141	10.1591	9.7837	11.4425	142.4345	133.2864	167.0956	2.5339	2.682	3.0362	0.5397	0.6158	0.6759	0.7883	0.8465	0.8314	0.2474	0.2565	0.2241	0.4948	0.555	0.4308	1.9873	1.9908	1.9841	10.31	9.76	10.7	555.2026	609.7302	543.5058	48.659	117.0948	31.1243	38.477	36.782	48.965	0.0684	0.0823	0.0999	1.2836	1.2811	1.2251	458.0	437.0	428.0
HG01103	HG01101	HG01102	PUR	413.02	310.35	464.22	405.194	302.597	458.846	473.54	382.9	540.02	160.17	182.18	188.61	14.8998	16.0603	19.3675	1.2926	10.8564	1.047	51.1262	35.4137	55.7704	63.4827	76.2261	59.4581	12.0515	11.3761	9.3888	145.5018	151.4398	160.3353	3.4547	2.5089	3.8193	0.7122	0.7688	0.6218	0.8736	0.9351	0.8207	0.2565	0.2515	0.2486	0.5473	0.752	0.4128	1.9726	1.9997	2.0059	9.82	9.94	10.08	530.6754	1029.886	759.8843	47.2606	276.1831	64.0308	36.506	39.145	40.396	0.0904	0.0715	0.0886	1.256	1.3463	1.2671	451.0	426.0	413.0
HG01106	HG01104	HG01105	PUR	563.87	435.51	589.01	556.944	431.639	580.024	667.97	499.49	709.33	218.49	215.84	220.21	15.2207	18.5773	20.5651	16.6526	16.216	3.0388	40.8887	42.0223	42.001	75.4006	81.3245	58.2233	9.3394	9.4409	10.1396	129.88	141.5099	146.3026	3.0313	3.3651	2.7139	0.5427	0.6059	0.549	0.8398	0.8926	0.8532	0.2342	0.239	0.2492	0.433	0.376	0.4878	2.0027	1.9916	1.9949	10.06	10.09	10.07	702.8327	635.8062	793.5666	37.417	17.1547	54.7175	38.411	34.492	46.21	0.0778	0.0798	0.0727	1.2861	1.2446	1.3013	446.0	419.0	432.0
HG01109	HG01107	HG01108	PUR	509.8	375.44	495.62	497.706	369.98	487.879	575.02	444.73	542.04	233.3	135.53	256.58	22.9266	16.6194	20.4451	11.3223	11.9079	1.5208	37.3468	47.4872	39.9801	63.9573	59.1957	54.0949	10.5327	10.8696	10.3671	131.6652	132.4568	142.2779	2.5789	3.3076	2.6448	0.8396	0.5762	0.8051	0.9126	0.8556	0.954	0.2394	0.2416	0.2376	0.3908	0.5069	0.317	1.9953	1.9993	2.0052	9.84	10.86	9.7	533.2498	705.508	472.0904	36.6723	37.4041	63.9994	38.86	40.372	36.677	0.1046	0.1267	0.0732	1.1897	1.2658	1.1458	445.0	402.0	429.0
HG01114	HG01112	HG01113	CLM	438.77	397.58	471.39	430.653	393.551	469.563	502.46	458.74	564.66	154.47	137.82	88.52	22.0785	19.4489	15.5258	1.4675	10.9415	1.8999	58.8045	45.8107	53.3147	51.1856	71.1027	42.2854	9.3594	9.085	8.8092	146.276	121.2992	125.8632	3.4985	2.776	2.9697	0.6689	0.5738	0.483	0.8456	0.8656	0.9291	0.2491	0.2398	0.2326	0.8336	0.3538	0.5504	2.01	1.994	1.9917	10.04	10.1	10.99	660.2513	827.0728	1118.7644	36.6057	34.1716	35.479	36.386	37.336	37.4	0.0876	0.0863	0.0984	1.2256	1.2681	1.317	450.0	427.0	436.0
HG01126	HG01124	HG01125	CLM	476.73	333.39	473.04	471.718	332.071	465.875	545.73	364.37	545.34	132.07	156.75	112.19	19.9272	18.1271	15.2344	9.679	9.1028	1.4296	55.4096	45.3266	52.2686	73.3369	69.4991	65.2278	8.8914	9.5876	10.4871	143.8605	136.6273	142.8391	2.483	2.8537	2.391	0.7573	0.696	0.6165	0.8028	0.8236	0.8824	0.2477	0.2531	0.2478	1.0301	0.7244	0.5288	1.9942	2.0027	1.9999	10.35	9.66	10.05	710.3189	738.8053	731.5888	94.492	15.3493	11.6481	37.075	37.668	37.13	0.0916	0.1024	0.0867	1.2232	1.2001	1.2128	444.0	439.0	419.0
HG01135	HG01133	HG01134	CLM	475.74	414.19	409.19	466.111	411.457	404.282	530.48	484.74	446.61	133.79	183.87	174.84	15.9097	14.7281	23.3702	7.7982	8.19	2.0935	51.0306	56.0065	52.53	57.5193	61.1107	48.671	11.673	10.9834	10.1749	141.4673	146.595	150.1401	2.7688	3.0686	2.7491	0.4165	0.5467	0.6143	0.7657	0.8139	0.7873	0.2366	0.243	0.2302	0.4262	0.3665	0.4415	1.9863	1.9953	1.9932	9.81	10.05	9.92	852.8727	751.6832	667.7418	113.8558	76.7565	49.5759	38.276	38.261	41.452	0.1	0.0726	0.1215	1.2002	1.2597	1.1949	446.0	441.0	428.0
HG01138	HG01136	HG01137	CLM	470.44	443.28	470.27	461.166	438.691	468.46	542.94	502.91	536.03	191.61	216.46	179.64	14.8603	17.3893	13.5284	10.9662	10.7072	1.5165	55.5886	55.9833	46.8707	71.4944	68.4823	57.9662	11.6389	10.1476	11.3664	146.5069	149.0353	143.1237	2.4471	2.5994	2.7238	0.6481	0.7009	0.8244	0.8807	0.9101	0.8755	0.2619	0.2338	0.2499	0.5596	0.6809	0.5726	1.9975	1.9949	2.0226	10.06	10.83	9.83	771.9595	694.0083	895.0512	58.9776	112.2003	66.7437	36.742	39.513	37.554	0.0851	0.0876	0.1195	1.2557	1.2527	1.2022	446.0	432.0	417.0
HG01141	HG01139	HG01140	CLM	470.19	408.66	436.64	467.602	405.302	437.616	495.8	457.36	474.28	200.03	163.6	205.01	15.751	17.8733	17.4129	1.5647	9.2013	1.9515	32.2723	40.1205	49.9092	45.2237	63.0101	46.6474	9.4019	9.0497	10.125	131.4401	131.1849	150.41	2.4613	2.5234	2.6837	0.5751	0.5658	0.7079	0.7565	0.7981	0.8335	0.2201	0.2292	0.2205	0.4273	0.4557	0.3178	1.9994	2.0049	2.0022	9.94	10.02	9.84	622.597	684.4338	591.3132	24.4968	26.0084	29.3578	36.034	38.512	40.684	0.0708	0.1041	0.1111	1.157	1.22	1.1748	441.0	437.0	440.0
HG01150	HG01148	HG01149	CLM	424.68	493.37	360.88	422.346	492.341	352.308	487.37	545.76	416.03	207.14	248.7	149.22	18.8147	17.7661	21.7158	1.6356	9.8593	1.5765	53.0268	52.8638	44.0859	50.4461	54.8759	56.4718	13.2109	11.6026	11.2231	143.2343	136.3956	148.601	2.552	2.7726	3.0094	0.5748	0.6847	0.6178	0.773	0.8007	0.8314	0.2593	0.2501	0.2472	0.6462	0.2868	0.4613	1.9788	2.0034	1.9839	9.91	10.12	9.97	931.6337	765.713	821.8747	80.3546	66.3693	62.0636	38.783	36.295	64.151	0.0791	0.1037	0.0824	1.2615	1.2443	1.2471	455.0	437.0	434.0
HG01169	HG01167	HG01168	PUR	443.02	406.77	410.29	444.904	398.738	410.533	493.29	468.75	457.45	240.07	269.34	278.68	17.5919	16.635	15.0308	1.9114	14.8096	2.4495	47.005	49.2522	39.8469	68.7894	91.8613	54.1822	10.1355	9.7924	14.7842	142.7736	143.4789	137.312	2.3668	2.7674	2.8044	0.5389	0.5423	0.5228	0.849	0.8787	0.8655	0.2504	0.2634	0.239	0.4274	0.2286	0.4562	1.9959	1.998	2.0025	10.06	9.95	9.89	603.4444	683.5694	532.6982	18.1691	92.6319	17.0156	34.533	51.848	35.746	0.0724	0.0767	0.0918	1.2036	1.2543	1.2674	443.0	420.0	437.0
HG01172	HG01170	HG01171	PUR	745.6	583.77	532.96	735.87	572.654	528.798	856.93	680.32	586.65	121.84	170.29	133.89	17.5041	21.6841	16.5432	9.4332	10.0439	1.7917	36.0367	57.4451	38.2268	69.9187	71.7016	55.4576	12.6989	11.7846	10.463	125.919	137.7459	129.5419	3.574	3.0006	3.3251	0.5941	0.6464	0.5903	0.9802	0.8305	0.898	0.2573	0.2456	0.2527	0.4157	0.3882	0.4799	2.0145	1.9871	1.9994	10.96	10.06	10.81	656.8627	447.1621	684.2393	69.2429	31.9917	59.7882	36.57	33.701	38.553	0.0843	0.0839	0.0948	1.2412	1.2796	1.2093	442.0	432.0	434.0
HG01175	HG01173	HG01174	PUR	364.3	364.3	266.66	353.542	364.073	265.667	413.71	415.97	308.32	162.68	132.08	231.91	17.3488	12.8467	19.2983	1.6177	10.831	1.9975	53.7022	45.1885	53.584	53.9826	73.6347	58.8593	11.8527	9.1675	12.9036	148.4175	135.8483	149.965	2.8711	2.5862	2.4877	0.7207	0.7151	0.5903	0.8896	0.783	0.8389	0.2305	0.2188	0.2429	0.6505	0.6509	0.2972	1.9935	1.9887	1.9882	10.04	8.81	10.08	633.8991	655.3014	878.7842	46.6312	25.6324	53.1324	35.815	35.902	37.002	0.094	0.1012	0.1024	1.1969	1.2312	1.2739	448.0	424.0	439.0
HG01178	HG01176	HG01177	PUR	495.75	598.05	431.21	492.922	596.18	429.959	559.49	641.92	476.16	227.16	213.73	159.92	13.0753	11.809	20.4199	11.3252	11.2886	0.9011	54.4576	48.1469	50.2391	61.8375	62.9443	48.8692	13.2115	11.9639	11.6274	124.3484	141.2447	139.1944	2.823	2.4601	2.6849	0.8486	0.6957	0.7244	0.7868	0.7949	0.812	0.2377	0.2326	0.2239	0.8096	0.5049	0.6883	1.9882	2.0051	2.0055	9.94	9.88	9.88	922.8942	672.3393	622.1509	84.4507	49.5178	115.3425	38.034	49.721	40.395	0.0921	0.0809	0.0755	1.2173	1.1764	1.2229	449.0	437.0	438.0
HG01184	HG01182	HG01183	PUR	559.9	494.58	523.56	553.203	491.461	511.007	660.23	529.16	624.42	189.48	156.16	187.08	17.0925	15.8054	21.5388	2.0267	11.8231	1.4941	48.4425	46.6257	53.9403	61.5496	83.3827	51.8714	10.5007	10.9153	8.8907	141.736	135.7437	153.2269	2.8447	3.6202	2.7244	0.5742	0.4764	0.7665	0.7707	0.8803	0.7737	0.2403	0.2477	0.2304	0.418	0.5202	0.4194	1.993	1.9969	1.9973	10.05	9.77	9.8	761.6969	689.5258	856.6775	41.7633	19.2589	45.1354	38.398	38.392	41.769	0.0745	0.1069	0.0692	1.2961	1.1463	1.3048	456.0	435.0	432.0
HG01189	HG01187	HG01188	PUR	591.91	418.54	678.34	583.707	423.733	676.191	675.76	454.85	783.57	337.51	193.93	252.22	19.9858	16.1874	19.6376	9.4112	9.2442	2.0551	52.7804	56.3549	44.4115	60.9704	56.4702	45.5641	10.3371	10.5242	10.1078	134.0779	139.9403	141.7305	2.5537	2.6105	2.1377	0.6211	0.6577	0.69	0.8368	0.8018	0.8066	0.2521	0.2524	0.2329	0.4619	0.2167	0.6783	1.9971	2.0019	1.9911	9.96	9.77	9.92	730.2997	755.7828	623.8787	61.3387	68.7709	85.0648	37.571	37.24	36.548	0.0997	0.0784	0.1037	1.2363	1.1368	1.2482	447.0	437.0	433.0
HG01192	HG01190	HG01191	PUR	456.88	445.35	488.04	454.051	442.615	484.478	516.4	513.0	497.65	155.94	224.98	151.67	25.6133	22.7655	23.8103	10.7918	10.4043	1.4477	45.6062	49.0073	39.3953	64.6205	54.5321	54.65	6.6663	7.8311	7.6602	136.7475	141.7433	152.9464	2.0841	2.9374	2.2932	0.8192	0.7047	0.6594	0.7911	0.7919	0.7732	0.2177	0.2245	0.2111	0.2667	0.3499	0.3529	1.9959	2.0003	2.0137	9.95	10.06	10.01	684.5741	733.8348	1093.3106	29.7523	30.9344	62.7749	35.304	37.927	38.738	0.0624	0.101	0.0925	1.2337	1.2552	1.105	442.0	439.0	435.0
HG01199	HG01197	HG01198	PUR	380.19	417.28	412.4	376.911	418.05	411.875	453.27	429.68	475.29	247.98	188.5	186.98	19.8617	16.5818	21.1085	15.5648	15.5467	1.3942	42.7775	50.3839	43.052	79.327	76.0843	56.2595	13.8133	12.5252	11.956	138.7741	145.0736	144.9435	3.0076	3.3962	3.4034	0.6023	0.4875	0.7406	0.8574	0.9306	0.8354	0.2403	0.2377	0.2486	0.3147	0.3105	0.4068	1.9894	1.9982	1.9949	9.95	10.33	9.98	672.9122	624.6178	1023.8165	26.715	49.5618	56.1742	39.011	36.038	37.741	0.083	0.0797	0.1124	1.295	1.0983	1.2308	437.0	437.0	444.0
HG01206	HG01204	HG01205	PUR	319.31	294.01	495.33	319.607	293.488	490.635	364.01	330.81	574.71	170.93	243.8	148.09	11.7752	12.1794	16.7372	10.2174	9.9336	2.4914	65.6688	55.1906	65.5181	70.1464	72.1325	68.9423	10.1103	9.9976	9.7061	133.8652	145.8854	142.6716	2.2128	3.2085	2.8325	0.4382	0.6877	0.7029	0.6786	0.7786	0.8319	0.2154	0.2254	0.2314	0.3756	0.4362	0.5774	1.9884	2.0032	2.0034	7.87	7.86	10.48	679.0182	890.0627	798.0513	19.2036	30.2946	32.2846	35.881	34.458	41.968	0.0646	0.0815	0.0862	1.2284	1.2203	1.2343	445.0	421.0	419.0
HG01243	HG01241	HG01242	PUR	519.43	512.16	414.93	514.339	512.381	413.072	579.1	570.01	488.43	293.4	217.1	239.45	14.8786	16.719	17.0547	6.2766	7.1643	0.8093	37.8224	42.0598	38.1617	69.7699	62.0489	58.1764	12.644	11.8463	10.7267	129.5206	135.888	149.1722	2.5533	2.846	2.4646	0.4795	0.5535	0.5495	0.8005	0.8009	0.8162	0.2546	0.2651	0.2486	0.4129	0.9724	0.4055	1.9955	1.9921	1.9943	10.25	9.68	9.79	1080.6293	823.9993	660.9697	22.3061	54.4887	13.3141	36.301	37.887	36.834	0.0676	0.067	0.0918	1.1958	1.1531	1.2843	438.0	428.0	427.0
HG01249	HG01110	HG01111	PUR	501.07	528.87	574.47	496.449	528.771	566.353	561.69	592.1	638.62	132.64	209.06	153.0	15.1875	15.3458	20.9964	1.5135	8.7944	1.491	50.8762	41.5462	52.8379	53.7775	66.2147	55.8885	9.1982	12.6509	10.2074	144.7329	149.9456	155.3639	2.2877	1.7589	2.4903	0.7082	0.4038	0.6527	0.7562	0.7649	0.8823	0.2171	0.2118	0.2333	0.5062	0.6619	0.4788	2.0095	1.9973	1.9987	10.09	9.62	10.6	768.0992	549.2468	743.8802	21.4881	67.8167	15.733	34.728	41.203	33.65	0.0654	0.0641	0.0721	1.2168	1.1799	1.1993	433.0	433.0	431.0
HG01252	HG01250	HG01251	CLM	569.61	424.35	654.17	561.252	423.964	643.511	668.69	490.82	741.02	233.45	223.22	142.07	19.3957	22.096	15.1367	11.6213	12.5213	1.7777	36.2735	43.1785	47.0237	67.3711	79.2005	67.1381	11.4765	11.3363	12.7211	134.5844	156.0016	131.5705	3.2575	2.704	3.3861	0.5752	0.7409	0.5515	0.8524	0.8781	0.8237	0.2522	0.2507	0.2424	0.5684	0.5045	0.5166	1.9886	2.0135	1.9896	9.92	9.82	9.86	769.2656	896.66	763.1915	55.5175	9.8749	28.4039	39.079	41.833	36.006	0.0722	0.0819	0.0996	1.2787	1.2653	1.2394	446.0	428.0	434.0
HG01255	HG01253	HG01254	CLM	379.58	433.5	384.96	375.552	428.689	385.306	451.66	503.03	431.54	164.38	171.66	140.37	15.1693	14.0841	20.2456	9.5175	9.5347	2.085	49.614	63.6297	43.3973	69.857	81.1538	48.0187	11.0792	10.72	11.9048	141.5333	145.1606	146.2592	2.6042	3.2805	2.3631	0.6974	0.5852	0.575	0.7406	0.831	0.7555	0.2506	0.2518	0.2398	0.5252	0.7166	0.4216	1.999	1.9937	2.0064	9.86	9.91	9.66	809.7498	699.4583	651.3621	128.2677	92.9058	33.6934	39.071	37.753	42.444	0.0671	0.0795	0.0622	1.2951	1.2684	1.1915	438.0	405.0	437.0
HG01258	HG01256	HG01257	CLM	548.88	298.57	711.69	543.929	295.328	708.303	639.17	345.35	821.6	146.35	146.98	182.28	13.9683	17.9763	13.3319	9.0094	8.5217	1.5934	51.8251	47.7681	52.6684	61.1451	66.2516	48.2263	11.5624	9.5971	12.3547	139.5185	137.7002	144.8529	2.77	2.4873	2.9737	0.6693	0.7187	0.7371	0.8641	0.841	0.8923	0.2535	0.2391	0.2477	0.3085	0.6327	0.3133	1.9966	1.9899	2.0047	10.02	9.88	10.05	761.236	764.2114	723.5146	89.5432	24.2135	24.1416	38.751	40.398	37.043	0.076	0.0791	0.1017	1.2679	1.2319	1.259	443.0	425.0	432.0
HG01261	HG01259	HG01260	CLM	524.85	442.88	572.13	520.915	445.74	566.587	636.94	456.47	662.04	145.17	153.01	159.08	19.1851	19.6196	22.3894	12.091	11.0467	1.5841	55.3305	45.7544	62.6914	86.0508	64.416	62.1691	12.8995	9.655	11.2027	145.183	142.894	139.1637	3.2206	2.7459	2.7685	0.6819	0.6197	0.4057	0.8513	0.8151	0.8701	0.2675	0.2308	0.241	0.3913	0.5534	0.4327	2.0015	1.9887	1.9979	9.97	10.53	9.8	657.6376	837.3014	599.8637	12.4753	33.0618	34.9783	38.491	37.995	41.944	0.0702	0.0857	0.0956	1.3305	1.147	1.2458	449.0	441.0	430.0
HG01273	HG01271	HG01272	CLM	492.9	546.31	359.54	486.821	547.653	394.573	576.31	599.18	406.29	183.65	202.58	313.39	19.5277	24.4992	22.4212	13.409	12.9189	1.4456	59.927	56.9855	40.3253	83.1303	76.6474	53.0235	10.1827	9.9561	9.1262	133.5966	133.3254	138.2504	2.768	3.0813	2.4923	0.5547	0.7235	0.7246	0.8367	0.8155	0.7617	0.2499	0.247	0.2202	0.537	0.3572	0.6979	2.0116	1.9948	2.0061	10.31	10.71	9.73	792.704	862.1649	698.4817	45.6183	245.8347	55.971	37.96	39.713	36.87	0.0697	0.107	0.0994	1.3045	1.2715	1.2558	451.0	438.0	424.0
HG01276	HG01274	HG01275	CLM	376.09	435.09	395.48	371.83	433.739	388.673	416.91	508.03	438.13	174.28	187.56	192.88	13.4873	13.1462	15.096	1.2731	9.9916	1.7542	44.2678	50.2932	48.1784	53.6835	68.6414	47.9428	10.0882	9.7522	9.3161	146.68	134.9085	149.2533	2.9821	3.3789	3.188	0.5681	0.5876	0.7301	0.9123	0.9428	0.9269	0.2314	0.2354	0.2236	0.4789	0.5386	0.3097	1.9982	1.9959	1.998	10.15	10.13	9.96	662.7675	820.783	706.9826	19.3352	29.4633	170.2937	34.378	37.852	37.07	0.0688	0.0954	0.1133	1.1952	1.2557	1.1869	437.0	438.0	446.0
HG01279	HG01277	HG01278	CLM	519.71	531.18	507.49	515.805	528.932	504.425	573.99	633.57	597.43	147.78	123.65	180.27	16.7226	18.2966	18.3337	1.2886	11.7393	1.1319	49.3143	55.1333	38.4233	41.7626	54.4416	55.3848	10.2737	10.5729	9.0712	153.6608	143.7651	149.4649	3.0778	2.8929	2.4712	0.5895	0.6995	0.5197	0.8359	0.9114	0.7893	0.2468	0.2617	0.2284	0.3534	0.325	0.5896	2.0125	1.986	2.016	9.87	10.0	9.77	669.6869	676.4659	781.5543	48.4471	23.0726	38.9706	34.706	36.166	37.172	0.0727	0.0951	0.066	1.202	1.3057	1.3268	444.0	434.0	445.0
HG01343	HG01341	HG01342	CLM	373.21	461.08	314.03	370.362	462.258	317.067	438.29	504.07	366.78	233.19	174.62	180.68	18.6585	20.8043	22.7989	1.4192	9.9199	1.6248	45.6937	51.0874	40.1647	52.7981	62.3428	57.0822	9.7148	10.8426	10.927	145.558	143.6778	153.5078	3.0225	3.2729	2.654	0.6701	0.464	0.6414	0.8301	0.838	0.9241	0.261	0.2333	0.2578	0.5483	0.4709	0.376	2.0094	1.9997	1.9893	9.85	9.9	9.94	706.866	732.9367	530.5291	61.3995	116.3191	57.3213	37.543	37.86	35.386	0.0734	0.1026	0.1006	1.264	1.2066	1.2748	448.0	447.0	430.0
HG01346	HG01344	HG01345	CLM	461.04	505.44	373.83	456.121	513.925	368.899	521.17	563.01	436.89	136.6	89.62	196.65	16.127	19.4389	17.1006	1.863	12.5631	1.2908	51.3968	59.8674	52.734	57.7078	79.8815	56.6456	12.6115	11.0836	14.4892	131.3653	140.2313	135.1067	2.8211	3.0898	2.5543	0.7023	0.5623	0.7939	0.8242	0.8514	0.8672	0.2473	0.255	0.2472	0.466	0.4704	0.4658	2.0021	2.0013	1.996	10.12	10.12	10.03	770.553	1411.1545	854.9073	17.6294	60.1633	33.5987	37.906	38.76	36.801	0.0796	0.0846	0.096	1.2618	1.239	1.2666	447.0	430.0	422.0
HG01349	HG01347	HG01348	CLM	784.42	733.5	660.49	765.066	721.199	656.192	873.77	854.28	717.02	126.31	140.55	169.16	13.3961	19.6222	14.3139	1.0636	9.3726	1.4627	39.7638	41.3896	53.5846	61.0195	73.5642	58.7498	10.227	10.4279	9.0717	147.7003	146.5414	144.0972	2.5021	2.6154	2.087	0.5372	0.4519	0.6006	0.8858	0.8355	0.8836	0.2491	0.2396	0.243	0.4172	0.4094	0.3593	2.0011	1.9907	2.0084	9.98	9.87	10.01	641.6784	590.7273	622.1631	32.0208	15.3533	31.6958	37.38	36.951	40.304	0.089	0.0864	0.1191	1.2198	1.2524	1.2021	443.0	437.0	446.0
HG01352	HG01350	HG01351	CLM	357.63	399.11	423.24	355.583	397.911	423.462	391.44	453.56	466.46	121.9	57.4	185.61	21.0317	17.3461	21.5011	1.5945	10.4291	2.0505	51.4409	56.2731	53.9689	57.7656	62.1527	55.3052	9.052	10.3171	10.2321	148.5821	135.7485	150.521	3.1698	3.1102	3.3995	0.5666	0.5498	0.5556	0.8112	0.8331	0.8131	0.2462	0.2642	0.2409	0.4711	0.4641	0.2919	2.0017	1.9857	2.0017	9.91	10.27	9.86	565.727	582.239	676.1516	94.5549	243.8398	78.992	36.225	37.086	35.088	0.0587	0.1003	0.0581	1.2127	1.2724	1.1505	445.0	424.0	440.0
HG01355	HG01353	HG01354	CLM	403.93	472.11	410.9	403.571	459.64	407.909	469.52	537.94	473.0	196.79	281.09	118.61	14.8071	17.7457	13.34	1.8265	8.9261	2.0348	40.3287	38.4188	41.8412	59.8392	76.6672	53.4591	13.6553	9.7002	15.2105	134.4044	141.4083	145.302	3.6344	3.6001	3.3209	0.622	0.6808	0.6297	0.8034	0.7995	0.8877	0.2818	0.2581	0.2721	0.4793	0.2618	0.43	1.9968	1.985	1.9984	9.93	9.84	9.79	758.711	639.1333	645.9357	138.0872	14.2284	12.3758	37.982	51.492	40.001	0.0729	0.0756	0.078	1.2536	1.2543	1.2337	440.0	429.0	432.0
HG01358	HG01356	HG01357	CLM	536.96	513.9	501.88	528.542	511.567	496.562	596.07	569.2	560.08	217.05	288.2	137.86	15.7137	17.7392	15.4454	10.7258	10.7229	1.8124	58.9881	42.0569	53.1853	68.4782	77.8658	47.8093	10.8153	9.6215	12.0993	131.2117	144.8568	128.7812	3.2265	3.521	2.5216	0.5234	0.5715	0.5231	0.74	0.8188	0.816	0.2491	0.2433	0.2402	0.5646	0.5385	0.2126	1.9928	2.0069	2.0445	9.91	9.72	9.91	1026.296	660.6813	951.8115	14.6725	37.168	73.5426	39.817	38.513	34.216	0.1031	0.0855	0.057	1.2044	1.2116	1.1785	444.0	432.0	438.0
HG01361	HG01359	HG01360	CLM	394.17	473.98	472.01	397.596	490.992	466.977	456.43	543.08	552.21	145.57	190.15	170.28	15.4574	10.6686	22.1696	1.242	11.0783	1.3827	50.5418	38.9969	62.4193	59.1131	71.146	53.2815	9.7685	11.8132	9.3877	139.2136	129.0099	145.1616	3.5124	2.6418	3.3845	0.4298	0.4834	0.6057	0.8541	0.8444	0.8029	0.2511	0.2295	0.2558	0.8251	0.4102	0.4683	1.9937	2.0016	2.0007	10.17	10.35	10.02	827.1777	713.0214	669.5912	106.7034	82.3585	62.2332	39.066	36.589	36.71	0.0701	0.1021	0.097	1.3116	1.2573	1.286	441.0	435.0	410.0
HG01367	HG01365	HG01366	CLM	509.76	452.49	537.7	514.018	448.238	532.605	581.6	505.23	620.97	160.24	191.54	114.01	16.66	26.4827	20.0563	1.0324	10.8841	1.1078	50.0512	68.6501	45.6058	51.6674	62.7774	58.3833	11.1693	12.695	10.0836	140.0831	150.079	136.157	3.4538	3.2001	3.8221	0.7567	0.6694	0.8033	0.8468	0.895	0.8487	0.2371	0.2513	0.2288	0.5338	0.3948	0.4221	1.9913	1.996	2.0119	9.71	9.98	10.31	815.5334	600.5517	716.6691	262.5357	114.9691	21.9756	35.259	38.757	36.877	0.0633	0.0835	0.1094	1.221	1.2078	1.2913	444.0	448.0	407.0
HG01376	HG01374	HG01375	CLM	615.41	549.71	561.39	603.054	549.231	559.501	683.98	619.55	612.74	147.8	141.44	176.42	16.5111	18.234	15.9016	0.972	11.1458	1.4969	43.7723	47.7344	39.716	44.8072	59.2097	48.1654	10.3688	12.7582	10.2378	141.5985	140.2455	146.5237	3.2201	2.6874	3.0737	0.5307	0.5868	0.4591	0.8145	0.8506	0.7952	0.2416	0.2475	0.2342	0.4894	0.3591	0.2893	1.9956	1.9972	1.9995	10.12	9.99	9.74	873.5497	920.5486	618.409	39.2619	14.1275	62.8942	37.547	39.205	36.398	0.1042	0.1012	0.1022	1.1922	1.2295	1.2066	438.0	439.0	439.0
HG01379	HG01377	HG01378	CLM	551.0	411.59	516.62	553.445	416.253	518.289	640.02	464.67	577.37	212.68	252.47	129.06	18.9498	13.0462	16.4693	1.8312	7.1287	1.66	57.873	47.4426	48.007	57.4373	71.454	57.104	12.4218	12.6935	12.0108	132.4933	133.9965	126.2895	2.9687	3.8015	2.7353	0.639	0.7428	0.6019	0.8048	0.8884	0.8565	0.2393	0.2418	0.2496	0.5983	0.679	0.8884	2.0044	2.0063	2.0018	10.26	10.22	9.92	763.1626	982.265	942.3281	155.2498	40.3622	26.5212	38.24	40.207	49.807	0.0704	0.1144	0.0832	1.3033	1.2527	1.2227	454.0	445.0	429.0
HG01385	HG01383	HG01384	CLM	461.0	471.2	297.32	465.655	467.754	297.807	506.25	511.55	317.19	165.43	178.96	126.81	17.6533	14.3747	15.1629	1.5848	10.8831	1.0713	48.233	42.7789	53.2805	65.0598	72.2629	40.9496	14.4159	10.854	10.2743	137.0179	123.069	129.0457	3.4883	3.7436	2.7975	0.4946	0.6924	0.4881	0.8926	0.8373	0.8512	0.2346	0.2237	0.2257	0.3276	0.1781	0.2379	1.9905	2.0006	1.9933	10.22	10.11	10.18	751.8167	702.1903	720.996	52.4533	46.4978	21.8935	35.456	39.027	35.989	0.0597	0.0883	0.0625	1.2324	1.2281	1.1553	451.0	443.0	429.0
HG01391	HG01389	HG01390	CLM	544.78	532.53	441.51	535.38	529.625	440.458	612.33	542.86	493.67	167.13	157.36	219.49	17.9806	18.6867	16.0854	1.1583	10.7944	1.3169	58.5005	58.9009	49.6314	54.9106	59.4073	52.1413	10.7187	10.2773	10.8643	138.2866	137.5616	140.4732	2.8237	3.1974	2.7652	0.7439	0.6847	0.7	0.8455	0.7984	0.8806	0.248	0.2417	0.2439	0.6522	0.8214	0.3172	1.9837	1.9802	1.9875	10.07	9.88	9.72	602.4306	622.894	646.4209	25.9019	12.7493	9.3091	37.619	35.264	39.157	0.0881	0.0824	0.1156	1.2164	1.1095	1.2292	444.0	435.0	445.0
HG01433	HG01431	HG01432	CLM	551.0	426.55	348.94	546.549	422.995	344.648	639.95	470.91	396.11	187.91	174.63	197.72	14.9257	18.586	19.5219	20.125	19.5183	1.4689	59.4386	55.2967	53.7353	85.6665	82.5613	70.6009	12.1513	10.632	10.8738	146.4319	127.1172	157.0868	3.2728	3.3559	2.8676	0.6598	0.5612	0.5392	0.8737	0.8572	0.8972	0.2555	0.2392	0.2603	0.3265	0.3805	0.6867	2.0069	1.9851	2.0041	10.02	10.17	9.66	756.2783	896.6534	661.9037	23.4391	12.8069	139.7062	40.025	37.006	33.742	0.0728	0.101	0.1002	1.2914	1.2401	1.2518	444.0	431.0	444.0
HG01439	HG01437	HG01438	CLM	513.75	488.34	352.39	503.682	491.99	350.909	579.48	546.53	393.29	217.3	190.62	230.84	16.7012	16.8637	16.0929	1.575	14.7968	1.7978	51.9929	58.5331	43.3749	51.4307	74.6445	50.2034	12.227	12.209	11.6709	137.3293	154.1519	133.404	2.4557	2.7576	2.5387	0.5344	0.5346	0.5213	0.7759	0.8945	0.8438	0.253	0.2402	0.2368	0.467	0.346	0.6507	2.0012	2.0152	1.9967	9.85	9.0	10.03	720.4164	542.0487	658.9723	36.8709	61.4066	36.6617	38.078	38.2	39.39	0.0758	0.1111	0.1116	1.269	1.2797	1.2227	435.0	443.0	439.0
HG01457	HG01455	HG01456	CLM	392.35	385.79	338.85	395.505	399.612	341.626	428.04	439.22	342.94	173.7	215.05	188.64	14.7271	13.4623	16.876	12.713	12.7963	1.5565	49.2364	48.348	48.3312	68.6028	70.5967	48.4167	11.5594	13.0602	11.5472	142.209	137.9586	136.0543	1.9717	2.2927	1.9769	0.5088	0.6358	0.5174	0.7486	0.8243	0.8353	0.2185	0.2252	0.2252	0.4812	0.3939	0.4651	2.0212	1.9931	1.994	9.93	9.81	10.34	1117.49	601.3901	484.8544	102.0222	23.2165	34.3568	35.247	35.977	38.048	0.0651	0.1001	0.1377	1.1902	1.292	1.1999	441.0	449.0	441.0
HG01463	HG01461	HG01462	CLM	510.58	578.86	428.27	503.596	570.36	421.591	593.34	664.39	490.99	229.44	167.44	192.47	20.6449	15.6219	20.6072	1.6994	10.9547	2.1215	37.4237	32.3699	46.2438	61.1183	69.5544	65.4149	11.1662	12.3239	9.6781	147.502	148.3268	140.2225	3.4887	3.8793	2.9893	0.6584	0.5895	0.6782	0.8557	0.8786	0.8325	0.2428	0.2434	0.25	0.4951	0.4144	0.3881	2.0	2.0068	1.9951	10.54	10.45	9.66	589.9135	750.348	742.3658	32.0408	30.3184	42.2487	36.9	37.887	37.729	0.078	0.1061	0.0975	1.2476	1.2113	1.253	444.0	424.0	426.0
HG01466	HG01464	HG01465	CLM	653.96	680.36	551.84	653.827	668.342	553.935	739.86	785.31	631.02	209.17	232.3	176.6	17.086	18.9713	16.9864	1.7563	10.0789	1.9525	49.8765	64.1233	52.3378	54.1365	61.7435	56.8701	11.4677	11.5671	11.7531	146.4717	128.1192	156.9182	2.8559	3.2452	2.7236	0.4868	0.5364	0.4848	0.8695	0.9008	0.8961	0.2539	0.244	0.2549	0.3534	0.32	0.6998	1.9999	2.0068	1.9826	9.87	9.89	10.01	703.4466	694.4279	539.0005	58.4082	49.8535	17.9752	35.412	38.561	35.648	0.0744	0.1058	0.0969	1.2304	1.2357	1.277	442.0	421.0	435.0
HG01490	HG01488	HG01489	CLM	393.77	436.82	385.29	396.704	439.682	388.744	437.39	484.68	455.08	200.06	211.72	217.45	20.0185	20.7849	18.0172	1.3301	10.9306	1.8539	57.2246	60.0106	47.1255	60.3746	72.258	45.3869	13.2289	12.4097	11.5691	166.6575	146.726	133.8394	2.3074	2.2681	2.3747	0.5704	0.4266	0.6246	0.8064	0.8379	0.9266	0.236	0.2396	0.2546	0.22	0.3721	0.2187	1.9911	2.005	1.9914	9.93	9.66	10.04	563.557	654.2317	711.439	93.5467	21.1786	12.7365	34.662	38.85	34.777	0.0631	0.1132	0.105	1.2278	1.2123	1.2986	442.0	444.0	425.0
HG01493	HG01491	HG01492	CLM	483.42	527.51	460.17	483.332	527.659	464.971	536.88	627.3	525.08	256.31	261.67	206.13	17.8116	16.7596	17.6793	1.4227	9.9557	1.9619	42.434	50.1812	40.9243	55.6853	71.5098	62.7997	10.699	9.554	13.858	133.9361	138.1897	147.8899	3.3367	3.0341	2.9679	0.8015	0.7594	0.5449	0.7562	0.7794	0.8654	0.2442	0.2486	0.2567	0.6024	0.5505	0.4221	1.9971	1.9905	2.0029	9.9	9.92	9.98	623.2321	644.9177	529.9752	60.5125	29.2247	48.0852	35.984	53.182	37.223	0.0788	0.1006	0.1072	1.1861	1.2862	1.2696	434.0	415.0	442.0
HG01496	HG01494	HG01495	CLM	383.7	422.37	334.38	380.892	420.29	332.269	415.68	475.63	373.31	129.19	140.23	162.57	19.0429	16.0382	20.2688	1.6445	13.1845	1.0993	61.9667	43.8578	46.4056	60.7601	81.7462	53.6259	10.583	11.493	8.0647	159.9658	147.6455	126.4628	2.5663	2.5673	2.0974	0.69	0.6563	0.6778	0.7488	0.8501	0.8436	0.2373	0.2352	0.2288	0.7625	0.6443	0.9363	1.9902	2.005	2.0008	9.96	9.86	11.48	514.3485	540.662	874.8724	29.0806	12.4793	31.7544	34.9	37.546	35.643	0.0668	0.0975	0.0992	1.2083	1.2634	1.2961	442.0	450.0	437.0
HG01499	HG01497	HG01498	CLM	560.47	717.08	343.61	566.113	723.255	351.532	605.09	811.85	408.04	171.98	151.16	206.84	21.9416	21.7975	24.3567	10.701	11.4815	1.9166	51.7091	58.2918	60.347	67.6929	75.9584	49.6295	10.6847	11.06	11.4129	121.414	139.0384	145.6628	2.8402	2.6666	2.9748	0.4389	0.6679	0.4781	0.8889	0.887	0.8068	0.2449	0.2333	0.2301	0.5958	0.4306	0.4736	1.9938	1.9941	1.9971	10.43	9.97	9.65	700.7226	689.6899	631.8149	34.8165	26.9888	32.1706	33.049	36.032	35.55	0.1638	0.0972	0.0994	1.1238	1.2799	1.2924	429.0	437.0	431.0
HG01502	HG01500	HG01501	IBS	548.67	469.61	559.48	543.057	462.438	560.758	630.4	536.7	638.15	142.91	143.62	171.46	14.9764	14.7136	15.5413	10.119	10.5892	1.7068	54.1459	50.1238	42.6368	74.4337	80.8927	53.2677	12.4611	9.5617	10.5807	135.8884	133.4913	125.9769	2.2389	2.2772	2.517	0.4579	0.6113	0.4302	0.8293	0.8129	0.8535	0.2513	0.2394	0.2145	0.5796	0.5285	0.3542	2.0065	2.0058	1.9974	10.01	9.89	10.47	567.5426	724.4729	826.1472	207.9101	165.3706	117.541	39.049	36.246	38.532	0.0786	0.118	0.1153	1.2575	1.2813	1.2525	429.0	441.0	430.0
HG01505	HG01503	HG01504	IBS	599.62	532.94	543.9	587.237	533.674	547.01	669.15	634.44	635.38	180.92	189.51	127.35	12.5457	18.3272	18.3314	11.3395	10.2415	2.5135	58.92	64.4999	48.9782	64.9898	69.5	57.6894	9.8979	10.2498	9.6273	135.7806	132.9401	154.1968	3.0194	3.7232	2.5797	0.5291	0.5714	0.5166	0.7871	0.7813	0.896	0.2391	0.2185	0.2338	0.9117	0.138	0.3199	1.9934	1.9838	1.9921	9.99	9.78	10.02	852.6647	896.3291	674.4911	110.7158	92.2001	72.2213	35.434	36.508	35.696	0.1672	0.105	0.098	1.1394	1.3257	1.2778	422.0	446.0	443.0
HG01508	HG01506	HG01507	IBS	487.4	503.62	522.33	475.962	502.073	523.036	580.77	569.84	596.95	242.81	146.2	216.23	20.3018	17.483	17.5331	10.7684	10.8999	1.811	54.789	53.2674	47.2614	69.9942	70.5516	53.7039	11.1969	9.6274	9.3076	148.5161	132.8961	133.6683	2.805	2.1907	2.5467	0.6419	0.4714	0.7081	0.8427	0.832	0.8253	0.2631	0.2364	0.2383	0.1862	0.4112	0.3317	1.9927	2.015	2.0087	10.01	9.69	9.73	810.701	983.1949	863.4616	248.569	110.1911	335.4717	40.183	36.409	36.179	0.0792	0.1049	0.1079	1.2782	1.2691	1.286	432.0	443.0	443.0
HG01511	HG01509	HG01510	IBS	448.36	370.75	298.2	442.658	373.893	295.22	537.41	423.58	335.27	206.39	160.81	160.09	20.7739	17.699	16.3747	1.4415	12.6947	1.0538	64.1221	56.6793	50.2902	60.4271	76.3075	53.8883	10.1778	12.495	10.5574	152.754	138.8552	142.538	2.7528	2.4015	2.9776	0.4889	0.5362	0.7273	0.8251	0.8364	0.8324	0.2589	0.2419	0.2422	0.5245	0.3898	0.2528	2.0047	2.0094	1.9949	10.05	9.75	9.73	721.1326	879.1166	780.0043	230.1691	174.4837	147.2156	38.773	34.347	34.948	0.0804	0.0988	0.1157	1.2782	1.2503	1.2287	445.0	444.0	439.0
HG01514	HG01512	HG01513	IBS	554.59	453.42	494.97	542.379	447.388	493.553	651.95	519.53	568.15	298.37	234.9	250.54	23.7564	20.6261	20.6142	0.9438	11.0316	1.249	52.8141	56.1919	45.7077	70.0179	81.9713	58.9083	10.3493	10.3884	11.7216	141.983	146.1016	152.2498	2.6581	2.9913	2.674	0.5394	0.7715	0.5739	0.8283	0.8158	0.8402	0.2548	0.2443	0.2318	0.3923	0.2412	0.3811	1.9744	1.9955	1.988	9.58	9.4	10.0	633.1362	714.6356	629.5784	115.0794	154.2654	139.4981	37.965	34.929	33.978	0.0786	0.1091	0.095	1.3127	1.258	1.2751	439.0	437.0	436.0
HG01517	HG01515	HG01516	IBS	256.22	406.67	218.41	255.295	404.354	221.985	289.06	483.39	222.52	176.11	134.59	241.15	17.0855	23.0048	12.5041	2.0077	12.0451	1.7231	35.1539	46.4735	46.463	50.872	74.5965	52.6277	11.6355	8.7465	13.0291	124.428	133.7322	137.6929	2.4622	2.169	3.1029	0.6536	0.5694	0.8112	0.7995	0.7825	0.8517	0.2334	0.2377	0.2331	0.7558	0.6763	0.5271	1.9842	1.9803	1.9995	10.76	9.81	10.1	699.9916	775.4854	327.9386	189.525	58.5991	30.2268	38.876	36.103	37.962	0.074	0.1029	0.1161	1.2687	1.357	1.2238	443.0	445.0	440.0
HG01520	HG01518	HG01519	IBS	453.34	394.66	362.89	443.871	396.175	356.878	472.1	428.63	420.82	239.99	225.87	243.61	14.5739	18.0657	16.065	1.2539	8.5491	2.2069	32.4591	42.4529	32.3072	47.9134	66.3843	56.8557	12.5762	11.0042	13.5684	136.0569	138.6741	141.4011	2.6529	2.692	2.3201	0.7342	0.6754	0.642	0.8293	0.8147	0.8755	0.2382	0.2235	0.2519	0.535	0.3558	0.4667	1.9831	1.9861	2.0056	10.14	10.23	9.67	316.5098	529.5626	871.716	109.3325	113.1425	103.5326	36.021	36.83	36.44	0.1525	0.1096	0.0954	1.1435	1.2198	1.2736	433.0	439.0	422.0
HG01523	HG01521	HG01522	IBS	334.94	417.45	427.16	334.894	419.712	427.022	381.22	486.26	474.26	143.07	233.1	136.89	21.292	23.9475	18.8486	11.4977	11.3402	2.0711	54.452	45.8941	62.974	59.0061	70.2705	59.943	8.2454	10.0022	9.4042	122.6399	121.0213	140.4959	2.9421	2.2414	3.5924	0.6366	0.6712	0.5825	0.831	0.8717	0.8811	0.2417	0.2401	0.259	0.2648	0.1728	0.3281	2.0014	1.9952	2.0001	10.83	10.68	10.58	396.63	1054.3311	770.3017	113.9665	75.4803	194.6156	39.457	35.497	36.548	0.0755	0.1042	0.1033	1.2861	1.3122	1.2337	431.0	442.0	445.0
HG01526	HG01524	HG01525	IBS	579.02	472.35	469.66	574.373	475.789	463.795	621.25	533.73	521.84	245.12	221.45	216.76	21.3909	19.8182	21.5999	10.4312	11.1393	1.9779	50.7207	48.519	50.1816	63.74	67.2899	51.9636	10.5098	10.5292	11.4365	144.4473	141.2736	143.2714	2.5512	2.8514	2.7455	0.7318	0.728	0.5099	0.7894	0.8043	0.8371	0.2363	0.2383	0.2476	0.5826	0.2489	0.2866	1.9978	1.9978	1.9892	10.01	10.07	9.96	452.7194	728.0143	1077.8874	204.0131	91.2337	28.3767	46.606	34.912	39.341	0.1803	0.1028	0.1324	1.1002	1.2251	1.2197	426.0	442.0	443.0
HG01529	HG01527	HG01528	IBS	387.68	414.49	428.48	381.548	415.949	428.348	422.35	460.89	491.83	252.97	187.96	227.27	19.8104	18.896	19.9014	18.9673	18.6863	2.158	43.2223	43.643	44.0158	69.233	79.0295	54.8542	12.3678	11.9679	12.2949	141.1154	137.3456	125.901	2.8987	2.5205	2.878	0.5625	0.4644	0.4861	0.8539	0.9101	0.8267	0.2679	0.2522	0.2489	0.3788	0.3984	0.2374	2.0079	2.0098	2.0049	10.02	10.24	9.95	582.6522	787.8324	873.1376	130.074	297.136	137.6657	36.974	37.417	35.724	0.1608	0.1069	0.1004	1.1169	1.2542	1.2806	431.0	446.0	442.0
HG01532	HG01530	HG01531	IBS	506.74	472.03	335.01	501.416	471.97	334.993	605.89	536.53	374.88	149.03	197.83	132.68	15.744	18.0718	16.479	8.497	9.4813	1.6183	54.3785	52.3779	47.585	54.134	76.3069	58.2201	9.6676	9.0645	10.0248	145.518	159.0418	140.6587	2.5368	3.3946	1.9299	0.9013	0.7351	0.6726	0.8382	0.7582	0.7658	0.2312	0.2349	0.2228	0.354	0.1876	0.3153	1.9938	2.0221	2.0018	10.41	10.0	10.16	848.6995	448.8592	673.3724	115.6827	87.1322	34.617	38.48	36.363	35.889	0.0737	0.1108	0.0987	1.2989	1.2883	1.2302	445.0	446.0	441.0
HG01538	HG01536	HG01537	IBS	412.99	313.56	367.68	402.46	307.512	372.013	485.89	359.76	408.37	213.07	229.1	185.34	18.9425	23.7124	20.1335	1.9066	11.8636	1.9234	46.2575	46.6525	47.9755	49.3119	75.9191	59.7513	11.524	14.3092	8.0485	140.5245	144.6822	144.4382	2.5842	2.9507	2.6439	0.7384	0.8002	0.7012	0.8736	0.9572	0.8184	0.2354	0.2434	0.231	0.4941	0.1477	0.4893	1.9966	2.0064	2.0073	10.21	10.24	10.36	650.7395	829.9294	710.6613	42.6293	328.0801	103.6065	40.523	38.147	35.476	0.093	0.1444	0.094	1.2536	1.2225	1.2607	441.0	442.0	445.0
HG01552	HG01550	HG01551	CLM	357.81	451.51	428.64	355.55	444.907	425.064	397.74	511.23	476.05	165.33	164.82	177.76	18.6441	16.1874	12.8957	11.5287	11.5604	1.9851	58.4991	57.991	41.2644	76.8989	81.3782	49.818	11.3383	11.2717	8.7047	138.1174	143.1725	109.5688	3.0483	3.3092	2.6889	0.4278	0.4989	0.461	0.7643	0.8311	0.859	0.2318	0.2622	0.2224	0.4851	0.4058	0.6088	2.0137	2.0005	1.9835	9.99	9.69	10.32	575.6806	677.485	658.2688	51.6559	65.7735	34.8021	35.236	36.266	37.09	0.0657	0.1003	0.1016	1.2344	1.2831	1.2363	443.0	439.0	429.0
HG01567	HG01565	HG01566	PEL	699.38	583.17	860.52	680.808	580.175	866.404	793.92	687.64	933.98	202.67	239.71	205.08	22.8567	20.1967	25.5308	1.7225	8.3916	1.8391	61.1101	50.6524	63.7802	61.3366	71.4674	62.5331	10.1494	11.1713	11.2374	147.7756	161.7521	151.5948	2.8427	2.6126	2.6308	0.5317	0.6623	0.5893	0.8522	0.8687	0.814	0.2536	0.2621	0.2297	0.5168	0.6182	0.4739	2.0068	1.9791	2.0021	10.15	10.13	9.99	640.9536	1057.2402	556.6901	41.4475	47.9575	22.1717	38.945	44.601	38.714	0.0816	0.0732	0.1112	1.2032	1.2986	1.1951	446.0	432.0	437.0
HG01573	HG01571	HG01572	PEL	403.93	437.42	379.08	396.499	441.894	376.97	491.58	486.07	432.36	203.69	148.45	217.4	14.6219	14.9868	18.2049	1.0161	15.0328	1.0987	71.8725	78.0156	66.5814	61.0309	82.4417	56.4555	11.7952	12.566	12.5088	151.068	139.6684	142.4312	2.8007	2.5043	3.7407	0.7602	0.8704	0.9085	0.8444	0.9105	0.8114	0.2368	0.2572	0.2276	0.6296	0.4064	0.587	1.9951	1.9933	2.0117	9.89	10.05	9.8	801.77	725.5741	728.6459	117.6694	58.9173	71.1955	35.223	38.714	33.884	0.0716	0.1052	0.0799	1.3045	1.2029	1.238	448.0	437.0	435.0
HG01579	HG01577	HG01578	PEL	502.38	519.98	344.52	496.0	515.382	338.826	553.42	564.84	373.27	138.51	168.15	135.12	12.3605	14.3552	12.5185	11.2741	10.9986	2.0538	49.1908	41.217	54.8267	75.4123	74.573	60.7353	9.5669	11.5888	8.8831	136.6326	134.0126	144.9977	2.8012	2.9408	2.6293	0.6629	0.5372	0.6993	0.764	0.743	0.8209	0.2373	0.2347	0.2386	0.4599	0.3079	0.4342	2.002	2.0077	2.0046	9.81	9.57	10.03	756.6594	940.1405	776.9889	15.4616	22.9228	63.6552	41.022	36.849	38.87	0.1263	0.0953	0.0874	1.1492	1.1882	1.1838	442.0	438.0	431.0
HG01601	HG01603	HG01602	IBS	372.78	429.31	421.03	367.082	430.234	418.944	443.4	495.24	470.42	192.0	150.21	147.17	17.2901	18.789	15.2299	11.9277	11.2687	1.9691	56.9678	51.9486	55.0113	78.2044	80.5167	68.9055	12.0825	11.4921	13.14	143.6461	131.2312	160.6148	2.8344	2.7511	3.0376	0.5544	0.5012	0.4585	0.803	0.8642	0.9014	0.2507	0.2511	0.2475	0.2313	0.2636	0.1647	2.0043	1.9996	2.0212	9.86	9.91	9.76	740.345	739.2411	635.0694	208.8914	320.9348	135.4659	39.133	36.327	35.347	0.0789	0.1053	0.1047	1.2674	1.2654	1.2227	440.0	446.0	441.0
HG01604	HG01606	HG01605	IBS	368.62	348.66	359.44	365.696	350.186	355.658	423.76	401.87	412.04	187.54	155.49	224.39	16.8544	17.2548	17.8513	1.9071	11.5384	1.4093	56.1632	59.2728	46.7706	49.618	72.2004	56.1468	10.4501	10.7401	10.574	143.4202	133.0402	138.0629	2.3072	2.5338	2.86	0.6526	0.5933	0.6278	0.9143	0.972	0.8654	0.249	0.2589	0.2506	0.3761	0.615	0.3792	2.0086	1.9794	2.0083	10.54	10.14	9.94	780.2122	791.3403	673.5732	115.3945	176.8314	46.9061	41.492	34.649	35.908	0.0961	0.1022	0.1071	1.2189	1.2961	1.2595	442.0	439.0	444.0
HG01609	HG01608	HG01607	IBS	548.37	444.88	585.56	535.37	438.249	585.035	638.04	507.98	653.55	196.32	170.18	150.31	31.4677	27.511	20.8439	11.8857	11.0755	1.9719	42.4001	48.9929	39.2083	81.0256	76.0197	71.8265	10.435	9.2185	10.019	143.2885	128.2607	137.0928	3.3878	2.8375	2.8098	0.7649	0.7014	0.6173	0.9447	0.7903	1.0296	0.2724	0.237	0.2578	0.6637	0.3039	0.2194	2.0052	2.0071	2.0088	10.46	10.13	11.41	770.6014	845.1807	616.0141	399.4566	63.2594	74.1897	40.737	34.78	36.316	0.0852	0.1009	0.1118	1.247	1.2567	1.2306	444.0	449.0	437.0
HG01611	HG01610	HG01612	IBS	362.04	409.8	413.85	354.104	407.758	407.006	433.64	468.32	475.05	185.07	152.12	173.65	20.4316	16.537	24.1879	19.1112	20.2427	2.2513	73.815	39.9507	74.0947	87.8746	91.3908	64.756	12.9898	14.5962	11.9392	144.5896	148.7388	151.7751	3.0877	2.7804	3.0629	0.7579	0.602	0.718	0.9288	0.9804	0.8188	0.2387	0.2659	0.2296	0.3633	0.4914	0.3565	2.0014	2.0026	1.9993	10.34	10.44	10.0	793.1046	703.408	925.4518	174.5663	197.4478	296.5695	40.232	35.75	36.548	0.0789	0.1128	0.0934	1.2823	1.2678	1.2252	450.0	445.0	432.0
HG01614	HG01615	HG01613	IBS	454.99	506.57	457.16	442.347	494.468	447.019	550.85	574.33	528.44	157.61	181.68	140.96	21.1132	21.9286	21.2833	1.5994	16.0173	1.5493	50.7341	45.3783	47.304	62.1153	93.5709	52.4442	9.2696	9.779	10.9151	150.4411	145.213	149.9408	2.6974	2.5893	3.101	0.6986	0.7465	0.6537	0.9065	0.9013	0.8694	0.2359	0.2397	0.2498	0.3278	0.2294	0.1895	1.9983	2.0028	1.9836	10.0	10.12	10.08	742.6335	1042.203	741.4284	361.6801	33.2654	195.404	38.966	42.205	36.805	0.0787	0.0802	0.1074	1.2947	1.1823	1.2595	441.0	431.0	437.0
HG01616	HG01617	HG01618	IBS	405.7	484.81	495.54	392.586	480.62	488.238	469.81	544.05	572.45	161.22	173.11	127.36	16.4408	21.6242	13.2481	1.9598	12.2448	1.7609	44.364	55.8027	43.4336	55.2888	68.5241	60.9824	11.9443	9.4232	11.27	134.7675	132.3841	146.0835	2.4793	2.609	2.6939	0.6148	0.7001	0.4678	0.886	0.8818	0.822	0.2517	0.2325	0.2562	0.3433	0.4376	0.3124	1.9993	1.9968	2.0067	9.82	9.81	9.84	741.0674	744.9113	641.0717	109.5654	158.3265	14.0618	39.333	35.701	34.985	0.0763	0.1	0.0958	1.2687	1.2447	1.2732	445.0	441.0	433.0
HG01621	HG01619	HG01620	IBS	486.9	661.82	449.1	486.332	663.311	449.803	572.46	741.92	511.39	121.66	159.9	158.15	16.6841	23.25	14.8637	16.3334	16.0235	2.2098	51.7346	56.6586	41.4557	74.817	72.3535	60.1774	12.9818	12.3148	10.9198	137.6312	133.5195	138.1211	3.0127	2.8665	2.6131	0.6883	0.5587	0.7722	0.961	0.8685	0.904	0.246	0.2436	0.225	0.3631	0.3832	0.3656	1.9972	2.009	2.0046	10.04	9.94	9.9	826.5017	712.8229	794.2825	290.1022	184.1858	158.4726	39.307	37.219	34.087	0.0791	0.1124	0.0943	1.2722	1.2026	1.2436	445.0	437.0	446.0
HG01622	HG01624	HG01623	IBS	376.28	353.28	373.6	367.33	348.433	368.605	448.05	408.83	426.65	122.92	114.05	107.78	15.9567	18.9212	11.7574	1.7692	10.8035	2.2834	62.3128	58.46	55.2376	56.1921	70.495	65.6677	11.1536	9.8976	11.1599	135.8856	147.3104	127.1788	3.2351	2.0674	3.8875	0.4582	0.5682	0.4721	0.8285	0.8847	0.8886	0.27	0.2473	0.2579	0.3281	0.1999	0.5289	2.001	1.9946	1.9966	9.86	9.97	9.7	749.6648	723.0379	786.2187	75.163	30.0705	42.7606	38.06	36.661	35.645	0.0755	0.1051	0.1129	1.2869	1.2489	1.241	441.0	441.0	443.0
HG01627	HG01625	HG01626	IBS	330.26	230.04	634.95	326.008	227.631	630.992	391.79	266.17	714.86	189.22	233.5	164.6	13.6611	15.725	18.0383	7.0882	8.0162	1.1313	35.4874	36.0173	39.7823	70.7446	70.2905	64.8343	11.8212	10.6843	12.0559	140.112	135.6998	148.8348	3.2667	2.8311	3.2592	0.6385	0.6039	0.5735	0.8342	0.8454	0.8708	0.2477	0.2377	0.2505	0.4722	0.407	0.3291	1.9953	2.0146	2.0037	10.05	10.91	10.05	448.4553	731.139	1014.6413	97.1061	112.8245	113.9158	40.709	35.772	40.548	0.0824	0.1027	0.105	1.2919	1.2571	1.2347	449.0	436.0	453.0
HG01629	HG01630	HG01628	IBS	407.1	379.37	497.39	397.969	377.378	494.111	488.2	431.76	573.95	185.43	218.83	98.81	23.5385	19.3737	22.8894	11.0064	10.7149	1.9658	39.6051	49.7377	32.0654	77.8022	84.0256	73.8006	10.3431	12.5127	10.1414	127.9701	149.805	136.4302	2.2716	2.2905	2.759	0.4785	0.419	0.6384	0.8144	0.8357	0.769	0.2607	0.2397	0.2452	0.2848	0.2377	0.3471	1.9844	1.9963	2.0128	10.3	10.01	9.87	765.7138	766.5562	639.8453	183.855	225.2985	63.1455	40.429	35.806	34.543	0.0774	0.1116	0.0999	1.3097	1.2392	1.2909	451.0	447.0	435.0
HG01633	HG01631	HG01632	IBS	547.79	455.21	499.17	539.046	458.324	500.992	634.87	526.7	571.29	243.1	180.39	212.02	16.3449	15.5961	15.3514	12.3037	12.1707	1.3794	47.6234	49.9021	43.654	68.3372	70.7813	58.8345	9.412	10.3072	9.9767	129.1578	133.8724	136.9117	2.6715	2.4572	3.6906	0.9054	0.7836	0.7711	0.7691	0.8157	0.8122	0.2446	0.2389	0.2345	0.5251	0.3871	0.378	1.9969	1.9901	2.0037	10.06	10.19	10.14	755.9656	542.3765	903.3854	294.4866	71.7929	133.0033	40.632	35.057	35.03	0.0866	0.0982	0.1032	1.2471	1.3126	1.2728	445.0	443.0	441.0
HG01667	HG01669	HG01668	IBS	312.76	304.76	382.05	307.869	306.003	382.135	373.01	339.68	438.98	162.02	230.36	182.67	19.0752	20.4056	20.7273	11.61	11.2359	2.3775	55.8601	50.5394	48.6376	79.0931	82.3457	54.1155	12.1355	11.1998	11.5919	146.5189	147.2151	158.2882	3.7506	3.3019	3.5393	0.8327	0.7633	0.7135	0.8278	0.8422	0.9706	0.2707	0.2399	0.2561	0.3817	0.2773	0.5938	1.9996	1.9988	2.018	9.94	10.22	10.02	733.4159	645.0139	609.6439	154.497	42.0981	101.132	38.296	36.035	36.065	0.0845	0.1051	0.1103	1.2698	1.2363	1.2581	445.0	439.0	432.0
HG01671	HG01672	HG01670	IBS	378.18	323.9	378.97	370.073	324.268	380.267	424.97	355.25	421.55	173.49	186.21	146.64	17.1768	20.7261	15.3322	12.278	12.9942	1.2357	44.2867	57.4137	40.2266	89.0122	82.7078	60.5959	10.6725	8.8228	12.5355	142.1122	136.9327	140.849	2.368	3.1044	3.0059	0.5969	0.5984	0.6053	0.9218	0.8991	0.8532	0.2416	0.2456	0.2129	0.3613	0.3146	0.2859	2.0009	2.0033	1.9985	10.75	10.4	10.19	869.1013	799.5308	901.4042	218.0001	77.4191	31.9893	39.6	36.442	35.279	0.0948	0.098	0.1054	1.2345	1.2097	1.2376	446.0	432.0	430.0
HG01674	HG01675	HG01673	IBS	433.01	517.5	368.53	425.852	516.348	370.943	507.93	595.36	397.9	192.59	198.63	221.72	14.3198	16.0261	17.2114	10.4057	10.2892	2.0414	60.0597	50.873	46.5393	73.4015	67.9579	64.2897	9.9145	10.268	9.1746	135.3471	133.0138	149.0734	2.3114	2.879	2.8246	0.6163	0.4982	0.9011	0.8189	0.896	0.7857	0.2406	0.239	0.2223	0.5625	0.4352	0.3344	2.0055	1.9851	2.0022	10.28	10.13	10.08	761.1406	824.913	728.848	405.0587	154.9489	212.8096	39.928	34.875	36.863	0.0785	0.1015	0.1172	1.2402	1.2531	1.1914	448.0	446.0	433.0
HG01677	HG01678	HG01676	IBS	432.91	348.99	437.53	424.609	350.22	436.828	513.73	407.68	502.62	250.77	264.82	264.91	14.7737	14.6664	15.6845	2.0089	11.294	2.0351	44.1205	44.9556	44.4878	58.5184	75.4085	57.1047	9.0149	10.2705	8.234	136.3733	145.6333	133.221	3.4599	4.1138	3.0843	0.5537	0.5433	0.4612	0.8697	0.8766	0.7557	0.2375	0.2457	0.2428	0.3928	0.7445	0.2222	1.9944	2.008	2.0029	9.8	9.8	9.76	604.4547	510.196	740.7728	66.328	52.104	15.737	38.333	34.026	36.643	0.0791	0.0962	0.1179	1.2692	1.2654	1.2785	448.0	431.0	433.0
HG01681	HG01680	HG01679	IBS	329.47	260.88	332.23	320.881	263.667	331.475	381.03	302.09	380.64	186.61	206.55	161.46	13.839	14.8049	16.2937	1.8078	15.695	2.2812	60.6764	50.3163	61.924	73.1358	86.7394	61.152	11.0219	11.34	10.2515	149.238	131.2296	136.3821	2.909	2.7985	2.8738	0.5568	0.4795	0.637	0.8718	0.9531	0.8641	0.244	0.2555	0.228	0.2692	0.7553	0.2634	2.0004	2.0082	1.9981	9.77	10.44	9.63	739.072	776.2166	555.4524	449.7289	88.3133	16.0905	40.929	35.014	36.179	0.0878	0.1041	0.1114	1.237	1.2966	1.2581	444.0	439.0	438.0
HG01683	HG01682	HG01684	IBS	472.88	555.02	345.92	464.523	561.39	348.391	560.3	630.25	390.69	269.57	182.88	208.85	21.4407	18.775	19.2878	11.3543	10.2978	1.9957	48.1788	51.4105	39.8397	77.304	76.404	58.465	10.3126	10.3794	9.5154	138.3448	131.9624	134.9162	2.5872	2.7407	2.5583	0.4748	0.4768	0.5829	0.8662	0.8479	0.9346	0.2488	0.2376	0.2564	0.5373	0.2451	1.0043	2.0012	2.0053	2.0086	9.91	10.18	10.72	824.4044	772.9804	682.0052	383.9883	304.3519	318.4818	37.908	36.42	35.245	0.0751	0.11	0.1012	1.2715	1.2594	1.2493	438.0	438.0	429.0
HG01687	HG01686	HG01685	IBS	422.12	398.47	425.43	412.56	400.061	421.306	471.63	456.65	496.14	303.82	155.98	241.12	17.312	18.8357	14.4937	1.7975	15.6761	2.3195	41.8825	36.4817	43.9754	72.6223	74.7411	76.2744	11.443	14.7575	11.5729	158.0964	154.3289	141.5853	3.6091	3.2091	3.341	0.6462	0.659	0.6907	0.8283	0.8505	0.8101	0.2615	0.2722	0.2334	0.227	0.298	0.2304	1.9966	1.9877	2.0008	9.96	9.94	9.81	514.4459	781.9712	719.5734	195.8708	43.5232	51.3068	39.387	34.55	34.398	0.0948	0.1019	0.0997	1.2284	1.2678	1.2737	445.0	430.0	430.0
HG01696	HG01694	HG01695	IBS	465.49	416.17	330.69	456.789	422.891	331.218	549.62	465.28	369.67	156.01	143.21	147.29	19.9913	15.1745	16.5608	10.4268	10.6251	1.4049	36.754	42.0027	35.4438	64.8405	62.8941	54.2737	8.7956	10.137	9.8497	130.6994	137.3951	141.0776	3.2204	2.8453	3.7323	0.5574	0.4807	0.5749	0.8146	0.811	0.8923	0.2382	0.2298	0.229	0.1421	0.3354	0.3785	1.9913	2.0023	2.0079	10.61	10.2	10.52	1400.4431	887.988	825.6849	18.1888	593.0487	241.4164	39.886	36.016	35.943	0.0857	0.1002	0.102	1.2953	1.2363	1.2279	447.0	442.0	434.0
HG01698	HG01699	HG01697	IBS	490.87	544.45	382.15	482.063	534.519	379.421	591.02	624.99	448.25	147.53	160.79	162.3	24.459	21.9108	23.0273	7.7019	7.8593	2.6376	55.5105	39.5749	56.4016	72.4961	70.5254	59.9804	11.2835	9.035	11.8269	145.9371	131.8585	155.0552	2.9749	2.5068	2.9506	0.6226	0.5085	0.698	0.9179	0.9248	0.9588	0.2483	0.238	0.2465	0.3179	0.2245	0.356	1.9922	1.9822	1.9812	10.16	9.91	10.18	660.2781	693.3433	898.6004	88.4644	57.7263	65.4377	38.042	37.076	36.272	0.0832	0.0976	0.101	1.2784	1.2875	1.2951	450.0	427.0	424.0
HG01701	HG01700	HG01702	IBS	589.29	556.54	549.99	579.461	558.593	547.962	690.76	631.77	620.43	234.76	274.75	216.88	16.2462	19.1898	16.5992	9.1613	9.6999	1.6942	34.263	35.165	47.1332	78.1086	63.6604	62.6393	11.1602	9.9592	10.1575	145.7151	140.8009	131.1656	3.2473	3.3645	2.9112	0.6758	0.8984	0.5259	0.8201	0.7737	0.8856	0.2663	0.2473	0.2549	0.4313	0.3875	0.5277	2.0058	1.9978	2.0017	10.23	9.44	10.35	773.6825	768.7407	730.6053	297.7783	438.3649	90.2047	38.157	35.769	35.299	0.0847	0.1066	0.1096	1.2828	1.2736	1.2351	450.0	446.0	425.0
HG01703	HG01705	HG01704	IBS	493.88	656.58	463.49	481.897	661.542	471.517	577.63	777.31	527.92	231.9	237.86	144.64	19.483	20.5732	15.7859	11.0223	10.6791	1.6823	39.0067	50.1711	49.616	58.4182	69.9734	46.1378	12.1691	12.3943	11.6864	134.5773	137.3184	149.42	2.7079	2.3224	2.6608	0.5017	0.6001	0.6048	0.877	0.8062	0.9013	0.2393	0.2548	0.2465	0.251	0.3292	0.3882	2.0005	1.9854	2.0043	10.1	10.0	9.97	815.9694	906.5328	789.7761	131.3839	46.3892	172.3753	40.09	35.688	36.242	0.0764	0.1043	0.1071	1.2279	1.3411	1.2738	450.0	427.0	428.0
HG01706	HG01708	HG01707	IBS	488.57	522.46	455.27	477.99	522.08	451.902	551.13	572.71	516.56	178.8	200.46	195.26	18.8811	22.321	20.4121	1.9463	10.5419	2.7057	50.7404	47.457	37.987	58.0455	62.5556	68.8702	12.2993	11.8382	10.3211	140.6967	131.1152	141.288	3.4135	3.3905	2.658	0.5348	0.4898	0.5324	0.8968	0.8635	0.9253	0.2342	0.2364	0.2468	0.4162	0.3315	0.2639	2.002	1.996	2.0071	10.02	10.11	9.98	757.6874	867.2348	703.4728	526.3606	120.4926	363.4252	40.562	36.436	36.1	0.1132	0.0998	0.1049	1.2018	1.2536	1.243	443.0	427.0	430.0
HG01711	HG01709	HG01710	IBS	462.92	437.95	415.58	455.507	432.07	412.909	538.67	481.92	458.62	293.66	117.45	276.59	21.5504	25.9795	18.3041	2.6961	8.2725	1.7587	38.9087	44.4785	48.6486	57.6652	56.7172	63.4416	8.5199	8.3571	9.6945	149.2824	153.362	142.7169	2.5904	2.3846	3.5759	0.7661	0.7602	0.617	0.8997	0.8728	0.9127	0.2447	0.2369	0.2333	0.2374	0.2227	0.3116	2.0003	2.0069	1.9851	10.06	9.99	9.89	844.0306	715.4924	684.1225	28.4917	77.0414	79.6225	39.472	37.222	38.639	0.0789	0.1022	0.1136	1.2283	1.191	1.1933	438.0	433.0	427.0
HG01748	HG01747	HG01746	IBS	384.91	413.03	384.01	376.813	407.042	378.618	451.0	466.93	438.07	240.11	298.44	255.88	22.6218	13.6204	23.0565	10.5425	9.7652	2.3559	50.7157	50.575	46.1497	70.1981	70.9823	51.4539	8.8583	10.325	10.237	144.1628	132.9851	138.6388	3.3593	2.5582	3.5112	0.4916	0.5217	0.5985	0.8508	0.8186	0.8338	0.24	0.2393	0.2389	0.6138	0.5041	0.376	1.9925	1.9986	1.9934	10.15	9.65	9.66	716.0706	785.5484	656.3434	183.5432	70.2818	93.6451	37.547	38.0	37.069	0.0864	0.0812	0.0767	1.2339	1.2192	1.2578	437.0	432.0	440.0
HG01755	HG01756	HG01757	IBS	497.11	262.52	546.88	495.868	264.542	553.876	572.98	284.27	612.31	195.92	159.13	217.26	11.4255	14.3546	13.755	1.4073	8.6482	1.5074	39.9494	41.9803	57.9146	47.6587	75.4343	56.7788	11.8156	10.5117	13.6132	123.591	134.0035	140.2745	3.681	2.5908	3.4811	0.5777	0.5412	0.5068	0.8113	0.8454	0.8603	0.239	0.2227	0.2287	0.1961	0.3193	0.4449	1.9807	1.9781	2.0	10.2	10.23	9.96	1615.0759	573.8054	717.5431	15.6675	177.9891	45.9219	37.721	37.647	37.356	0.089	0.1031	0.108	1.2688	1.1645	1.2269	442.0	440.0	437.0
HG01763	HG01761	HG01762	IBS	445.99	384.25	485.75	446.945	384.666	491.242	524.65	436.92	541.88	243.2	197.61	138.71	16.7879	17.9819	18.0472	1.2871	6.4336	1.1425	72.4115	43.3678	74.047	55.5094	61.7302	55.7867	10.2089	11.75	11.7674	146.1747	144.4757	145.0017	2.884	2.9258	3.4394	0.6687	0.5985	0.5648	0.8666	0.8368	0.8835	0.2604	0.2579	0.2464	0.4482	0.2317	0.2108	2.02	1.9996	2.0024	9.85	10.61	9.85	657.7064	802.7565	652.167	130.1301	83.541	111.2298	38.265	36.958	37.265	0.0776	0.1033	0.1085	1.2428	1.2258	1.2146	440.0	435.0	438.0
HG01772	HG01771	HG01770	IBS	350.52	411.18	235.05	344.409	411.406	232.403	414.94	428.9	269.65	178.08	120.5	165.17	14.3968	18.2049	16.7197	1.7391	11.3391	2.1303	52.3414	49.9418	51.2773	64.6255	77.4056	64.5443	11.8741	11.8866	9.349	137.8432	142.103	137.0182	3.3021	2.9129	3.2316	0.6958	0.6028	0.7233	1.0739	0.9892	0.9247	0.2686	0.2675	0.234	0.4268	0.285	0.4825	1.9975	1.9941	1.997	11.5	11.12	10.47	848.5081	629.2828	757.2439	180.41	141.2231	93.3372	40.315	40.582	36.899	0.0734	0.1319	0.1076	1.2947	1.131	1.2566	444.0	440.0	444.0
HG01774	HG01775	HG01773	IBS	525.3	350.5	534.94	517.673	346.228	544.695	615.87	384.44	569.59	141.19	127.42	112.63	13.574	17.3979	12.0129	10.3003	10.8758	1.8983	51.1561	52.107	48.7471	62.6619	57.1552	51.2044	11.96	10.8755	13.6714	133.1905	135.4962	137.4938	3.3547	3.4756	3.7198	0.6657	0.7953	0.601	0.8287	0.8191	1.0073	0.2502	0.2584	0.2693	0.3802	0.2435	0.3368	2.0023	1.996	2.0014	10.09	9.9	10.3	607.5071	695.204	636.0979	389.0907	73.0279	116.8545	38.805	40.088	37.337	0.0819	0.1097	0.1145	1.257	1.1695	1.1628	434.0	435.0	426.0
HG01778	HG01777	HG01776	IBS	431.03	357.14	466.9	427.963	358.5	470.414	476.18	396.83	517.6	246.02	238.42	243.96	20.4754	20.5504	20.4202	11.1742	11.2634	2.0921	56.708	53.8991	55.7574	72.1991	70.3372	66.1754	11.1301	9.3602	10.9345	136.9808	140.2155	138.8493	3.3146	2.4088	2.7403	0.4598	0.7194	0.4769	0.8727	0.9094	0.8403	0.2517	0.2496	0.2248	0.6305	0.1402	0.2691	2.0067	2.0074	2.0034	9.87	10.01	10.05	802.8425	841.3256	748.111	225.3508	407.2228	404.8205	37.53	37.241	34.196	0.0893	0.1059	0.0975	1.1959	1.2282	1.2433	443.0	439.0	442.0
HG01780	HG01781	HG01779	IBS	428.36	533.37	423.53	412.184	526.615	416.038	477.33	564.72	502.2	186.13	181.45	180.12	19.7394	23.688	14.7196	10.8959	11.0225	1.9279	42.7764	40.4116	44.5085	78.959	60.2231	51.126	10.4099	10.1722	8.9063	145.863	141.2757	136.1201	1.9779	1.8259	3.0356	0.5117	0.4655	0.5203	0.9901	0.8995	0.9524	0.2588	0.2591	0.246	0.2195	0.2555	0.3047	2.0064	1.9907	2.0015	10.25	10.14	9.91	772.0425	613.6314	728.4819	1107.5357	319.1051	463.64	40.656	44.201	39.187	0.1199	0.1345	0.0852	1.1916	1.1159	1.2757	441.0	433.0	439.0
HG01782	HG01783	HG01784	IBS	342.32	332.65	407.43	335.151	331.116	400.477	415.79	375.6	473.93	146.52	192.12	155.55	21.5152	18.5114	20.9205	2.4893	15.185	2.1306	46.8389	53.5072	43.5539	65.8056	92.9349	53.0361	11.4369	10.3508	11.4398	145.3002	142.1269	145.444	3.3789	3.7207	3.1273	0.8473	0.7829	0.7553	0.8075	0.8376	0.8623	0.257	0.2316	0.2635	0.3773	0.1709	0.4256	1.9895	2.0105	1.9969	10.02	10.04	9.91	639.9517	724.649	553.6587	224.5622	407.1237	121.5927	38.147	36.793	35.978	0.0812	0.1045	0.074	1.2813	1.2306	1.2596	445.0	441.0	446.0
HG01881	HG01879	HG01880	ACB	623.91	556.41	425.41	613.087	557.17	424.767	741.3	619.31	491.21	245.7	218.73	215.0	18.121	19.8958	17.2093	1.6155	10.1967	2.1099	42.7108	48.6749	36.0271	58.8295	73.3704	58.1802	11.2058	13.0737	10.5283	144.9331	136.8694	148.0635	3.1718	3.2231	2.9843	0.5534	0.7561	0.5278	0.7979	0.8503	0.8653	0.2438	0.2378	0.2378	0.3128	0.3969	0.8373	2.0074	2.0104	1.9929	9.84	9.83	9.87	628.1091	741.9959	941.728	13.627	12.8834	10.5535	38.1	37.855	34.563	0.0854	0.1204	0.1092	1.256	1.2533	1.2835	444.0	445.0	430.0
HG01884	HG01885	HG01956	ACB	543.81	760.12	456.58	531.002	755.169	452.682	668.82	876.08	517.0	204.46	128.76	161.43	24.2083	29.4414	21.0686	1.7796	10.7251	1.2665	52.8175	51.0566	51.4338	70.2823	71.6067	66.9369	13.7784	12.532	11.1584	153.2307	139.5052	134.4779	3.0482	2.9138	3.6571	0.6717	0.6749	0.6799	0.8717	0.949	0.8166	0.2873	0.2549	0.2558	0.282	0.2964	0.4888	2.0012	1.9955	1.9959	10.05	9.99	9.85	624.6422	588.299	736.4212	9.9841	9.178	27.0605	38.462	37.742	37.827	0.0798	0.1101	0.1169	1.3171	1.243	1.2125	443.0	415.0	412.0
HG01887	HG02014	HG01886	ACB	821.3	861.44	489.24	808.383	848.364	486.355	960.38	962.89	543.08	195.38	150.03	205.39	19.3528	25.334	20.6687	10.1988	10.6462	1.431	45.6606	39.5965	49.9295	78.573	76.602	62.6633	8.8292	9.5077	11.6271	145.8727	139.2087	154.9959	2.3911	2.6854	1.9776	0.9927	0.9155	0.7741	0.868	0.8711	0.8753	0.2205	0.2327	0.2218	0.4395	0.3888	0.2754	1.9879	2.005	2.0029	9.91	10.0	10.03	531.552	694.1494	815.5429	17.9005	72.2722	47.5829	39.969	35.363	37.761	0.0896	0.0961	0.0895	1.2375	1.1871	1.144	441.0	417.0	421.0
HG01888	HG01882	HG01883	ACB	591.42	622.34	485.76	585.077	615.842	488.533	653.98	682.91	555.5	161.51	113.66	172.19	17.5619	16.0042	18.947	8.6581	10.1177	0.8502	46.676	44.242	54.373	71.3035	82.7165	57.0165	12.1611	12.6135	10.587	139.4174	130.9764	130.351	3.7798	3.1645	3.3822	0.634	0.5775	0.6785	0.8627	0.8433	0.8185	0.2755	0.2758	0.2407	0.4408	0.4291	0.4676	2.0015	1.9861	1.9941	9.91	9.95	8.95	724.2627	599.4795	573.6872	92.5936	45.493	12.3014	39.277	37.482	37.735	0.076	0.1043	0.1121	1.2172	1.1993	1.2462	451.0	422.0	411.0
HG01891	HG01890	HG01889	ACB	379.36	418.43	421.37	375.22	411.245	418.214	415.85	488.31	483.55	213.83	196.63	184.21	22.2177	20.7047	19.8891	1.1944	7.2543	0.8517	45.0938	35.1989	44.5019	71.6543	90.4875	52.4407	11.2612	10.7968	11.2841	137.9052	140.7113	133.4374	3.5569	3.8061	2.7038	0.7189	0.563	0.6868	0.8024	0.8508	0.8063	0.2318	0.238	0.2245	0.8004	0.5907	0.3053	1.9938	1.9902	1.9991	8.86	9.59	8.91	616.2617	688.563	669.0084	51.5041	30.4231	48.7496	37.658	37.403	33.718	0.1004	0.1034	0.0914	1.1889	1.2631	1.2353	445.0	409.0	424.0
HG01895	HG01912	HG01894	ACB	612.25	448.3	712.54	599.954	442.711	709.992	709.44	512.93	827.93	306.48	197.13	261.33	22.2096	17.544	24.9345	10.0299	10.0716	1.6102	70.5502	56.7748	44.6781	74.0574	69.2914	60.179	10.1631	10.0078	12.1923	144.1875	128.7549	146.7692	3.2224	3.5875	2.8406	0.6764	0.542	0.8611	0.8965	0.8814	0.8845	0.2459	0.2263	0.2506	0.4704	0.5139	0.3112	2.0082	1.9938	1.9878	10.0	10.12	10.08	524.3796	747.9472	928.4928	39.0458	45.3148	24.7974	40.867	33.852	47.227	0.0892	0.093	0.0913	1.2534	1.2457	1.2542	449.0	421.0	423.0
HG01897	HG02013	HG01896	ACB	480.42	558.44	495.93	471.541	558.457	494.556	572.76	668.68	575.78	199.53	137.95	210.67	21.9715	17.8841	21.9874	11.7754	11.3535	1.5524	50.0678	58.974	50.9815	89.3168	90.3224	69.8664	8.8216	12.0562	11.8226	121.1333	124.9499	144.3656	2.6561	3.686	3.0563	0.5298	0.606	0.4835	0.7704	0.8503	0.8577	0.2387	0.2529	0.2486	0.5739	0.2803	1.068	2.0028	1.9894	1.9822	9.96	10.0	9.99	954.7259	871.6813	1047.5335	28.0398	10.5338	22.8566	39.547	39.007	36.544	0.0798	0.111	0.1008	1.2787	1.319	1.2793	434.0	418.0	437.0
HG01898	HG01892	HG01893	PEL	442.27	398.23	547.8	433.775	394.626	541.425	505.95	460.13	614.35	118.09	105.38	180.37	13.1602	19.8104	11.3959	0.8397	10.8039	1.0052	49.502	42.4243	52.7106	59.5948	75.3999	67.7085	12.3657	13.1944	11.5695	146.6809	152.8834	141.906	3.1086	2.6127	3.7688	0.6053	0.6556	0.6199	0.8607	0.929	0.8255	0.2647	0.2557	0.2618	0.3598	0.3235	0.33	1.9947	1.9981	1.997	10.06	10.19	9.7	790.2915	715.9541	845.5132	14.9521	9.1324	17.3317	38.126	36.761	33.981	0.0842	0.1043	0.0872	1.2328	1.2468	1.1955	439.0	413.0	418.0
HG01916	HG01914	HG01915	ACB	522.38	715.47	619.08	516.264	704.698	615.157	561.14	798.52	684.42	185.55	181.88	179.03	14.2426	16.4446	24.2287	1.3923	9.4522	1.0937	46.9518	59.1089	42.7589	50.0088	76.1946	62.0033	11.5797	10.1072	10.8855	134.6932	138.0013	134.1419	3.1237	3.1129	2.8357	0.8229	0.7513	0.7583	0.8479	0.9481	0.8178	0.2496	0.2475	0.2127	0.9036	0.8809	0.8203	2.0041	1.9895	1.9963	9.83	9.88	9.87	890.0586	1007.3533	753.6354	27.3554	34.0658	12.4534	36.297	34.318	34.296	0.1636	0.0938	0.0997	1.1202	1.1991	1.2049	445.0	414.0	419.0
HG01919	HG01917	HG01918	PEL	460.91	394.17	530.53	444.077	390.964	525.228	539.94	443.72	601.51	198.01	131.5	183.06	19.0533	18.4093	18.731	1.6847	10.8333	1.7636	47.508	44.6306	47.4785	62.521	77.9249	54.2981	10.618	9.0516	11.6412	140.6686	141.0318	145.624	2.6347	2.2334	2.6152	0.6568	0.7438	0.7698	0.8798	0.7896	0.8981	0.2482	0.2419	0.2514	0.4901	0.678	0.862	1.997	1.9835	2.004	10.3	11.0	9.97	777.9896	841.5811	862.5118	24.6617	13.0052	24.8772	37.472	35.584	36.403	0.0765	0.1006	0.0967	1.2749	1.2575	1.2263	440.0	425.0	419.0
HG01922	HG01920	HG01921	PEL	511.35	380.85	517.98	504.466	374.97	507.041	564.2	421.76	592.25	124.6	189.37	160.48	11.4665	15.9469	16.7357	1.7541	9.306	1.1974	41.8567	42.189	42.2533	47.9096	72.9623	47.7744	11.6196	9.9845	10.2434	152.5347	144.8485	153.0313	2.7921	2.7261	3.058	0.6351	0.498	0.72	0.7975	0.8838	0.8768	0.2451	0.2305	0.2429	0.5433	0.2842	0.4302	1.9975	1.995	1.9908	9.8	10.92	9.84	999.3161	709.9824	718.0651	83.5983	29.9834	13.6884	38.75	35.66	35.505	0.0862	0.0975	0.1007	1.2236	1.2035	1.2068	457.0	415.0	421.0
HG01925	HG01923	HG01924	PEL	454.76	369.84	527.6	449.881	366.339	529.597	545.37	418.38	571.09	196.98	184.09	165.6	17.1831	19.6312	15.1476	1.2176	6.0496	1.1021	59.0137	64.7577	50.1142	60.3122	63.7977	63.6169	9.4278	12.8649	8.9776	133.9231	128.7501	150.6652	3.1647	3.2187	2.7146	0.612	0.6199	0.4841	0.7337	0.7942	0.7886	0.243	0.2401	0.2322	0.5301	0.5955	0.2224	1.9968	2.0022	2.0011	10.15	10.28	9.97	743.4216	967.1277	934.3495	29.0175	43.0267	97.4927	39.842	34.706	36.869	0.0874	0.0938	0.0854	1.277	1.225	1.1548	442.0	413.0	427.0
HG01928	HG01926	HG01927	PEL	386.32	405.83	371.54	376.966	401.79	368.004	458.9	468.68	442.52	222.88	166.2	231.7	19.0738	15.6092	20.7051	10.6839	9.974	1.575	59.0146	50.3782	50.4047	75.6781	70.5105	61.9101	12.1809	11.4358	10.0543	140.4604	140.3652	136.4339	3.139	2.7759	3.3047	0.5851	0.6198	0.6265	0.7885	0.7558	0.748	0.2454	0.2334	0.2212	0.3892	0.4096	0.3366	2.0047	1.9914	2.005	10.0	9.65	10.02	630.6426	571.5818	758.1653	48.0507	49.4202	11.7968	39.706	37.456	39.203	0.0698	0.1068	0.1091	1.2882	1.2323	1.2963	443.0	425.0	414.0
HG01934	HG01932	HG01933	PEL	550.78	457.11	611.04	538.78	450.15	606.359	656.58	527.04	701.21	173.33	187.97	171.85	18.7417	17.6553	19.7692	11.3331	11.4276	1.8498	38.7825	43.5389	47.4384	83.8596	83.7679	60.0282	9.0232	9.2103	10.3057	133.6489	144.5297	136.5722	2.7065	2.286	3.2401	0.5129	0.6037	0.5478	0.8798	0.8765	0.8403	0.2478	0.2594	0.2455	0.8969	0.266	0.6633	1.996	1.9952	2.0132	10.3	9.84	9.83	816.331	887.3539	758.9541	22.7229	20.9311	41.1428	40.787	37.436	37.357	0.0765	0.1058	0.1054	1.2869	1.2681	1.2487	448.0	408.0	397.0
HG01937	HG01935	HG01936	PEL	656.97	583.58	585.57	654.388	577.899	589.873	739.92	647.74	675.52	127.82	143.45	195.05	15.9675	16.8501	17.5867	17.4527	17.3262	1.6568	57.0472	61.3218	63.209	93.656	90.9468	69.515	10.3011	9.9712	11.3703	151.7632	146.3034	148.1487	2.9728	3.2685	2.3944	0.5156	0.6564	0.5663	0.8145	0.8248	0.8053	0.2555	0.2493	0.2265	0.5625	0.4974	0.5443	2.0116	1.9996	1.9967	10.02	9.99	10.0	743.4186	774.3736	795.0713	28.7457	51.784	35.6426	38.208	40.182	35.783	0.0784	0.1109	0.1015	1.2468	1.2162	1.2423	450.0	406.0	417.0
HG01940	HG01938	HG01939	PEL	371.23	405.38	352.6	364.86	400.77	349.987	449.36	459.01	410.38	137.57	189.97	103.15	16.2878	18.9495	20.1105	1.7822	10.0308	1.9631	44.1709	49.48	42.8345	54.1486	72.3193	53.4301	15.205	13.506	13.6759	136.8566	144.0522	147.9914	2.7557	2.7416	3.4575	0.5966	0.6028	0.6978	0.791	0.7605	0.8104	0.2325	0.2142	0.2454	0.7297	0.2205	0.4513	2.0042	2.0145	1.9881	10.13	9.0	10.02	881.295	640.4309	717.2925	64.2442	20.0533	33.2896	38.364	41.073	39.585	0.0786	0.1368	0.108	1.295	1.1847	1.2804	440.0	413.0	426.0
HG01943	HG01941	HG01942	PEL	459.36	505.58	460.37	448.828	498.873	448.722	547.08	588.35	542.82	138.82	120.89	152.86	20.2332	15.9222	22.1558	10.2686	10.818	1.3689	56.5221	37.1657	72.2861	72.8112	58.0054	79.1033	10.378	10.3378	12.7991	126.1845	141.1396	143.8569	3.5655	3.0639	3.5262	0.6157	0.6105	0.5082	0.9314	0.8187	1.0094	0.233	0.2357	0.2581	0.6565	0.3201	0.4224	1.9979	1.9991	2.0041	11.09	9.87	10.75	778.9361	789.124	562.2883	40.382	15.8749	40.2883	37.133	40.119	38.015	0.081	0.1098	0.0986	1.2851	1.2619	1.2859	443.0	421.0	420.0
HG01946	HG01944	HG01945	PEL	824.65	675.65	653.88	804.131	674.262	653.111	972.27	771.56	778.67	163.29	152.31	152.28	17.9934	18.8586	14.5491	12.2972	12.2998	1.3994	44.8991	45.6739	53.3541	79.501	67.2516	52.7681	10.3184	11.1427	9.1276	143.1654	150.281	132.072	2.8498	3.3614	2.3515	0.4583	0.5657	0.6001	0.8713	0.8796	0.8451	0.2459	0.2436	0.2256	0.4845	0.4247	0.4085	1.9977	2.0013	1.9959	10.26	10.05	10.11	599.0651	616.0949	804.995	26.268	26.503	30.4303	39.713	39.237	37.809	0.0775	0.1116	0.1056	1.2796	1.2221	1.2839	444.0	414.0	410.0
HG01949	HG01947	HG01948	PEL	535.56	579.5	461.57	525.002	574.012	461.295	616.97	654.44	531.74	262.22	248.2	207.36	22.0978	20.3751	21.8844	1.1621	11.5651	1.0476	63.0452	70.158	42.6143	60.2318	76.9941	64.234	11.3141	10.388	10.7832	151.2539	132.2476	138.0566	2.6192	2.8813	2.6564	0.7688	0.7322	0.6277	0.8778	0.8381	0.9301	0.2588	0.2404	0.2401	0.7882	0.2588	0.4486	1.9932	2.0	1.9971	9.94	10.09	10.26	783.2517	899.5011	713.4307	111.7814	27.67	27.5672	37.16	34.312	40.019	0.0797	0.0962	0.111	1.2646	1.1963	1.2542	442.0	418.0	411.0
HG01952	HG01950	HG01951	PEL	620.27	613.94	549.16	606.587	604.838	540.058	716.91	714.33	641.24	127.25	217.46	139.63	18.8749	21.2787	17.0865	10.2123	9.8501	1.341	40.5975	49.5641	43.6491	65.9515	73.9108	59.4297	10.1685	10.6096	10.8648	133.4038	131.7299	145.7561	3.2039	3.285	2.9112	0.7166	0.6601	0.6152	0.7843	0.8616	0.8706	0.2466	0.2496	0.2479	0.5566	0.2681	0.9605	2.0063	1.9956	1.9704	10.22	9.87	9.73	1028.5551	1021.4519	760.4563	134.9626	13.6434	29.5822	37.971	34.425	34.704	0.0707	0.0897	0.0931	1.2441	1.2456	1.2515	451.0	414.0	413.0
HG01955	HG01953	HG01954	PEL	637.43	473.08	602.36	624.178	467.108	598.801	746.31	537.11	690.57	184.91	137.79	195.43	15.0348	20.7931	18.7058	0.9545	8.952	1.5753	53.1895	42.236	62.1303	56.5479	55.9249	59.8688	11.6277	11.6229	9.9866	159.2124	156.7186	158.4125	2.6008	2.5899	2.6395	0.5134	0.5642	0.6945	0.9302	0.8611	0.8735	0.2444	0.2435	0.236	0.3945	0.3036	0.3527	1.9994	2.0091	2.0058	10.04	10.27	10.25	600.714	842.4878	757.2402	44.3068	84.1337	16.3707	39.68	38.458	35.087	0.0896	0.0872	0.1002	1.263	1.2164	1.2511	448.0	427.0	411.0
HG01959	HG01986	HG01958	ACB	436.0	434.7	345.54	434.992	430.319	343.445	520.37	498.4	400.09	245.0	173.97	446.45	20.2042	19.6355	23.2664	1.3296	10.7798	0.785	56.6092	58.4135	61.6357	49.347	76.8834	58.3714	11.5696	10.9963	13.1188	133.9342	145.1892	139.5889	3.2116	2.9091	3.4291	0.6541	0.5066	0.7127	0.7859	0.7675	0.8741	0.2367	0.2426	0.2406	0.4159	0.302	0.3515	1.9951	2.003	1.9916	10.84	11.03	9.83	691.9431	619.6416	578.7622	17.2898	8.0904	23.9746	37.755	33.516	37.498	0.0726	0.0911	0.1012	1.3133	1.2295	1.2552	452.0	418.0	418.0
HG01960	HG01988	HG01989	ACB	430.76	421.49	454.27	417.047	414.996	448.182	521.56	476.02	509.94	144.16	165.52	275.21	18.0754	18.2886	21.4332	1.357	13.3619	1.4326	47.3188	39.0134	60.1091	59.9561	93.3479	53.8117	10.4982	11.3264	11.288	138.5383	136.5124	139.9019	3.2708	3.1897	2.9762	0.5043	0.5654	0.5141	0.8773	0.8334	0.9132	0.265	0.2324	0.2648	0.3722	0.6376	0.3631	1.985	1.9953	1.9927	9.86	10.01	9.77	648.8471	663.6007	651.4503	43.4087	61.6242	14.772	40.139	35.007	34.882	0.0762	0.0944	0.0999	1.2981	1.2343	1.1978	441.0	415.0	422.0
HG01969	HG01967	HG01968	PEL	457.85	478.59	570.2	448.379	471.838	563.948	536.11	534.34	643.51	202.0	200.5	184.27	16.6844	15.3577	16.8504	1.207	3.9549	1.468	42.1165	49.5501	53.7147	61.0363	55.9477	59.7423	10.5721	8.6031	10.3094	149.725	135.8095	144.7307	3.0229	2.8123	2.8439	0.7761	0.8604	0.6989	0.9284	0.9035	0.8238	0.2391	0.2494	0.2299	0.6981	0.8083	0.4788	2.0037	1.9928	1.9922	10.15	10.69	10.0	795.5354	792.5519	770.3181	20.3464	30.7007	39.5971	38.994	34.506	38.508	0.078	0.0986	0.1126	1.2585	1.2071	1.1954	445.0	417.0	411.0
HG01972	HG01970	HG01971	PEL	658.83	649.12	451.62	644.916	640.297	444.987	770.27	723.38	514.25	249.06	174.53	198.5	16.4156	15.6405	14.5003	1.5835	11.5378	1.5965	64.2036	60.4955	55.3022	63.2626	83.1905	62.9437	10.4302	10.9181	13.6403	141.1755	146.2396	146.5383	2.6911	2.2566	3.2989	0.6768	0.6274	0.6912	0.8486	0.8813	0.8359	0.254	0.2638	0.253	0.5633	0.3696	0.5921	2.014	2.0012	1.9917	10.31	9.9	9.73	705.1376	754.6493	698.6095	24.8332	17.5857	33.5406	38.351	35.904	38.556	0.0735	0.1017	0.1104	1.249	1.2359	1.2513	442.0	413.0	411.0
HG01975	HG01974	HG01973	PEL	448.0	431.19	472.68	439.327	423.04	460.488	527.99	474.48	527.31	173.75	163.81	196.35	17.3116	14.5641	22.3007	1.3622	8.6767	1.5366	57.5352	47.7878	66.45	45.3414	68.2825	66.4283	9.3358	11.2847	9.9224	143.0028	145.7753	146.1113	3.0354	3.0923	4.1529	0.7693	0.7202	0.6789	0.7784	0.8451	0.8371	0.2373	0.2608	0.2428	0.4458	0.7031	0.6549	1.9938	2.0068	2.0146	10.19	9.58	9.71	632.0393	910.5479	907.6305	37.7378	89.2834	55.7743	39.456	34.133	33.309	0.0779	0.1006	0.0957	1.2854	1.171	1.2174	447.0	421.0	412.0
HG01978	HG01977	HG01976	PEL	574.92	511.19	424.3	566.751	504.446	420.486	657.2	586.86	474.29	183.33	166.85	147.37	15.1779	13.1911	16.6323	1.3544	10.0	1.1141	65.3174	50.51	55.2042	61.5724	70.3192	66.8939	10.9586	9.5701	10.1107	145.6482	129.8118	146.6568	3.5848	3.0026	3.1708	0.6671	0.7536	0.6018	0.8486	0.8387	0.8426	0.2634	0.2305	0.2544	0.9391	0.4866	0.6894	2.0092	1.9916	1.997	10.26	10.35	9.66	784.9836	754.8021	709.3899	53.5626	39.4641	59.7131	41.051	34.25	36.504	0.0963	0.094	0.0967	1.2182	1.2492	1.206	446.0	410.0	412.0
HG01981	HG01979	HG01980	PEL	639.13	463.63	419.53	628.676	460.493	413.755	735.19	526.07	476.55	180.09	169.49	159.43	17.9807	16.8893	17.7876	1.3665	6.0966	1.1729	68.4551	64.5203	48.1098	63.3439	69.0034	59.2447	11.4979	9.0792	9.6547	144.5018	138.5869	141.0872	3.2889	2.8915	2.8433	0.7215	0.68	0.6044	0.9097	0.8141	0.853	0.2586	0.245	0.2321	0.9301	0.6494	0.4112	1.9978	2.007	1.9831	9.35	9.99	10.23	825.903	707.4472	726.7643	28.79	18.7009	44.7349	37.435	39.26	33.007	0.0657	0.1054	0.0924	1.3458	1.2303	1.2444	440.0	419.0	413.0
HG01984	HG01982	HG01983	PEL	527.28	509.3	641.41	516.163	512.55	641.298	573.1	578.1	684.49	143.45	208.88	168.22	17.0968	13.9611	18.5124	12.1991	12.2734	1.3742	62.9259	53.327	68.6922	70.2373	64.7643	53.502	9.7105	10.6356	12.4403	141.4955	127.3746	153.2458	3.295	4.1166	2.9021	0.6252	0.6813	0.5968	0.7905	0.8857	0.7838	0.2378	0.234	0.2432	0.4486	0.3553	0.2908	2.0058	1.9954	2.0201	9.03	9.87	9.09	718.7018	781.6879	720.0325	50.3477	21.9631	50.3914	38.872	38.773	44.708	0.1685	0.1116	0.179	1.1121	1.2214	1.1053	448.0	404.0	446.0
HG01987	HG01990	HG02012	ACB	524.57	537.62	435.46	515.058	529.303	424.624	615.03	606.63	521.59	110.76	149.76	94.21	21.1877	25.1768	19.0389	10.1947	10.1383	1.3195	45.9128	51.741	37.7982	81.7222	86.4768	59.2869	9.6227	9.788	9.9031	139.6077	140.0468	145.2332	3.2677	3.7813	3.6367	0.5316	0.6353	0.5897	0.8226	0.8449	0.7955	0.2251	0.2115	0.2418	0.5117	0.48	0.3836	1.9931	1.9816	1.9909	10.02	9.89	10.08	669.747	682.9376	1161.9309	51.4491	19.3056	50.9649	38.907	34.788	44.069	0.0838	0.101	0.0767	1.272	1.2112	1.2906	444.0	421.0	428.0
HG01993	HG01991	HG01992	PEL	479.91	465.17	475.65	465.895	453.872	469.421	554.7	540.57	532.02	181.52	186.26	125.09	15.9659	17.3706	16.9438	1.4609	10.2389	1.6543	51.7029	40.9998	56.3371	54.1304	85.3677	53.7085	11.7572	12.6557	10.2645	155.9763	150.8655	154.8738	3.4958	3.0514	3.5147	0.7307	0.6817	0.7557	0.7713	0.7595	0.7984	0.2545	0.2471	0.2577	0.5365	0.6004	0.4629	2.0087	1.9962	2.0027	9.67	9.77	9.84	767.2638	832.048	812.3517	29.9764	51.3243	39.6693	37.433	34.075	33.72	0.0708	0.0933	0.0954	1.2761	1.2078	1.1916	460.0	414.0	417.0
HG01998	HG02008	HG01997	PEL	422.41	396.41	433.81	421.786	392.226	432.628	480.43	437.13	494.1	141.9	162.79	146.78	16.5616	16.486	13.3827	10.3861	10.1184	1.2113	46.5862	64.3726	55.3462	69.6719	79.2472	59.9326	10.7093	9.6047	11.8352	131.287	133.3289	158.5653	2.8628	2.5385	3.4988	0.5507	0.5793	0.6417	0.8134	0.7848	0.8916	0.2536	0.2366	0.2632	0.4638	0.7453	0.4764	1.9969	2.0061	1.9975	10.08	10.11	9.52	718.0732	721.4543	690.4958	19.296	18.5137	12.2291	39.967	33.376	33.527	0.0928	0.087	0.0963	1.2368	1.1788	1.225	459.0	423.0	424.0
HG02004	HG02002	HG02003	PEL	383.48	407.29	422.57	379.435	407.713	417.437	438.97	462.89	490.71	237.23	202.87	236.98	20.1953	17.1714	15.6653	1.9697	11.2609	1.3767	35.5137	53.6986	39.3704	66.8384	79.4254	61.2417	10.9673	11.5522	11.4812	150.9014	145.8085	135.2468	2.8094	2.5054	3.6296	0.6631	0.7219	0.7224	0.8561	0.908	0.8694	0.252	0.2526	0.2349	0.4435	0.4276	0.5732	2.0	1.9993	1.9961	9.78	9.73	9.9	679.0839	732.1852	855.2078	32.4916	40.2672	25.3601	38.217	38.019	35.151	0.0715	0.1041	0.1031	1.2511	1.2217	1.2304	446.0	415.0	414.0
HG02011	HG02009	HG02010	ACB	327.4	415.0	363.6	326.343	410.583	353.846	378.02	474.51	406.15	245.4	205.33	185.4	22.9391	22.1537	27.9491	8.6924	8.6565	1.1383	58.4819	56.2647	51.0828	75.5221	80.5113	62.9735	9.7217	9.573	9.7994	148.964	152.3934	141.6554	4.4139	3.161	3.9085	0.68	0.7448	0.6353	0.8383	0.8339	0.8642	0.2382	0.2573	0.2321	0.453	0.4075	0.5359	1.9939	2.0014	1.9923	10.16	9.89	9.94	613.8136	833.9768	510.6918	53.9198	34.0446	23.4619	37.993	33.344	33.799	0.0717	0.0903	0.1013	1.2681	1.2389	1.1921	460.0	413.0	421.0
HG02015	HG02017	HG02016	KHV	616.86	637.88	457.64	601.477	629.521	448.309	712.63	753.76	511.36	185.78	192.55	218.15	13.9654	13.0282	16.1752	10.8848	8.9241	1.8707	44.441	41.8031	40.0185	74.2151	67.395	71.2034	12.3609	10.2386	11.8858	142.3792	126.2887	146.2277	2.6781	3.1626	2.8047	0.5663	0.6023	0.6224	0.8404	0.7357	0.9248	0.2843	0.2407	0.2706	0.5448	0.3882	0.3888	1.9841	1.9893	1.9957	9.83	9.94	9.91	638.2612	649.0609	694.6863	126.0835	17.3251	69.7511	39.496	34.154	33.559	0.0814	0.0969	0.0958	1.2425	1.2677	1.2267	440.0	414.0	417.0
HG02018	HG02020	HG02019	KHV	467.79	369.09	429.81	460.498	364.13	422.758	486.45	427.84	488.59	145.53	102.37	178.45	16.2714	18.4183	14.3862	1.5798	18.7631	1.5436	44.0177	41.6104	45.1554	52.7826	85.7017	53.7657	9.5455	8.6752	10.2691	162.0687	149.7404	157.9925	3.3773	2.7601	3.3093	0.4752	0.6782	0.3964	0.7505	0.7293	0.7913	0.2452	0.2338	0.2628	0.3679	0.3517	0.3191	1.9947	1.99	1.9975	9.94	9.74	9.81	545.0864	692.3923	588.1693	28.5876	46.1134	23.3611	42.939	34.601	33.828	0.191	0.0941	0.0958	1.0626	1.223	1.2048	450.0	412.0	418.0
HG02024	HG02026	HG02025	KHV	540.73	556.12	684.52	533.037	541.906	686.495	632.96	634.66	780.29	107.1	179.27	157.98	17.3327	20.3966	17.3429	2.0152	13.7549	1.8882	40.5069	45.0077	42.5444	59.8008	77.5108	61.8694	9.6886	10.1712	10.3234	141.2253	156.8527	155.4025	2.8116	2.6087	2.0084	0.6156	0.6752	0.6449	0.7657	0.854	0.8139	0.236	0.2374	0.2494	0.667	0.4029	0.466	1.9986	2.0017	2.0004	9.82	9.9	9.98	540.5579	658.7933	688.4134	72.3638	23.6866	104.834	37.071	33.007	36.86	0.0908	0.0933	0.1024	1.2531	1.2251	1.2246	451.0	421.0	414.0
HG02027	HG02029	HG02028	KHV	433.13	484.56	381.43	429.268	483.739	370.936	522.43	568.44	428.33	292.63	208.39	185.35	21.9617	18.4058	23.7747	15.6915	16.3884	1.6444	75.5759	65.9333	38.2015	80.8896	79.3037	65.5309	9.7369	9.8408	10.0309	150.542	162.4674	151.4601	2.8927	2.81	3.0702	0.5341	0.6744	0.555	0.7244	0.7702	0.8469	0.2485	0.2513	0.245	0.3797	0.3489	0.6145	1.9894	1.9979	2.0066	10.15	10.15	9.78	689.8617	672.6453	675.3373	35.2022	32.3344	32.8327	38.682	36.795	33.483	0.0749	0.0996	0.0921	1.3188	1.2681	1.2166	450.0	399.0	422.0
HG02030	HG02032	HG02031	KHV	498.18	599.05	389.8	491.071	584.092	383.874	599.95	665.69	445.55	201.78	161.15	194.02	11.539	19.2851	14.6549	16.7036	18.0462	1.0908	47.4699	39.0456	50.4902	69.6683	75.7438	54.9714	8.517	9.7424	8.8626	116.8058	160.3035	145.6954	3.8368	3.0626	3.592	0.6743	0.576	0.4956	0.7131	0.7891	0.8071	0.2426	0.2533	0.2461	0.8567	0.4033	0.5675	2.0037	1.9922	1.9929	9.55	9.87	9.53	953.5181	626.2269	731.6736	19.9785	40.833	28.7236	38.229	37.18	35.487	0.074	0.1068	0.0952	1.3222	1.2062	1.2165	449.0	427.0	411.0
HG02055	HG02053	HG02054	ACB	486.81	620.81	462.01	479.209	615.176	463.539	551.59	714.87	510.82	175.17	168.03	176.03	17.2173	23.8833	17.5154	9.8205	6.0147	1.6233	49.8529	61.1103	42.9055	74.4432	64.8731	46.4895	10.5442	12.3385	9.3245	125.6532	149.6719	120.0509	3.1532	2.8176	2.7681	0.7944	0.6608	0.6285	0.8612	0.8538	0.8379	0.2618	0.2833	0.2119	0.3815	0.6215	0.6174	1.9935	1.996	1.9914	10.35	9.81	10.33	1046.0794	851.3305	540.0901	30.1493	43.8314	19.13	38.371	34.887	33.598	0.0972	0.108	0.0943	1.223	1.239	1.2627	440.0	419.0	414.0
HG02056	HG02058	HG02057	KHV	412.28	465.34	330.12	405.59	475.396	321.339	496.9	513.62	371.83	157.17	250.95	155.39	19.7147	19.4415	15.7336	14.3632	15.599	1.2764	36.8424	38.3588	40.3962	88.9241	85.4978	43.9915	10.7798	9.5873	11.3835	144.6859	153.5917	133.8717	2.3165	2.9257	2.7893	0.6573	0.6654	0.5714	0.8207	0.777	0.8283	0.2584	0.2314	0.2512	0.4068	0.5354	0.3587	1.9889	2.0028	2.0	9.72	9.49	9.85	734.1863	793.4143	785.5567	20.5483	16.8329	33.3665	37.301	40.355	37.083	0.0692	0.1312	0.0998	1.3243	1.1774	1.2172	435.0	414.0	410.0
HG02059	HG02061	HG02060	KHV	436.77	591.06	342.91	426.592	573.448	342.752	495.34	671.0	383.96	188.69	172.75	135.67	14.0999	19.3785	12.3624	1.8647	7.5586	2.0099	47.6098	34.7055	49.6064	51.545	64.4832	52.1173	9.7114	10.882	10.2045	159.5972	161.0208	158.4192	3.8098	3.571	2.8515	0.5697	0.4025	0.6424	0.7868	0.8302	0.854	0.2614	0.2639	0.2696	0.5258	0.3781	0.4675	2.0064	1.9959	2.0078	10.12	10.07	9.62	736.8488	822.9521	772.5741	190.203	49.9779	22.251	37.93	39.753	36.701	0.0749	0.099	0.0952	1.2315	1.224	1.2263	439.0	429.0	422.0
HG02068	HG02070	HG02069	KHV	442.03	318.84	390.91	450.188	314.14	386.853	527.82	373.2	450.76	157.24	182.25	173.1	17.9181	14.5963	17.9102	1.249	18.8018	1.4605	35.5164	46.5727	41.476	52.0099	78.3141	53.3355	8.8069	8.924	10.7682	143.4117	153.0757	153.5966	2.9017	3.0282	2.9889	0.5308	0.6935	0.4802	0.7071	0.7637	0.7878	0.2327	0.2407	0.2422	0.6551	0.3636	0.5524	1.9802	1.9994	1.9831	10.27	9.89	9.98	717.7357	698.4572	467.8735	18.3756	9.4011	10.6891	37.47	34.796	32.998	0.0683	0.0921	0.0929	1.3771	1.2638	1.2286	449.0	418.0	423.0
HG02071	HG02073	HG02072	KHV	542.43	623.81	584.58	530.68	609.095	581.357	591.38	721.1	649.29	125.9	184.93	178.6	15.0846	16.2775	14.1386	10.8582	11.3913	1.1778	47.3848	46.1241	47.8921	48.3351	68.399	46.3961	9.792	10.8636	8.9957	139.4776	135.644	149.9323	2.7418	2.4916	3.1264	0.5423	0.7509	0.6513	0.7626	0.7929	0.7563	0.2371	0.2622	0.228	0.3455	0.4771	0.3079	1.9911	1.996	2.0087	10.29	8.96	10.06	804.319	764.7307	767.0383	23.4377	38.7558	31.5907	40.078	36.929	37.77	0.1682	0.0982	0.1122	1.1254	1.2596	1.1815	441.0	403.0	406.0
HG02074	HG02076	HG02075	KHV	432.31	581.62	363.85	423.951	587.303	361.334	471.23	669.26	417.73	148.8	246.46	135.32	16.3732	17.3165	14.7863	10.0901	10.0961	1.4522	64.3764	58.2516	65.0956	61.9119	71.797	42.3926	11.6822	10.5664	9.1684	145.6497	154.2335	139.8821	3.1647	3.4058	3.2585	0.6722	0.7162	0.6534	0.741	0.8056	0.6634	0.2599	0.2476	0.237	0.5894	0.4212	0.5758	1.9849	1.9961	1.9963	9.77	10.05	9.71	664.6364	607.4752	797.6066	58.0151	33.4903	72.8193	47.497	38.085	36.188	0.1524	0.0986	0.0958	1.1409	1.2307	1.2255	444.0	421.0	411.0
HG02077	HG02079	HG02078	KHV	480.66	506.37	488.58	479.341	496.985	484.348	509.79	569.59	547.02	141.88	167.65	197.09	16.9625	17.3582	22.4234	12.61	13.5846	1.6912	31.1121	44.031	42.1367	54.7355	76.912	52.2453	10.3295	10.8716	8.6285	142.481	141.9771	159.5825	2.7461	3.4455	2.4734	0.6848	0.7955	0.5968	0.8458	0.8311	0.7262	0.2655	0.2542	0.2533	0.5181	0.422	0.862	2.021	1.9988	2.0078	10.11	9.98	9.8	804.5514	728.6408	658.0303	81.3794	49.8147	64.0186	44.068	34.511	34.304	0.1911	0.092	0.1021	1.0865	1.2432	1.2268	451.0	420.0	389.0
HG02080	HG02082	HG02081	KHV	590.58	563.27	542.88	593.088	555.976	528.013	697.57	629.83	600.86	187.51	157.87	209.32	17.2322	18.0575	15.2736	2.0344	9.6234	2.0494	43.8671	58.342	44.9822	54.162	74.2693	59.5693	10.6154	8.9076	10.1291	126.8452	136.1997	140.8291	2.6934	2.7148	2.698	0.6299	0.6149	0.6513	0.7291	0.7958	0.7543	0.2299	0.2479	0.2299	0.5352	0.4626	0.4581	1.987	1.9904	2.0099	10.14	9.87	9.95	899.215	689.2238	659.1299	21.3475	15.412	26.875	38.227	34.28	34.94	0.0701	0.1006	0.1159	1.3032	1.1995	1.1861	448.0	411.0	421.0
HG02083	HG02085	HG02084	KHV	395.02	418.27	481.69	393.239	410.955	471.008	452.82	473.5	549.35	146.99	149.41	206.83	25.7813	21.6279	19.2897	19.8526	20.091	1.5077	31.3512	56.7746	41.1839	78.5	87.6605	52.0163	10.0524	8.4598	9.5494	153.1661	140.9852	142.6868	2.9915	2.6705	3.2869	0.6664	0.4186	0.6588	0.8379	0.787	0.8106	0.2498	0.2481	0.2439	0.4736	0.4464	0.5972	1.9994	1.9881	2.0008	9.83	10.1	10.08	608.126	618.9765	673.2134	50.8821	40.1239	63.9668	38.379	34.958	33.847	0.0841	0.0929	0.0912	1.251	1.2021	1.2214	440.0	413.0	419.0
HG02091	HG02090	HG02089	PEL	560.86	644.77	519.3	554.766	641.134	509.667	661.56	718.91	576.91	174.49	206.68	159.86	15.3603	12.078	23.9853	1.8731	10.476	2.1472	42.4315	52.829	43.071	54.81	65.5176	76.7266	10.3071	9.9704	10.773	144.0866	137.9713	148.7967	2.2238	2.3016	2.6043	0.8032	0.7616	0.5701	0.8444	0.8625	0.8445	0.2125	0.2417	0.2222	0.6431	0.3844	0.5207	1.9942	2.0061	1.9915	10.29	10.13	9.82	612.8233	864.6949	590.2783	74.6451	67.7622	23.6272	38.48	35.654	34.105	0.066	0.1006	0.0916	1.3441	1.2261	1.2398	443.0	401.0	411.0
HG02106	HG02104	HG02105	PEL	345.84	285.06	461.65	342.671	282.125	453.84	357.18	312.53	523.0	237.73	180.75	216.33	15.4689	10.7701	16.0005	0.8176	8.3372	1.1114	54.6054	57.0925	72.6106	52.1575	59.4879	68.9483	11.0079	14.7867	9.0012	152.3311	134.991	140.43	2.6912	2.7859	2.6616	0.6931	0.5545	0.7841	0.8278	0.83	0.8195	0.2453	0.2396	0.228	0.4316	0.2792	0.555	1.992	2.0043	2.0004	10.1	9.95	10.29	618.3465	696.1137	817.2492	38.8221	17.0615	21.4214	47.299	39.925	34.108	0.1961	0.1267	0.0953	1.0405	1.1805	1.2315	444.0	411.0	407.0
HG02120	HG02122	HG02121	KHV	543.68	453.7	434.69	542.093	451.87	432.548	649.95	521.54	497.14	305.25	233.66	228.21	12.7965	15.695	16.2485	9.7191	10.4536	1.2871	52.31	60.527	50.6067	70.9819	75.9567	70.6537	9.4772	9.8607	11.21	136.6386	142.6057	145.86	3.2551	3.5686	3.1699	0.6188	0.6095	0.6107	0.8899	0.7839	0.9213	0.2332	0.2412	0.2415	0.361	0.1902	0.4599	1.9971	1.9969	1.9928	10.45	10.24	9.91	1150.3932	634.5117	651.8962	81.0577	35.6719	20.8482	38.456	37.216	34.022	0.0697	0.1007	0.1004	1.3224	1.2251	1.222	452.0	411.0	408.0
HG02126	HG02128	HG02127	KHV	303.61	385.59	330.61	304.415	385.806	331.759	350.74	438.75	371.01	214.39	196.52	126.44	19.634	21.5051	15.281	1.5451	19.2863	1.5364	44.5685	42.3644	39.0727	46.8102	75.9223	48.1234	7.7629	8.1267	8.198	140.3999	154.3904	142.9321	2.7423	2.5063	2.824	0.6155	0.5289	0.7261	0.7977	0.7972	0.7744	0.2396	0.2405	0.2441	0.4682	0.3117	0.5669	1.9935	1.9958	1.9958	10.09	10.14	9.7	735.1936	1021.8239	650.7735	70.5105	19.933	24.8566	39.608	37.33	37.529	0.0863	0.1195	0.0984	1.2734	1.2552	1.2181	443.0	440.0	420.0
HG02129	HG02131	HG02130	KHV	498.42	379.17	385.77	488.231	376.096	384.4	571.31	439.97	427.19	182.91	135.2	159.4	16.2792	19.2822	14.7514	17.8597	16.4212	1.5563	50.1301	45.0748	37.9279	76.0087	74.0283	44.553	10.9665	10.1898	9.6724	139.0473	139.9606	137.1733	3.0868	3.1362	2.9755	0.5887	0.5903	0.6328	0.8239	0.8321	0.7964	0.2512	0.2332	0.2399	0.2862	0.4402	0.4912	1.9905	2.0019	2.0115	9.77	9.68	10.19	847.6569	666.9961	575.6268	102.2709	35.5952	42.6652	39.466	37.058	37.156	0.0748	0.0945	0.1061	1.2664	1.2144	1.1853	444.0	411.0	421.0
HG02132	HG02134	HG02133	KHV	363.93	326.02	472.7	359.463	325.261	464.731	429.84	375.31	572.35	173.52	133.09	179.26	22.2267	18.1053	15.684	14.2354	13.7803	1.4616	50.3415	45.8826	41.1076	74.3309	63.8464	50.9487	10.2413	9.6721	10.5208	152.333	143.8742	118.5628	2.6725	2.4673	2.5931	0.3737	0.4916	0.5196	0.8062	0.7264	0.7976	0.2559	0.2549	0.2537	0.3634	0.3098	0.2902	1.9957	1.9999	1.9938	9.8	10.19	10.01	656.0085	633.5887	922.1042	37.1387	15.7696	38.5833	38.56	37.46	37.996	0.0648	0.1071	0.071	1.3078	1.2315	1.3351	440.0	420.0	440.0
HG02135	HG02137	HG02136	KHV	795.52	642.72	552.2	782.613	639.978	543.078	926.9	724.04	634.75	189.71	150.96	245.32	16.8214	15.9747	20.5544	16.3536	16.6383	1.2757	54.9057	50.9698	44.0158	64.1881	64.1257	48.2409	11.8919	9.9372	10.7269	141.4539	153.2907	140.1981	2.9752	3.3457	2.848	0.5073	0.5598	0.5444	0.8483	0.791	0.7989	0.2365	0.2312	0.2384	0.53	0.4345	0.3506	1.9892	2.0037	2.002	10.02	10.11	9.87	652.678	584.1297	658.224	25.3724	75.517	28.9542	39.345	37.114	36.72	0.0731	0.1011	0.1199	1.2926	1.2242	1.2342	446.0	406.0	438.0
HG02145	HG02143	HG02144	ACB	581.7	634.84	465.73	573.241	621.141	464.53	706.34	756.81	544.31	170.53	131.58	215.81	14.0739	15.981	14.0167	7.2307	9.5094	1.2207	58.0724	58.3282	39.1117	68.6445	74.4643	51.7906	9.796	11.2697	10.8306	132.2688	157.3341	121.6991	2.8056	2.3835	3.3587	0.778	0.864	0.5717	0.7499	0.7109	0.8826	0.2132	0.2516	0.2144	0.6737	0.2011	0.4281	1.9894	1.9886	1.9864	9.84	10.06	9.92	972.3344	1320.9996	876.1131	48.8414	17.4077	31.3557	38.006	48.253	33.737	0.0732	0.0689	0.102	1.3572	1.3134	1.2747	446.0	436.0	428.0
HG02148	HG02146	HG02147	PEL	600.2	581.23	451.85	598.346	580.521	453.224	635.22	655.23	523.82	173.43	153.51	178.18	13.963	10.1397	14.5399	1.5103	5.4286	1.8069	52.4784	49.9441	53.3589	55.433	54.5289	55.1718	10.0939	8.5102	8.9252	154.3837	114.7433	153.1291	2.4224	2.2559	2.8637	0.6725	0.8249	0.5421	0.864	0.805	0.8002	0.2293	0.2035	0.2327	0.4288	0.5331	0.2672	2.0023	1.9981	1.9988	10.13	10.0	10.51	654.7675	765.8727	1156.9642	18.389	249.2173	48.4612	39.147	34.533	37.699	0.1799	0.0976	0.1064	1.0931	1.245	1.292	452.0	433.0	444.0
HG02222	HG02221	HG02220	IBS	353.86	434.47	335.16	350.614	433.41	333.968	417.77	499.63	376.82	162.59	145.16	183.38	18.1485	12.328	17.9043	1.6211	9.5408	1.4572	48.0555	39.5609	46.1395	56.9349	55.1595	49.5533	13.2768	10.27	10.865	140.0148	109.6943	130.3408	2.6505	2.6056	2.6138	0.647	0.472	0.7267	0.8724	0.8187	0.8297	0.2405	0.2413	0.2232	0.6478	0.5261	0.3357	1.9956	1.9948	2.0098	9.92	9.76	9.95	972.7764	938.3015	758.8294	121.882	394.3454	124.7685	38.066	36.804	36.814	0.0757	0.1007	0.1075	1.3024	1.223	1.2069	437.0	418.0	408.0
HG02225	HG02224	HG02223	IBS	592.3	483.82	439.89	592.949	479.525	439.531	668.3	541.52	492.05	209.56	186.55	231.72	16.1292	14.8914	18.6983	1.541	12.7606	1.1965	43.276	51.2054	38.3683	57.1156	67.3152	56.353	8.6977	8.6999	8.4571	130.2676	126.9683	112.032	3.8996	3.0363	3.3725	0.6274	0.5666	0.6164	0.8107	0.8329	0.8184	0.2493	0.2299	0.2281	0.2546	0.2084	0.7138	1.9947	1.9958	1.9935	10.06	9.99	9.85	814.5788	820.1617	670.0044	26.6525	70.167	61.7705	36.875	37.661	36.302	0.0952	0.1052	0.0995	1.2606	1.2047	1.2274	452.0	400.0	419.0
HG02229	HG02231	HG02230	IBS	619.56	667.61	443.4	614.13	663.586	447.004	730.74	755.46	509.73	249.15	176.1	226.78	19.1677	17.0946	26.4719	1.6423	10.9293	1.5663	49.9851	51.3296	39.6629	60.0654	74.117	54.9662	8.9797	10.339	8.6991	142.4913	140.5041	137.95	3.3549	3.0355	2.9264	0.4205	0.4173	0.5503	0.8504	0.8534	0.8485	0.2436	0.2453	0.2313	0.3468	0.1775	0.3466	1.9931	2.0058	2.0	10.26	10.04	10.2	744.0636	513.1042	768.9008	463.6903	61.7937	39.1423	36.665	35.401	38.36	0.066	0.1036	0.1206	1.3079	1.2454	1.2311	450.0	407.0	408.0
HG02234	HG02233	HG02232	IBS	477.29	438.68	368.55	477.5	438.068	370.03	585.35	502.37	421.92	204.4	171.98	256.05	8.2835	16.2824	10.044	9.3381	10.6013	1.3489	45.7705	39.93	58.9599	56.2706	54.3122	57.9416	12.0977	11.9224	12.1001	125.3883	134.3212	133.7488	2.84	3.1019	2.5247	0.589	0.5784	0.8358	0.8543	0.8424	0.9459	0.2309	0.2362	0.2467	0.3567	0.2019	0.3196	1.9914	1.9833	1.9886	9.75	9.85	10.0	798.7789	682.0414	915.1869	184.445	174.2949	108.7132	37.244	37.672	37.17	0.066	0.104	0.1061	1.3675	1.2404	1.2566	450.0	413.0	420.0
HG02237	HG02236	HG02235	IBS	482.65	390.64	442.77	475.831	388.884	438.528	550.08	431.88	498.96	155.21	120.1	210.45	21.379	21.4437	17.241	1.8748	13.0777	1.584	28.5537	35.4127	26.7328	53.2911	66.7598	41.0357	7.596	9.9041	8.0767	135.556	124.3035	134.1349	3.1169	2.3148	3.4989	0.5787	0.525	0.4846	0.882	0.846	0.8358	0.2271	0.237	0.2288	0.3815	0.7948	0.1967	2.0097	1.9988	1.9913	10.66	10.29	9.96	607.2084	652.2998	778.9725	95.5349	71.0212	351.878	36.809	38.133	35.864	0.0937	0.1077	0.0997	1.2442	1.1826	1.2283	443.0	414.0	418.0
HG02240	HG02238	HG02239	IBS	459.77	430.22	471.27	455.761	423.449	472.163	520.14	470.52	530.82	249.55	192.8	234.53	18.8528	15.8796	21.0877	1.2601	9.9531	1.5968	45.0669	52.532	49.3812	56.4041	64.495	58.4839	9.5095	10.3592	9.7758	131.1352	137.1427	135.9976	2.2303	2.2804	2.7853	0.6834	0.5967	0.8446	0.8939	0.9034	0.8831	0.2422	0.2423	0.2309	0.5544	0.3785	0.3602	2.0058	2.0013	2.0031	10.19	10.05	10.24	606.363	552.8027	621.562	129.283	54.0939	91.5757	37.744	37.356	35.785	0.0952	0.1055	0.0994	1.2363	1.2088	1.2352	455.0	415.0	405.0
HG02257	HG02255	HG02256	ACB	406.63	517.51	432.91	408.201	513.013	426.901	449.56	570.62	494.42	275.01	245.16	231.68	26.868	31.7609	16.9151	1.7662	9.8815	1.28	64.1276	54.319	47.2937	75.5429	78.6479	56.2072	12.2958	12.2195	10.4831	144.7022	138.2233	135.8605	2.6647	2.7574	2.7036	0.5425	0.6106	0.6392	0.8729	0.8752	0.7988	0.2538	0.253	0.2069	0.4633	0.4642	0.4327	1.9904	1.9925	1.9831	10.18	10.11	8.8	464.4405	720.3009	719.9347	40.1602	31.2316	35.4606	37.989	37.123	35.039	0.0757	0.109	0.1	1.3068	1.1818	1.2546	450.0	415.0	415.0
HG02258	HG02314	HG02315	ACB	360.98	500.0	463.85	357.634	498.479	458.23	445.23	566.53	522.22	195.96	191.19	161.27	26.4864	26.2879	16.8232	10.6068	10.8077	1.298	67.0339	56.0014	59.7596	85.1436	76.1467	70.2746	10.6885	9.7273	11.4225	130.79	148.4756	125.0725	2.6308	3.4626	2.6632	0.6836	0.6733	0.6078	0.7661	0.8118	0.8599	0.2239	0.2479	0.2461	0.7639	0.3951	0.5842	1.977	1.992	2.0154	9.69	10.0	9.47	585.627	533.5201	771.7214	25.0179	15.9332	24.4321	38.222	37.229	34.483	0.067	0.1076	0.1039	1.3501	1.217	1.2171	452.0	424.0	430.0
HG02261	HG02259	HG02260	PEL	500.93	487.23	437.87	500.51	485.818	440.026	588.99	502.63	459.21	229.93	242.61	126.09	10.6839	18.9371	17.3876	10.1145	10.7117	1.9172	45.2916	56.7186	56.4542	50.4618	67.6685	54.2131	10.9684	10.5255	16.622	115.8457	159.5247	155.719	2.4777	3.1277	2.556	0.8342	0.6125	0.8783	0.7621	0.7687	0.8325	0.2258	0.2358	0.228	0.5398	0.3707	0.3779	1.9847	1.9996	1.9956	10.03	9.88	9.83	894.6917	1159.6666	1371.7223	175.0816	39.4124	163.0017	37.076	37.57	38.261	0.0677	0.0786	0.0931	1.3034	1.1314	1.1084	444.0	434.0	429.0
HG02273	HG02271	HG02272	PEL	502.61	443.47	510.79	492.594	443.191	507.246	553.49	496.63	546.1	214.19	204.84	164.0	13.0302	16.426	13.2128	1.2328	10.1796	1.3205	56.2139	57.9302	38.613	73.4911	76.8359	58.2411	15.3047	10.1302	16.7137	148.0881	122.1993	164.9028	2.745	2.5091	2.848	0.5974	0.6142	0.7405	0.8174	0.7852	0.8022	0.2443	0.2257	0.2347	0.4347	0.4683	0.3645	1.9971	1.9995	2.0058	9.78	9.94	9.81	821.8558	807.0294	1002.6216	44.2742	69.0569	65.4767	36.167	37.68	38.615	0.0874	0.0948	0.0903	1.2085	1.2037	1.1621	449.0	428.0	427.0
HG02279	HG02277	HG02278	PEL	514.6	380.96	543.43	509.871	375.776	542.497	602.06	439.84	617.1	232.22	188.8	236.26	20.216	16.151	14.2968	12.6503	12.655	1.6009	51.322	50.2045	51.1344	77.1466	70.2941	55.286	12.8507	11.8215	9.3092	149.7437	139.7536	136.1426	2.6442	2.6389	2.7567	0.5355	0.6878	0.5777	0.9897	0.9354	0.8815	0.2543	0.2528	0.2346	0.6044	0.5648	0.6071	2.003	1.9957	2.0018	11.15	10.06	11.3	816.79	816.3484	993.3705	74.4497	31.6889	35.541	38.109	37.151	35.888	0.0655	0.1046	0.1008	1.3224	1.2717	1.2174	452.0	401.0	416.0
HG02280	HG02307	HG02308	ACB	528.82	497.95	420.69	520.946	497.487	417.568	638.17	563.91	482.38	170.52	183.75	138.26	18.7811	18.8395	25.1059	2.1318	10.1235	1.9089	55.4414	50.5117	53.5083	53.3489	70.9426	59.1503	8.6718	9.4288	8.1542	124.6417	131.8389	133.4057	3.0079	3.4149	3.1078	0.5331	0.5011	0.4799	0.761	0.8037	0.7585	0.2318	0.2224	0.2225	0.3342	0.4793	0.196	1.9994	1.9801	1.9959	9.58	9.83	9.88	600.236	611.6307	763.4299	20.0768	51.1042	42.4681	40.753	37.28	37.012	0.0816	0.1146	0.1086	1.2874	1.2404	1.2178	447.0	404.0	396.0
HG02287	HG02285	HG02286	PEL	392.15	546.0	232.01	390.485	544.913	230.123	456.96	619.07	264.37	202.71	219.39	211.91	14.8546	14.0926	14.7749	0.7889	8.9591	0.9434	56.7756	56.4149	48.8087	57.9384	66.0805	52.837	10.9468	10.5327	12.6178	148.4364	135.4556	156.0187	2.7857	3.0469	3.3209	0.5557	0.6334	0.7975	0.829	0.8401	0.9056	0.2222	0.2236	0.2387	0.298	0.464	0.4169	1.992	2.0023	2.0004	10.14	10.11	10.0	592.3866	925.7396	582.3873	20.9154	51.4508	21.1427	37.703	36.409	35.451	0.0814	0.104	0.103	1.3237	1.2405	1.2572	440.0	415.0	411.0
HG02293	HG02291	HG02292	PEL	541.07	546.11	436.5	533.016	556.614	432.249	624.02	620.4	500.53	127.78	136.54	172.06	13.1608	11.1713	12.6339	1.1711	5.8585	1.2462	74.7091	55.8104	62.8629	68.0411	60.7212	58.0159	10.337	9.315	10.4391	160.0422	127.6618	148.9776	3.016	2.3903	2.8143	0.5137	0.4681	0.5593	0.8051	0.7713	0.7514	0.2234	0.22	0.2244	0.5293	0.9777	0.5933	2.002	1.9981	1.997	10.05	9.95	9.92	758.384	820.4452	706.7031	96.7136	66.3653	318.8028	36.786	36.57	38.356	0.0777	0.0971	0.0934	1.2813	1.2589	1.2188	444.0	406.0	422.0
HG02300	HG02299	HG02298	PEL	593.54	584.78	371.09	596.884	572.533	366.38	704.08	637.6	418.59	186.96	165.31	191.86	24.9853	20.6569	23.5754	0.977	10.5783	1.4373	52.1416	56.6145	47.8436	64.8885	65.3537	60.3803	15.0147	13.6528	10.925	142.8839	145.4863	140.0592	2.6797	2.3256	3.2653	0.9075	0.7021	0.7768	0.8429	0.8312	0.8883	0.2427	0.226	0.2453	0.5553	0.3678	0.2807	1.9873	1.9917	2.0027	9.85	9.85	10.26	692.1235	517.3448	655.5996	23.0524	29.9404	12.8916	38.566	37.01	35.793	0.0728	0.1153	0.1021	1.3087	1.1825	1.2325	450.0	427.0	413.0
HG02303	HG02302	HG02301	PEL	590.08	373.68	532.55	579.451	374.102	531.933	645.79	442.8	602.53	145.74	205.56	153.48	19.2387	26.5767	12.1106	1.3899	9.2526	1.3498	59.9815	57.911	55.994	52.3797	70.6432	49.351	11.6416	10.8204	11.5449	159.2938	140.2373	149.1117	3.3111	3.1861	2.8777	0.7841	0.7711	0.5425	0.8579	0.8647	0.8018	0.2563	0.2538	0.2407	0.4011	0.5967	0.3966	2.0034	1.9975	2.0025	9.84	10.1	9.84	661.923	815.2051	576.7835	100.6314	11.5801	28.387	37.948	38.591	35.673	0.1025	0.0796	0.095	1.1549	1.2972	1.2322	447.0	451.0	412.0
HG02316	HG02317	HG02318	ACB	603.4	402.55	658.44	607.763	399.761	655.341	689.33	468.38	785.26	308.14	230.25	175.89	16.8759	13.4104	17.188	16.1363	13.7592	0.9497	47.0761	48.3682	31.3171	91.6391	55.7356	53.0087	12.0513	10.1023	12.4842	151.4686	97.2574	141.8942	3.679	2.7895	3.5172	0.5415	0.579	0.6572	0.8511	0.8487	0.8268	0.2601	0.2328	0.2441	0.3803	0.3044	0.5114	1.9916	1.9963	1.9846	10.0	9.72	10.03	435.223	664.8529	916.1163	46.9427	15.6001	67.5217	35.595	34.373	34.735	0.067	0.1051	0.1082	1.2535	1.2171	1.3037	437.0	428.0	417.0
HG02321	HG02281	HG02282	ACB	462.49	509.97	315.83	457.835	512.632	311.549	521.75	612.86	367.69	268.67	201.6	252.85	18.146	17.1593	17.4396	2.5787	12.7555	1.0484	53.3486	44.2027	56.0566	62.0012	67.7026	54.0359	10.6746	9.7416	12.4214	135.9304	115.2522	119.0557	3.1249	3.2782	3.1955	0.7753	0.8291	0.5494	0.7933	0.8109	0.8327	0.2393	0.2327	0.2513	0.5558	0.3935	0.4137	1.9852	1.9957	1.9944	10.03	9.97	9.87	944.2416	867.0486	852.601	116.1807	36.2807	146.9272	38.924	34.778	37.855	0.0987	0.1136	0.1008	1.2612	1.2582	1.2145	446.0	419.0	417.0
HG02451	HG02449	HG02450	ACB	483.08	528.93	518.36	473.207	529.813	527.601	578.19	597.19	590.85	422.44	307.19	366.37	20.4485	17.9038	18.4104	0.9952	7.2965	1.0128	54.1943	57.8046	48.5583	62.3162	74.991	43.3495	10.6423	10.9038	10.2097	125.4618	127.059	108.6031	3.4917	3.5077	3.135	0.6178	0.5964	0.5794	0.8205	0.8758	0.8016	0.2366	0.2419	0.2314	0.5269	0.6349	0.3371	1.9906	1.9991	1.9947	9.9	9.66	9.83	595.289	426.2476	803.1342	112.2699	69.9344	14.8627	38.497	39.244	38.414	0.0802	0.0978	0.1053	1.2943	1.2719	1.2564	436.0	424.0	420.0
HG02463	HG02461	HG02462	GWD	915.74	437.88	935.28	900.609	445.334	923.643	1114.87	494.0	1075.74	267.19	233.38	185.82	17.4379	14.7058	19.7923	11.1108	12.5539	0.6856	33.8954	39.6798	37.5196	67.2741	77.786	56.3216	10.9682	11.8207	10.4087	130.5621	126.8242	140.1146	2.4401	2.7261	2.7823	0.5273	0.6274	0.6175	0.9398	0.8601	0.8673	0.2392	0.2504	0.2349	0.4837	0.7609	0.1708	2.0085	2.0011	2.0083	9.91	10.02	9.97	606.1445	700.0843	954.6256	22.7565	53.6167	113.4196	40.059	39.335	38.577	0.0743	0.0953	0.1028	1.2991	1.2534	1.2467	447.0	429.0	435.0
HG02466	HG02464	HG02465	GWD	705.17	621.24	497.71	691.772	615.407	487.154	871.22	683.17	545.94	372.6	219.41	318.17	20.4191	23.562	25.0174	9.0269	9.809	1.2059	41.9711	36.2651	56.2883	74.2652	73.7955	71.4531	11.2001	10.6295	9.8201	125.0664	146.3056	132.8867	3.8127	3.8941	3.5616	0.5417	0.612	0.7827	0.7961	0.798	0.8065	0.2585	0.2674	0.2392	0.2775	0.2599	0.4475	1.9934	1.993	2.0178	9.96	10.11	8.99	952.111	624.7725	531.9	20.8089	24.7438	19.2568	41.409	34.532	35.519	0.088	0.103	0.1132	1.3235	1.1754	1.1938	440.0	440.0	434.0
HG02492	HG02490	HG02491	PJL	457.99	419.19	512.21	446.152	418.058	519.536	563.11	471.85	581.73	246.69	242.69	185.47	20.4275	21.0709	13.9416	8.5634	8.037	1.065	45.7712	46.1075	36.5163	69.8426	62.7568	50.4242	11.0159	10.377	10.0584	145.16	142.3608	134.0485	3.3576	2.9764	3.6038	0.5972	0.6561	0.5273	0.9223	0.8917	0.8859	0.2453	0.2294	0.2308	0.4808	0.3962	0.448	2.0003	1.9959	1.995	9.98	9.87	10.03	552.4491	696.237	758.0406	9.2593	34.4909	11.7861	38.3	40.458	39.293	0.077	0.111	0.1332	1.2911	1.2268	1.2646	438.0	427.0	424.0
HG02495	HG02493	HG02494	PJL	508.18	529.14	465.4	505.155	529.932	462.553	602.2	608.35	504.56	174.15	162.26	193.96	14.8886	19.0997	17.2745	0.8418	10.016	0.8572	43.6117	48.542	41.4038	57.2287	78.0008	47.1382	15.141	14.4818	10.7398	146.8815	145.3969	149.0859	2.1626	2.5785	2.5385	0.7863	0.568	0.7447	0.899	0.8646	0.9347	0.2618	0.255	0.2421	0.301	0.2576	0.2228	2.0103	2.0031	1.9871	9.58	9.98	10.18	880.5488	717.5408	1064.4015	19.0332	31.296	23.6057	41.023	37.069	38.779	0.0821	0.1087	0.1052	1.2545	1.2637	1.1263	445.0	443.0	433.0
HG02514	HG02512	HG02513	KHV	672.97	566.16	584.89	653.494	560.817	586.822	799.52	638.88	665.11	188.64	154.9	140.19	15.262	17.2874	12.8016	21.1674	20.1794	1.5553	40.6747	36.4256	37.2534	75.2414	68.8563	48.6178	10.2228	9.793	10.4928	148.9045	144.2304	153.1184	2.5949	2.955	3.5107	0.5525	0.376	0.6454	0.8197	0.8101	0.7678	0.263	0.232	0.2621	0.3221	0.365	0.3232	1.9984	1.9758	2.001	10.07	9.92	9.92	863.1966	728.7633	691.3237	18.4811	35.4575	32.5972	40.988	39.682	38.123	0.089	0.1162	0.0969	1.2424	1.2566	1.2522	446.0	419.0	434.0
HG02523	HG02521	HG02522	KHV	546.54	555.36	433.81	531.42	556.75	425.445	660.11	622.36	490.87	163.72	157.91	176.47	17.7265	18.5987	20.356	1.4834	18.9064	1.4038	51.6331	30.9653	53.3944	55.3029	87.7828	46.7642	9.8513	9.8145	9.3311	151.216	142.558	153.2585	2.9694	3.2159	3.1269	0.5197	0.6605	0.4162	0.8084	0.7589	0.8441	0.2362	0.2457	0.2174	0.5019	0.3984	0.4389	1.9984	1.9976	1.9901	9.68	9.74	9.85	656.8888	744.1851	665.4826	111.8165	273.517	81.0173	36.967	37.787	34.407	0.0803	0.1002	0.1048	1.2773	1.2226	1.245	445.0	427.0	443.0
HG02526	HG02524	HG02525	KHV	408.28	410.05	478.89	407.966	407.943	471.395	461.3	473.34	556.89	135.96	178.48	136.67	15.542	14.2647	15.1368	1.4595	12.0191	1.4768	43.9253	36.7315	46.3487	46.7789	59.1264	46.731	9.5744	9.8484	9.2498	163.6309	161.0803	153.5803	2.8715	2.5798	3.2152	0.8379	0.752	0.7193	0.768	0.774	0.7799	0.2468	0.2538	0.2441	0.2416	0.42	0.5446	1.9969	1.9955	1.9886	10.07	10.12	10.04	1104.5183	822.9691	852.2537	32.3246	98.9034	56.9214	35.805	35.877	35.687	0.0847	0.0665	0.0665	1.2016	1.2296	1.2594	444.0	445.0	446.0
HG02563	HG02561	HG02562	GWD	554.21	727.99	456.11	543.221	708.134	444.992	652.42	858.34	546.01	204.07	181.86	160.29	23.1153	24.3088	21.1291	7.8727	8.4908	1.7	60.948	51.1546	59.4545	74.4391	77.0505	61.6308	11.3169	12.3803	10.9164	143.2534	149.6787	138.9351	3.5367	3.2564	3.4641	0.6574	0.7162	0.6113	0.8578	0.8958	0.7904	0.2684	0.2654	0.2519	0.5704	0.3348	0.5279	1.9882	1.9944	1.997	9.88	9.92	9.95	874.88	1180.2545	1063.5827	76.693	138.1348	28.8229	37.254	41.056	42.466	0.089	0.0735	0.0732	1.2617	1.3002	1.2837	447.0	427.0	432.0
HG02572	HG02570	HG02571	GWD	523.25	406.49	441.7	512.957	400.98	442.401	618.74	469.84	509.97	226.27	212.8	155.44	17.6741	19.4568	20.3614	9.5957	10.5678	1.4633	52.3951	41.8724	62.3917	81.0052	77.5624	53.5435	12.4034	11.3201	11.0706	151.7632	137.0229	148.5294	2.731	2.9437	2.9858	0.8894	0.6293	0.7508	0.8033	0.7874	0.8365	0.2343	0.2253	0.2169	0.4718	0.635	0.304	2.0039	1.9957	1.9901	10.06	10.15	10.18	1072.946	785.2455	913.7197	34.2475	28.276	44.5712	37.757	38.443	37.324	0.0969	0.1046	0.118	1.2701	1.2677	1.2714	443.0	439.0	440.0
HG02575	HG02573	HG02574	GWD	544.96	545.74	471.57	540.458	550.136	463.852	574.3	541.44	523.67	155.35	153.68	255.2	29.2251	25.7194	24.2557	9.1897	9.2013	1.2206	55.0213	51.9496	60.3016	67.5714	74.3104	59.2747	10.1129	10.4438	11.7775	141.9686	144.5242	142.6081	3.4575	3.3508	2.9379	0.6931	0.6221	0.6984	0.8477	0.8468	0.866	0.2488	0.2378	0.2348	0.4534	0.3693	0.5885	1.9822	1.9998	1.9996	9.93	10.25	9.93	1201.1205	891.6947	1143.9334	69.4459	12.3497	26.084	47.917	43.999	35.229	0.1924	0.2164	0.1008	1.0758	1.0339	1.2028	453.0	428.0	434.0
HG02584	HG02582	HG02583	GWD	458.6	389.67	417.72	443.609	380.597	410.9	561.04	450.35	491.68	194.18	192.25	210.12	27.3592	32.1935	23.6559	13.2939	13.1912	1.4115	64.8781	46.254	66.3981	98.1992	95.2135	70.392	10.5517	10.4396	9.4332	150.9912	145.7143	157.1644	4.0685	3.123	3.7577	0.7197	0.7004	0.7233	0.8396	0.9198	0.796	0.2575	0.2604	0.2288	0.3091	0.352	0.4832	2.0004	2.0062	1.9901	9.95	10.0	10.16	632.3486	881.3406	750.5684	83.3155	86.4761	332.1343	39.046	36.456	46.421	0.0737	0.1082	0.0758	1.3078	1.2594	1.2815	445.0	436.0	431.0
HG02587	HG02585	HG02586	GWD	623.25	399.21	554.22	612.511	395.026	549.847	762.64	471.7	627.76	253.37	208.23	162.68	32.2269	23.3802	24.9651	1.2592	10.0546	1.1961	49.9514	52.9093	49.6855	63.6545	94.3495	56.5077	10.9805	12.119	12.8003	142.3213	143.9706	145.3816	2.5497	2.1552	2.5115	0.6178	0.5252	0.6587	0.8825	0.944	0.8999	0.23	0.2335	0.231	0.4671	0.6022	0.7793	1.992	1.9936	1.9987	9.79	10.17	10.01	915.337	825.9236	839.2096	208.3959	61.0168	101.0687	37.273	33.218	36.213	0.0775	0.0749	0.1126	1.3037	1.2778	1.253	440.0	420.0	439.0
HG02590	HG02588	HG02589	GWD	808.29	1017.44	413.8	796.647	1020.008	404.46	942.01	1150.31	491.62	279.43	254.58	216.62	23.9557	27.9412	24.4722	11.9236	11.5431	1.5417	47.302	48.9905	43.8733	76.2385	75.8528	57.4581	10.6189	10.7562	10.446	150.2862	142.6588	155.6933	2.5536	2.685	2.3176	0.5917	0.6528	0.755	0.9041	0.8164	0.9205	0.2561	0.2403	0.246	0.5342	0.3114	0.742	1.9942	2.0021	1.9916	10.08	10.13	10.02	855.3518	662.887	715.5415	193.6293	119.481	181.4751	37.581	37.296	49.162	0.0991	0.0957	0.0786	1.2354	1.2585	1.2449	445.0	432.0	433.0
HG02596	HG02594	HG02595	GWD	380.12	368.91	550.16	371.619	363.594	552.698	444.91	430.42	627.88	202.29	186.12	155.72	27.4447	22.1131	26.4084	10.6269	10.3084	1.2963	55.5426	55.151	49.9161	82.051	89.4875	62.368	10.8544	11.6059	11.0877	151.6882	144.9907	145.5509	3.2696	2.9041	2.814	0.6475	0.6588	0.7004	0.9756	0.8519	0.9651	0.2378	0.2217	0.2426	0.547	0.2419	0.6656	1.9917	1.9928	1.9919	9.95	9.8	10.41	1056.1582	1158.3366	920.0499	15.2641	16.5527	37.1068	37.303	35.419	37.474	0.087	0.1115	0.1327	1.2223	1.2788	1.2227	448.0	435.0	435.0
HG02602	HG02600	HG02601	PJL	446.99	461.03	399.93	438.355	457.233	398.798	495.8	523.75	456.49	135.49	134.73	152.09	16.4266	27.725	16.7307	12.3984	11.8346	2.1768	44.3347	48.5941	37.8542	74.6968	82.1107	59.0536	13.1453	10.7203	14.8492	156.4019	154.6658	158.9656	3.2956	2.2961	3.4316	0.5863	0.9042	0.5439	0.854	0.9183	0.8911	0.246	0.2631	0.2452	0.6525	0.4654	0.4467	1.9979	1.9995	2.0055	10.12	10.09	10.05	943.5606	722.64	648.5069	41.8468	55.4092	79.9325	39.811	38.793	36.132	0.1207	0.1047	0.1258	1.2118	1.2539	1.2522	449.0	435.0	436.0
HG02605	HG02603	HG02604	PJL	770.5	412.28	692.09	763.641	409.621	692.829	928.72	474.62	763.62	193.77	214.14	241.9	18.5521	16.1152	17.0453	1.3572	11.8771	1.5434	54.3773	43.2506	52.0393	58.1943	69.6581	61.7023	9.487	12.9407	11.2263	153.3618	159.5146	152.8909	3.613	3.9661	3.0878	0.7861	0.7119	0.7408	0.8301	0.8484	0.8751	0.2404	0.2353	0.2428	0.5155	0.3324	0.6009	2.0021	2.0129	1.9896	10.06	9.93	9.97	793.7956	659.3305	692.8164	78.1976	54.6668	122.3458	38.351	37.047	36.0	0.0879	0.1125	0.1018	1.2651	1.2498	1.1923	442.0	434.0	433.0
HG02612	HG02610	HG02611	GWD	681.02	470.69	656.46	664.899	455.488	650.968	849.99	561.21	717.9	203.14	207.71	98.27	18.787	21.7289	23.4817	9.6926	9.9026	1.3626	58.4866	65.246	65.3286	79.0425	84.263	65.7866	10.7739	9.9047	11.0541	158.2762	165.7483	152.2062	4.0198	3.278	3.3399	0.615	0.6627	0.6401	0.8703	0.8588	0.8103	0.2495	0.2316	0.2289	0.4311	0.2818	0.159	1.9963	1.9808	1.9992	10.01	9.17	10.23	1190.7884	1164.1872	1087.595	29.6876	16.5537	69.4928	39.322	35.092	35.942	0.0771	0.0811	0.0987	1.299	1.3263	1.2123	434.0	438.0	435.0
HG02615	HG02613	HG02614	GWD	524.34	442.37	396.52	515.068	438.728	392.194	600.07	498.85	446.94	208.26	194.25	202.18	24.3542	20.3217	20.856	1.2919	13.0543	0.9056	45.3451	58.032	45.1977	54.3023	79.1415	60.3639	11.9262	11.442	13.7589	147.7317	135.7141	147.0399	3.9026	4.1182	3.7106	0.5563	0.6091	0.5416	0.9362	0.8193	0.9432	0.2467	0.2522	0.2495	0.6093	0.3168	0.3801	1.9993	1.9919	1.9989	10.01	9.94	9.88	759.5889	832.4703	677.7008	96.7077	176.1257	161.287	39.894	37.771	35.342	0.0838	0.1111	0.0979	1.2396	1.2214	1.2253	436.0	433.0	429.0
HG02622	HG02620	HG02621	GWD	686.56	509.04	571.06	673.84	505.3	568.38	832.96	600.43	634.44	189.19	190.58	145.75	20.191	29.6014	19.7384	1.202	9.6995	1.2433	60.6062	51.8299	66.8448	66.9423	71.0117	71.903	11.1239	11.155	12.0851	142.4898	138.659	145.0188	2.9284	3.0336	2.9987	0.7798	0.703	0.6802	0.9124	0.8674	0.913	0.241	0.2351	0.2452	0.63	0.4648	0.7053	2.0057	1.9916	1.9855	10.04	10.03	10.14	970.778	833.4016	1033.1869	44.533	98.7795	61.5004	39.986	36.8	35.027	0.0776	0.1037	0.0995	1.2878	1.3004	1.1907	443.0	426.0	439.0
HG02625	HG02623	HG02624	GWD	481.88	555.24	735.84	465.876	548.107	726.402	586.54	644.38	799.18	252.76	178.37	201.8	23.3038	18.9155	27.3856	14.5015	13.6438	1.3965	71.3751	69.3774	50.7521	85.7705	83.6933	52.3286	11.5041	11.0241	10.5286	155.4183	146.212	156.7116	3.2618	3.0692	3.4139	0.8005	0.6439	0.7781	0.7713	0.7096	0.7975	0.2367	0.2291	0.2457	0.3873	0.3723	0.412	2.0016	1.9907	2.0007	9.17	8.89	10.09	807.5433	790.3406	860.4792	22.0129	48.0226	95.2509	38.8	36.85	47.4	0.0813	0.1084	0.1664	1.3126	1.2645	1.1353	446.0	438.0	433.0
HG02630	HG02628	HG02629	GWD	603.41	739.49	525.74	597.349	739.62	526.434	739.75	805.25	582.36	145.75	160.82	109.36	25.2106	24.5364	22.8893	1.0821	13.5888	1.5371	63.8988	70.2957	51.7554	52.243	65.8185	56.4082	11.7821	12.3751	12.0718	155.0945	152.5098	140.129	3.3495	3.4089	3.6621	0.5023	0.5597	0.5728	0.9564	0.911	0.9066	0.2756	0.2587	0.2639	0.4932	0.3267	0.3556	1.9904	2.0015	1.9878	9.95	9.7	10.02	871.0345	751.243	819.4505	66.7986	34.7571	101.9295	40.455	36.602	36.064	0.0897	0.0973	0.0948	1.2751	1.222	1.1998	437.0	428.0	435.0
HG02636	HG02634	HG02635	GWD	462.89	597.17	357.3	447.499	582.881	347.515	563.77	707.13	421.85	186.85	151.7	167.3	24.161	22.7912	31.62	11.2808	11.5222	0.9796	53.7962	54.4578	43.0962	84.1293	67.211	60.2565	13.0847	12.8553	12.9829	139.9311	140.3738	148.6197	2.7006	2.165	2.4818	0.7045	0.5579	0.7447	0.8128	0.7631	0.8304	0.2526	0.2475	0.2486	0.4959	0.1728	0.6166	2.0126	2.0108	1.998	10.03	9.68	10.1	964.4085	780.5701	978.5853	94.2923	87.79	175.1122	40.481	40.624	37.527	0.0785	0.085	0.0782	1.2678	1.2527	1.2507	441.0	427.0	414.0
HG02644	HG02642	HG02643	GWD	426.48	490.36	345.58	418.134	487.929	344.911	514.75	541.11	388.44	136.05	152.84	215.94	49.1833	40.1725	38.3145	9.8591	11.6093	1.0159	51.5547	53.4033	61.9544	80.9169	70.6461	73.9945	12.7952	12.2785	11.474	148.3232	141.6673	152.5019	2.777	2.5686	2.9949	0.6453	0.5903	0.8046	0.9746	0.8925	0.8613	0.2603	0.2397	0.2538	0.4203	0.6368	0.334	2.0022	1.9797	1.9999	10.11	9.99	9.93	936.8244	645.9641	826.5534	24.7341	49.4795	35.2317	41.117	37.357	35.365	0.0954	0.1178	0.1016	1.2938	1.179	1.1734	446.0	432.0	422.0
HG02647	HG02645	HG02646	GWD	508.88	518.95	844.26	497.985	510.941	844.471	621.97	584.92	934.74	225.54	208.29	227.94	20.6105	25.5297	24.0065	9.5697	9.5003	1.2421	51.9662	67.1816	47.2595	80.138	79.3154	68.4309	12.0345	12.2188	10.95	139.6629	146.9983	136.3062	3.1948	4.0305	2.8615	0.4523	0.5007	0.5052	0.7907	0.7876	0.7589	0.2258	0.2433	0.2298	0.6069	0.3487	0.4538	1.9915	1.9952	1.9939	10.01	10.07	10.09	912.5472	1020.6249	907.6563	79.2864	96.9647	50.4692	41.74	37.202	36.799	0.0867	0.102	0.1078	1.2993	1.2478	1.1871	442.0	429.0	428.0
HG02650	HG02648	HG02649	PJL	407.48	403.08	467.46	398.354	397.531	467.567	497.6	478.47	518.94	287.49	193.6	221.53	19.8995	18.5428	14.5688	11.1084	12.0519	1.3863	42.5336	47.4938	44.6969	74.1149	72.4128	56.2267	9.7253	11.2084	9.7147	141.139	148.3895	150.6866	2.7579	3.3476	2.3429	0.6154	0.9155	0.5005	0.7452	0.7988	0.8222	0.2282	0.2539	0.2189	0.376	0.1146	0.4691	2.0002	1.989	2.0028	8.96	10.05	9.13	697.1914	1264.7697	538.5349	35.9154	428.5202	37.2616	39.842	37.026	35.093	0.0778	0.08	0.1014	1.3331	1.2385	1.1844	439.0	421.0	434.0
HG02653	HG02651	HG02652	PJL	427.66	407.39	431.29	422.528	403.244	422.896	455.77	447.8	520.48	139.71	143.57	164.62	22.9737	21.5315	22.7554	1.2909	14.4984	1.166	47.1362	46.8976	43.4428	56.9418	83.3406	52.7759	9.5996	10.2094	11.5032	157.6138	153.406	162.1503	2.2049	3.483	2.6655	0.801	0.7315	0.8187	0.9229	0.9043	0.8684	0.2461	0.2464	0.2472	0.2263	0.4069	0.3245	1.9951	2.0085	2.0013	9.98	10.19	9.91	840.5088	1203.369	1099.0899	151.6709	30.2994	36.345	41.829	36.01	37.769	0.1792	0.1131	0.1065	1.0804	1.2088	1.3153	459.0	431.0	425.0
HG02656	HG02654	HG02655	PJL	355.26	302.74	329.42	346.285	303.957	334.779	419.59	352.48	377.04	140.45	164.2	159.27	22.887	22.8185	18.3451	11.7682	12.7969	1.1956	43.8487	47.751	45.8415	74.5509	69.682	50.2809	11.0554	9.7961	10.6899	154.1668	146.3229	154.9141	3.3167	3.1175	3.8322	0.5474	0.492	0.5791	0.9628	0.9051	0.8873	0.2669	0.2451	0.2492	0.4796	0.3676	0.78	2.0045	1.9992	1.9773	10.16	9.98	10.0	731.5901	833.1223	815.1169	95.1886	47.9466	71.2806	40.961	38.308	36.973	0.084	0.1017	0.1072	1.2738	1.2662	1.2769	444.0	432.0	425.0
HG02659	HG02657	HG02658	PJL	658.64	465.11	483.61	640.36	460.735	478.765	778.82	519.95	540.11	205.51	143.22	186.96	20.7312	20.5865	16.7972	1.3715	13.1039	1.3746	52.8128	46.5034	44.4746	58.8326	75.0164	53.9015	11.0466	9.859	10.9601	165.7502	165.777	157.12	3.1519	2.8767	2.6372	0.3727	0.6478	0.3798	0.9154	0.8587	0.8468	0.2618	0.2353	0.2427	0.2982	0.3852	0.4177	1.995	1.9991	1.9989	10.04	9.91	9.96	740.8377	633.6617	639.1272	99.7765	113.7671	45.8468	40.522	35.912	36.301	0.1034	0.0994	0.105	1.2653	1.2017	1.2045	436.0	426.0	432.0
HG02662	HG02660	HG02661	PJL	389.3	461.95	301.54	385.425	465.512	301.109	475.4	529.18	341.64	173.54	131.58	229.62	16.162	20.1261	16.8134	1.7285	13.7762	1.4187	40.9006	44.5935	42.397	57.9636	87.4329	52.226	10.1464	11.481	10.0861	154.3314	150.8501	149.8475	2.8572	2.3773	3.4066	0.8895	0.7309	0.6502	0.826	0.7834	0.8965	0.2202	0.2225	0.2321	0.4596	0.4475	0.5558	1.9919	1.9962	1.9874	10.16	9.07	10.02	754.4758	763.1158	891.2282	37.6154	75.2094	130.4431	38.513	37.596	36.008	0.0817	0.1054	0.1062	1.2833	1.2757	1.2218	438.0	431.0	437.0
HG02668	HG02666	HG02667	GWD	471.97	617.6	296.05	456.914	615.469	296.167	544.21	670.32	337.28	197.63	192.41	241.6	23.1522	27.9273	16.3974	10.1069	9.804	1.4912	54.538	64.9294	54.177	81.8362	74.65	65.2136	8.7749	10.171	10.7177	135.5283	137.232	143.0006	3.2711	3.3409	3.2548	0.7881	0.8042	0.5775	0.819	0.8521	0.8149	0.2263	0.2325	0.236	1.0968	0.2509	0.3788	1.9987	2.0048	1.9978	9.92	10.17	9.93	802.3301	834.9609	753.9938	40.1158	58.0424	43.4524	35.627	36.469	35.985	0.0954	0.1025	0.0968	1.2296	1.1628	1.2478	427.0	440.0	422.0
HG02677	HG02675	HG02676	GWD	578.41	467.83	573.9	566.701	467.877	566.369	707.73	511.42	626.99	140.55	128.78	210.6	23.5536	21.5677	23.187	1.3988	9.5584	1.8188	55.4437	45.0032	51.3234	64.659	82.3567	55.8669	9.9258	11.7135	10.5875	148.2389	146.0396	147.3717	3.6798	3.2411	3.848	0.6141	0.6113	0.5194	0.7351	0.8437	0.773	0.2359	0.2587	0.2289	0.521	0.2043	0.5638	1.9874	1.9993	1.9875	9.89	9.98	10.14	897.6773	835.6706	1119.2028	34.332	66.7706	25.1181	38.849	36.238	36.147	0.0837	0.1104	0.0967	1.3074	1.192	1.1733	433.0	438.0	435.0
HG02680	HG02678	HG02679	GWD	441.97	609.32	501.26	429.914	602.804	497.745	526.55	664.6	551.1	125.33	127.13	167.73	23.9674	23.3288	26.5557	1.6672	14.9941	1.7468	68.1513	62.0095	57.8166	52.9831	75.2418	57.6805	11.9142	12.4425	12.1721	152.5599	158.5501	142.0767	2.999	3.0317	2.2491	0.7305	0.6005	0.5734	0.839	0.8738	0.8139	0.2383	0.2576	0.2276	0.5738	0.2635	0.3079	1.9806	1.9932	1.9964	10.06	9.89	9.9	910.1505	884.6708	885.5247	22.8939	15.8186	45.3043	36.175	37.802	38.26	0.0894	0.146	0.1168	1.3037	1.1738	1.1577	427.0	435.0	432.0
HG02683	HG02681	HG02682	PJL	483.22	548.74	466.44	471.783	548.411	464.681	566.66	610.67	514.39	154.03	187.42	164.17	21.0201	21.5368	15.1205	1.443	14.4576	1.3435	41.8198	47.1525	38.4985	67.0126	83.1627	55.6443	13.241	12.6307	14.939	155.6261	153.4444	154.3229	2.6788	2.3998	2.6786	0.7133	0.777	0.6171	0.8758	0.7864	0.9196	0.2532	0.2388	0.2498	0.3729	0.3385	0.2587	1.9878	2.0005	1.9922	9.91	10.01	9.93	978.9488	683.8683	946.6743	260.9475	67.1387	181.7347	33.839	36.319	34.694	0.0817	0.094	0.0953	1.2599	1.1878	1.1918	422.0	436.0	442.0
HG02686	HG02684	HG02685	PJL	430.25	452.33	309.14	421.296	451.059	310.039	534.79	499.81	344.15	165.57	155.11	105.35	19.8638	17.6164	18.3654	8.7716	9.0868	1.0545	53.9502	46.1021	51.1204	76.8919	80.5806	54.1052	10.8863	10.3877	10.7156	153.2395	149.6066	149.2238	3.3878	3.6063	2.6033	0.6816	0.6188	0.6651	0.9377	0.8827	0.9466	0.2541	0.2372	0.2364	0.5833	0.3516	0.5321	1.994	2.0054	2.0028	10.14	10.08	10.19	802.479	613.1388	787.9087	56.7336	33.6924	62.9785	40.576	37.086	36.903	0.0859	0.1052	0.0992	1.28	1.1662	1.2058	426.0	424.0	441.0
HG02689	HG02687	HG02688	PJL	495.16	471.31	337.01	489.21	471.732	333.303	617.41	521.67	360.55	211.26	191.95	221.2	19.4305	18.8816	18.087	15.5877	15.1513	2.0136	33.9197	37.371	37.9423	83.9194	90.9132	54.362	13.5643	12.1567	10.1875	162.9151	165.4776	162.2708	2.7195	3.0348	2.4333	0.6237	0.6601	0.6214	0.815	0.8405	0.7849	0.2524	0.2564	0.2224	0.5746	0.7735	0.3993	2.0036	2.0088	1.9958	9.02	9.86	8.11	677.9716	847.655	890.8796	57.7975	25.5411	48.075	39.498	37.493	38.717	0.0769	0.1124	0.1388	1.328	1.2006	1.1465	422.0	441.0	432.0
HG02692	HG02690	HG02691	PJL	601.1	539.84	509.11	593.419	540.78	503.887	621.04	602.25	572.73	106.66	136.53	215.42	23.0534	18.1141	19.7631	1.7074	15.5519	1.1157	41.7142	38.5829	46.4796	62.6197	80.0241	59.5841	11.8538	13.8254	16.3444	151.2056	144.0331	156.2731	2.6892	2.3469	2.6588	0.5852	0.5492	0.596	0.8532	0.8423	0.8271	0.2406	0.2302	0.2305	0.4714	0.397	1.0299	1.9884	1.9941	1.9872	10.09	10.05	10.06	684.8892	889.2054	1068.0348	110.5836	26.8316	41.387	46.21	37.031	41.181	0.1852	0.1063	0.101	1.0414	1.1672	1.2108	447.0	436.0	433.0
HG02698	HG02696	HG02697	PJL	367.35	370.99	355.97	362.079	365.995	352.896	436.94	435.6	393.31	169.88	151.72	189.83	20.4637	20.0199	19.21	7.4874	7.4466	1.5412	35.5147	42.1386	45.7173	66.7799	61.6064	52.6929	12.8789	9.8262	14.7241	154.5913	147.9261	162.0737	2.781	2.6087	2.8919	0.4383	0.6007	0.4626	0.91	0.7976	0.9436	0.2676	0.2525	0.2375	0.4241	0.4888	0.347	1.9953	1.9869	1.9993	10.02	8.94	10.1	761.3942	904.2329	688.1566	67.61	261.595	82.335	37.06	38.517	35.935	0.0921	0.0788	0.1035	1.2695	1.2446	1.1919	432.0	424.0	439.0
HG02701	HG02699	HG02700	PJL	404.26	515.1	455.13	401.982	509.334	454.675	489.07	573.2	504.43	207.09	219.32	199.26	15.2093	15.3224	18.6643	11.8383	11.5743	2.1382	43.7456	45.8801	54.6793	71.6206	71.7263	49.9375	10.7699	9.883	12.3673	153.0775	149.9636	158.5306	2.8886	3.6801	2.7609	0.7216	0.7234	0.6746	0.826	0.8271	0.8461	0.2319	0.2342	0.2488	0.4686	0.3288	0.5871	2.006	2.0063	1.9983	10.08	10.12	9.76	992.2729	998.7097	723.0096	179.6648	44.0157	116.4518	39.128	36.713	35.888	0.0697	0.1086	0.1138	1.3102	1.2102	1.1952	443.0	437.0	433.0
HG02704	HG02702	HG02703	GWD	693.34	629.67	823.19	686.618	630.272	820.781	737.87	701.42	901.98	186.32	197.46	173.84	24.5919	28.5866	23.7634	1.9932	8.6443	1.8506	53.6829	44.4196	65.9188	56.4095	74.7172	63.1034	12.3395	13.4672	10.7222	140.5286	143.5187	139.4593	2.7697	2.6386	2.7518	0.5504	0.6138	0.544	0.8811	0.8945	0.8704	0.2843	0.2833	0.2606	0.5847	0.4186	0.7066	2.0012	1.9978	1.9906	10.34	9.66	10.37	873.0585	949.9825	703.8456	33.5586	26.9623	56.2836	56.181	35.527	34.358	0.184	0.1072	0.0945	1.0928	1.2104	1.1826	449.0	435.0	439.0
HG02717	HG02715	HG02716	GWD	673.34	625.9	692.81	661.892	619.837	681.216	820.26	745.99	809.17	113.03	151.96	159.87	26.8347	20.6494	25.9564	10.3438	10.6558	1.3099	64.4952	56.5862	52.193	74.2296	77.9499	60.958	10.96	11.1668	11.2979	152.0043	150.6253	147.011	3.9088	2.9818	3.7234	0.6464	0.5889	0.8349	0.8314	0.8056	0.8761	0.2479	0.2473	0.2413	0.3147	0.2506	0.3836	1.994	1.9879	1.9995	10.11	10.08	10.05	904.5167	935.4952	949.1269	41.2626	13.0556	22.3281	39.835	39.969	37.608	0.0758	0.0808	0.0854	1.3209	1.2865	1.2238	446.0	419.0	409.0
HG02723	HG02721	HG02722	GWD	540.25	431.47	563.36	524.455	427.92	556.76	654.68	478.63	617.44	234.05	196.56	195.49	23.4396	20.8997	27.767	1.1466	10.5849	0.9253	55.9116	60.5369	56.3812	59.4852	81.2684	59.6581	9.2296	11.3545	10.4413	151.3834	149.3402	148.6642	3.6268	3.1394	3.5913	0.7311	0.5175	0.7091	0.7373	0.7303	0.7267	0.258	0.242	0.2492	0.6321	0.4178	0.4145	1.9978	1.9941	1.9923	9.96	9.82	9.96	789.613	834.579	1049.4842	37.1928	77.0593	33.88	39.516	36.762	36.311	0.0744	0.1038	0.1142	1.306	1.1805	1.1947	443.0	426.0	429.0
HG02726	HG02724	HG02725	PJL	400.46	519.44	490.0	399.913	514.671	479.826	464.16	575.37	564.45	171.88	134.58	149.92	22.1228	20.5419	21.768	1.5232	12.3008	1.673	33.6538	44.5951	33.1226	62.8755	82.4761	57.2696	10.2303	11.8301	8.8126	161.1213	156.6218	155.3535	3.5314	3.545	3.7656	0.8568	0.6249	0.8537	0.8615	0.9657	0.823	0.2277	0.2437	0.2398	0.3753	0.3298	0.3087	1.9942	1.9953	1.9907	10.05	10.04	10.01	801.3439	1100.8212	883.7419	54.1489	36.1498	107.1452	35.971	37.904	39.2	0.0585	0.1018	0.0834	1.2697	1.1787	1.2514	441.0	427.0	426.0
HG02729	HG02727	HG02728	PJL	430.89	397.27	361.75	425.664	393.046	360.003	513.09	482.57	428.13	212.85	193.27	114.74	17.7615	22.1131	19.8777	11.3913	11.7409	1.1481	50.8901	47.0126	48.8018	73.6487	69.863	58.0354	11.4884	10.0043	10.7164	150.901	151.0527	154.665	3.147	3.0095	2.8862	0.5809	0.5701	0.5353	0.9001	0.8728	0.9603	0.2596	0.2436	0.2596	0.5245	0.4279	0.557	2.0037	1.9908	1.9913	9.97	10.2	10.01	1016.3988	878.414	882.0935	64.9204	99.1253	83.6072	38.228	38.305	43.902	0.0735	0.1229	0.0838	1.2822	1.2653	1.2391	435.0	417.0	423.0
HG02735	HG02733	HG02734	PJL	708.36	502.47	608.85	696.197	493.643	605.828	759.16	582.72	661.82	206.03	213.47	169.98	16.0792	17.5507	15.1205	11.1931	11.875	0.7617	46.2347	40.8766	44.8847	62.7881	65.8992	48.9662	12.2229	12.0504	11.7546	154.1009	158.7557	145.4541	3.2418	2.3092	3.7762	0.7996	0.606	0.7249	0.8051	0.8514	0.7706	0.2532	0.2445	0.2419	0.5162	0.4282	0.8016	2.0022	1.9989	2.0068	10.02	8.94	10.02	984.3212	672.4658	895.547	42.0315	88.0944	120.4142	40.339	36.223	34.986	0.1806	0.0771	0.1123	1.1229	1.2677	1.1938	463.0	425.0	434.0
HG02738	HG02736	HG02737	PJL	634.4	546.03	577.88	624.405	543.397	566.021	670.22	601.76	692.43	132.87	136.61	160.94	22.6697	17.8505	23.9194	11.9408	12.261	1.2809	33.1623	48.9096	51.6016	67.931	77.5291	57.9157	9.9197	15.6719	11.8767	148.9373	157.2713	146.9716	2.4045	2.8945	1.9443	0.6351	0.4299	0.7238	0.9762	0.8945	0.8783	0.2595	0.2366	0.2466	0.7383	0.6025	0.4988	2.0012	1.9988	1.9933	9.9	9.96	9.97	866.4734	985.1852	735.7106	57.0426	92.5213	94.1687	46.514	37.115	37.171	0.1831	0.1139	0.0788	1.0688	1.1439	1.2725	443.0	436.0	423.0
HG02761	HG02759	HG02760	GWD	608.63	471.19	658.09	597.679	464.994	651.318	740.16	556.89	700.8	193.84	168.75	187.31	22.9186	24.1362	23.6606	2.0285	14.6163	2.2164	67.1598	49.9444	66.1212	65.7938	80.9285	69.0434	11.6262	11.2533	11.3999	137.8757	126.5989	140.5002	2.9126	2.4232	2.9763	0.853	0.7015	0.8319	0.792	0.782	0.8475	0.2643	0.2808	0.228	0.5834	0.3155	0.2343	1.9996	1.987	2.0019	9.97	8.88	10.11	898.5957	843.5186	758.1371	76.3545	71.4342	26.1795	40.133	38.337	33.464	0.0654	0.0877	0.0973	1.3491	1.2764	1.1261	446.0	419.0	430.0
HG02764	HG02762	HG02763	GWD	307.32	646.55	439.81	308.094	648.596	428.976	367.24	783.14	514.06	183.75	144.19	210.13	14.2698	16.9468	23.4238	10.8142	11.3172	0.9146	41.5318	36.1956	49.8918	73.5179	78.5146	60.9998	10.6087	10.0903	11.995	134.9969	142.4709	136.2013	4.1832	3.8197	2.8051	0.6705	0.7582	0.5789	0.7912	0.8426	0.8196	0.2387	0.2547	0.246	0.3466	0.2155	0.352	1.9937	2.009	1.9989	10.08	10.19	9.97	728.048	687.5689	663.7267	19.6972	32.8241	76.7139	39.348	39.433	41.884	0.0766	0.0666	0.0729	1.3077	1.3273	1.2403	446.0	448.0	421.0
HG02770	HG02768	HG02769	GWD	653.25	561.79	529.04	643.213	558.679	521.88	736.53	674.61	628.09	173.65	173.89	151.66	21.9649	24.1884	24.4915	1.34	10.8341	1.4634	57.9648	40.0749	63.0408	45.5547	67.9029	51.8111	11.1406	11.8488	11.197	153.1556	144.8613	149.4104	2.4171	2.8578	2.6535	0.4337	0.5298	0.6448	0.8241	0.8931	0.7649	0.2409	0.2423	0.2413	0.3816	0.3277	0.7734	2.0067	1.9824	1.9935	9.91	10.03	9.8	533.7131	1024.3172	979.9023	33.3235	23.339	83.484	38.095	40.036	39.969	0.0726	0.0746	0.0776	1.2205	1.2754	1.2757	446.0	405.0	425.0
HG02773	HG02771	HG02772	GWD	527.03	570.73	536.07	513.831	562.794	528.214	622.99	678.41	638.6	262.86	236.93	151.54	19.6871	25.7481	21.3488	23.9752	9.4967	14.6806	55.9808	53.5965	53.8456	87.6897	69.2089	74.84	11.2059	11.0269	11.5911	140.3349	135.6305	147.1676	3.1364	3.5705	2.5289	0.513	0.406	0.6043	0.803	0.8726	0.7789	0.2487	0.2318	0.2592	0.4068	0.5532	0.3617	1.998	1.9908	1.9966	9.02	10.19	8.99	1078.8528	1388.4296	936.6665	54.5096	35.5052	82.8686	39.511	37.041	38.068	0.0772	0.0915	0.0848	1.2925	1.2475	1.2866	442.0	412.0	420.0
HG02776	HG02774	HG02775	PJL	492.02	533.75	431.8	487.173	520.304	431.359	548.69	636.31	470.56	172.54	170.66	173.37	20.9236	18.8211	18.0214	1.6467	11.7498	1.54	46.1753	44.5443	52.4444	51.372	74.3661	52.3946	12.3567	10.9308	10.8185	161.7583	159.6898	160.0123	2.7251	2.9743	3.1491	0.551	0.6067	0.5678	0.835	0.7904	0.8572	0.2628	0.2586	0.2184	0.4867	0.4173	0.4834	2.0035	1.9883	2.006	9.89	9.97	10.04	1055.9002	1035.1663	967.8324	260.0592	130.2428	43.9343	33.525	34.014	34.497	0.1604	0.0751	0.0877	1.1545	1.2754	1.1564	459.0	426.0	438.0
HG02785	HG02783	HG02784	PJL	517.01	562.35	386.09	503.103	557.096	377.459	604.43	648.12	458.39	145.33	167.92	96.82	23.555	19.4578	21.0657	1.2672	11.0478	1.4218	48.6653	48.05	42.2745	63.636	77.3115	52.5013	10.9015	11.3618	10.4157	161.646	150.6359	164.9429	3.522	3.4027	2.8854	0.6794	0.6246	0.6445	0.8079	0.9584	0.7912	0.2386	0.2293	0.2414	0.6368	0.3886	0.5367	1.9985	1.9972	1.9989	10.05	10.06	9.97	874.5763	769.0597	998.0253	137.7368	76.9199	99.7499	39.191	37.24	36.933	0.1027	0.0805	0.0969	1.2359	1.2441	1.2474	444.0	439.0	423.0
HG02788	HG02786	HG02787	PJL	541.62	408.82	595.25	534.672	400.336	588.372	635.95	481.35	709.67	230.52	154.12	205.99	28.4964	23.6647	27.6176	1.3882	12.7397	1.1715	58.5626	46.521	48.0374	52.5583	69.2106	55.5013	12.1671	10.5103	12.7679	151.5377	149.0067	150.7557	4.675	4.1773	3.5581	0.5476	0.6919	0.6964	0.7946	0.8708	0.8117	0.2535	0.2445	0.2484	0.7913	0.3424	0.5524	2.0028	2.0003	1.9854	9.96	9.87	10.2	1122.8096	746.0545	964.6905	85.1817	67.3919	31.1258	37.781	39.254	40.672	0.0981	0.0723	0.079	1.2311	1.2697	1.2527	436.0	427.0	429.0
HG02791	HG02789	HG02790	PJL	474.33	604.04	406.86	469.761	591.275	401.525	562.24	720.97	483.42	189.18	209.38	215.78	20.134	19.3686	21.3787	11.8322	10.7293	1.7152	54.2874	46.672	52.4064	61.5583	56.797	54.1636	11.5398	9.9965	11.1879	142.3225	149.1323	145.8528	3.7361	2.5887	3.8262	0.679	0.6578	0.6312	0.8017	0.7638	0.8671	0.2416	0.2251	0.2415	0.4504	0.4288	0.4185	1.9972	1.9925	1.9998	10.2	9.92	10.07	1018.4755	973.2377	812.4511	42.71	33.5181	57.1892	39.173	32.385	34.829	0.074	0.0773	0.0769	1.3072	1.2829	1.2536	444.0	426.0	415.0
HG02794	HG02792	HG02793	PJL	423.19	534.41	422.11	414.134	533.099	424.229	517.32	621.96	454.01	111.07	82.99	154.17	22.2284	21.8611	23.1325	12.795	13.2677	1.7352	40.3332	34.119	39.9769	61.1926	73.1184	42.9318	12.8015	12.7766	11.6714	151.0166	160.2937	160.9409	3.5134	3.5848	4.173	0.4841	0.7257	0.6067	0.8962	0.9265	0.9221	0.2556	0.2587	0.2474	0.3169	0.1504	0.1595	2.001	2.004	2.0135	10.09	10.09	10.03	955.1482	1274.7344	517.2984	126.0622	412.5457	22.9825	39.795	34.473	37.13	0.0715	0.101	0.1131	1.3246	1.285	1.2168	442.0	446.0	410.0
HG02800	HG02798	HG02799	GWD	579.23	660.57	560.4	571.816	653.724	557.801	702.2	796.96	622.4	237.39	168.0	302.26	20.516	21.1676	21.0736	16.6408	17.4353	0.7928	49.452	51.7103	48.0082	90.1027	77.9071	58.4552	10.2965	10.0011	10.2898	141.1768	142.7626	146.1634	3.8538	3.6571	2.8507	0.5943	0.7278	0.6087	0.7447	0.7686	0.7877	0.2381	0.2257	0.2372	0.3318	0.4525	0.237	1.9923	1.9933	2.0023	10.09	9.98	10.18	1022.7036	851.1185	744.2148	37.8782	123.7343	25.7623	40.788	40.221	35.283	0.0729	0.0797	0.0679	1.3381	1.2723	1.157	445.0	419.0	433.0
HG02806	HG02804	HG02805	GWD	529.75	435.38	615.95	521.416	425.92	600.006	647.19	525.57	664.5	209.27	156.26	175.88	23.5712	25.9252	23.5224	0.9538	3.3444	1.3114	60.0348	53.8039	58.8809	66.1401	62.9951	57.7101	12.1504	9.376	12.5054	141.4302	143.4215	134.8894	2.4498	2.9915	2.6026	0.5411	0.5546	0.6072	0.724	0.7725	0.7491	0.2643	0.2629	0.2425	0.6168	0.4245	0.3958	1.999	1.9969	2.0064	10.2	9.97	9.97	1164.6595	925.8394	1044.5507	203.1207	191.0094	86.1533	38.627	38.709	35.468	0.064	0.0943	0.0649	1.286	1.2637	1.1339	443.0	415.0	436.0
HG02809	HG02807	HG02808	GWD	683.95	548.39	730.51	670.192	548.574	724.163	813.99	613.89	870.0	192.42	208.18	144.61	20.6462	29.1675	24.1438	1.0889	8.7138	1.8322	42.1344	44.9147	38.4933	56.9775	61.6112	58.3829	10.3726	9.6986	10.2216	142.9746	149.7953	144.3912	2.5146	2.7879	2.3598	0.6717	0.6608	0.7034	0.8151	0.7839	0.8441	0.2332	0.2177	0.2535	0.7112	0.2657	0.4405	1.9835	1.9999	1.9722	9.99	9.94	10.41	858.4355	703.7631	938.1217	46.0092	27.3161	33.5164	38.203	45.857	36.232	0.079	0.0675	0.0882	1.2804	1.1932	1.2655	439.0	433.0	424.0
HG02812	HG02810	HG02811	GWD	397.36	421.93	425.58	394.415	413.339	420.474	468.67	514.01	506.06	186.67	239.86	124.6	18.4447	22.02	19.608	15.7641	15.123	2.0452	42.8781	42.8436	42.1868	73.6059	76.5298	52.831	11.67	9.9076	11.2082	145.883	145.8999	146.278	3.541	3.1072	3.0831	0.6212	0.5572	0.5001	0.809	0.8228	0.8587	0.274	0.2621	0.252	0.566	0.3421	0.8598	2.0014	1.9868	1.9955	9.85	10.07	10.19	981.3624	939.8088	973.8108	108.2328	201.5699	182.5097	39.39	36.014	36.947	0.0783	0.0845	0.0747	1.2782	1.2916	1.2613	448.0	425.0	418.0
HG02815	HG02813	HG02814	GWD	504.58	614.4	515.83	498.148	612.792	512.31	616.67	730.37	557.98	138.43	135.53	140.45	21.6838	24.6848	18.5658	10.5778	10.3929	1.2092	72.5688	65.1923	53.0599	76.3842	74.9833	61.6292	9.5232	11.1157	9.7769	145.5508	153.4807	139.8392	3.2422	3.4533	3.0656	0.7245	0.7649	0.7345	0.762	0.8555	0.8176	0.2503	0.2477	0.2657	0.6441	0.4329	0.7031	1.9789	1.9936	1.9926	9.99	10.19	9.94	1105.8553	1133.2389	1336.3182	30.5661	32.27	109.3781	39.257	33.829	43.598	0.0689	0.0756	0.1045	1.3568	1.3189	1.1802	440.0	420.0	434.0
HG02818	HG02816	HG02817	GWD	622.42	516.88	482.44	612.629	509.283	478.944	729.74	609.94	521.68	258.08	240.05	286.18	27.6683	20.0168	28.3006	1.993	10.247	1.855	40.5661	41.1045	52.7211	56.555	75.3311	52.2058	10.3151	11.2303	9.2539	155.5617	142.117	152.9468	3.0137	2.3121	3.1413	0.5927	0.5582	0.5834	0.8192	0.8126	0.847	0.2309	0.2382	0.2101	0.5466	0.5886	0.3621	1.9944	2.0016	1.9964	9.2	9.36	10.17	854.8557	810.2152	1025.7359	40.5631	26.3339	122.5321	38.425	39.131	35.551	0.0702	0.0775	0.0849	1.2872	1.2412	1.149	450.0	423.0	429.0
HG02821	HG02819	HG02820	GWD	512.11	520.57	475.99	503.22	511.016	468.137	628.57	611.43	579.42	180.36	243.48	298.07	27.3252	26.9337	23.0423	10.4032	10.1824	1.3037	72.7822	73.6667	60.3714	79.4766	74.1418	55.7275	10.838	9.3849	12.3724	149.289	142.1549	146.7597	3.4016	3.35	3.2751	0.6451	0.5479	0.5346	0.8003	0.833	0.8026	0.2541	0.2561	0.2521	0.5386	0.8464	0.5098	1.9938	2.0049	2.0008	10.07	10.01	9.86	964.5412	808.8957	802.0628	58.5991	219.8549	102.1657	36.958	37.942	35.545	0.0718	0.0764	0.0776	1.3297	1.2629	1.284	441.0	428.0	419.0
HG02838	HG02836	HG02837	GWD	658.75	579.0	448.45	655.708	576.262	441.55	779.77	667.91	537.01	222.59	205.89	213.63	18.4478	24.4117	19.6072	4.3958	4.3622	1.2014	36.9314	38.1056	44.7075	77.932	60.5384	77.4703	11.5087	12.9459	11.5995	136.0273	138.3782	147.2904	2.9568	2.6192	2.9463	0.646	0.554	0.7806	0.7862	0.8122	0.8921	0.258	0.2608	0.2608	0.4661	0.4801	0.5751	1.9902	1.9955	1.9999	9.86	9.95	10.0	1011.049	898.0797	1023.5819	81.5852	65.4875	91.6752	39.094	36.675	35.43	0.0724	0.0702	0.078	1.3123	1.2269	1.2817	448.0	422.0	432.0
HG02841	HG02839	HG02840	GWD	540.36	606.4	641.89	529.59	598.897	636.599	643.36	715.86	721.76	176.3	116.69	237.79	22.0141	21.2829	23.7296	1.0263	6.4785	0.9576	54.2676	52.4079	53.2344	62.4178	69.0841	55.2992	11.7845	13.0086	11.8184	144.868	142.9964	143.9122	3.3602	3.4306	3.6253	0.4486	0.5602	0.4436	0.8484	0.8461	0.8211	0.2584	0.2571	0.251	0.4649	0.6717	0.2022	1.9949	1.9845	2.0014	10.26	10.18	10.09	987.234	1109.8094	732.7459	17.7382	21.8135	21.0058	38.24	37.736	33.884	0.0791	0.0829	0.058	1.2708	1.2682	1.1786	444.0	424.0	432.0
HG02853	HG02851	HG02852	GWD	606.41	614.21	552.6	596.72	600.957	542.261	718.08	717.13	648.98	175.62	204.36	187.99	30.3218	27.295	28.3988	10.4105	10.504	1.3013	45.7715	52.6243	52.2252	76.9047	78.257	63.8958	11.2262	14.1365	10.7326	156.9995	163.9779	146.3137	3.705	2.5606	4.1363	0.6427	0.6618	0.6585	0.8791	0.9224	0.8775	0.2515	0.2566	0.2556	0.3817	0.1761	0.4159	1.9814	1.9929	2.0024	9.9	10.0	10.12	980.8671	993.7216	940.1971	76.562	50.9449	232.7519	34.127	33.525	34.351	0.0904	0.0968	0.0774	1.2669	1.2387	1.2339	442.0	422.0	427.0
HG02856	HG02854	HG02855	GWD	736.08	451.27	626.38	721.12	445.892	614.475	871.43	509.04	754.93	187.04	164.76	131.26	19.3179	21.9578	21.9122	9.4566	9.4061	1.2539	47.576	48.4718	51.9286	75.0067	74.4367	68.6479	11.7862	12.359	13.2559	151.1852	150.1048	151.2249	3.2036	2.8313	3.7281	0.5936	0.5576	0.5984	0.8836	0.8883	0.8896	0.2544	0.2541	0.2343	0.6087	0.4417	0.4399	1.9935	1.9955	1.9869	10.25	10.01	9.94	1160.9683	886.9888	1004.767	114.3319	59.066	118.8749	37.253	39.678	41.459	0.0908	0.1092	0.0872	1.2591	1.1966	1.2614	440.0	431.0	416.0
HG02862	HG02860	HG02861	GWD	512.8	556.23	524.01	501.588	551.244	511.938	604.69	627.82	624.11	201.74	123.72	182.08	29.6077	25.5185	22.3895	1.919	9.7463	1.2669	48.7524	45.6992	39.4981	46.8757	73.7563	47.7299	10.3177	11.4936	11.4606	145.681	133.5773	148.6809	2.4307	3.0947	2.6717	0.7318	0.5914	0.6493	0.8671	0.8353	0.8657	0.2393	0.2238	0.2471	0.5158	0.3208	0.5981	1.9973	2.0051	1.9912	10.25	9.92	9.98	843.1348	947.6711	887.7777	17.1234	12.3958	30.6795	35.727	38.772	37.017	0.091	0.1223	0.0862	1.2745	1.2174	1.2902	442.0	437.0	426.0
HG02871	HG02869	HG02870	GWD	510.51	479.71	451.49	503.745	474.393	437.501	589.32	570.1	509.94	287.49	226.97	205.32	20.5944	16.6878	24.6042	1.4231	21.5806	1.5005	58.1682	55.2074	57.4931	58.7389	94.0759	67.8588	10.8575	10.8276	11.963	146.1827	136.3953	160.6832	2.2558	2.7235	2.2912	0.7241	0.5993	0.7758	0.7935	0.7665	0.8111	0.2573	0.2465	0.2523	0.8756	0.4166	0.4968	2.0022	1.995	1.9936	9.98	9.05	10.06	1120.7156	827.4472	1069.8065	126.9611	30.2772	19.5338	36.824	39.058	37.793	0.0884	0.071	0.0862	1.2269	1.3003	1.1621	448.0	451.0	404.0
HG02880	HG02878	HG02879	GWD	534.58	462.26	438.94	524.164	456.312	430.128	639.67	552.65	524.34	172.0	165.87	166.21	17.4712	24.3929	23.3241	0.9876	5.7836	1.4288	56.6933	45.67	63.7164	55.1053	66.5007	51.3752	10.2589	9.091	10.7127	150.6209	143.9552	149.7804	2.6565	3.1066	2.5541	0.6375	0.7482	0.6619	0.7376	0.792	0.75	0.2373	0.2425	0.2453	0.3245	0.528	0.4296	2.0011	2.0019	1.9975	9.85	10.03	9.86	994.4225	849.6453	1051.391	106.6938	36.0999	42.3992	39.103	37.032	36.672	0.07	0.0853	0.0958	1.3196	1.2801	1.2721	447.0	415.0	423.0
HG02883	HG02881	HG02882	GWD	621.76	399.77	463.42	609.929	396.811	457.881	725.67	452.57	536.89	198.39	159.69	154.39	26.1386	26.2675	21.3875	11.9134	10.114	2.264	49.8455	46.1488	47.2357	78.2091	68.3018	63.7587	10.9611	9.913	11.2721	154.642	145.0472	149.2477	2.3894	2.2261	3.4334	0.8271	0.5629	0.821	0.7972	0.7742	0.8421	0.2666	0.2481	0.2711	0.7168	0.548	0.6737	1.9931	1.9992	1.9869	9.92	9.81	9.98	1026.4291	966.4662	1058.6067	59.2663	59.7014	57.0676	39.552	36.457	37.782	0.0825	0.0866	0.1042	1.2605	1.1708	1.238	455.0	430.0	426.0
HG02886	HG02884	HG02885	GWD	765.51	613.01	693.06	745.05	600.997	673.073	912.37	692.73	817.93	189.74	176.87	141.74	22.2043	19.9046	17.3943	1.6236	10.4718	1.7651	51.9066	45.628	49.4076	62.8939	76.969	64.8367	11.3948	10.3663	11.7857	140.4672	133.8168	136.5215	3.304	3.3329	3.5867	0.7747	0.7185	0.4821	0.8017	0.8317	0.8204	0.2726	0.2315	0.2801	0.7557	0.5324	0.2925	1.9971	1.9964	1.9982	10.08	10.16	10.02	1107.9838	962.9209	1053.827	47.3196	117.1876	52.6131	41.522	35.339	47.599	0.0899	0.0989	0.0927	1.2602	1.2157	1.265	436.0	444.0	434.0
HG02889	HG02887	HG02888	GWD	479.84	380.2	507.0	473.734	376.773	504.96	563.54	433.87	548.73	290.15	271.2	161.97	19.9646	22.5191	33.1845	0.9928	11.4698	1.0442	44.1363	39.2955	46.1875	60.0204	92.0814	63.7156	11.1921	10.7664	10.2742	148.951	145.5574	139.8793	2.9042	2.8529	3.3518	0.662	0.637	0.5725	0.7729	0.7986	0.766	0.2422	0.2142	0.2388	0.4364	0.274	0.5525	1.9908	1.9986	1.9904	9.88	9.85	9.95	987.7212	997.951	951.7198	63.9732	214.9846	132.6409	39.041	34.882	34.561	0.0761	0.0694	0.1227	1.2999	1.2043	1.1537	451.0	434.0	436.0
HG02892	HG02890	HG02891	GWD	440.4	343.39	563.38	423.859	337.774	557.057	531.06	391.32	611.87	274.31	223.96	255.87	30.3985	25.0541	40.2453	16.6558	16.6709	1.9649	74.4186	93.4146	54.1008	89.39	82.7296	59.0078	10.4055	10.2704	10.0398	146.6748	144.309	147.7745	2.9936	3.0603	2.6778	0.7698	0.7072	0.5797	0.8356	0.858	0.7759	0.2354	0.239	0.2201	0.9368	0.7189	0.6589	1.9912	1.9897	1.9995	10.13	10.18	10.08	1073.4494	1006.1352	1114.9241	17.9374	50.9809	32.7846	39.102	34.633	38.01	0.075	0.0928	0.1298	1.3946	1.2384	1.169	440.0	406.0	433.0
HG02897	HG02895	HG02896	GWD	614.75	419.75	463.29	603.176	418.542	456.475	730.24	478.83	556.36	183.28	173.59	182.98	16.1714	18.8031	19.3256	0.991	19.7195	1.4153	42.8038	44.9302	45.0478	76.3491	102.9545	58.6257	11.7222	10.4313	10.4402	144.1523	152.2495	143.3549	3.1284	2.7267	3.0884	0.4155	0.4518	0.5337	0.8555	0.7938	0.8135	0.2411	0.2167	0.2284	0.7669	0.5015	0.805	1.9977	2.0022	1.9933	10.02	8.97	9.95	986.8841	632.7518	1104.5686	17.946	41.7483	21.3113	36.225	41.257	37.048	0.0882	0.0711	0.092	1.3083	1.1924	1.2721	444.0	422.0	424.0
HG02924	HG02923	HG02922	ESN	714.8	631.39	586.76	704.483	624.522	587.85	855.06	733.93	648.99	202.23	215.68	143.47	23.9921	21.0244	23.8273	11.1885	10.9495	1.0432	35.5896	36.0588	45.3535	71.7911	69.1104	61.2046	9.9211	11.0765	11.2749	154.5608	149.4241	145.3154	3.4957	3.9758	2.6217	0.7097	0.5906	0.543	0.7757	0.8402	0.8089	0.2492	0.2566	0.2488	0.6203	0.5372	0.5314	2.0045	1.9979	1.9926	9.73	9.97	10.03	883.4178	768.2181	557.3156	26.6021	74.404	19.6334	37.622	36.452	35.604	0.0702	0.0786	0.1019	1.2852	1.2577	1.2254	444.0	428.0	430.0
HG02945	HG02944	HG02943	ESN	764.61	688.3	472.03	754.364	678.969	477.713	928.38	768.24	506.03	161.22	90.18	174.07	21.5443	23.2634	23.038	0.9605	10.2993	1.4703	44.0762	40.1764	50.8961	59.6748	63.6244	59.4664	11.4075	11.9824	10.6483	144.8411	144.6044	142.6846	3.4296	2.8633	3.0753	0.6295	0.5399	0.7996	0.7895	0.7559	0.8398	0.2652	0.254	0.2465	0.4602	0.2601	0.3042	1.9922	2.0108	1.982	9.74	10.85	9.92	833.86	746.9441	844.9984	53.4706	84.1267	24.2951	38.191	41.56	36.242	0.0681	0.1037	0.0853	1.3441	1.2111	1.1398	448.0	429.0	433.0
HG02948	HG02947	HG02946	ESN	585.56	562.95	553.15	572.749	552.631	541.32	704.16	677.1	629.28	220.0	209.22	212.47	27.4397	22.7273	25.2225	12.4095	11.7627	1.5876	46.6363	42.2637	52.0273	63.8986	72.4286	50.644	11.1456	10.3601	12.8775	134.2396	138.5105	144.5667	3.4772	3.2579	3.1323	0.5205	0.5064	0.6752	0.8077	0.8039	0.8195	0.2515	0.2375	0.2473	0.3756	0.3977	0.9409	1.9975	1.9931	2.0028	9.96	10.44	9.79	1023.4343	799.1105	1141.2402	24.3609	42.7969	11.5935	39.167	35.675	36.633	0.0683	0.0754	0.0844	1.2969	1.2969	1.2737	445.0	443.0	439.0
HG02954	HG02953	HG02952	ESN	570.32	583.46	422.94	565.181	590.048	439.569	674.91	683.51	475.86	146.72	147.04	169.88	28.9848	26.3416	21.3677	8.7767	8.7364	1.3258	52.4494	53.5311	39.7934	86.6773	72.1342	63.5332	11.6301	10.6209	10.0907	154.0318	152.9829	152.0083	3.1614	2.7309	3.4221	0.5861	0.555	0.7481	0.8927	0.8975	0.7934	0.2417	0.2512	0.2117	0.2501	0.2228	0.6246	1.9963	2.0081	1.9963	10.2	10.09	9.97	1037.9583	1082.446	927.7192	334.4063	150.5694	71.8255	36.39	33.545	36.103	0.0789	0.0563	0.0996	1.2941	1.2479	1.288	450.0	419.0	424.0
HG02966	HG02965	HG02964	ESN	444.39	446.16	588.56	446.069	442.959	576.295	485.08	520.2	678.14	207.78	174.6	230.45	22.236	18.5216	22.5234	0.9494	10.8829	1.0504	36.5204	44.7419	48.0872	58.9255	80.3751	49.4712	9.94	11.2805	9.5993	143.04	144.2751	142.6155	3.3486	2.8875	3.1439	0.8049	0.664	0.7131	0.7966	0.7731	0.8485	0.213	0.2171	0.2318	0.4798	0.6612	0.3233	1.9961	1.9938	1.9871	9.8	9.96	10.08	1022.1445	787.4222	982.8001	16.6615	44.4841	53.5957	36.721	38.509	34.998	0.0692	0.08	0.069	1.1831	1.2734	1.2201	439.0	440.0	438.0
HG02972	HG02971	HG02970	ESN	409.84	372.4	509.84	399.831	365.398	504.823	483.73	423.85	583.17	205.41	173.08	208.41	21.6529	20.2183	20.6569	11.6913	11.6266	1.2012	37.9993	46.606	34.5004	72.5042	67.8381	59.0845	11.7484	12.4464	11.6768	146.8935	145.8896	145.7511	3.0744	3.354	3.1977	0.5577	0.5444	0.6929	0.8266	0.818	0.8319	0.2632	0.2354	0.2392	0.5408	0.2177	0.1919	2.0024	2.0003	1.9932	10.76	10.89	9.94	861.0108	995.6753	811.0686	100.9425	62.6142	20.4694	39.013	37.028	33.857	0.0666	0.103	0.0965	1.283	1.2685	1.2248	447.0	439.0	443.0
HG02975	HG02973	HG02974	ESN	389.57	529.61	398.53	387.828	526.962	392.34	463.12	628.62	407.97	222.65	151.06	315.87	19.3773	22.2517	21.9267	11.5994	11.4523	1.5328	52.3548	54.3175	50.5636	78.7598	80.7956	55.0748	12.6338	11.6544	12.5815	150.9333	149.261	152.2781	3.7558	3.3287	3.2945	0.7621	0.8692	0.6409	0.8397	0.8208	0.8022	0.2524	0.2581	0.2159	0.4085	0.4431	0.3728	1.9817	1.9886	1.9968	10.08	10.0	10.02	718.5964	885.0007	677.2308	25.0312	34.4823	25.4582	38.747	35.171	34.821	0.0705	0.1027	0.0868	1.3048	1.2831	1.1114	456.0	441.0	442.0
HG02978	HG02977	HG02976	ESN	571.4	442.66	628.73	563.119	437.936	618.192	665.23	500.45	756.96	261.48	172.72	204.7	20.0621	22.7984	16.9799	1.177	11.1661	1.0631	52.6925	44.7537	57.6749	63.1858	85.4221	65.8941	12.6532	12.6708	10.7258	142.3777	151.3203	143.6366	3.3106	2.6101	3.603	0.6337	0.6882	0.582	0.9081	0.9376	0.826	0.2445	0.2496	0.2283	0.4043	0.3	0.3343	1.9868	1.9969	1.9891	10.0	9.91	9.84	779.9908	911.6213	654.0371	39.5139	65.9539	28.1893	41.543	33.85	37.651	0.0883	0.0958	0.0703	1.2171	1.1978	1.3114	443.0	442.0	440.0
HG02980	HG02981	HG02979	ESN	458.07	579.75	605.42	450.947	567.79	603.919	535.17	658.62	690.57	209.46	223.02	203.75	23.377	23.2211	23.6788	11.164	11.2159	0.8121	64.8057	64.6487	59.8735	79.3845	88.5519	60.3846	11.1704	10.516	11.3484	147.7168	146.7223	147.2054	2.612	3.0265	3.0005	0.6979	0.6614	0.7737	0.7475	0.8422	0.7825	0.2464	0.2344	0.2253	0.2822	0.2436	0.4286	2.0087	2.0029	1.9884	9.88	9.92	10.03	889.3209	723.0533	1028.2295	41.1139	23.0914	38.419	39.016	36.29	38.448	0.0742	0.1154	0.1048	1.2828	1.2319	1.2759	452.0	435.0	444.0
HG02984	HG02982	HG02983	GWD	506.13	476.98	563.78	494.546	466.17	551.388	613.01	538.92	649.3	199.89	275.6	97.11	19.875	19.8092	18.3199	10.6106	10.1962	1.7659	56.2486	46.2774	54.3341	86.4164	77.9396	67.1806	11.2952	9.5562	11.1809	140.0857	144.1619	143.0859	2.5052	2.7257	2.6939	0.4762	0.6015	0.6462	0.8191	0.8414	0.8479	0.2649	0.2296	0.2396	1.1042	0.6717	0.4966	1.9997	1.9964	2.003	10.11	9.84	9.84	895.41	1024.7481	1090.1414	41.2044	28.816	90.1613	40.85	34.681	36.751	0.0759	0.093	0.0772	1.3157	1.228	1.2497	445.0	429.0	442.0
HG03008	HG03006	HG03007	BEB	569.6	415.29	503.59	558.368	409.811	494.889	663.59	488.44	572.08	117.96	188.52	142.14	17.681	21.417	15.3749	12.2433	11.9426	2.123	52.8974	49.7196	54.2131	89.1425	82.466	63.6729	11.814	11.5086	9.8466	145.4766	146.7265	164.2365	3.0323	3.0582	2.3895	0.6396	0.5599	0.5999	0.8433	0.87	0.8423	0.2422	0.2432	0.2343	0.3874	0.4136	0.3922	2.0061	1.9901	1.9908	9.98	9.94	10.01	1225.8284	1028.934	1112.2231	99.5561	72.7907	24.8154	37.402	43.5	34.166	0.0894	0.079	0.0583	1.2323	1.236	1.2292	435.0	413.0	433.0
HG03017	HG03015	HG03016	PJL	586.96	539.35	448.56	582.817	529.815	444.673	709.64	594.73	499.44	159.7	141.79	152.57	23.0608	23.0451	25.473	12.2234	12.08	1.2665	49.9571	62.3922	49.8795	74.7008	84.6349	62.9906	11.2462	9.8042	11.0859	149.1164	149.4018	153.2418	2.7301	2.5403	3.2733	0.7346	0.6407	0.6168	0.8993	0.8823	0.9456	0.2624	0.2551	0.2478	0.2609	0.4093	0.3149	1.9947	1.9948	2.0014	10.06	10.12	9.89	1100.3359	806.0461	1015.1439	29.5275	63.7648	91.3832	39.307	37.506	37.88	0.0708	0.1023	0.0968	1.3411	1.2077	1.1974	442.0	434.0	450.0
HG03026	HG03024	HG03025	GWD	642.35	628.28	711.71	632.316	626.506	697.684	769.19	714.63	840.17	184.7	211.27	172.63	23.2388	24.0208	20.5331	1.0849	16.3179	1.2375	47.4066	57.4111	45.8019	60.6405	77.0148	56.8882	12.1956	12.1269	12.6363	141.7563	147.8735	143.058	2.7568	2.6342	2.5739	0.5315	0.3949	0.6327	0.7656	0.8648	0.7707	0.2355	0.2431	0.2389	0.6424	0.2738	0.4382	1.9987	1.9931	1.9921	9.95	9.98	10.01	909.5887	930.336	1019.43	64.0406	28.7557	121.1671	37.397	34.614	33.483	0.0728	0.0583	0.09	1.3065	1.1949	1.2327	449.0	438.0	435.0
HG03029	HG03027	HG03028	GWD	522.02	501.44	648.33	515.008	489.893	638.527	625.96	598.5	705.71	193.42	208.13	188.02	22.5001	22.0836	18.0982	17.4795	17.1111	1.4501	42.2942	42.8014	56.8708	75.4306	82.651	60.7728	11.1503	11.4234	10.7235	141.5533	138.5789	142.4607	3.2119	3.4798	3.257	0.5688	0.6656	0.56	0.819	0.8007	0.841	0.266	0.2576	0.2723	0.3471	0.4096	0.4804	1.9875	1.997	1.997	10.01	9.97	9.95	923.2646	870.5817	965.0676	23.3285	24.51	54.5832	39.235	34.144	33.081	0.0697	0.073	0.0981	1.321	1.2576	1.1962	446.0	417.0	435.0
HG03035	HG03033	HG03034	GWD	431.76	402.17	713.59	423.915	397.184	701.107	513.3	467.1	838.77	175.77	212.87	197.81	24.9602	24.4049	16.6478	9.9202	10.0655	1.2003	45.4306	50.5062	54.5831	76.407	77.0593	58.5645	10.0765	11.7933	9.7881	140.7548	150.15	151.089	2.5486	2.4937	3.1144	0.7693	0.7487	0.6927	0.7569	0.7851	0.8146	0.2463	0.2537	0.2494	0.3098	0.335	0.3339	1.9825	1.986	1.9955	10.03	10.19	10.07	988.231	1017.1965	1070.9936	17.2982	45.2203	31.2135	33.45	37.41	34.575	0.095	0.0649	0.0944	1.2999	1.246	1.2676	452.0	430.0	442.0
HG03041	HG03039	HG03040	GWD	622.53	565.36	670.05	615.701	564.096	664.058	728.13	597.5	749.61	197.68	224.47	209.31	19.5998	21.3969	22.9365	1.1949	9.3771	1.2973	56.337	46.2993	57.2197	66.1132	78.7416	65.3607	12.1686	11.8534	11.5946	141.9115	145.1517	146.1034	2.9001	3.142	2.8318	0.5603	0.3932	0.6503	0.9163	0.8686	0.8654	0.2482	0.2407	0.2565	0.5391	0.3285	0.5656	1.9942	1.9962	2.0011	9.97	9.92	9.87	772.0769	978.7395	842.7543	65.963	64.7231	62.7134	36.88	34.376	34.58	0.0789	0.0827	0.0947	1.2677	1.1599	1.192	445.0	442.0	437.0
HG03047	HG03045	HG03046	GWD	628.26	709.07	494.89	629.55	695.682	489.26	722.53	863.09	574.73	269.05	191.79	267.37	23.4875	23.0583	31.3201	1.3207	6.3265	1.9005	57.2252	58.089	50.6728	56.0872	76.5814	57.8511	10.7139	11.1938	11.1618	152.886	145.1183	150.2559	3.3421	3.2943	2.6706	0.5589	0.4585	0.6706	0.8026	0.8763	0.7752	0.2405	0.2637	0.2391	0.5411	0.5787	0.5402	2.0046	1.9843	1.9894	10.03	10.03	10.09	1021.9583	1155.3054	1011.7707	57.3883	36.2415	27.5524	35.649	38.503	34.113	0.0626	0.1064	0.1012	1.2394	1.3458	1.2458	446.0	407.0	420.0
HG03050	HG03048	HG03049	GWD	576.19	604.33	496.17	581.523	601.593	488.711	657.72	682.9	581.26	181.83	139.52	212.82	22.083	16.0203	24.3505	11.7906	11.9631	2.1453	55.0999	52.4411	51.7589	83.7083	74.2602	68.4346	10.979	12.5174	10.5353	146.2369	144.9499	154.7486	3.2217	3.1049	2.8518	0.5488	0.578	0.6767	0.805	0.9092	0.8437	0.2376	0.2422	0.2307	0.4135	0.1926	0.5293	1.9919	1.9944	2.0062	10.09	9.98	10.21	921.1185	901.3386	716.9629	88.6309	21.6309	42.5402	36.39	36.026	33.216	0.0674	0.0602	0.0954	1.2359	1.1913	1.2775	440.0	435.0	418.0
HG03056	HG03054	HG03055	MSL	669.87	589.12	686.42	655.545	580.067	670.876	792.6	670.03	779.14	375.5	284.12	282.49	19.9154	16.4444	25.8097	14.9439	12.2004	1.5951	54.5882	48.4208	57.9568	94.4355	76.0844	82.2923	12.1811	12.3214	9.7419	142.0965	141.0858	146.7749	3.015	3.0077	2.9375	0.4937	0.5648	0.4842	0.8201	0.8573	0.7732	0.2704	0.2615	0.2367	0.3888	0.3928	0.5427	1.9931	2.0045	1.9916	10.02	10.04	10.05	796.0416	741.8541	884.1578	26.0038	36.1823	23.3922	32.344	43.266	38.541	0.0945	0.0796	0.1055	1.2932	1.1949	1.2173	444.0	423.0	432.0
HG03065	HG03063	HG03064	MSL	870.51	591.55	525.26	860.079	583.643	528.07	1013.7	668.04	557.25	239.87	225.8	207.36	26.1521	27.603	21.3927	14.0886	13.5166	1.3898	59.32	40.2302	51.7742	82.4938	73.4921	53.3047	12.8369	13.616	12.204	156.6729	153.043	144.612	3.2483	3.8773	3.0149	0.6954	0.6403	0.5877	0.8862	0.9863	0.8519	0.2746	0.2708	0.2405	0.1914	0.3288	0.4049	1.9977	1.9929	2.0051	10.23	10.25	10.12	685.5302	870.5612	777.3834	231.3198	17.7629	24.5409	36.184	36.069	38.612	0.0823	0.0844	0.0932	1.2576	1.2356	1.1155	437.0	429.0	418.0
HG03098	HG03096	HG03097	MSL	485.5	524.71	340.79	480.185	516.032	336.428	569.65	585.72	394.76	176.6	136.66	271.33	26.0854	19.3642	25.5749	10.9625	11.0776	1.7618	56.5502	45.4779	51.8357	103.1665	79.0384	84.3426	10.4588	10.4757	12.0695	152.8566	152.4733	150.7445	3.2581	3.4158	3.1125	0.6604	0.5281	0.6716	0.8529	0.8086	0.8574	0.2414	0.2272	0.2496	0.3579	0.5829	0.224	1.993	1.996	1.9802	10.34	9.99	10.03	896.7481	890.9667	1097.7369	30.1779	15.526	14.4447	37.133	34.778	37.686	0.0763	0.0883	0.0772	1.302	1.1657	1.2613	452.0	424.0	416.0
HG03101	HG03100	HG03099	ESN	584.28	546.88	469.23	578.366	536.727	466.8	707.2	638.27	532.59	142.41	156.74	176.5	22.0563	24.9644	33.7455	11.2426	10.572	1.6965	45.7875	38.2989	39.5886	77.5186	66.6484	64.7851	13.1849	13.228	12.0455	138.2295	134.9698	144.5634	2.6946	3.3821	3.1003	0.7031	0.5094	0.7675	0.8062	0.7854	0.8584	0.2256	0.2501	0.2187	0.5393	0.3898	0.63	1.9894	2.009	2.0056	10.02	9.97	10.15	890.5533	908.3083	768.6132	35.7137	95.2871	16.7585	37.836	38.537	38.508	0.0622	0.1025	0.1048	1.3405	1.274	1.213	447.0	412.0	442.0
HG03110	HG03109	HG03108	ESN	639.17	480.36	617.94	629.689	464.549	601.943	763.12	548.47	677.62	177.01	228.17	116.85	24.9346	26.324	25.1435	1.3491	11.7449	1.2399	44.9661	43.0178	45.3154	68.0681	86.8047	67.869	11.7331	12.1954	10.4272	155.1898	156.4943	146.8469	3.0225	2.7795	3.8679	0.4919	0.5179	0.6053	0.8127	0.8216	0.7905	0.2691	0.265	0.2626	0.5691	0.9989	0.4333	1.9981	1.9863	1.9962	10.05	9.78	10.06	666.7665	777.4584	700.0282	100.6963	75.3247	25.8877	37.113	38.914	45.26	0.0744	0.0839	0.1086	1.2876	1.2198	1.1701	453.0	431.0	446.0
HG03113	HG03112	HG03111	ESN	512.11	547.03	402.41	491.762	538.664	393.13	610.66	638.47	443.34	188.22	202.43	203.29	21.1333	24.9927	21.0296	2.124	9.0347	2.4044	59.9641	53.528	56.0046	58.0479	74.45	57.471	10.9135	10.7685	9.725	141.8231	142.1955	152.2197	3.2484	2.8965	3.8554	0.4487	0.4464	0.4579	0.9059	0.8426	0.9207	0.2478	0.2416	0.2374	0.4001	0.6998	0.2644	1.9946	1.9866	2.0059	10.06	10.07	10.09	820.5458	988.4787	722.9672	34.0105	26.5473	29.1635	34.335	35.881	37.954	0.1008	0.0799	0.0954	1.2942	1.237	1.1741	445.0	435.0	449.0
HG03116	HG03115	HG03114	ESN	510.1	452.65	558.15	502.227	441.966	545.6	617.33	526.95	640.78	242.19	238.0	224.29	17.1142	18.693	14.0199	1.3466	9.4756	1.5133	48.9017	51.9053	46.1022	58.0617	66.5961	60.8126	10.6434	9.1392	13.5795	147.9585	151.6125	148.1324	3.7305	3.4783	2.6945	0.613	0.5915	0.567	0.8248	0.8078	0.8255	0.2597	0.2249	0.2757	0.4925	0.3759	0.4045	1.9976	1.9839	1.9973	9.93	9.89	9.96	953.7304	794.9155	721.4556	19.4278	37.486	15.4018	37.992	32.718	35.413	0.0675	0.0871	0.0802	1.3229	1.2377	1.1974	447.0	434.0	425.0
HG03119	HG03118	HG03117	ESN	658.23	628.21	637.21	647.328	614.155	619.543	779.4	732.0	738.32	235.54	247.28	212.76	19.8793	17.1838	21.8322	1.194	13.2627	1.1315	47.9174	50.822	42.8193	62.7333	91.0399	56.5827	11.3091	11.7585	10.981	144.2239	149.215	141.013	2.8009	2.7081	2.7305	0.5482	0.5319	0.5442	0.8202	0.8443	0.8047	0.2601	0.2315	0.2516	0.3719	0.3967	0.5336	1.9978	2.0072	1.9909	9.98	9.99	9.86	774.0803	1036.7291	665.666	42.1439	35.9168	76.7595	34.117	37.687	42.483	0.0984	0.1183	0.0828	1.2534	1.274	1.2374	450.0	414.0	433.0
HG03122	HG03120	HG03121	ESN	665.68	648.92	498.31	661.666	640.914	488.672	779.51	741.99	562.45	265.74	168.46	308.38	23.3609	18.2105	32.9205	10.5064	10.134	1.0335	47.1282	56.7388	69.3548	69.8676	70.6711	57.4233	12.4026	12.3576	11.2405	145.0822	157.9095	145.8492	3.3532	3.1654	2.6572	0.6459	0.7405	0.5483	0.8419	0.9185	0.7834	0.2492	0.251	0.2154	0.5479	0.6558	0.4486	1.9917	1.999	1.9713	10.11	9.95	10.22	841.804	866.3509	785.1381	14.1688	35.6565	18.4471	36.07	39.274	38.785	0.1153	0.1004	0.1116	1.2457	1.2441	1.2195	449.0	431.0	441.0
HG03125	HG03124	HG03123	ESN	726.57	607.61	512.67	717.336	603.147	507.522	888.36	677.81	591.94	153.25	197.94	212.93	17.9656	19.6325	20.0539	0.9814	11.0919	1.1548	49.0517	42.8895	53.8802	56.8175	81.2402	47.1021	10.5298	10.6066	11.8141	145.0491	142.508	146.5237	3.3928	3.8251	2.8445	0.683	0.6972	0.6006	0.8381	0.7946	0.8092	0.2217	0.2277	0.2215	0.4202	0.3057	0.3197	1.9882	1.9999	1.9933	10.11	9.89	9.97	1017.2379	849.1956	1029.4275	9.6574	11.3481	18.3382	37.463	36.027	37.381	0.0631	0.0765	0.1053	1.3549	1.1952	1.2817	455.0	442.0	442.0
HG03128	HG03127	HG03126	ESN	451.97	527.23	501.21	437.969	519.037	493.755	531.83	577.09	553.03	167.71	162.13	160.93	22.9866	21.857	23.0463	11.1905	11.0065	0.8993	54.0609	54.2318	48.3091	73.7261	69.4999	59.1068	12.5559	11.4097	11.2437	132.1262	134.0519	150.8943	4.2209	4.4617	4.1776	0.8179	0.7858	0.6819	0.8701	0.8816	0.8132	0.2541	0.2541	0.242	0.6503	0.3161	0.5987	1.9856	1.987	1.999	9.96	10.01	9.99	875.4046	843.7504	762.0468	46.0716	20.6809	22.9778	36.328	33.552	39.75	0.0959	0.0825	0.1011	1.2521	1.1574	1.1878	448.0	430.0	449.0
HG03131	HG03130	HG03129	ESN	571.91	679.85	588.88	563.852	664.851	582.298	684.46	831.63	656.91	258.83	192.86	250.82	22.9981	23.9798	18.7555	11.2895	11.5387	1.5832	44.2384	52.7195	45.4203	88.0748	89.4248	61.8583	12.4698	12.3929	11.415	160.9546	154.5748	147.0224	3.2603	2.9494	2.9768	0.676	0.5833	0.7337	0.8262	0.8911	0.794	0.2592	0.2867	0.2314	0.5618	0.346	0.4253	1.9974	1.9984	2.0004	10.15	9.92	9.7	965.9954	1051.1079	967.1514	28.0485	18.7109	18.9264	35.885	49.476	35.86	0.065	0.0851	0.088	1.3415	1.3163	1.243	441.0	433.0	438.0
HG03134	HG03133	HG03132	ESN	453.43	602.13	435.2	436.892	589.734	433.207	521.46	715.73	481.74	202.32	184.07	199.33	22.1288	23.0727	21.7487	11.046	11.2521	1.7978	56.2184	51.0422	54.8589	73.1592	80.9172	56.4591	12.3729	12.1918	12.1765	147.6302	149.3741	144.2317	3.3326	3.1328	2.6344	0.7398	0.7427	0.6597	0.9388	0.8301	0.8684	0.2555	0.26	0.204	0.5824	0.4222	0.4722	2.003	1.9807	1.9992	9.34	10.02	9.22	716.9215	878.6061	750.458	34.8395	69.4184	14.3196	34.33	42.118	37.092	0.0929	0.0849	0.1187	1.2356	1.2823	1.186	446.0	433.0	432.0
HG03137	HG03136	HG03135	ESN	531.88	513.7	556.01	525.335	505.854	552.765	619.66	553.81	621.84	208.05	245.74	209.42	23.0673	28.0672	27.5194	10.725	10.9542	1.761	52.4571	52.7242	51.4757	75.4052	79.7408	52.68	8.9505	10.5293	9.5384	151.8337	144.7401	155.6397	3.0708	3.2772	2.6931	0.7547	0.6556	0.8795	0.8151	0.8918	0.7819	0.2702	0.2618	0.2407	0.4768	0.5584	0.3704	2.018	1.995	1.9918	9.81	9.95	10.01	846.2394	919.1676	835.8958	13.3383	26.4103	16.4259	36.28	37.061	36.184	0.1064	0.1164	0.0994	1.2608	1.1541	1.2044	440.0	432.0	438.0
HG03161	HG03160	HG03159	ESN	503.69	378.8	655.29	498.633	373.981	651.611	596.86	426.21	728.87	231.72	190.22	141.85	26.5154	23.671	25.8195	11.7777	11.942	1.5576	50.5924	42.812	44.3592	74.8824	81.8473	54.5847	11.4917	11.3889	12.4126	161.1211	154.5437	152.391	3.5963	3.8782	3.6303	0.6687	0.5822	0.6958	0.8879	0.8654	0.8889	0.2491	0.232	0.2435	0.6363	0.5385	0.3958	1.9963	2.0065	1.9854	10.24	10.14	9.95	962.7576	893.1542	857.9185	28.6369	15.9324	11.6806	36.751	33.642	38.292	0.1015	0.1022	0.0871	1.2925	1.2052	1.1752	451.0	451.0	444.0
HG03164	HG03163	HG03162	ESN	668.11	540.21	511.19	657.651	542.276	498.702	795.57	620.51	607.25	277.44	253.03	157.31	24.9913	21.9094	22.2994	1.2385	8.8128	1.0793	45.1889	56.3048	57.7942	61.6855	85.7359	52.9758	12.3591	10.4299	12.9968	151.533	157.0209	139.7392	3.4858	3.8825	2.9759	0.5012	0.616	0.4759	0.8684	0.8518	0.8706	0.2498	0.2606	0.2396	0.5826	0.7275	0.3956	1.9859	1.9906	1.9922	10.14	9.96	10.06	851.041	882.4159	1129.2844	65.2285	147.7448	50.975	38.173	37.386	34.919	0.0765	0.1025	0.0752	1.3063	1.2352	1.2929	450.0	419.0	433.0
HG03170	HG03169	HG03168	ESN	541.41	544.62	602.26	530.185	531.289	597.564	638.75	607.88	664.9	162.03	182.73	182.32	23.0093	21.9273	23.4333	11.0845	11.1245	1.3707	40.4794	41.6734	57.2753	78.8008	81.2435	59.796	10.9407	10.8175	11.2725	149.4109	149.4265	150.5901	3.0642	3.6089	2.6712	0.6818	0.7369	0.6066	0.8459	0.8084	0.7973	0.2599	0.2499	0.2202	0.4388	0.3302	0.2891	2.0082	1.9959	1.9934	10.09	10.0	10.04	951.9243	898.7182	795.1865	44.1586	109.5852	33.0077	35.785	38.561	39.058	0.0809	0.1072	0.1086	1.3008	1.184	1.2232	436.0	436.0	435.0
HG03191	HG03190	HG03189	ESN	396.64	376.35	512.8	395.12	371.589	511.859	463.21	438.73	603.55	204.19	163.92	119.42	22.336	19.3163	27.6618	10.5042	10.4109	0.9708	51.1428	44.6596	50.2985	78.2546	69.3797	67.9868	11.3036	11.8383	12.6866	146.2007	149.2781	141.855	2.5674	2.7963	2.8335	0.5994	0.5744	0.6845	0.8885	0.8222	0.8855	0.2413	0.2387	0.2425	0.4589	0.5036	0.6257	1.9729	1.9878	1.99	10.45	10.0	10.0	1146.2492	802.602	948.0614	68.9036	11.3811	56.3959	36.681	34.391	36.14	0.0803	0.0568	0.1054	1.3085	1.2313	1.2651	432.0	404.0	417.0
HG03197	HG03196	HG03195	ESN	635.7	600.35	537.67	623.261	593.601	525.036	762.38	663.53	620.48	252.04	224.2	207.87	21.4455	24.5068	20.9615	11.3342	10.9435	1.1612	47.4411	46.5601	50.7756	72.3972	69.6139	64.5493	10.9163	10.2017	11.1158	142.5956	143.2327	152.2535	3.532	2.2615	3.5884	0.8107	0.6618	0.766	0.8143	0.821	0.8308	0.257	0.2611	0.2397	0.6161	0.398	0.3533	2.004	1.993	1.9988	10.12	9.98	9.85	851.669	856.4498	1002.6773	22.6386	17.8734	31.1616	35.87	35.444	36.961	0.0692	0.1162	0.1098	1.3304	1.1994	1.2415	446.0	450.0	420.0
HG03200	HG03199	HG03198	ESN	527.4	414.89	516.34	513.774	409.251	511.787	633.25	485.38	571.81	282.48	205.72	285.32	27.5511	16.3294	31.4976	1.2382	10.9519	1.1628	57.5141	54.5871	61.4382	68.0249	93.4681	49.6389	13.244	10.9453	12.4941	143.6714	142.9424	151.6023	1.7107	2.6834	2.4499	0.8172	0.9931	0.6203	0.8112	0.8425	0.801	0.2435	0.2402	0.248	0.3892	0.6689	0.2738	1.9958	1.9785	1.9928	10.03	9.73	10.25	867.1643	1187.4467	951.8628	21.3936	52.6467	14.9177	35.368	37.031	37.114	0.0802	0.1071	0.1083	1.2994	1.2802	1.2249	436.0	410.0	435.0
HG03230	HG03228	HG03229	PJL	507.63	442.72	520.01	503.627	437.696	514.879	596.83	489.69	613.49	265.33	201.73	192.76	27.3434	23.6909	22.0449	0.942	13.5454	1.3239	41.0521	38.92	62.6235	57.1398	73.8375	52.4864	11.4769	11.9945	12.4104	151.1366	160.6193	155.4027	2.5106	2.6299	2.5386	0.5626	0.5005	0.4673	0.8607	0.8321	0.8193	0.2631	0.2609	0.2485	0.3691	0.6431	0.3336	1.9939	1.9968	1.9994	10.02	10.0	10.07	666.8459	1138.048	794.5922	175.3077	25.4889	93.6293	35.631	34.446	33.378	0.099	0.0923	0.0878	1.261	1.2	1.2543	446.0	446.0	426.0
HG03236	HG03234	HG03235	PJL	524.29	368.43	524.43	515.01	363.74	515.224	608.7	402.14	651.38	220.34	200.74	175.04	15.5484	22.162	17.6485	1.5695	13.2411	1.3047	48.5922	63.3628	40.0847	62.7294	73.0742	58.5186	11.9496	10.6507	10.8785	156.3026	145.14	157.2047	2.9018	2.9971	2.585	0.5517	0.5732	0.5899	0.9107	0.8872	0.9061	0.2676	0.2415	0.252	0.3103	0.3059	0.5243	1.9845	1.9972	1.9982	10.04	10.01	9.89	793.2797	883.2782	781.2111	21.1248	60.4631	74.4038	34.732	35.83	41.811	0.1045	0.06	0.0917	1.2622	1.1547	1.3313	448.0	433.0	427.0
HG03239	HG03237	HG03238	PJL	543.29	609.58	458.19	532.67	614.698	449.962	649.04	713.82	545.41	241.81	200.31	205.53	19.5956	14.7584	19.1526	1.8243	13.7225	1.2301	34.7233	39.3869	44.0659	58.3165	62.3493	68.0243	10.9597	11.5453	9.5768	150.0178	148.7516	143.6934	2.7012	3.1289	2.4737	0.5482	0.6477	0.5386	0.8305	0.7676	0.917	0.2337	0.2276	0.2351	0.4353	0.4953	0.6193	2.0011	1.9835	1.9919	9.87	9.94	9.94	960.1889	729.4514	846.5308	43.1539	64.7347	111.2998	35.218	38.21	37.563	0.074	0.0972	0.1084	1.3143	1.3029	1.2944	444.0	415.0	407.0
HG03242	HG03240	HG03241	GWD	487.32	484.8	459.86	480.192	476.197	455.76	576.34	582.85	544.97	173.39	120.55	216.1	28.5169	30.0612	31.8246	11.1709	10.8051	2.0027	58.3404	57.9992	53.8733	77.8448	77.1646	51.9512	11.1697	11.9197	11.0327	146.8186	146.2169	141.9934	3.1283	3.7185	3.0887	0.5338	0.4205	0.5364	0.9248	0.827	0.8884	0.2383	0.2331	0.2607	0.4791	0.424	0.2949	1.9931	2.003	2.0038	10.02	9.87	10.18	823.1982	1321.8128	1190.7306	54.3235	222.7446	104.4754	34.235	35.426	37.953	0.0905	0.074	0.1026	1.2684	1.2958	1.2844	446.0	436.0	409.0
HG03248	HG03246	HG03247	GWD	427.62	408.16	453.14	423.604	404.833	456.307	510.76	488.55	500.08	170.79	143.6	186.87	22.2133	24.6211	22.3766	13.8911	14.7246	1.9216	56.7299	51.5234	54.1534	79.9816	82.7282	53.6372	11.1237	11.6922	11.0396	146.3948	153.908	147.3734	2.6988	3.0315	2.2069	0.9119	0.9149	0.6355	0.8464	0.7974	0.883	0.2514	0.2483	0.2278	0.4346	0.4284	0.546	2.004	1.9912	1.9918	10.01	9.95	10.08	1085.5795	971.0442	807.0253	162.1398	73.2206	490.1281	37.737	36.155	39.565	0.0775	0.1149	0.1459	1.3196	1.3268	1.1807	434.0	443.0	441.0
HG03251	HG03249	HG03250	GWD	549.03	454.68	540.46	547.694	453.778	536.143	619.24	525.41	638.91	178.91	128.21	210.68	25.8206	24.8881	25.5782	1.9628	10.1567	1.5897	42.9267	51.2622	49.7873	54.7643	69.3261	62.4111	11.601	11.3087	12.3508	154.0505	148.6315	149.0282	2.6209	3.0786	2.5618	0.526	0.5232	0.7471	0.7687	0.8378	0.7156	0.2454	0.2593	0.2487	0.6877	0.2956	0.3885	1.9924	1.9964	1.9937	10.1	10.17	9.98	688.8178	950.8776	1119.92	27.5572	15.5075	83.4803	37.284	37.601	38.524	0.0659	0.0675	0.0707	1.2478	1.2324	1.2983	437.0	446.0	455.0
HG03260	HG03258	HG03259	GWD	549.73	604.27	554.91	549.692	598.942	542.95	644.34	664.49	648.26	212.55	237.31	198.2	22.09	21.6195	22.8028	13.7824	13.1928	1.9283	60.7847	57.7049	54.6145	77.8433	75.2571	59.3571	12.9897	9.6705	13.5048	147.7026	145.6627	148.6605	3.1696	2.9255	3.1438	0.5997	0.6386	0.6134	0.8865	0.8288	0.8669	0.279	0.2604	0.2816	0.3387	0.814	0.4162	1.9959	1.9941	1.9995	10.2	9.85	9.8	903.9556	975.6054	962.256	119.0679	26.4303	80.971	37.579	41.05	46.561	0.061	0.0962	0.0975	1.2977	1.176	1.2598	440.0	449.0	432.0
HG03269	HG03268	HG03267	ESN	509.3	409.3	464.56	502.085	404.509	468.242	610.19	461.19	544.21	168.41	149.27	177.23	17.3302	25.2207	24.3804	10.9518	10.8983	1.0177	52.4538	51.5332	46.6743	84.0442	69.0025	65.0736	11.0402	11.0499	10.7174	146.9565	143.4938	150.7731	3.1735	3.1857	3.3326	0.66	0.7008	0.6711	0.8311	0.7916	0.8559	0.2384	0.2309	0.2525	0.4708	0.3298	0.3845	1.9976	1.9972	1.9933	9.86	9.93	10.17	1015.6529	887.0964	1017.1448	33.5386	37.8523	33.0652	35.091	35.569	40.16	0.0656	0.0652	0.0633	1.3422	1.2029	1.2429	448.0	421.0	428.0
HG03272	HG03271	HG03270	ESN	482.45	583.85	507.55	468.561	580.457	505.657	575.71	678.57	565.47	234.2	211.86	178.54	20.4041	17.2449	24.8748	1.8699	11.2807	1.3667	55.593	59.6064	43.1404	62.2235	76.533	56.3254	10.739	12.4416	10.5395	145.0615	151.4936	153.6238	3.614	3.9162	3.1823	0.6704	0.7101	0.5627	0.7832	0.8185	0.8373	0.2365	0.2455	0.2322	0.4037	0.4604	0.3554	1.998	1.9986	1.9881	9.9	9.9	9.99	950.5329	900.6803	971.0817	12.238	68.2934	27.7746	35.601	37.29	62.279	0.0748	0.1187	0.0811	1.3121	1.2518	1.2001	449.0	413.0	427.0
HG03296	HG03295	HG03294	ESN	760.59	589.77	523.38	741.694	586.327	514.925	887.94	663.12	593.42	189.6	135.67	187.1	29.5992	20.7936	30.9625	11.1976	10.137	1.5677	62.8987	51.6404	56.8974	87.611	75.3934	67.2403	13.1789	15.0614	11.2982	144.8444	136.5114	152.5935	3.0812	3.0177	3.2557	0.5645	0.6296	0.5325	0.8326	0.8945	0.7634	0.2645	0.2645	0.238	0.3517	0.4248	0.4182	2.0012	2.0037	1.9801	11.01	9.85	10.63	826.3757	978.7473	636.8129	25.2826	15.3548	39.7821	33.161	36.461	35.357	0.0646	0.1139	0.1143	1.3139	1.2417	1.2143	447.0	427.0	430.0
HG03299	HG03298	HG03297	ESN	703.69	687.73	555.45	707.233	688.305	559.184	819.06	772.25	643.25	202.83	174.55	226.04	18.0528	21.401	18.2706	8.8518	8.8814	0.948	46.4426	35.8953	50.5968	79.4911	76.5387	61.889	11.4356	12.8209	10.6516	144.7509	149.988	137.6205	3.3346	2.8655	2.5844	0.6153	0.6016	0.6583	0.8216	0.849	0.7519	0.2379	0.2576	0.2206	0.2499	0.2713	0.2811	2.0033	2.0005	1.9934	10.05	10.06	9.85	913.5518	657.4014	586.522	21.9159	22.4493	14.6382	37.41	39.462	35.522	0.082	0.1096	0.1054	1.2609	1.2175	1.2752	444.0	444.0	418.0
HG03302	HG03301	HG03300	ESN	517.11	619.54	434.57	507.873	607.896	428.187	612.4	718.05	512.0	175.92	200.92	199.85	16.5492	20.6043	22.442	16.6582	16.8456	1.681	41.4654	42.684	45.0	81.1343	80.1954	58.6551	12.4197	11.6213	10.2034	146.9353	150.6692	142.8489	2.9692	3.209	2.43	0.7503	0.6793	0.8151	0.8993	0.8799	0.8412	0.2712	0.229	0.2458	0.4566	0.5508	0.4918	2.0069	1.984	1.9931	10.09	9.95	9.87	855.3769	715.1135	811.3577	22.4154	22.5541	22.366	36.608	36.564	36.854	0.072	0.0769	0.073	1.311	1.2613	1.2811	434.0	439.0	425.0
HG03305	HG03304	HG03303	ESN	521.23	420.12	638.49	516.534	419.388	635.649	640.29	474.56	747.62	208.99	196.78	257.85	21.6377	26.6959	24.787	0.9779	6.9106	1.0529	64.6338	47.0526	55.7461	70.5224	73.2076	61.2618	12.3603	12.0983	11.6654	143.736	139.2023	146.0641	3.0706	3.8575	3.4251	0.7157	0.5327	0.5467	0.8976	0.8874	0.9269	0.2366	0.2472	0.2392	0.5491	0.5318	0.5173	1.9936	1.9975	1.9939	10.0	10.0	9.91	767.947	902.593	764.1926	30.6528	21.6875	136.037	37.481	36.548	36.434	0.0695	0.0859	0.1041	1.3547	1.203	1.2637	435.0	432.0	416.0
HG03308	HG03307	HG03306	ESN	517.31	476.49	412.42	511.567	475.855	410.775	610.32	558.56	473.46	147.2	214.6	217.6	18.9717	23.0898	21.503	10.7333	10.3497	1.8632	55.7601	48.9254	50.7804	91.6819	72.7436	61.2492	12.603	10.6333	12.5602	147.4088	153.5667	141.6555	3.2235	2.9909	2.804	0.6026	0.8785	0.4593	0.8139	0.7705	0.826	0.2732	0.2452	0.2293	0.3033	0.3735	0.4598	2.002	1.9874	2.0027	10.18	10.0	10.06	707.7823	881.6653	931.7615	33.6406	18.7901	19.5592	35.998	37.73	36.425	0.0599	0.0618	0.0672	1.3125	1.2896	1.2537	430.0	446.0	440.0
HG03310	HG03311	HG03309	ESN	385.3	561.96	384.55	369.395	549.907	376.143	456.55	635.81	444.76	147.91	146.9	163.3	18.4313	21.2803	20.0307	0.9578	10.2004	0.897	52.682	74.7741	58.9068	53.285	71.309	60.3693	11.0142	10.6342	11.7629	132.7249	146.6619	142.3806	4.1803	3.9327	3.875	0.8597	0.922	0.6239	0.8555	0.8806	0.8507	0.2549	0.2566	0.2555	0.4642	0.3633	0.4377	1.9881	2.0012	1.9998	10.03	10.03	9.98	887.115	931.1217	1071.2243	54.3111	38.1313	50.8794	34.937	38.555	34.472	0.098	0.1052	0.0913	1.2734	1.2075	1.2626	452.0	416.0	446.0
HG03314	HG03313	HG03312	ESN	409.34	519.8	570.27	397.957	511.113	563.2	480.33	586.36	657.23	352.64	170.94	320.45	20.1267	22.0463	23.9439	11.1191	11.0429	1.1071	47.4128	55.4716	45.2321	71.1947	76.8334	56.84	9.6062	10.361	10.2913	136.211	142.9938	149.956	3.1182	3.1555	2.9298	0.8536	0.9864	0.7969	0.7952	0.7864	0.8538	0.2389	0.2271	0.234	0.5614	0.7109	0.3616	1.991	1.99	1.9899	9.92	10.06	10.04	825.6687	688.8546	1004.7253	56.8779	77.7939	54.9444	35.204	36.371	33.799	0.099	0.0602	0.095	1.2887	1.1811	1.2555	444.0	430.0	452.0
HG03344	HG03343	HG03342	ESN	469.26	545.92	372.93	462.318	539.468	365.698	535.06	629.04	415.76	169.83	354.88	94.25	15.1711	20.7894	15.3431	17.8788	17.5811	1.1522	41.8886	51.5699	41.3854	83.6014	81.6897	57.3981	12.2852	11.4262	13.7997	146.0479	148.5247	150.8354	3.4451	3.2601	3.3694	0.6184	0.6538	0.7629	0.8512	0.8514	0.8678	0.2584	0.243	0.2599	0.613	0.3977	0.4439	1.987	1.9987	1.9931	9.95	10.1	10.03	931.6397	1083.6157	1045.3042	20.7606	84.8408	21.9545	36.047	49.542	38.669	0.0797	0.1001	0.1072	1.2534	1.1927	1.2294	448.0	424.0	427.0
HG03350	HG03352	HG03351	ESN	544.09	769.1	499.78	532.856	764.16	497.366	645.86	896.69	567.79	138.03	189.57	134.82	19.3903	21.744	29.7771	12.1486	8.907	1.8008	42.5588	44.2573	57.4468	78.7693	71.7025	52.7254	11.0635	11.5	11.428	138.5713	142.1152	149.1689	2.4206	2.8244	2.6878	0.796	0.6313	0.8801	0.7933	0.8093	0.805	0.2652	0.2431	0.2396	0.4628	0.2128	0.3499	2.005	1.999	1.9987	10.05	10.01	10.01	723.0869	947.9629	653.9732	39.3475	64.6455	46.5186	39.248	33.499	41.839	0.0714	0.066	0.0668	1.3128	1.2539	1.1939	432.0	414.0	433.0
HG03368	HG03367	HG03366	ESN	530.09	439.9	564.88	519.014	431.022	559.888	626.8	527.95	619.74	132.66	194.06	130.67	22.8511	18.3605	20.8089	9.4468	10.4287	0.7777	38.2712	36.5162	42.6498	67.5837	83.0842	51.4298	11.7117	11.6697	11.0171	147.7481	136.2896	154.9096	3.542	3.0292	3.2525	0.6696	0.5841	0.4651	0.8412	0.8637	0.762	0.2464	0.2506	0.2284	0.5292	0.2291	0.4368	2.0019	2.0122	1.9935	9.99	9.76	9.86	800.4618	602.4638	732.4386	46.2372	17.4046	12.1947	34.552	41.679	41.426	0.0999	0.087	0.07	1.2596	1.2809	1.1682	440.0	432.0	430.0
HG03371	HG03370	HG03369	ESN	426.55	481.85	530.88	420.876	480.082	527.855	496.38	554.37	593.89	185.78	217.89	144.32	18.1841	22.5577	18.2975	15.3112	14.6298	1.9818	43.6527	52.5266	43.4211	74.9138	72.3314	51.6746	9.8446	11.3547	10.1813	144.7551	136.4806	147.3401	3.0971	3.6937	3.2658	0.7578	0.6228	0.7851	0.746	0.7907	0.7872	0.255	0.256	0.2403	0.7411	0.277	0.4013	1.9899	2.0026	2.0005	9.87	9.77	10.02	1112.9186	820.3316	850.4923	12.1677	58.4804	17.9909	36.532	36.65	45.741	0.0769	0.102	0.0639	1.2497	1.2745	1.2111	446.0	432.0	428.0
HG03374	HG03373	HG03372	ESN	544.12	566.67	607.44	534.04	562.354	599.783	640.15	648.35	716.07	258.49	222.54	230.15	19.5269	20.8122	22.9433	1.265	10.8159	1.3485	47.8085	45.9642	38.8645	64.5545	72.7844	59.316	11.1251	9.7583	12.0131	144.4235	139.508	136.5895	3.5315	3.2821	3.8815	0.577	0.6672	0.5797	0.7779	0.8183	0.8158	0.2529	0.2454	0.2482	0.513	0.5794	0.6542	1.9863	1.9979	1.9979	10.0	10.29	10.08	598.2977	738.484	738.171	43.0663	28.2154	20.4197	34.427	35.752	44.852	0.0696	0.1016	0.0922	1.2745	1.2231	1.2686	441.0	450.0	414.0
HG03438	HG03469	HG03470	MSL	742.45	656.92	614.61	747.386	652.781	611.942	858.29	738.81	718.12	229.11	178.96	218.55	27.2297	23.4747	21.4446	1.4719	14.4917	1.8016	48.6896	50.617	38.5427	56.2039	71.6887	57.6915	10.6535	10.8457	11.6425	150.2269	150.3648	143.1761	4.1778	3.2517	3.3436	0.6934	0.7451	0.8572	0.8408	0.905	0.806	0.2341	0.2522	0.2359	0.3683	0.4688	0.3698	1.9993	1.9907	1.9998	10.06	9.86	9.92	909.6268	980.856	778.8434	44.9943	94.3491	37.5493	36.903	36.078	39.62	0.0673	0.0614	0.0572	1.2863	1.1823	1.2162	437.0	438.0	412.0
HG03453	HG03451	HG03452	MSL	584.57	543.73	576.47	579.749	540.577	574.065	688.21	637.93	648.17	252.96	228.13	202.24	35.1305	31.9265	28.1432	1.2165	8.0418	1.1794	62.5219	56.3869	52.6608	65.3397	81.5165	57.9541	9.9161	9.9938	10.304	151.0068	154.4502	147.2739	3.2494	3.1308	3.1783	0.7656	0.828	0.7739	0.9015	0.8622	0.8786	0.2271	0.2082	0.2411	0.5928	0.3573	0.5666	2.0016	2.0004	1.9962	10.05	9.93	10.32	880.0274	1022.2235	1025.1083	27.1871	50.3041	26.1512	35.724	36.084	44.027	0.0803	0.0994	0.0716	1.2785	1.3132	1.2049	446.0	438.0	431.0
HG03456	HG03454	HG03455	MSL	458.34	523.91	369.28	456.665	519.791	360.022	528.82	629.38	440.29	288.15	236.8	233.63	20.4737	20.6143	23.7607	18.2082	9.1651	1.6405	49.1352	31.1967	52.7029	103.7476	84.308	64.4677	10.6292	11.2029	11.6893	147.3868	144.0448	152.9359	3.6322	3.5107	3.5962	0.962	0.852	0.8651	0.8683	0.9092	0.7617	0.2417	0.2603	0.2266	0.1926	0.315	0.3308	1.9915	2.0032	2.0047	10.12	10.03	10.0	1223.6355	871.2158	836.3731	38.0877	17.5403	36.1219	35.77	33.777	36.014	0.0655	0.0692	0.0783	1.2718	1.3219	1.2924	433.0	449.0	439.0
HG03480	HG03478	HG03479	MSL	719.61	775.05	418.9	720.406	767.168	411.011	833.67	846.65	495.72	211.22	234.59	232.02	25.2142	28.693	21.2251	1.267	10.7906	1.75	41.0101	56.4001	35.1681	64.5433	90.5125	67.2628	12.5388	11.5319	11.5932	143.707	142.4573	140.6336	2.6192	2.6611	3.2907	0.7219	0.7454	0.6466	0.8331	0.8486	0.8494	0.2429	0.2538	0.2353	0.3653	0.2305	0.2855	1.9967	1.9956	1.9926	10.23	10.21	10.06	787.6667	982.9304	866.301	70.1306	8.2266	81.7444	36.903	40.538	39.788	0.0715	0.0974	0.0777	1.2779	1.2	1.2872	442.0	433.0	410.0
HG03486	HG03484	HG03485	MSL	562.39	577.16	537.9	560.034	570.051	536.255	634.41	635.83	614.12	198.59	233.79	186.77	20.6646	28.7444	20.5357	2.0184	9.9647	2.4759	51.2639	48.2489	47.1896	58.9555	75.0967	54.4861	12.0896	10.7068	12.6569	159.5473	150.0403	152.4909	3.8084	3.2549	3.1062	0.8694	0.6885	0.7866	0.8521	0.838	0.8751	0.2308	0.2636	0.2347	0.2561	0.1994	0.422	1.9882	1.99	1.9959	9.97	9.92	9.93	715.429	711.8823	686.46	10.4509	19.9925	16.1424	37.559	33.735	35.134	0.0646	0.0918	0.0763	1.2345	1.1634	1.2012	433.0	434.0	415.0
HG03489	HG03487	HG03488	PJL	391.69	382.88	449.95	384.005	382.016	446.285	461.78	421.8	521.85	123.17	139.4	115.66	17.2741	16.979	19.1676	7.8573	7.5296	1.5994	56.9373	56.4288	56.9565	69.5551	86.4794	50.4682	13.1443	13.9549	12.4666	144.5811	146.3153	151.4219	3.5734	3.5275	3.1294	0.457	0.6951	0.561	0.855	0.8911	0.897	0.2698	0.2621	0.239	0.4463	0.3053	0.3454	1.997	2.0033	2.0042	10.04	9.54	10.1	817.0031	789.1574	809.1088	51.3494	57.2332	159.1612	35.827	35.102	37.201	0.0996	0.0683	0.0936	1.3141	1.2025	1.2756	450.0	443.0	430.0
HG03492	HG03490	HG03491	PJL	533.22	477.38	581.33	529.214	466.812	583.527	594.12	556.97	677.65	137.58	132.52	139.19	20.938	19.8708	19.5257	10.5654	10.8043	1.8924	46.7452	49.7467	36.8884	67.285	63.2275	56.3573	11.874	11.7907	13.9258	150.9344	154.4309	161.2489	3.2316	3.6885	2.6417	0.596	0.6072	0.6668	0.8011	0.8295	0.8601	0.245	0.2585	0.2428	0.6233	0.3303	0.4141	1.9919	2.0005	1.996	10.02	9.97	10.09	980.9044	862.6843	781.5348	39.4497	36.659	39.5406	35.272	37.445	37.188	0.0667	0.0897	0.1064	1.2114	1.2656	1.2806	439.0	428.0	432.0
HG03516	HG03515	HG03514	ESN	522.61	565.78	367.27	512.19	561.948	357.589	627.81	634.59	420.86	236.68	263.55	168.27	16.4924	18.5151	22.0186	1.5129	11.7089	2.7177	47.3648	48.7196	58.9122	63.863	87.8369	56.4089	12.2507	12.0856	11.828	141.1195	149.392	139.3284	3.2771	3.5592	2.5044	0.5137	0.5386	0.5552	0.8402	0.8308	0.7898	0.2438	0.2523	0.2499	0.707	0.7208	0.3703	1.9899	1.9726	1.9935	9.91	10.22	9.95	853.2034	991.4515	851.5471	68.1732	66.2912	55.1668	34.214	36.654	35.974	0.0675	0.1056	0.1027	1.3203	1.2394	1.2479	446.0	427.0	436.0
HG03519	HG03518	HG03517	ESN	470.06	521.32	596.63	468.166	515.615	593.446	542.15	590.92	679.94	108.01	112.78	204.35	25.9475	33.6664	24.6362	12.9206	13.0498	1.3538	41.8128	47.805	43.0678	84.3575	79.1102	63.3146	12.0111	12.8732	11.6974	140.405	138.0487	146.639	2.9645	2.7023	3.3394	0.5314	0.6522	0.4815	0.7606	0.7931	0.7924	0.2403	0.2674	0.2229	0.5432	0.4027	0.4815	1.999	1.9925	1.9963	10.02	10.04	10.14	961.7963	1129.6101	838.8611	15.4297	35.1748	40.196	40.101	37.26	44.881	0.0668	0.1092	0.0624	1.2419	1.2164	1.2382	426.0	439.0	430.0
HG03522	HG03521	HG03520	ESN	398.19	462.85	434.58	392.621	460.484	423.841	483.91	525.49	513.97	229.34	211.29	123.27	22.5158	28.0327	23.1825	1.0737	11.1679	1.1024	41.0063	54.8141	42.5289	57.4352	77.2555	58.5371	11.3647	10.9089	11.4443	147.1431	150.9007	142.3883	2.7602	2.9099	2.7023	0.5417	0.442	0.6489	0.7411	0.7457	0.8148	0.2438	0.2366	0.2561	0.5061	0.3691	0.8599	1.9946	1.9948	1.9947	9.03	9.11	10.03	1066.6571	874.9937	1006.3064	46.8352	102.2541	105.5862	38.294	38.46	36.975	0.0672	0.1065	0.1139	1.3286	1.2487	1.2906	448.0	450.0	416.0
HG03540	HG03538	HG03539	GWD	685.94	571.81	678.61	674.381	558.554	676.48	803.7	668.26	788.78	214.63	138.07	219.53	26.8325	25.7984	20.5367	1.3071	9.4227	1.2176	60.8425	54.6713	65.619	82.6736	83.2351	65.446	13.8462	12.0266	12.7323	145.4264	143.013	144.6073	2.9858	3.0236	3.48	0.5487	0.6141	0.4905	0.9184	0.9221	0.8555	0.2498	0.2424	0.2458	1.3012	0.4813	1.0614	2.0015	2.0051	1.9887	10.15	9.78	10.16	1104.87	852.9749	856.3494	63.6529	233.8983	196.7555	39.858	37.091	35.966	0.0704	0.1024	0.1031	1.3055	1.229	1.2637	427.0	431.0	420.0
HG03576	HG03574	HG03575	MSL	457.49	683.87	405.07	449.954	683.978	401.656	539.97	782.16	453.22	192.19	170.01	182.1	20.4727	23.4673	22.2534	1.7232	10.1746	1.5807	45.0987	50.3023	45.3922	52.2622	80.615	52.8195	11.3917	13.6815	11.4369	146.5908	149.5249	147.0449	3.3957	3.5711	3.6139	0.6888	0.508	0.6498	0.8084	0.8162	0.8367	0.2443	0.2318	0.2495	0.4407	0.2726	0.5508	2.0036	2.0005	1.9894	10.16	10.08	10.07	1044.0117	1093.2929	809.3087	139.4857	16.4389	126.293	32.013	37.127	37.506	0.0916	0.0658	0.0799	1.2799	1.2461	1.2061	452.0	441.0	439.0
HG03579	HG03577	HG03578	MSL	520.83	572.73	569.09	501.575	561.011	560.877	593.09	688.81	642.22	201.13	237.77	272.4	22.3188	21.7943	20.734	12.9248	12.352	1.9775	66.7378	61.3661	63.6811	77.4847	74.7022	60.012	11.2308	11.0148	11.2992	137.7554	145.1835	145.5622	2.8847	3.0591	3.0736	0.7276	0.7674	0.7333	0.8477	0.792	0.8244	0.2529	0.2443	0.2469	0.3471	0.2007	0.3061	1.9973	2.0008	2.013	9.68	9.83	9.93	853.5932	944.0473	767.4724	17.0234	263.4703	21.5353	36.298	35.309	36.694	0.0956	0.0945	0.0843	1.2238	1.2653	1.2465	441.0	417.0	439.0
HG03584	HG03582	HG03583	MSL	543.02	645.52	354.37	537.553	640.783	346.616	636.09	747.22	414.95	248.24	243.77	161.7	23.3916	29.0587	19.6083	1.3903	9.8761	1.1448	52.8963	54.8933	51.5966	59.7509	78.4742	55.6871	10.3969	10.6245	10.3757	138.4606	143.754	149.8923	2.3997	2.9547	2.8052	0.8994	0.8132	0.7474	0.7889	0.8762	0.8077	0.2432	0.2368	0.2448	0.4219	0.6375	0.4428	2.0008	1.9913	1.9895	9.95	10.01	10.01	941.5998	1027.3754	700.8026	191.2339	81.7264	127.1591	36.432	36.879	36.457	0.0778	0.0819	0.1066	1.2743	1.2437	1.2505	455.0	444.0	424.0
HG03596	HG03594	HG03595	BEB	535.25	465.26	452.88	531.001	460.301	442.167	593.97	495.41	505.43	233.75	159.04	195.02	16.1893	17.1108	17.1528	14.2795	14.1117	1.0072	36.9509	37.107	52.9673	73.4352	62.4625	46.4584	10.8772	10.6938	10.1353	155.2691	151.9512	154.0588	2.7051	2.852	2.6457	0.6842	0.4782	0.7148	0.9133	0.8817	0.9063	0.2422	0.2329	0.2322	0.5408	0.5883	0.4392	2.0071	1.9881	1.9971	10.03	10.1	10.04	507.1528	750.9878	990.1995	113.7471	131.639	70.4724	36.669	35.461	42.808	0.0918	0.059	0.1048	1.2377	1.1795	1.2052	442.0	435.0	437.0
HG03605	HG03606	HG03607	BEB	448.68	461.96	413.3	444.054	456.336	411.537	537.32	550.64	469.23	181.66	243.38	137.68	17.1508	15.962	15.8613	0.929	11.3006	1.3493	46.2148	44.3578	52.4434	45.5267	71.3755	41.2343	11.2062	10.637	11.6187	154.4938	155.8218	155.8369	2.8709	2.6017	2.93	0.6905	0.7946	0.8015	0.896	0.7906	0.8603	0.2614	0.2546	0.2421	0.5238	0.6356	0.3418	2.0088	2.0003	1.999	9.96	9.96	10.17	790.6411	707.217	732.9254	62.0079	12.037	58.5304	32.494	38.688	35.592	0.0947	0.0641	0.0644	1.2929	1.2987	1.2025	453.0	442.0	433.0
HG03617	HG03615	HG03616	BEB	357.74	309.8	428.93	355.295	311.272	421.786	421.06	345.42	493.97	163.91	131.46	167.08	15.5328	20.2102	15.2444	1.5086	9.459	0.7885	37.3932	36.3935	44.3999	59.6477	67.6351	58.4541	13.1522	10.8668	11.619	152.3226	149.5485	161.5972	2.7805	2.676	3.1955	0.6238	0.6022	0.7113	0.8001	0.8428	0.7685	0.2329	0.2327	0.2253	0.54	0.3423	0.4976	2.0084	1.9975	1.9918	10.31	10.12	10.06	867.9691	1013.8194	1049.3654	195.3012	56.24	45.5281	36.617	40.805	37.334	0.0748	0.1214	0.1168	1.2697	1.1839	1.2641	455.0	437.0	426.0
HG03620	HG03618	HG03619	PJL	465.39	572.44	453.57	455.972	566.384	452.319	560.17	700.16	517.41	235.83	245.5	145.81	17.6832	14.2481	18.7684	1.0268	10.8723	1.0407	37.7558	44.8567	41.5463	63.3734	69.5926	55.2082	9.498	12.3829	9.0931	154.8742	141.1075	168.7902	3.5017	3.5044	2.3851	0.69	0.6502	0.7322	0.7997	0.8863	0.8222	0.2451	0.2519	0.226	0.6505	0.5444	0.5355	2.0162	2.0002	1.9871	9.99	10.2	10.1	998.6372	1116.5076	1187.224	44.8536	103.3645	127.7315	37.065	36.788	34.88	0.0671	0.0606	0.0586	1.3338	1.3347	1.2155	450.0	436.0	435.0
HG03626	HG03624	HG03625	PJL	461.92	478.75	404.83	458.213	475.213	391.558	520.25	532.97	470.39	281.15	245.23	230.19	16.529	13.8062	20.3389	1.5959	9.3079	1.797	33.2843	27.731	49.1703	57.5461	78.1929	50.4278	11.7509	10.3127	10.6581	163.5977	151.6284	162.4478	2.971	3.3294	2.8569	0.7911	1.0259	0.5794	0.8638	0.8587	0.8387	0.2315	0.2388	0.231	0.3217	0.194	0.2748	1.992	2.0017	1.9992	10.09	10.07	10.04	1099.776	959.7194	838.9205	55.6453	103.3012	60.098	36.215	35.984	44.635	0.0651	0.1214	0.0879	1.2311	1.159	1.1894	443.0	426.0	416.0
HG03635	HG03633	HG03634	PJL	520.73	530.58	377.54	521.378	532.194	374.922	613.77	595.26	426.53	180.65	217.92	181.56	18.204	14.3522	17.3813	1.5473	8.3848	1.4011	44.9957	53.1512	44.0532	71.7596	80.5092	54.3341	12.2402	11.5741	10.7465	150.3545	145.8812	156.3749	3.2309	3.0726	3.4281	0.7671	0.5068	0.7257	0.9052	0.9064	0.8961	0.2398	0.2541	0.2394	0.6576	0.5271	0.232	1.9951	2.0014	1.9982	9.94	9.99	10.05	1132.8799	726.4483	892.788	71.2875	37.0833	170.3874	35.87	37.283	38.1	0.0642	0.0688	0.0847	1.2617	1.2216	1.2169	440.0	440.0	442.0
HG03641	HG03639	HG03640	PJL	640.49	564.02	577.38	626.507	556.78	580.512	760.24	668.47	675.13	222.34	184.94	176.32	26.2663	21.7661	21.1621	12.6303	12.7319	1.2647	35.4757	44.9258	27.2165	72.8558	76.7414	50.3699	10.234	10.512	11.7116	174.3348	162.5316	162.8202	2.2173	2.1763	2.4838	0.6851	0.7849	0.5186	0.8308	0.8235	0.7717	0.2453	0.2492	0.2224	0.3375	0.4466	0.5214	1.9905	1.9949	2.0053	10.28	9.87	9.9	880.9462	922.7154	701.6958	56.313	16.3425	18.8023	33.751	38.895	35.394	0.0675	0.0801	0.0535	1.3032	1.2812	1.2113	443.0	448.0	434.0
HG03651	HG03649	HG03650	PJL	411.9	552.17	520.73	413.114	547.541	517.162	460.17	644.32	594.57	162.96	153.91	194.64	19.7778	16.8023	24.2083	10.6456	11.3472	1.3928	51.1255	53.9524	40.1519	65.0339	76.0401	58.2722	13.7139	12.0892	11.5578	150.8359	143.5929	160.3117	2.6418	3.4858	2.3328	0.6347	0.6794	0.6612	0.8442	0.8635	0.8808	0.2335	0.2609	0.2338	0.4025	0.2846	0.4921	2.0012	1.9844	2.0074	10.06	10.05	10.25	721.1977	898.7697	978.5141	21.8174	24.8654	19.0086	36.591	37.794	34.656	0.0634	0.1034	0.0621	1.2352	1.2553	1.2944	433.0	409.0	438.0
HG03654	HG03652	HG03653	PJL	443.85	418.0	424.06	439.781	414.752	422.169	497.5	477.1	447.2	163.05	220.78	135.56	18.9011	16.5602	23.3913	10.2039	11.1425	0.9376	42.4578	40.7127	44.7938	68.3022	73.1007	50.4956	12.3254	11.8285	9.7595	145.1949	152.2777	145.4384	3.0622	3.2258	2.9078	0.6524	0.696	0.5289	0.8134	0.8052	0.8629	0.2414	0.2516	0.2348	0.4218	0.2675	0.3026	2.0001	1.988	1.9923	10.45	10.12	10.53	660.4463	1160.342	805.5231	64.5649	14.4273	57.4	37.217	40.54	34.588	0.0612	0.0953	0.0864	1.2364	1.2234	1.1244	443.0	422.0	433.0
HG03669	HG03667	HG03668	PJL	572.45	549.28	402.97	570.037	543.05	401.792	688.04	595.25	457.32	164.03	144.81	226.24	13.0936	16.0306	15.2202	2.0537	12.5484	1.7735	55.9241	41.2782	53.8881	58.1948	70.9092	64.5285	10.2885	9.7209	12.5001	158.4927	159.3069	157.0647	2.868	2.6334	2.4499	0.6067	0.5733	0.8321	0.9425	0.8705	0.9022	0.2382	0.243	0.2431	0.5758	0.3481	0.1762	1.9869	1.9954	1.9801	10.15	10.09	10.08	1217.4909	832.1585	1008.361	32.3908	98.017	39.5885	38.372	39.211	36.443	0.0786	0.0934	0.0834	1.3385	1.193	1.2557	446.0	436.0	439.0
HG03683	HG03682	HG03684	STU	331.97	486.56	294.41	326.997	483.104	292.246	388.65	555.85	350.08	221.54	228.02	119.78	20.2148	20.6032	20.5268	1.6472	8.3658	1.6045	48.2957	41.6107	47.4252	60.4175	65.6207	54.4465	11.1528	10.673	9.2301	154.8323	147.3827	151.4852	3.5557	4.1626	2.875	0.6531	0.5879	0.7251	0.8703	0.9057	0.8333	0.2532	0.2665	0.2393	0.8005	0.7128	0.8795	1.9959	2.0031	1.9901	9.99	11.13	10.01	887.007	668.888	1077.5572	124.8082	86.5905	50.4911	37.828	33.951	37.324	0.0735	0.0707	0.1073	1.3068	1.2468	1.2887	439.0	449.0	402.0
HG03688	HG03885	HG03886	STU	518.47	371.12	560.2	510.651	374.738	560.839	616.82	397.0	664.44	217.1	188.5	185.12	19.6651	16.3033	22.6876	13.7122	14.5303	1.8981	44.3156	63.7317	45.8304	87.5074	92.6273	61.006	9.7003	11.557	9.6757	154.5823	155.9293	147.8343	3.374	3.4188	2.7254	0.6882	0.4727	0.643	0.8515	0.8501	0.8699	0.241	0.2375	0.2177	0.444	0.2648	0.1981	1.9872	1.989	2.003	10.06	9.98	10.01	763.1406	840.9052	858.8574	36.9062	26.0529	13.2854	38.175	36.816	35.091	0.0748	0.0995	0.1059	1.2967	1.1959	1.2946	447.0	423.0	426.0
HG03701	HG03699	HG03700	PJL	428.75	402.68	600.8	427.122	403.647	596.526	485.41	472.91	697.61	208.63	167.68	191.88	17.5766	14.1723	22.0893	10.0778	9.6011	1.5998	61.214	58.0663	51.522	60.7386	70.7303	49.0831	10.5662	12.3491	11.5686	151.7601	152.3098	146.8447	2.8798	2.4839	2.7322	0.3919	0.4702	0.5152	0.7834	0.7451	0.8787	0.2277	0.2295	0.2515	0.5065	0.6824	0.26	1.998	2.0025	1.9935	9.07	9.03	9.84	705.3558	706.157	1030.455	28.84	35.6213	52.5612	37.763	39.028	36.683	0.0652	0.0607	0.068	1.2395	1.2931	1.2518	450.0	436.0	443.0
HG03704	HG03702	HG03703	PJL	388.69	898.36	408.18	385.532	887.203	399.946	453.8	1031.34	463.51	166.08	201.97	129.94	20.8088	18.9243	19.4724	1.581	8.2287	1.4671	46.0402	51.1102	51.1096	62.4203	73.1159	70.6302	13.8375	9.7681	14.2708	158.9327	152.8659	159.5417	1.9788	2.1496	2.7826	0.5493	0.519	0.6427	0.8114	0.8648	0.8339	0.2528	0.2365	0.2559	0.3928	0.3545	0.3517	2.0	2.0023	1.9842	10.12	10.19	9.93	836.8618	857.0892	897.8834	36.5985	40.022	19.1866	37.123	39.319	33.744	0.0595	0.1009	0.1001	1.2659	1.2378	1.2517	442.0	426.0	447.0
HG03707	HG03705	HG03706	PJL	477.37	510.4	470.34	463.378	504.921	461.621	560.65	600.35	519.32	330.01	248.62	191.12	16.7515	17.5403	17.7456	11.804	12.0609	1.483	43.3054	52.0885	37.5218	77.0539	86.0166	51.0652	10.1197	11.5551	10.9109	153.9473	154.7212	156.3083	2.7891	2.8934	2.5041	0.6887	0.6263	0.6411	0.8024	0.8595	0.8721	0.2379	0.2399	0.2368	0.4385	0.4629	0.4658	1.9914	2.0081	2.0046	9.88	10.12	9.91	1115.7213	762.0588	1020.2285	74.6634	111.0172	26.1102	37.075	37.396	36.295	0.0752	0.1001	0.0708	1.2638	1.2655	1.1478	444.0	404.0	433.0
HG03710	HG03708	HG03709	PJL	474.08	525.37	529.72	468.961	534.084	528.142	572.61	553.08	576.72	242.15	149.18	203.07	18.7024	19.0381	16.4088	5.7405	5.5041	1.5882	39.783	39.919	40.9685	75.363	73.231	54.0757	10.4981	10.54	11.8273	147.6641	155.7477	161.1189	3.2906	3.1692	2.8571	0.714	0.5657	0.6442	0.8177	0.8696	0.9198	0.2678	0.2491	0.2513	0.4291	0.3976	0.3874	1.9925	1.9982	2.0018	10.05	10.04	10.03	706.6313	909.5428	938.4752	34.2405	32.2455	26.8505	38.682	46.088	36.393	0.0667	0.1087	0.1044	1.3542	1.1907	1.1816	446.0	446.0	430.0
HG03719	HG03725	HG03722	ITU	376.71	541.24	404.29	375.789	533.003	399.33	428.93	627.63	450.67	146.26	148.3	132.18	16.7179	18.1251	17.7782	1.658	12.5829	1.8247	46.0715	45.4109	48.2432	53.8203	61.2501	53.9846	10.6493	10.6296	12.774	150.7624	152.1661	157.8447	2.6803	2.3807	2.8343	0.6775	0.5884	0.9207	0.9094	0.9159	0.9551	0.2491	0.2534	0.2607	0.3175	0.4572	0.2874	2.0098	1.9929	1.9977	10.11	10.28	10.12	634.5526	993.383	798.1706	41.7898	56.1787	58.4001	37.62	37.314	37.887	0.075	0.0806	0.1019	1.2773	1.2986	1.2047	441.0	450.0	456.0
HG03732	HG03727	HG03721	ITU	445.37	421.75	452.15	437.324	417.464	448.667	526.96	474.21	527.35	151.25	148.6	166.5	18.7828	22.7479	17.0729	10.2796	10.3996	0.9485	61.6208	55.2884	59.7774	71.1103	70.4679	52.3537	13.0096	12.6394	12.1076	164.1089	156.2165	165.495	3.1	2.9846	2.4523	0.5037	0.3815	0.6707	0.8458	0.8618	0.8906	0.267	0.2558	0.265	0.6538	0.7876	1.1849	1.9906	1.986	1.9851	10.17	9.87	10.36	999.3168	883.8888	1053.3028	122.4005	41.4085	32.2201	36.16	39.601	36.61	0.0714	0.1113	0.0769	1.2896	1.2452	1.2919	451.0	438.0	444.0
HG03763	HG03761	HG03762	PJL	480.54	600.54	444.14	471.287	602.34	437.035	562.8	684.06	491.68	156.76	156.54	142.28	18.9823	18.668	17.2759	11.8925	11.8587	1.8642	49.0494	61.2733	34.0653	73.5449	70.8518	48.4124	12.61	13.1716	11.5454	154.3079	153.8413	154.3811	2.8487	2.802	3.6381	0.7455	0.6629	0.5466	0.8853	0.8225	0.9227	0.2513	0.2497	0.2516	0.8262	0.239	0.1832	1.9988	1.9916	1.9817	9.84	10.08	10.11	860.4657	1015.4508	783.4394	50.9535	86.1368	47.3789	36.898	38.062	35.601	0.0868	0.0614	0.1177	1.2604	1.2562	1.1355	444.0	446.0	425.0
HG03795	HG03794	HG03793	BEB	635.23	571.04	558.87	629.858	560.352	555.5	728.6	693.32	671.82	189.25	168.73	139.38	16.0774	21.0718	15.2821	11.5822	12.9346	1.2714	43.0078	38.5791	51.9126	68.2356	85.3931	53.3145	12.9375	10.7954	14.4702	142.7744	158.9694	144.8912	2.364	2.4164	2.2647	0.6408	0.6402	0.6283	0.7686	0.7483	0.834	0.2436	0.2452	0.2437	0.7605	0.3106	0.4285	1.9905	1.9969	1.9941	9.61	10.06	9.91	1113.6603	849.5858	752.9324	84.0005	124.1685	33.1635	37.895	37.258	34.348	0.0756	0.0741	0.0954	1.2642	1.3156	1.3465	444.0	452.0	446.0
HG03798	HG03797	HG03796	BEB	470.76	638.76	405.93	468.848	630.404	393.358	555.44	723.19	457.26	131.36	105.92	179.19	22.63	24.153	17.6718	8.8856	8.8853	1.2074	40.8924	38.1501	38.9021	72.0944	64.3172	55.6543	10.8492	10.3842	12.0697	156.702	145.8278	164.6547	2.8553	2.642	3.2586	0.7189	0.4237	0.7038	0.8735	0.9289	0.8217	0.2833	0.2802	0.2683	0.5069	0.3725	0.5374	1.9947	1.9918	1.9981	10.13	10.16	9.95	681.8643	1136.8934	976.9531	37.7645	19.8694	60.046	37.895	38.082	35.843	0.0752	0.0803	0.1033	1.3027	1.255	1.1865	447.0	454.0	421.0
HG03801	HG03800	HG03799	BEB	424.23	468.21	377.66	418.604	467.541	372.238	499.45	541.03	432.84	234.0	223.86	153.1	18.5125	22.445	15.5825	1.5912	9.2052	1.4381	39.3289	35.1766	39.9515	52.4237	68.9064	48.2759	10.3473	9.9732	11.4661	171.4849	164.4194	164.834	2.7019	2.4905	2.6284	0.5469	0.4393	0.6451	0.7843	0.8189	0.8407	0.2312	0.2436	0.2446	0.4096	0.2895	0.4092	1.993	1.9936	1.9979	10.01	10.05	9.92	828.4301	581.3063	996.8147	39.5807	23.5603	19.3697	36.609	37.15	36.668	0.0953	0.0976	0.0655	1.2463	1.2486	1.2627	450.0	434.0	441.0
HG03804	HG03803	HG03802	BEB	516.41	390.05	660.78	508.88	379.815	651.851	616.1	453.51	733.91	210.9	197.78	204.36	22.3576	15.1998	24.8072	1.7565	12.1996	1.6622	52.0392	36.8946	43.8528	56.9729	79.3291	57.0255	10.3316	9.7128	10.1173	159.2259	155.6643	157.6109	2.9509	3.3311	2.7229	0.5295	0.4678	0.6476	0.8729	0.8448	0.8831	0.2269	0.2364	0.238	0.6043	0.2295	0.4386	2.0022	1.9914	1.9955	10.09	10.07	10.01	901.0579	824.2981	756.5506	52.054	189.2654	83.9805	34.776	33.014	38.546	0.1002	0.0801	0.0973	1.2755	1.201	1.1912	438.0	419.0	442.0
HG03807	HG03806	HG03805	BEB	510.74	563.28	522.08	497.475	558.2	517.023	601.47	656.2	592.9	122.82	114.55	115.21	20.675	19.1102	17.5877	1.2956	10.3899	1.346	40.5941	34.6576	49.8735	40.1822	67.1745	50.0517	8.9239	10.8491	10.4866	157.581	153.1688	159.076	2.0581	2.4596	2.1746	0.6584	0.676	0.5972	0.8975	0.9227	0.7806	0.2342	0.2528	0.2202	0.4502	0.5064	0.4587	1.9944	1.9944	1.9947	10.03	9.98	9.94	784.6251	828.725	786.483	49.0854	51.9479	23.532	33.814	39.633	40.39	0.0995	0.0684	0.105	1.2638	1.2945	1.2104	442.0	447.0	440.0
HG03816	HG03815	HG03814	BEB	505.23	441.94	504.34	496.58	436.608	500.176	611.2	495.89	573.55	148.2	65.42	168.81	22.6472	23.5502	25.5484	1.6983	9.5335	1.1958	48.0355	48.1551	40.4996	61.3533	89.4133	56.8141	9.9556	9.5391	11.1706	152.0601	156.259	148.7527	3.2601	3.4581	2.4626	0.5133	0.5155	0.6169	0.8248	0.87	0.8115	0.238	0.2321	0.2223	0.5548	0.3861	0.5635	2.0012	1.9966	1.9952	9.95	10.06	10.03	764.5477	826.4266	787.0684	39.8743	64.0889	37.6974	33.739	41.257	33.724	0.0953	0.1047	0.0933	1.325	1.1956	1.2001	456.0	454.0	453.0
HG03825	HG03824	HG03823	BEB	294.67	419.98	223.16	291.24	410.716	225.429	348.77	486.58	254.05	150.42	144.69	147.59	17.4198	14.2625	24.5293	1.9892	18.3267	1.2262	42.0085	30.4286	48.8128	49.489	79.0421	54.6122	9.017	9.2234	10.6361	159.9989	160.6658	162.3412	2.8418	2.975	2.7523	0.6809	0.6752	0.7308	0.8086	0.7648	0.9194	0.2217	0.2271	0.2429	0.3668	0.7412	0.2756	2.0035	2.0001	1.9875	9.96	9.99	10.08	960.0355	985.1142	930.4427	26.6642	49.8835	36.8262	36.486	34.245	36.283	0.0719	0.0772	0.1017	1.3113	1.1942	1.268	441.0	414.0	421.0
HG03831	HG03830	HG03829	BEB	489.07	470.24	659.57	484.175	459.483	674.089	562.15	536.04	699.47	196.01	170.94	178.6	15.2373	14.2015	22.5395	1.3882	11.3306	1.318	44.4972	41.1254	43.0251	62.6345	79.0826	65.4467	11.8967	11.0309	11.1951	157.9007	155.2996	160.6241	3.1491	2.9039	3.164	0.4361	0.479	0.5043	0.7821	0.8228	0.8414	0.2662	0.2565	0.2756	0.3378	0.3847	0.3051	1.9909	2.0034	1.9948	10.09	10.11	9.94	791.3999	1065.6539	859.7649	29.7282	27.6479	26.5758	36.255	33.923	36.171	0.0644	0.0872	0.102	1.2546	1.2526	1.1996	442.0	414.0	423.0
HG03834	HG03833	HG03832	BEB	329.93	617.59	333.24	323.697	601.873	326.265	383.01	702.64	376.28	121.96	121.51	209.45	17.2484	18.3781	17.4465	1.5406	6.6454	0.9395	32.1689	43.7081	41.3699	65.2632	76.3987	56.8102	12.1211	10.2927	12.1877	159.8555	161.237	160.3917	3.0455	2.3027	3.1617	0.6832	0.4874	0.6453	0.7587	0.8397	0.7468	0.2494	0.2456	0.2515	0.5276	0.3135	0.7687	1.9939	2.0031	2.0013	10.2	10.08	9.98	848.7915	974.1469	1092.3716	77.2787	63.0491	183.8764	36.105	38.112	34.021	0.1027	0.0825	0.0817	1.2294	1.1812	1.1807	438.0	402.0	431.0
HG03906	HG03905	HG03904	BEB	521.52	485.82	589.48	521.663	471.108	602.641	580.29	549.32	684.36	159.03	124.27	254.23	18.1336	15.6634	17.7501	12.3667	12.5846	1.3126	39.5679	40.6001	37.3763	72.669	68.7492	58.2172	7.8162	9.9857	8.5095	158.4479	158.9421	150.2956	3.0952	3.0237	3.158	0.5717	0.6781	0.5435	0.7558	0.839	0.8041	0.2196	0.2428	0.2236	0.2833	0.2831	0.1901	1.9966	1.9972	1.9971	10.07	9.93	10.19	969.4767	790.0303	1076.7882	25.3293	47.8769	48.4919	37.459	34.896	36.544	0.0664	0.0856	0.0607	1.2156	1.1812	1.2318	446.0	423.0	444.0
HG03909	HG03908	HG03907	BEB	551.53	356.66	515.94	543.798	347.995	505.028	649.68	380.47	583.48	155.31	141.75	187.39	19.9038	21.4903	19.3161	12.7442	13.6152	1.7771	38.6373	34.5266	48.9222	79.7971	73.4598	64.7031	11.2128	9.892	9.4256	151.944	154.4879	146.1391	2.9379	2.5003	2.8969	0.7531	0.6146	0.518	0.8162	0.9172	0.8604	0.2579	0.263	0.2386	0.2994	0.3136	0.2777	2.01	1.9914	2.0078	10.23	10.09	10.05	957.9857	909.2806	835.9369	42.4046	28.502	56.8025	35.013	45.448	37.836	0.1037	0.1262	0.0849	1.2552	1.1061	1.1656	445.0	426.0	421.0
HG03915	HG03914	HG03913	BEB	527.58	418.53	462.0	518.975	411.957	459.864	593.01	465.16	525.57	232.2	145.66	222.22	22.3705	16.1359	31.6609	1.1455	10.0704	1.3569	49.3196	50.0714	36.8916	63.7123	75.364	75.48	9.7103	10.7608	12.6007	152.36	155.3015	161.2504	3.0721	3.1576	2.6375	0.6904	0.3813	0.7685	0.8249	0.8764	0.8745	0.2595	0.2568	0.2545	0.4505	0.382	0.3066	1.9958	2.0116	1.9911	9.94	9.47	10.0	756.0181	796.5878	771.1143	90.4989	88.864	89.4067	34.282	34.081	37.834	0.1104	0.0937	0.1063	1.217	1.1605	1.2381	450.0	445.0	432.0
HG03927	HG03926	HG03925	BEB	548.82	457.47	479.61	550.107	448.66	471.68	635.58	539.69	542.91	138.43	193.71	135.4	28.7887	33.9618	23.0627	1.472	10.1993	1.5247	42.574	46.7554	30.3107	61.4661	75.948	65.1356	11.2583	11.1659	11.3761	156.8755	154.6589	156.957	3.2601	2.9304	3.152	0.6606	0.471	0.5902	0.836	0.9117	0.9304	0.2556	0.2688	0.2664	0.4493	0.4321	0.7069	2.001	2.0111	1.9957	9.97	9.89	10.98	954.6003	946.7886	835.0329	23.51	22.7324	14.0954	35.77	34.207	42.913	0.0669	0.0763	0.1098	1.2434	1.2242	1.2171	449.0	416.0	428.0
HG03930	HG03929	HG03928	BEB	404.3	456.48	441.93	398.757	450.832	436.589	479.08	540.44	496.4	189.77	121.53	169.78	18.1085	22.6705	16.3501	1.5775	11.3675	1.6339	57.9267	57.6228	47.5743	50.6527	70.1614	64.1816	11.6769	13.3734	9.862	159.5692	164.5756	158.4057	2.8943	2.4285	2.8697	0.7567	0.698	0.688	0.8988	0.8799	0.8659	0.2537	0.2517	0.2463	0.3803	0.3938	0.3141	1.9942	2.0054	1.9931	10.13	10.35	10.05	918.2748	849.9522	860.7738	19.3283	65.4885	32.7622	34.862	34.886	34.335	0.0941	0.077	0.0995	1.3104	1.2852	1.1873	441.0	452.0	451.0
HG03942	HG03941	HG03940	BEB	756.47	595.95	523.11	756.064	579.136	516.01	896.68	699.92	577.28	193.9	115.57	207.47	19.3904	19.3578	17.3902	10.6884	10.9487	1.3974	51.5618	38.4268	52.7961	79.6679	78.339	65.4303	9.7973	11.2078	9.4358	156.0997	157.2031	156.0604	2.6741	2.8479	2.8887	0.6203	0.5544	0.6682	0.8607	0.9218	0.8	0.2468	0.2513	0.2411	0.3718	0.3966	0.4518	1.9868	1.9893	2.0197	10.8	10.84	9.9	1196.3476	1229.9639	816.9013	13.4675	37.8377	65.1444	37.234	36.658	34.886	0.0772	0.0813	0.1082	1.3291	1.2444	1.1877	447.0	407.0	449.0
HG03992	HG03943	HG03944	STU	385.55	405.2	420.82	384.53	389.442	413.668	450.99	458.24	488.61	124.2	96.23	258.2	20.1745	20.0865	16.5318	8.7309	8.6053	1.5582	48.037	51.1297	41.8451	70.5622	69.0961	56.7468	11.7145	12.1077	10.7802	155.4146	154.5664	148.0142	3.1699	2.81	3.3656	0.5977	0.4568	0.7199	0.8448	0.8748	0.9082	0.25	0.2471	0.2478	0.4485	0.4302	0.5796	1.9945	1.9976	1.9905	10.07	10.45	10.25	802.1913	840.979	922.7908	19.8189	45.6339	12.9252	37.113	32.719	36.433	0.0758	0.0739	0.0805	1.2672	1.1937	1.2143	451.0	424.0	429.0
HG04036	HG03943	HG03944	STU	428.21	405.2	420.82	421.661	389.442	413.668	486.9	458.24	488.61	130.8	96.23	258.2	20.6981	20.0865	16.5318	1.0097	8.6053	1.5582	44.4432	51.1297	41.8451	55.0244	69.0961	56.7468	11.7157	12.1077	10.7802	149.3822	154.5664	148.0142	3.2488	2.81	3.3656	0.5948	0.4568	0.7199	0.8429	0.8748	0.9082	0.2379	0.2471	0.2478	0.3983	0.4302	0.5796	2.0013	1.9976	1.9905	10.46	10.45	10.25	829.0701	840.979	922.7908	24.7494	45.6339	12.9252	35.608	32.719	36.433	0.0759	0.0739	0.0805	1.2108	1.1937	1.2143	438.0	424.0	429.0
HG04115	HG03896	HG03894	STU	527.75	495.56	500.7	516.772	484.124	491.309	632.81	561.62	561.6	189.51	221.38	164.7	20.7712	20.7913	20.0585	11.2229	11.3518	1.5483	55.0894	49.1998	52.5135	71.5125	67.96	52.0684	12.8157	10.339	12.441	162.3313	164.2215	157.1114	2.2468	2.6959	2.6941	0.9827	0.7728	0.9403	0.9418	0.8735	0.9905	0.2548	0.2493	0.2472	0.7793	0.5521	0.4876	1.9969	1.996	1.9957	10.14	9.9	9.95	1131.209	940.1948	847.8025	51.0189	20.6861	28.5037	35.848	35.167	37.504	0.0785	0.0859	0.077	1.288	1.1878	1.1881	432.0	419.0	440.0
HG04122	HG04127	HG04075	STU	644.56	526.0	543.73	636.294	515.748	544.669	761.49	633.5	599.49	184.48	172.81	160.53	20.1748	22.328	16.4292	14.2464	14.7096	1.6693	50.3828	55.0234	34.2721	74.9264	80.9017	47.7599	10.913	10.9743	9.8319	158.7515	149.5201	171.1796	2.8253	2.9619	2.5592	0.6032	0.4172	0.7891	0.9038	0.9243	0.853	0.2646	0.274	0.2414	0.6578	0.4508	0.5914	1.9913	1.9953	1.9906	10.13	10.53	10.15	1237.5448	938.2911	979.3185	16.3798	42.8074	29.5151	37.394	38.753	41.085	0.0806	0.0783	0.1156	1.2695	1.3141	1.1464	444.0	447.0	439.0
HG04133	HG04131	HG04132	BEB	349.58	247.23	452.84	343.743	247.197	448.757	412.88	275.57	527.48	234.88	233.72	129.9	20.6794	19.6478	23.3849	1.8131	12.4654	1.5361	51.4091	42.3467	57.0339	44.08	77.3113	38.7007	10.5526	9.8754	11.3539	159.7143	157.6748	169.7875	2.5113	2.8793	3.2323	0.5095	0.6776	0.4988	0.8944	0.9037	0.8968	0.2576	0.2454	0.2511	0.433	0.4238	0.3371	2.0041	2.0016	1.9899	10.08	10.04	10.1	745.5872	782.2652	834.4078	51.7521	27.82	35.8407	36.542	41.395	35.795	0.0828	0.0843	0.0791	1.2749	1.1523	1.2713	445.0	421.0	449.0
HG04136	HG04134	HG04135	BEB	566.35	484.51	503.05	563.03	478.826	507.009	669.69	545.04	576.14	162.13	158.65	203.55	19.6758	20.2272	18.8934	1.2084	8.9639	1.5016	52.5495	57.4002	49.1036	59.3016	73.636	48.3819	10.5484	8.7431	9.2129	160.0423	151.4298	161.3807	3.337	2.7294	2.9587	0.6334	0.6894	0.6311	0.8646	0.859	0.9222	0.2589	0.2513	0.2269	0.5554	0.651	0.4364	2.0009	1.9965	1.9972	10.17	10.04	10.13	1023.9001	829.5567	697.757	24.6666	80.2195	37.8426	37.935	38.46	35.618	0.0708	0.0876	0.0642	1.3144	1.1865	1.2433	452.0	427.0	450.0
HG04142	HG04140	HG04141	BEB	550.85	523.79	552.47	547.899	516.229	548.107	608.87	583.42	615.79	179.28	168.1	161.5	19.1512	18.1552	20.9859	1.1687	8.6797	1.0983	31.6748	26.8404	36.4182	59.2067	78.8641	47.8352	9.8994	9.9162	9.9731	147.4397	133.1265	151.4242	2.5061	1.6363	3.0062	0.4679	0.4612	0.5462	0.8294	0.9039	0.9056	0.2305	0.2207	0.2408	0.4683	0.6995	0.3068	1.9905	2.0086	1.9954	10.06	10.14	10.16	1098.5923	924.7838	1092.7083	77.1716	26.4453	56.5125	35.943	41.862	47.063	0.07	0.0904	0.1111	1.2221	1.1774	1.1613	446.0	430.0	431.0
HG04148	HG04146	HG04147	BEB	453.37	404.3	446.17	445.215	392.893	440.07	527.28	469.94	510.8	295.46	157.29	267.51	18.7954	20.1872	16.5443	1.0599	10.9676	0.9003	39.4429	48.8721	37.5736	60.947	80.0364	48.0063	12.413	12.4121	11.4611	160.4417	157.6407	154.9633	2.2584	2.2249	2.9399	0.7102	0.6622	0.5544	0.9679	0.9262	0.9092	0.273	0.2659	0.2613	0.5961	0.2443	0.8003	1.9999	1.9939	1.9884	9.79	9.85	9.75	877.9853	818.0646	802.7241	20.1814	48.9007	23.2784	37.469	36.748	36.588	0.0716	0.0834	0.0986	1.3371	1.2069	1.25	445.0	413.0	446.0
HG04151	HG04149	HG04150	BEB	551.95	429.97	439.23	549.538	426.739	437.732	622.25	504.12	496.31	203.56	250.13	157.48	18.1435	25.226	15.3973	1.1522	6.9235	1.2096	45.6333	41.7307	41.3645	57.6358	65.2476	50.776	13.3908	14.4455	10.3295	152.6164	151.713	154.7723	2.6443	3.4242	2.9745	0.6313	0.6498	0.6107	0.9339	0.9609	0.9068	0.2619	0.2822	0.2443	0.5152	0.4399	0.3346	2.0009	1.9881	1.9942	11.09	10.06	11.01	1038.9992	690.0784	860.936	36.7138	59.685	39.5994	37.085	37.109	34.408	0.0716	0.0715	0.0667	1.2241	1.2896	1.205	444.0	451.0	431.0
HG04157	HG04155	HG04156	BEB	490.56	477.5	453.81	478.733	466.151	441.521	575.69	536.51	507.26	181.06	92.37	187.9	15.6582	19.1711	16.6194	10.0216	9.9224	1.9402	43.0836	39.1088	36.1451	72.3344	73.9001	49.1529	12.288	10.927	10.2093	158.4416	167.6544	151.2274	4.3678	4.09	2.7556	0.5445	0.611	0.6782	0.8387	0.8461	0.8457	0.2688	0.2441	0.2452	0.5412	0.5952	0.4405	1.9895	1.9911	2.0012	10.13	9.84	9.98	987.3908	1216.3899	1116.2414	23.1424	17.1851	28.9473	38.393	38.409	38.987	0.074	0.0793	0.0806	1.2919	1.2081	1.176	444.0	428.0	430.0
HG04160	HG04158	HG04159	BEB	503.96	649.43	390.48	494.195	644.761	381.994	597.12	717.07	452.2	182.5	139.14	170.49	14.9454	21.1783	16.1492	12.5046	12.202	1.4942	45.9905	48.6324	44.0131	83.4633	81.6158	55.0044	10.9143	9.9083	9.7728	157.1371	160.0451	159.0416	2.9733	2.4142	3.1158	0.6001	0.6112	0.5873	0.8815	0.856	0.8588	0.2562	0.2474	0.2589	0.4455	0.3767	0.4577	2.0009	1.9919	1.9879	10.25	10.07	9.98	965.9713	833.3009	973.0634	44.2858	195.4316	31.6043	36.653	37.785	41.404	0.0768	0.0872	0.0846	1.2797	1.1648	1.2081	436.0	431.0	418.0
HG04175	HG04173	HG04174	BEB	406.55	368.92	410.13	399.97	362.696	408.267	478.99	416.66	484.56	117.51	164.53	87.33	20.722	20.7955	20.6758	1.2686	7.5853	1.7335	37.2779	35.1287	54.5803	66.5468	78.0203	56.7519	11.1409	11.6085	9.4839	154.2446	154.861	152.6958	2.7367	3.0306	2.7033	0.6697	0.6692	0.6781	0.9452	0.9438	0.9212	0.2619	0.2469	0.2606	0.647	0.5631	0.622	2.0004	1.9919	2.0005	10.24	10.25	10.2	902.2357	1006.7031	1151.2374	72.6954	78.9683	52.1097	37.164	38.679	37.86	0.075	0.1	0.0691	1.2755	1.1873	1.2793	451.0	434.0	451.0
HG04184	HG04182	HG04183	BEB	662.82	670.79	488.83	657.256	667.66	484.042	766.17	756.57	545.41	192.78	235.64	103.63	25.0217	23.0651	24.1477	1.2251	12.5467	1.5839	35.7102	41.592	35.7705	60.4798	68.9144	56.2654	10.5516	9.2365	11.1474	161.4939	167.3347	159.322	3.5461	2.7666	3.1814	0.5304	0.4033	0.539	0.8268	0.9151	0.7881	0.2515	0.2528	0.2321	0.4674	0.3712	0.4088	1.9965	2.0061	2.0068	10.2	10.23	10.01	871.7314	751.4007	923.6215	37.3681	69.3134	40.958	35.151	37.046	49.705	0.0758	0.1024	0.1112	1.2608	1.1839	1.1589	449.0	433.0	429.0
HG04187	HG04185	HG04186	BEB	644.48	717.06	472.43	641.399	717.802	460.447	751.59	784.58	529.23	205.83	176.59	151.97	20.4423	16.0005	21.8613	8.0596	7.7202	1.43	34.0503	38.39	39.0354	53.7875	59.453	41.2517	10.4155	10.8491	10.4557	147.2383	151.9093	146.8608	2.2903	2.5525	2.2913	0.6369	0.7131	0.4735	0.7993	0.8193	0.8706	0.2386	0.2295	0.2424	0.3593	0.5213	0.181	1.9843	1.9979	1.9998	10.08	10.0	10.12	994.149	762.1722	1012.8365	65.3811	36.256	12.4799	37.258	34.666	39.694	0.0735	0.0941	0.0862	1.2839	1.1198	1.1523	446.0	420.0	426.0
HG04193	HG04191	HG04192	BEB	423.94	471.2	454.69	422.856	468.699	458.05	472.32	530.87	513.14	130.23	155.84	196.83	24.1352	25.0835	25.2508	10.3256	10.3624	1.0232	50.4811	48.9208	50.9499	75.1141	71.3641	63.1993	10.6543	9.4492	11.4455	165.2034	159.135	157.4331	3.0126	2.877	3.4988	0.4303	0.4072	0.4013	0.961	0.8745	0.9659	0.254	0.2346	0.2489	0.4628	0.3222	0.5654	1.9991	1.9973	1.9939	10.18	9.89	10.21	806.334	1203.5084	714.4707	48.2958	11.713	26.6054	35.528	37.125	35.311	0.0709	0.0907	0.0753	1.2038	1.2149	1.2262	447.0	445.0	442.0
HG04199	HG04100	HG04099	STU	570.27	428.06	645.77	563.572	428.426	636.946	670.0	465.89	735.82	134.34	107.19	119.08	18.3459	18.3524	17.1884	10.8174	11.0252	1.3819	36.0089	33.1768	42.3533	76.4236	74.4979	51.846	8.9862	9.6031	10.5326	149.9342	155.6769	148.653	2.8771	3.2964	3.2143	0.7	0.5475	0.5778	0.873	0.93	0.857	0.2591	0.2574	0.25	0.555	0.4569	0.1948	1.999	1.9947	1.9979	10.02	10.0	9.92	916.2555	915.0966	761.3812	41.1622	27.9026	19.3574	36.907	49.294	36.93	0.0721	0.1135	0.0804	1.2777	1.1583	1.1832	449.0	430.0	425.0
HG04204	HG03679	HG03642	STU	619.34	664.59	654.83	610.23	657.701	641.633	719.39	767.29	750.19	222.86	166.48	216.68	19.1755	20.5249	19.4039	12.4103	12.726	1.4277	54.2591	55.2577	49.6454	71.2091	78.4989	44.0944	12.1758	11.0456	12.5511	148.417	150.025	159.3704	3.2923	2.8049	3.1603	0.7892	0.8906	0.6067	0.8298	0.8414	0.8379	0.2549	0.2434	0.2507	0.6596	0.5959	0.2119	1.9984	2.0042	1.9957	9.92	10.07	10.1	966.7075	708.6255	899.0341	15.5255	30.4322	13.1062	37.57	36.109	37.169	0.0799	0.0938	0.1061	1.2932	1.2532	1.2244	446.0	422.0	414.0
HG04215	HG03679	HG03642	STU	661.98	664.59	654.83	659.834	657.701	641.633	781.98	767.29	750.19	214.72	166.48	216.68	21.6157	20.5249	19.4039	12.8927	12.726	1.4277	58.6431	55.2577	49.6454	71.9748	78.4989	44.0944	11.4258	11.0456	12.5511	156.8296	150.025	159.3704	3.3452	2.8049	3.1603	0.8017	0.8906	0.6067	0.8261	0.8414	0.8379	0.2462	0.2434	0.2507	0.3998	0.5959	0.2119	1.994	2.0042	1.9957	10.08	10.07	10.1	857.5005	708.6255	899.0341	47.0403	30.4322	13.1062	37.334	36.109	37.169	0.078	0.0938	0.1061	1.2833	1.2532	1.2244	454.0	422.0	414.0
HG04217	HG04198	HG04200	ITU	355.28	380.3	346.87	354.412	374.782	350.784	394.93	412.39	384.08	168.17	203.65	156.77	19.1354	17.8026	19.2825	1.2516	16.982	1.3362	43.3739	49.0516	43.1439	51.2833	56.7001	51.3579	11.1625	9.1076	13.6443	155.5556	155.8113	152.7323	2.7401	2.0725	2.5887	0.6959	0.649	0.5768	0.906	0.9009	0.8769	0.25	0.2329	0.2398	0.3721	0.2624	0.4228	1.9834	2.027	1.9976	10.12	9.96	9.97	861.8649	815.1059	719.0121	51.3908	45.3052	60.273	35.751	47.97	40.075	0.0717	0.0772	0.0861	1.2081	1.1232	1.1431	444.0	426.0	430.0
HG04228	HG04229	HG04227	STU	367.12	579.49	332.34	360.362	579.739	327.757	430.51	645.68	364.81	202.11	94.31	227.49	21.6726	24.6081	16.5675	9.492	9.7433	1.1261	41.7667	39.9828	37.5146	70.6405	69.23	52.9422	9.4249	8.9486	8.6259	156.8183	153.8196	166.3814	3.1152	2.997	2.7306	0.4558	0.6435	0.5363	0.8835	0.9481	0.8546	0.2467	0.2357	0.224	0.4812	0.3698	0.5176	2.0014	1.9989	1.9988	10.05	10.53	10.04	1112.1505	763.7371	776.0746	36.3261	40.2683	85.0193	37.627	32.876	38.646	0.0815	0.0874	0.1183	1.2731	1.1419	1.1362	451.0	434.0	437.0
NA06991	NA06993	NA06985	CEU	560.4	428.8	495.81	550.034	420.411	489.312	672.1	490.18	561.92	166.35	160.1	132.6	22.2334	21.1934	27.4563	1.6796	11.0139	1.2865	43.954	48.9636	40.7652	62.0526	83.5301	55.1946	11.6023	11.5465	12.7379	153.723	148.0323	151.7311	2.4341	3.1302	2.1622	0.5764	0.6231	0.5653	0.8265	0.8224	0.8558	0.2487	0.2513	0.2242	0.4952	0.2647	0.0877	1.9969	1.9927	1.9821	9.98	10.12	10.31	938.7281	1153.7018	1704.9153	15.3813	50.6733	0.0	33.391	37.187	39.195	0.0976	0.0704	0.0863	1.3146	1.2719	1.2009	436.0	446.0	422.0
NA06995	NA07435	NA07037	CEU	395.5	447.9	311.24	398.048	439.93	310.561	438.39	537.11	346.74	244.95	297.57	177.28	18.3844	16.8687	15.9142	4.8482	4.8245	2.3249	40.3891	38.896	45.7226	70.9773	79.7182	47.2115	9.9289	11.1803	11.4992	149.506	149.225	154.8889	2.7126	3.304	3.0975	0.6298	0.6386	0.61	0.8023	0.8579	0.8337	0.2415	0.2553	0.2358	0.2787	0.2659	0.2685	1.9946	2.0153	1.9964	9.98	10.18	9.94	1002.3518	850.6274	839.9466	36.3913	11.7253	37.848	37.215	38.659	38.882	0.0655	0.0691	0.0976	1.2137	1.3389	1.1932	450.0	449.0	441.0
NA06997	NA06986	NA07045	CEU	415.16	396.71	231.73	414.768	393.493	227.805	487.74	441.11	276.79	202.45	178.36	190.53	22.4191	16.1358	21.0807	1.22	11.3825	0.8883	47.0252	47.201	41.9506	51.5077	69.97	52.5053	10.5635	13.2612	11.2785	149.6312	140.1079	147.8616	2.6302	2.6522	2.9518	0.5339	0.4823	0.6257	0.7821	0.8673	0.7863	0.2268	0.2408	0.2341	0.2906	0.4076	0.7968	2.0008	2.0033	1.9953	9.18	9.99	9.0	953.6556	1207.1309	791.1129	28.975	24.3724	16.8505	35.825	36.56	38.747	0.0885	0.1064	0.0709	1.2685	1.1816	1.3315	449.0	434.0	453.0
NA07014	NA07051	NA07031	CEU	339.59	336.37	301.12	336.814	337.184	308.406	394.98	361.11	352.47	265.16	195.4	231.49	20.2616	14.9739	16.0734	1.1875	12.1641	2.2439	67.6445	47.241	40.7332	76.7596	67.0884	55.5627	10.2358	10.651	10.2389	173.1342	129.2438	136.1014	3.638	3.1833	3.0358	0.5437	0.7325	0.5598	0.8434	0.861	0.7812	0.2321	0.2295	0.2183	0.4504	0.2553	0.3791	1.9919	1.9811	1.9945	9.97	10.47	9.81	1004.1471	826.7828	252.1934	40.2414	467.8494	40.6783	38.115	36.334	36.828	0.0797	0.093	0.068	1.2586	1.2283	1.3739	447.0	437.0	459.0
NA07019	NA07022	NA07056	CEU	268.16	165.63	405.9	265.146	164.809	398.543	316.31	193.17	468.07	236.58	286.75	179.91	26.1111	17.5638	23.9666	1.6562	13.1384	0.8562	42.9831	41.4764	44.3828	61.8452	68.6067	56.5043	10.8309	12.2998	11.4044	147.8338	147.2027	161.6544	2.7033	2.9711	3.5618	0.5045	0.551	0.5585	0.8409	0.8395	0.8355	0.2468	0.2612	0.2278	0.5148	0.2351	0.4017	1.997	1.9984	1.9973	9.88	10.09	10.0	1125.984	1213.9388	1218.4267	15.0764	22.7704	56.2317	36.998	36.645	35.157	0.0844	0.0726	0.083	1.2705	1.3021	1.2522	448.0	456.0	433.0
NA07029	NA06994	NA07000	CEU	620.74	519.45	528.38	617.964	509.027	524.707	731.55	619.28	632.84	203.99	199.19	142.15	17.8103	18.4987	15.3042	12.8449	13.224	1.6289	40.1657	40.0865	48.4489	78.965	75.324	53.5764	12.172	11.779	12.9222	131.1241	150.2082	147.2614	3.4218	3.4943	3.6282	0.5017	0.4224	0.6632	0.8209	0.7967	0.9337	0.2444	0.244	0.254	0.1705	0.1965	0.1655	1.9944	1.9828	1.989	9.86	10.0	9.98	993.8983	1191.9445	985.8367	15.9259	92.7046	17.7361	37.586	34.183	41.462	0.075	0.084	0.0876	1.2933	1.2725	1.3106	449.0	409.0	431.0
NA07048	NA07034	NA07055	CEU	415.93	523.71	250.84	409.491	512.637	245.405	489.04	627.72	290.71	130.08	210.26	215.77	21.6238	22.301	21.6807	12.4403	12.7114	1.4698	47.2193	42.5155	56.532	74.0372	76.5839	53.4743	10.0642	9.9529	11.3312	147.7584	150.3004	146.3027	2.7216	3.2737	2.7492	0.7331	0.6861	0.7766	0.8306	0.7863	0.8363	0.2381	0.2529	0.241	0.3794	0.2273	0.978	1.9995	2.0021	1.9742	9.99	9.95	9.71	829.6704	1096.1313	813.7729	39.0055	23.7459	28.8177	36.541	35.045	34.498	0.0723	0.0694	0.0733	1.2639	1.3201	1.2917	439.0	452.0	448.0
NA07348	NA07357	NA07345	CEU	427.34	425.81	352.58	418.401	417.663	349.821	499.25	478.18	415.33	143.27	153.88	196.46	18.8748	18.7211	18.3956	1.341	9.8224	1.9353	56.3225	49.843	55.7834	71.506	89.1097	60.0314	16.4173	12.5632	15.194	149.1976	154.0285	148.8289	2.9244	2.8867	2.8355	0.4553	0.4671	0.6137	0.8448	0.9182	0.7808	0.2471	0.2534	0.2564	0.2612	0.1451	0.3608	1.9983	1.9991	1.9948	9.98	9.92	10.06	1254.0839	1207.5505	883.6621	217.8001	84.0558	102.4854	36.376	34.293	33.264	0.0737	0.0958	0.0998	1.2921	1.2141	1.264	444.0	453.0	450.0
NA07349	NA07347	NA07346	CEU	282.99	352.7	389.1	279.246	348.278	382.226	335.46	389.45	473.44	187.09	200.42	177.66	18.2342	14.7915	17.5466	11.459	12.1124	1.242	47.5487	42.0902	48.1482	76.6738	63.1476	55.9687	11.3437	11.0583	10.2493	139.5182	149.3557	113.8081	2.711	2.6927	2.5915	0.5628	0.519	0.5519	0.9118	0.9384	0.825	0.2739	0.2605	0.2555	0.4095	0.1565	0.0593	1.9994	1.9919	1.9845	9.93	10.17	9.91	875.6067	997.2546	1022.1861	25.208	11.8174	449.4291	34.343	36.982	37.742	0.0641	0.0657	0.0658	1.3291	1.1625	1.3706	442.0	431.0	446.0
NA10830	NA12154	NA12236	CEU	286.18	172.75	416.57	278.873	172.336	413.696	335.95	206.38	467.94	197.63	141.68	218.74	20.668	21.1435	19.9651	11.0087	10.9139	1.6347	48.2332	52.7253	49.7736	65.3443	68.9418	51.2917	12.0924	10.6242	10.0541	147.7647	147.6181	154.334	2.8208	2.9954	2.5794	0.6639	0.6075	0.4437	0.7915	0.7891	0.8323	0.2563	0.247	0.2345	1.043	0.429	0.0934	2.0008	1.9952	2.025	9.91	9.87	10.05	1147.5563	1154.1012	936.1159	257.4556	128.5184	242.5453	34.222	36.839	35.942	0.0947	0.0803	0.0787	1.2486	1.2784	1.2562	447.0	439.0	439.0
NA10831	NA12155	NA12156	CEU	485.15	500.3	502.32	479.712	491.198	493.918	586.09	607.1	574.66	181.06	156.36	150.1	22.5312	20.6798	23.8589	1.5493	12.036	2.0397	50.1292	49.9822	45.8274	76.0994	95.2231	78.5562	11.8262	10.8583	11.0493	157.1349	148.3541	155.6838	2.6627	2.8062	2.9394	0.5882	0.4931	0.644	0.8241	0.824	0.8949	0.2387	0.2554	0.2516	0.2016	0.3846	0.2456	1.9974	2.0035	2.0039	10.16	9.95	10.04	1155.6431	1173.9426	1137.1648	35.421	126.2897	73.0601	39.118	36.757	41.355	0.0693	0.0721	0.107	1.3279	1.2954	1.2037	448.0	414.0	411.0
NA10835	NA12248	NA12249	CEU	483.77	399.35	387.41	472.204	393.401	383.101	563.85	457.98	462.43	293.36	215.77	234.58	15.0862	15.4873	15.0822	11.2614	11.8307	1.8972	45.9264	53.497	44.3608	77.9882	72.9762	61.8534	10.651	10.719	11.3672	143.3159	152.804	157.1296	3.3777	4.7393	2.4722	0.5663	0.9216	0.4773	0.8941	0.8974	0.9185	0.2615	0.2475	0.2635	0.5007	0.3994	0.5076	2.0066	2.015	2.0097	9.97	10.57	10.14	893.9409	965.1048	796.2043	74.6978	56.506	91.4584	33.368	35.921	40.925	0.102	0.0717	0.0811	1.2623	1.2318	1.2684	450.0	439.0	419.0
NA10836	NA12274	NA12275	CEU	441.49	325.84	498.13	445.987	326.697	491.799	540.94	377.2	592.06	242.13	143.59	277.44	14.5535	22.2951	18.9642	1.7387	10.643	2.0233	45.0305	55.5808	42.0546	52.0456	71.9977	48.9115	10.0625	9.7368	10.0628	140.7885	150.2603	148.2417	3.4981	3.1324	3.6509	0.4553	0.5106	0.5373	0.9235	0.9365	0.8249	0.2403	0.2556	0.236	0.4746	0.0746	0.2119	2.0073	2.0003	2.0053	10.81	10.9	10.03	755.0872	1819.6383	956.9977	36.9964	11.2537	208.353	37.305	35.922	32.311	0.0667	0.0958	0.0702	1.3614	1.3424	1.3031	442.0	444.0	439.0
NA10837	NA12272	NA12273	CEU	738.85	370.5	601.02	728.065	367.456	598.983	890.67	424.59	706.54	180.23	182.46	163.34	17.1742	17.6236	17.6931	10.8003	11.0944	1.4556	65.7122	54.9277	56.3806	66.4631	65.845	49.7379	9.2326	10.0262	8.9157	144.8198	145.4392	151.5305	2.9213	2.8888	2.8002	0.6023	0.6007	0.7201	0.9002	0.8748	0.8787	0.2509	0.2542	0.2411	0.4907	0.284	0.5748	1.999	1.9999	1.9799	10.03	10.05	10.02	1054.9924	931.6641	1202.1181	17.9345	223.8354	61.022	38.306	38.427	37.556	0.0674	0.1088	0.103	1.3287	1.232	1.2797	430.0	434.0	421.0
NA10838	NA12003	NA12004	CEU	467.02	350.63	439.62	462.796	349.109	428.969	573.52	396.75	507.38	180.42	184.39	123.67	16.8178	16.5441	16.0536	14.1548	14.5621	1.4857	46.3573	36.0415	61.3488	72.2303	73.0792	47.3134	11.8407	10.1967	13.6943	148.2897	146.6611	149.7088	3.4442	3.2074	2.7399	0.5468	0.5287	0.715	0.8613	0.9237	0.8627	0.2535	0.2589	0.2353	0.2955	0.2208	0.2572	1.9824	1.9949	1.9943	10.02	9.92	10.01	973.6728	873.6923	950.3797	25.4758	33.3587	100.0764	37.013	41.049	37.766	0.0635	0.1054	0.0756	1.3563	1.2018	1.2514	453.0	434.0	432.0
NA10839	NA12005	NA12006	CEU	465.28	413.19	524.02	454.242	411.242	535.316	563.14	444.69	583.12	122.73	157.08	128.29	13.641	13.5964	12.9592	1.2087	11.0005	1.4504	43.27	41.4504	33.8602	60.7904	69.2244	43.9583	11.5238	11.3052	12.812	151.0761	154.0241	144.6768	2.9844	2.507	2.473	0.7259	0.5895	0.5849	0.8396	0.8766	0.7353	0.228	0.2357	0.226	1.1156	0.4891	0.2072	2.0035	2.0026	1.9979	9.73	9.7	9.81	971.0607	886.4459	884.2693	108.3868	641.197	41.9499	38.875	34.578	38.117	0.0677	0.0859	0.1246	1.3377	1.1577	1.1177	431.0	436.0	418.0
NA10840	NA12286	NA12287	CEU	381.28	264.81	397.89	380.268	263.353	396.121	454.08	314.01	457.14	174.73	150.61	138.71	20.2219	12.7838	25.1359	1.3326	10.8197	1.6556	44.3264	36.7417	49.3262	45.9516	67.2567	51.4007	12.3682	10.3013	13.0806	147.2701	148.2978	142.8274	2.3321	2.6943	3.3193	0.5173	0.603	0.4918	0.8466	0.8171	0.9516	0.2539	0.2558	0.2485	0.4091	0.3153	0.2835	1.9909	1.9999	1.9997	10.34	10.05	11.04	880.2142	793.1902	681.3777	39.4809	257.0589	136.8211	32.792	38.182	38.489	0.1022	0.1024	0.1077	1.3005	1.2703	1.2474	450.0	429.0	439.0
NA10842	NA11917	NA11918	CEU	403.39	527.87	362.11	403.32	523.531	355.241	445.88	619.45	414.25	128.33	187.23	108.02	14.1508	18.0683	21.0518	15.4914	22.0756	1.9083	45.9555	41.5645	38.0884	74.225	81.6641	54.443	10.204	10.0216	9.1453	138.352	148.0191	148.7589	2.4264	2.4959	2.5081	0.6673	0.5501	0.5938	0.8376	0.8548	0.8602	0.2515	0.2631	0.2324	0.3548	0.3317	0.4622	1.9992	2.0016	1.9941	9.72	10.19	9.74	1085.3599	946.4572	950.6372	111.7325	77.4165	55.4845	36.066	37.241	34.464	0.0724	0.0782	0.0952	1.2305	1.2944	1.2014	426.0	446.0	448.0
NA10843	NA11919	NA11920	CEU	348.55	339.46	362.85	346.527	332.484	361.287	402.71	401.59	418.54	176.38	192.76	230.38	15.4569	15.9421	16.1972	1.9591	14.0857	1.9797	46.261	45.6125	58.9954	60.6025	81.2297	54.7929	11.9846	11.2326	12.1592	154.827	162.8766	143.6079	3.1004	3.0287	2.9553	0.6117	0.5038	0.8871	0.8462	0.9184	0.9146	0.2639	0.2651	0.264	0.4277	0.1763	0.4407	2.0511	2.0069	2.0059	10.34	9.98	9.76	1026.8387	1474.8168	993.9485	45.2188	84.5242	55.0727	36.925	36.086	36.929	0.0771	0.092	0.1198	1.2771	1.241	1.2387	448.0	419.0	424.0
NA10845	NA11930	NA11931	CEU	496.24	402.21	524.15	493.002	400.905	520.14	577.75	459.53	604.91	210.24	170.89	182.39	20.5792	17.0174	16.0739	9.8001	20.2795	1.9382	52.7042	41.1704	48.9947	60.8557	81.2387	60.2922	10.001	10.0634	8.9988	149.6665	150.0157	140.0224	3.441	3.0069	3.5193	0.5802	0.6175	0.8077	0.8157	0.7438	0.8326	0.2344	0.2007	0.2236	0.3329	0.2638	0.1819	1.9968	1.9978	2.0039	9.99	8.99	10.29	658.9457	952.9149	812.6043	67.4614	48.178	84.4578	37.861	33.53	37.868	0.0832	0.0627	0.0903	1.2691	1.2102	1.2511	451.0	431.0	433.0
NA10846	NA12144	NA12145	CEU	480.09	420.6	418.57	480.86	420.692	414.05	557.22	444.81	498.96	217.81	196.9	266.72	16.3758	20.3429	16.5802	11.4411	11.4242	1.5326	49.6196	53.7406	47.4505	75.9397	65.6242	67.7734	10.6456	10.9502	11.8072	152.4948	147.0413	151.4878	3.3672	2.8192	3.0611	0.5943	0.473	0.6884	0.878	0.8135	0.9229	0.2391	0.2221	0.2525	0.1977	0.363	0.3516	1.991	1.9944	2.0169	10.13	9.98	10.15	1312.5202	1148.2746	1062.0399	281.2957	183.696	215.9377	37.141	36.097	35.724	0.0599	0.0948	0.0939	1.2819	1.1007	1.2683	440.0	430.0	452.0
NA10847	NA12146	NA12239	CEU	572.08	489.5	463.61	561.11	480.951	457.714	706.65	580.49	538.49	220.22	189.56	205.53	18.851	15.8162	18.9418	1.8308	15.2312	2.2235	45.719	49.8491	46.6334	52.034	68.569	61.8896	10.6947	11.5525	12.341	145.3928	140.2676	149.1754	2.9339	2.6709	2.7672	0.8757	0.7544	0.6326	0.8992	0.8607	0.8918	0.2481	0.24	0.2615	0.6094	0.2994	0.7685	2.0006	2.0051	1.99	10.24	9.87	9.96	997.7788	725.8927	642.9302	48.5811	119.2738	118.4815	36.925	38.287	35.262	0.0817	0.0676	0.0795	1.3112	1.3263	1.2454	416.0	446.0	452.0
NA10851	NA12056	NA12057	CEU	358.24	415.85	390.54	355.726	410.677	389.935	410.84	475.7	470.44	224.23	139.02	324.23	23.4304	23.7072	15.2558	11.4873	16.8382	1.7029	51.4548	55.8862	43.3307	75.4043	77.1928	65.8145	14.2526	9.5441	13.8865	150.9248	144.9891	151.1883	2.8181	2.8274	3.0297	0.7025	0.6446	0.6197	0.8751	0.841	0.8422	0.2697	0.2557	0.2751	0.3057	0.2282	0.4232	1.9894	2.0013	1.999	9.99	10.05	9.93	1096.8806	985.1213	769.207	269.7851	24.4531	96.126	37.679	35.208	38.688	0.1026	0.1051	0.0671	1.2879	1.2208	1.3219	430.0	447.0	429.0
NA10852	NA12045	NA12046	CEU	449.82	564.88	615.76	447.564	553.171	604.85	536.58	648.77	716.04	209.68	164.88	201.8	18.7527	16.9804	20.5593	1.3464	10.8132	1.711	50.2537	54.5103	54.4694	55.5479	73.0389	57.7971	12.1371	10.8074	12.2526	149.5082	152.0954	151.9656	2.9568	2.5819	2.8936	0.7541	0.6029	0.7764	0.9311	0.9767	0.8856	0.2484	0.2377	0.2572	0.3317	0.2095	0.1431	1.9942	2.0019	2.0034	10.19	10.03	10.07	812.0697	1183.519	1708.0856	25.0074	218.2925	589.3802	38.244	37.834	35.514	0.0664	0.0983	0.0865	1.3197	1.2382	1.2341	451.0	431.0	431.0
NA10854	NA11839	NA11840	CEU	500.45	440.41	385.61	491.603	425.024	384.365	574.62	445.58	452.24	331.17	253.93	295.76	18.2007	19.8613	15.3519	1.4066	11.8637	1.0801	46.7862	59.1139	47.0239	61.1369	78.162	50.689	11.6477	11.2945	13.079	156.8679	151.1602	152.3026	3.2256	2.262	3.7019	0.6194	0.5936	0.5506	0.7983	0.8084	0.7904	0.2311	0.2276	0.2346	0.4982	0.1316	0.3155	1.9911	1.9866	2.0008	10.07	10.42	10.1	956.7285	1692.032	1045.9267	68.1588	10.9151	59.4	38.784	36.419	38.394	0.0996	0.0733	0.1184	1.2513	1.202	1.2437	443.0	432.0	431.0
NA10855	NA11831	NA11832	CEU	479.4	484.53	406.84	477.153	485.884	407.434	571.86	545.55	466.73	176.73	181.54	179.09	18.9593	19.0523	20.1425	1.4408	10.0183	1.2432	51.9393	41.1688	50.4789	65.5503	80.0052	52.3959	11.6956	9.9788	12.0285	155.1214	147.0813	142.5757	3.0631	3.6237	2.659	0.7524	0.6616	0.64	0.8369	0.8192	0.8246	0.2261	0.2367	0.2148	0.1327	0.5328	0.5631	1.9951	1.9929	1.9919	10.13	9.98	9.91	1127.3814	1011.6267	1133.1504	755.3277	32.8565	84.2559	36.756	39.541	36.664	0.0745	0.0792	0.0927	1.2977	1.2342	1.2304	439.0	430.0	437.0
NA10856	NA11829	NA11830	CEU	529.14	347.42	614.65	521.897	342.718	607.143	628.16	401.24	719.77	190.63	223.77	147.03	13.9636	13.2235	16.0951	14.6336	14.0899	1.0782	42.2862	48.0783	40.2866	81.8531	82.7059	54.9724	12.7457	13.9007	11.2615	152.1214	140.406	159.8922	2.4349	3.5054	2.527	0.7615	0.6431	0.5937	0.8269	0.9058	0.8878	0.2494	0.2461	0.2452	0.1845	0.3072	0.2354	1.9891	1.9942	2.0094	10.06	10.16	10.0	1322.3975	1031.2482	1180.4609	43.0788	33.8037	54.9542	36.869	41.335	38.329	0.0754	0.0767	0.084	1.2982	1.2658	1.2425	439.0	423.0	408.0
NA10857	NA12043	NA12044	CEU	452.88	472.41	373.38	444.102	464.387	365.029	536.77	542.81	419.47	258.58	267.43	213.61	19.2191	21.8649	25.2397	13.1	13.9838	0.786	42.4787	54.2135	39.3835	79.3328	80.1169	68.9804	11.6805	11.0621	12.4246	151.2079	148.3938	168.628	2.604	3.1917	2.2597	0.7707	0.617	0.6623	0.8544	0.8345	0.8491	0.2452	0.2472	0.2471	0.367	0.4812	0.1935	2.0005	2.0011	1.996	10.04	9.99	10.0	1149.5967	995.7745	1381.2062	64.3697	16.8024	66.2632	40.211	42.516	38.836	0.0708	0.09	0.1098	1.2899	1.1957	1.1918	439.0	404.0	432.0
NA10859	NA11881	NA11882	CEU	623.85	631.65	400.93	616.309	616.835	400.002	746.65	727.02	454.17	256.16	258.8	243.59	21.1519	21.3802	16.3147	0.9809	12.7013	1.401	39.1928	46.3132	34.5045	57.3829	72.7836	65.0658	11.017	9.8211	12.8935	147.954	147.0276	156.4673	2.2391	2.3012	2.3769	0.6275	0.6957	0.4744	0.9256	0.9669	0.9167	0.2277	0.2319	0.2597	0.2836	0.2084	0.1239	1.9858	2.0007	2.0098	10.78	11.19	10.22	1023.9415	1019.7536	1330.3395	21.1238	205.6508	20.4616	37.556	37.455	36.158	0.0765	0.0904	0.0658	1.3171	1.2513	1.2095	448.0	416.0	442.0
NA10860	NA11992	NA11993	CEU	347.98	393.84	455.46	343.143	387.603	447.616	404.29	445.98	557.47	200.63	164.9	225.45	24.1171	25.7339	17.9262	13.419	15.9604	1.7335	44.4321	52.3515	50.9522	76.3207	86.1715	58.7782	13.7286	12.0066	12.9236	139.9474	154.0945	144.5918	2.1738	1.901	2.0927	0.5333	0.4373	0.5552	0.8573	0.8743	0.7703	0.263	0.2588	0.2388	0.2839	0.21	0.4204	1.9965	1.9877	1.9918	9.82	9.8	10.09	940.065	938.917	1051.8093	85.9592	503.9561	99.3313	37.499	34.835	36.91	0.1031	0.0783	0.0676	1.2582	1.2399	1.3508	447.0	441.0	448.0
NA10861	NA11994	NA11995	CEU	391.15	435.6	404.73	386.722	436.362	394.542	444.24	477.8	500.74	129.53	124.01	121.26	15.95	22.7332	18.9089	1.5307	10.6542	2.0287	50.5477	50.4045	39.293	52.9068	63.283	49.2014	10.6239	9.7024	10.149	163.6094	139.426	154.9513	3.1735	2.8303	3.2324	0.7657	0.6948	0.7067	0.8628	0.8508	0.8375	0.239	0.2339	0.2393	0.18	0.3653	0.946	2.0022	2.007	2.0051	10.13	10.05	10.01	599.2433	797.2061	751.5029	42.9841	53.4764	156.7649	36.426	39.263	33.63	0.0786	0.1141	0.0845	1.2954	1.1748	1.3143	448.0	420.0	426.0
NA10863	NA12264	NA12234	CEU	391.33	374.86	400.4	388.477	364.312	403.368	446.58	437.16	413.12	85.8	135.73	116.7	19.1035	24.1045	18.5874	1.9152	11.2494	2.4002	42.2442	45.2831	45.8237	55.3007	72.4844	55.7395	9.4972	9.3925	10.8381	147.2557	158.2066	146.2941	2.9547	2.4724	2.4881	0.6125	0.9016	0.579	0.8124	0.9164	0.7792	0.2268	0.2382	0.2334	0.3778	0.1246	0.1895	1.9956	2.0037	1.9967	9.89	9.99	9.98	945.1197	1329.0937	726.4308	29.5182	175.5508	22.9806	36.043	36.969	35.899	0.0703	0.0807	0.0934	1.2238	1.2275	1.1021	442.0	445.0	437.0
NA10864	NA11893	NA11894	CEU	500.14	552.03	450.45	491.308	551.331	455.153	579.93	641.65	505.68	165.29	125.64	116.62	19.372	16.5309	24.8096	1.7602	13.7705	1.2007	79.5964	71.4795	48.5047	59.2022	79.5555	49.8413	10.1922	10.2978	10.0783	150.8072	144.4567	140.0293	4.0627	3.706	2.7214	0.6514	0.727	0.5037	0.8532	0.8081	0.8845	0.27	0.2699	0.2357	0.1229	0.2262	0.3349	1.9974	1.9887	1.9853	10.42	10.25	10.26	949.648	852.3897	634.8598	11.5188	44.7481	138.5271	36.696	37.453	37.688	0.0713	0.1039	0.1007	1.2821	1.2958	1.2428	433.0	438.0	442.0
NA10865	NA11891	NA11892	CEU	419.44	401.35	396.92	417.65	395.262	407.854	468.22	478.85	454.51	291.48	255.51	221.66	21.576	17.3932	16.0093	10.1006	9.9452	1.4927	54.5013	61.4485	50.0352	58.7612	60.1869	49.982	10.3038	15.4504	9.8977	149.0163	148.9123	138.27	2.1609	3.1025	2.4548	0.6987	0.637	0.6789	0.9684	0.8853	0.8454	0.2611	0.2337	0.2217	0.3154	0.4768	0.3187	1.9961	2.0342	2.0061	10.15	8.53	10.45	1518.9285	819.8852	868.3376	9.5135	19.0827	66.6458	38.301	36.766	37.827	0.0771	0.0737	0.1031	1.2817	1.3057	1.287	438.0	448.0	422.0
NA12329	NA06984	NA06989	CEU	360.14	467.77	338.67	357.593	463.398	332.793	410.3	526.24	386.86	164.87	158.14	182.14	20.9438	16.5998	26.8456	1.4853	10.3336	2.0915	52.87	41.4274	47.8752	55.2516	77.5428	50.5947	12.7749	12.2088	9.4862	156.5354	146.7811	147.6549	2.6853	2.8154	2.6526	0.6068	0.6378	0.532	0.7927	0.8732	0.7434	0.2604	0.253	0.2464	0.1647	0.164	0.4291	2.0071	2.0057	1.9836	10.22	10.05	9.82	1551.4471	929.3922	1258.0151	26.966	193.1848	33.6144	36.574	37.415	33.326	0.0626	0.0773	0.115	1.2402	1.2633	1.1614	430.0	434.0	406.0
NA12335	NA12340	NA12341	CEU	600.77	563.1	404.38	593.696	550.218	404.758	705.18	632.65	445.71	231.55	192.99	219.96	18.9832	18.0683	16.2515	11.6777	11.4119	2.7119	57.898	58.2844	54.0327	78.0016	71.5304	56.3558	11.8725	15.4473	9.4831	145.0407	152.5906	146.3699	2.8389	2.8335	3.6272	0.5516	0.5441	0.7951	0.8653	0.8498	0.8403	0.2598	0.2522	0.2555	0.108	0.1676	0.3191	1.9962	2.0032	2.0068	10.22	10.01	10.08	1441.6919	2332.6932	695.4706	10.9932	120.3447	97.6549	37.529	38.082	40.626	0.0763	0.1097	0.1106	1.3105	1.1878	1.1657	426.0	431.0	440.0
NA12336	NA12342	NA12343	CEU	370.45	318.94	490.9	362.548	312.277	494.492	444.61	372.61	555.87	230.48	186.66	210.26	17.5004	17.7781	19.9355	1.366	11.3905	0.9996	57.9945	55.8884	48.5299	69.0396	78.9418	66.1761	10.9215	11.1621	9.6902	143.6189	144.3586	146.834	3.3723	3.0016	4.0821	0.6667	0.7046	0.5095	0.787	0.7953	0.8268	0.2555	0.2589	0.2461	0.1654	0.0638	0.2413	1.9925	1.9983	1.9933	10.01	10.23	10.15	1009.3928	1435.1149	955.595	62.6834	122.6194	42.7286	38.499	43.372	37.126	0.0725	0.0748	0.0672	1.3287	1.2729	1.2309	449.0	429.0	447.0
NA12344	NA12347	NA12348	CEU	591.52	546.4	518.64	581.749	540.185	515.1	674.06	641.75	599.59	206.29	241.16	177.85	16.2586	20.9067	26.8999	13.0393	12.3821	2.6701	55.469	42.0552	50.2504	77.2705	67.1775	62.4123	10.9014	11.3769	8.2777	141.561	137.8086	155.3359	2.6647	2.4224	2.1441	0.6617	0.4638	0.7349	0.8473	0.8484	0.8972	0.2519	0.2357	0.2394	0.2088	0.7395	0.0898	2.0063	2.0067	1.9942	9.7	10.01	10.18	977.7919	1224.1566	1400.742	15.6481	91.7577	188.9751	35.069	39.457	35.792	0.0938	0.0932	0.0965	1.2443	1.2649	1.2506	454.0	426.0	420.0
NA12376	NA12546	NA12489	CEU	407.58	505.5	389.75	414.446	521.851	388.68	481.3	530.37	442.6	277.4	136.23	235.15	16.8882	16.9513	14.1083	1.1009	11.2026	1.1861	44.8813	40.2305	52.2598	50.4788	60.6041	54.2182	12.5327	11.9235	11.7994	146.3736	149.0114	134.0851	2.7566	2.4105	2.7017	0.9079	0.9312	0.6436	0.8283	0.8882	0.8145	0.2471	0.2431	0.2323	0.2614	0.1318	0.367	1.9856	2.0027	2.0058	10.22	10.47	10.04	920.6108	715.3963	942.9775	621.4373	230.5607	132.973	36.023	34.769	37.069	0.0757	0.0819	0.1044	1.2999	1.1187	1.2384	452.0	437.0	422.0
NA12386	NA12399	NA12400	CEU	335.17	419.61	404.84	331.678	413.417	393.681	393.28	467.42	498.81	288.52	178.89	246.45	21.3687	17.0389	24.1546	1.5705	10.001	1.7215	52.29	36.9427	48.5171	57.3878	66.9562	53.5254	10.9035	12.0977	11.1166	148.134	138.1949	149.0354	3.3277	3.3268	2.9592	0.6623	0.7506	0.5529	0.8491	0.9402	0.8419	0.2484	0.2423	0.2305	0.417	0.4034	0.3433	2.0016	1.9906	1.9931	10.11	11.84	10.33	933.052	655.062	1321.2369	87.8389	138.0303	108.6507	36.948	45.885	44.196	0.0725	0.1157	0.087	1.2851	1.1849	1.294	444.0	432.0	422.0
NA12485	NA12413	NA12414	CEU	444.73	282.3	566.73	440.612	278.992	558.714	504.5	313.53	669.36	251.9	225.48	195.65	20.2593	18.7814	23.5466	16.0307	14.7449	1.787	48.9389	50.6452	50.4254	69.0123	62.8505	67.9498	12.5195	10.7907	12.2165	144.0129	153.5855	153.1691	2.4638	2.3905	2.9499	0.5213	0.5941	0.6142	0.7983	0.872	0.8135	0.2485	0.2482	0.2419	0.1961	0.3008	0.1956	1.9982	2.0116	1.9934	9.93	10.2	9.96	782.4417	753.3627	668.5573	202.9924	50.2868	62.2275	35.009	32.168	35.703	0.0661	0.0644	0.1154	1.2297	1.2094	1.2838	441.0	435.0	399.0
NA12707	NA12716	NA12717	CEU	478.53	511.35	391.53	477.984	511.042	389.969	543.28	561.84	417.97	157.92	248.39	141.52	14.1295	14.3868	19.2636	19.4736	20.1459	1.2369	38.1697	41.7787	42.5229	75.8997	68.9246	53.2253	11.2119	10.8748	10.8476	153.274	156.4389	161.7588	3.1201	2.6088	3.0238	0.9426	1.076	0.6616	0.8649	0.9195	0.806	0.2604	0.2481	0.2395	0.0634	0.0483	0.0596	1.9906	1.9865	1.9971	9.97	10.01	9.4	923.2087	1045.1363	1278.229	11.5602	14.0624	211.0488	38.585	39.106	37.371	0.0748	0.1072	0.0836	1.2727	1.1474	1.1575	438.0	412.0	427.0
NA12739	NA12748	NA12749	CEU	301.31	382.34	312.72	292.873	380.087	306.788	365.51	446.54	382.2	209.74	226.62	166.74	22.009	21.9456	16.2835	12.3679	12.251	0.9793	56.1466	52.4052	43.941	71.601	72.7178	64.3881	12.3203	12.3249	12.5474	154.6246	144.6693	144.2848	3.2234	2.8361	3.2503	0.5185	0.6593	0.4321	0.9167	0.9017	0.8431	0.2802	0.2576	0.2578	0.2878	0.1816	0.44	2.0436	1.9897	2.0057	10.27	10.17	10.17	860.5912	1457.0916	983.3669	62.2025	61.9475	223.2168	35.556	38.129	34.283	0.0685	0.0883	0.0753	1.3054	1.2366	1.2941	443.0	435.0	427.0
NA12740	NA12750	NA12751	CEU	425.67	322.75	529.66	424.422	327.708	521.833	475.84	364.33	620.57	230.33	137.01	243.39	21.4466	23.0776	16.8605	1.8891	13.6315	2.0165	48.8209	56.8605	43.6052	70.1589	83.8126	56.4033	9.5661	9.395	9.6968	144.9087	143.3384	150.405	2.5083	2.8331	2.5687	0.5493	0.555	0.6444	0.8816	0.8329	0.8758	0.2302	0.2415	0.2476	0.3631	0.3769	0.1446	1.9979	1.9864	1.9887	9.94	9.96	9.88	892.0888	930.5107	1293.7726	239.6328	63.0107	95.4154	36.891	39.802	42.903	0.0663	0.0952	0.0882	1.2628	1.217	1.2481	446.0	428.0	408.0
NA12752	NA12760	NA12761	CEU	314.17	253.56	495.34	310.764	262.027	490.959	366.15	286.82	563.91	199.0	239.48	180.06	14.4862	21.4448	16.5132	11.4679	11.2072	1.2338	65.5227	51.1825	61.0777	68.2892	69.9987	50.5369	11.5606	9.2996	10.9167	144.3012	146.0848	147.1007	3.1088	2.5454	3.5536	0.5839	0.4508	0.5653	0.9371	0.8768	0.8284	0.2655	0.2632	0.2496	0.2789	0.2145	0.2734	2.0046	2.0027	1.9961	10.05	10.01	9.93	1280.2365	895.279	1007.1334	383.572	44.5971	134.634	35.026	39.817	38.142	0.0697	0.0933	0.0934	1.2947	1.1714	1.2277	439.0	420.0	423.0
NA12753	NA12762	NA12763	CEU	401.99	368.53	486.05	398.323	364.938	486.326	471.51	435.97	554.51	240.37	206.5	300.44	21.5325	20.9476	19.271	1.3948	10.665	1.972	50.4345	46.859	49.2585	59.3701	73.5877	58.3105	12.0092	9.153	13.7186	151.0861	142.5493	160.2566	3.6023	3.3031	3.3388	0.5003	0.3778	0.7351	0.7476	0.7879	0.7835	0.2534	0.2424	0.257	0.1616	0.2454	0.3703	1.9982	2.0067	1.9809	10.14	9.97	9.91	1659.9589	1117.0679	1305.0824	475.7232	72.3776	78.5717	30.385	39.25	38.063	0.0725	0.0851	0.0989	1.2769	1.2588	1.2765	439.0	432.0	434.0
NA12766	NA12775	NA12776	CEU	398.96	594.62	458.78	390.297	587.485	453.212	483.98	670.11	531.47	180.78	200.51	131.51	20.7238	19.0465	12.1497	11.4583	11.3453	0.9734	40.8666	43.7208	34.346	72.3578	69.2129	51.0796	9.4936	9.6197	11.6719	155.2278	137.0187	132.881	3.3497	3.4207	2.8904	0.6426	0.6405	0.5782	0.8585	0.7808	0.8823	0.2616	0.2462	0.2379	0.5236	0.5576	0.4318	1.9917	1.9985	2.007	10.02	10.07	10.43	832.5265	513.8938	765.8264	85.6389	204.498	200.2274	38.763	37.315	37.123	0.0699	0.0812	0.0816	1.3435	1.2811	1.2732	432.0	432.0	432.0
NA12767	NA12777	NA12778	CEU	396.05	352.6	316.37	387.103	351.99	311.58	472.31	395.56	382.22	170.21	198.5	200.56	26.2655	20.7037	21.0384	2.3386	17.1958	2.0921	43.1694	37.9104	40.9868	59.0281	68.6318	62.9232	11.5804	10.6043	11.4975	146.2407	135.3229	148.5677	2.5025	2.9962	2.6686	0.605	0.6518	0.5763	0.9278	0.8908	0.8554	0.2452	0.245	0.2291	0.3462	0.1533	0.3533	1.9876	1.9923	1.9875	10.0	10.42	10.02	1119.2466	700.0922	810.5663	57.1054	22.7397	97.1431	36.605	37.814	34.323	0.0761	0.1102	0.1121	1.2911	1.2134	1.2988	442.0	433.0	423.0
NA12801	NA12812	NA12813	CEU	387.65	580.48	332.07	379.938	575.72	325.591	467.62	651.57	382.55	171.18	199.6	188.69	13.1229	15.0016	19.0815	9.0469	9.3543	1.0639	41.714	55.6343	41.6975	75.6358	75.0845	47.0657	10.6563	12.7334	9.5906	142.0772	145.2414	141.7685	2.3775	2.9859	2.3691	0.5438	0.5581	0.5599	0.7518	0.7813	0.8165	0.228	0.2602	0.226	0.546	0.3029	0.3668	1.9817	1.996	1.9979	8.1	8.96	9.18	887.6033	634.6339	630.7211	74.6605	35.602	133.3374	36.94	40.689	62.882	0.0726	0.0836	0.1049	1.3161	1.2171	1.2737	453.0	438.0	430.0
NA12802	NA12814	NA12815	CEU	469.53	354.64	527.25	469.08	349.454	513.216	531.68	436.85	628.48	267.72	210.98	268.57	18.2241	20.2295	13.9299	1.0624	9.7903	1.206	44.8211	41.5214	49.6	52.0414	73.8167	57.5674	9.9261	10.3478	10.2556	146.4717	149.6469	148.5167	2.6482	2.5211	3.2956	0.6937	0.5327	0.8546	0.8196	0.8823	0.8568	0.2354	0.2472	0.2496	0.5757	0.4135	0.5892	1.9882	1.9953	2.0039	9.89	10.14	10.03	1175.3805	1025.6526	1042.8997	125.3652	35.4378	17.2737	36.229	36.673	39.073	0.0875	0.0697	0.0773	1.2129	1.3337	1.2853	438.0	420.0	419.0
NA12817	NA12827	NA12828	CEU	467.95	506.59	310.06	461.356	495.102	311.244	565.57	586.83	343.25	250.0	167.5	292.25	20.3497	16.9044	18.8549	12.2614	12.7764	1.1436	43.943	54.6952	47.4663	67.6803	65.1276	48.5448	12.5286	9.6618	12.7096	153.1578	137.3918	151.7214	3.0766	2.7973	3.8009	0.6911	0.617	0.6452	0.8065	0.8405	0.7609	0.2485	0.2452	0.2221	0.4578	0.6105	0.227	1.9916	2.0031	1.9909	10.14	9.93	9.95	921.1121	883.8159	995.7011	152.2761	152.9923	31.3873	38.759	53.746	36.205	0.0693	0.0932	0.1064	1.3549	1.224	1.1758	445.0	433.0	424.0
NA12818	NA12829	NA12830	CEU	599.6	483.81	552.12	602.432	479.713	557.735	686.91	555.05	559.75	280.7	201.64	218.67	15.1342	13.1527	13.1009	1.633	9.9587	2.0173	36.2443	31.8908	40.4246	57.8189	65.3643	64.1538	9.6006	8.0854	12.9857	151.8564	127.8351	164.393	3.3443	3.3208	3.5523	0.5175	0.5856	0.6037	0.8746	0.8367	0.8474	0.2263	0.2366	0.2321	0.21	0.2871	0.6072	1.9904	1.9959	2.0042	10.18	10.04	10.04	764.0384	635.2832	971.9682	42.7188	192.743	77.0619	37.142	58.995	34.096	0.0671	0.0915	0.0916	1.2449	1.2396	1.0942	449.0	440.0	435.0
NA12832	NA12842	NA12843	CEU	539.04	429.33	381.26	529.568	425.46	380.274	652.09	451.54	403.34	251.15	315.22	194.08	21.228	16.6923	21.2485	1.8011	11.8434	2.2091	42.8077	45.9164	45.9945	82.5753	100.0774	58.5201	11.095	10.8472	10.9059	141.6636	129.0985	153.0487	2.7881	3.0588	3.4327	0.4658	0.4069	0.5989	0.8608	0.8692	0.8322	0.2477	0.2471	0.2347	0.4647	0.4484	0.6765	1.9999	1.998	2.0032	10.19	9.88	10.02	662.2351	1009.6996	847.0577	108.1491	50.8755	135.6968	34.698	36.601	34.165	0.069	0.0985	0.0851	1.3271	1.1631	1.1189	429.0	433.0	438.0
NA12864	NA12872	NA12873	CEU	391.82	414.28	416.21	389.968	407.025	414.354	445.83	482.36	456.17	326.4	221.58	239.24	28.387	19.1246	26.1174	12.6508	11.5604	1.8599	39.1568	43.6359	53.6769	71.3407	71.9609	50.9565	9.4856	11.0143	10.2976	145.6865	146.4496	155.172	2.8366	2.6988	2.565	0.6107	0.6174	0.5385	0.7966	0.7584	0.7899	0.2576	0.2404	0.2425	0.478	0.4122	0.2833	1.9981	1.9909	1.9885	10.28	10.03	10.13	921.5506	906.5476	989.8918	210.2958	83.8299	377.9554	36.095	46.834	45.52	0.0883	0.0836	0.1149	1.2732	1.2189	1.1487	449.0	418.0	436.0
NA12865	NA12874	NA12875	CEU	472.37	391.89	615.59	474.437	385.095	611.179	541.79	442.1	715.57	152.94	139.87	231.86	12.4613	11.2145	17.9367	2.0999	11.4652	1.7953	53.3258	47.8207	50.4025	53.3729	71.1985	52.9722	12.4316	11.4666	9.9094	150.9688	144.7188	155.7249	3.093	2.7427	2.6667	0.6102	0.5024	0.7305	0.8098	0.8165	0.8421	0.2289	0.2343	0.2321	0.6421	0.2181	0.9942	1.9983	2.0014	2.0089	10.11	10.07	9.94	1092.5796	971.0976	1159.021	14.8518	30.352	42.6797	35.884	39.273	35.583	0.0658	0.0932	0.063	1.231	1.2018	1.2481	442.0	431.0	436.0
NA12877	NA12889	NA12890	CEU	337.26	401.71	422.27	332.155	394.957	420.433	402.14	466.89	480.53	149.0	161.5	112.75	18.2386	18.1391	22.1026	10.8755	10.8635	1.1687	40.8653	42.1488	39.1626	68.0265	68.0315	48.8153	10.5092	9.9365	10.0329	150.0712	141.0646	162.7365	2.4791	2.1861	2.9873	0.6865	0.634	0.5449	0.8486	0.8579	0.8595	0.2563	0.2425	0.2487	0.1777	0.2249	0.6943	1.99	1.9966	1.9972	10.07	9.88	9.87	887.7772	1057.4679	983.518	130.8021	49.2395	22.4845	38.272	46.508	35.585	0.0734	0.0831	0.1055	1.2962	1.2114	1.2128	452.0	434.0	421.0
NA12878	NA12891	NA12892	CEU	499.34	558.2	573.55	504.258	557.012	566.948	552.82	607.45	708.21	212.08	215.97	268.09	19.6945	19.6013	22.262	1.9287	16.4964	2.1775	49.7379	59.4499	42.222	53.5678	72.6872	57.0474	11.347	11.2912	10.8295	150.2126	165.2359	155.2513	2.333	2.7836	2.4036	0.6306	0.6324	0.6776	0.8666	0.7915	0.8764	0.2473	0.2384	0.2658	0.3588	0.0951	0.5951	2.0016	1.9985	1.981	9.86	9.9	10.17	849.7705	2168.3654	1019.3344	71.3803	377.739	278.0441	37.393	38.054	37.727	0.1078	0.0612	0.0703	1.257	1.2175	1.3535	434.0	431.0	443.0
NA18484	NA18486	NA18488	YRI	509.04	419.36	498.04	510.579	422.598	503.528	562.59	488.37	508.09	222.04	196.44	192.1	21.5701	20.636	16.4427	0.93	9.6909	0.7411	60.7215	43.7542	61.4039	56.2386	72.6905	58.126	11.061	11.4209	10.0179	162.03	135.0096	143.9962	3.0212	4.3336	2.8429	0.7223	0.7264	0.7079	0.8979	0.9194	0.857	0.2419	0.2522	0.2327	0.3286	0.168	0.7163	2.0088	1.9903	2.0008	9.97	9.95	9.83	474.116	704.1801	911.8198	60.0266	21.1698	73.4155	35.969	35.837	35.471	0.0679	0.0775	0.0983	1.2242	1.2402	1.1714	433.0	414.0	441.0
NA18485	NA18487	NA18489	YRI	527.53	472.97	612.2	519.845	479.687	598.179	622.11	543.87	720.44	192.1	232.52	150.41	24.2482	21.7483	24.0591	17.1102	16.5714	1.333	59.9733	42.7948	48.5189	79.3906	73.5544	61.0787	12.6072	12.8556	10.989	144.8993	132.2055	149.2567	2.467	2.765	2.9747	0.8872	0.9714	0.7246	0.845	0.8376	0.8629	0.2647	0.2501	0.2603	0.5629	0.5482	0.2659	1.99	1.9946	2.0023	10.19	10.1	10.2	655.9879	936.8675	1042.065	54.5427	53.2956	86.3625	37.958	37.123	66.315	0.0742	0.065	0.0971	1.2999	1.225	1.2752	433.0	446.0	430.0
NA18497	NA18498	NA18499	YRI	528.61	567.33	439.82	534.77	558.088	440.187	608.5	655.38	485.38	134.5	154.9	228.29	12.8928	23.5045	23.0675	7.5884	9.5295	1.507	35.0671	60.6759	47.1659	63.0607	80.2038	68.3594	9.9164	12.6459	11.512	101.5127	143.8412	141.7975	2.8783	3.3565	2.7054	0.3807	0.5539	0.4245	0.7647	0.8831	0.8774	0.2348	0.2476	0.2853	0.5929	0.3541	0.5743	1.9837	1.9881	1.9927	10.85	9.91	9.89	652.9925	855.5338	908.0131	322.3906	48.5032	21.9691	37.794	34.197	37.78	0.0775	0.0929	0.0862	1.3192	1.2509	1.2094	442.0	405.0	423.0
NA18500	NA18501	NA18502	YRI	335.39	362.45	320.7	330.954	357.839	317.499	399.56	451.97	363.7	138.24	144.96	207.02	29.5359	18.433	32.1479	8.8067	8.2194	1.0899	52.7919	60.696	54.5354	80.9695	66.1943	70.3467	11.7607	12.3645	11.0172	143.0292	145.9342	142.3452	3.2808	3.3891	2.7247	0.6746	0.5624	0.669	0.9174	0.9184	0.829	0.2556	0.2497	0.2216	0.5787	0.2289	0.4978	1.9871	1.9869	1.9831	10.02	9.1	9.85	864.5665	1064.1471	900.1655	17.7709	21.2729	186.6812	34.438	32.52	34.264	0.0689	0.0781	0.1158	1.3488	1.3275	1.1914	451.0	408.0	412.0
NA18503	NA18504	NA18505	YRI	656.3	683.87	474.36	641.054	681.055	475.789	747.86	769.27	536.99	313.01	159.6	290.87	28.8402	19.5557	24.0812	9.2658	8.8206	1.3863	56.0721	59.9112	45.9126	70.083	79.1646	50.7939	12.149	11.2232	13.1659	130.4325	119.2456	154.1134	3.5578	3.8606	3.2302	0.6798	0.4788	0.623	0.8678	0.8767	0.8737	0.2381	0.2497	0.2366	0.4179	0.5098	0.4982	1.9985	1.9969	1.9911	9.91	10.15	9.93	803.8634	948.6183	788.8046	20.2042	5.7599	97.3666	37.165	34.212	41.417	0.0981	0.0694	0.0885	1.2294	1.2245	1.1615	456.0	423.0	416.0
NA18506	NA18507	NA18508	YRI	488.05	467.08	584.41	483.845	463.161	565.285	579.44	536.12	683.46	225.4	224.14	224.8	22.7875	24.1869	21.164	12.1998	11.761	1.1757	67.4412	61.6058	53.0705	69.6859	79.7561	54.263	9.67	10.9351	10.4038	144.0065	140.6449	147.3235	3.3799	2.6168	3.186	0.4973	0.7008	0.3985	0.7275	0.8408	0.795	0.2662	0.2457	0.2507	0.5967	0.4458	0.6414	2.0076	2.0013	1.9959	10.0	9.91	10.24	962.4687	780.1353	813.5224	26.3715	30.285	54.2426	36.954	37.572	52.128	0.0744	0.1116	0.0917	1.3101	1.2661	1.2744	451.0	439.0	433.0
NA18515	NA18516	NA18517	YRI	501.63	494.47	541.77	495.651	493.201	544.259	591.62	545.25	580.81	224.69	322.98	160.28	18.8121	18.4887	19.602	11.0351	11.0468	0.9314	48.2178	53.945	57.3423	73.2039	70.5056	55.6882	11.3699	10.9756	11.8536	142.6141	135.8424	137.8258	3.6272	3.5413	3.1645	0.6344	0.6925	0.5585	0.8253	0.7393	0.8106	0.2491	0.2277	0.231	0.2988	0.4178	0.2538	1.9971	2.0028	1.9964	10.17	9.94	9.87	732.0344	532.5254	906.1754	40.3007	21.0245	164.8054	36.216	37.677	37.301	0.0682	0.1116	0.0952	1.3138	1.2274	1.1542	451.0	432.0	436.0
NA18518	NA18519	NA18520	YRI	421.95	503.05	533.38	418.722	500.338	538.334	444.78	536.88	621.85	435.98	275.01	249.17	20.9048	22.3131	18.3709	1.5357	10.8636	1.3312	55.7423	56.3221	34.9835	63.1361	62.3026	44.9431	12.3742	10.2844	8.9328	153.2558	154.2916	113.3411	3.5258	3.1488	3.3433	0.6067	0.5677	0.5869	0.9159	0.8301	0.8005	0.2789	0.2331	0.2292	0.1289	0.4478	0.2916	2.0068	2.0147	2.0026	10.18	9.48	10.26	1160.1017	539.2318	881.9961	741.0724	49.9602	32.7393	46.77	33.404	35.334	0.144	0.0834	0.0634	1.0569	1.1841	1.2539	427.0	427.0	425.0
NA18521	NA18522	NA18523	YRI	352.02	446.01	410.08	343.74	441.055	399.49	407.14	501.85	465.68	212.52	179.0	199.96	17.5457	19.9316	19.0059	11.2022	10.8885	1.3812	38.2507	46.4394	38.2261	84.3936	86.601	60.8088	12.9475	12.6479	11.264	150.8736	147.4137	159.4638	3.1721	3.1198	3.2235	0.787	0.783	0.6938	0.8904	0.8819	0.8563	0.273	0.2547	0.2624	0.3103	0.3351	0.1309	1.9918	2.0121	2.0115	9.9	10.09	10.12	754.125	1003.313	1305.73	114.3041	34.968	43.1012	32.369	34.708	37.672	0.0668	0.1014	0.0816	1.2895	1.2039	1.2264	453.0	445.0	433.0
NA18854	NA18853	NA18852	YRI	488.9	598.15	467.46	489.313	588.297	464.353	577.72	695.32	556.1	186.82	130.7	214.33	27.2981	26.8057	24.9781	9.7415	10.758	1.736	52.8915	51.4924	44.1801	73.5375	78.9754	47.5698	12.1876	9.4438	11.6838	134.9869	141.1297	136.8718	3.1943	3.0594	2.8925	0.5971	0.6382	0.678	0.9101	0.8506	0.8922	0.2479	0.2369	0.2325	0.4218	0.3107	0.4629	2.0081	1.9921	2.0	10.04	10.01	10.13	787.3206	976.9459	896.8518	21.1064	28.2788	63.0621	39.041	37.91	38.62	0.0721	0.0843	0.0702	1.2854	1.2487	1.3016	454.0	432.0	450.0
NA18857	NA18856	NA18855	YRI	749.42	802.98	552.03	748.506	791.062	544.935	858.02	955.65	659.36	241.54	173.99	257.01	21.7984	22.0246	23.6635	12.9252	12.2168	1.0539	47.9012	43.8116	42.7401	83.7704	81.4223	67.3448	10.5063	10.2758	12.3527	144.0099	146.4757	148.9615	3.0567	2.8885	3.4657	0.5877	0.4777	0.6917	0.8476	0.853	0.8783	0.2633	0.2511	0.2605	0.5781	0.5807	0.4613	1.9981	1.9893	1.9933	9.91	9.99	10.29	605.6929	1070.4924	1003.5517	36.505	13.6134	44.2857	37.172	36.389	37.354	0.0744	0.0869	0.0731	1.2584	1.2617	1.2958	452.0	425.0	451.0
NA18860	NA18859	NA18858	YRI	402.71	465.48	436.65	394.04	458.752	437.402	474.58	526.09	498.71	220.49	234.47	217.55	15.0132	17.4837	22.6522	8.021	8.5801	1.2505	51.7628	56.3429	55.0661	87.9527	82.0333	64.5184	11.2018	10.672	10.1129	142.2768	139.1871	150.9844	3.3452	3.3236	3.3035	0.7464	0.6565	0.6191	0.8384	0.8452	0.8433	0.2445	0.2498	0.2122	0.3265	0.409	0.6255	2.0164	2.0032	2.0001	9.75	9.63	9.95	896.8515	713.7176	564.9284	46.8277	44.3585	54.429	31.676	34.572	38.761	0.0603	0.0713	0.0861	1.2966	1.2298	1.2489	455.0	451.0	418.0
NA18863	NA18862	NA18861	YRI	404.38	357.77	720.26	401.175	360.984	719.185	481.08	402.12	822.95	146.75	163.92	187.21	18.7244	12.0301	18.5856	12.3502	10.7818	2.3915	55.4534	52.2106	44.6052	82.2535	105.7604	51.6682	12.8792	11.8253	11.9436	146.6093	150.3553	147.6066	2.5628	3.1504	2.7199	0.6553	0.9277	0.6348	0.8466	0.7979	0.8284	0.2585	0.2517	0.2428	0.452	0.2611	0.6473	2.0005	1.9969	1.9988	10.11	10.06	10.0	856.6449	621.4545	940.3396	27.0808	22.9685	18.5027	37.612	37.785	36.171	0.0747	0.0558	0.0902	1.3026	1.3202	1.2691	455.0	441.0	446.0
NA18869	NA18868	NA18867	YRI	531.68	457.02	417.17	529.176	459.147	418.449	630.69	479.85	459.38	181.06	228.09	193.45	25.0842	21.2162	23.8765	14.7794	14.5031	0.777	55.5211	50.4406	52.8636	93.188	84.1478	57.0056	11.8241	8.7159	11.492	153.9998	146.0457	155.15	2.9886	2.4565	3.4252	0.8726	0.6357	0.7632	0.8818	0.7382	0.9068	0.2344	0.1968	0.2369	0.3177	0.4594	0.2571	1.9989	2.0028	2.0033	10.1	7.94	10.25	685.9078	776.8925	718.3372	33.9911	9.7562	30.4096	35.854	36.811	36.949	0.0632	0.084	0.1084	1.3191	1.0932	1.2068	445.0	438.0	429.0
NA18872	NA18871	NA18870	YRI	497.78	524.3	502.0	490.409	509.943	491.014	587.45	618.3	568.55	272.62	188.75	208.85	30.0579	23.1815	31.3568	7.8415	9.2188	0.7561	70.6055	51.7334	68.1289	95.7907	91.533	61.93	11.6153	11.6371	11.896	155.6965	147.4553	154.4682	2.7289	3.2373	3.1771	0.6559	0.4862	0.7959	0.8648	0.8924	0.8153	0.2483	0.257	0.2458	0.43	0.1915	0.3022	1.9896	2.0078	1.98	9.84	10.06	9.73	442.1684	1285.5543	888.9626	19.9337	111.4779	82.1896	38.613	49.012	38.821	0.0683	0.0864	0.0969	1.3206	1.2469	1.2116	450.0	431.0	432.0
NA18875	NA18874	NA18873	YRI	378.54	420.31	332.33	374.15	421.49	325.118	449.14	438.23	383.26	93.48	121.76	110.81	24.522	19.3837	25.1097	1.2292	11.9841	1.8809	43.346	46.0701	58.3883	57.2987	78.4656	58.7799	12.3243	11.7964	12.1727	147.821	149.0321	151.9928	2.7827	2.5291	2.892	0.6566	0.5924	0.7687	0.8692	0.8618	0.9332	0.2303	0.2317	0.2266	0.3835	0.3187	0.7784	1.9941	1.9923	2.0041	10.04	10.05	9.96	922.3377	829.0439	363.3078	11.6787	76.7912	93.5089	36.469	33.711	36.271	0.0672	0.0831	0.0938	1.3061	1.1102	1.2374	446.0	436.0	431.0
NA18906	NA18877	NA18876	YRI	553.71	538.84	524.25	552.584	528.809	516.935	631.47	628.49	610.8	176.79	164.09	186.52	17.9835	24.5213	22.597	1.0888	12.1864	1.1302	56.717	62.216	47.3233	59.4548	82.88	60.2871	10.9838	11.0809	12.3929	141.2674	145.4328	149.5367	3.262	2.8568	3.5758	0.5839	0.5135	0.6545	0.907	0.9169	0.9386	0.2411	0.2506	0.2768	0.5424	0.4771	0.1194	1.9881	2.0031	1.9998	10.04	10.04	10.21	720.4696	837.2467	1078.4517	34.6122	52.8672	94.4823	35.866	37.434	36.051	0.071	0.1145	0.0913	1.229	1.289	1.2657	440.0	414.0	430.0
NA18911	NA18910	NA18909	YRI	578.65	697.63	607.15	577.452	688.146	607.608	655.14	806.7	718.09	218.48	140.9	283.94	20.9208	19.1409	15.5603	15.2101	15.2921	1.6448	43.5483	45.467	51.8409	86.9268	90.4783	59.581	12.6625	11.7657	12.4413	149.886	153.3396	138.1251	3.4308	3.5169	3.2702	0.6687	0.5442	0.724	0.8677	0.8481	0.8944	0.2424	0.2305	0.252	0.2741	0.275	0.3369	1.9974	1.997	1.9889	10.19	10.1	9.94	790.2573	923.0067	689.285	34.7411	15.2697	150.031	30.622	37.613	36.817	0.0686	0.1077	0.0995	1.2535	1.2564	1.2899	443.0	400.0	421.0
NA18914	NA18913	NA18912	YRI	610.67	473.58	552.82	602.279	474.881	541.11	717.61	569.31	641.49	162.63	297.88	195.04	19.1197	19.725	21.6579	11.4772	12.224	1.6363	62.8016	65.9853	45.8438	76.9589	82.8126	55.9374	10.2689	9.8969	10.5131	143.9843	137.7241	145.4133	3.0921	3.4881	3.1504	0.7065	0.6851	0.5873	0.8548	0.8786	0.8662	0.2477	0.2454	0.2367	0.3048	0.3482	0.2445	1.9881	1.9867	1.9882	10.26	9.84	9.99	796.6968	967.2243	781.0296	44.0195	79.7092	90.7006	37.213	33.68	37.652	0.0713	0.0699	0.084	1.3029	1.3554	1.241	441.0	457.0	428.0
NA18925	NA18923	NA18924	YRI	504.19	599.63	629.3	507.666	594.635	613.302	567.18	715.17	739.77	176.52	165.75	185.07	23.7966	27.4499	22.4179	10.4093	10.5003	1.0765	70.253	50.3936	69.6053	78.3893	86.2584	66.3477	11.4743	11.1118	10.9124	144.6426	153.979	138.6506	2.7368	2.8235	4.0569	0.6004	0.7534	0.5463	0.8855	0.8932	0.891	0.2433	0.2432	0.238	0.5567	0.4712	0.2692	1.9931	1.9996	1.9922	10.14	10.21	10.05	671.9483	613.6793	1319.81	39.1263	36.5105	39.8436	37.363	37.832	37.712	0.0613	0.1112	0.0912	1.2215	1.2996	1.2773	438.0	420.0	430.0
NA18930	NA18917	NA18916	YRI	377.2	342.8	442.32	378.774	337.056	441.574	440.3	404.12	515.1	351.73	348.57	339.81	21.5648	18.6667	28.9433	1.2751	9.3255	1.4475	55.9496	63.479	40.6279	54.713	82.4209	57.6841	13.3876	13.2418	12.344	154.5574	144.8032	152.4146	2.4161	3.2071	3.0071	0.7156	0.6457	0.6224	0.8631	0.9213	0.8742	0.2392	0.2457	0.2344	0.5461	0.4316	0.4423	1.9678	1.9925	1.9981	10.26	10.08	10.01	1227.1582	729.6561	1096.3301	12.3062	35.0847	78.4606	37.027	37.454	39.115	0.0691	0.107	0.1197	1.2908	1.2649	1.2459	438.0	415.0	435.0
NA18935	NA18934	NA18933	YRI	559.56	568.08	596.35	551.67	554.449	597.714	627.74	642.67	609.5	217.58	219.03	153.52	22.686	29.5092	24.4624	13.1425	12.6884	2.2101	64.6639	59.2971	55.3956	72.8659	86.9932	45.0528	10.6502	12.4212	10.5274	146.4406	139.1702	153.0324	3.3444	3.7271	3.5096	0.733	0.8295	0.6898	0.7719	0.9085	0.8718	0.2455	0.2843	0.2199	0.2764	0.3945	0.3232	1.9958	2.0109	1.9997	9.95	10.1	10.05	663.7084	796.1311	701.7405	14.3381	84.8961	62.8939	36.404	33.994	34.274	0.0875	0.0914	0.084	1.1803	1.1888	1.101	450.0	423.0	441.0
NA19094	NA19092	NA19093	YRI	700.72	509.58	693.54	701.094	506.19	681.68	833.43	594.53	785.31	188.11	304.18	157.99	18.3329	21.8802	22.1764	1.732	12.0145	1.3148	50.5542	54.1894	53.1	65.9113	83.354	57.3938	11.4456	11.3459	12.5957	141.7352	156.4592	146.1347	3.142	2.9322	3.1955	0.5382	0.5262	0.5595	0.7835	0.7843	0.8673	0.2371	0.2407	0.2271	0.4947	0.3225	0.3057	1.9939	1.9933	1.9983	9.91	9.96	9.87	695.6395	900.3419	1009.5212	36.0263	31.3082	20.0962	34.188	39.622	40.212	0.0974	0.1046	0.091	1.3049	1.3011	1.2259	452.0	445.0	430.0
NA19097	NA19096	NA19095	YRI	803.04	799.67	624.58	798.878	784.117	627.42	956.9	930.72	638.05	225.24	146.46	206.78	17.0475	18.5544	24.8573	1.5107	10.3677	2.0637	48.8971	51.038	48.0059	68.119	85.981	58.5765	11.7379	10.3166	11.739	148.8802	143.7368	144.0682	3.3207	3.4331	3.0696	0.7293	0.7855	0.7807	0.9168	0.7825	0.859	0.2567	0.2366	0.2279	0.5224	0.2759	0.448	1.995	1.9966	1.9955	10.27	10.04	10.17	813.8601	827.9298	783.1198	107.538	16.6222	24.8405	38.514	37.957	34.324	0.066	0.08	0.0867	1.3048	1.2514	1.1044	454.0	432.0	440.0
NA19100	NA19098	NA19099	YRI	563.28	574.79	564.03	554.602	567.544	554.487	661.28	677.73	671.45	206.47	157.17	229.69	25.176	24.518	24.0242	2.0779	9.6292	1.3801	35.1423	42.8493	47.3405	76.9716	81.8847	75.2965	13.2434	11.8562	12.7945	136.9197	139.375	141.1664	2.4031	3.1026	2.4719	0.6334	0.6169	0.6097	0.8275	0.8161	0.8581	0.2427	0.2653	0.2525	0.481	0.226	0.6287	1.992	1.9949	1.9931	9.98	9.98	10.02	545.6476	1335.9593	1050.2478	17.6287	14.0827	18.6785	36.678	41.119	42.001	0.0761	0.0854	0.0842	1.2873	1.2833	1.28	452.0	424.0	417.0
NA19103	NA19101	NA19102	YRI	472.71	493.56	593.58	467.6	480.295	589.794	552.46	568.67	683.42	170.4	198.18	278.08	25.4339	25.5279	24.4815	10.7793	11.5655	0.8754	37.9456	51.3381	34.0083	73.1635	64.1701	61.9394	12.4698	10.9926	12.4685	137.5586	144.0761	142.9358	3.2364	3.1787	3.3473	0.7231	0.6608	0.8125	0.8465	0.8409	0.8704	0.2678	0.2566	0.2546	0.8643	0.326	0.2902	2.009	1.9948	1.998	10.0	10.14	9.96	584.8606	631.3677	825.1566	28.6698	14.4024	41.6939	38.406	34.911	35.963	0.0756	0.104	0.1044	1.3226	1.2392	1.2594	439.0	454.0	424.0
NA19109	NA19107	NA19108	YRI	523.2	429.82	558.01	522.191	429.133	544.04	610.33	429.32	670.42	335.31	200.43	346.5	21.7845	22.5501	27.6122	1.9879	11.0671	2.7705	52.5123	66.2753	49.3878	56.8163	67.1621	55.2298	11.8496	11.9206	12.0572	137.0385	146.387	138.8703	2.6657	3.5427	2.7371	0.3857	0.3901	0.4841	0.799	0.9268	0.8207	0.2436	0.2486	0.2508	0.3066	0.3307	0.3552	1.9945	2.0069	2.0035	10.21	10.0	10.13	465.1899	621.315	776.0605	30.0704	25.07	54.9896	38.296	36.743	35.41	0.0708	0.0987	0.0704	1.3279	1.0791	1.3222	453.0	436.0	431.0
NA19115	NA19113	NA19114	YRI	560.94	436.21	504.62	549.124	438.862	503.048	666.37	448.48	529.54	182.56	159.53	180.29	19.6892	20.9138	23.5241	1.4404	11.1244	2.1957	48.4476	47.9664	50.8615	73.9344	72.2423	71.3812	12.3876	14.3912	12.5378	152.5985	148.9553	149.1009	3.5781	2.9126	3.1623	0.631	0.631	0.43	0.8716	0.9255	0.8671	0.2621	0.2566	0.2504	0.5324	0.1782	0.2868	1.9962	1.9886	2.0005	10.13	10.29	10.05	747.9224	573.1005	552.8057	93.1649	65.0464	64.0789	38.416	36.201	34.47	0.0643	0.0869	0.0841	1.3285	1.0756	1.1407	452.0	434.0	438.0
NA19120	NA19119	NA19116	YRI	447.31	493.95	576.47	441.507	481.693	565.096	524.16	567.64	683.49	255.4	249.23	186.41	23.509	29.2228	19.5063	10.6665	9.9541	1.3875	54.5114	48.5382	45.23	89.8259	96.4627	63.0772	10.6207	11.2952	12.2501	150.6211	156.7262	146.1458	2.5666	2.6249	2.3405	0.7045	0.6013	0.6806	0.8259	0.8405	0.8759	0.2417	0.2339	0.2431	0.3941	0.4843	0.3052	1.9958	1.9903	1.9934	10.09	10.03	10.02	720.7251	883.3466	940.3091	20.8997	22.3077	34.3567	32.784	34.212	38.379	0.0981	0.0782	0.0872	1.2645	1.24	1.2746	457.0	436.0	437.0
NA19123	NA19121	NA19122	YRI	496.94	447.03	505.95	497.553	446.354	507.489	579.15	455.79	533.45	168.18	202.58	174.5	28.9902	27.5337	22.3613	13.0601	13.3887	1.2223	60.5323	64.8679	50.0966	85.7543	79.903	54.2571	11.655	11.7009	10.1729	141.0445	146.8163	127.3422	3.0532	3.0332	2.3333	0.6139	0.6948	0.5867	0.8692	0.8383	0.8042	0.2605	0.2319	0.2257	0.3439	0.5402	0.4388	1.9859	1.9932	2.0007	10.18	10.01	10.24	720.8282	631.7988	656.3276	33.33	25.9269	15.3291	35.956	34.321	37.709	0.0691	0.0927	0.0741	1.2813	1.1024	1.1946	439.0	431.0	445.0
NA19129	NA19128	NA19127	YRI	457.03	420.7	500.36	449.021	416.867	496.669	534.47	494.01	589.04	171.33	146.89	334.62	21.1789	24.8878	23.059	1.1361	12.303	1.019	45.5624	36.8728	52.1596	58.1614	76.0562	52.0301	12.8104	12.1825	11.541	139.0491	147.3327	132.3518	2.9672	2.1511	3.1383	0.4332	0.482	0.5084	0.9357	0.8181	0.94	0.235	0.2398	0.2513	0.7372	0.4912	0.5144	1.9979	1.9927	1.9909	9.89	9.82	10.05	914.1955	808.0072	601.8448	82.6105	32.9667	50.4012	39.077	36.829	36.641	0.0805	0.0724	0.073	1.2463	1.2776	1.2957	418.0	454.0	448.0
NA19132	NA19130	NA19131	YRI	353.52	353.37	421.9	353.397	352.428	427.804	391.14	381.65	480.44	91.87	119.49	154.19	20.7593	23.342	21.3577	0.9477	10.0833	1.1213	56.0082	45.4905	53.0164	74.9957	79.401	75.1345	13.9172	13.7905	10.8276	139.8189	139.6847	155.0402	2.499	2.6096	2.8616	0.5936	0.5435	0.6729	0.8424	0.8111	0.8064	0.2701	0.258	0.2565	0.4835	0.3204	0.2985	2.0102	1.9901	1.9781	9.71	9.91	10.06	761.8844	715.9243	982.3227	28.8055	12.7624	28.232	34.901	37.361	44.234	0.0915	0.1039	0.1132	1.2248	1.1535	1.2406	453.0	436.0	435.0
NA19139	NA19138	NA19137	YRI	503.66	517.05	571.7	502.195	510.381	565.962	579.14	599.46	665.52	189.68	173.77	169.85	23.9148	20.2258	34.098	9.3211	10.8136	0.873	54.9113	51.1637	66.1834	90.8695	88.3099	53.8839	11.7833	12.8407	12.7635	138.3287	148.5206	145.4593	3.0254	3.4879	2.7735	0.6014	0.6694	0.6366	0.8076	0.9473	0.8344	0.2245	0.2369	0.2406	0.4129	0.3928	0.4321	2.0112	1.9939	1.991	10.08	10.01	9.99	576.8651	1101.7283	746.6377	12.353	15.151	13.5201	37.378	36.74	35.336	0.0768	0.0788	0.0869	1.2944	1.2186	1.2558	451.0	422.0	436.0
NA19142	NA19141	NA19140	YRI	581.57	495.72	580.7	572.005	495.185	585.936	698.87	580.26	662.07	157.19	169.38	295.12	19.0337	20.0171	24.0473	10.5842	10.3336	1.1448	47.1078	57.8001	48.7776	74.8237	79.6561	58.3333	10.8401	12.7176	11.2183	147.4156	141.5933	158.6938	3.0257	2.9648	2.7497	0.6295	0.6123	0.6129	0.8361	0.8768	0.8254	0.2338	0.2372	0.2258	0.4067	0.3514	0.5238	1.9845	2.0	1.9999	10.12	9.86	9.93	744.7551	1367.1396	941.3019	20.3315	12.928	34.0903	32.228	32.383	35.497	0.0959	0.0629	0.0654	1.3008	1.2471	1.2419	456.0	423.0	451.0
NA19145	NA19144	NA19143	YRI	585.59	384.13	623.91	571.0	378.292	618.207	683.82	443.68	742.49	192.91	145.72	192.56	16.2404	35.3585	17.2378	14.3094	13.7714	1.9414	36.0108	54.0589	35.2531	92.9853	76.6381	64.874	10.8644	11.7729	9.8255	145.1884	148.707	132.7541	3.2976	2.9724	2.5623	0.8424	0.7259	0.7967	0.8498	0.8825	0.8545	0.2526	0.2511	0.2136	0.3237	0.1538	0.4594	1.9982	1.9996	2.0045	10.05	9.96	10.13	560.9186	934.032	719.7934	24.8844	82.4257	22.0203	37.774	37.896	35.691	0.0777	0.107	0.0956	1.2817	1.2641	1.3162	432.0	440.0	438.0
NA19148	NA19146	NA19147	YRI	543.53	453.22	480.55	534.132	451.459	476.874	652.5	525.08	552.63	167.97	152.59	155.32	22.3487	22.9	25.6584	0.8574	11.1493	0.8907	52.2131	54.2308	46.8925	68.9932	72.1939	57.342	13.4323	13.3669	10.5792	140.0194	142.5713	134.858	3.1998	2.7091	2.7777	0.6761	0.5071	0.6124	0.8284	0.7912	0.7981	0.2504	0.225	0.2434	0.6011	0.2712	0.5269	1.9886	2.0059	1.9897	10.06	10.03	9.97	1068.624	867.548	881.5909	16.016	28.1682	10.9423	33.361	37.171	37.161	0.0671	0.1067	0.1098	1.3659	1.282	1.2491	441.0	436.0	435.0
NA19151	NA19150	NA19149	YRI	571.8	840.89	483.45	559.71	826.968	481.731	677.09	998.04	551.1	241.52	185.08	262.71	27.219	23.0818	27.3178	2.3935	16.5931	2.4451	63.7973	46.0387	53.389	58.9824	81.9674	56.3766	8.1674	10.608	9.7614	149.2907	144.0368	144.5211	3.1598	2.6042	3.0255	0.9289	0.8161	0.7055	0.8064	0.792	0.8108	0.2365	0.2505	0.2275	0.4768	0.5352	0.2685	1.9893	2.0104	2.0021	10.14	10.82	10.05	648.7624	669.1512	577.3681	36.0603	42.136	52.4318	37.459	33.628	36.237	0.0709	0.087	0.1038	1.2881	1.3164	1.2223	451.0	448.0	425.0
NA19154	NA19153	NA19152	YRI	442.71	430.86	785.16	437.501	424.226	768.533	524.18	490.28	918.92	346.28	357.7	181.01	22.918	19.5849	26.529	11.0818	10.7951	1.671	50.0686	50.2829	49.4418	76.6899	77.099	70.5938	12.8071	12.7825	11.3601	138.2947	147.7259	139.8378	3.8645	3.6481	4.2043	0.6192	0.478	0.5132	0.8517	0.8333	0.8164	0.2529	0.2521	0.2418	0.4322	0.2751	0.5842	1.9862	1.9999	1.9906	10.06	10.13	9.99	798.7246	1055.1445	943.5085	21.9558	91.5788	21.0671	36.171	38.658	38.34	0.0704	0.0907	0.0919	1.3217	1.2211	1.26	449.0	428.0	423.0
NA19161	NA19160	NA19159	YRI	382.2	498.53	496.03	375.085	487.278	488.063	463.81	594.28	570.77	222.15	165.92	204.54	26.7131	29.9744	19.837	11.2054	11.4266	1.0596	57.7723	51.381	54.2632	76.2047	74.824	48.1496	13.3153	14.2544	11.1183	144.3847	156.576	142.3568	2.9985	3.0973	2.9461	0.6311	0.6868	0.768	0.9713	1.0132	0.8573	0.254	0.2557	0.2401	0.72	0.211	0.5345	1.9921	2.0009	2.0127	9.84	9.94	9.87	969.5822	1126.0494	924.4249	89.2751	30.2856	29.9223	38.416	34.975	38.166	0.0691	0.0731	0.0802	1.3226	1.2877	1.2658	444.0	430.0	434.0
NA19173	NA19171	NA19172	YRI	498.82	492.36	572.72	487.571	482.401	573.049	599.64	585.04	642.23	175.58	151.74	154.33	32.7642	30.0596	27.2889	10.7789	10.9508	0.7082	67.9108	66.5956	59.9792	69.1957	74.4745	53.2174	11.0085	10.8568	10.3015	136.8879	142.2088	140.4672	3.6717	2.6744	3.8624	0.7394	0.7454	0.6193	0.8066	0.8961	0.8493	0.2608	0.2469	0.2235	0.389	0.6219	0.2093	1.9943	2.0016	1.9939	9.96	9.89	10.07	745.9867	961.1675	1223.5035	126.9897	129.9488	9.079	34.28	33.053	35.394	0.0658	0.0621	0.1006	1.3568	1.2708	1.2225	443.0	432.0	439.0
NA19174	NA19117	NA19118	YRI	529.17	558.72	482.03	524.794	565.23	473.335	595.65	577.1	559.03	236.41	226.36	225.56	23.2049	19.6979	28.8494	11.6079	10.8226	2.1011	39.9541	36.711	40.3088	68.2139	74.9869	51.0476	10.3134	10.7439	12.1725	129.46	141.4679	153.276	3.3723	3.6298	3.2179	0.6348	0.7017	0.6004	0.8583	0.842	0.8925	0.2493	0.2341	0.2434	0.642	0.5336	0.4978	2.0017	1.9937	2.0003	10.15	10.19	9.92	665.9922	669.8538	1008.1069	17.1885	44.5571	67.7447	36.59	34.942	40.775	0.0815	0.0895	0.0708	1.231	1.0982	1.268	433.0	429.0	429.0
NA19177	NA19175	NA19176	YRI	463.3	551.5	402.03	456.7	545.364	400.863	547.91	624.37	464.88	286.77	263.83	255.24	23.5086	22.3501	24.3464	10.3822	10.651	0.859	52.7374	62.3781	47.05	74.3217	70.3225	61.749	11.3559	9.8996	11.2985	152.997	141.2715	135.0026	3.0139	3.3705	3.3207	0.6686	0.7749	0.5448	0.7948	0.8665	0.7297	0.2605	0.2306	0.2275	0.3921	0.7846	0.1633	1.9996	1.9861	2.0035	10.15	9.72	10.35	770.3639	831.883	1051.5017	107.4362	22.3413	53.2272	38.55	41.224	35.66	0.0812	0.0867	0.0976	1.2827	1.2252	1.259	447.0	429.0	441.0
NA19186	NA19184	NA19185	YRI	473.23	479.24	425.61	465.103	469.889	423.926	563.94	546.53	475.84	196.2	182.55	140.28	29.6525	32.5285	25.0918	9.011	9.6568	0.9375	51.7884	50.3658	48.9754	80.3931	86.4982	55.7611	12.6808	13.0786	10.7207	137.0952	135.5134	133.5309	2.8424	3.0603	2.5499	0.6599	0.7482	0.6625	0.8434	0.9426	0.8273	0.2572	0.2305	0.2372	0.7054	0.654	0.2605	1.9939	2.0136	1.9949	10.17	10.09	10.04	911.1359	741.9071	667.2415	186.4076	70.398	45.5737	37.659	34.09	41.978	0.0749	0.0991	0.0959	1.3007	1.206	1.2383	447.0	417.0	437.0
NA19191	NA19189	NA19190	YRI	413.36	377.71	508.09	413.895	374.215	499.119	465.22	434.95	579.97	269.43	204.66	264.09	31.9488	24.3312	29.1085	12.8232	13.3429	1.1495	61.7626	60.6454	54.6072	79.3528	87.1502	62.6277	11.9745	12.1737	11.2969	152.8656	138.1266	151.2278	3.1136	3.0478	3.113	0.6513	0.6472	0.7391	0.9178	0.8956	0.8826	0.2499	0.2531	0.2323	0.6134	0.3799	0.4709	2.0022	1.9945	1.9877	10.08	10.01	10.01	667.5851	659.2115	670.8235	64.3524	60.311	11.943	37.182	33.382	43.12	0.0646	0.0923	0.085	1.2273	1.2289	1.2176	446.0	419.0	433.0
NA19199	NA19198	NA19197	YRI	490.42	385.73	381.27	489.148	385.979	369.987	583.61	429.37	444.69	196.38	187.56	159.89	22.5061	20.8152	22.373	0.9578	9.8619	0.8375	71.0534	44.9038	68.483	57.4086	70.0745	56.8931	12.1802	11.5466	11.7027	134.369	136.4753	146.4768	2.6103	2.8887	3.0733	0.6618	0.4855	0.5904	0.9086	0.8704	0.8781	0.2525	0.2663	0.2342	0.6138	0.388	0.3631	1.993	1.999	2.0012	10.18	10.05	10.03	579.8251	676.8697	890.4472	63.1336	77.1981	29.9124	36.982	39.752	37.52	0.0709	0.0606	0.119	1.3061	1.1955	1.2452	446.0	436.0	412.0
NA19202	NA19200	NA19201	YRI	560.46	380.78	491.71	545.874	375.033	486.591	667.97	426.94	530.14	188.98	149.27	194.79	16.433	15.9684	16.4075	1.4739	11.2802	1.6671	61.6308	50.045	51.0067	70.2646	99.0713	63.3129	12.3284	12.3366	9.8088	134.1038	134.2044	139.4148	3.5265	3.1607	3.3866	0.6703	0.7046	0.5447	0.9873	1.0143	0.8724	0.2537	0.2709	0.2182	0.4856	0.6692	0.4377	2.001	2.0081	2.0012	9.95	9.84	9.95	707.2336	900.5464	700.8779	71.4914	8.2416	45.7334	33.893	35.303	34.308	0.0718	0.0954	0.0707	1.3229	1.1989	1.1546	447.0	414.0	422.0
NA19205	NA19203	NA19204	YRI	460.51	447.37	515.1	452.726	437.874	504.031	547.27	525.82	579.17	162.32	155.1	233.92	28.2291	27.3725	19.3496	10.9492	10.8641	0.9091	43.0332	45.4992	48.9636	92.0177	90.4249	63.8677	11.3631	11.7205	11.5111	149.2341	149.8003	144.2609	2.8096	3.039	2.7045	0.7717	0.7249	0.7134	0.8101	0.8198	0.8515	0.2533	0.2603	0.2461	0.3399	0.5627	0.2977	1.9936	1.9893	1.9716	10.05	9.94	10.04	937.9914	1067.1529	936.2274	34.0418	51.3772	32.1525	34.451	37.248	38.133	0.0938	0.0765	0.0996	1.3024	1.2749	1.2176	452.0	456.0	432.0
NA19208	NA19207	NA19206	YRI	781.0	611.38	592.36	771.15	608.389	585.378	901.73	660.05	677.76	253.61	201.32	208.74	17.0547	20.2101	20.1985	10.4836	11.2919	1.3604	47.7184	56.5253	51.7121	97.3205	81.1677	54.1288	11.5047	11.6089	10.8415	124.1976	141.3041	136.2956	3.099	3.3612	2.7425	0.4889	0.5567	0.4125	0.9034	0.7997	0.8188	0.2386	0.2379	0.2308	0.4603	0.3038	0.3952	2.0261	1.9849	1.9872	9.73	10.07	10.17	733.0096	476.9136	1229.1525	8.8848	22.4221	29.9271	37.107	39.177	37.532	0.1038	0.089	0.0813	1.2503	1.1701	1.2356	444.0	431.0	431.0
NA19211	NA19210	NA19209	YRI	513.5	913.93	475.9	512.631	905.944	469.336	583.64	1077.83	536.46	175.53	204.59	252.75	20.0458	18.9585	25.7466	10.8651	10.9702	1.9621	59.6362	44.2655	57.1072	76.0618	81.9337	67.5542	12.2351	12.438	11.9606	135.0244	146.0665	149.5148	3.2221	2.8129	3.779	0.6988	0.8252	0.6705	0.8272	0.7962	0.8534	0.2494	0.2298	0.2662	0.3357	0.4947	0.524	2.0017	1.9795	1.9933	9.81	10.15	9.85	653.4486	1218.6298	865.0256	22.1968	16.2433	14.6278	38.102	38.135	41.46	0.0605	0.0795	0.0829	1.2448	1.2885	1.2069	435.0	431.0	418.0
NA19215	NA19213	NA19214	YRI	596.96	523.02	660.02	593.626	512.841	658.538	655.79	590.09	813.1	494.41	521.61	190.67	23.931	20.1855	20.4057	0.9456	11.643	0.7308	56.3906	44.772	41.4487	53.1452	75.9656	51.939	12.4218	11.8732	10.3535	142.623	144.7075	109.3522	3.2426	2.9633	3.723	0.6217	0.7877	0.5018	0.8546	0.8559	0.7505	0.2293	0.2467	0.1986	0.503	0.4366	0.4467	1.9946	2.0058	1.9707	10.19	10.07	10.37	666.1154	855.7845	1281.9626	23.9632	62.135	46.1275	36.224	34.558	46.96	0.0657	0.0998	0.0735	1.1903	1.2067	1.3421	435.0	415.0	426.0
NA19221	NA19223	NA19222	YRI	714.97	600.92	626.02	705.045	596.523	620.301	846.9	688.27	728.0	180.02	186.45	170.39	18.6	21.111	20.247	1.425	10.9043	1.372	47.923	48.0444	46.3199	56.3653	74.066	51.5349	14.9534	12.5416	14.596	140.0706	132.5943	133.375	3.2539	3.5101	2.6149	0.5909	0.5882	0.5413	0.8661	0.757	0.865	0.2648	0.2535	0.2665	0.3211	0.3635	0.4003	2.0005	1.9989	1.9964	10.17	9.87	9.92	685.9885	922.3266	964.1456	28.3586	16.1966	26.5905	36.517	39.328	37.835	0.076	0.0879	0.0896	1.2942	1.2229	1.2441	453.0	422.0	439.0
NA19224	NA19226	NA19225	YRI	543.73	637.29	592.24	539.267	629.927	584.051	637.61	734.28	663.29	391.77	153.85	339.82	23.1947	18.432	23.5926	11.1037	0.9208	1.4151	50.4175	38.3472	53.7495	77.6991	55.1502	62.872	12.3626	12.0735	11.5911	153.0254	141.2006	153.7959	3.1574	3.2288	3.1652	0.5613	0.7171	0.5744	0.7582	0.7845	0.8265	0.2337	0.221	0.2272	0.456	0.3471	0.4395	1.9981	1.9873	2.0007	10.06	9.98	10.05	565.1749	927.7522	769.9759	57.2746	41.7204	32.9031	37.477	37.664	35.67	0.0708	0.0622	0.1044	1.2882	1.2361	1.1851	449.0	444.0	436.0
NA19237	NA19236	NA19235	YRI	598.46	475.8	386.09	593.483	473.813	388.0	698.81	522.05	399.14	185.41	166.7	201.8	24.2858	21.5671	24.9302	1.3104	10.4291	1.2163	44.4473	52.4879	40.0868	68.9204	74.423	56.5345	14.6984	12.6193	11.5538	143.9539	140.7593	146.7285	3.3374	3.0934	2.9969	0.8196	0.8682	0.598	0.8581	0.8216	0.7769	0.2418	0.2374	0.229	0.6224	0.4276	0.4275	1.9999	1.9997	2.0014	9.97	9.9	9.87	645.6159	705.0882	458.1883	48.5555	29.8657	35.5966	37.656	39.042	34.8	0.0654	0.1255	0.0815	1.2867	1.1831	1.1396	452.0	441.0	434.0
NA19240	NA19239	NA19238	YRI	531.31	579.18	513.42	522.279	574.129	505.11	633.54	649.4	602.58	200.88	231.1	129.61	21.8171	22.697	22.0835	1.3075	13.8292	1.1847	47.2511	62.5628	46.9498	65.9324	81.5623	64.7747	10.8299	12.1842	11.1772	137.6014	144.1256	149.011	3.0006	2.7877	2.8384	0.485	0.4677	0.6901	0.8316	0.8586	0.8994	0.248	0.2415	0.2458	0.3997	0.3893	0.2449	1.9932	1.991	1.9983	10.01	9.9	10.03	983.7856	861.4688	775.627	97.5325	30.2954	43.4777	35.702	35.961	46.009	0.0706	0.1113	0.0872	1.3069	1.198	1.2295	452.0	426.0	428.0
NA19249	NA19248	NA19247	YRI	469.46	669.33	570.09	461.954	662.14	561.858	542.67	790.41	644.83	174.53	216.7	215.5	19.786	21.2345	19.3349	11.4645	11.4573	1.1019	47.0297	57.3226	49.647	89.5725	96.0705	70.8603	13.819	13.102	11.1518	147.4541	143.4167	152.1725	2.9231	3.2784	2.286	0.4873	0.4872	0.5861	0.9068	0.89	1.0577	0.2508	0.2673	0.2359	0.2537	0.535	0.5302	1.9995	2.0135	1.9999	9.98	10.07	10.23	755.892	691.0894	648.1429	52.9369	31.8793	64.5887	35.414	39.03	33.983	0.0978	0.0798	0.0953	1.2435	1.2601	1.2273	452.0	424.0	413.0
NA19258	NA19256	NA19257	YRI	576.24	554.86	482.06	566.003	540.597	476.945	687.05	635.43	575.98	206.57	337.69	147.56	27.3817	27.2218	27.4307	9.875	9.8435	1.2714	44.8245	48.7554	47.2058	74.9932	83.856	58.0468	10.6111	10.8484	12.1578	140.6052	144.8121	143.5558	2.7885	2.5549	3.3977	0.6792	0.8326	0.6207	0.7574	0.8781	0.7867	0.2248	0.2309	0.2423	0.4865	0.4576	0.2707	1.9989	2.0006	1.9971	9.92	9.94	10.24	749.5951	752.8844	756.3817	22.5736	52.9285	52.9582	37.831	33.203	40.119	0.0692	0.0784	0.0818	1.2888	1.2084	1.2822	449.0	432.0	417.0
NA19650	NA19649	NA19648	MXL	412.9	486.46	269.69	415.761	480.129	269.021	458.07	551.27	310.17	222.47	196.44	133.82	14.6526	21.9684	15.1824	10.4455	10.701	1.0192	45.0426	55.3517	39.1397	76.905	71.2016	64.4784	10.1512	12.1417	10.778	145.923	147.0697	139.2274	2.9533	2.8863	3.3904	0.6734	0.4705	0.8662	0.869	0.7743	0.9159	0.265	0.2529	0.2549	0.3924	0.2687	0.529	1.9963	1.9876	2.0	9.96	9.96	9.92	609.809	780.547	841.5048	20.2645	36.5948	115.3275	38.033	33.594	37.302	0.0595	0.1018	0.1044	1.2307	1.2108	1.2595	444.0	438.0	413.0
NA19653	NA19652	NA19651	MXL	455.77	377.27	436.2	450.869	369.954	428.906	517.72	440.75	519.52	290.77	163.68	240.44	13.0164	15.4704	19.2722	2.1834	11.2968	2.2067	50.6729	51.7898	57.2993	53.6323	75.5275	62.6392	11.6901	12.3196	10.1636	148.4032	148.902	144.9327	3.5819	2.8917	3.694	0.5906	0.5293	0.562	0.8528	0.9468	0.8628	0.2638	0.2634	0.2607	0.3827	0.3755	0.5461	1.9996	2.0148	1.9994	10.19	10.17	10.0	695.9618	1030.0834	770.1606	93.3969	50.9791	16.6218	36.713	36.416	34.778	0.0656	0.111	0.1093	1.2566	1.2675	1.2504	441.0	413.0	415.0
NA19656	NA19655	NA19654	MXL	688.91	511.1	589.69	688.539	510.761	580.743	763.94	537.99	688.44	176.52	196.45	193.24	14.8035	15.1585	14.193	1.5331	7.6708	1.5321	43.6867	49.1961	48.6517	59.5322	65.2946	61.76	13.933	13.3557	10.423	148.7776	140.7478	144.0115	3.2792	2.6807	3.3902	0.5347	0.4606	0.7387	0.8304	0.858	0.8974	0.2561	0.2293	0.2468	0.3777	0.1751	0.3721	1.9952	1.9975	1.9978	10.11	10.33	10.02	683.7827	471.5014	473.6964	11.7486	26.014	10.1412	37.499	38.073	36.037	0.0721	0.0854	0.0987	1.1943	1.2183	1.2607	445.0	435.0	430.0
NA19659	NA19658	NA19657	MXL	641.18	572.52	532.67	640.562	561.998	529.503	721.66	676.33	616.26	187.43	258.5	127.8	15.5465	12.8323	20.4029	1.4079	10.0602	1.5161	51.7161	53.2524	42.31	55.4878	72.5892	59.6445	13.1873	14.0433	10.0906	155.4053	161.1207	147.8513	2.9793	3.097	2.5303	0.684	0.7953	0.6742	0.8003	0.8602	0.8068	0.2186	0.2401	0.2312	0.3399	0.3408	0.4777	1.9914	1.9922	1.9895	10.05	9.88	10.19	550.1244	623.3569	561.5946	45.0489	9.8482	97.2228	36.156	37.071	33.034	0.0664	0.1079	0.0891	1.2144	1.2819	1.231	435.0	399.0	407.0
NA19662	NA19661	NA19660	MXL	435.53	421.35	383.12	437.892	412.507	384.091	484.39	504.83	431.93	216.87	275.25	179.56	23.6638	22.1442	20.6077	1.5945	10.9975	1.2074	52.6211	49.3256	44.0074	58.8819	76.7982	50.8291	11.8508	10.9065	14.6061	149.6151	143.7692	153.555	3.512	3.02	2.893	0.615	0.8073	0.6611	1.0785	0.9025	1.082	0.2474	0.2649	0.2626	0.2926	0.2462	0.2914	1.9934	1.9963	2.0006	11.53	10.67	11.28	689.1482	1028.9621	821.5477	19.7713	19.3277	16.1072	37.028	36.198	37.109	0.0667	0.1033	0.065	1.2199	1.2893	1.237	447.0	423.0	440.0
NA19665	NA19664	NA19663	MXL	607.72	584.14	548.52	602.607	578.76	545.904	683.12	690.11	603.24	164.68	178.72	173.78	18.6447	22.5172	19.0032	1.3295	11.6182	2.0889	55.5647	72.425	53.2116	57.3787	80.1204	62.2628	9.8334	12.2626	11.7539	155.9541	146.7034	159.582	3.2384	3.1165	3.1207	0.8103	0.7106	0.7208	0.8196	0.9467	0.7944	0.2506	0.2662	0.233	0.4102	0.4481	0.5032	1.9854	1.9909	2.0026	10.21	10.03	10.08	642.5106	688.0412	450.7382	52.164	11.5925	65.8157	35.917	34.251	33.139	0.0729	0.1072	0.0942	1.2362	1.2956	1.2066	442.0	414.0	417.0
NA19671	NA19670	NA19669	MXL	396.13	373.12	398.23	392.134	368.762	407.617	462.12	424.88	402.75	129.87	224.33	151.45	15.2679	14.8361	18.75	1.644	10.4653	1.727	56.8053	48.233	54.5074	48.5727	66.59	45.7212	11.2075	9.4363	12.4641	150.1567	152.8885	141.4927	3.1074	2.6209	3.2164	0.6041	0.7052	0.5573	0.8289	0.8022	0.8866	0.2538	0.2462	0.2319	0.3744	0.2785	0.2439	2.0101	1.9821	1.9901	9.87	10.06	10.24	663.5293	1028.1335	603.9206	101.2134	19.0091	25.5237	37.026	38.46	35.374	0.0695	0.0995	0.0816	1.2536	1.2433	1.1153	441.0	447.0	435.0
NA19675	NA19679	NA19678	MXL	502.67	343.01	452.57	518.909	345.232	437.46	614.61	340.22	510.01	154.85	195.82	187.57	16.5447	19.052	15.8012	1.2936	10.5974	1.7456	40.6263	56.8558	47.6126	52.6849	63.7247	65.6356	9.6881	9.5951	9.2721	121.5728	137.3462	149.976	2.9851	2.921	2.8715	0.7666	0.7295	0.7627	0.8457	0.8013	0.8459	0.2134	0.2214	0.2424	0.3503	0.1942	0.3106	1.993	1.9951	2.0006	10.4	10.02	9.94	947.9415	613.1862	850.1456	48.9851	66.8519	54.4528	39.524	36.883	49.792	0.0751	0.096	0.0885	1.3739	1.07	1.2039	450.0	437.0	431.0
NA19677	NA19676	NA19675	MXL	538.16	462.96	502.67	535.72	466.243	518.909	610.84	513.8	614.61	210.1	145.2	154.85	22.3283	24.7978	16.5447	1.5559	17.3068	1.2936	58.9388	49.2201	40.6263	60.6012	80.4329	52.6849	10.4314	10.3805	9.6881	151.1792	138.7036	121.5728	3.5393	2.4234	2.9851	0.9235	0.6445	0.7666	0.9598	0.9394	0.8457	0.2492	0.2373	0.2134	0.2076	0.4223	0.3503	2.0002	1.9957	1.993	10.12	10.21	10.4	1224.0909	668.3889	947.9415	284.7666	5.2778	48.9851	35.302	34.668	39.524	0.0697	0.0869	0.0751	1.2379	1.2591	1.3739	440.0	430.0	450.0
NA19680	NA19679	NA19678	MXL	341.14	343.01	452.57	338.158	345.232	437.46	388.95	340.22	510.01	288.45	195.82	187.57	17.6868	19.052	15.8012	2.1668	10.5974	1.7456	56.3628	56.8558	47.6126	65.7763	63.7247	65.6356	11.6158	9.5951	9.2721	146.8973	137.3462	149.976	3.0525	2.921	2.8715	0.9035	0.7295	0.7627	0.8051	0.8013	0.8459	0.2438	0.2214	0.2424	0.1924	0.1942	0.3106	2.0097	1.9951	2.0006	10.2	10.02	9.94	720.3112	613.1862	850.1456	20.9895	66.8519	54.4528	37.281	36.883	49.792	0.0641	0.096	0.0885	1.2462	1.07	1.2039	445.0	437.0	431.0
NA19683	NA19682	NA19681	MXL	470.16	541.79	615.33	469.662	533.574	606.027	521.46	653.01	693.19	152.81	127.9	192.33	19.7494	18.9518	17.0139	2.7087	9.8171	3.055	38.6958	51.1654	42.489	56.8255	71.7219	63.6992	11.2918	11.0582	12.2491	164.3653	154.8608	157.5527	2.8009	2.9139	2.8506	0.5617	0.63	0.5839	0.8596	0.7764	0.9229	0.2555	0.2582	0.2551	0.2326	0.2618	0.3788	2.003	2.0041	2.0039	10.11	9.89	9.89	611.3012	752.8099	647.3514	24.6663	34.4102	18.4195	36.598	35.897	33.591	0.0684	0.0711	0.0822	1.2196	1.2931	1.2047	443.0	439.0	440.0
NA19685	NA19661	NA19660	MXL	366.64	421.35	383.12	366.168	412.507	384.091	429.11	504.83	431.93	230.41	275.25	179.56	19.6768	22.1442	20.6077	9.9125	10.9975	1.2074	42.7121	49.3256	44.0074	72.5808	76.7982	50.8291	11.8384	10.9065	14.6061	145.9024	143.7692	153.555	3.1316	3.02	2.893	0.8635	0.8073	0.6611	0.8139	0.9025	1.082	0.2531	0.2649	0.2626	0.3065	0.2462	0.2914	1.9893	1.9963	2.0006	10.54	10.67	11.28	666.3257	1028.9621	821.5477	42.6473	19.3277	16.1072	38.767	36.198	37.109	0.0733	0.1033	0.065	1.3294	1.2893	1.237	428.0	423.0	440.0
NA19686	NA19685	NA19684	MXL	356.7	366.64	327.82	358.637	366.168	326.1	408.65	429.11	365.47	139.88	230.41	108.56	18.5148	19.6768	18.017	1.56	9.9125	1.4299	52.2989	42.7121	50.2581	56.0559	72.5808	58.2518	11.66	11.8384	12.3185	156.0224	145.9024	160.0224	3.0516	3.1316	2.9918	0.9496	0.8635	0.8473	0.8085	0.8139	0.8155	0.2411	0.2531	0.2356	0.4024	0.3065	0.3342	2.0028	1.9893	2.0052	10.09	10.54	9.79	605.3311	666.3257	654.0296	21.8082	42.6473	23.561	36.049	38.767	36.96	0.0631	0.0733	0.0924	1.237	1.3294	1.2153	449.0	428.0	429.0
NA19702	NA19700	NA19701	ASW	591.71	520.65	568.9	593.88	512.295	562.812	664.84	580.34	633.86	204.28	215.39	127.99	18.3239	21.2008	19.6027	10.9833	11.0932	1.4398	57.3557	47.1142	57.4737	82.9963	76.3198	66.4412	13.2659	13.6982	10.1959	140.4029	143.918	142.1368	2.8853	4.0918	2.4444	0.6928	0.6987	0.7768	0.8436	0.9107	0.7788	0.2426	0.2622	0.229	0.3977	0.2763	0.2953	2.0146	1.9955	1.9791	10.08	9.89	10.12	660.5394	1187.606	981.6927	18.1835	11.2459	17.2471	37.357	37.277	37.786	0.0628	0.1066	0.1078	1.2131	1.198	1.1984	444.0	435.0	428.0
NA19705	NA19703	NA19704	ASW	680.61	550.84	595.91	692.813	550.929	590.531	784.78	632.5	660.73	260.5	274.62	171.99	24.6717	22.3243	24.8191	10.6093	10.368	1.3329	42.2006	54.2139	33.3303	79.8984	65.9333	72.9513	11.3102	11.6894	13.1431	142.3006	152.6237	146.258	3.0345	3.1003	2.8018	0.5751	0.5279	0.5224	0.8396	0.8207	0.8421	0.253	0.2508	0.2415	0.3399	0.152	0.3743	1.9903	2.0005	2.0015	10.1	10.12	9.88	962.0587	696.6275	553.0229	46.1389	28.5091	24.5184	37.775	37.683	36.019	0.0624	0.066	0.0858	1.2477	1.2106	1.2214	446.0	432.0	441.0
NA19718	NA19717	NA19716	MXL	516.41	445.8	644.67	519.487	456.574	637.959	577.63	466.8	756.67	185.39	204.41	138.32	16.3703	15.881	15.6274	2.1939	11.138	2.0869	61.7839	58.3343	63.1781	55.5221	63.4194	56.7666	12.298	9.9973	14.873	152.2799	149.7017	153.5359	2.6453	2.7172	2.8965	0.6317	0.4337	0.7385	0.8301	0.8448	0.8336	0.2407	0.2206	0.2579	0.2857	0.2476	0.2925	1.9922	2.0044	2.0099	10.07	9.98	9.98	674.7493	514.0882	748.0451	12.7561	29.6852	28.0129	36.592	37.484	35.615	0.0748	0.0807	0.1125	1.2158	1.1454	1.2731	448.0	436.0	414.0
NA19721	NA19720	NA19719	MXL	473.97	472.96	421.55	473.426	463.841	424.942	525.23	567.29	421.35	213.88	227.31	170.38	24.5325	17.8203	21.3349	2.2391	10.9422	2.1927	44.119	52.3498	47.8566	63.9167	73.754	59.847	10.7494	11.7198	11.0419	147.7506	143.6812	143.3487	2.9277	2.7672	3.3991	0.5497	0.6989	0.4935	0.8592	0.8299	0.8534	0.2317	0.2503	0.2216	0.4152	0.5058	0.2798	2.0063	2.008	1.9949	10.25	9.9	9.94	740.3292	1396.3358	481.8388	19.7038	19.0051	13.6268	36.059	40.723	38.228	0.071	0.0803	0.0908	1.1817	1.2621	1.0739	447.0	429.0	433.0
NA19724	NA19723	NA19722	MXL	560.54	561.79	474.76	560.808	562.299	469.54	611.03	626.02	519.27	138.42	85.1	202.99	20.5623	16.0054	23.0038	13.3924	13.3609	1.8644	56.3631	53.1924	45.7377	82.9863	77.5433	61.9757	11.4117	10.582	10.7449	146.7647	134.8123	153.3776	3.4223	3.1965	2.4377	0.6851	0.6895	0.5781	0.8643	0.8133	0.7962	0.2445	0.2296	0.2408	0.3946	0.4307	0.2962	2.0094	1.9877	1.9936	10.12	10.07	9.97	594.258	866.7369	782.3297	21.8963	28.7307	23.4459	37.063	37.159	35.585	0.0639	0.109	0.1059	1.2099	1.1941	1.1483	447.0	435.0	436.0
NA19727	NA19726	NA19725	MXL	445.83	413.67	490.13	446.482	413.859	482.233	495.87	456.43	555.88	141.1	183.46	147.73	18.2221	17.6581	20.5442	11.6392	11.5188	1.5362	61.0977	62.8133	49.73	79.3746	77.7523	71.82	13.7277	13.6973	9.0995	143.1185	140.8704	136.5809	3.4845	3.4386	2.9747	0.6668	0.627	0.4578	0.8749	0.9011	0.8644	0.2383	0.2454	0.2243	0.3233	0.3011	0.3361	2.0008	2.0056	2.0017	10.13	10.19	10.19	649.2708	856.8372	642.4268	46.6659	31.5	30.2945	37.122	37.278	34.154	0.0616	0.1019	0.0995	1.2258	1.1917	1.2499	447.0	439.0	410.0
NA19730	NA19729	NA19728	MXL	391.27	440.0	566.92	392.975	433.666	564.545	441.37	527.56	611.9	253.6	264.03	146.96	16.4784	20.2982	16.5665	1.9977	8.6148	2.0525	50.8628	67.0398	49.7413	52.8012	60.2445	53.8495	11.4748	12.7863	9.656	154.9345	154.6792	152.6695	2.6855	3.1523	2.823	0.7259	0.5706	0.8058	0.7287	0.8415	0.7548	0.2216	0.25	0.2185	0.5056	0.4108	0.4264	1.9964	1.9957	1.9921	9.14	10.09	8.95	793.1297	620.465	927.0574	10.8139	10.0077	13.442	36.369	36.009	37.597	0.0635	0.1061	0.1175	1.2455	1.3031	1.1552	448.0	414.0	440.0
NA19733	NA19732	NA19731	MXL	429.96	288.83	475.54	428.731	281.679	471.686	487.35	346.6	552.55	146.01	152.03	182.98	22.923	19.3363	28.693	1.2085	10.7348	1.3707	60.5139	84.9558	50.5492	62.8311	78.2097	66.3395	13.5238	12.3441	11.698	150.9009	152.4598	150.3415	3.0338	2.6031	3.6734	0.6215	0.5444	0.5916	0.796	0.9114	0.8155	0.2478	0.2471	0.2525	0.2854	0.2567	0.5783	1.9966	1.9853	1.9936	10.03	10.52	10.2	679.2094	1016.5591	713.4888	19.6456	14.5792	81.445	36.337	36.188	36.106	0.0642	0.1098	0.1081	1.2336	1.2866	1.2579	444.0	404.0	413.0
NA19748	NA19747	NA19746	MXL	288.13	475.67	554.7	283.223	498.466	546.687	325.12	562.6	653.33	253.49	223.24	186.05	19.0926	13.7398	16.7884	1.5184	11.5017	1.6061	60.1848	40.196	66.3614	52.7251	54.521	51.3019	11.0469	9.588	11.5748	148.0027	117.3547	149.4412	3.2692	2.345	2.7413	0.5275	0.6383	0.5652	0.8663	0.8202	0.7789	0.2672	0.234	0.2479	0.3333	0.3403	0.4199	1.9965	1.9829	1.9989	10.11	10.27	10.15	630.3958	844.8747	881.3294	28.9817	38.5612	20.2849	37.294	35.26	38.047	0.0638	0.0619	0.1157	1.2303	1.2712	1.2594	445.0	432.0	405.0
NA19751	NA19750	NA19749	MXL	368.73	267.37	505.12	366.778	265.189	498.701	420.4	319.33	584.04	246.76	272.84	147.74	21.0486	20.5274	20.3346	11.1049	11.4886	1.8269	53.3724	59.2895	41.9882	78.0311	82.0576	63.181	10.0142	11.1582	10.0404	154.8432	150.8103	161.7305	2.2317	2.5261	2.219	0.6112	0.7511	0.4379	0.867	0.9038	0.8631	0.238	0.2398	0.2536	0.2729	0.5595	0.3403	2.0029	1.9896	1.991	10.54	10.51	10.15	631.4173	957.6608	715.4246	64.8123	50.5101	26.4397	37.254	37.785	33.84	0.0729	0.1364	0.1064	1.2419	1.2529	1.2374	445.0	415.0	401.0
NA19757	NA19756	NA19755	MXL	585.51	610.84	653.53	584.872	609.25	646.663	651.48	734.74	747.13	142.07	131.71	146.88	19.1576	14.3558	20.7515	11.8271	12.0461	1.1193	43.5015	51.5683	65.1339	77.5998	70.8953	60.7443	11.5698	9.7578	10.1726	159.5318	149.0713	159.2393	2.4326	2.7689	2.8584	0.7684	0.7569	0.6154	0.9005	0.8878	0.8533	0.2539	0.2377	0.2385	0.3832	0.5329	0.4226	2.0034	1.9928	2.0013	10.06	9.85	10.04	688.3524	725.7791	864.8761	43.9908	13.1586	31.9218	36.55	35.818	34.499	0.0724	0.1073	0.104	1.1755	1.2884	1.2299	435.0	408.0	414.0
NA19760	NA19759	NA19758	MXL	602.82	651.74	577.11	601.87	646.416	565.919	674.97	745.66	656.34	163.14	161.31	175.67	23.6165	24.8001	19.834	1.2988	16.1432	1.3293	57.0767	62.6986	48.7793	42.6466	80.7577	54.0781	11.2708	12.8747	10.1874	146.1228	146.5128	140.201	3.1942	2.8144	2.8823	0.7274	0.6195	0.6245	0.8003	0.8686	0.7978	0.2403	0.2438	0.2492	0.3627	0.6106	0.3665	1.9935	1.994	2.0014	10.03	10.0	10.01	713.7416	640.2335	730.5366	13.0959	26.5627	43.6636	35.819	35.095	36.94	0.0706	0.0958	0.0803	1.206	1.2408	1.2539	444.0	412.0	434.0
NA19763	NA19762	NA19761	MXL	495.41	427.11	480.48	503.056	421.767	474.083	563.31	513.89	553.86	155.59	191.02	161.0	14.3192	15.8821	14.3638	1.3253	11.0714	1.7397	63.1106	62.3939	58.4517	59.2966	81.8895	73.504	12.4418	12.9675	11.7692	140.3692	140.745	151.8103	2.5437	2.7002	2.5367	0.6908	0.7223	0.7361	0.8707	0.8611	0.8098	0.2334	0.254	0.2457	0.3825	0.4994	0.2833	1.9942	1.9888	1.9919	9.1	10.09	9.01	778.6781	913.5889	656.0416	70.0313	19.443	59.0684	35.632	48.119	33.669	0.0818	0.1069	0.0897	1.2036	1.2879	1.2279	445.0	419.0	404.0
NA19772	NA19771	NA19770	MXL	432.11	400.39	656.04	430.443	393.461	648.713	495.35	462.77	776.9	106.68	152.6	118.22	30.7619	20.1738	38.6976	8.8117	9.0492	2.035	52.231	52.371	53.2613	70.9838	83.7809	66.7531	8.6677	10.7944	10.4169	156.4985	151.5367	161.2279	1.7018	3.0024	2.2729	0.7465	0.6982	0.6059	0.8207	0.9191	0.9324	0.23	0.2637	0.2222	0.4371	0.4685	0.4742	1.998	1.9977	1.995	9.96	10.08	10.81	721.2102	626.7473	670.4158	39.1758	41.2557	25.212	38.458	34.105	35.982	0.0674	0.0913	0.1023	1.259	1.2449	1.2875	442.0	416.0	416.0
NA19775	NA19774	NA19773	MXL	410.08	392.7	310.71	410.976	393.451	312.938	461.6	466.78	358.8	184.61	162.56	183.1	24.2486	19.7653	25.6687	1.2054	12.4237	1.7569	44.1255	41.8285	45.302	62.3834	84.366	65.7404	12.3554	11.8794	9.9091	148.4008	144.039	140.6964	2.9767	2.646	3.3987	0.6611	0.436	0.7083	0.9499	0.894	0.8574	0.2573	0.2723	0.2296	0.4337	0.439	0.5857	1.9984	1.9843	2.0101	9.99	10.13	10.08	783.8094	861.3923	614.3417	22.2646	41.2387	16.1124	35.964	35.707	34.734	0.0766	0.1075	0.0895	1.2075	1.2749	1.2123	441.0	419.0	410.0
NA19778	NA19777	NA19776	MXL	415.4	386.5	454.61	412.466	385.635	448.303	468.29	446.76	525.19	256.07	172.32	258.33	14.3357	15.2183	22.472	11.6041	10.8126	1.4926	63.0545	53.2368	64.3251	80.5229	74.142	70.3429	13.1002	11.3986	11.0504	153.6279	144.1528	150.6881	2.6833	3.0971	2.5979	0.5352	0.5812	0.5852	0.836	0.8725	0.851	0.2298	0.2496	0.2181	0.3039	0.4092	0.4791	1.9969	1.9971	1.9848	10.08	10.23	10.09	770.886	824.2787	651.7492	28.5894	39.7828	12.5894	37.083	37.748	36.178	0.0668	0.0998	0.1056	1.2506	1.285	1.2894	439.0	435.0	405.0
NA19781	NA19780	NA19779	MXL	401.15	440.99	440.99	393.384	436.089	448.493	481.9	497.99	490.17	165.12	141.38	206.1	23.7263	26.8261	27.3495	1.207	16.4705	1.4161	45.1807	52.4091	44.5945	55.0883	67.6527	61.4604	12.7943	9.6442	15.2754	149.4096	139.4851	149.0008	2.3771	2.8253	2.3881	0.7258	0.6353	0.5946	0.8651	0.7852	0.8748	0.2587	0.2461	0.2346	0.4256	0.2634	0.7227	1.9847	2.0039	1.9935	10.05	10.1	10.03	769.5768	858.4698	481.0098	47.7117	51.5386	175.4572	37.941	36.444	34.342	0.0669	0.1098	0.0995	1.3156	1.1883	1.236	447.0	430.0	407.0
NA19784	NA19783	NA19782	MXL	430.85	399.11	482.25	426.11	400.194	494.395	495.42	456.83	489.74	207.75	183.53	231.44	17.5246	15.4413	22.2258	10.6364	10.9333	1.1394	47.0166	51.4377	62.3205	74.2535	69.4953	60.6414	16.4459	13.9837	12.8241	145.1076	144.0984	153.8167	2.8512	2.2075	3.1282	0.5075	0.6043	0.3681	0.8692	0.8003	0.9118	0.2394	0.2286	0.2404	0.3518	0.2102	0.2709	1.9973	1.9902	2.0063	9.94	9.94	10.01	803.7454	929.5971	609.5399	31.9794	25.7042	33.7997	37.592	35.569	35.073	0.0645	0.1014	0.0782	1.2478	1.2459	1.1177	441.0	438.0	439.0
NA19787	NA19786	NA19785	MXL	556.67	459.54	496.13	558.742	449.988	495.829	621.17	535.2	554.18	193.87	135.55	171.41	20.9152	30.5816	16.7733	9.919	9.7785	1.7744	53.8302	51.8409	48.2951	69.7125	83.4408	53.3798	9.506	13.2076	8.7536	146.0473	150.4731	137.3015	2.7719	3.2808	2.6683	0.5358	0.5572	0.4943	0.7368	0.8707	0.8147	0.224	0.2565	0.2205	0.356	0.4522	0.6733	1.9927	1.9928	1.9992	9.01	10.03	9.25	724.142	450.479	817.3838	93.9771	16.1697	65.4262	36.78	36.502	36.134	0.0655	0.1105	0.1179	1.2293	1.2672	1.2261	448.0	411.0	432.0
NA19790	NA19789	NA19788	MXL	435.3	461.61	430.45	428.286	458.243	424.197	499.21	533.22	498.37	176.0	153.79	165.08	13.504	15.3922	17.0729	2.2691	9.9032	2.1241	49.9511	53.6757	46.4353	62.4767	86.4188	54.9386	12.2378	13.1052	10.9868	146.3007	140.2127	148.6582	3.0621	3.2098	3.364	0.5419	0.4258	0.5123	0.8415	0.8935	0.732	0.2524	0.2471	0.2521	0.3314	0.3398	0.2237	2.0015	1.9957	1.9987	10.04	9.12	9.77	829.8094	1301.0309	886.4398	42.573	23.4594	25.8084	35.788	34.31	35.581	0.0715	0.0934	0.0988	1.236	1.2437	1.2586	439.0	396.0	431.0
NA19796	NA19795	NA19794	MXL	518.4	457.37	447.75	521.534	449.566	445.163	590.63	517.44	500.64	189.95	187.26	198.43	19.5595	19.7801	22.9739	10.4977	10.5257	1.8262	63.9572	51.054	67.3106	64.9038	70.8056	56.5244	10.6292	11.3931	9.8409	149.9393	135.3035	144.8231	3.3308	3.9476	3.0869	0.7053	0.6516	0.6002	0.8455	0.8357	0.8904	0.2431	0.2355	0.2387	0.4073	0.4113	0.234	2.0089	2.0062	2.0019	9.98	9.89	9.9	943.3422	544.0302	814.5042	92.9509	33.6949	13.2016	37.429	37.082	41.255	0.0672	0.1259	0.1327	1.2185	1.235	1.1939	443.0	416.0	412.0
NA19828	NA19818	NA19819	ASW	410.67	479.6	458.09	403.626	481.976	450.0	476.65	546.49	534.93	112.48	199.41	178.37	17.9451	22.6392	17.7138	15.933	14.5255	2.3069	52.1554	57.6236	57.6967	81.2573	81.4321	54.3662	12.0422	11.9605	12.5892	146.9275	138.3825	145.3012	2.8145	2.8515	3.0581	0.8972	0.8731	0.5854	0.8387	0.8733	0.8811	0.2627	0.2399	0.2645	0.8378	0.3085	0.2704	2.0071	2.0017	1.985	9.78	9.93	10.04	709.3272	549.1074	1050.9454	24.4488	134.4393	80.714	37.53	36.568	37.537	0.0693	0.0818	0.0862	1.2872	1.2521	1.2828	454.0	424.0	433.0
NA19836	NA19834	NA19835	ASW	611.37	599.95	662.29	610.753	586.981	654.915	696.38	706.58	739.44	157.49	165.19	163.16	22.099	22.6133	24.2248	1.6136	10.8109	1.2074	47.8153	43.7425	42.481	59.0957	82.6964	62.2816	14.0179	12.2045	12.2243	153.3201	148.1402	151.7888	3.166	3.5957	3.5003	0.4769	0.3649	0.6774	0.8025	0.8382	0.8286	0.2516	0.2676	0.2241	0.3445	0.315	0.2953	2.0063	2.0066	2.0094	9.94	9.72	10.03	992.9362	1150.4017	541.7627	92.4063	63.4102	122.2693	35.972	47.49	46.14	0.0673	0.0992	0.082	1.2448	1.2824	1.2567	440.0	427.0	435.0
NA19902	NA19900	NA19901	ASW	314.79	433.68	352.49	310.961	434.804	356.999	353.96	463.66	397.75	234.49	176.8	212.51	22.05	23.5029	19.2373	1.0826	10.4505	1.0496	33.6162	38.395	46.2154	70.0334	79.6667	56.7778	12.2921	11.9666	12.0879	141.563	132.0667	148.6064	3.729	3.6043	2.6883	0.6667	0.6334	0.8299	0.9473	0.9113	0.7572	0.2603	0.2394	0.2438	0.4424	0.3206	0.3093	1.998	2.007	2.0002	10.23	10.25	10.05	960.2442	584.2725	469.728	19.7649	38.4276	31.28	34.951	37.617	37.455	0.0688	0.0877	0.1039	1.2245	1.178	1.2626	437.0	438.0	419.0
NA19918	NA19916	NA19917	ASW	515.0	550.46	528.98	514.972	544.289	534.698	584.79	629.2	541.77	288.06	423.16	242.68	18.5152	19.505	21.5272	11.7516	11.2907	1.3146	46.046	44.7525	50.6285	69.6406	76.4303	55.0173	11.6314	12.285	9.8075	157.6886	138.0597	154.9355	2.6585	2.7267	3.1403	0.7426	0.6269	0.7641	0.7892	0.8359	0.7674	0.2304	0.2497	0.2077	0.8597	0.3613	0.4136	1.9936	2.0019	1.9946	8.85	9.8	8.9	804.707	772.3905	720.2644	13.8168	50.2973	29.0363	36.099	46.981	36.382	0.0689	0.1069	0.0895	1.2333	1.2256	1.0979	435.0	402.0	438.0
NA19919	NA19908	NA19909	ASW	443.41	631.08	468.8	437.699	623.069	466.553	494.05	747.29	513.69	241.38	179.6	235.43	22.114	20.8237	31.7499	13.0527	14.1773	0.8725	53.993	52.7799	49.2894	79.0612	80.9999	63.3053	11.4899	11.9748	11.0486	132.589	149.5561	152.6429	3.1867	3.1542	2.9944	0.544	0.5981	0.7105	0.8685	0.8717	0.862	0.2279	0.2835	0.2219	0.3664	0.3326	0.1941	1.9932	1.9842	2.0035	9.85	10.36	10.14	623.4656	1090.6838	641.7813	17.2735	10.0727	36.214	38.291	40.436	35.653	0.0686	0.0907	0.1085	1.2708	1.2952	1.2385	447.0	428.0	426.0
NA19924	NA19922	NA19923	ASW	461.64	379.53	350.88	463.239	380.491	346.547	522.76	403.38	373.28	327.23	282.19	167.24	22.5464	17.8958	27.0794	1.144	13.6442	1.5871	48.0803	51.3086	41.1993	69.7886	70.0655	73.3913	11.9611	14.2516	11.7013	145.6004	144.302	153.2608	2.9337	2.8303	2.3149	0.4959	0.4546	0.5095	0.7941	0.7933	0.8074	0.2416	0.2455	0.2358	0.2119	0.3034	0.1549	1.998	2.0005	1.9923	10.49	10.17	10.06	965.1199	518.8548	944.3355	14.6442	53.3323	520.3697	36.366	39.084	38.488	0.0623	0.0869	0.0918	1.2095	1.0968	1.1615	444.0	437.0	438.0
NA19983	NA19982	NA19713	ASW	628.32	359.72	730.7	625.955	368.277	723.307	714.12	368.13	826.87	175.49	228.77	147.82	16.4877	16.0219	16.8723	0.8443	11.1445	1.1657	59.0805	64.3251	43.6007	57.876	70.3599	48.2119	11.0426	9.7445	10.2049	147.101	137.4571	139.8867	4.2761	3.4905	3.5655	0.7477	0.7079	0.7029	0.7914	0.7453	0.8173	0.2442	0.2104	0.2614	0.5187	0.2428	0.5492	1.9953	1.981	1.9997	10.06	8.87	9.89	865.2736	570.6404	835.5686	26.2787	14.1219	29.9124	36.204	36.205	36.552	0.0659	0.0863	0.1051	1.2522	1.1077	1.2408	437.0	438.0	425.0
NA20128	NA20126	NA20127	ASW	498.3	567.48	316.97	499.273	570.288	310.333	568.31	597.07	358.84	144.1	181.29	159.44	22.2191	20.5286	25.1184	0.7634	10.1303	1.6597	45.8148	41.1329	43.5557	59.1483	76.3315	57.6266	10.6884	10.0157	12.4719	140.7409	143.0692	142.2564	3.7873	3.8699	3.5314	0.4729	0.4033	0.7361	0.9333	0.8508	0.922	0.2459	0.2411	0.246	0.4413	0.2547	0.2625	1.9926	1.9996	1.9975	10.15	9.98	9.84	519.1175	486.2812	641.3109	83.8018	99.0535	12.2131	35.72	35.392	46.318	0.0705	0.0809	0.0947	1.2288	1.1317	1.2229	444.0	434.0	440.0
NA20129	NA19920	NA19921	ASW	452.8	452.38	519.01	451.03	448.948	515.036	507.06	467.39	576.47	209.74	332.43	223.79	18.4963	21.7681	16.946	1.6234	11.5377	1.5699	59.3712	46.3624	61.8698	66.5225	68.0429	72.4038	11.9672	10.8766	10.665	151.9308	152.1923	142.3763	2.8011	2.788	2.759	0.7779	0.6288	0.6292	0.8436	0.8038	0.8427	0.252	0.2374	0.233	0.3924	0.2412	0.3265	1.9824	1.9864	1.9944	10.02	9.94	9.93	823.4638	901.7551	823.9357	54.799	121.4242	35.7757	36.811	37.599	34.814	0.0611	0.086	0.1072	1.2464	1.096	1.2296	446.0	427.0	427.0
NA20279	NA20278	NA20282	ASW	411.62	421.43	352.41	414.727	424.873	351.935	460.15	436.86	363.66	141.67	217.16	174.46	31.5507	26.6044	30.8749	11.5549	11.7932	1.022	43.1522	61.3042	38.2365	84.3675	65.2397	59.4578	12.5498	11.7251	10.8004	150.3021	140.9665	153.6349	2.7087	3.5853	2.4986	0.6763	0.6	0.6579	0.8174	0.7945	0.8093	0.2184	0.2332	0.1988	0.3306	0.4553	0.5329	1.9891	2.0	1.998	9.98	9.82	10.12	681.8669	605.0844	753.3524	18.9549	42.9969	20.9709	36.276	35.684	34.84	0.0643	0.0877	0.0862	1.214	1.1153	1.122	442.0	436.0	430.0
NA20358	NA20356	NA20357	ASW	381.86	328.22	526.53	376.798	323.72	524.308	454.14	377.45	592.54	216.54	95.17	210.75	18.4822	21.8016	22.277	8.1053	7.6933	1.0793	40.2534	38.4017	47.2442	65.747	74.2047	66.1535	11.0074	11.8596	11.8814	145.5146	147.1297	160.3135	3.2943	3.6576	3.2581	0.7076	0.5086	0.7737	0.8725	0.8765	0.838	0.251	0.258	0.2369	0.5395	0.4083	0.2548	1.9908	1.9967	1.9891	9.87	9.85	9.86	623.9211	778.7404	650.1534	32.3905	99.7787	424.4231	39.114	37.533	37.247	0.0749	0.1082	0.084	1.2886	1.2396	1.2341	440.0	429.0	443.0
